ligand,iteration,com_distance
5uez_ligand,0,0
5uez_ligand,1,0.389473
5uez_ligand,2,0.721072
5uez_ligand,3,0.88699
5uez_ligand,4,1.24107
5uez_ligand,5,0.950556
5uez_ligand,6,1.40048
5uez_ligand,7,1.67351
5uez_ligand,8,1.62455
5uez_ligand,9,1.55057
5uez_ligand,10,1.52043
5uez_ligand,11,1.62405
5uez_ligand,12,1.40824
5uez_ligand,13,1.44091
5uez_ligand,14,1.61643
5uez_ligand,15,1.52819
5uez_ligand,16,1.65075
5uez_ligand,17,1.37526
5uez_ligand,18,1.43114
5uez_ligand,19,1.45135
5uez_ligand,20,1.72706
5uez_ligand,21,1.2779
5uez_ligand,22,1.48148
5uez_ligand,23,1.43217
5uez_ligand,24,1.50162
5uez_ligand,25,1.37468
5uez_ligand,26,1.48679
5uez_ligand,27,1.45729
5uez_ligand,28,1.50468
5uez_ligand,29,1.37064
5uez_ligand,30,1.52283
5uez_ligand,31,1.36328
5uez_ligand,32,1.44633
5uez_ligand,33,1.36037
5uez_ligand,34,1.42223
5uez_ligand,35,1.5843
5uez_ligand,36,1.63234
5uez_ligand,37,1.42739
5uez_ligand,38,1.51553
5uez_ligand,39,1.34391
5uez_ligand,40,1.50124
5uez_ligand,41,1.4226
5uez_ligand,42,1.48683
5uez_ligand,43,1.46361
5uez_ligand,44,1.50994
5uez_ligand,45,1.37774
5uez_ligand,46,1.57221
5uez_ligand,47,1.39378
5uez_ligand,48,1.47679
5uez_ligand,49,1.51291
5uez_ligand,50,1.69072
5uez_ligand,51,1.23646
5uez_ligand,52,1.41601
5uez_ligand,53,1.4438
5uez_ligand,54,1.50911
5uez_ligand,55,1.45457
5uez_ligand,56,1.53906
5uez_ligand,57,1.48365
5uez_ligand,58,1.56409
5uez_ligand,59,1.40383
5uez_ligand,60,1.39419
5uez_ligand,61,1.60854
5uez_ligand,62,1.45288
5uez_ligand,63,1.55855
5uez_ligand,64,1.41535
5uez_ligand,65,1.46762
5uez_ligand,66,1.46116
5uez_ligand,67,1.5212
5uez_ligand,68,1.42373
5uez_ligand,69,1.47688
5uez_ligand,70,1.49046
5uez_ligand,71,1.5694
5uez_ligand,72,1.44328
5uez_ligand,73,1.588
5uez_ligand,74,1.45469
5uez_ligand,75,1.51258
5uez_ligand,76,1.52217
5uez_ligand,77,1.42128
5uez_ligand,78,1.64463
5uez_ligand,79,1.40185
5uez_ligand,80,1.65531
5uez_ligand,81,1.37674
5uez_ligand,82,1.66454
5uez_ligand,83,1.22867
5uez_ligand,84,1.64366
5uez_ligand,85,1.39126
5uez_ligand,86,1.64928
5uez_ligand,87,1.32949
5uez_ligand,88,1.61413
5uez_ligand,89,1.52705
5uez_ligand,90,1.65047
5uez_ligand,91,1.34068
5uez_ligand,92,1.65383
5uez_ligand,93,1.32775
5uez_ligand,94,1.68284
5uez_ligand,95,1.21772
5uez_ligand,96,1.6413
5uez_ligand,97,1.45319
5uez_ligand,98,1.47265
5uez_ligand,99,1.50799
5uez_ligand,100,1.45886
5uez_ligand,101,1.51428
5uez_ligand,102,1.45833
5uez_ligand,103,1.50262
5uez_ligand,104,1.47245
5uez_ligand,105,1.50268
5uez_ligand,106,1.45394
5uez_ligand,107,1.53559
5uez_ligand,108,1.36178
5uez_ligand,109,1.44425
5uez_ligand,110,1.58724
5uez_ligand,111,1.44895
5uez_ligand,112,1.69333
5uez_ligand,113,1.32886
5uez_ligand,114,1.54714
5uez_ligand,115,1.6669
5uez_ligand,116,1.22671
5uez_ligand,117,1.62336
5uez_ligand,118,1.34505
5uez_ligand,119,1.61524
5uez_ligand,120,1.4365
5uez_ligand,121,1.45711
5uez_ligand,122,1.60477
5uez_ligand,123,1.4634
5uez_ligand,124,1.52348
5uez_ligand,125,1.52829
5uez_ligand,126,1.52113
5uez_ligand,127,1.40471
5uez_ligand,128,1.67583
5uez_ligand,129,1.23296
5uez_ligand,130,1.62944
5uez_ligand,131,1.46954
5uez_ligand,132,1.64206
5uez_ligand,133,1.45219
5uez_ligand,134,1.65597
5uez_ligand,135,1.33752
5uez_ligand,136,1.67043
5uez_ligand,137,1.29735
5uez_ligand,138,1.69378
5uez_ligand,139,1.20365
5uez_ligand,140,1.66162
5uez_ligand,141,1.38283
5uez_ligand,142,1.60955
5uez_ligand,143,1.52012
5uez_ligand,144,1.51759
5uez_ligand,145,1.4672
5uez_ligand,146,1.52204
5uez_ligand,147,1.42631
5uez_ligand,148,1.40434
5uez_ligand,149,1.60072
5uez_ligand,150,1.39894
5uez_ligand,151,1.66082
5uez_ligand,152,1.30334
5uez_ligand,153,1.58006
5uez_ligand,154,1.45616
5uez_ligand,155,1.43931
5uez_ligand,156,1.56977
5uez_ligand,157,1.71531
5uez_ligand,158,1.27777
5uez_ligand,159,1.52879
5uez_ligand,160,1.57694
5uez_ligand,161,1.49607
5uez_ligand,162,1.4717
5uez_ligand,163,1.55796
5uez_ligand,164,1.67561
5uez_ligand,165,1.29977
5uez_ligand,166,1.59122
5uez_ligand,167,1.43221
5uez_ligand,168,1.56744
5uez_ligand,169,1.56091
5uez_ligand,170,1.40872
5uez_ligand,171,1.476
5uez_ligand,172,1.57022
5uez_ligand,173,1.59719
5uez_ligand,174,1.39726
5uez_ligand,175,1.39689
5uez_ligand,176,1.61671
5uez_ligand,177,1.51506
5uez_ligand,178,1.50216
5uez_ligand,179,1.58794
5uez_ligand,180,1.46719
5uez_ligand,181,1.361
5uez_ligand,182,1.58496
5uez_ligand,183,1.39084
5uez_ligand,184,1.67726
5uez_ligand,185,1.45989
5uez_ligand,186,1.51752
5uez_ligand,187,1.53713
5uez_ligand,188,1.32047
5uez_ligand,189,1.69365
5uez_ligand,190,1.33839
5uez_ligand,191,1.56872
5uez_ligand,192,1.55612
5uez_ligand,193,1.52594
5uez_ligand,194,1.47191
5uez_ligand,195,1.46662
5uez_ligand,196,1.36675
5uez_ligand,197,1.59063
5uez_ligand,198,1.55506
5uez_ligand,199,1.55695
5uez_ligand,200,1.64897
5uez_ligand,201,1.18612
5uez_ligand,202,1.58179
5uez_ligand,203,1.58754
5uez_ligand,204,1.45692
5uez_ligand,205,1.5185
5uez_ligand,206,1.59479
5uez_ligand,207,1.61486
5uez_ligand,208,1.3082
5uez_ligand,209,1.68428
5uez_ligand,210,1.3499
5uez_ligand,211,1.61366
5uez_ligand,212,1.40474
5uez_ligand,213,1.45289
5uez_ligand,214,1.57844
5uez_ligand,215,1.51883
5uez_ligand,216,1.49664
5uez_ligand,217,1.59141
5uez_ligand,218,1.45687
5uez_ligand,219,1.52773
5uez_ligand,220,1.4978
5uez_ligand,221,1.64569
5uez_ligand,222,1.31272
5uez_ligand,223,1.67763
5uez_ligand,224,1.29199
5uez_ligand,225,1.60192
5uez_ligand,226,1.4627
5uez_ligand,227,1.57357
5uez_ligand,228,1.62892
5uez_ligand,229,1.32149
5uez_ligand,230,1.5476
5uez_ligand,231,1.54585
5uez_ligand,232,1.50214
5uez_ligand,233,1.42513
5uez_ligand,234,1.50661
5uez_ligand,235,1.55558
5uez_ligand,236,1.43752
5uez_ligand,237,1.5027
5uez_ligand,238,1.51083
5uez_ligand,239,1.59457
5uez_ligand,240,1.39943
5uez_ligand,241,1.67478
5uez_ligand,242,1.47934
5uez_ligand,243,1.56921
5uez_ligand,244,1.53437
5uez_ligand,245,1.52038
5uez_ligand,246,1.56884
5uez_ligand,247,1.43745
5uez_ligand,248,1.57254
5uez_ligand,249,1.37823
5uez_ligand,250,1.39602
5uez_ligand,251,1.57408
5uez_ligand,252,1.56072
5uez_ligand,253,1.37701
5uez_ligand,254,1.37936
5uez_ligand,255,1.6658
5uez_ligand,256,1.38909
5uez_ligand,257,1.63855
5uez_ligand,258,1.32971
5uez_ligand,259,1.65578
5uez_ligand,260,1.33853
5uez_ligand,261,1.66197
5uez_ligand,262,1.2078
5uez_ligand,263,1.68289
5uez_ligand,264,1.35965
5uez_ligand,265,1.64602
5uez_ligand,266,1.20662
5uez_ligand,267,1.68656
5uez_ligand,268,1.22786
5uez_ligand,269,1.59179
5uez_ligand,270,1.5946
5uez_ligand,271,1.2806
5uez_ligand,272,1.48364
5uez_ligand,273,1.49528
5uez_ligand,274,1.60679
5uez_ligand,275,1.47969
5uez_ligand,276,1.5043
5uez_ligand,277,1.35906
5uez_ligand,278,1.65026
5uez_ligand,279,1.56192
5uez_ligand,280,1.64146
5uez_ligand,281,1.66451
5uez_ligand,282,1.24595
5uez_ligand,283,1.58815
5uez_ligand,284,1.56603
5uez_ligand,285,1.45947
5uez_ligand,286,1.41214
5uez_ligand,287,1.65093
5uez_ligand,288,1.58886
5uez_ligand,289,1.33139
5uez_ligand,290,1.71132
5uez_ligand,291,1.59159
5uez_ligand,292,1.34235
5uez_ligand,293,1.59063
5uez_ligand,294,1.50796
5uez_ligand,295,1.57858
5uez_ligand,296,1.51965
5uez_ligand,297,1.49187
5uez_ligand,298,1.47871
5uez_ligand,299,1.62002
5uez_ligand,300,1.40699
5uez_ligand,301,1.71962
5uez_ligand,302,1.31668
5uez_ligand,303,1.60444
5uez_ligand,304,1.28631
5uez_ligand,305,1.72412
5uez_ligand,306,1.47509
5uez_ligand,307,1.57618
5uez_ligand,308,1.56097
5uez_ligand,309,1.63489
5uez_ligand,310,1.29828
5uez_ligand,311,1.71728
5uez_ligand,312,1.32383
5uez_ligand,313,1.68097
5uez_ligand,314,1.28784
5uez_ligand,315,1.66464
5uez_ligand,316,1.38608
5uez_ligand,317,1.66218
5uez_ligand,318,1.27083
5uez_ligand,319,1.65551
5uez_ligand,320,1.52633
5uez_ligand,321,1.44921
5uez_ligand,322,1.46794
5uez_ligand,323,1.6382
5uez_ligand,324,1.64432
5uez_ligand,325,1.25985
5uez_ligand,326,1.45018
5uez_ligand,327,1.74713
5uez_ligand,328,1.29745
5uez_ligand,329,1.50936
5uez_ligand,330,1.62619
5uez_ligand,331,1.36288
5uez_ligand,332,1.29956
5uez_ligand,333,1.65243
5uez_ligand,334,1.40483
5uez_ligand,335,1.65921
5uez_ligand,336,1.29934
5uez_ligand,337,1.75332
5uez_ligand,338,1.43497
5uez_ligand,339,1.5845
5uez_ligand,340,1.35968
5uez_ligand,341,1.66404
5uez_ligand,342,1.34733
5uez_ligand,343,1.66682
5uez_ligand,344,1.28755
5uez_ligand,345,1.62586
5uez_ligand,346,1.28755
5uez_ligand,347,1.76882
5uez_ligand,348,1.2765
5uez_ligand,349,1.40246
5uez_ligand,350,1.62808
5uez_ligand,351,1.38107
5uez_ligand,352,1.64625
5uez_ligand,353,1.30372
5uez_ligand,354,1.60334
5uez_ligand,355,1.28715
5uez_ligand,356,1.74966
5uez_ligand,357,1.50013
5uez_ligand,358,1.64255
5uez_ligand,359,1.38169
5uez_ligand,360,1.65882
5uez_ligand,361,1.3641
5uez_ligand,362,1.64331
5uez_ligand,363,1.31574
5uez_ligand,364,1.57436
5uez_ligand,365,1.32078
5uez_ligand,366,1.72707
5uez_ligand,367,1.39814
5uez_ligand,368,1.67273
5uez_ligand,369,1.45104
5uez_ligand,370,1.55407
5uez_ligand,371,1.40513
5uez_ligand,372,1.72006
5uez_ligand,373,1.25228
5uez_ligand,374,1.58634
5uez_ligand,375,1.55956
5uez_ligand,376,1.67076
5uez_ligand,377,1.51432
5uez_ligand,378,1.70966
5uez_ligand,379,1.29699
5uez_ligand,380,1.66769
5uez_ligand,381,1.305
5uez_ligand,382,1.68606
5uez_ligand,383,1.29218
5uez_ligand,384,1.68661
5uez_ligand,385,1.20546
5uez_ligand,386,1.71884
5uez_ligand,387,1.47708
5uez_ligand,388,1.7194
5uez_ligand,389,1.38692
5uez_ligand,390,1.67886
5uez_ligand,391,1.28963
5uez_ligand,392,1.60963
5uez_ligand,393,1.52558
5uez_ligand,394,1.60604
5uez_ligand,395,1.48786
5uez_ligand,396,1.40991
5uez_ligand,397,1.75805
5uez_ligand,398,1.32713
5uez_ligand,399,1.39786
5uez_ligand,400,1.68152
5uez_ligand,401,1.36562
5uez_ligand,402,1.71334
5uez_ligand,403,1.45048
5uez_ligand,404,1.67519
5uez_ligand,405,1.56618
5uez_ligand,406,1.54012
5uez_ligand,407,1.39295
5uez_ligand,408,1.60256
5uez_ligand,409,1.43841
5uez_ligand,410,1.68537
5uez_ligand,411,1.4824
5uez_ligand,412,1.77044
5uez_ligand,413,1.1811
5uez_ligand,414,1.64503
5uez_ligand,415,1.46048
5uez_ligand,416,1.68374
5uez_ligand,417,1.54728
5uez_ligand,418,1.64765
5uez_ligand,419,1.34107
5uez_ligand,420,1.8138
5uez_ligand,421,1.25358
5uez_ligand,422,1.55045
5uez_ligand,423,1.44348
5uez_ligand,424,1.74045
5uez_ligand,425,1.45069
5uez_ligand,426,1.68846
5uez_ligand,427,1.25899
5uez_ligand,428,1.731
5uez_ligand,429,1.58724
5uez_ligand,430,1.492
5uez_ligand,431,1.65466
5uez_ligand,432,1.39619
5uez_ligand,433,1.71861
5uez_ligand,434,1.40732
5uez_ligand,435,1.6249
5uez_ligand,436,1.30811
5uez_ligand,437,1.77542
5uez_ligand,438,1.26738
5uez_ligand,439,1.62301
5uez_ligand,440,1.47783
5uez_ligand,441,1.60891
5uez_ligand,442,1.61567
5uez_ligand,443,1.49055
5uez_ligand,444,1.60721
5uez_ligand,445,1.53174
5uez_ligand,446,1.48449
5uez_ligand,447,1.62585
5uez_ligand,448,1.54758
5uez_ligand,449,1.50763
5uez_ligand,450,1.74878
5uez_ligand,451,1.43635
5uez_ligand,452,1.61301
5uez_ligand,453,1.30624
5uez_ligand,454,1.72985
5uez_ligand,455,1.46157
5uez_ligand,456,1.63026
5uez_ligand,457,1.40595
5uez_ligand,458,1.74686
5uez_ligand,459,1.28732
5uez_ligand,460,1.38721
5uez_ligand,461,1.62528
5uez_ligand,462,1.31007
5uez_ligand,463,1.70496
5uez_ligand,464,1.55138
5uez_ligand,465,1.66903
5uez_ligand,466,1.42874
5uez_ligand,467,1.57834
5uez_ligand,468,1.43658
5uez_ligand,469,1.66925
5uez_ligand,470,1.31892
5uez_ligand,471,1.64148
5uez_ligand,472,1.58479
5uez_ligand,473,1.4526
5uez_ligand,474,1.70203
5uez_ligand,475,1.36342
5uez_ligand,476,1.61856
5uez_ligand,477,1.34625
5uez_ligand,478,1.65287
5uez_ligand,479,1.52941
5uez_ligand,480,1.6414
5uez_ligand,481,1.43796
5uez_ligand,482,1.65386
5uez_ligand,483,1.43356
5uez_ligand,484,1.58753
5uez_ligand,485,1.41026
5uez_ligand,486,1.62634
5uez_ligand,487,1.41097
5uez_ligand,488,1.642
5uez_ligand,489,1.40422
5uez_ligand,490,1.67658
5uez_ligand,491,1.33846
5uez_ligand,492,1.80191
5uez_ligand,493,1.23282
5uez_ligand,494,1.64148
5uez_ligand,495,1.51281
5uez_ligand,496,1.60559
5uez_ligand,497,1.59554
5uez_ligand,498,1.28267
5uez_ligand,499,1.68639
5uez_ligand,500,1.41836
5uez_ligand,501,1.76173
5uez_ligand,502,1.11631
5uez_ligand,503,1.6318
5uez_ligand,504,1.6115
5uez_ligand,505,1.50462
5uez_ligand,506,1.79722
5uez_ligand,507,1.42029
5uez_ligand,508,1.58057
5uez_ligand,509,1.43395
5uez_ligand,510,1.71609
5uez_ligand,511,1.2341
5uez_ligand,512,1.5849
5uez_ligand,513,1.4918
5uez_ligand,514,1.64689
5uez_ligand,515,1.52855
5uez_ligand,516,1.52708
5uez_ligand,517,1.71176
5uez_ligand,518,1.56112
5uez_ligand,519,1.64631
5uez_ligand,520,1.4726
5uez_ligand,521,1.68295
5uez_ligand,522,1.4003
5uez_ligand,523,1.74305
5uez_ligand,524,1.16914
5uez_ligand,525,1.74306
5uez_ligand,526,1.53947
5uez_ligand,527,1.73247
5uez_ligand,528,1.25216
5uez_ligand,529,1.78652
5uez_ligand,530,1.47049
5uez_ligand,531,1.73561
5uez_ligand,532,1.22408
5uez_ligand,533,1.8357
5uez_ligand,534,1.52629
5uez_ligand,535,1.61973
5uez_ligand,536,1.4108
5uez_ligand,537,1.76574
5uez_ligand,538,1.25188
5uez_ligand,539,1.53898
5uez_ligand,540,1.60257
5uez_ligand,541,1.62458
5uez_ligand,542,1.4471
5uez_ligand,543,1.67095
5uez_ligand,544,1.26989
5uez_ligand,545,1.61796
5uez_ligand,546,1.40435
5uez_ligand,547,1.7663
5uez_ligand,548,1.30211
5uez_ligand,549,1.5258
5uez_ligand,550,1.70922
5uez_ligand,551,1.22547
5uez_ligand,552,1.6974
5uez_ligand,553,1.63197
5uez_ligand,554,1.37563
5uez_ligand,555,1.75984
5uez_ligand,556,1.3579
5uez_ligand,557,1.58278
5uez_ligand,558,1.5964
5uez_ligand,559,1.71174
5uez_ligand,560,1.54208
5uez_ligand,561,1.64632
5uez_ligand,562,1.34891
5uez_ligand,563,1.69231
5uez_ligand,564,1.3749
5uez_ligand,565,1.72798
5uez_ligand,566,1.17591
5uez_ligand,567,1.64635
5uez_ligand,568,1.58895
5uez_ligand,569,1.63007
5uez_ligand,570,1.52715
5uez_ligand,571,1.645
5uez_ligand,572,1.40661
5uez_ligand,573,1.74677
5uez_ligand,574,1.19797
5uez_ligand,575,1.67697
5uez_ligand,576,1.55281
5uez_ligand,577,1.63433
5uez_ligand,578,1.49237
5uez_ligand,579,1.60988
5uez_ligand,580,1.44035
5uez_ligand,581,1.66415
5uez_ligand,582,1.31843
5uez_ligand,583,1.71187
5uez_ligand,584,1.24497
5uez_ligand,585,1.69954
5uez_ligand,586,1.58562
5uez_ligand,587,1.66404
5uez_ligand,588,1.3931
5uez_ligand,589,1.70337
5uez_ligand,590,1.43433
5uez_ligand,591,1.76076
5uez_ligand,592,1.20868
5uez_ligand,593,1.67234
5uez_ligand,594,1.58592
5uez_ligand,595,1.49847
5uez_ligand,596,1.79353
5uez_ligand,597,1.26514
5uez_ligand,598,1.59836
5uez_ligand,599,1.43667
5uez_ligand,600,1.72514
5uez_ligand,601,1.30982
5uez_ligand,602,1.55018
5uez_ligand,603,1.4912
5uez_ligand,604,1.64851
5uez_ligand,605,1.47946
5uez_ligand,606,1.69244
5uez_ligand,607,1.29118
5uez_ligand,608,1.68046
5uez_ligand,609,1.26582
5uez_ligand,610,1.71126
5uez_ligand,611,1.59239
5uez_ligand,612,1.61329
5uez_ligand,613,1.56117
5uez_ligand,614,1.51923
5uez_ligand,615,1.70024
5uez_ligand,616,1.32121
5uez_ligand,617,1.72134
5uez_ligand,618,1.27906
5uez_ligand,619,1.65909
5uez_ligand,620,1.50137
5uez_ligand,621,1.83516
5uez_ligand,622,1.22993
5uez_ligand,623,1.55398
5uez_ligand,624,1.54616
5uez_ligand,625,1.39676
5uez_ligand,626,1.65361
5uez_ligand,627,1.40823
5uez_ligand,628,1.78788
5uez_ligand,629,1.28387
5uez_ligand,630,1.61334
5uez_ligand,631,1.45086
5uez_ligand,632,1.78476
5uez_ligand,633,1.20239
5uez_ligand,634,1.67904
5uez_ligand,635,1.64941
5uez_ligand,636,1.36654
5uez_ligand,637,1.72984
5uez_ligand,638,1.34971
5uez_ligand,639,1.63546
5uez_ligand,640,1.3947
5uez_ligand,641,1.76444
5uez_ligand,642,1.31828
5uez_ligand,643,1.54585
5uez_ligand,644,1.49512
5uez_ligand,645,1.66666
5uez_ligand,646,1.43396
5uez_ligand,647,1.76505
5uez_ligand,648,1.20368
5uez_ligand,649,1.69189
5uez_ligand,650,1.62119
5uez_ligand,651,1.5912
5uez_ligand,652,1.46823
5uez_ligand,653,1.60449
5uez_ligand,654,1.39877
5uez_ligand,655,1.66365
5uez_ligand,656,1.34952
5uez_ligand,657,1.77212
5uez_ligand,658,1.22104
5uez_ligand,659,1.71094
5uez_ligand,660,1.60615
5uez_ligand,661,1.60971
5uez_ligand,662,1.48656
5uez_ligand,663,1.67252
5uez_ligand,664,1.35388
5uez_ligand,665,1.7541
5uez_ligand,666,1.22054
5uez_ligand,667,1.72822
5uez_ligand,668,1.34641
5uez_ligand,669,1.65967
5uez_ligand,670,1.30945
5uez_ligand,671,1.71421
5uez_ligand,672,1.26004
5uez_ligand,673,1.65884
5uez_ligand,674,1.49843
5uez_ligand,675,1.69909
5uez_ligand,676,1.38574
5uez_ligand,677,1.74029
5uez_ligand,678,1.34278
5uez_ligand,679,1.56805
5uez_ligand,680,1.73563
5uez_ligand,681,1.31696
5uez_ligand,682,1.70373
5uez_ligand,683,1.24474
5uez_ligand,684,1.7507
5uez_ligand,685,1.51303
5uez_ligand,686,1.71031
5uez_ligand,687,1.24742
5uez_ligand,688,1.72813
5uez_ligand,689,1.53134
5uez_ligand,690,1.68979
5uez_ligand,691,1.36918
5uez_ligand,692,1.6809
5uez_ligand,693,1.22781
5uez_ligand,694,1.76327
5uez_ligand,695,1.24274
5uez_ligand,696,1.59448
5uez_ligand,697,1.58417
5uez_ligand,698,1.51035
5uez_ligand,699,1.6357
5uez_ligand,700,1.46047
5uez_ligand,701,1.66384
5uez_ligand,702,1.37871
5uez_ligand,703,1.6947
5uez_ligand,704,1.36384
5uez_ligand,705,1.7553
5uez_ligand,706,1.25761
5uez_ligand,707,1.59692
5uez_ligand,708,1.58469
5uez_ligand,709,1.34775
5uez_ligand,710,1.59964
5uez_ligand,711,1.4176
5uez_ligand,712,1.73076
5uez_ligand,713,1.30725
5uez_ligand,714,1.67805
5uez_ligand,715,1.43119
5uez_ligand,716,1.77631
5uez_ligand,717,1.20867
5uez_ligand,718,1.54354
5uez_ligand,719,1.52527
5uez_ligand,720,1.50363
5uez_ligand,721,1.77518
5uez_ligand,722,1.27175
5uez_ligand,723,1.62943
5uez_ligand,724,1.47985
5uez_ligand,725,1.7152
5uez_ligand,726,1.29264
5uez_ligand,727,1.73107
5uez_ligand,728,1.30492
5uez_ligand,729,1.73231
5uez_ligand,730,1.30918
5uez_ligand,731,1.77467
5uez_ligand,732,1.30502
5uez_ligand,733,1.45626
5uez_ligand,734,1.74934
5uez_ligand,735,1.13325
5uez_ligand,736,1.66733
5uez_ligand,737,1.72796
5uez_ligand,738,1.34592
5uez_ligand,739,1.66406
5uez_ligand,740,1.34811
5uez_ligand,741,1.7642
5uez_ligand,742,1.19415
5uez_ligand,743,1.77777
5uez_ligand,744,1.60276
5uez_ligand,745,1.65424
5uez_ligand,746,1.52558
5uez_ligand,747,1.68669
5uez_ligand,748,1.4604
5uez_ligand,749,1.73954
5uez_ligand,750,1.23141
5uez_ligand,751,1.59687
5uez_ligand,752,1.47678
5uez_ligand,753,1.68405
5uez_ligand,754,1.42501
5uez_ligand,755,1.66021
5uez_ligand,756,1.38635
5uez_ligand,757,1.74021
5uez_ligand,758,1.27555
5uez_ligand,759,1.78846
5uez_ligand,760,1.45383
5uez_ligand,761,1.54993
5uez_ligand,762,1.65248
5uez_ligand,763,1.44174
5uez_ligand,764,1.77696
5uez_ligand,765,1.186
5uez_ligand,766,1.64531
5uez_ligand,767,1.59927
5uez_ligand,768,1.58695
5uez_ligand,769,1.57878
5uez_ligand,770,1.49513
5uez_ligand,771,1.69701
5uez_ligand,772,1.35496
5uez_ligand,773,1.75027
5uez_ligand,774,1.30512
5uez_ligand,775,1.63592
5uez_ligand,776,1.37936
5uez_ligand,777,1.77743
5uez_ligand,778,1.2503
5uez_ligand,779,1.55214
5uez_ligand,780,1.57784
5uez_ligand,781,1.58669
5uez_ligand,782,1.72788
5uez_ligand,783,1.4425
5uez_ligand,784,1.65844
5uez_ligand,785,1.41845
5uez_ligand,786,1.76173
5uez_ligand,787,1.26682
5uez_ligand,788,1.67838
5uez_ligand,789,1.35893
5uez_ligand,790,1.77652
5uez_ligand,791,1.23415
5uez_ligand,792,1.56225
5uez_ligand,793,1.54548
5uez_ligand,794,1.604
5uez_ligand,795,1.7394
5uez_ligand,796,1.4271
5uez_ligand,797,1.73704
5uez_ligand,798,1.27948
5uez_ligand,799,1.81331
5uez_ligand,800,1.28044
5uez_ligand,801,1.52363
5uez_ligand,802,1.59246
5uez_ligand,803,1.52311
5uez_ligand,804,1.53886
5uez_ligand,805,1.64501
5uez_ligand,806,1.42634
5uez_ligand,807,1.75808
5uez_ligand,808,1.24212
5uez_ligand,809,1.62136
5uez_ligand,810,1.47756
5uez_ligand,811,1.67609
5uez_ligand,812,1.4373
5uez_ligand,813,1.77724
5uez_ligand,814,1.22981
5uez_ligand,815,1.7306
5uez_ligand,816,1.50889
5uez_ligand,817,1.70637
5uez_ligand,818,1.31537
5uez_ligand,819,1.68337
5uez_ligand,820,1.38904
5uez_ligand,821,1.73262
5uez_ligand,822,1.26899
5uez_ligand,823,1.65458
5uez_ligand,824,1.52565
5uez_ligand,825,1.68755
5uez_ligand,826,1.38765
5uez_ligand,827,1.74935
5uez_ligand,828,1.33475
5uez_ligand,829,1.64178
5uez_ligand,830,1.34515
5uez_ligand,831,1.85626
5uez_ligand,832,1.31991
5uez_ligand,833,1.4163
5uez_ligand,834,1.73686
5uez_ligand,835,1.33075
5uez_ligand,836,1.7185
5uez_ligand,837,1.36483
5uez_ligand,838,1.77461
5uez_ligand,839,1.23947
5uez_ligand,840,1.60341
5uez_ligand,841,1.60718
5uez_ligand,842,1.41883
5uez_ligand,843,1.73922
5uez_ligand,844,1.26692
5uez_ligand,845,1.80465
5uez_ligand,846,1.39419
5uez_ligand,847,1.67593
5uez_ligand,848,1.36079
5uez_ligand,849,1.87702
5uez_ligand,850,1.382
5uez_ligand,851,1.42209
5uez_ligand,852,1.72094
5uez_ligand,853,1.31156
5uez_ligand,854,1.72195
5uez_ligand,855,1.39835
5uez_ligand,856,1.72071
5uez_ligand,857,1.21448
5uez_ligand,858,1.75053
5uez_ligand,859,1.64258
5uez_ligand,860,1.483
5uez_ligand,861,1.70629
5uez_ligand,862,1.41204
5uez_ligand,863,1.71206
5uez_ligand,864,1.43413
5uez_ligand,865,1.73716
5uez_ligand,866,1.35629
5uez_ligand,867,1.68018
5uez_ligand,868,1.31479
5uez_ligand,869,1.82146
5uez_ligand,870,1.24074
5uez_ligand,871,1.59268
5uez_ligand,872,1.56403
5uez_ligand,873,1.58201
5uez_ligand,874,1.64526
5uez_ligand,875,1.45499
5uez_ligand,876,1.69376
5uez_ligand,877,1.32456
5uez_ligand,878,1.69047
5uez_ligand,879,1.51742
5uez_ligand,880,1.72402
5uez_ligand,881,1.36355
5uez_ligand,882,1.64895
5uez_ligand,883,1.38632
5uez_ligand,884,1.76751
5uez_ligand,885,1.33221
5uez_ligand,886,1.70939
5uez_ligand,887,1.38268
5uez_ligand,888,1.72085
5uez_ligand,889,1.32111
5uez_ligand,890,1.63011
5uez_ligand,891,1.4782
5uez_ligand,892,1.67099
5uez_ligand,893,1.43162
5uez_ligand,894,1.78206
5uez_ligand,895,1.18988
5uez_ligand,896,1.6796
5uez_ligand,897,1.62392
5uez_ligand,898,1.62642
5uez_ligand,899,1.54251
5uez_ligand,900,1.64489
5uez_ligand,901,1.45254
5uez_ligand,902,1.78033
5uez_ligand,903,1.26782
5uez_ligand,904,1.77925
5uez_ligand,905,1.41769
5uez_ligand,906,1.69589
5uez_ligand,907,1.38787
5uez_ligand,908,1.78222
5uez_ligand,909,1.36284
5uez_ligand,910,1.54901
5uez_ligand,911,1.52859
5uez_ligand,912,1.7205
5uez_ligand,913,1.34761
5uez_ligand,914,1.69074
5uez_ligand,915,1.35022
5uez_ligand,916,1.74085
5uez_ligand,917,1.29041
5uez_ligand,918,1.61552
5uez_ligand,919,1.55079
5uez_ligand,920,1.58312
5uez_ligand,921,1.6225
5uez_ligand,922,1.41572
5uez_ligand,923,1.70016
5uez_ligand,924,1.31066
5uez_ligand,925,1.80244
5uez_ligand,926,1.30646
5uez_ligand,927,1.67574
5uez_ligand,928,1.40991
5uez_ligand,929,1.73787
5uez_ligand,930,1.34477
5uez_ligand,931,1.76454
5uez_ligand,932,1.20014
5uez_ligand,933,1.68695
5uez_ligand,934,1.65311
5uez_ligand,935,1.36109
5uez_ligand,936,1.83707
5uez_ligand,937,1.32091
5uez_ligand,938,1.50138
5uez_ligand,939,1.61552
5uez_ligand,940,1.40997
5uez_ligand,941,1.79551
5uez_ligand,942,1.38425
5uez_ligand,943,1.53137
5uez_ligand,944,1.51766
5uez_ligand,945,1.71044
5uez_ligand,946,1.35269
5uez_ligand,947,1.65061
5uez_ligand,948,1.37681
5uez_ligand,949,1.75888
5uez_ligand,950,1.32912
5uez_ligand,951,1.70698
5uez_ligand,952,1.38376
5uez_ligand,953,1.72522
5uez_ligand,954,1.30117
5uez_ligand,955,1.84489
5uez_ligand,956,1.26737
5uez_ligand,957,1.62626
5uez_ligand,958,1.61221
5uez_ligand,959,1.56515
5uez_ligand,960,1.65643
5uez_ligand,961,1.42272
5uez_ligand,962,1.73094
5uez_ligand,963,1.32044
5uez_ligand,964,1.73112
5uez_ligand,965,1.30647
5uez_ligand,966,1.69002
5uez_ligand,967,1.54729
5uez_ligand,968,1.53611
5uez_ligand,969,1.63475
5uez_ligand,970,1.47946
5uez_ligand,971,1.79337
5uez_ligand,972,1.30071
5uez_ligand,973,1.69345
5uez_ligand,974,1.37401
5uez_ligand,975,1.78212
5uez_ligand,976,1.35458
5uez_ligand,977,1.51505
5uez_ligand,978,1.70659
5uez_ligand,979,1.40999
5uez_ligand,980,1.65499
5uez_ligand,981,1.31203
5uez_ligand,982,1.72905
5uez_ligand,983,1.30099
5uez_ligand,984,1.83336
5uez_ligand,985,1.34485
5uez_ligand,986,1.47274
5uez_ligand,987,1.75745
5uez_ligand,988,1.28557
5uez_ligand,989,1.80946
5uez_ligand,990,1.3345
5uez_ligand,991,1.71786
5uez_ligand,992,1.35849
5uez_ligand,993,1.76738
5uez_ligand,994,1.27966
5uez_ligand,995,1.68391
5uez_ligand,996,1.58584
5uez_ligand,997,1.56373
5uez_ligand,998,1.62777
5uez_ligand,999,1.47709
5uez_ligand,1000,1.77877
5uez_ligand,1001,1.29699
5uez_ligand,1002,1.70323
5uez_ligand,1003,1.34091
5uez_ligand,1004,1.75522
5uez_ligand,1005,1.34115
5uez_ligand,1006,1.65545
5uez_ligand,1007,1.47689
5uez_ligand,1008,1.7206
5uez_ligand,1009,1.3797
5uez_ligand,1010,1.72887
5uez_ligand,1011,1.31764
5uez_ligand,1012,1.75931
5uez_ligand,1013,1.34745
5uez_ligand,1014,1.69166
5uez_ligand,1015,1.2861
5uez_ligand,1016,1.92186
5uez_ligand,1017,1.30292
5uez_ligand,1018,1.45226
5uez_ligand,1019,1.71914
5uez_ligand,1020,1.24988
5uez_ligand,1021,1.76661
5uez_ligand,1022,1.47598
5uez_ligand,1023,1.67142
5uez_ligand,1024,1.29121
5uez_ligand,1025,1.80176
5uez_ligand,1026,1.27439
5uez_ligand,1027,1.6785
5uez_ligand,1028,1.40267
5uez_ligand,1029,1.77849
5uez_ligand,1030,1.30186
5uez_ligand,1031,1.54861
5uez_ligand,1032,1.71028
5uez_ligand,1033,1.40703
5uez_ligand,1034,1.70409
5uez_ligand,1035,1.34273
5uez_ligand,1036,1.76389
5uez_ligand,1037,1.39589
5uez_ligand,1038,1.61502
5uez_ligand,1039,1.42559
5uez_ligand,1040,1.76502
5uez_ligand,1041,1.33495
5uez_ligand,1042,1.5747
5uez_ligand,1043,1.45916
5uez_ligand,1044,1.71431
5uez_ligand,1045,1.44574
5uez_ligand,1046,1.76612
5uez_ligand,1047,1.28765
5uez_ligand,1048,1.79056
5uez_ligand,1049,1.38156
5uez_ligand,1050,1.69452
5uez_ligand,1051,1.33443
5uez_ligand,1052,1.85848
5uez_ligand,1053,1.29228
5uez_ligand,1054,1.52152
5uez_ligand,1055,1.60964
5uez_ligand,1056,1.56116
5uez_ligand,1057,1.6528
5uez_ligand,1058,1.41983
5uez_ligand,1059,1.67887
5uez_ligand,1060,1.35896
5uez_ligand,1061,1.66101
5uez_ligand,1062,1.46748
5uez_ligand,1063,1.68848
5uez_ligand,1064,1.40351
5uez_ligand,1065,1.74839
5uez_ligand,1066,1.31773
5uez_ligand,1067,1.72467
5uez_ligand,1068,1.38832
5uez_ligand,1069,1.75993
5uez_ligand,1070,1.41623
5uez_ligand,1071,1.59749
5uez_ligand,1072,1.4444
5uez_ligand,1073,1.77027
5uez_ligand,1074,1.38737
5uez_ligand,1075,1.69293
5uez_ligand,1076,1.37591
5uez_ligand,1077,1.85818
5uez_ligand,1078,1.38527
5uez_ligand,1079,1.43096
5uez_ligand,1080,1.75458
5uez_ligand,1081,1.31437
5uez_ligand,1082,1.83533
5uez_ligand,1083,1.33139
5uez_ligand,1084,1.61287
5uez_ligand,1085,1.46959
5uez_ligand,1086,1.6623
5uez_ligand,1087,1.4908
5uez_ligand,1088,1.56859
5uez_ligand,1089,1.66767
5uez_ligand,1090,1.38825
5uez_ligand,1091,1.76012
5uez_ligand,1092,1.36756
5uez_ligand,1093,1.65921
5uez_ligand,1094,1.3733
5uez_ligand,1095,1.74763
5uez_ligand,1096,1.36619
5uez_ligand,1097,1.65173
5uez_ligand,1098,1.42828
5uez_ligand,1099,1.7085
5uez_ligand,1100,1.37307
5uez_ligand,1101,1.72101
5uez_ligand,1102,1.35297
5uez_ligand,1103,1.84065
5uez_ligand,1104,1.33659
5uez_ligand,1105,1.51819
5uez_ligand,1106,1.66659
5uez_ligand,1107,1.44068
5uez_ligand,1108,1.69701
5uez_ligand,1109,1.31893
5uez_ligand,1110,1.72953
5uez_ligand,1111,1.3474
5uez_ligand,1112,1.75257
5uez_ligand,1113,1.29833
5uez_ligand,1114,1.94342
5uez_ligand,1115,1.29678
5uez_ligand,1116,1.48349
5uez_ligand,1117,1.59716
5uez_ligand,1118,1.50715
5uez_ligand,1119,1.71583
5uez_ligand,1120,1.34309
5uez_ligand,1121,1.67431
5uez_ligand,1122,1.38266
5uez_ligand,1123,1.76654
5uez_ligand,1124,1.36993
5uez_ligand,1125,1.55079
5uez_ligand,1126,1.46642
5uez_ligand,1127,1.69385
5uez_ligand,1128,1.38218
5uez_ligand,1129,1.7299
5uez_ligand,1130,1.33701
5uez_ligand,1131,1.72396
5uez_ligand,1132,1.38328
5uez_ligand,1133,1.71716
5uez_ligand,1134,1.33606
5uez_ligand,1135,1.73858
5uez_ligand,1136,1.32418
5uez_ligand,1137,1.7485
5uez_ligand,1138,1.31277
5uez_ligand,1139,1.88465
5uez_ligand,1140,1.23975
5uez_ligand,1141,1.59162
5uez_ligand,1142,1.59364
5uez_ligand,1143,1.56575
5uez_ligand,1144,1.59809
5uez_ligand,1145,1.4981
5uez_ligand,1146,1.7032
5uez_ligand,1147,1.41239
5uez_ligand,1148,1.75711
5uez_ligand,1149,1.24695
5uez_ligand,1150,1.78018
5uez_ligand,1151,1.42695
5uez_ligand,1152,1.70273
5uez_ligand,1153,1.30732
5uez_ligand,1154,1.8397
5uez_ligand,1155,1.35802
5uez_ligand,1156,1.67299
5uez_ligand,1157,1.30574
5uez_ligand,1158,1.93087
5uez_ligand,1159,1.30989
5uez_ligand,1160,1.47214
5uez_ligand,1161,1.62147
5uez_ligand,1162,1.39309
5uez_ligand,1163,1.70845
5uez_ligand,1164,1.31577
5uez_ligand,1165,1.70403
5uez_ligand,1166,1.47965
5uez_ligand,1167,1.7598
5uez_ligand,1168,1.36535
5uez_ligand,1169,1.64405
5uez_ligand,1170,1.39091
5uez_ligand,1171,1.74744
5uez_ligand,1172,1.38957
5uez_ligand,1173,1.7219
5uez_ligand,1174,1.35303
5uez_ligand,1175,1.76342
5uez_ligand,1176,1.27911
5uez_ligand,1177,1.82647
5uez_ligand,1178,1.36347
5uez_ligand,1179,1.6701
5uez_ligand,1180,1.31643
5uez_ligand,1181,1.73866
5uez_ligand,1182,1.29272
5uez_ligand,1183,1.7962
5uez_ligand,1184,1.4424
5uez_ligand,1185,1.75672
5uez_ligand,1186,1.2589
5uez_ligand,1187,1.78274
5uez_ligand,1188,1.47166
5uez_ligand,1189,1.77435
5uez_ligand,1190,1.25035
5uez_ligand,1191,1.64229
5uez_ligand,1192,1.6758
5uez_ligand,1193,1.39842
5uez_ligand,1194,1.65728
5uez_ligand,1195,1.54167
5uez_ligand,1196,1.70766
5uez_ligand,1197,1.40123
5uez_ligand,1198,1.79343
5uez_ligand,1199,1.30436
5uez_ligand,1200,1.69869
5uez_ligand,1201,1.40871
5uez_ligand,1202,1.76764
5uez_ligand,1203,1.26992
5uez_ligand,1204,1.8313
5uez_ligand,1205,1.33245
5uez_ligand,1206,1.61538
5uez_ligand,1207,1.46671
5uez_ligand,1208,1.68026
5uez_ligand,1209,1.36773
5uez_ligand,1210,1.7416
5uez_ligand,1211,1.51368
5uez_ligand,1212,1.64537
5uez_ligand,1213,1.45024
5uez_ligand,1214,1.7197
5uez_ligand,1215,1.40697
5uez_ligand,1216,1.7013
5uez_ligand,1217,1.39322
5uez_ligand,1218,1.74967
5uez_ligand,1219,1.31815
5uez_ligand,1220,1.74823
5uez_ligand,1221,1.24342
5uez_ligand,1222,1.80958
5uez_ligand,1223,1.31151
5uez_ligand,1224,1.75227
5uez_ligand,1225,1.37265
5uez_ligand,1226,1.70668
5uez_ligand,1227,1.28355
5uez_ligand,1228,1.84788
5uez_ligand,1229,1.22182
5uez_ligand,1230,1.61625
5uez_ligand,1231,1.54985
5uez_ligand,1232,1.68387
5uez_ligand,1233,1.52966
5uez_ligand,1234,1.65155
5uez_ligand,1235,1.54791
5uez_ligand,1236,1.53027
5uez_ligand,1237,1.69416
5uez_ligand,1238,1.37665
5uez_ligand,1239,1.72839
5uez_ligand,1240,1.22953
5uez_ligand,1241,1.75832
5uez_ligand,1242,1.35859
5uez_ligand,1243,1.6933
5uez_ligand,1244,1.27443
5uez_ligand,1245,1.82191
5uez_ligand,1246,1.27513
5uez_ligand,1247,1.46152
5uez_ligand,1248,1.74182
5uez_ligand,1249,1.29343
5uez_ligand,1250,1.82735
5uez_ligand,1251,1.33976
5uez_ligand,1252,1.63739
5uez_ligand,1253,1.44449
5uez_ligand,1254,1.74599
5uez_ligand,1255,1.36029
5uez_ligand,1256,1.59576
5uez_ligand,1257,1.42879
5uez_ligand,1258,1.74487
5uez_ligand,1259,1.45256
5uez_ligand,1260,1.7374
5uez_ligand,1261,1.32382
5uez_ligand,1262,1.72775
5uez_ligand,1263,1.37322
5uez_ligand,1264,1.75241
5uez_ligand,1265,1.43703
5uez_ligand,1266,1.51021
5uez_ligand,1267,1.61329
5uez_ligand,1268,1.42627
5uez_ligand,1269,1.77032
5uez_ligand,1270,1.34947
5uez_ligand,1271,1.76903
5uez_ligand,1272,1.26885
5uez_ligand,1273,1.73197
5uez_ligand,1274,1.3738
5uez_ligand,1275,1.67496
5uez_ligand,1276,1.27534
5uez_ligand,1277,1.82519
5uez_ligand,1278,1.37015
5uez_ligand,1279,1.67223
5uez_ligand,1280,1.37931
5uez_ligand,1281,1.77855
5uez_ligand,1282,1.33381
5uez_ligand,1283,1.49282
5uez_ligand,1284,1.76844
5uez_ligand,1285,1.27331
5uez_ligand,1286,1.65335
5uez_ligand,1287,1.40068
5uez_ligand,1288,1.76315
5uez_ligand,1289,1.35029
5uez_ligand,1290,1.69455
5uez_ligand,1291,1.38204
5uez_ligand,1292,1.73428
5uez_ligand,1293,1.28929
5uez_ligand,1294,1.76186
5uez_ligand,1295,1.45386
5uez_ligand,1296,1.76077
5uez_ligand,1297,1.25352
5uez_ligand,1298,1.80834
5uez_ligand,1299,1.39836
5uez_ligand,1300,1.63284
5uez_ligand,1301,1.4214
5uez_ligand,1302,1.75939
5uez_ligand,1303,1.41481
5uez_ligand,1304,1.68604
5uez_ligand,1305,1.3727
5uez_ligand,1306,1.78697
5uez_ligand,1307,1.24252
5uez_ligand,1308,1.73773
5uez_ligand,1309,1.45719
5uez_ligand,1310,1.64605
5uez_ligand,1311,1.46713
5uez_ligand,1312,1.72252
5uez_ligand,1313,1.43705
5uez_ligand,1314,1.75263
5uez_ligand,1315,1.35258
5uez_ligand,1316,1.86218
5uez_ligand,1317,1.2755
5uez_ligand,1318,1.46322
5uez_ligand,1319,1.64371
5uez_ligand,1320,1.37601
5uez_ligand,1321,1.74232
5uez_ligand,1322,1.36372
5uez_ligand,1323,1.63296
5uez_ligand,1324,1.36701
5uez_ligand,1325,1.88448
5uez_ligand,1326,1.28488
5uez_ligand,1327,1.65416
5uez_ligand,1328,1.52732
5uez_ligand,1329,1.74189
5uez_ligand,1330,1.34602
5uez_ligand,1331,1.64951
5uez_ligand,1332,1.36363
5uez_ligand,1333,1.76022
5uez_ligand,1334,1.31787
5uez_ligand,1335,1.72189
5uez_ligand,1336,1.37616
5uez_ligand,1337,1.72777
5uez_ligand,1338,1.35504
5uez_ligand,1339,1.86851
5uez_ligand,1340,1.30758
5uez_ligand,1341,1.58928
5uez_ligand,1342,1.44543
5uez_ligand,1343,1.70425
5uez_ligand,1344,1.39796
5uez_ligand,1345,1.76818
5uez_ligand,1346,1.36258
5uez_ligand,1347,1.72368
5uez_ligand,1348,1.37352
5uez_ligand,1349,1.80246
5uez_ligand,1350,1.35924
5uez_ligand,1351,1.73385
5uez_ligand,1352,1.41262
5uez_ligand,1353,1.72817
5uez_ligand,1354,1.3483
5uez_ligand,1355,1.93189
5uez_ligand,1356,1.35759
5uez_ligand,1357,1.74531
5uez_ligand,1358,1.21663
5uez_ligand,1359,1.87114
5uez_ligand,1360,1.35852
5uez_ligand,1361,1.56339
5uez_ligand,1362,1.68777
5uez_ligand,1363,1.34062
5uez_ligand,1364,1.69299
5uez_ligand,1365,1.35689
5uez_ligand,1366,1.70804
5uez_ligand,1367,1.35187
5uez_ligand,1368,1.68152
5uez_ligand,1369,1.34846
5uez_ligand,1370,1.78711
5uez_ligand,1371,1.19556
5uez_ligand,1372,1.77323
5uez_ligand,1373,1.41108
5uez_ligand,1374,1.72976
5uez_ligand,1375,1.37132
5uez_ligand,1376,1.73237
5uez_ligand,1377,1.29472
5uez_ligand,1378,1.70443
5uez_ligand,1379,1.30942
5uez_ligand,1380,1.86141
5uez_ligand,1381,1.29276
5uez_ligand,1382,1.52375
5uez_ligand,1383,1.55065
5uez_ligand,1384,1.61084
5uez_ligand,1385,1.56893
5uez_ligand,1386,1.47803
5uez_ligand,1387,1.71992
5uez_ligand,1388,1.48512
5uez_ligand,1389,1.73513
5uez_ligand,1390,1.37329
5uez_ligand,1391,1.79623
5uez_ligand,1392,1.23573
5uez_ligand,1393,1.78416
5uez_ligand,1394,1.41715
5uez_ligand,1395,1.68647
5uez_ligand,1396,1.35563
5uez_ligand,1397,1.82795
5uez_ligand,1398,1.36625
5uez_ligand,1399,1.7662
5uez_ligand,1400,1.28633
5uez_ligand,1401,1.73452
5uez_ligand,1402,1.41847
5uez_ligand,1403,1.73295
5uez_ligand,1404,1.29886
5uez_ligand,1405,1.85523
5uez_ligand,1406,1.43038
5uez_ligand,1407,1.43296
5uez_ligand,1408,1.68618
5uez_ligand,1409,1.36289
5uez_ligand,1410,1.72301
5uez_ligand,1411,1.29201
5uez_ligand,1412,1.82631
5uez_ligand,1413,1.37449
5uez_ligand,1414,1.70418
5uez_ligand,1415,1.31287
5uez_ligand,1416,1.87491
5uez_ligand,1417,1.20653
5uez_ligand,1418,1.72419
5uez_ligand,1419,1.5442
5uez_ligand,1420,1.68143
5uez_ligand,1421,1.37867
5uez_ligand,1422,1.66637
5uez_ligand,1423,1.39725
5uez_ligand,1424,1.72211
5uez_ligand,1425,1.31308
5uez_ligand,1426,1.71603
5uez_ligand,1427,1.22364
5uez_ligand,1428,1.84339
5uez_ligand,1429,1.56254
5uez_ligand,1430,1.60113
5uez_ligand,1431,1.44234
5uez_ligand,1432,1.65958
5uez_ligand,1433,1.38977
5uez_ligand,1434,1.63397
5uez_ligand,1435,1.40914
5uez_ligand,1436,1.65991
5uez_ligand,1437,1.40199
5uez_ligand,1438,1.68435
5uez_ligand,1439,1.36639
5uez_ligand,1440,1.75131
5uez_ligand,1441,1.23301
5uez_ligand,1442,1.74854
5uez_ligand,1443,1.4419
5uez_ligand,1444,1.74767
5uez_ligand,1445,1.3279
5uez_ligand,1446,1.73825
5uez_ligand,1447,1.31108
5uez_ligand,1448,1.70893
5uez_ligand,1449,1.43707
5uez_ligand,1450,1.76395
5uez_ligand,1451,1.35034
5uez_ligand,1452,1.67658
5uez_ligand,1453,1.45018
5uez_ligand,1454,1.75549
5uez_ligand,1455,1.38838
5uez_ligand,1456,1.73045
5uez_ligand,1457,1.44111
5uez_ligand,1458,1.76878
5uez_ligand,1459,1.40386
5uez_ligand,1460,1.72806
5uez_ligand,1461,1.33663
5uez_ligand,1462,1.77607
5uez_ligand,1463,1.30561
5uez_ligand,1464,1.87258
5uez_ligand,1465,1.30194
5uez_ligand,1466,1.57507
5uez_ligand,1467,1.72966
5uez_ligand,1468,1.38683
5uez_ligand,1469,1.6911
5uez_ligand,1470,1.38992
5uez_ligand,1471,1.81281
5uez_ligand,1472,1.31753
5uez_ligand,1473,1.64443
5uez_ligand,1474,1.40353
5uez_ligand,1475,1.71611
5uez_ligand,1476,1.38183
5uez_ligand,1477,1.7856
5uez_ligand,1478,1.25028
5uez_ligand,1479,1.90752
5uez_ligand,1480,1.41515
5uez_ligand,1481,1.67721
5uez_ligand,1482,1.54785
5uez_ligand,1483,1.72582
5uez_ligand,1484,1.39699
5uez_ligand,1485,1.72271
5uez_ligand,1486,1.32262
5uez_ligand,1487,1.7547
5uez_ligand,1488,1.26841
5uez_ligand,1489,1.80488
5uez_ligand,1490,1.4708
5uez_ligand,1491,1.65392
5uez_ligand,1492,1.4165
5uez_ligand,1493,1.81432
5uez_ligand,1494,1.31651
5uez_ligand,1495,1.55532
5uez_ligand,1496,1.53127
5uez_ligand,1497,1.70626
5uez_ligand,1498,1.49408
5uez_ligand,1499,1.70104
5uez_ligand,1500,1.36269
5uez_ligand,1501,1.69988
5uez_ligand,1502,1.35659
5uez_ligand,1503,1.76131
5uez_ligand,1504,1.36543
5uez_ligand,1505,1.70183
5uez_ligand,1506,1.36112
5uez_ligand,1507,1.78873
5uez_ligand,1508,1.36874
5uez_ligand,1509,1.66788
5uez_ligand,1510,1.52953
5uez_ligand,1511,1.5089
5uez_ligand,1512,1.73921
5uez_ligand,1513,1.37128
5uez_ligand,1514,1.66644
5uez_ligand,1515,1.37064
5uez_ligand,1516,1.81443
5uez_ligand,1517,1.34972
5uez_ligand,1518,1.5558
5uez_ligand,1519,1.47125
5uez_ligand,1520,1.74023
5uez_ligand,1521,1.50461
5uez_ligand,1522,1.68194
5uez_ligand,1523,1.36918
5uez_ligand,1524,1.81081
5uez_ligand,1525,1.35549
5uez_ligand,1526,1.69311
5uez_ligand,1527,1.41113
5uez_ligand,1528,1.73162
5uez_ligand,1529,1.27003
5uez_ligand,1530,1.93369
5uez_ligand,1531,1.36846
5uez_ligand,1532,1.6193
5uez_ligand,1533,1.46682
5uez_ligand,1534,1.68744
5uez_ligand,1535,1.39463
5uez_ligand,1536,1.77768
5uez_ligand,1537,1.36363
5uez_ligand,1538,1.70648
5uez_ligand,1539,1.28482
5uez_ligand,1540,1.924
5uez_ligand,1541,1.24247
5uez_ligand,1542,1.63213
5uez_ligand,1543,1.53001
5uez_ligand,1544,1.70738
5uez_ligand,1545,1.38338
5uez_ligand,1546,1.70319
5uez_ligand,1547,1.3949
5uez_ligand,1548,1.71944
5uez_ligand,1549,1.39428
5uez_ligand,1550,1.68474
5uez_ligand,1551,1.36796
5uez_ligand,1552,1.72682
5uez_ligand,1553,1.29847
5uez_ligand,1554,1.70292
5uez_ligand,1555,1.36887
5uez_ligand,1556,1.84654
5uez_ligand,1557,1.31176
5uez_ligand,1558,1.60409
5uez_ligand,1559,1.4658
5uez_ligand,1560,1.70255
5uez_ligand,1561,1.32935
5uez_ligand,1562,1.79653
5uez_ligand,1563,1.40004
5uez_ligand,1564,1.65068
5uez_ligand,1565,1.39338
5uez_ligand,1566,1.74986
5uez_ligand,1567,1.49615
5uez_ligand,1568,1.68138
5uez_ligand,1569,1.37536
5uez_ligand,1570,1.72696
5uez_ligand,1571,1.33794
5uez_ligand,1572,1.85793
5uez_ligand,1573,1.23056
5uez_ligand,1574,1.54263
5uez_ligand,1575,1.6227
5uez_ligand,1576,1.50238
5uez_ligand,1577,1.64134
5uez_ligand,1578,1.41258
5uez_ligand,1579,1.66948
5uez_ligand,1580,1.38881
5uez_ligand,1581,1.73047
5uez_ligand,1582,1.32309
5uez_ligand,1583,1.74744
5uez_ligand,1584,1.2616
5uez_ligand,1585,1.81433
5uez_ligand,1586,1.41017
5uez_ligand,1587,1.65808
5uez_ligand,1588,1.35984
5uez_ligand,1589,1.7931
5uez_ligand,1590,1.26507
5uez_ligand,1591,1.83625
5uez_ligand,1592,1.45025
5uez_ligand,1593,1.66319
5uez_ligand,1594,1.45075
5uez_ligand,1595,1.72327
5uez_ligand,1596,1.34424
5uez_ligand,1597,1.70024
5uez_ligand,1598,1.61541
5uez_ligand,1599,1.40135
5uez_ligand,1600,1.75855
5uez_ligand,1601,1.35065
5uez_ligand,1602,1.68219
5uez_ligand,1603,1.43799
5uez_ligand,1604,1.7539
5uez_ligand,1605,1.29855
5uez_ligand,1606,1.84848
5uez_ligand,1607,1.28983
5uez_ligand,1608,1.70258
5uez_ligand,1609,1.45244
5uez_ligand,1610,1.73275
5uez_ligand,1611,1.36715
5uez_ligand,1612,1.71899
5uez_ligand,1613,1.36424
5uez_ligand,1614,1.75338
5uez_ligand,1615,1.37167
5uez_ligand,1616,1.80951
5uez_ligand,1617,1.2161
5uez_ligand,1618,1.89672
5uez_ligand,1619,1.42651
5uez_ligand,1620,1.7014
5uez_ligand,1621,1.46342
5uez_ligand,1622,1.757
5uez_ligand,1623,1.23505
5uez_ligand,1624,1.77737
5uez_ligand,1625,1.41657
5uez_ligand,1626,1.75268
5uez_ligand,1627,1.16938
5uez_ligand,1628,1.6873
5uez_ligand,1629,1.50786
5uez_ligand,1630,1.68194
5uez_ligand,1631,1.38521
5uez_ligand,1632,1.65902
5uez_ligand,1633,1.38652
5uez_ligand,1634,1.7379
5uez_ligand,1635,1.2051
5uez_ligand,1636,1.76428
5uez_ligand,1637,1.26322
5uez_ligand,1638,1.85285
5uez_ligand,1639,1.45136
5uez_ligand,1640,1.63239
5uez_ligand,1641,1.43543
5uez_ligand,1642,1.69875
5uez_ligand,1643,1.42614
5uez_ligand,1644,1.74125
5uez_ligand,1645,1.38652
5uez_ligand,1646,1.70398
5uez_ligand,1647,1.32412
5uez_ligand,1648,1.72802
5uez_ligand,1649,1.31024
5uez_ligand,1650,1.83151
5uez_ligand,1651,1.34646
5uez_ligand,1652,1.4791
5uez_ligand,1653,1.78595
5uez_ligand,1654,1.24747
5uez_ligand,1655,1.79601
5uez_ligand,1656,1.40895
5uez_ligand,1657,1.70785
5uez_ligand,1658,1.40411
5uez_ligand,1659,1.76377
5uez_ligand,1660,1.41134
5uez_ligand,1661,1.65604
5uez_ligand,1662,1.39052
5uez_ligand,1663,1.73959
5uez_ligand,1664,1.38051
5uez_ligand,1665,1.63923
5uez_ligand,1666,1.34196
5uez_ligand,1667,1.70737
5uez_ligand,1668,1.35602
5uez_ligand,1669,1.73126
5uez_ligand,1670,1.3574
5uez_ligand,1671,1.71573
5uez_ligand,1672,1.38543
5uez_ligand,1673,1.74678
5uez_ligand,1674,1.31646
5uez_ligand,1675,1.78749
5uez_ligand,1676,1.31571
5uez_ligand,1677,1.73582
5uez_ligand,1678,1.35019
5uez_ligand,1679,1.82657
5uez_ligand,1680,1.21715
5uez_ligand,1681,1.59918
5uez_ligand,1682,1.58581
5uez_ligand,1683,1.41755
5uez_ligand,1684,1.71932
5uez_ligand,1685,1.21363
5uez_ligand,1686,1.83025
5uez_ligand,1687,1.38424
5uez_ligand,1688,1.7094
5uez_ligand,1689,1.37594
5uez_ligand,1690,1.75493
5uez_ligand,1691,1.48132
5uez_ligand,1692,1.73459
5uez_ligand,1693,1.36024
5uez_ligand,1694,1.93847
5uez_ligand,1695,1.32027
5uez_ligand,1696,1.46302
5uez_ligand,1697,1.68263
5uez_ligand,1698,1.47707
5uez_ligand,1699,1.68665
5uez_ligand,1700,1.32506
5uez_ligand,1701,1.76811
5uez_ligand,1702,1.43187
5uez_ligand,1703,1.6731
5uez_ligand,1704,1.46259
5uez_ligand,1705,1.73595
5uez_ligand,1706,1.36702
5uez_ligand,1707,1.69258
5uez_ligand,1708,1.38958
5uez_ligand,1709,1.67548
5uez_ligand,1710,1.39826
5uez_ligand,1711,1.7432
5uez_ligand,1712,1.33232
5uez_ligand,1713,1.72096
5uez_ligand,1714,1.44039
5uez_ligand,1715,1.73638
5uez_ligand,1716,1.42573
5uez_ligand,1717,1.68674
5uez_ligand,1718,1.51993
5uez_ligand,1719,1.74123
5uez_ligand,1720,1.39226
5uez_ligand,1721,1.67018
5uez_ligand,1722,1.34254
5uez_ligand,1723,1.83162
5uez_ligand,1724,1.37602
5uez_ligand,1725,1.7382
5uez_ligand,1726,1.39758
5uez_ligand,1727,1.79244
5uez_ligand,1728,1.2334
5uez_ligand,1729,1.768
5uez_ligand,1730,1.47786
5uez_ligand,1731,1.65512
5uez_ligand,1732,1.40002
5uez_ligand,1733,1.73566
5uez_ligand,1734,1.18283
5uez_ligand,1735,1.75009
5uez_ligand,1736,1.39873
5uez_ligand,1737,1.73489
5uez_ligand,1738,1.32111
5uez_ligand,1739,1.72491
5uez_ligand,1740,1.44209
5uez_ligand,1741,1.78307
5uez_ligand,1742,1.33383
5uez_ligand,1743,1.69617
5uez_ligand,1744,1.43724
5uez_ligand,1745,1.75757
5uez_ligand,1746,1.39582
5uez_ligand,1747,1.7887
5uez_ligand,1748,1.25671
5uez_ligand,1749,1.83331
5uez_ligand,1750,1.30302
5uez_ligand,1751,1.74064
5uez_ligand,1752,1.44913
5uez_ligand,1753,1.77573
5uez_ligand,1754,1.35739
5uez_ligand,1755,1.67942
5uez_ligand,1756,1.43056
5uez_ligand,1757,1.75736
5uez_ligand,1758,1.30008
5uez_ligand,1759,1.73908
5uez_ligand,1760,1.55766
5uez_ligand,1761,1.69578
5uez_ligand,1762,1.39463
5uez_ligand,1763,1.66578
5uez_ligand,1764,1.36977
5uez_ligand,1765,1.74375
5uez_ligand,1766,1.38071
5uez_ligand,1767,1.62173
5uez_ligand,1768,1.46899
5uez_ligand,1769,1.73628
5uez_ligand,1770,1.30696
5uez_ligand,1771,1.76146
5uez_ligand,1772,1.2678
5uez_ligand,1773,1.89179
5uez_ligand,1774,1.27222
5uez_ligand,1775,1.66702
5uez_ligand,1776,1.55062
5uez_ligand,1777,1.73574
5uez_ligand,1778,1.35022
5uez_ligand,1779,1.72452
5uez_ligand,1780,1.3058
5uez_ligand,1781,1.89466
5uez_ligand,1782,1.28121
5uez_ligand,1783,1.69907
5uez_ligand,1784,1.423
5uez_ligand,1785,1.76833
5uez_ligand,1786,1.3323
5uez_ligand,1787,1.7701
5uez_ligand,1788,1.27458
5uez_ligand,1789,1.86977
5uez_ligand,1790,1.39107
5uez_ligand,1791,1.67357
5uez_ligand,1792,1.34292
5uez_ligand,1793,1.9224
5uez_ligand,1794,1.20803
5uez_ligand,1795,1.77095
5uez_ligand,1796,1.55779
5uez_ligand,1797,1.66871
5uez_ligand,1798,1.44329
5uez_ligand,1799,1.74902
5uez_ligand,1800,1.4419
5uez_ligand,1801,1.77159
5uez_ligand,1802,1.36319
5uez_ligand,1803,1.71939
5uez_ligand,1804,1.34177
5uez_ligand,1805,1.70228
5uez_ligand,1806,1.34714
5uez_ligand,1807,1.73687
5uez_ligand,1808,1.37396
5uez_ligand,1809,1.8096
5uez_ligand,1810,1.15755
5uez_ligand,1811,1.76914
5uez_ligand,1812,1.41845
5uez_ligand,1813,1.73091
5uez_ligand,1814,1.38143
5uez_ligand,1815,1.76579
5uez_ligand,1816,1.31581
5uez_ligand,1817,1.87393
5uez_ligand,1818,1.31646
5uez_ligand,1819,1.59702
5uez_ligand,1820,1.4515
5uez_ligand,1821,1.73075
5uez_ligand,1822,1.51574
5uez_ligand,1823,1.72655
5uez_ligand,1824,1.35791
5uez_ligand,1825,1.71172
5uez_ligand,1826,1.37694
5uez_ligand,1827,1.78025
5uez_ligand,1828,1.38168
5uez_ligand,1829,1.69661
5uez_ligand,1830,1.43635
5uez_ligand,1831,1.73386
5uez_ligand,1832,1.20016
5uez_ligand,1833,1.76507
5uez_ligand,1834,1.38113
5uez_ligand,1835,1.72555
5uez_ligand,1836,1.2984
5uez_ligand,1837,1.88896
5uez_ligand,1838,1.23308
5uez_ligand,1839,1.6506
5uez_ligand,1840,1.46146
5uez_ligand,1841,1.79033
5uez_ligand,1842,1.33675
5uez_ligand,1843,1.73579
5uez_ligand,1844,1.378
5uez_ligand,1845,1.76896
5uez_ligand,1846,1.15619
5uez_ligand,1847,1.72191
5uez_ligand,1848,1.43888
5uez_ligand,1849,1.73423
5uez_ligand,1850,1.39719
5uez_ligand,1851,1.75274
5uez_ligand,1852,1.40256
5uez_ligand,1853,1.69508
5uez_ligand,1854,1.40004
5uez_ligand,1855,1.70985
5uez_ligand,1856,1.37978
5uez_ligand,1857,1.8135
5uez_ligand,1858,1.24722
5uez_ligand,1859,1.828
5uez_ligand,1860,1.42912
5uez_ligand,1861,1.66788
5uez_ligand,1862,1.45785
5uez_ligand,1863,1.70543
5uez_ligand,1864,1.39992
5uez_ligand,1865,1.80294
5uez_ligand,1866,1.38993
5uez_ligand,1867,1.70125
5uez_ligand,1868,1.27755
5uez_ligand,1869,1.85426
5uez_ligand,1870,1.32624
5uez_ligand,1871,1.76064
5uez_ligand,1872,1.32435
5uez_ligand,1873,1.68116
5uez_ligand,1874,1.49433
5uez_ligand,1875,1.74306
5uez_ligand,1876,1.27836
5uez_ligand,1877,1.75132
5uez_ligand,1878,1.45743
5uez_ligand,1879,1.79528
5uez_ligand,1880,1.25099
5uez_ligand,1881,1.68403
5uez_ligand,1882,1.41507
5uez_ligand,1883,1.77231
5uez_ligand,1884,1.42795
5uez_ligand,1885,1.54437
5uez_ligand,1886,1.7268
5uez_ligand,1887,1.33733
5uez_ligand,1888,1.66534
5uez_ligand,1889,1.36535
5uez_ligand,1890,1.74734
5uez_ligand,1891,1.28089
5uez_ligand,1892,1.82797
5uez_ligand,1893,1.33437
5uez_ligand,1894,1.49444
5uez_ligand,1895,1.72896
5uez_ligand,1896,1.33193
5uez_ligand,1897,1.76667
5uez_ligand,1898,1.30707
5uez_ligand,1899,1.78651
5uez_ligand,1900,1.26869
5uez_ligand,1901,1.88133
5uez_ligand,1902,1.30276
5uez_ligand,1903,1.58167
5uez_ligand,1904,1.50556
5uez_ligand,1905,1.68426
5uez_ligand,1906,1.38142
5uez_ligand,1907,1.64245
5uez_ligand,1908,1.38953
5uez_ligand,1909,1.74756
5uez_ligand,1910,1.40354
5uez_ligand,1911,1.76253
5uez_ligand,1912,1.36023
5uez_ligand,1913,1.76586
5uez_ligand,1914,1.31396
5uez_ligand,1915,1.76134
5uez_ligand,1916,1.3567
5uez_ligand,1917,1.81588
5uez_ligand,1918,1.16001
5uez_ligand,1919,1.79629
5uez_ligand,1920,1.60879
5uez_ligand,1921,1.6175
5uez_ligand,1922,1.60505
5uez_ligand,1923,1.67125
5uez_ligand,1924,1.44329
5uez_ligand,1925,1.69516
5uez_ligand,1926,1.37722
5uez_ligand,1927,1.67389
5uez_ligand,1928,1.37603
5uez_ligand,1929,1.76316
5uez_ligand,1930,1.33603
5uez_ligand,1931,1.70922
5uez_ligand,1932,1.35429
5uez_ligand,1933,1.81016
5uez_ligand,1934,1.25756
5uez_ligand,1935,1.8837
5uez_ligand,1936,1.29734
5uez_ligand,1937,1.55515
5uez_ligand,1938,1.55155
5uez_ligand,1939,1.48359
5uez_ligand,1940,1.6796
5uez_ligand,1941,1.27397
5uez_ligand,1942,1.88143
5uez_ligand,1943,1.482
5uez_ligand,1944,1.65008
5uez_ligand,1945,1.41715
5uez_ligand,1946,1.75519
5uez_ligand,1947,1.46208
5uez_ligand,1948,1.74556
5uez_ligand,1949,1.37387
5uez_ligand,1950,1.7377
5uez_ligand,1951,1.34738
5uez_ligand,1952,1.76687
5uez_ligand,1953,1.27404
5uez_ligand,1954,1.72934
5uez_ligand,1955,1.47949
5uez_ligand,1956,1.6873
5uez_ligand,1957,1.39915
5uez_ligand,1958,1.76627
5uez_ligand,1959,1.36147
5uez_ligand,1960,1.58676
5uez_ligand,1961,1.45488
5uez_ligand,1962,1.68895
5uez_ligand,1963,1.45458
5uez_ligand,1964,1.73085
5uez_ligand,1965,1.37411
5uez_ligand,1966,1.72957
5uez_ligand,1967,1.32881
5uez_ligand,1968,1.76517
5uez_ligand,1969,1.33985
5uez_ligand,1970,1.78914
5uez_ligand,1971,1.23428
5uez_ligand,1972,1.84305
5uez_ligand,1973,1.38467
5uez_ligand,1974,1.70082
5uez_ligand,1975,1.38682
5uez_ligand,1976,1.76766
5uez_ligand,1977,1.3685
5uez_ligand,1978,1.65526
5uez_ligand,1979,1.31039
5uez_ligand,1980,1.90152
5uez_ligand,1981,1.34097
5uez_ligand,1982,1.66326
5uez_ligand,1983,1.29242
5uez_ligand,1984,1.88143
5uez_ligand,1985,1.24986
5uez_ligand,1986,1.62855
5uez_ligand,1987,1.50656
5uez_ligand,1988,1.70126
5uez_ligand,1989,1.53387
5uez_ligand,1990,1.70578
5uez_ligand,1991,1.39555
5uez_ligand,1992,1.63467
5uez_ligand,1993,1.44323
5uez_ligand,1994,1.68093
5uez_ligand,1995,1.38825
5uez_ligand,1996,1.65508
5uez_ligand,1997,1.37205
5uez_ligand,1998,1.74955
5uez_ligand,1999,1.26329
5uez_ligand,2000,1.82058
5uez_ligand,2001,1.343
5uez_ligand,2002,1.62981
5uez_ligand,2003,1.46489
5uez_ligand,2004,1.69356
5uez_ligand,2005,1.42182
5uez_ligand,2006,1.79101
5uez_ligand,2007,1.29687
5uez_ligand,2008,1.61413
5uez_ligand,2009,1.47382
5uez_ligand,2010,1.7094
5uez_ligand,2011,1.36831
5uez_ligand,2012,1.75121
5uez_ligand,2013,1.20734
5uez_ligand,2014,1.74949
5uez_ligand,2015,1.44902
5uez_ligand,2016,1.66382
5uez_ligand,2017,1.2494
5uez_ligand,2018,1.74854
5uez_ligand,2019,1.3186
5uez_ligand,2020,1.7508
5uez_ligand,2021,1.29653
5uez_ligand,2022,1.84245
5uez_ligand,2023,1.34247
5uez_ligand,2024,1.49238
5uez_ligand,2025,1.65021
5uez_ligand,2026,1.46438
5uez_ligand,2027,1.69762
5uez_ligand,2028,1.39145
5uez_ligand,2029,1.75177
5uez_ligand,2030,1.22747
5uez_ligand,2031,1.74911
5uez_ligand,2032,1.46736
5uez_ligand,2033,1.65266
5uez_ligand,2034,1.27388
5uez_ligand,2035,1.75172
5uez_ligand,2036,1.37495
5uez_ligand,2037,1.65639
5uez_ligand,2038,1.34946
5uez_ligand,2039,1.77232
5uez_ligand,2040,1.22051
5uez_ligand,2041,1.73589
5uez_ligand,2042,1.42741
5uez_ligand,2043,1.64197
5uez_ligand,2044,1.40277
5uez_ligand,2045,1.75967
5uez_ligand,2046,1.25057
5uez_ligand,2047,1.66844
5uez_ligand,2048,1.49434
5uez_ligand,2049,1.67833
5uez_ligand,2050,1.34399
5uez_ligand,2051,1.75169
5uez_ligand,2052,1.26499
5uez_ligand,2053,1.69032
5uez_ligand,2054,1.4549
5uez_ligand,2055,1.69746
5uez_ligand,2056,1.2762
5uez_ligand,2057,1.80994
5uez_ligand,2058,1.25055
5uez_ligand,2059,1.61608
5uez_ligand,2060,1.59487
5uez_ligand,2061,1.47637
5uez_ligand,2062,1.71174
5uez_ligand,2063,1.37787
5uez_ligand,2064,1.62158
5uez_ligand,2065,1.44323
5uez_ligand,2066,1.6076
5uez_ligand,2067,1.44375
5uez_ligand,2068,1.68095
5uez_ligand,2069,1.31218
5uez_ligand,2070,1.73826
5uez_ligand,2071,1.22694
5uez_ligand,2072,1.75953
5uez_ligand,2073,1.37046
5uez_ligand,2074,1.59877
5uez_ligand,2075,1.46241
5uez_ligand,2076,1.75656
5uez_ligand,2077,1.25766
5uez_ligand,2078,1.65783
5uez_ligand,2079,1.4685
5uez_ligand,2080,1.58693
5uez_ligand,2081,1.52066
5uez_ligand,2082,1.69822
5uez_ligand,2083,1.34173
5uez_ligand,2084,1.7292
5uez_ligand,2085,1.39824
5uez_ligand,2086,1.62577
5uez_ligand,2087,1.41254
5uez_ligand,2088,1.70759
5uez_ligand,2089,1.3861
5uez_ligand,2090,1.65182
5uez_ligand,2091,1.36798
5uez_ligand,2092,1.76214
5uez_ligand,2093,1.25067
5uez_ligand,2094,1.69436
5uez_ligand,2095,1.38031
5uez_ligand,2096,1.7065
5uez_ligand,2097,1.42926
5uez_ligand,2098,1.69878
5uez_ligand,2099,1.31249
5uez_ligand,2100,1.77809
5uez_ligand,2101,1.14417
5uez_ligand,2102,1.65082
5uez_ligand,2103,1.80876
5uez_ligand,2104,1.50948
5uez_ligand,2105,1.59051
5uez_ligand,2106,1.31124
5uez_ligand,2107,1.79811
5uez_ligand,2108,1.19362
5uez_ligand,2109,1.78183
5uez_ligand,2110,1.50938
5uez_ligand,2111,1.67189
5uez_ligand,2112,1.22049
5uez_ligand,2113,1.76226
5uez_ligand,2114,1.55122
5uez_ligand,2115,1.64816
5uez_ligand,2116,1.32625
5uez_ligand,2117,1.79452
5uez_ligand,2118,1.36424
5uez_ligand,2119,1.57097
5uez_ligand,2120,1.53219
5uez_ligand,2121,1.5518
5uez_ligand,2122,1.5039
5uez_ligand,2123,1.53334
5uez_ligand,2124,1.62835
5uez_ligand,2125,1.46889
5uez_ligand,2126,1.59938
5uez_ligand,2127,1.49413
5uez_ligand,2128,1.68506
5uez_ligand,2129,1.26757
5uez_ligand,2130,1.70774
5uez_ligand,2131,1.37522
5uez_ligand,2132,1.62705
5uez_ligand,2133,1.52992
5uez_ligand,2134,1.56076
5uez_ligand,2135,1.51289
5uez_ligand,2136,1.61687
5uez_ligand,2137,1.42982
5uez_ligand,2138,1.67071
5uez_ligand,2139,1.3589
5uez_ligand,2140,1.68473
5uez_ligand,2141,1.42736
5uez_ligand,2142,1.67528
5uez_ligand,2143,1.41193
5uez_ligand,2144,1.74704
5uez_ligand,2145,1.28797
5uez_ligand,2146,1.7058
5uez_ligand,2147,1.34079
5uez_ligand,2148,1.76502
5uez_ligand,2149,1.31244
5uez_ligand,2150,1.5674
5uez_ligand,2151,1.44976
5uez_ligand,2152,1.68957
5uez_ligand,2153,1.34294
5uez_ligand,2154,1.72146
5uez_ligand,2155,1.3917
5uez_ligand,2156,1.77727
5uez_ligand,2157,1.1576
5uez_ligand,2158,1.68814
5uez_ligand,2159,1.45254
5uez_ligand,2160,1.59527
5uez_ligand,2161,1.51961
5uez_ligand,2162,1.57894
5uez_ligand,2163,1.57078
5uez_ligand,2164,1.51934
5uez_ligand,2165,1.64293
5uez_ligand,2166,1.42034
5uez_ligand,2167,1.73893
5uez_ligand,2168,1.28901
5uez_ligand,2169,1.71467
5uez_ligand,2170,1.33775
5uez_ligand,2171,1.75578
5uez_ligand,2172,1.30447
5uez_ligand,2173,1.66919
5uez_ligand,2174,1.47606
5uez_ligand,2175,1.65676
5uez_ligand,2176,1.54683
5uez_ligand,2177,1.55229
5uez_ligand,2178,1.57696
5uez_ligand,2179,1.64786
5uez_ligand,2180,1.32342
5uez_ligand,2181,1.71268
5uez_ligand,2182,1.43888
5uez_ligand,2183,1.69845
5uez_ligand,2184,1.37201
5uez_ligand,2185,1.74513
5uez_ligand,2186,1.30925
5uez_ligand,2187,1.67563
5uez_ligand,2188,1.46163
5uez_ligand,2189,1.59741
5uez_ligand,2190,1.54485
5uez_ligand,2191,1.601
5uez_ligand,2192,1.51448
5uez_ligand,2193,1.62769
5uez_ligand,2194,1.50395
5uez_ligand,2195,1.5849
5uez_ligand,2196,1.44888
5uez_ligand,2197,1.79221
5uez_ligand,2198,1.27137
5uez_ligand,2199,1.76565
5uez_ligand,2200,1.26425
5uez_ligand,2201,1.62909
5uez_ligand,2202,1.47114
5uez_ligand,2203,1.57536
5uez_ligand,2204,1.5385
5uez_ligand,2205,1.53255
5uez_ligand,2206,1.5378
5uez_ligand,2207,1.56764
5uez_ligand,2208,1.38285
5uez_ligand,2209,1.80647
5uez_ligand,2210,1.27601
5uez_ligand,2211,1.68
5uez_ligand,2212,1.45082
5uez_ligand,2213,1.62887
5uez_ligand,2214,1.42236
5uez_ligand,2215,1.70063
5uez_ligand,2216,1.3414
5uez_ligand,2217,1.7117
5uez_ligand,2218,1.37443
5uez_ligand,2219,1.74927
5uez_ligand,2220,1.26611
5uez_ligand,2221,1.76545
5uez_ligand,2222,1.31615
5uez_ligand,2223,1.62198
5uez_ligand,2224,1.54159
5uez_ligand,2225,1.55689
5uez_ligand,2226,1.45536
5uez_ligand,2227,1.66727
5uez_ligand,2228,1.39198
5uez_ligand,2229,1.65211
5uez_ligand,2230,1.41342
5uez_ligand,2231,1.72099
5uez_ligand,2232,1.31918
5uez_ligand,2233,1.78821
5uez_ligand,2234,1.25784
5uez_ligand,2235,1.77166
5uez_ligand,2236,1.25068
5uez_ligand,2237,1.67125
5uez_ligand,2238,1.50245
5uez_ligand,2239,1.55095
5uez_ligand,2240,1.53304
5uez_ligand,2241,1.55442
5uez_ligand,2242,1.52735
5uez_ligand,2243,1.60887
5uez_ligand,2244,1.54602
5uez_ligand,2245,1.41112
5uez_ligand,2246,1.73243
5uez_ligand,2247,1.29855
5uez_ligand,2248,1.77157
5uez_ligand,2249,1.2711
5uez_ligand,2250,1.69306
5uez_ligand,2251,1.47469
5uez_ligand,2252,1.6907
5uez_ligand,2253,1.34452
5uez_ligand,2254,1.74624
5uez_ligand,2255,1.24791
5uez_ligand,2256,1.73273
5uez_ligand,2257,1.40639
5uez_ligand,2258,1.67533
5uez_ligand,2259,1.46828
5uez_ligand,2260,1.63522
5uez_ligand,2261,1.31547
5uez_ligand,2262,1.80704
5uez_ligand,2263,1.28012
5uez_ligand,2264,1.77996
5uez_ligand,2265,1.16829
5uez_ligand,2266,1.78335
5uez_ligand,2267,1.16893
5uez_ligand,2268,1.75794
5uez_ligand,2269,1.31085
5uez_ligand,2270,1.69833
5uez_ligand,2271,1.35464
5uez_ligand,2272,1.73864
5uez_ligand,2273,1.3274
5uez_ligand,2274,1.76269
5uez_ligand,2275,1.29208
5uez_ligand,2276,1.73941
5uez_ligand,2277,1.39637
5uez_ligand,2278,1.66391
5uez_ligand,2279,1.40032
5uez_ligand,2280,1.77236
5uez_ligand,2281,1.2387
5uez_ligand,2282,1.82453
5uez_ligand,2283,1.1831
5uez_ligand,2284,1.76329
5uez_ligand,2285,1.38082
5uez_ligand,2286,1.66774
5uez_ligand,2287,1.45332
5uez_ligand,2288,1.70796
5uez_ligand,2289,1.34629
5uez_ligand,2290,1.76907
5uez_ligand,2291,1.2815
5uez_ligand,2292,1.82767
5uez_ligand,2293,1.17386
5uez_ligand,2294,1.81639
5uez_ligand,2295,1.38679
5uez_ligand,2296,1.56158
5uez_ligand,2297,1.60097
5uez_ligand,2298,1.49751
5uez_ligand,2299,1.67829
5uez_ligand,2300,1.353
5uez_ligand,2301,1.68655
5uez_ligand,2302,1.36625
5uez_ligand,2303,1.75805
5uez_ligand,2304,1.2869
5uez_ligand,2305,1.73487
5uez_ligand,2306,1.32252
5uez_ligand,2307,1.80423
5uez_ligand,2308,1.18645
5uez_ligand,2309,1.76614
5uez_ligand,2310,1.47067
5uez_ligand,2311,1.68498
5uez_ligand,2312,1.56407
5uez_ligand,2313,1.48347
5uez_ligand,2314,1.53065
5uez_ligand,2315,1.48057
5uez_ligand,2316,1.70226
5uez_ligand,2317,1.30894
5uez_ligand,2318,1.84998
5uez_ligand,2319,1.19022
5uez_ligand,2320,1.73181
5uez_ligand,2321,1.43464
5uez_ligand,2322,1.51783
5uez_ligand,2323,1.53628
5uez_ligand,2324,1.53245
5uez_ligand,2325,1.53499
5uez_ligand,2326,1.45027
5uez_ligand,2327,1.71404
5uez_ligand,2328,1.48436
5uez_ligand,2329,1.60298
5uez_ligand,2330,1.53556
5uez_ligand,2331,1.51306
5uez_ligand,2332,1.72205
5uez_ligand,2333,1.29997
5uez_ligand,2334,1.69728
5uez_ligand,2335,1.31483
5uez_ligand,2336,1.74227
5uez_ligand,2337,1.34478
5uez_ligand,2338,1.66683
5uez_ligand,2339,1.48265
5uez_ligand,2340,1.5636
5uez_ligand,2341,1.53223
5uez_ligand,2342,1.51871
5uez_ligand,2343,1.71812
5uez_ligand,2344,1.28964
5uez_ligand,2345,1.76406
5uez_ligand,2346,1.25514
5uez_ligand,2347,1.81676
5uez_ligand,2348,1.23252
5uez_ligand,2349,1.76873
5uez_ligand,2350,1.29195
5uez_ligand,2351,1.70444
5uez_ligand,2352,1.45719
5uez_ligand,2353,1.5969
5uez_ligand,2354,1.52974
5uez_ligand,2355,1.5023
5uez_ligand,2356,1.72025
5uez_ligand,2357,1.51538
5uez_ligand,2358,1.73677
5uez_ligand,2359,1.48757
5uez_ligand,2360,1.78593
5uez_ligand,2361,1.28016
5uez_ligand,2362,1.69175
5uez_ligand,2363,1.36616
5uez_ligand,2364,1.64901
5uez_ligand,2365,1.44008
5uez_ligand,2366,1.61659
5uez_ligand,2367,1.39635
5uez_ligand,2368,1.68997
5uez_ligand,2369,1.28247
5uez_ligand,2370,1.76452
5uez_ligand,2371,1.2234
5uez_ligand,2372,1.74424
5uez_ligand,2373,1.33885
5uez_ligand,2374,1.64248
5uez_ligand,2375,1.45483
5uez_ligand,2376,1.67176
5uez_ligand,2377,1.42886
5uez_ligand,2378,1.69616
5uez_ligand,2379,1.38333
5uez_ligand,2380,1.68828
5uez_ligand,2381,1.40545
5uez_ligand,2382,1.68248
5uez_ligand,2383,1.3687
5uez_ligand,2384,1.84081
5uez_ligand,2385,1.22135
5uez_ligand,2386,1.75632
5uez_ligand,2387,1.22389
5uez_ligand,2388,1.73564
5uez_ligand,2389,1.26584
5uez_ligand,2390,1.76654
5uez_ligand,2391,1.29166
5uez_ligand,2392,1.78444
5uez_ligand,2393,1.22265
5uez_ligand,2394,1.80195
5uez_ligand,2395,1.29946
5uez_ligand,2396,1.82183
5uez_ligand,2397,1.21185
5uez_ligand,2398,1.72571
5uez_ligand,2399,1.31034
5uez_ligand,2400,1.68423
5uez_ligand,2401,1.34705
5uez_ligand,2402,1.59591
5uez_ligand,2403,1.5239
5uez_ligand,2404,1.66757
5uez_ligand,2405,1.61451
5uez_ligand,2406,1.44662
5uez_ligand,2407,1.60373
5uez_ligand,2408,1.48224
5uez_ligand,2409,1.7013
5uez_ligand,2410,1.24536
5uez_ligand,2411,1.69264
5uez_ligand,2412,1.22154
5uez_ligand,2413,1.77258
5uez_ligand,2414,1.17737
5uez_ligand,2415,1.75999
5uez_ligand,2416,1.25844
5uez_ligand,2417,1.63896
5uez_ligand,2418,1.44912
5uez_ligand,2419,1.61608
5uez_ligand,2420,1.45008
5uez_ligand,2421,1.61669
5uez_ligand,2422,1.48565
5uez_ligand,2423,1.60343
5uez_ligand,2424,1.52609
5uez_ligand,2425,1.70302
5uez_ligand,2426,1.26895
5uez_ligand,2427,1.70316
5uez_ligand,2428,1.2612
5uez_ligand,2429,1.70296
5uez_ligand,2430,1.3242
5uez_ligand,2431,1.70668
5uez_ligand,2432,1.34708
5uez_ligand,2433,1.72447
5uez_ligand,2434,1.42065
5uez_ligand,2435,1.628
5uez_ligand,2436,1.43956
5uez_ligand,2437,1.68562
5uez_ligand,2438,1.23085
5uez_ligand,2439,1.70149
5uez_ligand,2440,1.32701
5uez_ligand,2441,1.65302
5uez_ligand,2442,1.31202
5uez_ligand,2443,1.65508
5uez_ligand,2444,1.30925
5uez_ligand,2445,1.72223
5uez_ligand,2446,1.25413
5uez_ligand,2447,1.59145
5uez_ligand,2448,1.47168
5uez_ligand,2449,1.65112
5uez_ligand,2450,1.34751
5uez_ligand,2451,1.55019
5uez_ligand,2452,1.5285
5uez_ligand,2453,1.74847
5uez_ligand,2454,1.29127
5uez_ligand,2455,1.66277
5uez_ligand,2456,1.24166
5uez_ligand,2457,1.6436
5uez_ligand,2458,1.43303
5uez_ligand,2459,1.65088
5uez_ligand,2460,1.3314
5uez_ligand,2461,1.57099
5uez_ligand,2462,1.51968
5uez_ligand,2463,1.66277
5uez_ligand,2464,1.32259
5uez_ligand,2465,1.59841
5uez_ligand,2466,1.41622
5uez_ligand,2467,1.68081
5uez_ligand,2468,1.34897
5uez_ligand,2469,1.59305
5uez_ligand,2470,1.49854
5uez_ligand,2471,1.72546
5uez_ligand,2472,1.24026
5uez_ligand,2473,1.5913
5uez_ligand,2474,1.50149
5uez_ligand,2475,1.71482
5uez_ligand,2476,1.35777
5uez_ligand,2477,1.6778
5uez_ligand,2478,1.28431
5uez_ligand,2479,1.66081
5uez_ligand,2480,1.39524
5uez_ligand,2481,1.67949
5uez_ligand,2482,1.52683
5uez_ligand,2483,1.40164
5uez_ligand,2484,1.7225
5uez_ligand,2485,1.27124
5uez_ligand,2486,1.61364
5uez_ligand,2487,1.52522
5uez_ligand,2488,1.48375
5uez_ligand,2489,1.72246
5uez_ligand,2490,1.26622
5uez_ligand,2491,1.61264
5uez_ligand,2492,1.44777
5uez_ligand,2493,1.6729
5uez_ligand,2494,1.29151
5uez_ligand,2495,1.54599
5uez_ligand,2496,1.75162
5uez_ligand,2497,1.31765
5uez_ligand,2498,1.6025
5uez_ligand,2499,1.65761
5uez_ligand,2500,1.3117
5uez_ligand,2501,1.54105
5uez_ligand,2502,1.79885
5uez_ligand,2503,1.30091
5uez_ligand,2504,1.53959
5uez_ligand,2505,1.67906
5uez_ligand,2506,1.32928
5uez_ligand,2507,1.59497
5uez_ligand,2508,1.48964
5uez_ligand,2509,1.55018
5uez_ligand,2510,1.54185
5uez_ligand,2511,1.63438
5uez_ligand,2512,1.32332
5uez_ligand,2513,1.6093
5uez_ligand,2514,1.57428
5uez_ligand,2515,1.4875
5uez_ligand,2516,1.44794
5uez_ligand,2517,1.646
5uez_ligand,2518,1.38867
5uez_ligand,2519,1.65324
5uez_ligand,2520,1.39339
5uez_ligand,2521,1.58237
5uez_ligand,2522,1.5409
5uez_ligand,2523,1.64024
5uez_ligand,2524,1.61825
5uez_ligand,2525,1.45462
5uez_ligand,2526,1.75782
5uez_ligand,2527,1.36817
5uez_ligand,2528,1.62834
5uez_ligand,2529,1.36128
5uez_ligand,2530,1.65088
5uez_ligand,2531,1.40158
5uez_ligand,2532,1.66755
5uez_ligand,2533,1.61421
5uez_ligand,2534,1.45976
5uez_ligand,2535,1.63432
5uez_ligand,2536,1.36183
5uez_ligand,2537,1.60511
5uez_ligand,2538,1.50387
5uez_ligand,2539,1.69218
5uez_ligand,2540,1.39455
5uez_ligand,2541,1.57587
5uez_ligand,2542,1.58303
5uez_ligand,2543,1.73637
5uez_ligand,2544,1.26721
5uez_ligand,2545,1.53282
5uez_ligand,2546,1.70356
5uez_ligand,2547,1.34564
5uez_ligand,2548,1.58941
5uez_ligand,2549,1.57278
5uez_ligand,2550,1.55067
5uez_ligand,2551,1.41377
5uez_ligand,2552,1.63895
5uez_ligand,2553,1.4199
5uez_ligand,2554,1.58267
5uez_ligand,2555,1.50746
5uez_ligand,2556,1.64878
5uez_ligand,2557,1.32654
5uez_ligand,2558,1.518
5uez_ligand,2559,1.63112
5uez_ligand,2560,1.58799
5uez_ligand,2561,1.43215
5uez_ligand,2562,1.6494
5uez_ligand,2563,1.31857
5uez_ligand,2564,1.58564
5uez_ligand,2565,1.50097
5uez_ligand,2566,1.55266
5uez_ligand,2567,1.68748
5uez_ligand,2568,1.45158
5uez_ligand,2569,1.65315
5uez_ligand,2570,1.50103
5uez_ligand,2571,1.5599
5uez_ligand,2572,1.59604
5uez_ligand,2573,1.44054
5uez_ligand,2574,1.68836
5uez_ligand,2575,1.20483
5uez_ligand,2576,1.55588
5uez_ligand,2577,1.56794
5uez_ligand,2578,1.5102
5uez_ligand,2579,1.6931
5uez_ligand,2580,1.32944
5uez_ligand,2581,1.61483
5uez_ligand,2582,1.42141
5uez_ligand,2583,1.61785
5uez_ligand,2584,1.55535
5uez_ligand,2585,1.49405
5uez_ligand,2586,1.54553
5uez_ligand,2587,1.67833
5uez_ligand,2588,1.35338
5uez_ligand,2589,1.56064
5uez_ligand,2590,1.55417
5uez_ligand,2591,1.63997
5uez_ligand,2592,1.30686
5uez_ligand,2593,1.62689
5uez_ligand,2594,1.43525
5uez_ligand,2595,1.62565
5uez_ligand,2596,1.59211
5uez_ligand,2597,1.45343
5uez_ligand,2598,1.73841
5uez_ligand,2599,1.27426
5uez_ligand,2600,1.58553
5uez_ligand,2601,1.48249
5uez_ligand,2602,1.67619
5uez_ligand,2603,1.38658
5uez_ligand,2604,1.63893
5uez_ligand,2605,1.45555
5uez_ligand,2606,1.56349
5uez_ligand,2607,1.47095
5uez_ligand,2608,1.71823
5uez_ligand,2609,1.31978
5uez_ligand,2610,1.60886
5uez_ligand,2611,1.43072
5uez_ligand,2612,1.64155
5uez_ligand,2613,1.31604
5uez_ligand,2614,1.543
5uez_ligand,2615,1.48725
5uez_ligand,2616,1.70643
5uez_ligand,2617,1.36674
5uez_ligand,2618,1.54513
5uez_ligand,2619,1.67748
5uez_ligand,2620,1.36712
5uez_ligand,2621,1.59467
5uez_ligand,2622,1.47744
5uez_ligand,2623,1.61545
5uez_ligand,2624,1.57384
5uez_ligand,2625,1.5516
5uez_ligand,2626,1.54148
5uez_ligand,2627,1.46936
5uez_ligand,2628,1.67797
5uez_ligand,2629,1.36755
5uez_ligand,2630,1.62184
5uez_ligand,2631,1.4115
5uez_ligand,2632,1.68202
5uez_ligand,2633,1.37248
5uez_ligand,2634,1.60009
5uez_ligand,2635,1.39544
5uez_ligand,2636,1.58103
5uez_ligand,2637,1.57431
5uez_ligand,2638,1.49403
5uez_ligand,2639,1.50266
5uez_ligand,2640,1.69913
5uez_ligand,2641,1.35477
5uez_ligand,2642,1.55454
5uez_ligand,2643,1.53596
5uez_ligand,2644,1.62395
5uez_ligand,2645,1.5823
5uez_ligand,2646,1.47748
5uez_ligand,2647,1.73416
5uez_ligand,2648,1.44361
5uez_ligand,2649,1.66488
5uez_ligand,2650,1.46331
5uez_ligand,2651,1.70297
5uez_ligand,2652,1.27991
5uez_ligand,2653,1.60023
5uez_ligand,2654,1.41962
5uez_ligand,2655,1.58049
5uez_ligand,2656,1.58365
5uez_ligand,2657,1.44528
5uez_ligand,2658,1.7536
5uez_ligand,2659,1.33533
5uez_ligand,2660,1.72446
5uez_ligand,2661,1.35132
5uez_ligand,2662,1.62591
5uez_ligand,2663,1.4939
5uez_ligand,2664,1.69246
5uez_ligand,2665,1.33566
5uez_ligand,2666,1.62924
5uez_ligand,2667,1.33448
5uez_ligand,2668,1.6835
5uez_ligand,2669,1.31413
5uez_ligand,2670,1.55674
5uez_ligand,2671,1.56345
5uez_ligand,2672,1.48936
5uez_ligand,2673,1.70938
5uez_ligand,2674,1.27116
5uez_ligand,2675,1.53447
5uez_ligand,2676,1.63459
5uez_ligand,2677,1.49941
5uez_ligand,2678,1.67963
5uez_ligand,2679,1.52947
5uez_ligand,2680,1.65647
5uez_ligand,2681,1.43458
5uez_ligand,2682,1.71944
5uez_ligand,2683,1.29193
5uez_ligand,2684,1.55157
5uez_ligand,2685,1.65972
5uez_ligand,2686,1.31785
5uez_ligand,2687,1.57385
5uez_ligand,2688,1.59165
5uez_ligand,2689,1.43442
5uez_ligand,2690,1.60343
5uez_ligand,2691,1.6342
5uez_ligand,2692,1.58236
5uez_ligand,2693,1.54505
5uez_ligand,2694,1.5684
5uez_ligand,2695,1.5338
5uez_ligand,2696,1.68948
5uez_ligand,2697,1.44421
5uez_ligand,2698,1.64072
5uez_ligand,2699,1.54782
5uez_ligand,2700,1.52192
5uez_ligand,2701,1.49316
5uez_ligand,2702,1.70816
5uez_ligand,2703,1.32815
5uez_ligand,2704,1.60293
5uez_ligand,2705,1.42552
5uez_ligand,2706,1.5727
5uez_ligand,2707,1.54354
5uez_ligand,2708,1.6892
5uez_ligand,2709,1.27508
5uez_ligand,2710,1.47788
5uez_ligand,2711,1.7482
5uez_ligand,2712,1.38972
5uez_ligand,2713,1.65887
5uez_ligand,2714,1.49265
5uez_ligand,2715,1.67736
5uez_ligand,2716,1.31273
5uez_ligand,2717,1.52487
5uez_ligand,2718,1.61474
5uez_ligand,2719,1.56643
5uez_ligand,2720,1.68153
5uez_ligand,2721,1.41976
5uez_ligand,2722,1.69629
5uez_ligand,2723,1.41572
5uez_ligand,2724,1.60776
5uez_ligand,2725,1.43079
5uez_ligand,2726,1.65888
5uez_ligand,2727,1.37119
5uez_ligand,2728,1.6386
5uez_ligand,2729,1.40199
5uez_ligand,2730,1.60576
5uez_ligand,2731,1.48783
5uez_ligand,2732,1.6179
5uez_ligand,2733,1.51551
5uez_ligand,2734,1.5565
5uez_ligand,2735,1.49097
5uez_ligand,2736,1.64425
5uez_ligand,2737,1.26239
5uez_ligand,2738,1.54384
5uez_ligand,2739,1.47922
5uez_ligand,2740,1.6249
5uez_ligand,2741,1.4087
5uez_ligand,2742,1.59114
5uez_ligand,2743,1.65653
5uez_ligand,2744,1.38986
5uez_ligand,2745,1.71271
5uez_ligand,2746,1.33465
5uez_ligand,2747,1.64364
5uez_ligand,2748,1.40225
5uez_ligand,2749,1.75725
5uez_ligand,2750,1.18704
5uez_ligand,2751,1.60944
5uez_ligand,2752,1.40418
5uez_ligand,2753,1.54843
5uez_ligand,2754,1.60253
5uez_ligand,2755,1.46089
5uez_ligand,2756,1.80384
5uez_ligand,2757,1.25424
5uez_ligand,2758,1.58429
5uez_ligand,2759,1.63401
5uez_ligand,2760,1.34896
5uez_ligand,2761,1.62285
5uez_ligand,2762,1.4641
5uez_ligand,2763,1.58309
5uez_ligand,2764,1.41051
5uez_ligand,2765,1.57165
5uez_ligand,2766,1.45895
5uez_ligand,2767,1.63299
5uez_ligand,2768,1.42718
5uez_ligand,2769,1.60303
5uez_ligand,2770,1.4899
5uez_ligand,2771,1.55712
5uez_ligand,2772,1.50171
5uez_ligand,2773,1.65928
5uez_ligand,2774,1.35054
5uez_ligand,2775,1.51873
5uez_ligand,2776,1.59123
5uez_ligand,2777,1.43391
5uez_ligand,2778,1.71592
5uez_ligand,2779,1.33338
5uez_ligand,2780,1.67859
5uez_ligand,2781,1.43207
5uez_ligand,2782,1.64928
5uez_ligand,2783,1.33877
5uez_ligand,2784,1.62211
5uez_ligand,2785,1.33261
5uez_ligand,2786,1.63798
5uez_ligand,2787,1.36532
5uez_ligand,2788,1.64991
5uez_ligand,2789,1.33078
5uez_ligand,2790,1.67607
5uez_ligand,2791,1.30082
5uez_ligand,2792,1.60944
5uez_ligand,2793,1.59281
5uez_ligand,2794,1.53352
5uez_ligand,2795,1.68213
5uez_ligand,2796,1.45089
5uez_ligand,2797,1.64839
5uez_ligand,2798,1.53906
5uez_ligand,2799,1.67179
5uez_ligand,2800,1.42576
5uez_ligand,2801,1.72192
5uez_ligand,2802,1.34509
5uez_ligand,2803,1.61181
5uez_ligand,2804,1.46135
5uez_ligand,2805,1.62063
5uez_ligand,2806,1.55631
5uez_ligand,2807,1.65911
5uez_ligand,2808,1.54459
5uez_ligand,2809,1.55794
5uez_ligand,2810,1.53313
5uez_ligand,2811,1.56029
5uez_ligand,2812,1.52648
5uez_ligand,2813,1.72996
5uez_ligand,2814,1.35402
5uez_ligand,2815,1.59611
5uez_ligand,2816,1.54283
5uez_ligand,2817,1.49096
5uez_ligand,2818,1.7257
5uez_ligand,2819,1.24984
5uez_ligand,2820,1.50433
5uez_ligand,2821,1.59477
5uez_ligand,2822,1.53009
5uez_ligand,2823,1.6468
5uez_ligand,2824,1.34945
5uez_ligand,2825,1.51963
5uez_ligand,2826,1.5407
5uez_ligand,2827,1.66389
5uez_ligand,2828,1.35355
5uez_ligand,2829,1.61371
5uez_ligand,2830,1.48034
5uez_ligand,2831,1.61773
5uez_ligand,2832,1.45068
5uez_ligand,2833,1.62487
5uez_ligand,2834,1.41541
5uez_ligand,2835,1.63004
5uez_ligand,2836,1.35192
5uez_ligand,2837,1.58244
5uez_ligand,2838,1.48409
5uez_ligand,2839,1.65677
5uez_ligand,2840,1.40089
5uez_ligand,2841,1.57023
5uez_ligand,2842,1.42341
5uez_ligand,2843,1.67336
5uez_ligand,2844,1.38044
5uez_ligand,2845,1.66202
5uez_ligand,2846,1.4521
5uez_ligand,2847,1.53635
5uez_ligand,2848,1.46198
5uez_ligand,2849,1.71007
5uez_ligand,2850,1.35742
5uez_ligand,2851,1.61403
5uez_ligand,2852,1.49666
5uez_ligand,2853,1.68136
5uez_ligand,2854,1.30522
5uez_ligand,2855,1.60336
5uez_ligand,2856,1.46407
5uez_ligand,2857,1.62116
5uez_ligand,2858,1.40904
5uez_ligand,2859,1.58528
5uez_ligand,2860,1.54497
5uez_ligand,2861,1.58705
5uez_ligand,2862,1.36853
5uez_ligand,2863,1.645
5uez_ligand,2864,1.48017
5uez_ligand,2865,1.62134
5uez_ligand,2866,1.57302
5uez_ligand,2867,1.49708
5uez_ligand,2868,1.53481
5uez_ligand,2869,1.48519
5uez_ligand,2870,1.63005
5uez_ligand,2871,1.4148
5uez_ligand,2872,1.60048
5uez_ligand,2873,1.63783
5uez_ligand,2874,1.363
5uez_ligand,2875,1.70794
5uez_ligand,2876,1.45282
5uez_ligand,2877,1.72873
5uez_ligand,2878,1.31029
5uez_ligand,2879,1.73671
5uez_ligand,2880,1.48575
5uez_ligand,2881,1.63468
5uez_ligand,2882,1.40149
5uez_ligand,2883,1.67341
5uez_ligand,2884,1.31577
5uez_ligand,2885,1.61487
5uez_ligand,2886,1.53039
5uez_ligand,2887,1.55123
5uez_ligand,2888,1.76402
5uez_ligand,2889,1.22288
5uez_ligand,2890,1.64812
5uez_ligand,2891,1.53191
5uez_ligand,2892,1.58378
5uez_ligand,2893,1.51914
5uez_ligand,2894,1.61528
5uez_ligand,2895,1.48324
5uez_ligand,2896,1.59149
5uez_ligand,2897,1.56061
5uez_ligand,2898,1.5305
5uez_ligand,2899,1.53631
5uez_ligand,2900,1.64689
5uez_ligand,2901,1.40192
5uez_ligand,2902,1.55491
5uez_ligand,2903,1.4793
5uez_ligand,2904,1.53233
5uez_ligand,2905,1.7363
5uez_ligand,2906,1.38878
5uez_ligand,2907,1.64438
5uez_ligand,2908,1.32733
5uez_ligand,2909,1.61084
5uez_ligand,2910,1.49294
5uez_ligand,2911,1.64429
5uez_ligand,2912,1.58113
5uez_ligand,2913,1.43382
5uez_ligand,2914,1.72645
5uez_ligand,2915,1.39893
5uez_ligand,2916,1.64476
5uez_ligand,2917,1.4328
5uez_ligand,2918,1.65625
5uez_ligand,2919,1.51619
5uez_ligand,2920,1.69922
5uez_ligand,2921,1.41212
5uez_ligand,2922,1.70013
5uez_ligand,2923,1.28671
5uez_ligand,2924,1.62513
5uez_ligand,2925,1.3706
5uez_ligand,2926,1.60873
5uez_ligand,2927,1.34248
5uez_ligand,2928,1.64861
5uez_ligand,2929,1.46609
5uez_ligand,2930,1.72813
5uez_ligand,2931,1.28889
5uez_ligand,2932,1.53305
5uez_ligand,2933,1.58098
5uez_ligand,2934,1.68107
5uez_ligand,2935,1.37343
5uez_ligand,2936,1.51935
5uez_ligand,2937,1.60409
5uez_ligand,2938,1.44
5uez_ligand,2939,1.69603
5uez_ligand,2940,1.40735
5uez_ligand,2941,1.61192
5uez_ligand,2942,1.4348
5uez_ligand,2943,1.63727
5uez_ligand,2944,1.4341
5uez_ligand,2945,1.43975
5uez_ligand,2946,1.75066
5uez_ligand,2947,1.41698
5uez_ligand,2948,1.73079
5uez_ligand,2949,1.32917
5uez_ligand,2950,1.60331
5uez_ligand,2951,1.52239
5uez_ligand,2952,1.63813
5uez_ligand,2953,1.56358
5uez_ligand,2954,1.56034
5uez_ligand,2955,1.44855
5uez_ligand,2956,1.73878
5uez_ligand,2957,1.37565
5uez_ligand,2958,1.57432
5uez_ligand,2959,1.52872
5uez_ligand,2960,1.67476
5uez_ligand,2961,1.3079
5uez_ligand,2962,1.47942
5uez_ligand,2963,1.69896
5uez_ligand,2964,1.38668
5uez_ligand,2965,1.6969
5uez_ligand,2966,1.30672
5uez_ligand,2967,1.67929
5uez_ligand,2968,1.40203
5uez_ligand,2969,1.61428
5uez_ligand,2970,1.3521
5uez_ligand,2971,1.61396
5uez_ligand,2972,1.41661
5uez_ligand,2973,1.66045
5uez_ligand,2974,1.34232
5uez_ligand,2975,1.56746
5uez_ligand,2976,1.58861
5uez_ligand,2977,1.47855
5uez_ligand,2978,1.75297
5uez_ligand,2979,1.26727
5uez_ligand,2980,1.58293
5uez_ligand,2981,1.59522
5uez_ligand,2982,1.45616
5uez_ligand,2983,1.69026
5uez_ligand,2984,1.38823
5uez_ligand,2985,1.58563
5uez_ligand,2986,1.50379
5uez_ligand,2987,1.64755
5uez_ligand,2988,1.3969
5uez_ligand,2989,1.56844
5uez_ligand,2990,1.44274
5uez_ligand,2991,1.58858
5uez_ligand,2992,1.53184
5uez_ligand,2993,1.68161
5uez_ligand,2994,1.32464
5uez_ligand,2995,1.48391
5uez_ligand,2996,1.63921
5uez_ligand,2997,1.4461
5uez_ligand,2998,1.65601
5uez_ligand,2999,1.48497
5uez_ligand,3000,1.68692
5uez_ligand,3001,1.42998
5uez_ligand,3002,1.66972
5uez_ligand,3003,1.51909
5uez_ligand,3004,1.54904
5uez_ligand,3005,1.68612
5uez_ligand,3006,1.43179
5uez_ligand,3007,1.57785
5uez_ligand,3008,1.40034
5uez_ligand,3009,1.68298
5uez_ligand,3010,1.44845
5uez_ligand,3011,1.65605
5uez_ligand,3012,1.34311
5uez_ligand,3013,1.60721
5uez_ligand,3014,1.41842
5uez_ligand,3015,1.63719
5uez_ligand,3016,1.4306
5uez_ligand,3017,1.72337
5uez_ligand,3018,1.32186
5uez_ligand,3019,1.51602
5uez_ligand,3020,1.73515
5uez_ligand,3021,1.31111
5uez_ligand,3022,1.56181
5uez_ligand,3023,1.62157
5uez_ligand,3024,1.3435
5uez_ligand,3025,1.59321
5uez_ligand,3026,1.43817
5uez_ligand,3027,1.6115
5uez_ligand,3028,1.44745
5uez_ligand,3029,1.64378
5uez_ligand,3030,1.39616
5uez_ligand,3031,1.54958
5uez_ligand,3032,1.7456
5uez_ligand,3033,1.44701
5uez_ligand,3034,1.7171
5uez_ligand,3035,1.34372
5uez_ligand,3036,1.66575
5uez_ligand,3037,1.33857
5uez_ligand,3038,1.61597
5uez_ligand,3039,1.48735
5uez_ligand,3040,1.61994
5uez_ligand,3041,1.40967
5uez_ligand,3042,1.59599
5uez_ligand,3043,1.44766
5uez_ligand,3044,1.6124
5uez_ligand,3045,1.39542
5uez_ligand,3046,1.60452
5uez_ligand,3047,1.38666
5uez_ligand,3048,1.55247
5uez_ligand,3049,1.67488
5uez_ligand,3050,1.41644
5uez_ligand,3051,1.70094
5uez_ligand,3052,1.33492
5uez_ligand,3053,1.67802
5uez_ligand,3054,1.39268
5uez_ligand,3055,1.66253
5uez_ligand,3056,1.24635
5uez_ligand,3057,1.5887
5uez_ligand,3058,1.48552
5uez_ligand,3059,1.65582
5uez_ligand,3060,1.28222
5uez_ligand,3061,1.54081
5uez_ligand,3062,1.50332
5uez_ligand,3063,1.71873
5uez_ligand,3064,1.35286
5uez_ligand,3065,1.62259
5uez_ligand,3066,1.61378
5uez_ligand,3067,1.4495
5uez_ligand,3068,1.77468
5uez_ligand,3069,1.37596
5uez_ligand,3070,1.56514
5uez_ligand,3071,1.59569
5uez_ligand,3072,1.44786
5uez_ligand,3073,1.74535
5uez_ligand,3074,1.27372
5uez_ligand,3075,1.62678
5uez_ligand,3076,1.55942
5uez_ligand,3077,1.66781
5uez_ligand,3078,1.44508
5uez_ligand,3079,1.62476
5uez_ligand,3080,1.59807
5uez_ligand,3081,1.56002
5uez_ligand,3082,1.42257
5uez_ligand,3083,1.65341
5uez_ligand,3084,1.34869
5uez_ligand,3085,1.58163
5uez_ligand,3086,1.40351
5uez_ligand,3087,1.66029
5uez_ligand,3088,1.4177
5uez_ligand,3089,1.68451
5uez_ligand,3090,1.395
5uez_ligand,3091,1.57877
5uez_ligand,3092,1.48354
5uez_ligand,3093,1.63571
5uez_ligand,3094,1.53801
5uez_ligand,3095,1.39446
5uez_ligand,3096,1.65042
5uez_ligand,3097,1.32357
5uez_ligand,3098,1.65583
5uez_ligand,3099,1.49163
5uez_ligand,3100,1.65628
5uez_ligand,3101,1.43038
5uez_ligand,3102,1.57383
5uez_ligand,3103,1.49161
5uez_ligand,3104,1.62047
5uez_ligand,3105,1.56381
5uez_ligand,3106,1.38365
5uez_ligand,3107,1.71332
5uez_ligand,3108,1.35361
5uez_ligand,3109,1.65514
5uez_ligand,3110,1.54488
5uez_ligand,3111,1.63734
5uez_ligand,3112,1.5021
5uez_ligand,3113,1.67161
5uez_ligand,3114,1.40459
5uez_ligand,3115,1.6821
5uez_ligand,3116,1.36375
5uez_ligand,3117,1.57343
5uez_ligand,3118,1.60705
5uez_ligand,3119,1.44426
5uez_ligand,3120,1.70647
5uez_ligand,3121,1.31266
5uez_ligand,3122,1.66453
5uez_ligand,3123,1.34464
5uez_ligand,3124,1.61377
5uez_ligand,3125,1.43439
5uez_ligand,3126,1.61954
5uez_ligand,3127,1.53909
5uez_ligand,3128,1.38834
5uez_ligand,3129,1.72657
5uez_ligand,3130,1.28724
5uez_ligand,3131,1.57789
5uez_ligand,3132,1.52983
5uez_ligand,3133,1.7987
5uez_ligand,3134,1.24592
5uez_ligand,3135,1.58421
5uez_ligand,3136,1.62999
5uez_ligand,3137,1.52274
5uez_ligand,3138,1.46048
5uez_ligand,3139,1.70225
5uez_ligand,3140,1.37069
5uez_ligand,3141,1.6048
5uez_ligand,3142,1.39032
5uez_ligand,3143,1.65822
5uez_ligand,3144,1.50903
5uez_ligand,3145,1.55294
5uez_ligand,3146,1.51551
5uez_ligand,3147,1.66821
5uez_ligand,3148,1.33075
5uez_ligand,3149,1.60298
5uez_ligand,3150,1.57809
5uez_ligand,3151,1.60612
5uez_ligand,3152,1.58687
5uez_ligand,3153,1.42897
5uez_ligand,3154,1.69265
5uez_ligand,3155,1.4563
5uez_ligand,3156,1.68014
5uez_ligand,3157,1.35662
5uez_ligand,3158,1.64608
5uez_ligand,3159,1.46945
5uez_ligand,3160,1.65421
5uez_ligand,3161,1.50688
5uez_ligand,3162,1.69356
5uez_ligand,3163,1.42064
5uez_ligand,3164,1.71494
5uez_ligand,3165,1.32396
5uez_ligand,3166,1.5853
5uez_ligand,3167,1.53655
5uez_ligand,3168,1.5602
5uez_ligand,3169,1.65243
5uez_ligand,3170,1.28393
5uez_ligand,3171,1.52688
5uez_ligand,3172,1.54385
5uez_ligand,3173,1.57725
5uez_ligand,3174,1.59392
5uez_ligand,3175,1.53408
5uez_ligand,3176,1.41238
5uez_ligand,3177,1.56674
5uez_ligand,3178,1.51281
5uez_ligand,3179,1.60655
5uez_ligand,3180,1.4498
5uez_ligand,3181,1.60259
5uez_ligand,3182,1.64951
5uez_ligand,3183,1.46156
5uez_ligand,3184,1.75425
5uez_ligand,3185,1.33588
5uez_ligand,3186,1.62795
5uez_ligand,3187,1.66338
5uez_ligand,3188,1.405
5uez_ligand,3189,1.65512
5uez_ligand,3190,1.43756
5uez_ligand,3191,1.67627
5uez_ligand,3192,1.39673
5uez_ligand,3193,1.56899
5uez_ligand,3194,1.5528
5uez_ligand,3195,1.65039
5uez_ligand,3196,1.38181
5uez_ligand,3197,1.556
5uez_ligand,3198,1.56115
5uez_ligand,3199,1.47206
5uez_ligand,3200,1.74029
5uez_ligand,3201,1.3315
5uez_ligand,3202,1.68429
5uez_ligand,3203,1.46871
5uez_ligand,3204,1.68273
5uez_ligand,3205,1.2937
5uez_ligand,3206,1.56292
5uez_ligand,3207,1.51342
5uez_ligand,3208,1.58848
5uez_ligand,3209,1.46602
5uez_ligand,3210,1.66858
5uez_ligand,3211,1.37576
5uez_ligand,3212,1.62036
5uez_ligand,3213,1.45316
5uez_ligand,3214,1.61303
5uez_ligand,3215,1.53214
5uez_ligand,3216,1.43253
5uez_ligand,3217,1.72879
5uez_ligand,3218,1.34954
5uez_ligand,3219,1.62188
5uez_ligand,3220,1.67265
5uez_ligand,3221,1.26594
5uez_ligand,3222,1.53901
5uez_ligand,3223,1.70945
5uez_ligand,3224,1.4429
5uez_ligand,3225,1.67338
5uez_ligand,3226,1.50573
5uez_ligand,3227,1.50829
5uez_ligand,3228,1.60803
5uez_ligand,3229,1.32751
5uez_ligand,3230,1.58833
5uez_ligand,3231,1.4159
5uez_ligand,3232,1.64853
5uez_ligand,3233,1.48332
5uez_ligand,3234,1.6291
5uez_ligand,3235,1.4325
5uez_ligand,3236,1.72149
5uez_ligand,3237,1.34624
5uez_ligand,3238,1.56085
5uez_ligand,3239,1.54017
5uez_ligand,3240,1.60293
5uez_ligand,3241,1.46708
5uez_ligand,3242,1.58864
5uez_ligand,3243,1.63354
5uez_ligand,3244,1.43431
5uez_ligand,3245,1.65637
5uez_ligand,3246,1.4987
5uez_ligand,3247,1.6692
5uez_ligand,3248,1.31693
5uez_ligand,3249,1.47619
5uez_ligand,3250,1.72459
5uez_ligand,3251,1.34311
5uez_ligand,3252,1.63579
5uez_ligand,3253,1.47296
5uez_ligand,3254,1.6545
5uez_ligand,3255,1.50453
5uez_ligand,3256,1.67755
5uez_ligand,3257,1.3749
5uez_ligand,3258,1.60136
5uez_ligand,3259,1.40755
5uez_ligand,3260,1.63187
5uez_ligand,3261,1.42831
5uez_ligand,3262,1.62503
5uez_ligand,3263,1.43258
5uez_ligand,3264,1.72357
5uez_ligand,3265,1.28962
5uez_ligand,3266,1.58803
5uez_ligand,3267,1.45864
5uez_ligand,3268,1.70716
5uez_ligand,3269,1.26445
5uez_ligand,3270,1.52629
5uez_ligand,3271,1.71885
5uez_ligand,3272,1.29385
5uez_ligand,3273,1.60415
5uez_ligand,3274,1.45108
5uez_ligand,3275,1.69551
5uez_ligand,3276,1.27638
5uez_ligand,3277,1.62279
5uez_ligand,3278,1.42463
5uez_ligand,3279,1.5949
5uez_ligand,3280,1.6105
5uez_ligand,3281,1.41173
5uez_ligand,3282,1.72517
5uez_ligand,3283,1.35308
5uez_ligand,3284,1.56825
5uez_ligand,3285,1.59676
5uez_ligand,3286,1.59476
5uez_ligand,3287,1.46484
5uez_ligand,3288,1.71147
5uez_ligand,3289,1.21547
5uez_ligand,3290,1.60708
5uez_ligand,3291,1.37069
5uez_ligand,3292,1.61654
5uez_ligand,3293,1.54871
5uez_ligand,3294,1.47195
5uez_ligand,3295,1.55295
5uez_ligand,3296,1.45104
5uez_ligand,3297,1.64534
5uez_ligand,3298,1.38861
5uez_ligand,3299,1.60799
5uez_ligand,3300,1.37213
5uez_ligand,3301,1.68101
5uez_ligand,3302,1.41874
5uez_ligand,3303,1.62631
5uez_ligand,3304,1.33931
5uez_ligand,3305,1.68278
5uez_ligand,3306,1.24037
5uez_ligand,3307,1.63886
5uez_ligand,3308,1.33709
5uez_ligand,3309,1.69777
5uez_ligand,3310,1.09661
5uez_ligand,3311,1.89032
5uez_ligand,3312,1.19486
5uez_ligand,3313,1.69836
5uez_ligand,3314,1.31434
5uez_ligand,3315,1.55305
5uez_ligand,3316,1.69129
5uez_ligand,3317,1.43817
5uez_ligand,3318,1.67649
5uez_ligand,3319,1.42678
5uez_ligand,3320,1.70575
5uez_ligand,3321,1.30948
5uez_ligand,3322,1.61797
5uez_ligand,3323,1.64695
5uez_ligand,3324,1.51387
5uez_ligand,3325,1.52932
5uez_ligand,3326,1.6136
5uez_ligand,3327,1.5438
5uez_ligand,3328,1.5344
5uez_ligand,3329,1.59832
5uez_ligand,3330,1.38743
5uez_ligand,3331,1.65143
5uez_ligand,3332,1.47581
5uez_ligand,3333,1.6076
5uez_ligand,3334,1.56817
5uez_ligand,3335,1.53519
5uez_ligand,3336,1.5887
5uez_ligand,3337,1.40779
5uez_ligand,3338,1.6525
5uez_ligand,3339,1.48282
5uez_ligand,3340,1.61602
5uez_ligand,3341,1.6
5uez_ligand,3342,1.44833
5uez_ligand,3343,1.71097
5uez_ligand,3344,1.34116
5uez_ligand,3345,1.60932
5uez_ligand,3346,1.58927
5uez_ligand,3347,1.48458
5uez_ligand,3348,1.54402
5uez_ligand,3349,1.61628
5uez_ligand,3350,1.44328
5uez_ligand,3351,1.59419
5uez_ligand,3352,1.58337
5uez_ligand,3353,1.48498
5uez_ligand,3354,1.71177
5uez_ligand,3355,1.36987
5uez_ligand,3356,1.56138
5uez_ligand,3357,1.58598
5uez_ligand,3358,1.55199
5uez_ligand,3359,1.52574
5uez_ligand,3360,1.62476
5uez_ligand,3361,1.39244
5uez_ligand,3362,1.5673
5uez_ligand,3363,1.61799
5uez_ligand,3364,1.45838
5uez_ligand,3365,1.77971
5uez_ligand,3366,1.24319
5uez_ligand,3367,1.51926
5uez_ligand,3368,1.59084
5uez_ligand,3369,1.48402
5uez_ligand,3370,1.60811
5uez_ligand,3371,1.50727
5uez_ligand,3372,1.65874
5uez_ligand,3373,1.24907
5uez_ligand,3374,1.56295
5uez_ligand,3375,1.75653
5uez_ligand,3376,1.42692
5uez_ligand,3377,1.71152
5uez_ligand,3378,1.48121
5uez_ligand,3379,1.59571
5uez_ligand,3380,1.50178
5uez_ligand,3381,1.67517
5uez_ligand,3382,1.24318
5uez_ligand,3383,1.49561
5uez_ligand,3384,1.67887
5uez_ligand,3385,1.36196
5uez_ligand,3386,1.62649
5uez_ligand,3387,1.40792
5uez_ligand,3388,1.5812
5uez_ligand,3389,1.49654
5uez_ligand,3390,1.69469
5uez_ligand,3391,1.39948
5uez_ligand,3392,1.58876
5uez_ligand,3393,1.3905
5uez_ligand,3394,1.5664
5uez_ligand,3395,1.47977
5uez_ligand,3396,1.6408
5uez_ligand,3397,1.28954
5uez_ligand,3398,1.51764
5uez_ligand,3399,1.53139
5uez_ligand,3400,1.70281
5uez_ligand,3401,1.30835
5uez_ligand,3402,1.54596
5uez_ligand,3403,1.65045
5uez_ligand,3404,1.52672
5uez_ligand,3405,1.6552
5uez_ligand,3406,1.44847
5uez_ligand,3407,1.6098
5uez_ligand,3408,1.41829
5uez_ligand,3409,1.66938
5uez_ligand,3410,1.31717
5uez_ligand,3411,1.59923
5uez_ligand,3412,1.45416
5uez_ligand,3413,1.68296
5uez_ligand,3414,1.46533
5uez_ligand,3415,1.62754
5uez_ligand,3416,1.69088
5uez_ligand,3417,1.3782
5uez_ligand,3418,1.53054
5uez_ligand,3419,1.58318
5uez_ligand,3420,1.61797
5uez_ligand,3421,1.43538
5uez_ligand,3422,1.6034
5uez_ligand,3423,1.40621
5uez_ligand,3424,1.5928
5uez_ligand,3425,1.39219
5uez_ligand,3426,1.6456
5uez_ligand,3427,1.54299
5uez_ligand,3428,1.48025
5uez_ligand,3429,1.6992
5uez_ligand,3430,1.28513
5uez_ligand,3431,1.50755
5uez_ligand,3432,1.70108
5uez_ligand,3433,1.31036
5uez_ligand,3434,1.53433
5uez_ligand,3435,1.58175
5uez_ligand,3436,1.50361
5uez_ligand,3437,1.73264
5uez_ligand,3438,1.2234
5uez_ligand,3439,1.48442
5uez_ligand,3440,1.71247
5uez_ligand,3441,1.40344
5uez_ligand,3442,1.56171
5uez_ligand,3443,1.53986
5uez_ligand,3444,1.58699
5uez_ligand,3445,1.47021
5uez_ligand,3446,1.58747
5uez_ligand,3447,1.5193
5uez_ligand,3448,1.65849
5uez_ligand,3449,1.32526
5uez_ligand,3450,1.51383
5uez_ligand,3451,1.61992
5uez_ligand,3452,1.55284
5uez_ligand,3453,1.73339
5uez_ligand,3454,1.35888
5uez_ligand,3455,1.5042
5uez_ligand,3456,1.51883
5uez_ligand,3457,1.60492
5uez_ligand,3458,1.57644
5uez_ligand,3459,1.56371
5uez_ligand,3460,1.63096
5uez_ligand,3461,1.45969
5uez_ligand,3462,1.68554
5uez_ligand,3463,1.34136
5uez_ligand,3464,1.5458
5uez_ligand,3465,1.74486
5uez_ligand,3466,1.34127
5uez_ligand,3467,1.55834
5uez_ligand,3468,1.52913
5uez_ligand,3469,1.48789
5uez_ligand,3470,1.62241
5uez_ligand,3471,1.56809
5uez_ligand,3472,1.66454
5uez_ligand,3473,1.46954
5uez_ligand,3474,1.65854
5uez_ligand,3475,1.51844
5uez_ligand,3476,1.64592
5uez_ligand,3477,1.52268
5uez_ligand,3478,1.59862
5uez_ligand,3479,1.48183
5uez_ligand,3480,1.57664
5uez_ligand,3481,1.57466
5uez_ligand,3482,1.58417
5uez_ligand,3483,1.50752
5uez_ligand,3484,1.53627
5uez_ligand,3485,1.62435
5uez_ligand,3486,1.52932
5uez_ligand,3487,1.42903
5uez_ligand,3488,1.73114
5uez_ligand,3489,1.31944
5uez_ligand,3490,1.57491
5uez_ligand,3491,1.64422
5uez_ligand,3492,1.35474
5uez_ligand,3493,1.53542
5uez_ligand,3494,1.76958
5uez_ligand,3495,1.44196
5uez_ligand,3496,1.58994
5uez_ligand,3497,1.54828
5uez_ligand,3498,1.59997
5uez_ligand,3499,1.44814
5uez_ligand,3500,1.5932
5uez_ligand,3501,1.49687
5uez_ligand,3502,1.50516
5uez_ligand,3503,1.5652
5uez_ligand,3504,1.71005
5uez_ligand,3505,1.4034
5uez_ligand,3506,1.58133
5uez_ligand,3507,1.59615
5uez_ligand,3508,1.65354
5uez_ligand,3509,1.34151
5uez_ligand,3510,1.52603
5uez_ligand,3511,1.62875
5uez_ligand,3512,1.55978
5uez_ligand,3513,1.65835
5uez_ligand,3514,1.49793
5uez_ligand,3515,1.62587
5uez_ligand,3516,1.46099
5uez_ligand,3517,1.69623
5uez_ligand,3518,1.44121
5uez_ligand,3519,1.62548
5uez_ligand,3520,1.40254
5uez_ligand,3521,1.5891
5uez_ligand,3522,1.40354
5uez_ligand,3523,1.57583
5uez_ligand,3524,1.69797
5uez_ligand,3525,1.40567
5uez_ligand,3526,1.67265
5uez_ligand,3527,1.34973
5uez_ligand,3528,1.64299
5uez_ligand,3529,1.38674
5uez_ligand,3530,1.63377
5uez_ligand,3531,1.4031
5uez_ligand,3532,1.65936
5uez_ligand,3533,1.23325
5uez_ligand,3534,1.5618
5uez_ligand,3535,1.68535
5uez_ligand,3536,1.17182
5uez_ligand,3537,1.64638
5uez_ligand,3538,1.30931
5uez_ligand,3539,1.49875
5uez_ligand,3540,1.68022
5uez_ligand,3541,1.34879
5uez_ligand,3542,1.62201
5uez_ligand,3543,1.46933
5uez_ligand,3544,1.64307
5uez_ligand,3545,1.2935
5uez_ligand,3546,1.5207
5uez_ligand,3547,1.61823
5uez_ligand,3548,1.69014
5uez_ligand,3549,1.28834
5uez_ligand,3550,1.54999
5uez_ligand,3551,1.68681
5uez_ligand,3552,1.32311
5uez_ligand,3553,1.47082
5uez_ligand,3554,1.67384
5uez_ligand,3555,1.37903
5uez_ligand,3556,1.66241
5uez_ligand,3557,1.36425
5uez_ligand,3558,1.58601
5uez_ligand,3559,1.48495
5uez_ligand,3560,1.67037
5uez_ligand,3561,1.42637
5uez_ligand,3562,1.6464
5uez_ligand,3563,1.36955
5uez_ligand,3564,1.5915
5uez_ligand,3565,1.53514
5uez_ligand,3566,1.62669
5uez_ligand,3567,1.479
5uez_ligand,3568,1.5649
5uez_ligand,3569,1.42931
5uez_ligand,3570,1.70269
5uez_ligand,3571,1.31352
5uez_ligand,3572,1.58695
5uez_ligand,3573,1.46206
5uez_ligand,3574,1.65613
5uez_ligand,3575,1.46955
5uez_ligand,3576,1.59854
5uez_ligand,3577,1.56963
5uez_ligand,3578,1.56018
5uez_ligand,3579,1.51929
5uez_ligand,3580,1.55676
5uez_ligand,3581,1.62335
5uez_ligand,3582,1.62396
5uez_ligand,3583,1.42305
5uez_ligand,3584,1.67377
5uez_ligand,3585,1.40423
5uez_ligand,3586,1.59771
5uez_ligand,3587,1.60651
5uez_ligand,3588,1.42301
5uez_ligand,3589,1.74368
5uez_ligand,3590,1.33902
5uez_ligand,3591,1.66339
5uez_ligand,3592,1.59888
5uez_ligand,3593,1.55936
5uez_ligand,3594,1.54012
5uez_ligand,3595,1.56212
5uez_ligand,3596,1.69912
5uez_ligand,3597,1.37433
5uez_ligand,3598,1.58705
5uez_ligand,3599,1.45502
5uez_ligand,3600,1.69228
5uez_ligand,3601,1.32111
5uez_ligand,3602,1.53898
5uez_ligand,3603,1.7271
5uez_ligand,3604,1.36106
5uez_ligand,3605,1.62214
5uez_ligand,3606,1.48475
5uez_ligand,3607,1.71576
5uez_ligand,3608,1.29221
5uez_ligand,3609,1.46974
5uez_ligand,3610,1.74594
5uez_ligand,3611,1.44542
5uez_ligand,3612,1.6498
5uez_ligand,3613,1.45979
5uez_ligand,3614,1.71377
5uez_ligand,3615,1.3195
5uez_ligand,3616,1.66066
5uez_ligand,3617,1.36766
5uez_ligand,3618,1.6654
5uez_ligand,3619,1.39422
5uez_ligand,3620,1.61924
5uez_ligand,3621,1.35858
5uez_ligand,3622,1.63976
5uez_ligand,3623,1.40996
5uez_ligand,3624,1.66613
5uez_ligand,3625,1.48861
5uez_ligand,3626,1.65851
5uez_ligand,3627,1.40115
5uez_ligand,3628,1.55953
5uez_ligand,3629,1.52029
5uez_ligand,3630,1.6388
5uez_ligand,3631,1.38523
5uez_ligand,3632,1.55173
5uez_ligand,3633,1.59318
5uez_ligand,3634,1.43308
5uez_ligand,3635,1.69118
5uez_ligand,3636,1.36537
5uez_ligand,3637,1.63473
5uez_ligand,3638,1.32563
5uez_ligand,3639,1.54155
5uez_ligand,3640,1.60786
5uez_ligand,3641,1.73602
5uez_ligand,3642,1.22059
5uez_ligand,3643,1.59495
5uez_ligand,3644,1.53711
5uez_ligand,3645,1.69773
5uez_ligand,3646,1.46799
5uez_ligand,3647,1.48973
5uez_ligand,3648,1.53106
5uez_ligand,3649,1.56488
5uez_ligand,3650,1.53639
5uez_ligand,3651,1.69827
5uez_ligand,3652,1.35279
5uez_ligand,3653,1.51571
5uez_ligand,3654,1.59874
5uez_ligand,3655,1.60556
5uez_ligand,3656,1.50347
5uez_ligand,3657,1.5051
5uez_ligand,3658,1.49847
5uez_ligand,3659,1.61825
5uez_ligand,3660,1.39815
5uez_ligand,3661,1.65524
5uez_ligand,3662,1.47832
5uez_ligand,3663,1.50913
5uez_ligand,3664,1.67389
5uez_ligand,3665,1.34608
5uez_ligand,3666,1.60807
5uez_ligand,3667,1.50396
5uez_ligand,3668,1.66376
5uez_ligand,3669,1.48588
5uez_ligand,3670,1.63985
5uez_ligand,3671,1.44157
5uez_ligand,3672,1.57372
5uez_ligand,3673,1.45943
5uez_ligand,3674,1.62142
5uez_ligand,3675,1.4709
5uez_ligand,3676,1.5699
5uez_ligand,3677,1.58353
5uez_ligand,3678,1.59453
5uez_ligand,3679,1.54833
5uez_ligand,3680,1.57716
5uez_ligand,3681,1.53263
5uez_ligand,3682,1.68845
5uez_ligand,3683,1.2915
5uez_ligand,3684,1.5045
5uez_ligand,3685,1.70659
5uez_ligand,3686,1.37546
5uez_ligand,3687,1.62909
5uez_ligand,3688,1.55843
5uez_ligand,3689,1.5539
5uez_ligand,3690,1.58695
5uez_ligand,3691,1.53374
5uez_ligand,3692,1.68522
5uez_ligand,3693,1.3599
5uez_ligand,3694,1.54166
5uez_ligand,3695,1.54376
5uez_ligand,3696,1.58344
5uez_ligand,3697,1.55119
5uez_ligand,3698,1.43832
5uez_ligand,3699,1.69035
5uez_ligand,3700,1.39789
5uez_ligand,3701,1.62412
5uez_ligand,3702,1.52978
5uez_ligand,3703,1.67691
5uez_ligand,3704,1.48727
5uez_ligand,3705,1.60733
5uez_ligand,3706,1.43189
5uez_ligand,3707,1.58134
5uez_ligand,3708,1.47935
5uez_ligand,3709,1.57806
5uez_ligand,3710,1.59021
5uez_ligand,3711,1.59415
5uez_ligand,3712,1.46361
5uez_ligand,3713,1.63546
5uez_ligand,3714,1.56593
5uez_ligand,3715,1.4024
5uez_ligand,3716,1.65039
5uez_ligand,3717,1.37453
5uez_ligand,3718,1.67924
5uez_ligand,3719,1.33529
5uez_ligand,3720,1.68385
5uez_ligand,3721,1.43916
5uez_ligand,3722,1.7427
5uez_ligand,3723,1.27333
5uez_ligand,3724,1.65013
5uez_ligand,3725,1.35542
5uez_ligand,3726,1.61269
5uez_ligand,3727,1.44541
5uez_ligand,3728,1.61261
5uez_ligand,3729,1.52274
5uez_ligand,3730,1.53849
5uez_ligand,3731,1.54963
5uez_ligand,3732,1.66033
5uez_ligand,3733,1.36813
5uez_ligand,3734,1.58317
5uez_ligand,3735,1.44397
5uez_ligand,3736,1.5665
5uez_ligand,3737,1.45963
5uez_ligand,3738,1.56758
5uez_ligand,3739,1.7454
5uez_ligand,3740,1.33109
5uez_ligand,3741,1.56988
5uez_ligand,3742,1.69245
5uez_ligand,3743,1.31054
5uez_ligand,3744,1.45154
5uez_ligand,3745,1.74153
5uez_ligand,3746,1.34998
5uez_ligand,3747,1.70464
5uez_ligand,3748,1.49353
5uez_ligand,3749,1.60159
5uez_ligand,3750,1.5063
5uez_ligand,3751,1.64472
5uez_ligand,3752,1.31712
5uez_ligand,3753,1.51176
5uez_ligand,3754,1.55837
5uez_ligand,3755,1.64845
5uez_ligand,3756,1.36323
5uez_ligand,3757,1.5132
5uez_ligand,3758,1.52152
5uez_ligand,3759,1.59365
5uez_ligand,3760,1.47872
5uez_ligand,3761,1.57719
5uez_ligand,3762,1.51174
5uez_ligand,3763,1.65078
5uez_ligand,3764,1.37998
5uez_ligand,3765,1.54647
5uez_ligand,3766,1.65867
5uez_ligand,3767,1.42158
5uez_ligand,3768,1.67066
5uez_ligand,3769,1.49141
5uez_ligand,3770,1.51692
5uez_ligand,3771,1.72416
5uez_ligand,3772,1.29366
5uez_ligand,3773,1.53716
5uez_ligand,3774,1.67613
5uez_ligand,3775,1.41695
5uez_ligand,3776,1.5623
5uez_ligand,3777,1.47427
5uez_ligand,3778,1.5849
5uez_ligand,3779,1.50775
5uez_ligand,3780,1.62784
5uez_ligand,3781,1.42496
5uez_ligand,3782,1.58616
5uez_ligand,3783,1.53284
5uez_ligand,3784,1.66242
5uez_ligand,3785,1.25419
5uez_ligand,3786,1.61162
5uez_ligand,3787,1.4381
5uez_ligand,3788,1.72415
5uez_ligand,3789,1.25618
5uez_ligand,3790,1.57499
5uez_ligand,3791,1.60182
5uez_ligand,3792,1.51163
5uez_ligand,3793,1.54379
5uez_ligand,3794,1.5285
5uez_ligand,3795,1.67835
5uez_ligand,3796,1.27213
5uez_ligand,3797,1.52957
5uez_ligand,3798,1.72756
5uez_ligand,3799,1.34199
5uez_ligand,3800,1.58616
5uez_ligand,3801,1.59366
5uez_ligand,3802,1.48948
5uez_ligand,3803,1.52243
5uez_ligand,3804,1.56363
5uez_ligand,3805,1.47411
5uez_ligand,3806,1.64777
5uez_ligand,3807,1.35334
5uez_ligand,3808,1.61125
5uez_ligand,3809,1.47007
5uez_ligand,3810,1.57642
5uez_ligand,3811,1.43433
5uez_ligand,3812,1.64689
5uez_ligand,3813,1.48188
5uez_ligand,3814,1.63761
5uez_ligand,3815,1.40116
5uez_ligand,3816,1.57787
5uez_ligand,3817,1.47765
5uez_ligand,3818,1.63003
5uez_ligand,3819,1.43404
5uez_ligand,3820,1.59816
5uez_ligand,3821,1.41144
5uez_ligand,3822,1.58087
5uez_ligand,3823,1.62389
5uez_ligand,3824,1.40125
5uez_ligand,3825,1.72213
5uez_ligand,3826,1.33041
5uez_ligand,3827,1.618
5uez_ligand,3828,1.6144
5uez_ligand,3829,1.38574
5uez_ligand,3830,1.60341
5uez_ligand,3831,1.54895
5uez_ligand,3832,1.64731
5uez_ligand,3833,1.55826
5uez_ligand,3834,1.48074
5uez_ligand,3835,1.59075
5uez_ligand,3836,1.42261
5uez_ligand,3837,1.58849
5uez_ligand,3838,1.59841
5uez_ligand,3839,1.40639
5uez_ligand,3840,1.70368
5uez_ligand,3841,1.34317
5uez_ligand,3842,1.61581
5uez_ligand,3843,1.42772
5uez_ligand,3844,1.70115
5uez_ligand,3845,1.27509
5uez_ligand,3846,1.67292
5uez_ligand,3847,1.27929
5uez_ligand,3848,1.64363
5uez_ligand,3849,1.37999
5uez_ligand,3850,1.65362
5uez_ligand,3851,1.3553
5uez_ligand,3852,1.57912
5uez_ligand,3853,1.45728
5uez_ligand,3854,1.63023
5uez_ligand,3855,1.32895
5uez_ligand,3856,1.60671
5uez_ligand,3857,1.42074
5uez_ligand,3858,1.62018
5uez_ligand,3859,1.41211
5uez_ligand,3860,1.63084
5uez_ligand,3861,1.36635
5uez_ligand,3862,1.54557
5uez_ligand,3863,1.67947
5uez_ligand,3864,1.39021
5uez_ligand,3865,1.7158
5uez_ligand,3866,1.27689
5uez_ligand,3867,1.55886
5uez_ligand,3868,1.79194
5uez_ligand,3869,1.27957
5uez_ligand,3870,1.59049
5uez_ligand,3871,1.65373
5uez_ligand,3872,1.32311
5uez_ligand,3873,1.57978
5uez_ligand,3874,1.434
5uez_ligand,3875,1.61147
5uez_ligand,3876,1.46399
5uez_ligand,3877,1.63922
5uez_ligand,3878,1.29106
5uez_ligand,3879,1.52453
5uez_ligand,3880,1.5998
5uez_ligand,3881,1.53609
5uez_ligand,3882,1.6395
5uez_ligand,3883,1.55939
5uez_ligand,3884,1.50091
5uez_ligand,3885,1.55989
5uez_ligand,3886,1.4494
5uez_ligand,3887,1.7215
5uez_ligand,3888,1.32584
5uez_ligand,3889,1.60285
5uez_ligand,3890,1.47843
5uez_ligand,3891,1.55433
5uez_ligand,3892,1.53103
5uez_ligand,3893,1.6848
5uez_ligand,3894,1.32198
5uez_ligand,3895,1.52985
5uez_ligand,3896,1.61716
5uez_ligand,3897,1.57982
5uez_ligand,3898,1.54522
5uez_ligand,3899,1.62987
5uez_ligand,3900,1.45087
5uez_ligand,3901,1.59545
5uez_ligand,3902,1.56489
5uez_ligand,3903,1.54564
5uez_ligand,3904,1.4722
5uez_ligand,3905,1.64567
5uez_ligand,3906,1.43077
5uez_ligand,3907,1.58156
5uez_ligand,3908,1.57966
5uez_ligand,3909,1.44745
5uez_ligand,3910,1.72173
5uez_ligand,3911,1.33855
5uez_ligand,3912,1.60196
5uez_ligand,3913,1.48417
5uez_ligand,3914,1.74159
5uez_ligand,3915,1.48242
5uez_ligand,3916,1.61908
5uez_ligand,3917,1.3946
5uez_ligand,3918,1.59532
5uez_ligand,3919,1.445
5uez_ligand,3920,1.56952
5uez_ligand,3921,1.55653
5uez_ligand,3922,1.518
5uez_ligand,3923,1.59902
5uez_ligand,3924,1.46416
5uez_ligand,3925,1.68039
5uez_ligand,3926,1.371
5uez_ligand,3927,1.64646
5uez_ligand,3928,1.6035
5uez_ligand,3929,1.50709
5uez_ligand,3930,1.67176
5uez_ligand,3931,1.45658
5uez_ligand,3932,1.49722
5uez_ligand,3933,1.55344
5uez_ligand,3934,1.46254
5uez_ligand,3935,1.62642
5uez_ligand,3936,1.3915
5uez_ligand,3937,1.58258
5uez_ligand,3938,1.36375
5uez_ligand,3939,1.57192
5uez_ligand,3940,1.45631
5uez_ligand,3941,1.64903
5uez_ligand,3942,1.24726
5uez_ligand,3943,1.53291
5uez_ligand,3944,1.60558
5uez_ligand,3945,1.69984
5uez_ligand,3946,1.3436
5uez_ligand,3947,1.61116
5uez_ligand,3948,1.59332
5uez_ligand,3949,1.50171
5uez_ligand,3950,1.55663
5uez_ligand,3951,1.52639
5uez_ligand,3952,1.62215
5uez_ligand,3953,1.52573
5uez_ligand,3954,1.70412
5uez_ligand,3955,1.40209
5uez_ligand,3956,1.57962
5uez_ligand,3957,1.46237
5uez_ligand,3958,1.55392
5uez_ligand,3959,1.53538
5uez_ligand,3960,1.65968
5uez_ligand,3961,1.54488
5uez_ligand,3962,1.4016
5uez_ligand,3963,1.69124
5uez_ligand,3964,1.37312
5uez_ligand,3965,1.65575
5uez_ligand,3966,1.49936
5uez_ligand,3967,1.70002
5uez_ligand,3968,1.36459
5uez_ligand,3969,1.72934
5uez_ligand,3970,1.43029
5uez_ligand,3971,1.63001
5uez_ligand,3972,1.56299
5uez_ligand,3973,1.43831
5uez_ligand,3974,1.66506
5uez_ligand,3975,1.38968
5uez_ligand,3976,1.62207
5uez_ligand,3977,1.34252
5uez_ligand,3978,1.62395
5uez_ligand,3979,1.40127
5uez_ligand,3980,1.66029
5uez_ligand,3981,1.52706
5uez_ligand,3982,1.4851
5uez_ligand,3983,1.58897
5uez_ligand,3984,1.44577
5uez_ligand,3985,1.70809
5uez_ligand,3986,1.38641
5uez_ligand,3987,1.56739
5uez_ligand,3988,1.55766
5uez_ligand,3989,1.6684
5uez_ligand,3990,1.37795
5uez_ligand,3991,1.54636
5uez_ligand,3992,1.57017
5uez_ligand,3993,1.4586
5uez_ligand,3994,1.74161
5uez_ligand,3995,1.37144
5uez_ligand,3996,1.54419
5uez_ligand,3997,1.70698
5uez_ligand,3998,1.39819
5uez_ligand,3999,1.6625
5uez_ligand,4000,1.28664
5uez_ligand,4001,1.64396
5uez_ligand,4002,1.34423
5uez_ligand,4003,1.59696
5uez_ligand,4004,1.58018
5uez_ligand,4005,1.47009
5uez_ligand,4006,1.70435
5uez_ligand,4007,1.34392
5uez_ligand,4008,1.68868
5uez_ligand,4009,1.30213
5uez_ligand,4010,1.62144
5uez_ligand,4011,1.39996
5uez_ligand,4012,1.66433
5uez_ligand,4013,1.3667
5uez_ligand,4014,1.56654
5uez_ligand,4015,1.36273
5uez_ligand,4016,1.57439
5uez_ligand,4017,1.40666
5uez_ligand,4018,1.68757
5uez_ligand,4019,1.36381
5uez_ligand,4020,1.57528
5uez_ligand,4021,1.59705
5uez_ligand,4022,1.43969
5uez_ligand,4023,1.69401
5uez_ligand,4024,1.31582
5uez_ligand,4025,1.66511
5uez_ligand,4026,1.28055
5uez_ligand,4027,1.64504
5uez_ligand,4028,1.30856
5uez_ligand,4029,1.65901
5uez_ligand,4030,1.4757
5uez_ligand,4031,1.65828
5uez_ligand,4032,1.23478
5uez_ligand,4033,1.55571
5uez_ligand,4034,1.51021
5uez_ligand,4035,1.60602
5uez_ligand,4036,1.44311
5uez_ligand,4037,1.70042
5uez_ligand,4038,1.32098
5uez_ligand,4039,1.6914
5uez_ligand,4040,1.35538
5uez_ligand,4041,1.62346
5uez_ligand,4042,1.37257
5uez_ligand,4043,1.67088
5uez_ligand,4044,1.54438
5uez_ligand,4045,1.44771
5uez_ligand,4046,1.65171
5uez_ligand,4047,1.31174
5uez_ligand,4048,1.57067
5uez_ligand,4049,1.57461
5uez_ligand,4050,1.58434
5uez_ligand,4051,1.39281
5uez_ligand,4052,1.65192
5uez_ligand,4053,1.37375
5uez_ligand,4054,1.67259
5uez_ligand,4055,1.41708
5uez_ligand,4056,1.74846
5uez_ligand,4057,1.25972
5uez_ligand,4058,1.64212
5uez_ligand,4059,1.55179
5uez_ligand,4060,1.75303
5uez_ligand,4061,1.30363
5uez_ligand,4062,1.55281
5uez_ligand,4063,1.64881
5uez_ligand,4064,1.32195
5uez_ligand,4065,1.61266
5uez_ligand,4066,1.4904
5uez_ligand,4067,1.61377
5uez_ligand,4068,1.47614
5uez_ligand,4069,1.61416
5uez_ligand,4070,1.33988
5uez_ligand,4071,1.5922
5uez_ligand,4072,1.48062
5uez_ligand,4073,1.69427
5uez_ligand,4074,1.4673
5uez_ligand,4075,1.60129
5uez_ligand,4076,1.40018
5uez_ligand,4077,1.62057
5uez_ligand,4078,1.4013
5uez_ligand,4079,1.57069
5uez_ligand,4080,1.61555
5uez_ligand,4081,1.41719
5uez_ligand,4082,1.76292
5uez_ligand,4083,1.29613
5uez_ligand,4084,1.64452
5uez_ligand,4085,1.52263
5uez_ligand,4086,1.85591
5uez_ligand,4087,1.24948
5uez_ligand,4088,1.61366
5uez_ligand,4089,1.37574
5uez_ligand,4090,1.53475
5uez_ligand,4091,1.61655
5uez_ligand,4092,1.56161
5uez_ligand,4093,1.53596
5uez_ligand,4094,1.62981
5uez_ligand,4095,1.46313
5uez_ligand,4096,1.67248
5uez_ligand,4097,1.40794
5uez_ligand,4098,1.59484
5uez_ligand,4099,1.39018
5uez_ligand,4100,1.58525
5uez_ligand,4101,1.39761
5uez_ligand,4102,1.55484
5uez_ligand,4103,1.59877
5uez_ligand,4104,1.45133
5uez_ligand,4105,1.70958
5uez_ligand,4106,1.35141
5uez_ligand,4107,1.66935
5uez_ligand,4108,1.35794
5uez_ligand,4109,1.63089
5uez_ligand,4110,1.33112
5uez_ligand,4111,1.59249
5uez_ligand,4112,1.43971
5uez_ligand,4113,1.67536
5uez_ligand,4114,1.37891
5uez_ligand,4115,1.57811
5uez_ligand,4116,1.58256
5uez_ligand,4117,1.48495
5uez_ligand,4118,1.77305
5uez_ligand,4119,1.33072
5uez_ligand,4120,1.67865
5uez_ligand,4121,1.53974
5uez_ligand,4122,1.66461
5uez_ligand,4123,1.46042
5uez_ligand,4124,1.77349
5uez_ligand,4125,1.27948
5uez_ligand,4126,1.53718
5uez_ligand,4127,1.68876
5uez_ligand,4128,1.33305
5uez_ligand,4129,1.59281
5uez_ligand,4130,1.54075
5uez_ligand,4131,1.57238
5uez_ligand,4132,1.55467
5uez_ligand,4133,1.58043
5uez_ligand,4134,1.5346
5uez_ligand,4135,1.66096
5uez_ligand,4136,1.35806
5uez_ligand,4137,1.53704
5uez_ligand,4138,1.63064
5uez_ligand,4139,1.54998
5uez_ligand,4140,1.5604
5uez_ligand,4141,1.5616
5uez_ligand,4142,1.41566
5uez_ligand,4143,1.65041
5uez_ligand,4144,1.34155
5uez_ligand,4145,1.60741
5uez_ligand,4146,1.44812
5uez_ligand,4147,1.69296
5uez_ligand,4148,1.28814
5uez_ligand,4149,1.57838
5uez_ligand,4150,1.48823
5uez_ligand,4151,1.63888
5uez_ligand,4152,1.54295
5uez_ligand,4153,1.47739
5uez_ligand,4154,1.50182
5uez_ligand,4155,1.61261
5uez_ligand,4156,1.4383
5uez_ligand,4157,1.58575
5uez_ligand,4158,1.43745
5uez_ligand,4159,1.61235
5uez_ligand,4160,1.63533
5uez_ligand,4161,1.36579
5uez_ligand,4162,1.71415
5uez_ligand,4163,1.41651
5uez_ligand,4164,1.59993
5uez_ligand,4165,1.49509
5uez_ligand,4166,1.67025
5uez_ligand,4167,1.19066
5uez_ligand,4168,1.6828
5uez_ligand,4169,1.33226
5uez_ligand,4170,1.73573
5uez_ligand,4171,1.37542
5uez_ligand,4172,1.75478
5uez_ligand,4173,1.32695
5uez_ligand,4174,1.66597
5uez_ligand,4175,1.5342
5uez_ligand,4176,1.68467
5uez_ligand,4177,1.36218
5uez_ligand,4178,1.5509
5uez_ligand,4179,1.49294
5uez_ligand,4180,1.65838
5uez_ligand,4181,1.31913
5uez_ligand,4182,1.6553
5uez_ligand,4183,1.47658
5uez_ligand,4184,1.6408
5uez_ligand,4185,1.28531
5uez_ligand,4186,1.51251
5uez_ligand,4187,1.71467
5uez_ligand,4188,1.32234
5uez_ligand,4189,1.62542
5uez_ligand,4190,1.53654
5uez_ligand,4191,1.58292
5uez_ligand,4192,1.47176
5uez_ligand,4193,1.62617
5uez_ligand,4194,1.50497
5uez_ligand,4195,1.55444
5uez_ligand,4196,1.4799
5uez_ligand,4197,1.64825
5uez_ligand,4198,1.41815
5uez_ligand,4199,1.56967
5uez_ligand,4200,1.47404
5uez_ligand,4201,1.53773
5uez_ligand,4202,1.53037
5uez_ligand,4203,1.67772
5uez_ligand,4204,1.34277
5uez_ligand,4205,1.62541
5uez_ligand,4206,1.48666
5uez_ligand,4207,1.62731
5uez_ligand,4208,1.43521
5uez_ligand,4209,1.63505
5uez_ligand,4210,1.39273
5uez_ligand,4211,1.63045
5uez_ligand,4212,1.49364
5uez_ligand,4213,1.57016
5uez_ligand,4214,1.56079
5uez_ligand,4215,1.70524
5uez_ligand,4216,1.34458
5uez_ligand,4217,1.50312
5uez_ligand,4218,1.6635
5uez_ligand,4219,1.42636
5uez_ligand,4220,1.64227
5uez_ligand,4221,1.47087
5uez_ligand,4222,1.56599
5uez_ligand,4223,1.5489
5uez_ligand,4224,1.58303
5uez_ligand,4225,1.69018
5uez_ligand,4226,1.46005
5uez_ligand,4227,1.68744
5uez_ligand,4228,1.35037
5uez_ligand,4229,1.61109
5uez_ligand,4230,1.53254
5uez_ligand,4231,1.56179
5uez_ligand,4232,1.54796
5uez_ligand,4233,1.54018
5uez_ligand,4234,1.66623
5uez_ligand,4235,1.35749
5uez_ligand,4236,1.61354
5uez_ligand,4237,1.65534
5uez_ligand,4238,1.3544
5uez_ligand,4239,1.48544
5uez_ligand,4240,1.57645
5uez_ligand,4241,1.64036
5uez_ligand,4242,1.40069
5uez_ligand,4243,1.55652
5uez_ligand,4244,1.56895
5uez_ligand,4245,1.70948
5uez_ligand,4246,1.35476
5uez_ligand,4247,1.58446
5uez_ligand,4248,1.57201
5uez_ligand,4249,1.59424
5uez_ligand,4250,1.56916
5uez_ligand,4251,1.483
5uez_ligand,4252,1.72159
5uez_ligand,4253,1.49097
5uez_ligand,4254,1.52939
5uez_ligand,4255,1.69169
5uez_ligand,4256,1.31946
5uez_ligand,4257,1.56059
5uez_ligand,4258,1.54611
5uez_ligand,4259,1.57998
5uez_ligand,4260,1.57686
5uez_ligand,4261,1.53638
5uez_ligand,4262,1.55407
5uez_ligand,4263,1.61185
5uez_ligand,4264,1.45205
5uez_ligand,4265,1.66498
5uez_ligand,4266,1.38192
5uez_ligand,4267,1.65865
5uez_ligand,4268,1.47067
5uez_ligand,4269,1.67098
5uez_ligand,4270,1.51331
5uez_ligand,4271,1.68285
5uez_ligand,4272,1.41617
5uez_ligand,4273,1.69385
5uez_ligand,4274,1.35783
5uez_ligand,4275,1.54512
5uez_ligand,4276,1.54988
5uez_ligand,4277,1.61243
5uez_ligand,4278,1.48887
5uez_ligand,4279,1.41781
5uez_ligand,4280,1.61209
5uez_ligand,4281,1.39799
5uez_ligand,4282,1.65336
5uez_ligand,4283,1.39681
5uez_ligand,4284,1.57735
5uez_ligand,4285,1.62216
5uez_ligand,4286,1.42785
5uez_ligand,4287,1.68517
5uez_ligand,4288,1.32343
5uez_ligand,4289,1.66676
5uez_ligand,4290,1.26504
5uez_ligand,4291,1.64386
5uez_ligand,4292,1.2893
5uez_ligand,4293,1.60942
5uez_ligand,4294,1.47982
5uez_ligand,4295,1.65391
5uez_ligand,4296,1.24283
5uez_ligand,4297,1.56237
5uez_ligand,4298,1.45769
5uez_ligand,4299,1.59293
5uez_ligand,4300,1.50423
5uez_ligand,4301,1.66328
5uez_ligand,4302,1.28043
5uez_ligand,4303,1.49664
5uez_ligand,4304,1.76139
5uez_ligand,4305,1.45334
5uez_ligand,4306,1.56892
5uez_ligand,4307,1.58287
5uez_ligand,4308,1.41715
5uez_ligand,4309,1.73945
5uez_ligand,4310,1.35538
5uez_ligand,4311,1.62614
5uez_ligand,4312,1.51231
5uez_ligand,4313,1.54094
5uez_ligand,4314,1.64081
5uez_ligand,4315,1.54576
5uez_ligand,4316,1.48226
5uez_ligand,4317,1.53635
5uez_ligand,4318,1.52549
5uez_ligand,4319,1.69984
5uez_ligand,4320,1.36168
5uez_ligand,4321,1.63733
5uez_ligand,4322,1.67351
5uez_ligand,4323,1.36074
5uez_ligand,4324,1.54083
5uez_ligand,4325,1.68861
5uez_ligand,4326,1.43527
5uez_ligand,4327,1.70074
5uez_ligand,4328,1.35829
5uez_ligand,4329,1.671
5uez_ligand,4330,1.39926
5uez_ligand,4331,1.72045
5uez_ligand,4332,1.40583
5uez_ligand,4333,1.71454
5uez_ligand,4334,1.47127
5uez_ligand,4335,1.60857
5uez_ligand,4336,1.44837
5uez_ligand,4337,1.60892
5uez_ligand,4338,1.41364
5uez_ligand,4339,1.59349
5uez_ligand,4340,1.5184
5uez_ligand,4341,1.67476
5uez_ligand,4342,1.20667
5uez_ligand,4343,1.58315
5uez_ligand,4344,1.49873
5uez_ligand,4345,1.70731
5uez_ligand,4346,1.55452
5uez_ligand,4347,1.48683
5uez_ligand,4348,1.67407
5uez_ligand,4349,1.38421
5uez_ligand,4350,1.60578
5uez_ligand,4351,1.43023
5uez_ligand,4352,1.66561
5uez_ligand,4353,1.55467
5uez_ligand,4354,1.57039
5uez_ligand,4355,1.49339
5uez_ligand,4356,1.50447
5uez_ligand,4357,1.60322
5uez_ligand,4358,1.46971
5uez_ligand,4359,1.65029
5uez_ligand,4360,1.28451
5uez_ligand,4361,1.57701
5uez_ligand,4362,1.6193
5uez_ligand,4363,1.4666
5uez_ligand,4364,1.77922
5uez_ligand,4365,1.22652
5uez_ligand,4366,1.59041
5uez_ligand,4367,1.45524
5uez_ligand,4368,1.68655
5uez_ligand,4369,1.33544
5uez_ligand,4370,1.60649
5uez_ligand,4371,1.4468
5uez_ligand,4372,1.72614
5uez_ligand,4373,1.37341
5uez_ligand,4374,1.56938
5uez_ligand,4375,1.56374
5uez_ligand,4376,1.49393
5uez_ligand,4377,1.76674
5uez_ligand,4378,1.42219
5uez_ligand,4379,1.59288
5uez_ligand,4380,1.43506
5uez_ligand,4381,1.59497
5uez_ligand,4382,1.61745
5uez_ligand,4383,1.47142
5uez_ligand,4384,1.63028
5uez_ligand,4385,1.47011
5uez_ligand,4386,1.70777
5uez_ligand,4387,1.41634
5uez_ligand,4388,1.59898
5uez_ligand,4389,1.47888
5uez_ligand,4390,1.54426
5uez_ligand,4391,1.70813
5uez_ligand,4392,1.36123
5uez_ligand,4393,1.58737
5uez_ligand,4394,1.39198
5uez_ligand,4395,1.66014
5uez_ligand,4396,1.4899
5uez_ligand,4397,1.61527
5uez_ligand,4398,1.4121
5uez_ligand,4399,1.59137
5uez_ligand,4400,1.48351
5uez_ligand,4401,1.63038
5uez_ligand,4402,1.5479
5uez_ligand,4403,1.42865
5uez_ligand,4404,1.73223
5uez_ligand,4405,1.36119
5uez_ligand,4406,1.56706
5uez_ligand,4407,1.59729
5uez_ligand,4408,1.52314
5uez_ligand,4409,1.69727
5uez_ligand,4410,1.44433
5uez_ligand,4411,1.60785
5uez_ligand,4412,1.67971
5uez_ligand,4413,1.25266
5uez_ligand,4414,1.50523
5uez_ligand,4415,1.69521
5uez_ligand,4416,1.30311
5uez_ligand,4417,1.61012
5uez_ligand,4418,1.49282
5uez_ligand,4419,1.63395
5uez_ligand,4420,1.43218
5uez_ligand,4421,1.57845
5uez_ligand,4422,1.52664
5uez_ligand,4423,1.60535
5uez_ligand,4424,1.33842
5uez_ligand,4425,1.58132
5uez_ligand,4426,1.5043
5uez_ligand,4427,1.63052
5uez_ligand,4428,1.30381
5uez_ligand,4429,1.51067
5uez_ligand,4430,1.66257
5uez_ligand,4431,1.46491
5uez_ligand,4432,1.7282
5uez_ligand,4433,1.25651
5uez_ligand,4434,1.66782
5uez_ligand,4435,1.30721
5uez_ligand,4436,1.56097
5uez_ligand,4437,1.59142
5uez_ligand,4438,1.59346
5uez_ligand,4439,1.42005
5uez_ligand,4440,1.67508
5uez_ligand,4441,1.31133
5uez_ligand,4442,1.63401
5uez_ligand,4443,1.32899
5uez_ligand,4444,1.62027
5uez_ligand,4445,1.52346
5uez_ligand,4446,1.50523
5uez_ligand,4447,1.6451
5uez_ligand,4448,1.46248
5uez_ligand,4449,1.69805
5uez_ligand,4450,1.37471
5uez_ligand,4451,1.71592
5uez_ligand,4452,1.49349
5uez_ligand,4453,1.52037
5uez_ligand,4454,1.60733
5uez_ligand,4455,1.50481
5uez_ligand,4456,1.69511
5uez_ligand,4457,1.31779
5uez_ligand,4458,1.53164
5uez_ligand,4459,1.51327
5uez_ligand,4460,1.6104
5uez_ligand,4461,1.50575
5uez_ligand,4462,1.59927
5uez_ligand,4463,1.46716
5uez_ligand,4464,1.54375
5uez_ligand,4465,1.54441
5uez_ligand,4466,1.70552
5uez_ligand,4467,1.32931
5uez_ligand,4468,1.57199
5uez_ligand,4469,1.70204
5uez_ligand,4470,1.27366
5uez_ligand,4471,1.44524
5uez_ligand,4472,1.6735
5uez_ligand,4473,1.4936
5uez_ligand,4474,1.54479
5uez_ligand,4475,1.57442
5uez_ligand,4476,1.63547
5uez_ligand,4477,1.35171
5uez_ligand,4478,1.55
5uez_ligand,4479,1.7829
5uez_ligand,4480,1.37812
5uez_ligand,4481,1.623
5uez_ligand,4482,1.42096
5uez_ligand,4483,1.67118
5uez_ligand,4484,1.46505
5uez_ligand,4485,1.58442
5uez_ligand,4486,1.60421
5uez_ligand,4487,1.43384
5uez_ligand,4488,1.60542
5uez_ligand,4489,1.44936
5uez_ligand,4490,1.61131
5uez_ligand,4491,1.45286
5uez_ligand,4492,1.58204
5uez_ligand,4493,1.50637
5uez_ligand,4494,1.64852
5uez_ligand,4495,1.32336
5uez_ligand,4496,1.54161
5uez_ligand,4497,1.53205
5uez_ligand,4498,1.62084
5uez_ligand,4499,1.34481
5uez_ligand,4500,1.60589
5uez_ligand,4501,1.43363
5uez_ligand,4502,1.60313
5uez_ligand,4503,1.63793
5uez_ligand,4504,1.39801
5uez_ligand,4505,1.71721
5uez_ligand,4506,1.39971
5uez_ligand,4507,1.70448
5uez_ligand,4508,1.39598
5uez_ligand,4509,1.76928
5uez_ligand,4510,1.3086
5uez_ligand,4511,1.56629
5uez_ligand,4512,1.56856
5uez_ligand,4513,1.4394
5uez_ligand,4514,1.6844
5uez_ligand,4515,1.30454
5uez_ligand,4516,1.63856
5uez_ligand,4517,1.49475
5uez_ligand,4518,1.51304
5uez_ligand,4519,1.60106
5uez_ligand,4520,1.54739
5uez_ligand,4521,1.60617
5uez_ligand,4522,1.50603
5uez_ligand,4523,1.41953
5uez_ligand,4524,1.66752
5uez_ligand,4525,1.37933
5uez_ligand,4526,1.52705
5uez_ligand,4527,1.66976
5uez_ligand,4528,1.41362
5uez_ligand,4529,1.68467
5uez_ligand,4530,1.37194
5uez_ligand,4531,1.73764
5uez_ligand,4532,1.46921
5uez_ligand,4533,1.73118
5uez_ligand,4534,1.42057
5uez_ligand,4535,1.57634
5uez_ligand,4536,1.55654
5uez_ligand,4537,1.60347
5uez_ligand,4538,1.44287
5uez_ligand,4539,1.58297
5uez_ligand,4540,1.53234
5uez_ligand,4541,1.68959
5uez_ligand,4542,1.27787
5uez_ligand,4543,1.49661
5uez_ligand,4544,1.72385
5uez_ligand,4545,1.3555
5uez_ligand,4546,1.60951
5uez_ligand,4547,1.53428
5uez_ligand,4548,1.68358
5uez_ligand,4549,1.44668
5uez_ligand,4550,1.4951
5uez_ligand,4551,1.52397
5uez_ligand,4552,1.60267
5uez_ligand,4553,1.51012
5uez_ligand,4554,1.53987
5uez_ligand,4555,1.60112
5uez_ligand,4556,1.43961
5uez_ligand,4557,1.58061
5uez_ligand,4558,1.60368
5uez_ligand,4559,1.40698
5uez_ligand,4560,1.69088
5uez_ligand,4561,1.25605
5uez_ligand,4562,1.49928
5uez_ligand,4563,1.77193
5uez_ligand,4564,1.32788
5uez_ligand,4565,1.50847
5uez_ligand,4566,1.60791
5uez_ligand,4567,1.53799
5uez_ligand,4568,1.52802
5uez_ligand,4569,1.59533
5uez_ligand,4570,1.54487
5uez_ligand,4571,1.67799
5uez_ligand,4572,1.32844
5uez_ligand,4573,1.5084
5uez_ligand,4574,1.76779
5uez_ligand,4575,1.49244
5uez_ligand,4576,1.59262
5uez_ligand,4577,1.5408
5uez_ligand,4578,1.68195
5uez_ligand,4579,1.25801
5uez_ligand,4580,1.48382
5uez_ligand,4581,1.74648
5uez_ligand,4582,1.44163
5uez_ligand,4583,1.73991
5uez_ligand,4584,1.43788
5uez_ligand,4585,1.7267
5uez_ligand,4586,1.45574
5uez_ligand,4587,1.75817
5uez_ligand,4588,1.33382
5uez_ligand,4589,1.6162
5uez_ligand,4590,1.45553
5uez_ligand,4591,1.60642
5uez_ligand,4592,1.54469
5uez_ligand,4593,1.66361
5uez_ligand,4594,1.44395
5uez_ligand,4595,1.59291
5uez_ligand,4596,1.56388
5uez_ligand,4597,1.69536
5uez_ligand,4598,1.50678
5uez_ligand,4599,1.50706
5uez_ligand,4600,1.53417
5uez_ligand,4601,1.56035
5uez_ligand,4602,1.46927
5uez_ligand,4603,1.61898
5uez_ligand,4604,1.41075
5uez_ligand,4605,1.64336
5uez_ligand,4606,1.27867
5uez_ligand,4607,1.56945
5uez_ligand,4608,1.47227
5uez_ligand,4609,1.60919
5uez_ligand,4610,1.39308
5uez_ligand,4611,1.6539
5uez_ligand,4612,1.30877
5uez_ligand,4613,1.57242
5uez_ligand,4614,1.6824
5uez_ligand,4615,1.42953
5uez_ligand,4616,1.67386
5uez_ligand,4617,1.52931
5uez_ligand,4618,1.56172
5uez_ligand,4619,1.60017
5uez_ligand,4620,1.62959
5uez_ligand,4621,1.43504
5uez_ligand,4622,1.6901
5uez_ligand,4623,1.24032
5uez_ligand,4624,1.62496
5uez_ligand,4625,1.45029
5uez_ligand,4626,1.58096
5uez_ligand,4627,1.50349
5uez_ligand,4628,1.45487
5uez_ligand,4629,1.70518
5uez_ligand,4630,1.32492
5uez_ligand,4631,1.62117
5uez_ligand,4632,1.54658
5uez_ligand,4633,1.5548
5uez_ligand,4634,1.62437
5uez_ligand,4635,1.3716
5uez_ligand,4636,1.58307
5uez_ligand,4637,1.4987
5uez_ligand,4638,1.53466
5uez_ligand,4639,1.53309
5uez_ligand,4640,1.66093
5uez_ligand,4641,1.32858
5uez_ligand,4642,1.60359
5uez_ligand,4643,1.49071
5uez_ligand,4644,1.55125
5uez_ligand,4645,1.48202
5uez_ligand,4646,1.68675
5uez_ligand,4647,1.38881
5uez_ligand,4648,1.63663
5uez_ligand,4649,1.3832
5uez_ligand,4650,1.57363
5uez_ligand,4651,1.42396
5uez_ligand,4652,1.61909
5uez_ligand,4653,1.45675
5uez_ligand,4654,1.46953
5uez_ligand,4655,1.68679
5uez_ligand,4656,1.27951
5uez_ligand,4657,1.56866
5uez_ligand,4658,1.51044
5uez_ligand,4659,1.63073
5uez_ligand,4660,1.37367
5uez_ligand,4661,1.6493
5uez_ligand,4662,1.40043
5uez_ligand,4663,1.57
5uez_ligand,4664,1.49302
5uez_ligand,4665,1.63129
5uez_ligand,4666,1.45241
5uez_ligand,4667,1.59364
5uez_ligand,4668,1.55662
5uez_ligand,4669,1.59313
5uez_ligand,4670,1.46875
5uez_ligand,4671,1.62233
5uez_ligand,4672,1.39033
5uez_ligand,4673,1.59191
5uez_ligand,4674,1.45565
5uez_ligand,4675,1.62491
5uez_ligand,4676,1.38993
5uez_ligand,4677,1.59945
5uez_ligand,4678,1.34339
5uez_ligand,4679,1.57869
5uez_ligand,4680,1.68819
5uez_ligand,4681,1.43549
5uez_ligand,4682,1.60425
5uez_ligand,4683,1.63977
5uez_ligand,4684,1.28683
5uez_ligand,4685,1.59448
5uez_ligand,4686,1.44676
5uez_ligand,4687,1.67458
5uez_ligand,4688,1.40969
5uez_ligand,4689,1.56163
5uez_ligand,4690,1.5595
5uez_ligand,4691,1.58408
5uez_ligand,4692,1.41207
5uez_ligand,4693,1.58957
5uez_ligand,4694,1.53449
5uez_ligand,4695,1.40586
5uez_ligand,4696,1.6889
5uez_ligand,4697,1.31667
5uez_ligand,4698,1.66556
5uez_ligand,4699,1.48453
5uez_ligand,4700,1.6584
5uez_ligand,4701,1.25381
5uez_ligand,4702,1.60325
5uez_ligand,4703,1.46365
5uez_ligand,4704,1.59814
5uez_ligand,4705,1.5229
5uez_ligand,4706,1.60951
5uez_ligand,4707,1.38815
5uez_ligand,4708,1.62388
5uez_ligand,4709,1.41931
5uez_ligand,4710,1.552
5uez_ligand,4711,1.52421
5uez_ligand,4712,1.58596
5uez_ligand,4713,1.5532
5uez_ligand,4714,1.68009
5uez_ligand,4715,1.30648
5uez_ligand,4716,1.55535
5uez_ligand,4717,1.52162
5uez_ligand,4718,1.55629
5uez_ligand,4719,1.6766
5uez_ligand,4720,1.31085
5uez_ligand,4721,1.60378
5uez_ligand,4722,1.38562
5uez_ligand,4723,1.635
5uez_ligand,4724,1.45574
5uez_ligand,4725,1.67881
5uez_ligand,4726,1.48123
5uez_ligand,4727,1.64624
5uez_ligand,4728,1.68593
5uez_ligand,4729,1.39509
5uez_ligand,4730,1.54167
5uez_ligand,4731,1.58727
5uez_ligand,4732,1.65086
5uez_ligand,4733,1.40959
5uez_ligand,4734,1.55773
5uez_ligand,4735,1.58741
5uez_ligand,4736,1.47673
5uez_ligand,4737,1.63484
5uez_ligand,4738,1.52718
5uez_ligand,4739,1.5851
5uez_ligand,4740,1.49814
5uez_ligand,4741,1.54045
5uez_ligand,4742,1.50749
5uez_ligand,4743,1.72297
5uez_ligand,4744,1.34565
5uez_ligand,4745,1.57029
5uez_ligand,4746,1.5641
5uez_ligand,4747,1.59313
5uez_ligand,4748,1.5998
5uez_ligand,4749,1.5033
5uez_ligand,4750,1.61061
5uez_ligand,4751,1.60954
5uez_ligand,4752,1.57916
5uez_ligand,4753,1.40974
5uez_ligand,4754,1.66367
5uez_ligand,4755,1.36495
5uez_ligand,4756,1.62493
5uez_ligand,4757,1.60714
5uez_ligand,4758,1.39721
5uez_ligand,4759,1.58199
5uez_ligand,4760,1.44112
5uez_ligand,4761,1.6142
5uez_ligand,4762,1.40251
5uez_ligand,4763,1.59471
5uez_ligand,4764,1.35659
5uez_ligand,4765,1.61904
5uez_ligand,4766,1.67074
5uez_ligand,4767,1.37335
5uez_ligand,4768,1.61641
5uez_ligand,4769,1.47824
5uez_ligand,4770,1.60532
5uez_ligand,4771,1.47825
5uez_ligand,4772,1.58568
5uez_ligand,4773,1.47995
5uez_ligand,4774,1.56842
5uez_ligand,4775,1.46337
5uez_ligand,4776,1.62048
5uez_ligand,4777,1.61894
5uez_ligand,4778,1.41465
5uez_ligand,4779,1.69815
5uez_ligand,4780,1.27373
5uez_ligand,4781,1.56834
5uez_ligand,4782,1.70302
5uez_ligand,4783,1.22731
5uez_ligand,4784,1.51617
5uez_ligand,4785,1.63407
5uez_ligand,4786,1.52238
5uez_ligand,4787,1.77808
5uez_ligand,4788,1.44462
5uez_ligand,4789,1.5223
5uez_ligand,4790,1.41217
5uez_ligand,4791,1.57593
5uez_ligand,4792,1.56166
5uez_ligand,4793,1.62113
5uez_ligand,4794,1.44759
5uez_ligand,4795,1.57138
5uez_ligand,4796,1.64897
5uez_ligand,4797,1.46632
5uez_ligand,4798,1.60278
5uez_ligand,4799,1.57889
5uez_ligand,4800,1.54751
5uez_ligand,4801,1.57729
5uez_ligand,4802,1.48089
5uez_ligand,4803,1.70366
5uez_ligand,4804,1.35563
5uez_ligand,4805,1.60915
5uez_ligand,4806,1.56506
5uez_ligand,4807,1.6993
5uez_ligand,4808,1.27274
5uez_ligand,4809,1.45251
5uez_ligand,4810,1.62726
5uez_ligand,4811,1.47883
5uez_ligand,4812,1.61012
5uez_ligand,4813,1.6305
5uez_ligand,4814,1.51722
5uez_ligand,4815,1.50333
5uez_ligand,4816,1.6127
5uez_ligand,4817,1.55981
5uez_ligand,4818,1.66424
5uez_ligand,4819,1.47557
5uez_ligand,4820,1.71727
5uez_ligand,4821,1.25694
5uez_ligand,4822,1.62367
5uez_ligand,4823,1.42232
5uez_ligand,4824,1.6198
5uez_ligand,4825,1.45483
5uez_ligand,4826,1.57599
5uez_ligand,4827,1.67232
5uez_ligand,4828,1.37034
5uez_ligand,4829,1.43969
5uez_ligand,4830,1.70214
5uez_ligand,4831,1.36132
5uez_ligand,4832,1.59595
5uez_ligand,4833,1.46045
5uez_ligand,4834,1.67369
5uez_ligand,4835,1.3133
5uez_ligand,4836,1.51751
5uez_ligand,4837,1.55836
5uez_ligand,4838,1.66026
5uez_ligand,4839,1.33521
5uez_ligand,4840,1.49265
5uez_ligand,4841,1.54037
5uez_ligand,4842,1.6629
5uez_ligand,4843,1.36866
5uez_ligand,4844,1.61484
5uez_ligand,4845,1.48312
5uez_ligand,4846,1.7096
5uez_ligand,4847,1.28999
5uez_ligand,4848,1.61124
5uez_ligand,4849,1.62433
5uez_ligand,4850,1.41773
5uez_ligand,4851,1.6642
5uez_ligand,4852,1.4211
5uez_ligand,4853,1.67818
5uez_ligand,4854,1.37935
5uez_ligand,4855,1.56381
5uez_ligand,4856,1.51837
5uez_ligand,4857,1.54248
5uez_ligand,4858,1.55031
5uez_ligand,4859,1.65799
5uez_ligand,4860,1.40493
5uez_ligand,4861,1.57424
5uez_ligand,4862,1.55397
5uez_ligand,4863,1.58583
5uez_ligand,4864,1.44196
5uez_ligand,4865,1.58486
5uez_ligand,4866,1.50522
5uez_ligand,4867,1.66388
5uez_ligand,4868,1.29516
5uez_ligand,4869,1.48525
5uez_ligand,4870,1.75259
5uez_ligand,4871,1.35548
5uez_ligand,4872,1.64017
5uez_ligand,4873,1.41326
5uez_ligand,4874,1.67311
5uez_ligand,4875,1.46221
5uez_ligand,4876,1.5137
5uez_ligand,4877,1.66312
5uez_ligand,4878,1.63442
5uez_ligand,4879,1.46965
5uez_ligand,4880,1.64633
5uez_ligand,4881,1.55068
5uez_ligand,4882,1.4796
5uez_ligand,4883,1.50436
5uez_ligand,4884,1.5527
5uez_ligand,4885,1.67393
5uez_ligand,4886,1.36289
5uez_ligand,4887,1.63791
5uez_ligand,4888,1.50928
5uez_ligand,4889,1.51546
5uez_ligand,4890,1.69589
5uez_ligand,4891,1.24605
5uez_ligand,4892,1.48212
5uez_ligand,4893,1.68726
5uez_ligand,4894,1.41573
5uez_ligand,4895,1.65574
5uez_ligand,4896,1.39735
5uez_ligand,4897,1.56341
5uez_ligand,4898,1.50254
5uez_ligand,4899,1.59741
5uez_ligand,4900,1.46813
5uez_ligand,4901,1.5649
5uez_ligand,4902,1.49271
5uez_ligand,4903,1.65192
5uez_ligand,4904,1.54984
5uez_ligand,4905,1.40352
5uez_ligand,4906,1.69692
5uez_ligand,4907,1.31977
5uez_ligand,4908,1.60291
5uez_ligand,4909,1.57501
5uez_ligand,4910,1.49344
5uez_ligand,4911,1.59554
5uez_ligand,4912,1.54589
5uez_ligand,4913,1.69422
5uez_ligand,4914,1.30187
5uez_ligand,4915,1.452
5uez_ligand,4916,1.71291
5uez_ligand,4917,1.45887
5uez_ligand,4918,1.67918
5uez_ligand,4919,1.50788
5uez_ligand,4920,1.51751
5uez_ligand,4921,1.73241
5uez_ligand,4922,1.26059
5uez_ligand,4923,1.47346
5uez_ligand,4924,1.66008
5uez_ligand,4925,1.46859
5uez_ligand,4926,1.69783
5uez_ligand,4927,1.38839
5uez_ligand,4928,1.57445
5uez_ligand,4929,1.49486
5uez_ligand,4930,1.63759
5uez_ligand,4931,1.4277
5uez_ligand,4932,1.60901
5uez_ligand,4933,1.42445
5uez_ligand,4934,1.59915
5uez_ligand,4935,1.50316
5uez_ligand,4936,1.66616
5uez_ligand,4937,1.33063
5uez_ligand,4938,1.59515
5uez_ligand,4939,1.36008
5uez_ligand,4940,1.58268
5uez_ligand,4941,1.75387
5uez_ligand,4942,1.38106
5uez_ligand,4943,1.67271
5uez_ligand,4944,1.43451
5uez_ligand,4945,1.53402
5uez_ligand,4946,1.5059
5uez_ligand,4947,1.63546
5uez_ligand,4948,1.37057
5uez_ligand,4949,1.56992
5uez_ligand,4950,1.53402
5uez_ligand,4951,1.62593
5uez_ligand,4952,1.39201
5uez_ligand,4953,1.64335
5uez_ligand,4954,1.68725
5uez_ligand,4955,1.36867
5uez_ligand,4956,1.65096
5uez_ligand,4957,1.4953
5uez_ligand,4958,1.59236
5uez_ligand,4959,1.48547
5uez_ligand,4960,1.66939
5uez_ligand,4961,1.21248
5uez_ligand,4962,1.59291
5uez_ligand,4963,1.4813
5uez_ligand,4964,1.69037
5uez_ligand,4965,1.37042
5uez_ligand,4966,1.64018
5uez_ligand,4967,1.33455
5uez_ligand,4968,1.59861
5uez_ligand,4969,1.41003
5uez_ligand,4970,1.55471
5uez_ligand,4971,1.68577
5uez_ligand,4972,1.45199
5uez_ligand,4973,1.61425
5uez_ligand,4974,1.61383
5uez_ligand,4975,1.44012
5uez_ligand,4976,1.52341
5uez_ligand,4977,1.47105
5uez_ligand,4978,1.6964
5uez_ligand,4979,1.35837
5uez_ligand,4980,1.59939
5uez_ligand,4981,1.50974
5uez_ligand,4982,1.55352
5uez_ligand,4983,1.47884
5uez_ligand,4984,1.64982
5uez_ligand,4985,1.54282
5uez_ligand,4986,1.49122
5uez_ligand,4987,1.62602
5uez_ligand,4988,1.42678
5uez_ligand,4989,1.68059
5uez_ligand,4990,1.43272
5uez_ligand,4991,1.58514
5uez_ligand,4992,1.51145
5uez_ligand,4993,1.5366
5uez_ligand,4994,1.6294
5uez_ligand,4995,1.5362
5uez_ligand,4996,1.58176
5uez_ligand,4997,1.59111
5uez_ligand,4998,1.36244
5uez_ligand,4999,1.6359
