ligand,iteration,com_distance
1fkb_ligand,0,0
1fkb_ligand,1,0.383886
1fkb_ligand,2,0.721698
1fkb_ligand,3,0.788744
1fkb_ligand,4,0.911281
1fkb_ligand,5,1.13197
1fkb_ligand,6,1.07965
1fkb_ligand,7,0.826516
1fkb_ligand,8,1.07162
1fkb_ligand,9,0.750008
1fkb_ligand,10,1.16951
1fkb_ligand,11,0.770408
1fkb_ligand,12,1.06058
1fkb_ligand,13,0.740572
1fkb_ligand,14,0.888973
1fkb_ligand,15,0.856962
1fkb_ligand,16,0.827588
1fkb_ligand,17,0.889007
1fkb_ligand,18,0.901133
1fkb_ligand,19,0.907577
1fkb_ligand,20,0.823271
1fkb_ligand,21,0.594426
1fkb_ligand,22,1.10859
1fkb_ligand,23,0.861374
1fkb_ligand,24,0.831072
1fkb_ligand,25,0.997779
1fkb_ligand,26,0.795049
1fkb_ligand,27,0.587738
1fkb_ligand,28,1.0372
1fkb_ligand,29,0.860811
1fkb_ligand,30,1.0237
1fkb_ligand,31,0.907372
1fkb_ligand,32,0.709703
1fkb_ligand,33,1.00927
1fkb_ligand,34,0.598727
1fkb_ligand,35,1.13868
1fkb_ligand,36,0.527967
1fkb_ligand,37,1.19142
1fkb_ligand,38,0.641003
1fkb_ligand,39,1.07528
1fkb_ligand,40,0.584255
1fkb_ligand,41,1.11189
1fkb_ligand,42,0.721013
1fkb_ligand,43,1.01808
1fkb_ligand,44,0.587136
1fkb_ligand,45,1.21332
1fkb_ligand,46,0.825315
1fkb_ligand,47,0.920516
1fkb_ligand,48,0.95534
1fkb_ligand,49,0.797786
1fkb_ligand,50,0.784306
1fkb_ligand,51,0.929509
1fkb_ligand,52,0.775404
1fkb_ligand,53,0.859484
1fkb_ligand,54,1.08708
1fkb_ligand,55,0.533442
1fkb_ligand,56,1.17796
1fkb_ligand,57,0.748124
1fkb_ligand,58,0.906278
1fkb_ligand,59,0.884298
1fkb_ligand,60,0.794649
1fkb_ligand,61,0.844125
1fkb_ligand,62,1.00974
1fkb_ligand,63,0.71806
1fkb_ligand,64,0.911017
1fkb_ligand,65,0.760548
1fkb_ligand,66,1.12133
1fkb_ligand,67,0.663258
1fkb_ligand,68,1.11136
1fkb_ligand,69,0.974526
1fkb_ligand,70,0.716858
1fkb_ligand,71,1.02871
1fkb_ligand,72,0.661727
1fkb_ligand,73,1.1582
1fkb_ligand,74,0.722735
1fkb_ligand,75,1.00254
1fkb_ligand,76,0.633211
1fkb_ligand,77,1.15677
1fkb_ligand,78,0.581806
1fkb_ligand,79,1.09704
1fkb_ligand,80,0.62647
1fkb_ligand,81,1.17405
1fkb_ligand,82,0.696668
1fkb_ligand,83,1.10394
1fkb_ligand,84,0.58807
1fkb_ligand,85,1.1486
1fkb_ligand,86,0.565229
1fkb_ligand,87,1.16457
1fkb_ligand,88,0.631179
1fkb_ligand,89,1.11621
1fkb_ligand,90,0.793354
1fkb_ligand,91,1.13321
1fkb_ligand,92,0.439327
1fkb_ligand,93,1.06115
1fkb_ligand,94,0.721784
1fkb_ligand,95,1.21739
1fkb_ligand,96,1.06035
1fkb_ligand,97,0.960858
1fkb_ligand,98,0.726712
1fkb_ligand,99,1.19395
1fkb_ligand,100,0.677797
1fkb_ligand,101,1.16788
1fkb_ligand,102,0.837697
1fkb_ligand,103,0.833469
1fkb_ligand,104,1.14486
1fkb_ligand,105,0.558665
1fkb_ligand,106,1.23492
1fkb_ligand,107,0.879861
1fkb_ligand,108,0.942406
1fkb_ligand,109,0.792503
1fkb_ligand,110,0.948701
1fkb_ligand,111,0.886462
1fkb_ligand,112,0.95782
1fkb_ligand,113,0.850891
1fkb_ligand,114,0.871039
1fkb_ligand,115,0.953089
1fkb_ligand,116,0.834413
1fkb_ligand,117,1.23629
1fkb_ligand,118,0.577352
1fkb_ligand,119,1.17803
1fkb_ligand,120,0.682388
1fkb_ligand,121,1.10904
1fkb_ligand,122,0.701236
1fkb_ligand,123,1.03571
1fkb_ligand,124,0.8634
1fkb_ligand,125,1.03478
1fkb_ligand,126,1.00561
1fkb_ligand,127,0.928915
1fkb_ligand,128,0.924007
1fkb_ligand,129,0.842221
1fkb_ligand,130,1.12397
1fkb_ligand,131,0.552017
1fkb_ligand,132,1.08637
1fkb_ligand,133,0.560405
1fkb_ligand,134,1.02319
1fkb_ligand,135,0.601106
1fkb_ligand,136,1.02118
1fkb_ligand,137,0.696738
1fkb_ligand,138,1.12731
1fkb_ligand,139,0.75551
1fkb_ligand,140,0.98607
1fkb_ligand,141,0.8395
1fkb_ligand,142,0.98431
1fkb_ligand,143,0.880348
1fkb_ligand,144,1.04767
1fkb_ligand,145,1.04315
1fkb_ligand,146,0.671095
1fkb_ligand,147,1.12399
1fkb_ligand,148,0.594185
1fkb_ligand,149,1.20392
1fkb_ligand,150,0.776739
1fkb_ligand,151,1.04922
1fkb_ligand,152,0.714733
1fkb_ligand,153,1.04124
1fkb_ligand,154,0.875955
1fkb_ligand,155,0.79604
1fkb_ligand,156,1.18593
1fkb_ligand,157,0.767122
1fkb_ligand,158,0.986325
1fkb_ligand,159,0.840476
1fkb_ligand,160,0.920992
1fkb_ligand,161,0.764516
1fkb_ligand,162,1.10708
1fkb_ligand,163,0.719068
1fkb_ligand,164,1.02348
1fkb_ligand,165,0.86529
1fkb_ligand,166,0.870544
1fkb_ligand,167,0.760062
1fkb_ligand,168,1.18441
1fkb_ligand,169,0.690363
1fkb_ligand,170,1.11626
1fkb_ligand,171,1.01327
1fkb_ligand,172,0.843638
1fkb_ligand,173,0.649077
1fkb_ligand,174,1.17292
1fkb_ligand,175,0.708478
1fkb_ligand,176,1.06625
1fkb_ligand,177,0.584664
1fkb_ligand,178,1.15054
1fkb_ligand,179,0.584316
1fkb_ligand,180,1.10821
1fkb_ligand,181,0.612778
1fkb_ligand,182,1.0996
1fkb_ligand,183,0.654521
1fkb_ligand,184,1.13006
1fkb_ligand,185,0.798821
1fkb_ligand,186,1.08668
1fkb_ligand,187,0.714523
1fkb_ligand,188,1.08321
1fkb_ligand,189,0.941061
1fkb_ligand,190,0.780709
1fkb_ligand,191,0.886854
1fkb_ligand,192,0.807792
1fkb_ligand,193,1.13328
1fkb_ligand,194,0.601113
1fkb_ligand,195,1.18755
1fkb_ligand,196,0.725734
1fkb_ligand,197,1.05394
1fkb_ligand,198,0.573936
1fkb_ligand,199,1.12117
1fkb_ligand,200,0.609762
1fkb_ligand,201,1.07457
1fkb_ligand,202,0.605871
1fkb_ligand,203,1.19417
1fkb_ligand,204,0.68334
1fkb_ligand,205,1.14769
1fkb_ligand,206,0.818591
1fkb_ligand,207,1.10126
1fkb_ligand,208,0.773909
1fkb_ligand,209,0.879739
1fkb_ligand,210,0.964661
1fkb_ligand,211,0.888222
1fkb_ligand,212,0.874539
1fkb_ligand,213,1.20043
1fkb_ligand,214,0.63217
1fkb_ligand,215,1.15577
1fkb_ligand,216,0.628001
1fkb_ligand,217,1.16608
1fkb_ligand,218,0.714315
1fkb_ligand,219,1.10892
1fkb_ligand,220,0.790821
1fkb_ligand,221,1.00967
1fkb_ligand,222,0.949404
1fkb_ligand,223,0.831916
1fkb_ligand,224,0.690827
1fkb_ligand,225,1.12796
1fkb_ligand,226,0.579097
1fkb_ligand,227,1.20998
1fkb_ligand,228,0.665272
1fkb_ligand,229,1.19831
1fkb_ligand,230,0.788755
1fkb_ligand,231,0.923561
1fkb_ligand,232,0.904111
1fkb_ligand,233,1.16675
1fkb_ligand,234,1.02217
1fkb_ligand,235,0.974346
1fkb_ligand,236,0.885421
1fkb_ligand,237,0.808649
1fkb_ligand,238,0.908623
1fkb_ligand,239,0.855798
1fkb_ligand,240,0.904365
1fkb_ligand,241,0.760458
1fkb_ligand,242,1.11943
1fkb_ligand,243,0.623975
1fkb_ligand,244,1.05092
1fkb_ligand,245,0.537196
1fkb_ligand,246,1.1899
1fkb_ligand,247,0.750287
1fkb_ligand,248,1.01864
1fkb_ligand,249,0.749989
1fkb_ligand,250,1.29011
1fkb_ligand,251,1.16346
1fkb_ligand,252,1.21177
1fkb_ligand,253,1.30169
1fkb_ligand,254,1.68852
1fkb_ligand,255,1.50656
1fkb_ligand,256,1.41521
1fkb_ligand,257,1.91637
1fkb_ligand,258,1.3376
1fkb_ligand,259,1.93748
1fkb_ligand,260,1.38071
1fkb_ligand,261,2.01195
1fkb_ligand,262,1.50149
1fkb_ligand,263,1.6153
1fkb_ligand,264,1.52381
1fkb_ligand,265,1.64123
1fkb_ligand,266,1.7145
1fkb_ligand,267,1.46378
1fkb_ligand,268,1.55169
1fkb_ligand,269,1.63115
1fkb_ligand,270,1.45812
1fkb_ligand,271,1.55746
1fkb_ligand,272,1.58035
1fkb_ligand,273,1.46774
1fkb_ligand,274,1.64749
1fkb_ligand,275,1.48596
1fkb_ligand,276,1.59824
1fkb_ligand,277,1.38647
1fkb_ligand,278,1.765
1fkb_ligand,279,1.47614
1fkb_ligand,280,1.62992
1fkb_ligand,281,1.4682
1fkb_ligand,282,1.49129
1fkb_ligand,283,1.74848
1fkb_ligand,284,1.34195
1fkb_ligand,285,1.85209
1fkb_ligand,286,1.34571
1fkb_ligand,287,1.85823
1fkb_ligand,288,1.38909
1fkb_ligand,289,1.8556
1fkb_ligand,290,1.37636
1fkb_ligand,291,1.86361
1fkb_ligand,292,1.36388
1fkb_ligand,293,1.86132
1fkb_ligand,294,1.3646
1fkb_ligand,295,1.87269
1fkb_ligand,296,1.35443
1fkb_ligand,297,1.85187
1fkb_ligand,298,1.37337
1fkb_ligand,299,1.91827
1fkb_ligand,300,1.31001
1fkb_ligand,301,1.89397
1fkb_ligand,302,1.3054
1fkb_ligand,303,1.82873
1fkb_ligand,304,1.3378
1fkb_ligand,305,1.87544
1fkb_ligand,306,1.38242
1fkb_ligand,307,1.74168
1fkb_ligand,308,1.47165
1fkb_ligand,309,1.64
1fkb_ligand,310,1.4395
1fkb_ligand,311,1.68436
1fkb_ligand,312,1.20353
1fkb_ligand,313,1.79768
1fkb_ligand,314,1.34205
1fkb_ligand,315,1.68347
1fkb_ligand,316,1.52984
1fkb_ligand,317,1.569
1fkb_ligand,318,1.59644
1fkb_ligand,319,1.77532
1fkb_ligand,320,1.71939
1fkb_ligand,321,1.70486
1fkb_ligand,322,1.69378
1fkb_ligand,323,1.61862
1fkb_ligand,324,1.67967
1fkb_ligand,325,1.80422
1fkb_ligand,326,1.84931
1fkb_ligand,327,1.82532
1fkb_ligand,328,1.6784
1fkb_ligand,329,1.77349
1fkb_ligand,330,1.73974
1fkb_ligand,331,1.98201
1fkb_ligand,332,1.87803
1fkb_ligand,333,2.03548
1fkb_ligand,334,1.82751
1fkb_ligand,335,2.10261
1fkb_ligand,336,1.87119
1fkb_ligand,337,1.78937
1fkb_ligand,338,2.08329
1fkb_ligand,339,1.67108
1fkb_ligand,340,1.96397
1fkb_ligand,341,1.94591
1fkb_ligand,342,1.95151
1fkb_ligand,343,2.07121
1fkb_ligand,344,1.77435
1fkb_ligand,345,2.11948
1fkb_ligand,346,1.66
1fkb_ligand,347,2.00818
1fkb_ligand,348,1.93033
1fkb_ligand,349,1.9388
1fkb_ligand,350,1.92277
1fkb_ligand,351,2.14886
1fkb_ligand,352,1.77889
1fkb_ligand,353,2.05922
1fkb_ligand,354,1.79585
1fkb_ligand,355,1.98762
1fkb_ligand,356,1.8541
1fkb_ligand,357,2.0815
1fkb_ligand,358,1.76662
1fkb_ligand,359,2.26023
1fkb_ligand,360,1.76161
1fkb_ligand,361,2.16605
1fkb_ligand,362,1.70027
1fkb_ligand,363,2.26389
1fkb_ligand,364,1.67248
1fkb_ligand,365,2.27919
1fkb_ligand,366,1.80857
1fkb_ligand,367,2.33345
1fkb_ligand,368,1.948
1fkb_ligand,369,2.12436
1fkb_ligand,370,1.98166
1fkb_ligand,371,2.00844
1fkb_ligand,372,2.0372
1fkb_ligand,373,2.05612
1fkb_ligand,374,2.00711
1fkb_ligand,375,2.22767
1fkb_ligand,376,1.92422
1fkb_ligand,377,2.2716
1fkb_ligand,378,1.89372
1fkb_ligand,379,2.208
1fkb_ligand,380,1.93142
1fkb_ligand,381,2.1128
1fkb_ligand,382,2.04578
1fkb_ligand,383,2.0774
1fkb_ligand,384,1.99142
1fkb_ligand,385,2.11226
1fkb_ligand,386,2.04176
1fkb_ligand,387,2.23241
1fkb_ligand,388,2.0902
1fkb_ligand,389,2.15276
1fkb_ligand,390,2.01065
1fkb_ligand,391,2.22451
1fkb_ligand,392,1.85581
1fkb_ligand,393,2.30473
1fkb_ligand,394,2.05681
1fkb_ligand,395,2.20829
1fkb_ligand,396,2.01504
1fkb_ligand,397,2.20702
1fkb_ligand,398,2.01026
1fkb_ligand,399,2.27146
1fkb_ligand,400,2.03041
1fkb_ligand,401,2.32032
1fkb_ligand,402,2.06281
1fkb_ligand,403,2.23215
1fkb_ligand,404,2.14229
1fkb_ligand,405,2.09999
1fkb_ligand,406,2.1363
1fkb_ligand,407,2.27808
1fkb_ligand,408,2.06826
1fkb_ligand,409,2.32154
1fkb_ligand,410,2.04037
1fkb_ligand,411,2.27327
1fkb_ligand,412,2.09059
1fkb_ligand,413,2.34191
1fkb_ligand,414,2.0634
1fkb_ligand,415,2.28086
1fkb_ligand,416,2.23215
1fkb_ligand,417,2.17858
1fkb_ligand,418,2.34661
1fkb_ligand,419,2.09726
1fkb_ligand,420,2.30937
1fkb_ligand,421,2.28573
1fkb_ligand,422,2.15859
1fkb_ligand,423,2.23085
1fkb_ligand,424,2.28239
1fkb_ligand,425,2.19107
1fkb_ligand,426,2.32071
1fkb_ligand,427,2.12988
1fkb_ligand,428,2.37859
1fkb_ligand,429,2.06668
1fkb_ligand,430,2.42874
1fkb_ligand,431,2.01439
1fkb_ligand,432,2.41709
1fkb_ligand,433,1.98401
1fkb_ligand,434,2.44987
1fkb_ligand,435,2.02059
1fkb_ligand,436,2.36601
1fkb_ligand,437,2.01771
1fkb_ligand,438,2.42298
1fkb_ligand,439,2.05213
1fkb_ligand,440,2.40513
1fkb_ligand,441,2.0662
1fkb_ligand,442,2.44139
1fkb_ligand,443,2.0944
1fkb_ligand,444,2.48374
1fkb_ligand,445,2.00665
1fkb_ligand,446,2.46562
1fkb_ligand,447,2.03989
1fkb_ligand,448,2.51833
1fkb_ligand,449,2.1162
1fkb_ligand,450,2.35467
1fkb_ligand,451,2.19977
1fkb_ligand,452,2.25842
1fkb_ligand,453,2.18668
1fkb_ligand,454,2.39734
1fkb_ligand,455,2.10647
1fkb_ligand,456,2.43382
1fkb_ligand,457,2.21184
1fkb_ligand,458,2.26468
1fkb_ligand,459,2.21153
1fkb_ligand,460,2.46342
1fkb_ligand,461,2.15531
1fkb_ligand,462,2.36522
1fkb_ligand,463,2.16464
1fkb_ligand,464,2.35809
1fkb_ligand,465,2.03733
1fkb_ligand,466,2.47315
1fkb_ligand,467,2.15165
1fkb_ligand,468,2.43427
1fkb_ligand,469,2.07445
1fkb_ligand,470,2.49779
1fkb_ligand,471,2.2407
1fkb_ligand,472,2.18646
1fkb_ligand,473,2.29144
1fkb_ligand,474,2.09467
1fkb_ligand,475,2.30373
1fkb_ligand,476,2.26331
1fkb_ligand,477,2.2157
1fkb_ligand,478,2.06807
1fkb_ligand,479,2.46085
1fkb_ligand,480,1.88218
1fkb_ligand,481,2.53001
1fkb_ligand,482,1.97546
1fkb_ligand,483,2.46409
1fkb_ligand,484,2.02663
1fkb_ligand,485,2.52295
1fkb_ligand,486,2.07777
1fkb_ligand,487,2.43044
1fkb_ligand,488,1.91401
1fkb_ligand,489,2.61534
1fkb_ligand,490,1.87986
1fkb_ligand,491,2.53276
1fkb_ligand,492,1.9727
1fkb_ligand,493,2.5275
1fkb_ligand,494,1.9142
1fkb_ligand,495,2.52718
1fkb_ligand,496,1.98697
1fkb_ligand,497,2.50248
1fkb_ligand,498,1.9735
1fkb_ligand,499,2.54856
1fkb_ligand,500,2.038
1fkb_ligand,501,2.51795
1fkb_ligand,502,2.08156
1fkb_ligand,503,2.49148
1fkb_ligand,504,2.01666
1fkb_ligand,505,2.51582
1fkb_ligand,506,2.13216
1fkb_ligand,507,2.50356
1fkb_ligand,508,2.10441
1fkb_ligand,509,2.5554
1fkb_ligand,510,2.02654
1fkb_ligand,511,2.51138
1fkb_ligand,512,2.06856
1fkb_ligand,513,2.46699
1fkb_ligand,514,2.06662
1fkb_ligand,515,2.49519
1fkb_ligand,516,2.09518
1fkb_ligand,517,2.51521
1fkb_ligand,518,2.18346
1fkb_ligand,519,2.34717
1fkb_ligand,520,2.06222
1fkb_ligand,521,2.49357
1fkb_ligand,522,2.17173
1fkb_ligand,523,2.36505
1fkb_ligand,524,2.15752
1fkb_ligand,525,2.46705
1fkb_ligand,526,2.07258
1fkb_ligand,527,2.50109
1fkb_ligand,528,2.18013
1fkb_ligand,529,2.48551
1fkb_ligand,530,2.15818
1fkb_ligand,531,2.38337
1fkb_ligand,532,2.01815
1fkb_ligand,533,2.51328
1fkb_ligand,534,1.94516
1fkb_ligand,535,2.54867
1fkb_ligand,536,2.00843
1fkb_ligand,537,2.58806
1fkb_ligand,538,2.11071
1fkb_ligand,539,2.55459
1fkb_ligand,540,2.03467
1fkb_ligand,541,2.46515
1fkb_ligand,542,2.00582
1fkb_ligand,543,2.42334
1fkb_ligand,544,1.94611
1fkb_ligand,545,2.41029
1fkb_ligand,546,1.85622
1fkb_ligand,547,2.51255
1fkb_ligand,548,2.01096
1fkb_ligand,549,2.47461
1fkb_ligand,550,1.99312
1fkb_ligand,551,2.53198
1fkb_ligand,552,2.04641
1fkb_ligand,553,2.50992
1fkb_ligand,554,2.08899
1fkb_ligand,555,2.4722
1fkb_ligand,556,2.1101
1fkb_ligand,557,2.46069
1fkb_ligand,558,2.17356
1fkb_ligand,559,2.42536
1fkb_ligand,560,2.14775
1fkb_ligand,561,2.43702
1fkb_ligand,562,1.98035
1fkb_ligand,563,2.50487
1fkb_ligand,564,2.19808
1fkb_ligand,565,2.40132
1fkb_ligand,566,2.16218
1fkb_ligand,567,2.3804
1fkb_ligand,568,2.12193
1fkb_ligand,569,2.55187
1fkb_ligand,570,2.0418
1fkb_ligand,571,2.50594
1fkb_ligand,572,1.99391
1fkb_ligand,573,2.50896
1fkb_ligand,574,1.92096
1fkb_ligand,575,2.45523
1fkb_ligand,576,1.95616
1fkb_ligand,577,2.57002
1fkb_ligand,578,1.93241
1fkb_ligand,579,2.44855
1fkb_ligand,580,1.97319
1fkb_ligand,581,2.5341
1fkb_ligand,582,2.06666
1fkb_ligand,583,2.59772
1fkb_ligand,584,1.97793
1fkb_ligand,585,2.60568
1fkb_ligand,586,2.16281
1fkb_ligand,587,2.62896
1fkb_ligand,588,1.97355
1fkb_ligand,589,2.54098
1fkb_ligand,590,2.02483
1fkb_ligand,591,2.46909
1fkb_ligand,592,2.11114
1fkb_ligand,593,2.39981
1fkb_ligand,594,2.05115
1fkb_ligand,595,2.55643
1fkb_ligand,596,2.00892
1fkb_ligand,597,2.5416
1fkb_ligand,598,2.14355
1fkb_ligand,599,2.43179
1fkb_ligand,600,2.0385
1fkb_ligand,601,2.55793
1fkb_ligand,602,2.05143
1fkb_ligand,603,2.40784
1fkb_ligand,604,2.10935
1fkb_ligand,605,2.50159
1fkb_ligand,606,2.22184
1fkb_ligand,607,2.28397
1fkb_ligand,608,2.22343
1fkb_ligand,609,2.36042
1fkb_ligand,610,2.16051
1fkb_ligand,611,2.48695
1fkb_ligand,612,1.97919
1fkb_ligand,613,2.54646
1fkb_ligand,614,1.98524
1fkb_ligand,615,2.52438
1fkb_ligand,616,1.92098
1fkb_ligand,617,2.40613
1fkb_ligand,618,2.02811
1fkb_ligand,619,2.44143
1fkb_ligand,620,1.91756
1fkb_ligand,621,2.39351
1fkb_ligand,622,2.10479
1fkb_ligand,623,2.39875
1fkb_ligand,624,2.04381
1fkb_ligand,625,2.45922
1fkb_ligand,626,1.93384
1fkb_ligand,627,2.46194
1fkb_ligand,628,2.1585
1fkb_ligand,629,2.39996
1fkb_ligand,630,2.01848
1fkb_ligand,631,2.44578
1fkb_ligand,632,2.13369
1fkb_ligand,633,2.47205
1fkb_ligand,634,2.00831
1fkb_ligand,635,2.48652
1fkb_ligand,636,1.93223
1fkb_ligand,637,2.39528
1fkb_ligand,638,2.20301
1fkb_ligand,639,2.26751
1fkb_ligand,640,2.45165
1fkb_ligand,641,2.07541
1fkb_ligand,642,2.47525
1fkb_ligand,643,2.07926
1fkb_ligand,644,2.43823
1fkb_ligand,645,2.03919
1fkb_ligand,646,2.36779
1fkb_ligand,647,2.19603
1fkb_ligand,648,2.43631
1fkb_ligand,649,2.04321
1fkb_ligand,650,2.50761
1fkb_ligand,651,1.95559
1fkb_ligand,652,2.44156
1fkb_ligand,653,2.05948
1fkb_ligand,654,2.41602
1fkb_ligand,655,2.09146
1fkb_ligand,656,2.5373
1fkb_ligand,657,1.90681
1fkb_ligand,658,2.43408
1fkb_ligand,659,2.25698
1fkb_ligand,660,2.34764
1fkb_ligand,661,2.0346
1fkb_ligand,662,2.47991
1fkb_ligand,663,1.92698
1fkb_ligand,664,2.42689
1fkb_ligand,665,2.04087
1fkb_ligand,666,2.44183
1fkb_ligand,667,1.9666
1fkb_ligand,668,2.42115
1fkb_ligand,669,2.17255
1fkb_ligand,670,2.31284
1fkb_ligand,671,2.25611
1fkb_ligand,672,2.28104
1fkb_ligand,673,2.1862
1fkb_ligand,674,2.29357
1fkb_ligand,675,2.23028
1fkb_ligand,676,2.29028
1fkb_ligand,677,2.45043
1fkb_ligand,678,2.0992
1fkb_ligand,679,2.44267
1fkb_ligand,680,2.10498
1fkb_ligand,681,2.4794
1fkb_ligand,682,2.06832
1fkb_ligand,683,2.44709
1fkb_ligand,684,2.15018
1fkb_ligand,685,2.47
1fkb_ligand,686,2.08498
1fkb_ligand,687,2.4712
1fkb_ligand,688,2.14723
1fkb_ligand,689,2.52934
1fkb_ligand,690,1.96232
1fkb_ligand,691,2.49142
1fkb_ligand,692,2.21337
1fkb_ligand,693,2.30977
1fkb_ligand,694,2.34959
1fkb_ligand,695,2.09606
1fkb_ligand,696,2.37446
1fkb_ligand,697,2.15767
1fkb_ligand,698,2.21275
1fkb_ligand,699,2.43188
1fkb_ligand,700,2.087
1fkb_ligand,701,2.45516
1fkb_ligand,702,2.08232
1fkb_ligand,703,2.49982
1fkb_ligand,704,1.97691
1fkb_ligand,705,2.44083
1fkb_ligand,706,2.15843
1fkb_ligand,707,2.48393
1fkb_ligand,708,2.07003
1fkb_ligand,709,2.49131
1fkb_ligand,710,1.90318
1fkb_ligand,711,2.45756
1fkb_ligand,712,2.01392
1fkb_ligand,713,2.51437
1fkb_ligand,714,1.97579
1fkb_ligand,715,2.47974
1fkb_ligand,716,1.89369
1fkb_ligand,717,2.55509
1fkb_ligand,718,2.00375
1fkb_ligand,719,2.47907
1fkb_ligand,720,1.8284
1fkb_ligand,721,2.38955
1fkb_ligand,722,2.21264
1fkb_ligand,723,2.30856
1fkb_ligand,724,2.28492
1fkb_ligand,725,2.27842
1fkb_ligand,726,2.28697
1fkb_ligand,727,2.26086
1fkb_ligand,728,2.35038
1fkb_ligand,729,2.11249
1fkb_ligand,730,2.42268
1fkb_ligand,731,2.1214
1fkb_ligand,732,2.44578
1fkb_ligand,733,2.05381
1fkb_ligand,734,2.44728
1fkb_ligand,735,2.0462
1fkb_ligand,736,2.48227
1fkb_ligand,737,1.97363
1fkb_ligand,738,2.46265
1fkb_ligand,739,2.08315
1fkb_ligand,740,2.37795
1fkb_ligand,741,2.24356
1fkb_ligand,742,2.32034
1fkb_ligand,743,2.21251
1fkb_ligand,744,2.41598
1fkb_ligand,745,2.12258
1fkb_ligand,746,2.40001
1fkb_ligand,747,2.09266
1fkb_ligand,748,2.34462
1fkb_ligand,749,2.2384
1fkb_ligand,750,2.38264
1fkb_ligand,751,2.18585
1fkb_ligand,752,2.45432
1fkb_ligand,753,2.03129
1fkb_ligand,754,2.48246
1fkb_ligand,755,2.039
1fkb_ligand,756,2.40313
1fkb_ligand,757,2.14498
1fkb_ligand,758,2.50217
1fkb_ligand,759,1.97191
1fkb_ligand,760,2.4261
1fkb_ligand,761,2.10135
1fkb_ligand,762,2.46494
1fkb_ligand,763,1.98436
1fkb_ligand,764,2.38944
1fkb_ligand,765,2.37281
1fkb_ligand,766,2.2318
1fkb_ligand,767,2.3062
1fkb_ligand,768,2.18707
1fkb_ligand,769,2.34473
1fkb_ligand,770,2.15647
1fkb_ligand,771,2.40221
1fkb_ligand,772,2.13707
1fkb_ligand,773,2.26651
1fkb_ligand,774,2.28478
1fkb_ligand,775,2.23969
1fkb_ligand,776,2.26999
1fkb_ligand,777,2.23354
1fkb_ligand,778,2.26041
1fkb_ligand,779,2.28017
1fkb_ligand,780,2.24573
1fkb_ligand,781,2.26897
1fkb_ligand,782,2.31687
1fkb_ligand,783,2.32037
1fkb_ligand,784,2.12086
1fkb_ligand,785,2.35149
1fkb_ligand,786,2.14038
1fkb_ligand,787,2.33523
1fkb_ligand,788,2.24575
1fkb_ligand,789,2.29277
1fkb_ligand,790,2.22412
1fkb_ligand,791,2.40745
1fkb_ligand,792,2.15607
1fkb_ligand,793,2.37097
1fkb_ligand,794,2.26025
1fkb_ligand,795,2.24145
1fkb_ligand,796,2.22571
1fkb_ligand,797,2.34973
1fkb_ligand,798,2.19
1fkb_ligand,799,2.3151
1fkb_ligand,800,2.41444
1fkb_ligand,801,2.19298
1fkb_ligand,802,2.39325
1fkb_ligand,803,2.13786
1fkb_ligand,804,2.42383
1fkb_ligand,805,2.09783
1fkb_ligand,806,2.45102
1fkb_ligand,807,2.05533
1fkb_ligand,808,2.42411
1fkb_ligand,809,2.00766
1fkb_ligand,810,2.41278
1fkb_ligand,811,2.29052
1fkb_ligand,812,2.30328
1fkb_ligand,813,2.38738
1fkb_ligand,814,2.03412
1fkb_ligand,815,2.33154
1fkb_ligand,816,2.30721
1fkb_ligand,817,2.21624
1fkb_ligand,818,2.28585
1fkb_ligand,819,2.30092
1fkb_ligand,820,2.20097
1fkb_ligand,821,2.36082
1fkb_ligand,822,2.21563
1fkb_ligand,823,2.23017
1fkb_ligand,824,2.34865
1fkb_ligand,825,2.10119
1fkb_ligand,826,2.50506
1fkb_ligand,827,2.04146
1fkb_ligand,828,2.51647
1fkb_ligand,829,1.88701
1fkb_ligand,830,2.46516
1fkb_ligand,831,2.15204
1fkb_ligand,832,2.42077
1fkb_ligand,833,2.12171
1fkb_ligand,834,2.47308
1fkb_ligand,835,2.04446
1fkb_ligand,836,2.41296
1fkb_ligand,837,2.22809
1fkb_ligand,838,2.28032
1fkb_ligand,839,2.31253
1fkb_ligand,840,2.29328
1fkb_ligand,841,2.32848
1fkb_ligand,842,2.23849
1fkb_ligand,843,2.37597
1fkb_ligand,844,2.12641
1fkb_ligand,845,2.35015
1fkb_ligand,846,2.34795
1fkb_ligand,847,2.20733
1fkb_ligand,848,2.39272
1fkb_ligand,849,2.09951
1fkb_ligand,850,2.48123
1fkb_ligand,851,2.05201
1fkb_ligand,852,2.49236
1fkb_ligand,853,2.00037
1fkb_ligand,854,2.49773
1fkb_ligand,855,2.00872
1fkb_ligand,856,2.37365
1fkb_ligand,857,2.34027
1fkb_ligand,858,2.11969
1fkb_ligand,859,2.34512
1fkb_ligand,860,2.2271
1fkb_ligand,861,2.37587
1fkb_ligand,862,2.07073
1fkb_ligand,863,2.37804
1fkb_ligand,864,2.19126
1fkb_ligand,865,2.28945
1fkb_ligand,866,2.31429
1fkb_ligand,867,2.15664
1fkb_ligand,868,2.46181
1fkb_ligand,869,1.99988
1fkb_ligand,870,2.37986
1fkb_ligand,871,2.26242
1fkb_ligand,872,2.27642
1fkb_ligand,873,2.28931
1fkb_ligand,874,2.2984
1fkb_ligand,875,2.37382
1fkb_ligand,876,2.23942
1fkb_ligand,877,2.35742
1fkb_ligand,878,2.19119
1fkb_ligand,879,2.37197
1fkb_ligand,880,2.17757
1fkb_ligand,881,2.33418
1fkb_ligand,882,2.26839
1fkb_ligand,883,2.30006
1fkb_ligand,884,2.09307
1fkb_ligand,885,2.49759
1fkb_ligand,886,1.89838
1fkb_ligand,887,2.46131
1fkb_ligand,888,1.94065
1fkb_ligand,889,2.44392
1fkb_ligand,890,1.96135
1fkb_ligand,891,2.47634
1fkb_ligand,892,2.02539
1fkb_ligand,893,2.41899
1fkb_ligand,894,2.02525
1fkb_ligand,895,2.52327
1fkb_ligand,896,2.01822
1fkb_ligand,897,2.48141
1fkb_ligand,898,2.09394
1fkb_ligand,899,2.46378
1fkb_ligand,900,1.9807
1fkb_ligand,901,2.42843
1fkb_ligand,902,2.11808
1fkb_ligand,903,2.54224
1fkb_ligand,904,1.92
1fkb_ligand,905,2.39657
1fkb_ligand,906,2.24768
1fkb_ligand,907,2.25437
1fkb_ligand,908,2.29724
1fkb_ligand,909,2.25582
1fkb_ligand,910,2.32371
1fkb_ligand,911,2.16961
1fkb_ligand,912,2.38415
1fkb_ligand,913,2.20535
1fkb_ligand,914,2.21604
1fkb_ligand,915,2.46364
1fkb_ligand,916,2.03751
1fkb_ligand,917,2.43892
1fkb_ligand,918,2.1776
1fkb_ligand,919,2.393
1fkb_ligand,920,2.16815
1fkb_ligand,921,2.40874
1fkb_ligand,922,2.13242
1fkb_ligand,923,2.46777
1fkb_ligand,924,1.9901
1fkb_ligand,925,2.48711
1fkb_ligand,926,1.96142
1fkb_ligand,927,2.37897
1fkb_ligand,928,2.26248
1fkb_ligand,929,2.30469
1fkb_ligand,930,2.25088
1fkb_ligand,931,2.30436
1fkb_ligand,932,2.23237
1fkb_ligand,933,2.30794
1fkb_ligand,934,2.23123
1fkb_ligand,935,2.13449
1fkb_ligand,936,2.43271
1fkb_ligand,937,2.0942
1fkb_ligand,938,2.4558
1fkb_ligand,939,1.95964
1fkb_ligand,940,2.33511
1fkb_ligand,941,2.28717
1fkb_ligand,942,2.21375
1fkb_ligand,943,2.26314
1fkb_ligand,944,2.2911
1fkb_ligand,945,2.33143
1fkb_ligand,946,2.07436
1fkb_ligand,947,2.44643
1fkb_ligand,948,1.93564
1fkb_ligand,949,2.41658
1fkb_ligand,950,2.09932
1fkb_ligand,951,2.4367
1fkb_ligand,952,2.08915
1fkb_ligand,953,2.52191
1fkb_ligand,954,2.08987
1fkb_ligand,955,2.52462
1fkb_ligand,956,2.12215
1fkb_ligand,957,2.51001
1fkb_ligand,958,1.98579
1fkb_ligand,959,2.47652
1fkb_ligand,960,2.10519
1fkb_ligand,961,2.47585
1fkb_ligand,962,2.12931
1fkb_ligand,963,2.53236
1fkb_ligand,964,2.10538
1fkb_ligand,965,2.45795
1fkb_ligand,966,2.1704
1fkb_ligand,967,2.55734
1fkb_ligand,968,1.99661
1fkb_ligand,969,2.53949
1fkb_ligand,970,2.06309
1fkb_ligand,971,2.54994
1fkb_ligand,972,2.02976
1fkb_ligand,973,2.47485
1fkb_ligand,974,2.1745
1fkb_ligand,975,2.55096
1fkb_ligand,976,2.01677
1fkb_ligand,977,2.52149
1fkb_ligand,978,2.10599
1fkb_ligand,979,2.47056
1fkb_ligand,980,2.1632
1fkb_ligand,981,2.52114
1fkb_ligand,982,2.06348
1fkb_ligand,983,2.56324
1fkb_ligand,984,2.06682
1fkb_ligand,985,2.52999
1fkb_ligand,986,2.02143
1fkb_ligand,987,2.56492
1fkb_ligand,988,2.01912
1fkb_ligand,989,2.58357
1fkb_ligand,990,1.98596
1fkb_ligand,991,2.46694
1fkb_ligand,992,2.04145
1fkb_ligand,993,2.55538
1fkb_ligand,994,1.97729
1fkb_ligand,995,2.55471
1fkb_ligand,996,1.93758
1fkb_ligand,997,2.57033
1fkb_ligand,998,1.95049
1fkb_ligand,999,2.44678
1fkb_ligand,1000,1.96562
1fkb_ligand,1001,2.58951
1fkb_ligand,1002,1.8488
1fkb_ligand,1003,2.50982
1fkb_ligand,1004,2.07341
1fkb_ligand,1005,2.49196
1fkb_ligand,1006,2.04925
1fkb_ligand,1007,2.50051
1fkb_ligand,1008,2.10541
1fkb_ligand,1009,2.56373
1fkb_ligand,1010,2.2025
1fkb_ligand,1011,2.18067
1fkb_ligand,1012,2.34722
1fkb_ligand,1013,2.12073
1fkb_ligand,1014,2.43861
1fkb_ligand,1015,2.02116
1fkb_ligand,1016,2.52875
1fkb_ligand,1017,2.10947
1fkb_ligand,1018,2.51874
1fkb_ligand,1019,2.08744
1fkb_ligand,1020,2.5019
1fkb_ligand,1021,2.1433
1fkb_ligand,1022,2.52379
1fkb_ligand,1023,2.08097
1fkb_ligand,1024,2.54797
1fkb_ligand,1025,2.03067
1fkb_ligand,1026,2.47651
1fkb_ligand,1027,1.96763
1fkb_ligand,1028,2.56385
1fkb_ligand,1029,2.01606
1fkb_ligand,1030,2.58897
1fkb_ligand,1031,2.00384
1fkb_ligand,1032,2.50547
1fkb_ligand,1033,2.1327
1fkb_ligand,1034,2.5503
1fkb_ligand,1035,2.05436
1fkb_ligand,1036,2.51026
1fkb_ligand,1037,2.08917
1fkb_ligand,1038,2.52241
1fkb_ligand,1039,2.09358
1fkb_ligand,1040,2.58662
1fkb_ligand,1041,1.99218
1fkb_ligand,1042,2.54303
1fkb_ligand,1043,2.08297
1fkb_ligand,1044,2.5495
1fkb_ligand,1045,2.01909
1fkb_ligand,1046,2.44217
1fkb_ligand,1047,2.19172
1fkb_ligand,1048,2.51424
1fkb_ligand,1049,2.1005
1fkb_ligand,1050,2.5269
1fkb_ligand,1051,2.00869
1fkb_ligand,1052,2.57157
1fkb_ligand,1053,1.9637
1fkb_ligand,1054,2.50494
1fkb_ligand,1055,2.02575
1fkb_ligand,1056,2.54851
1fkb_ligand,1057,2.03885
1fkb_ligand,1058,2.62756
1fkb_ligand,1059,1.97453
1fkb_ligand,1060,2.58944
1fkb_ligand,1061,1.93796
1fkb_ligand,1062,2.54853
1fkb_ligand,1063,2.0386
1fkb_ligand,1064,2.48122
1fkb_ligand,1065,2.13395
1fkb_ligand,1066,2.49077
1fkb_ligand,1067,2.14537
1fkb_ligand,1068,2.58277
1fkb_ligand,1069,2.036
1fkb_ligand,1070,2.60466
1fkb_ligand,1071,2.01228
1fkb_ligand,1072,2.62885
1fkb_ligand,1073,1.96623
1fkb_ligand,1074,2.62024
1fkb_ligand,1075,1.92608
1fkb_ligand,1076,2.53378
1fkb_ligand,1077,1.96407
1fkb_ligand,1078,2.44158
1fkb_ligand,1079,2.13942
1fkb_ligand,1080,2.37012
1fkb_ligand,1081,2.03593
1fkb_ligand,1082,2.50401
1fkb_ligand,1083,2.0988
1fkb_ligand,1084,2.53808
1fkb_ligand,1085,1.9932
1fkb_ligand,1086,2.59995
1fkb_ligand,1087,2.01451
1fkb_ligand,1088,2.56649
1fkb_ligand,1089,2.04665
1fkb_ligand,1090,2.53961
1fkb_ligand,1091,2.13197
1fkb_ligand,1092,2.33122
1fkb_ligand,1093,2.11225
1fkb_ligand,1094,2.37055
1fkb_ligand,1095,2.06347
1fkb_ligand,1096,2.49227
1fkb_ligand,1097,2.14098
1fkb_ligand,1098,2.53583
1fkb_ligand,1099,2.03876
1fkb_ligand,1100,2.50862
1fkb_ligand,1101,2.14529
1fkb_ligand,1102,2.38859
1fkb_ligand,1103,2.04405
1fkb_ligand,1104,2.57275
1fkb_ligand,1105,1.99707
1fkb_ligand,1106,2.49693
1fkb_ligand,1107,2.01913
1fkb_ligand,1108,2.49142
1fkb_ligand,1109,2.1621
1fkb_ligand,1110,2.49365
1fkb_ligand,1111,2.08706
1fkb_ligand,1112,2.53298
1fkb_ligand,1113,2.13022
1fkb_ligand,1114,2.53317
1fkb_ligand,1115,2.00145
1fkb_ligand,1116,2.51667
1fkb_ligand,1117,2.06265
1fkb_ligand,1118,2.53346
1fkb_ligand,1119,1.92851
1fkb_ligand,1120,2.57496
1fkb_ligand,1121,1.90597
1fkb_ligand,1122,2.51834
1fkb_ligand,1123,2.058
1fkb_ligand,1124,2.42443
1fkb_ligand,1125,1.87308
1fkb_ligand,1126,2.42487
1fkb_ligand,1127,2.17896
1fkb_ligand,1128,2.40227
1fkb_ligand,1129,2.21456
1fkb_ligand,1130,2.32059
1fkb_ligand,1131,2.23655
1fkb_ligand,1132,2.05012
1fkb_ligand,1133,2.5331
1fkb_ligand,1134,1.9897
1fkb_ligand,1135,2.47557
1fkb_ligand,1136,1.99442
1fkb_ligand,1137,2.51846
1fkb_ligand,1138,2.02211
1fkb_ligand,1139,2.48438
1fkb_ligand,1140,2.08819
1fkb_ligand,1141,2.50295
1fkb_ligand,1142,2.14267
1fkb_ligand,1143,2.51546
1fkb_ligand,1144,2.05665
1fkb_ligand,1145,2.589
1fkb_ligand,1146,1.9129
1fkb_ligand,1147,2.51386
1fkb_ligand,1148,2.02943
1fkb_ligand,1149,2.59183
1fkb_ligand,1150,1.85909
1fkb_ligand,1151,2.46219
1fkb_ligand,1152,2.21865
1fkb_ligand,1153,2.3926
1fkb_ligand,1154,2.16003
1fkb_ligand,1155,2.60315
1fkb_ligand,1156,1.98525
1fkb_ligand,1157,2.54464
1fkb_ligand,1158,2.0204
1fkb_ligand,1159,2.53121
1fkb_ligand,1160,2.0865
1fkb_ligand,1161,2.53814
1fkb_ligand,1162,2.00444
1fkb_ligand,1163,2.52972
1fkb_ligand,1164,2.03043
1fkb_ligand,1165,2.54583
1fkb_ligand,1166,1.97671
1fkb_ligand,1167,2.58667
1fkb_ligand,1168,1.91801
1fkb_ligand,1169,2.53549
1fkb_ligand,1170,1.91884
1fkb_ligand,1171,2.55733
1fkb_ligand,1172,1.92748
1fkb_ligand,1173,2.61755
1fkb_ligand,1174,1.8255
1fkb_ligand,1175,2.48235
1fkb_ligand,1176,2.15443
1fkb_ligand,1177,2.35716
1fkb_ligand,1178,2.17178
1fkb_ligand,1179,2.30471
1fkb_ligand,1180,2.19592
1fkb_ligand,1181,2.49844
1fkb_ligand,1182,2.10733
1fkb_ligand,1183,2.59681
1fkb_ligand,1184,2.13919
1fkb_ligand,1185,2.44405
1fkb_ligand,1186,2.21116
1fkb_ligand,1187,2.39753
1fkb_ligand,1188,2.27759
1fkb_ligand,1189,2.2733
1fkb_ligand,1190,2.28439
1fkb_ligand,1191,2.46043
1fkb_ligand,1192,2.12829
1fkb_ligand,1193,2.52604
1fkb_ligand,1194,2.08386
1fkb_ligand,1195,2.58623
1fkb_ligand,1196,1.9177
1fkb_ligand,1197,2.43645
1fkb_ligand,1198,2.08659
1fkb_ligand,1199,2.58831
1fkb_ligand,1200,1.98056
1fkb_ligand,1201,2.54659
1fkb_ligand,1202,2.02234
1fkb_ligand,1203,2.54604
1fkb_ligand,1204,1.98222
1fkb_ligand,1205,2.5454
1fkb_ligand,1206,2.00301
1fkb_ligand,1207,2.55314
1fkb_ligand,1208,2.05754
1fkb_ligand,1209,2.34739
1fkb_ligand,1210,2.23019
1fkb_ligand,1211,2.40021
1fkb_ligand,1212,2.24734
1fkb_ligand,1213,2.29584
1fkb_ligand,1214,2.25833
1fkb_ligand,1215,2.37111
1fkb_ligand,1216,2.06027
1fkb_ligand,1217,2.46022
1fkb_ligand,1218,1.96855
1fkb_ligand,1219,2.44534
1fkb_ligand,1220,2.12685
1fkb_ligand,1221,2.48138
1fkb_ligand,1222,2.12747
1fkb_ligand,1223,2.49291
1fkb_ligand,1224,2.13031
1fkb_ligand,1225,2.56868
1fkb_ligand,1226,1.9346
1fkb_ligand,1227,2.48326
1fkb_ligand,1228,2.01333
1fkb_ligand,1229,2.41799
1fkb_ligand,1230,1.9465
1fkb_ligand,1231,2.44538
1fkb_ligand,1232,1.97967
1fkb_ligand,1233,2.45349
1fkb_ligand,1234,1.91612
1fkb_ligand,1235,2.50408
1fkb_ligand,1236,2.00862
1fkb_ligand,1237,2.42639
1fkb_ligand,1238,2.011
1fkb_ligand,1239,2.46213
1fkb_ligand,1240,1.94458
1fkb_ligand,1241,2.51318
1fkb_ligand,1242,2.02893
1fkb_ligand,1243,2.5188
1fkb_ligand,1244,2.06761
1fkb_ligand,1245,2.61197
1fkb_ligand,1246,2.08522
1fkb_ligand,1247,2.53803
1fkb_ligand,1248,2.1447
1fkb_ligand,1249,2.53784
1fkb_ligand,1250,2.16076
1fkb_ligand,1251,2.40383
1fkb_ligand,1252,2.27781
1fkb_ligand,1253,2.31854
1fkb_ligand,1254,2.31054
1fkb_ligand,1255,2.22513
1fkb_ligand,1256,2.3412
1fkb_ligand,1257,2.31619
1fkb_ligand,1258,2.23043
1fkb_ligand,1259,2.35071
1fkb_ligand,1260,2.17565
1fkb_ligand,1261,2.36336
1fkb_ligand,1262,2.20504
1fkb_ligand,1263,2.46373
1fkb_ligand,1264,2.00252
1fkb_ligand,1265,2.45267
1fkb_ligand,1266,2.1376
1fkb_ligand,1267,2.48005
1fkb_ligand,1268,2.08204
1fkb_ligand,1269,2.50255
1fkb_ligand,1270,2.08792
1fkb_ligand,1271,2.51624
1fkb_ligand,1272,2.04736
1fkb_ligand,1273,2.52253
1fkb_ligand,1274,2.0868
1fkb_ligand,1275,2.41281
1fkb_ligand,1276,2.09943
1fkb_ligand,1277,2.41926
1fkb_ligand,1278,2.18412
1fkb_ligand,1279,2.47333
1fkb_ligand,1280,2.06383
1fkb_ligand,1281,2.36906
1fkb_ligand,1282,2.1851
1fkb_ligand,1283,2.4846
1fkb_ligand,1284,2.03362
1fkb_ligand,1285,2.50293
1fkb_ligand,1286,2.14359
1fkb_ligand,1287,2.49456
1fkb_ligand,1288,2.07919
1fkb_ligand,1289,2.53087
1fkb_ligand,1290,2.07841
1fkb_ligand,1291,2.54522
1fkb_ligand,1292,2.11075
1fkb_ligand,1293,2.33222
1fkb_ligand,1294,2.17964
1fkb_ligand,1295,2.44654
1fkb_ligand,1296,2.1319
1fkb_ligand,1297,2.4984
1fkb_ligand,1298,2.09201
1fkb_ligand,1299,2.5295
1fkb_ligand,1300,2.04538
1fkb_ligand,1301,2.50603
1fkb_ligand,1302,2.09982
1fkb_ligand,1303,2.5435
1fkb_ligand,1304,2.05494
1fkb_ligand,1305,2.51151
1fkb_ligand,1306,2.1851
1fkb_ligand,1307,2.50871
1fkb_ligand,1308,2.04096
1fkb_ligand,1309,2.54455
1fkb_ligand,1310,2.01187
1fkb_ligand,1311,2.50749
1fkb_ligand,1312,2.05592
1fkb_ligand,1313,2.54675
1fkb_ligand,1314,2.10427
1fkb_ligand,1315,2.53426
1fkb_ligand,1316,2.02611
1fkb_ligand,1317,2.44371
1fkb_ligand,1318,1.94714
1fkb_ligand,1319,2.49662
1fkb_ligand,1320,2.00003
1fkb_ligand,1321,2.48315
1fkb_ligand,1322,2.26037
1fkb_ligand,1323,2.31304
1fkb_ligand,1324,2.36285
1fkb_ligand,1325,2.08763
1fkb_ligand,1326,2.44143
1fkb_ligand,1327,1.91639
1fkb_ligand,1328,2.46899
1fkb_ligand,1329,2.16831
1fkb_ligand,1330,2.33836
1fkb_ligand,1331,2.18298
1fkb_ligand,1332,2.37461
1fkb_ligand,1333,2.03736
1fkb_ligand,1334,2.54317
1fkb_ligand,1335,2.02676
1fkb_ligand,1336,2.54666
1fkb_ligand,1337,1.89879
1fkb_ligand,1338,2.57416
1fkb_ligand,1339,1.88831
1fkb_ligand,1340,2.5088
1fkb_ligand,1341,1.98965
1fkb_ligand,1342,2.59402
1fkb_ligand,1343,1.8848
1fkb_ligand,1344,2.46598
1fkb_ligand,1345,1.98505
1fkb_ligand,1346,2.61977
1fkb_ligand,1347,1.87196
1fkb_ligand,1348,2.61323
1fkb_ligand,1349,1.81786
1fkb_ligand,1350,2.39158
1fkb_ligand,1351,2.09353
1fkb_ligand,1352,2.52481
1fkb_ligand,1353,2.10437
1fkb_ligand,1354,2.51492
1fkb_ligand,1355,2.08105
1fkb_ligand,1356,2.5455
1fkb_ligand,1357,2.0797
1fkb_ligand,1358,2.4537
1fkb_ligand,1359,1.92057
1fkb_ligand,1360,2.46381
1fkb_ligand,1361,2.20188
1fkb_ligand,1362,2.49222
1fkb_ligand,1363,2.17164
1fkb_ligand,1364,2.29623
1fkb_ligand,1365,2.09668
1fkb_ligand,1366,2.35489
1fkb_ligand,1367,2.14778
1fkb_ligand,1368,2.51769
1fkb_ligand,1369,2.0026
1fkb_ligand,1370,2.48471
1fkb_ligand,1371,2.15641
1fkb_ligand,1372,2.54667
1fkb_ligand,1373,2.0342
1fkb_ligand,1374,2.55001
1fkb_ligand,1375,1.9899
1fkb_ligand,1376,2.56393
1fkb_ligand,1377,1.94155
1fkb_ligand,1378,2.53556
1fkb_ligand,1379,2.00051
1fkb_ligand,1380,2.45748
1fkb_ligand,1381,1.94518
1fkb_ligand,1382,2.57631
1fkb_ligand,1383,1.95394
1fkb_ligand,1384,2.62903
1fkb_ligand,1385,1.88603
1fkb_ligand,1386,2.52372
1fkb_ligand,1387,2.05316
1fkb_ligand,1388,2.49934
1fkb_ligand,1389,2.01598
1fkb_ligand,1390,2.50024
1fkb_ligand,1391,2.08332
1fkb_ligand,1392,2.58421
1fkb_ligand,1393,2.04785
1fkb_ligand,1394,2.56831
1fkb_ligand,1395,2.03111
1fkb_ligand,1396,2.57809
1fkb_ligand,1397,1.95832
1fkb_ligand,1398,2.55391
1fkb_ligand,1399,2.03849
1fkb_ligand,1400,2.48909
1fkb_ligand,1401,2.04962
1fkb_ligand,1402,2.60058
1fkb_ligand,1403,2.01593
1fkb_ligand,1404,2.61049
1fkb_ligand,1405,2.05797
1fkb_ligand,1406,2.58623
1fkb_ligand,1407,1.94546
1fkb_ligand,1408,2.54482
1fkb_ligand,1409,2.04795
1fkb_ligand,1410,2.50756
1fkb_ligand,1411,2.01702
1fkb_ligand,1412,2.61899
1fkb_ligand,1413,1.88304
1fkb_ligand,1414,2.5631
1fkb_ligand,1415,1.89489
1fkb_ligand,1416,2.46637
1fkb_ligand,1417,2.17623
1fkb_ligand,1418,2.32607
1fkb_ligand,1419,2.10066
1fkb_ligand,1420,2.53471
1fkb_ligand,1421,2.02282
1fkb_ligand,1422,2.61695
1fkb_ligand,1423,1.97728
1fkb_ligand,1424,2.5635
1fkb_ligand,1425,1.98573
1fkb_ligand,1426,2.49766
1fkb_ligand,1427,2.10048
1fkb_ligand,1428,2.60472
1fkb_ligand,1429,1.96247
1fkb_ligand,1430,2.51535
1fkb_ligand,1431,2.08617
1fkb_ligand,1432,2.53081
1fkb_ligand,1433,2.05359
1fkb_ligand,1434,2.55959
1fkb_ligand,1435,1.9942
1fkb_ligand,1436,2.55711
1fkb_ligand,1437,1.86568
1fkb_ligand,1438,2.44966
1fkb_ligand,1439,1.98092
1fkb_ligand,1440,2.60177
1fkb_ligand,1441,1.87622
1fkb_ligand,1442,2.55563
1fkb_ligand,1443,1.96324
1fkb_ligand,1444,2.61728
1fkb_ligand,1445,1.87321
1fkb_ligand,1446,2.58188
1fkb_ligand,1447,1.93122
1fkb_ligand,1448,2.62102
1fkb_ligand,1449,1.93953
1fkb_ligand,1450,2.56182
1fkb_ligand,1451,2.00017
1fkb_ligand,1452,2.51274
1fkb_ligand,1453,2.11374
1fkb_ligand,1454,2.58216
1fkb_ligand,1455,2.08359
1fkb_ligand,1456,2.50406
1fkb_ligand,1457,1.96983
1fkb_ligand,1458,2.39593
1fkb_ligand,1459,2.24158
1fkb_ligand,1460,2.26648
1fkb_ligand,1461,2.15755
1fkb_ligand,1462,2.42847
1fkb_ligand,1463,1.92091
1fkb_ligand,1464,2.52928
1fkb_ligand,1465,1.98281
1fkb_ligand,1466,2.46233
1fkb_ligand,1467,2.26241
1fkb_ligand,1468,2.32255
1fkb_ligand,1469,2.19532
1fkb_ligand,1470,2.37479
1fkb_ligand,1471,2.22299
1fkb_ligand,1472,2.29584
1fkb_ligand,1473,2.24235
1fkb_ligand,1474,2.33004
1fkb_ligand,1475,2.26081
1fkb_ligand,1476,2.32341
1fkb_ligand,1477,2.16814
1fkb_ligand,1478,2.43653
1fkb_ligand,1479,2.21394
1fkb_ligand,1480,2.38649
1fkb_ligand,1481,2.1559
1fkb_ligand,1482,2.46935
1fkb_ligand,1483,2.14691
1fkb_ligand,1484,2.53693
1fkb_ligand,1485,2.04216
1fkb_ligand,1486,2.4926
1fkb_ligand,1487,2.17259
1fkb_ligand,1488,2.47889
1fkb_ligand,1489,2.15813
1fkb_ligand,1490,2.43824
1fkb_ligand,1491,2.29463
1fkb_ligand,1492,2.39608
1fkb_ligand,1493,2.14803
1fkb_ligand,1494,2.47712
1fkb_ligand,1495,2.05636
1fkb_ligand,1496,2.52691
1fkb_ligand,1497,2.02529
1fkb_ligand,1498,2.53406
1fkb_ligand,1499,2.01407
1fkb_ligand,1500,2.53681
1fkb_ligand,1501,2.08068
1fkb_ligand,1502,2.53129
1fkb_ligand,1503,2.06368
1fkb_ligand,1504,2.54161
1fkb_ligand,1505,1.9713
1fkb_ligand,1506,2.56931
1fkb_ligand,1507,1.98013
1fkb_ligand,1508,2.52952
1fkb_ligand,1509,1.98591
1fkb_ligand,1510,2.57178
1fkb_ligand,1511,1.91009
1fkb_ligand,1512,2.47112
1fkb_ligand,1513,2.02759
1fkb_ligand,1514,2.5352
1fkb_ligand,1515,2.04872
1fkb_ligand,1516,2.52503
1fkb_ligand,1517,2.07685
1fkb_ligand,1518,2.55005
1fkb_ligand,1519,1.96852
1fkb_ligand,1520,2.53015
1fkb_ligand,1521,2.05777
1fkb_ligand,1522,2.50971
1fkb_ligand,1523,2.05577
1fkb_ligand,1524,2.51693
1fkb_ligand,1525,2.15568
1fkb_ligand,1526,2.54392
1fkb_ligand,1527,2.00807
1fkb_ligand,1528,2.55503
1fkb_ligand,1529,2.0316
1fkb_ligand,1530,2.61263
1fkb_ligand,1531,1.89201
1fkb_ligand,1532,2.55453
1fkb_ligand,1533,2.12076
1fkb_ligand,1534,2.39274
1fkb_ligand,1535,2.08996
1fkb_ligand,1536,2.36909
1fkb_ligand,1537,2.00096
1fkb_ligand,1538,2.50814
1fkb_ligand,1539,2.05237
1fkb_ligand,1540,2.46381
1fkb_ligand,1541,2.16927
1fkb_ligand,1542,2.45402
1fkb_ligand,1543,2.0872
1fkb_ligand,1544,2.51383
1fkb_ligand,1545,2.0902
1fkb_ligand,1546,2.4992
1fkb_ligand,1547,2.07296
1fkb_ligand,1548,2.5045
1fkb_ligand,1549,2.05602
1fkb_ligand,1550,2.50201
1fkb_ligand,1551,2.02371
1fkb_ligand,1552,2.53633
1fkb_ligand,1553,2.03449
1fkb_ligand,1554,2.56517
1fkb_ligand,1555,1.97047
1fkb_ligand,1556,2.64799
1fkb_ligand,1557,1.93546
1fkb_ligand,1558,2.45335
1fkb_ligand,1559,2.10399
1fkb_ligand,1560,2.51893
1fkb_ligand,1561,2.00834
1fkb_ligand,1562,2.48151
1fkb_ligand,1563,2.00442
1fkb_ligand,1564,2.62501
1fkb_ligand,1565,1.84315
1fkb_ligand,1566,2.4675
1fkb_ligand,1567,1.89326
1fkb_ligand,1568,2.56711
1fkb_ligand,1569,1.91198
1fkb_ligand,1570,2.57243
1fkb_ligand,1571,1.94696
1fkb_ligand,1572,2.37203
1fkb_ligand,1573,2.11964
1fkb_ligand,1574,2.48942
1fkb_ligand,1575,1.79964
1fkb_ligand,1576,2.35986
1fkb_ligand,1577,2.17536
1fkb_ligand,1578,2.32342
1fkb_ligand,1579,2.1452
1fkb_ligand,1580,2.44114
1fkb_ligand,1581,1.99628
1fkb_ligand,1582,2.56095
1fkb_ligand,1583,2.00565
1fkb_ligand,1584,2.5341
1fkb_ligand,1585,1.95559
1fkb_ligand,1586,2.52994
1fkb_ligand,1587,2.00937
1fkb_ligand,1588,2.58132
1fkb_ligand,1589,2.0598
1fkb_ligand,1590,2.45578
1fkb_ligand,1591,2.0873
1fkb_ligand,1592,2.50127
1fkb_ligand,1593,2.22948
1fkb_ligand,1594,2.54003
1fkb_ligand,1595,2.0169
1fkb_ligand,1596,2.54906
1fkb_ligand,1597,2.03572
1fkb_ligand,1598,2.51988
1fkb_ligand,1599,2.03726
1fkb_ligand,1600,2.45189
1fkb_ligand,1601,1.97941
1fkb_ligand,1602,2.6128
1fkb_ligand,1603,1.95651
1fkb_ligand,1604,2.55082
1fkb_ligand,1605,2.10621
1fkb_ligand,1606,2.49283
1fkb_ligand,1607,2.06675
1fkb_ligand,1608,2.53137
1fkb_ligand,1609,2.09104
1fkb_ligand,1610,2.46252
1fkb_ligand,1611,2.11759
1fkb_ligand,1612,2.50795
1fkb_ligand,1613,2.17642
1fkb_ligand,1614,2.5137
1fkb_ligand,1615,2.08911
1fkb_ligand,1616,2.59267
1fkb_ligand,1617,1.91621
1fkb_ligand,1618,2.51183
1fkb_ligand,1619,2.16927
1fkb_ligand,1620,2.3635
1fkb_ligand,1621,2.14409
1fkb_ligand,1622,2.46343
1fkb_ligand,1623,2.17987
1fkb_ligand,1624,2.46919
1fkb_ligand,1625,2.12569
1fkb_ligand,1626,2.59435
1fkb_ligand,1627,1.90155
1fkb_ligand,1628,2.57045
1fkb_ligand,1629,1.94609
1fkb_ligand,1630,2.63637
1fkb_ligand,1631,1.87818
1fkb_ligand,1632,2.46078
1fkb_ligand,1633,2.05006
1fkb_ligand,1634,2.4906
1fkb_ligand,1635,2.07453
1fkb_ligand,1636,2.48113
1fkb_ligand,1637,1.95338
1fkb_ligand,1638,2.58049
1fkb_ligand,1639,1.84884
1fkb_ligand,1640,2.52121
1fkb_ligand,1641,1.97349
1fkb_ligand,1642,2.5806
1fkb_ligand,1643,1.91232
1fkb_ligand,1644,2.60123
1fkb_ligand,1645,1.98174
1fkb_ligand,1646,2.53721
1fkb_ligand,1647,2.01285
1fkb_ligand,1648,2.56143
1fkb_ligand,1649,2.11662
1fkb_ligand,1650,2.50505
1fkb_ligand,1651,1.98574
1fkb_ligand,1652,2.5292
1fkb_ligand,1653,2.24402
1fkb_ligand,1654,2.52517
1fkb_ligand,1655,2.12081
1fkb_ligand,1656,2.59739
1fkb_ligand,1657,1.99054
1fkb_ligand,1658,2.55395
1fkb_ligand,1659,2.06212
1fkb_ligand,1660,2.52652
1fkb_ligand,1661,2.03162
1fkb_ligand,1662,2.46909
1fkb_ligand,1663,2.04655
1fkb_ligand,1664,2.52085
1fkb_ligand,1665,2.07587
1fkb_ligand,1666,2.50339
1fkb_ligand,1667,2.05219
1fkb_ligand,1668,2.5167
1fkb_ligand,1669,2.09507
1fkb_ligand,1670,2.52536
1fkb_ligand,1671,2.05766
1fkb_ligand,1672,2.51861
1fkb_ligand,1673,2.00516
1fkb_ligand,1674,2.50476
1fkb_ligand,1675,2.03475
1fkb_ligand,1676,2.53736
1fkb_ligand,1677,2.06967
1fkb_ligand,1678,2.575
1fkb_ligand,1679,1.98805
1fkb_ligand,1680,2.47727
1fkb_ligand,1681,2.17636
1fkb_ligand,1682,2.53049
1fkb_ligand,1683,2.01024
1fkb_ligand,1684,2.5558
1fkb_ligand,1685,1.95837
1fkb_ligand,1686,2.51999
1fkb_ligand,1687,2.15436
1fkb_ligand,1688,2.46982
1fkb_ligand,1689,2.14537
1fkb_ligand,1690,2.47327
1fkb_ligand,1691,2.08528
1fkb_ligand,1692,2.41476
1fkb_ligand,1693,1.91661
1fkb_ligand,1694,2.50601
1fkb_ligand,1695,2.06864
1fkb_ligand,1696,2.48499
1fkb_ligand,1697,1.91577
1fkb_ligand,1698,2.53293
1fkb_ligand,1699,1.96003
1fkb_ligand,1700,2.41102
1fkb_ligand,1701,2.24154
1fkb_ligand,1702,2.07335
1fkb_ligand,1703,2.58772
1fkb_ligand,1704,1.84444
1fkb_ligand,1705,2.35066
1fkb_ligand,1706,2.11169
1fkb_ligand,1707,2.43858
1fkb_ligand,1708,1.98907
1fkb_ligand,1709,2.62527
1fkb_ligand,1710,1.89284
1fkb_ligand,1711,2.51671
1fkb_ligand,1712,2.00858
1fkb_ligand,1713,2.50496
1fkb_ligand,1714,1.86375
1fkb_ligand,1715,2.51394
1fkb_ligand,1716,2.04541
1fkb_ligand,1717,2.49194
1fkb_ligand,1718,1.92805
1fkb_ligand,1719,2.59988
1fkb_ligand,1720,1.91846
1fkb_ligand,1721,2.60641
1fkb_ligand,1722,1.93418
1fkb_ligand,1723,2.5959
1fkb_ligand,1724,1.93272
1fkb_ligand,1725,2.60634
1fkb_ligand,1726,1.81869
1fkb_ligand,1727,2.52009
1fkb_ligand,1728,1.9645
1fkb_ligand,1729,2.63694
1fkb_ligand,1730,1.84799
1fkb_ligand,1731,2.58203
1fkb_ligand,1732,1.88316
1fkb_ligand,1733,2.61589
1fkb_ligand,1734,1.83391
1fkb_ligand,1735,2.57435
1fkb_ligand,1736,2.06395
1fkb_ligand,1737,2.475
1fkb_ligand,1738,2.06436
1fkb_ligand,1739,2.61414
1fkb_ligand,1740,2.08887
1fkb_ligand,1741,2.43149
1fkb_ligand,1742,1.95556
1fkb_ligand,1743,2.53693
1fkb_ligand,1744,2.11719
1fkb_ligand,1745,2.51753
1fkb_ligand,1746,2.10558
1fkb_ligand,1747,2.60142
1fkb_ligand,1748,1.97135
1fkb_ligand,1749,2.65535
1fkb_ligand,1750,1.95411
1fkb_ligand,1751,2.54957
1fkb_ligand,1752,2.07021
1fkb_ligand,1753,2.56603
1fkb_ligand,1754,1.87167
1fkb_ligand,1755,2.38576
1fkb_ligand,1756,2.25192
1fkb_ligand,1757,2.17034
1fkb_ligand,1758,2.34828
1fkb_ligand,1759,2.12603
1fkb_ligand,1760,2.47423
1fkb_ligand,1761,1.9966
1fkb_ligand,1762,2.52757
1fkb_ligand,1763,2.09997
1fkb_ligand,1764,2.45798
1fkb_ligand,1765,1.99165
1fkb_ligand,1766,2.56734
1fkb_ligand,1767,1.78131
1fkb_ligand,1768,2.30719
1fkb_ligand,1769,2.18104
1fkb_ligand,1770,2.37301
1fkb_ligand,1771,2.02554
1fkb_ligand,1772,2.59027
1fkb_ligand,1773,1.85892
1fkb_ligand,1774,2.40607
1fkb_ligand,1775,2.13969
1fkb_ligand,1776,2.37317
1fkb_ligand,1777,2.01274
1fkb_ligand,1778,2.56255
1fkb_ligand,1779,2.02838
1fkb_ligand,1780,2.49607
1fkb_ligand,1781,2.01448
1fkb_ligand,1782,2.48663
1fkb_ligand,1783,1.90513
1fkb_ligand,1784,2.57816
1fkb_ligand,1785,2.00945
1fkb_ligand,1786,2.50372
1fkb_ligand,1787,1.98479
1fkb_ligand,1788,2.62451
1fkb_ligand,1789,1.87169
1fkb_ligand,1790,2.50118
1fkb_ligand,1791,1.97711
1fkb_ligand,1792,2.65354
1fkb_ligand,1793,1.86178
1fkb_ligand,1794,2.51039
1fkb_ligand,1795,2.03006
1fkb_ligand,1796,2.56483
1fkb_ligand,1797,2.29704
1fkb_ligand,1798,2.3355
1fkb_ligand,1799,2.29092
1fkb_ligand,1800,2.20741
1fkb_ligand,1801,2.38844
1fkb_ligand,1802,2.14872
1fkb_ligand,1803,2.48084
1fkb_ligand,1804,1.95841
1fkb_ligand,1805,2.57863
1fkb_ligand,1806,1.91922
1fkb_ligand,1807,2.50675
1fkb_ligand,1808,2.11828
1fkb_ligand,1809,2.50745
1fkb_ligand,1810,2.10429
1fkb_ligand,1811,2.55692
1fkb_ligand,1812,2.0726
1fkb_ligand,1813,2.45383
1fkb_ligand,1814,2.05136
1fkb_ligand,1815,2.54711
1fkb_ligand,1816,2.08145
1fkb_ligand,1817,2.42482
1fkb_ligand,1818,2.12682
1fkb_ligand,1819,2.56468
1fkb_ligand,1820,2.05111
1fkb_ligand,1821,2.52351
1fkb_ligand,1822,2.10133
1fkb_ligand,1823,2.52527
1fkb_ligand,1824,2.18755
1fkb_ligand,1825,2.4465
1fkb_ligand,1826,2.11174
1fkb_ligand,1827,2.5232
1fkb_ligand,1828,2.12585
1fkb_ligand,1829,2.43487
1fkb_ligand,1830,2.0626
1fkb_ligand,1831,2.5599
1fkb_ligand,1832,2.02583
1fkb_ligand,1833,2.56602
1fkb_ligand,1834,1.97636
1fkb_ligand,1835,2.53824
1fkb_ligand,1836,1.95892
1fkb_ligand,1837,2.52349
1fkb_ligand,1838,1.9175
1fkb_ligand,1839,2.50553
1fkb_ligand,1840,1.8716
1fkb_ligand,1841,2.49442
1fkb_ligand,1842,1.93277
1fkb_ligand,1843,2.65045
1fkb_ligand,1844,1.84682
1fkb_ligand,1845,2.45328
1fkb_ligand,1846,1.98547
1fkb_ligand,1847,2.57087
1fkb_ligand,1848,2.02732
1fkb_ligand,1849,2.46745
1fkb_ligand,1850,2.10406
1fkb_ligand,1851,2.58308
1fkb_ligand,1852,1.93755
1fkb_ligand,1853,2.54948
1fkb_ligand,1854,2.1614
1fkb_ligand,1855,2.5308
1fkb_ligand,1856,1.96196
1fkb_ligand,1857,2.44436
1fkb_ligand,1858,2.27386
1fkb_ligand,1859,2.34541
1fkb_ligand,1860,2.24229
1fkb_ligand,1861,2.31373
1fkb_ligand,1862,2.25654
1fkb_ligand,1863,2.37655
1fkb_ligand,1864,2.07777
1fkb_ligand,1865,2.56362
1fkb_ligand,1866,2.05696
1fkb_ligand,1867,2.53014
1fkb_ligand,1868,2.05989
1fkb_ligand,1869,2.55312
1fkb_ligand,1870,2.08283
1fkb_ligand,1871,2.45296
1fkb_ligand,1872,1.93874
1fkb_ligand,1873,2.45593
1fkb_ligand,1874,2.10442
1fkb_ligand,1875,2.51412
1fkb_ligand,1876,2.13462
1fkb_ligand,1877,2.56976
1fkb_ligand,1878,2.02188
1fkb_ligand,1879,2.45482
1fkb_ligand,1880,2.16943
1fkb_ligand,1881,2.48013
1fkb_ligand,1882,2.08326
1fkb_ligand,1883,2.55789
1fkb_ligand,1884,1.95616
1fkb_ligand,1885,2.51719
1fkb_ligand,1886,2.0521
1fkb_ligand,1887,2.53152
1fkb_ligand,1888,2.07198
1fkb_ligand,1889,2.46426
1fkb_ligand,1890,2.04551
1fkb_ligand,1891,2.5718
1fkb_ligand,1892,2.00076
1fkb_ligand,1893,2.52529
1fkb_ligand,1894,2.03077
1fkb_ligand,1895,2.52811
1fkb_ligand,1896,2.1375
1fkb_ligand,1897,2.53479
1fkb_ligand,1898,2.07645
1fkb_ligand,1899,2.59593
1fkb_ligand,1900,1.91405
1fkb_ligand,1901,2.51152
1fkb_ligand,1902,2.02496
1fkb_ligand,1903,2.53167
1fkb_ligand,1904,1.90544
1fkb_ligand,1905,2.47956
1fkb_ligand,1906,1.97343
1fkb_ligand,1907,2.60044
1fkb_ligand,1908,1.90454
1fkb_ligand,1909,2.54028
1fkb_ligand,1910,2.00628
1fkb_ligand,1911,2.58312
1fkb_ligand,1912,1.96632
1fkb_ligand,1913,2.60268
1fkb_ligand,1914,1.92634
1fkb_ligand,1915,2.48275
1fkb_ligand,1916,2.22736
1fkb_ligand,1917,2.40328
1fkb_ligand,1918,1.91837
1fkb_ligand,1919,2.5267
1fkb_ligand,1920,2.25642
1fkb_ligand,1921,2.24514
1fkb_ligand,1922,2.35444
1fkb_ligand,1923,2.24734
1fkb_ligand,1924,2.29975
1fkb_ligand,1925,2.22131
1fkb_ligand,1926,2.32455
1fkb_ligand,1927,2.12411
1fkb_ligand,1928,2.58816
1fkb_ligand,1929,2.02577
1fkb_ligand,1930,2.53954
1fkb_ligand,1931,2.0352
1fkb_ligand,1932,2.51651
1fkb_ligand,1933,2.05186
1fkb_ligand,1934,2.56202
1fkb_ligand,1935,1.99768
1fkb_ligand,1936,2.58762
1fkb_ligand,1937,1.9826
1fkb_ligand,1938,2.51501
1fkb_ligand,1939,1.9974
1fkb_ligand,1940,2.50825
1fkb_ligand,1941,2.10198
1fkb_ligand,1942,2.53235
1fkb_ligand,1943,2.08132
1fkb_ligand,1944,2.45711
1fkb_ligand,1945,2.05831
1fkb_ligand,1946,2.55161
1fkb_ligand,1947,2.05306
1fkb_ligand,1948,2.49345
1fkb_ligand,1949,2.07433
1fkb_ligand,1950,2.52841
1fkb_ligand,1951,2.0358
1fkb_ligand,1952,2.58361
1fkb_ligand,1953,1.87238
1fkb_ligand,1954,2.543
1fkb_ligand,1955,2.06566
1fkb_ligand,1956,2.5511
1fkb_ligand,1957,2.00994
1fkb_ligand,1958,2.54234
1fkb_ligand,1959,1.99743
1fkb_ligand,1960,2.43624
1fkb_ligand,1961,2.03872
1fkb_ligand,1962,2.54066
1fkb_ligand,1963,1.84559
1fkb_ligand,1964,2.51851
1fkb_ligand,1965,2.03412
1fkb_ligand,1966,2.48596
1fkb_ligand,1967,1.99002
1fkb_ligand,1968,2.52174
1fkb_ligand,1969,1.96918
1fkb_ligand,1970,2.61541
1fkb_ligand,1971,2.02339
1fkb_ligand,1972,2.56105
1fkb_ligand,1973,2.07375
1fkb_ligand,1974,2.56967
1fkb_ligand,1975,1.98677
1fkb_ligand,1976,2.48287
1fkb_ligand,1977,2.27175
1fkb_ligand,1978,2.41362
1fkb_ligand,1979,2.18863
1fkb_ligand,1980,2.50402
1fkb_ligand,1981,2.07669
1fkb_ligand,1982,2.53788
1fkb_ligand,1983,2.14119
1fkb_ligand,1984,2.62107
1fkb_ligand,1985,1.91789
1fkb_ligand,1986,2.48979
1fkb_ligand,1987,2.08817
1fkb_ligand,1988,2.57423
1fkb_ligand,1989,1.98507
1fkb_ligand,1990,2.55396
1fkb_ligand,1991,2.03526
1fkb_ligand,1992,2.49885
1fkb_ligand,1993,1.99114
1fkb_ligand,1994,2.51204
1fkb_ligand,1995,2.1209
1fkb_ligand,1996,2.55222
1fkb_ligand,1997,2.0423
1fkb_ligand,1998,2.58404
1fkb_ligand,1999,1.96726
1fkb_ligand,2000,2.57954
1fkb_ligand,2001,1.90822
1fkb_ligand,2002,2.53101
1fkb_ligand,2003,1.8654
1fkb_ligand,2004,2.41222
1fkb_ligand,2005,2.02152
1fkb_ligand,2006,2.63418
1fkb_ligand,2007,1.95243
1fkb_ligand,2008,2.60418
1fkb_ligand,2009,1.88185
1fkb_ligand,2010,2.58346
1fkb_ligand,2011,1.89742
1fkb_ligand,2012,2.57244
1fkb_ligand,2013,1.97235
1fkb_ligand,2014,2.5844
1fkb_ligand,2015,2.05771
1fkb_ligand,2016,2.56272
1fkb_ligand,2017,2.14295
1fkb_ligand,2018,2.46088
1fkb_ligand,2019,2.17378
1fkb_ligand,2020,2.49855
1fkb_ligand,2021,1.95561
1fkb_ligand,2022,2.58792
1fkb_ligand,2023,1.90355
1fkb_ligand,2024,2.58221
1fkb_ligand,2025,1.90615
1fkb_ligand,2026,2.63822
1fkb_ligand,2027,1.85152
1fkb_ligand,2028,2.48879
1fkb_ligand,2029,2.0277
1fkb_ligand,2030,2.55632
1fkb_ligand,2031,1.93088
1fkb_ligand,2032,2.5891
1fkb_ligand,2033,1.97306
1fkb_ligand,2034,2.5558
1fkb_ligand,2035,1.84823
1fkb_ligand,2036,2.50711
1fkb_ligand,2037,2.02569
1fkb_ligand,2038,2.59027
1fkb_ligand,2039,1.95074
1fkb_ligand,2040,2.62224
1fkb_ligand,2041,1.83514
1fkb_ligand,2042,2.43588
1fkb_ligand,2043,2.09502
1fkb_ligand,2044,2.52466
1fkb_ligand,2045,2.00131
1fkb_ligand,2046,2.53399
1fkb_ligand,2047,2.1354
1fkb_ligand,2048,2.5101
1fkb_ligand,2049,1.99303
1fkb_ligand,2050,2.54319
1fkb_ligand,2051,2.05332
1fkb_ligand,2052,2.54926
1fkb_ligand,2053,2.11485
1fkb_ligand,2054,2.50631
1fkb_ligand,2055,2.02392
1fkb_ligand,2056,2.59358
1fkb_ligand,2057,2.0018
1fkb_ligand,2058,2.54101
1fkb_ligand,2059,2.06916
1fkb_ligand,2060,2.52945
1fkb_ligand,2061,2.05826
1fkb_ligand,2062,2.54298
1fkb_ligand,2063,2.05756
1fkb_ligand,2064,2.56459
1fkb_ligand,2065,1.93113
1fkb_ligand,2066,2.48517
1fkb_ligand,2067,2.25676
1fkb_ligand,2068,2.3834
1fkb_ligand,2069,2.04708
1fkb_ligand,2070,2.53188
1fkb_ligand,2071,1.98187
1fkb_ligand,2072,2.54904
1fkb_ligand,2073,2.06957
1fkb_ligand,2074,2.51796
1fkb_ligand,2075,2.07824
1fkb_ligand,2076,2.60611
1fkb_ligand,2077,2.01526
1fkb_ligand,2078,2.57332
1fkb_ligand,2079,2.02084
1fkb_ligand,2080,2.52738
1fkb_ligand,2081,2.05013
1fkb_ligand,2082,2.61599
1fkb_ligand,2083,1.99733
1fkb_ligand,2084,2.51195
1fkb_ligand,2085,2.20505
1fkb_ligand,2086,2.34677
1fkb_ligand,2087,2.10182
1fkb_ligand,2088,2.57631
1fkb_ligand,2089,1.9312
1fkb_ligand,2090,2.54556
1fkb_ligand,2091,1.99662
1fkb_ligand,2092,2.53351
1fkb_ligand,2093,2.0551
1fkb_ligand,2094,2.49725
1fkb_ligand,2095,2.08399
1fkb_ligand,2096,2.56736
1fkb_ligand,2097,2.01516
1fkb_ligand,2098,2.52554
1fkb_ligand,2099,2.0918
1fkb_ligand,2100,2.64037
1fkb_ligand,2101,1.87075
1fkb_ligand,2102,2.45677
1fkb_ligand,2103,2.1238
1fkb_ligand,2104,2.58827
1fkb_ligand,2105,1.98786
1fkb_ligand,2106,2.57082
1fkb_ligand,2107,1.92331
1fkb_ligand,2108,2.58028
1fkb_ligand,2109,1.9525
1fkb_ligand,2110,2.55539
1fkb_ligand,2111,2.0353
1fkb_ligand,2112,2.50309
1fkb_ligand,2113,2.09589
1fkb_ligand,2114,2.62626
1fkb_ligand,2115,2.00761
1fkb_ligand,2116,2.54402
1fkb_ligand,2117,2.07535
1fkb_ligand,2118,2.58477
1fkb_ligand,2119,2.12666
1fkb_ligand,2120,2.52333
1fkb_ligand,2121,2.16647
1fkb_ligand,2122,2.61572
1fkb_ligand,2123,1.95109
1fkb_ligand,2124,2.53991
1fkb_ligand,2125,1.93168
1fkb_ligand,2126,2.53231
1fkb_ligand,2127,2.13451
1fkb_ligand,2128,2.46047
1fkb_ligand,2129,2.00415
1fkb_ligand,2130,2.64161
1fkb_ligand,2131,1.9056
1fkb_ligand,2132,2.58061
1fkb_ligand,2133,1.85608
1fkb_ligand,2134,2.53773
1fkb_ligand,2135,1.96609
1fkb_ligand,2136,2.58481
1fkb_ligand,2137,1.87635
1fkb_ligand,2138,2.47788
1fkb_ligand,2139,2.23662
1fkb_ligand,2140,2.39615
1fkb_ligand,2141,2.1736
1fkb_ligand,2142,2.37224
1fkb_ligand,2143,2.04948
1fkb_ligand,2144,2.56255
1fkb_ligand,2145,2.06096
1fkb_ligand,2146,2.56738
1fkb_ligand,2147,1.98274
1fkb_ligand,2148,2.56609
1fkb_ligand,2149,2.07361
1fkb_ligand,2150,2.52303
1fkb_ligand,2151,1.97308
1fkb_ligand,2152,2.61829
1fkb_ligand,2153,1.96541
1fkb_ligand,2154,2.54069
1fkb_ligand,2155,1.97892
1fkb_ligand,2156,2.57881
1fkb_ligand,2157,2.04216
1fkb_ligand,2158,2.50783
1fkb_ligand,2159,2.05049
1fkb_ligand,2160,2.61242
1fkb_ligand,2161,1.98919
1fkb_ligand,2162,2.52047
1fkb_ligand,2163,2.0958
1fkb_ligand,2164,2.59613
1fkb_ligand,2165,1.98442
1fkb_ligand,2166,2.50116
1fkb_ligand,2167,2.20311
1fkb_ligand,2168,2.3924
1fkb_ligand,2169,2.01984
1fkb_ligand,2170,2.58319
1fkb_ligand,2171,1.94456
1fkb_ligand,2172,2.54521
1fkb_ligand,2173,2.00601
1fkb_ligand,2174,2.57384
1fkb_ligand,2175,1.98861
1fkb_ligand,2176,2.53294
1fkb_ligand,2177,2.04357
1fkb_ligand,2178,2.56818
1fkb_ligand,2179,2.01289
1fkb_ligand,2180,2.57253
1fkb_ligand,2181,1.9497
1fkb_ligand,2182,2.45062
1fkb_ligand,2183,2.06679
1fkb_ligand,2184,2.5063
1fkb_ligand,2185,1.72327
1fkb_ligand,2186,2.37467
1fkb_ligand,2187,1.98992
1fkb_ligand,2188,2.55764
1fkb_ligand,2189,1.71596
1fkb_ligand,2190,2.4042
1fkb_ligand,2191,2.08219
1fkb_ligand,2192,2.47981
1fkb_ligand,2193,1.81715
1fkb_ligand,2194,2.46342
1fkb_ligand,2195,2.09471
1fkb_ligand,2196,2.45417
1fkb_ligand,2197,1.87728
1fkb_ligand,2198,2.55468
1fkb_ligand,2199,1.8825
1fkb_ligand,2200,2.49137
1fkb_ligand,2201,2.16402
1fkb_ligand,2202,2.37197
1fkb_ligand,2203,1.96905
1fkb_ligand,2204,2.56882
1fkb_ligand,2205,1.83014
1fkb_ligand,2206,2.51674
1fkb_ligand,2207,1.96247
1fkb_ligand,2208,2.59354
1fkb_ligand,2209,1.92432
1fkb_ligand,2210,2.68829
1fkb_ligand,2211,1.8629
1fkb_ligand,2212,2.68188
1fkb_ligand,2213,1.82688
1fkb_ligand,2214,2.52729
1fkb_ligand,2215,2.10383
1fkb_ligand,2216,2.44773
1fkb_ligand,2217,2.02533
1fkb_ligand,2218,2.61948
1fkb_ligand,2219,2.10877
1fkb_ligand,2220,2.49063
1fkb_ligand,2221,1.99913
1fkb_ligand,2222,2.58924
1fkb_ligand,2223,2.07169
1fkb_ligand,2224,2.56718
1fkb_ligand,2225,2.12405
1fkb_ligand,2226,2.58745
1fkb_ligand,2227,1.94265
1fkb_ligand,2228,2.51622
1fkb_ligand,2229,2.16283
1fkb_ligand,2230,2.54307
1fkb_ligand,2231,1.86546
1fkb_ligand,2232,2.44413
1fkb_ligand,2233,2.08118
1fkb_ligand,2234,2.58457
1fkb_ligand,2235,1.93834
1fkb_ligand,2236,2.56493
1fkb_ligand,2237,2.01981
1fkb_ligand,2238,2.50594
1fkb_ligand,2239,2.15452
1fkb_ligand,2240,2.55116
1fkb_ligand,2241,2.0839
1fkb_ligand,2242,2.46491
1fkb_ligand,2243,1.98473
1fkb_ligand,2244,2.53435
1fkb_ligand,2245,2.07658
1fkb_ligand,2246,2.50914
1fkb_ligand,2247,2.0322
1fkb_ligand,2248,2.48262
1fkb_ligand,2249,2.07045
1fkb_ligand,2250,2.56278
1fkb_ligand,2251,1.98698
1fkb_ligand,2252,2.54524
1fkb_ligand,2253,2.04902
1fkb_ligand,2254,2.64274
1fkb_ligand,2255,1.87023
1fkb_ligand,2256,2.58032
1fkb_ligand,2257,1.98857
1fkb_ligand,2258,2.54544
1fkb_ligand,2259,2.02266
1fkb_ligand,2260,2.4141
1fkb_ligand,2261,1.98944
1fkb_ligand,2262,2.63741
1fkb_ligand,2263,1.85825
1fkb_ligand,2264,2.51519
1fkb_ligand,2265,1.95565
1fkb_ligand,2266,2.60588
1fkb_ligand,2267,1.82641
1fkb_ligand,2268,2.53593
1fkb_ligand,2269,1.94486
1fkb_ligand,2270,2.61278
1fkb_ligand,2271,1.8391
1fkb_ligand,2272,2.50311
1fkb_ligand,2273,2.06215
1fkb_ligand,2274,2.53052
1fkb_ligand,2275,1.89262
1fkb_ligand,2276,2.61448
1fkb_ligand,2277,1.86825
1fkb_ligand,2278,2.61181
1fkb_ligand,2279,1.86514
1fkb_ligand,2280,2.55736
1fkb_ligand,2281,1.9663
1fkb_ligand,2282,2.58545
1fkb_ligand,2283,2.06182
1fkb_ligand,2284,2.51184
1fkb_ligand,2285,2.05365
1fkb_ligand,2286,2.65388
1fkb_ligand,2287,1.97884
1fkb_ligand,2288,2.52984
1fkb_ligand,2289,1.93457
1fkb_ligand,2290,2.64829
1fkb_ligand,2291,1.96797
1fkb_ligand,2292,2.57323
1fkb_ligand,2293,1.96734
1fkb_ligand,2294,2.53944
1fkb_ligand,2295,1.92857
1fkb_ligand,2296,2.57362
1fkb_ligand,2297,1.96209
1fkb_ligand,2298,2.49626
1fkb_ligand,2299,1.85476
1fkb_ligand,2300,2.50192
1fkb_ligand,2301,1.95888
1fkb_ligand,2302,2.55371
1fkb_ligand,2303,1.77174
1fkb_ligand,2304,2.41143
1fkb_ligand,2305,2.16947
1fkb_ligand,2306,2.39476
1fkb_ligand,2307,2.1318
1fkb_ligand,2308,2.53679
1fkb_ligand,2309,2.08915
1fkb_ligand,2310,2.62056
1fkb_ligand,2311,2.02768
1fkb_ligand,2312,2.55382
1fkb_ligand,2313,1.99628
1fkb_ligand,2314,2.52025
1fkb_ligand,2315,1.9985
1fkb_ligand,2316,2.47297
1fkb_ligand,2317,2.25289
1fkb_ligand,2318,2.4295
1fkb_ligand,2319,2.10049
1fkb_ligand,2320,2.63413
1fkb_ligand,2321,1.96818
1fkb_ligand,2322,2.46036
1fkb_ligand,2323,2.3103
1fkb_ligand,2324,2.20684
1fkb_ligand,2325,2.28795
1fkb_ligand,2326,2.30087
1fkb_ligand,2327,2.21797
1fkb_ligand,2328,2.3483
1fkb_ligand,2329,2.22771
1fkb_ligand,2330,2.43691
1fkb_ligand,2331,2.11984
1fkb_ligand,2332,2.53249
1fkb_ligand,2333,2.06109
1fkb_ligand,2334,2.52171
1fkb_ligand,2335,2.10797
1fkb_ligand,2336,2.63562
1fkb_ligand,2337,1.99863
1fkb_ligand,2338,2.44912
1fkb_ligand,2339,2.20845
1fkb_ligand,2340,2.39656
1fkb_ligand,2341,2.16436
1fkb_ligand,2342,2.55122
1fkb_ligand,2343,2.05535
1fkb_ligand,2344,2.53414
1fkb_ligand,2345,2.05295
1fkb_ligand,2346,2.58471
1fkb_ligand,2347,1.97484
1fkb_ligand,2348,2.48518
1fkb_ligand,2349,2.2187
1fkb_ligand,2350,2.39509
1fkb_ligand,2351,2.13068
1fkb_ligand,2352,2.45095
1fkb_ligand,2353,1.92409
1fkb_ligand,2354,2.5337
1fkb_ligand,2355,2.0005
1fkb_ligand,2356,2.60673
1fkb_ligand,2357,1.95497
1fkb_ligand,2358,2.57573
1fkb_ligand,2359,1.8949
1fkb_ligand,2360,2.55019
1fkb_ligand,2361,1.93794
1fkb_ligand,2362,2.59464
1fkb_ligand,2363,1.86772
1fkb_ligand,2364,2.61621
1fkb_ligand,2365,1.90104
1fkb_ligand,2366,2.54657
1fkb_ligand,2367,1.94628
1fkb_ligand,2368,2.49664
1fkb_ligand,2369,1.98399
1fkb_ligand,2370,2.59724
1fkb_ligand,2371,1.90852
1fkb_ligand,2372,2.47995
1fkb_ligand,2373,1.86869
1fkb_ligand,2374,2.6154
1fkb_ligand,2375,1.92375
1fkb_ligand,2376,2.48834
1fkb_ligand,2377,1.92573
1fkb_ligand,2378,2.59761
1fkb_ligand,2379,1.93043
1fkb_ligand,2380,2.60387
1fkb_ligand,2381,2.00496
1fkb_ligand,2382,2.55658
1fkb_ligand,2383,2.04093
1fkb_ligand,2384,2.58389
1fkb_ligand,2385,2.02685
1fkb_ligand,2386,2.54669
1fkb_ligand,2387,1.98647
1fkb_ligand,2388,2.47656
1fkb_ligand,2389,1.96131
1fkb_ligand,2390,2.49226
1fkb_ligand,2391,2.07127
1fkb_ligand,2392,2.56152
1fkb_ligand,2393,1.94897
1fkb_ligand,2394,2.51695
1fkb_ligand,2395,2.23434
1fkb_ligand,2396,2.59159
1fkb_ligand,2397,1.9304
1fkb_ligand,2398,2.51432
1fkb_ligand,2399,2.05764
1fkb_ligand,2400,2.53891
1fkb_ligand,2401,2.03753
1fkb_ligand,2402,2.60864
1fkb_ligand,2403,1.97093
1fkb_ligand,2404,2.52839
1fkb_ligand,2405,2.13186
1fkb_ligand,2406,2.63643
1fkb_ligand,2407,1.90369
1fkb_ligand,2408,2.44125
1fkb_ligand,2409,2.15599
1fkb_ligand,2410,2.45135
1fkb_ligand,2411,1.91816
1fkb_ligand,2412,2.54737
1fkb_ligand,2413,1.972
1fkb_ligand,2414,2.56706
1fkb_ligand,2415,2.03438
1fkb_ligand,2416,2.57521
1fkb_ligand,2417,1.92023
1fkb_ligand,2418,2.55577
1fkb_ligand,2419,2.11964
1fkb_ligand,2420,2.46986
1fkb_ligand,2421,2.05416
1fkb_ligand,2422,2.60333
1fkb_ligand,2423,2.08949
1fkb_ligand,2424,2.49876
1fkb_ligand,2425,2.0581
1fkb_ligand,2426,2.52617
1fkb_ligand,2427,2.05227
1fkb_ligand,2428,2.66195
1fkb_ligand,2429,1.88925
1fkb_ligand,2430,2.4494
1fkb_ligand,2431,2.17085
1fkb_ligand,2432,2.41903
1fkb_ligand,2433,2.03455
1fkb_ligand,2434,2.56922
1fkb_ligand,2435,1.93933
1fkb_ligand,2436,2.5958
1fkb_ligand,2437,1.94516
1fkb_ligand,2438,2.57031
1fkb_ligand,2439,2.12218
1fkb_ligand,2440,2.4229
1fkb_ligand,2441,2.20412
1fkb_ligand,2442,2.55332
1fkb_ligand,2443,2.03202
1fkb_ligand,2444,2.50461
1fkb_ligand,2445,2.06388
1fkb_ligand,2446,2.57255
1fkb_ligand,2447,2.01992
1fkb_ligand,2448,2.50911
1fkb_ligand,2449,2.06005
1fkb_ligand,2450,2.51448
1fkb_ligand,2451,2.01692
1fkb_ligand,2452,2.56363
1fkb_ligand,2453,1.93852
1fkb_ligand,2454,2.55972
1fkb_ligand,2455,1.96742
1fkb_ligand,2456,2.50361
1fkb_ligand,2457,1.86488
1fkb_ligand,2458,2.48859
1fkb_ligand,2459,2.18711
1fkb_ligand,2460,2.27414
1fkb_ligand,2461,2.30912
1fkb_ligand,2462,2.27775
1fkb_ligand,2463,2.41541
1fkb_ligand,2464,2.26236
1fkb_ligand,2465,2.13339
1fkb_ligand,2466,2.5659
1fkb_ligand,2467,1.83273
1fkb_ligand,2468,2.41996
1fkb_ligand,2469,2.1712
1fkb_ligand,2470,2.27542
1fkb_ligand,2471,2.42092
1fkb_ligand,2472,2.09924
1fkb_ligand,2473,2.50433
1fkb_ligand,2474,2.14396
1fkb_ligand,2475,2.49257
1fkb_ligand,2476,2.16822
1fkb_ligand,2477,2.512
1fkb_ligand,2478,2.06983
1fkb_ligand,2479,2.4968
1fkb_ligand,2480,2.13949
1fkb_ligand,2481,2.53731
1fkb_ligand,2482,2.0217
1fkb_ligand,2483,2.50759
1fkb_ligand,2484,2.09833
1fkb_ligand,2485,2.50775
1fkb_ligand,2486,2.05006
1fkb_ligand,2487,2.59551
1fkb_ligand,2488,1.94114
1fkb_ligand,2489,2.50675
1fkb_ligand,2490,1.99533
1fkb_ligand,2491,2.58685
1fkb_ligand,2492,1.946
1fkb_ligand,2493,2.51637
1fkb_ligand,2494,1.95931
1fkb_ligand,2495,2.61544
1fkb_ligand,2496,1.89749
1fkb_ligand,2497,2.53495
1fkb_ligand,2498,1.9202
1fkb_ligand,2499,2.59028
1fkb_ligand,2500,1.9604
1fkb_ligand,2501,2.52588
1fkb_ligand,2502,1.87518
1fkb_ligand,2503,2.6382
1fkb_ligand,2504,1.82173
1fkb_ligand,2505,2.44123
1fkb_ligand,2506,2.031
1fkb_ligand,2507,2.58787
1fkb_ligand,2508,2.14344
1fkb_ligand,2509,2.4979
1fkb_ligand,2510,1.98043
1fkb_ligand,2511,2.55032
1fkb_ligand,2512,2.14159
1fkb_ligand,2513,2.49228
1fkb_ligand,2514,2.00837
1fkb_ligand,2515,2.50787
1fkb_ligand,2516,2.20338
1fkb_ligand,2517,2.56367
1fkb_ligand,2518,2.03633
1fkb_ligand,2519,2.5566
1fkb_ligand,2520,2.0578
1fkb_ligand,2521,2.52119
1fkb_ligand,2522,2.01417
1fkb_ligand,2523,2.58941
1fkb_ligand,2524,2.02324
1fkb_ligand,2525,2.51763
1fkb_ligand,2526,2.09173
1fkb_ligand,2527,2.64255
1fkb_ligand,2528,1.88386
1fkb_ligand,2529,2.44488
1fkb_ligand,2530,2.14608
1fkb_ligand,2531,2.51323
1fkb_ligand,2532,2.1611
1fkb_ligand,2533,2.5214
1fkb_ligand,2534,1.96797
1fkb_ligand,2535,2.61391
1fkb_ligand,2536,1.90881
1fkb_ligand,2537,2.53361
1fkb_ligand,2538,1.93463
1fkb_ligand,2539,2.58316
1fkb_ligand,2540,1.90509
1fkb_ligand,2541,2.58765
1fkb_ligand,2542,1.9375
1fkb_ligand,2543,2.64044
1fkb_ligand,2544,1.9107
1fkb_ligand,2545,2.48736
1fkb_ligand,2546,2.024
1fkb_ligand,2547,2.5279
1fkb_ligand,2548,1.95348
1fkb_ligand,2549,2.47609
1fkb_ligand,2550,2.14715
1fkb_ligand,2551,2.43024
1fkb_ligand,2552,2.01896
1fkb_ligand,2553,2.54853
1fkb_ligand,2554,2.03932
1fkb_ligand,2555,2.5466
1fkb_ligand,2556,2.01044
1fkb_ligand,2557,2.58107
1fkb_ligand,2558,1.91499
1fkb_ligand,2559,2.58806
1fkb_ligand,2560,2.04865
1fkb_ligand,2561,2.54706
1fkb_ligand,2562,1.97171
1fkb_ligand,2563,2.56231
1fkb_ligand,2564,2.02633
1fkb_ligand,2565,2.62634
1fkb_ligand,2566,2.01876
1fkb_ligand,2567,2.59709
1fkb_ligand,2568,1.90038
1fkb_ligand,2569,2.55359
1fkb_ligand,2570,1.98853
1fkb_ligand,2571,2.48709
1fkb_ligand,2572,1.98666
1fkb_ligand,2573,2.61385
1fkb_ligand,2574,2.04817
1fkb_ligand,2575,2.52385
1fkb_ligand,2576,2.10527
1fkb_ligand,2577,2.57682
1fkb_ligand,2578,2.00471
1fkb_ligand,2579,2.49241
1fkb_ligand,2580,2.30026
1fkb_ligand,2581,2.37933
1fkb_ligand,2582,2.10566
1fkb_ligand,2583,2.47653
1fkb_ligand,2584,1.87148
1fkb_ligand,2585,2.51036
1fkb_ligand,2586,2.24526
1fkb_ligand,2587,2.17477
1fkb_ligand,2588,2.37989
1fkb_ligand,2589,2.13188
1fkb_ligand,2590,2.37352
1fkb_ligand,2591,2.15972
1fkb_ligand,2592,2.45277
1fkb_ligand,2593,1.95312
1fkb_ligand,2594,2.54037
1fkb_ligand,2595,2.05239
1fkb_ligand,2596,2.46494
1fkb_ligand,2597,1.87336
1fkb_ligand,2598,2.52724
1fkb_ligand,2599,1.92846
1fkb_ligand,2600,2.59177
1fkb_ligand,2601,1.86042
1fkb_ligand,2602,2.53244
1fkb_ligand,2603,1.99991
1fkb_ligand,2604,2.48044
1fkb_ligand,2605,1.90511
1fkb_ligand,2606,2.58936
1fkb_ligand,2607,1.86393
1fkb_ligand,2608,2.51337
1fkb_ligand,2609,1.97583
1fkb_ligand,2610,2.50231
1fkb_ligand,2611,1.90583
1fkb_ligand,2612,2.56162
1fkb_ligand,2613,1.92703
1fkb_ligand,2614,2.6406
1fkb_ligand,2615,1.84739
1fkb_ligand,2616,2.46938
1fkb_ligand,2617,1.99978
1fkb_ligand,2618,2.6233
1fkb_ligand,2619,1.84131
1fkb_ligand,2620,2.48732
1fkb_ligand,2621,2.07277
1fkb_ligand,2622,2.69497
1fkb_ligand,2623,1.85812
1fkb_ligand,2624,2.5054
1fkb_ligand,2625,2.02266
1fkb_ligand,2626,2.53493
1fkb_ligand,2627,1.9829
1fkb_ligand,2628,2.57858
1fkb_ligand,2629,1.76146
1fkb_ligand,2630,2.47099
1fkb_ligand,2631,2.2126
1fkb_ligand,2632,2.28839
1fkb_ligand,2633,2.51251
1fkb_ligand,2634,2.1444
1fkb_ligand,2635,2.42428
1fkb_ligand,2636,2.02167
1fkb_ligand,2637,2.58425
1fkb_ligand,2638,2.136
1fkb_ligand,2639,2.49936
1fkb_ligand,2640,1.98866
1fkb_ligand,2641,2.52371
1fkb_ligand,2642,2.06282
1fkb_ligand,2643,2.45056
1fkb_ligand,2644,2.01199
1fkb_ligand,2645,2.464
1fkb_ligand,2646,2.13375
1fkb_ligand,2647,2.55981
1fkb_ligand,2648,2.07614
1fkb_ligand,2649,2.49114
1fkb_ligand,2650,2.11292
1fkb_ligand,2651,2.50939
1fkb_ligand,2652,2.11768
1fkb_ligand,2653,2.54348
1fkb_ligand,2654,2.15284
1fkb_ligand,2655,2.55544
1fkb_ligand,2656,1.96525
1fkb_ligand,2657,2.52461
1fkb_ligand,2658,2.11135
1fkb_ligand,2659,2.47703
1fkb_ligand,2660,2.05654
1fkb_ligand,2661,2.5113
1fkb_ligand,2662,2.05668
1fkb_ligand,2663,2.57617
1fkb_ligand,2664,1.98977
1fkb_ligand,2665,2.49094
1fkb_ligand,2666,2.14644
1fkb_ligand,2667,2.38808
1fkb_ligand,2668,2.03438
1fkb_ligand,2669,2.48553
1fkb_ligand,2670,2.16935
1fkb_ligand,2671,2.55932
1fkb_ligand,2672,2.13655
1fkb_ligand,2673,2.45207
1fkb_ligand,2674,2.1024
1fkb_ligand,2675,2.52747
1fkb_ligand,2676,2.0867
1fkb_ligand,2677,2.38755
1fkb_ligand,2678,2.07444
1fkb_ligand,2679,2.47829
1fkb_ligand,2680,2.16182
1fkb_ligand,2681,2.53607
1fkb_ligand,2682,2.0284
1fkb_ligand,2683,2.48924
1fkb_ligand,2684,2.10025
1fkb_ligand,2685,2.52236
1fkb_ligand,2686,2.06091
1fkb_ligand,2687,2.48611
1fkb_ligand,2688,2.09245
1fkb_ligand,2689,2.53577
1fkb_ligand,2690,2.06059
1fkb_ligand,2691,2.52743
1fkb_ligand,2692,2.08355
1fkb_ligand,2693,2.35568
1fkb_ligand,2694,2.11454
1fkb_ligand,2695,2.40088
1fkb_ligand,2696,2.06012
1fkb_ligand,2697,2.47653
1fkb_ligand,2698,2.10588
1fkb_ligand,2699,2.47392
1fkb_ligand,2700,2.08804
1fkb_ligand,2701,2.53574
1fkb_ligand,2702,2.12746
1fkb_ligand,2703,2.41318
1fkb_ligand,2704,1.97464
1fkb_ligand,2705,2.50495
1fkb_ligand,2706,2.10216
1fkb_ligand,2707,2.56548
1fkb_ligand,2708,1.92538
1fkb_ligand,2709,2.47078
1fkb_ligand,2710,2.17107
1fkb_ligand,2711,2.32926
1fkb_ligand,2712,2.14739
1fkb_ligand,2713,2.45445
1fkb_ligand,2714,2.16463
1fkb_ligand,2715,2.3394
1fkb_ligand,2716,2.18762
1fkb_ligand,2717,2.35249
1fkb_ligand,2718,2.14067
1fkb_ligand,2719,2.34416
1fkb_ligand,2720,2.19105
1fkb_ligand,2721,2.30309
1fkb_ligand,2722,2.29841
1fkb_ligand,2723,2.24635
1fkb_ligand,2724,2.31895
1fkb_ligand,2725,2.1702
1fkb_ligand,2726,2.56115
1fkb_ligand,2727,2.14374
1fkb_ligand,2728,2.58035
1fkb_ligand,2729,2.17342
1fkb_ligand,2730,2.46024
1fkb_ligand,2731,2.04778
1fkb_ligand,2732,2.42967
1fkb_ligand,2733,2.1064
1fkb_ligand,2734,2.54571
1fkb_ligand,2735,1.86648
1fkb_ligand,2736,2.47466
1fkb_ligand,2737,2.00264
1fkb_ligand,2738,2.44075
1fkb_ligand,2739,1.93685
1fkb_ligand,2740,2.60393
1fkb_ligand,2741,1.89728
1fkb_ligand,2742,2.43755
1fkb_ligand,2743,1.97748
1fkb_ligand,2744,2.58986
1fkb_ligand,2745,1.92962
1fkb_ligand,2746,2.4565
1fkb_ligand,2747,2.00743
1fkb_ligand,2748,2.55211
1fkb_ligand,2749,1.81364
1fkb_ligand,2750,2.45621
1fkb_ligand,2751,2.04
1fkb_ligand,2752,2.47153
1fkb_ligand,2753,1.97014
1fkb_ligand,2754,2.62157
1fkb_ligand,2755,1.89934
1fkb_ligand,2756,2.55981
1fkb_ligand,2757,1.9989
1fkb_ligand,2758,2.50081
1fkb_ligand,2759,1.92866
1fkb_ligand,2760,2.68749
1fkb_ligand,2761,1.8827
1fkb_ligand,2762,2.49383
1fkb_ligand,2763,2.00632
1fkb_ligand,2764,2.60306
1fkb_ligand,2765,2.15293
1fkb_ligand,2766,2.55641
1fkb_ligand,2767,2.02065
1fkb_ligand,2768,2.55764
1fkb_ligand,2769,2.054
1fkb_ligand,2770,2.55826
1fkb_ligand,2771,2.12952
1fkb_ligand,2772,2.44466
1fkb_ligand,2773,2.03033
1fkb_ligand,2774,2.54247
1fkb_ligand,2775,1.96342
1fkb_ligand,2776,2.60771
1fkb_ligand,2777,1.94597
1fkb_ligand,2778,2.51849
1fkb_ligand,2779,2.17372
1fkb_ligand,2780,2.48336
1fkb_ligand,2781,2.05854
1fkb_ligand,2782,2.62384
1fkb_ligand,2783,2.08416
1fkb_ligand,2784,2.58251
1fkb_ligand,2785,2.05539
1fkb_ligand,2786,2.63996
1fkb_ligand,2787,1.93527
1fkb_ligand,2788,2.49727
1fkb_ligand,2789,2.0623
1fkb_ligand,2790,2.47765
1fkb_ligand,2791,2.16626
1fkb_ligand,2792,2.57671
1fkb_ligand,2793,2.08524
1fkb_ligand,2794,2.48569
1fkb_ligand,2795,2.04755
1fkb_ligand,2796,2.51705
1fkb_ligand,2797,2.08373
1fkb_ligand,2798,2.56053
1fkb_ligand,2799,2.04646
1fkb_ligand,2800,2.51692
1fkb_ligand,2801,2.04793
1fkb_ligand,2802,2.5095
1fkb_ligand,2803,2.09595
1fkb_ligand,2804,2.55675
1fkb_ligand,2805,2.04708
1fkb_ligand,2806,2.55436
1fkb_ligand,2807,2.08866
1fkb_ligand,2808,2.61468
1fkb_ligand,2809,1.9457
1fkb_ligand,2810,2.48611
1fkb_ligand,2811,2.14145
1fkb_ligand,2812,2.56961
1fkb_ligand,2813,1.9692
1fkb_ligand,2814,2.5863
1fkb_ligand,2815,2.04059
1fkb_ligand,2816,2.56939
1fkb_ligand,2817,1.99712
1fkb_ligand,2818,2.56059
1fkb_ligand,2819,2.01816
1fkb_ligand,2820,2.55713
1fkb_ligand,2821,1.9805
1fkb_ligand,2822,2.47835
1fkb_ligand,2823,1.9529
1fkb_ligand,2824,2.54092
1fkb_ligand,2825,1.95208
1fkb_ligand,2826,2.52025
1fkb_ligand,2827,2.0875
1fkb_ligand,2828,2.47737
1fkb_ligand,2829,1.94264
1fkb_ligand,2830,2.47319
1fkb_ligand,2831,2.22692
1fkb_ligand,2832,2.50417
1fkb_ligand,2833,2.04965
1fkb_ligand,2834,2.60138
1fkb_ligand,2835,2.04833
1fkb_ligand,2836,2.48878
1fkb_ligand,2837,2.06788
1fkb_ligand,2838,2.56045
1fkb_ligand,2839,2.05219
1fkb_ligand,2840,2.53562
1fkb_ligand,2841,2.03699
1fkb_ligand,2842,2.55314
1fkb_ligand,2843,1.98059
1fkb_ligand,2844,2.46913
1fkb_ligand,2845,2.03456
1fkb_ligand,2846,2.60522
1fkb_ligand,2847,1.95601
1fkb_ligand,2848,2.56051
1fkb_ligand,2849,2.11652
1fkb_ligand,2850,2.46876
1fkb_ligand,2851,1.92228
1fkb_ligand,2852,2.4653
1fkb_ligand,2853,2.24428
1fkb_ligand,2854,2.48693
1fkb_ligand,2855,2.29669
1fkb_ligand,2856,2.23156
1fkb_ligand,2857,2.28712
1fkb_ligand,2858,2.3323
1fkb_ligand,2859,2.26382
1fkb_ligand,2860,2.41796
1fkb_ligand,2861,2.01695
1fkb_ligand,2862,2.57087
1fkb_ligand,2863,1.95504
1fkb_ligand,2864,2.5504
1fkb_ligand,2865,1.98365
1fkb_ligand,2866,2.62088
1fkb_ligand,2867,1.90139
1fkb_ligand,2868,2.5362
1fkb_ligand,2869,2.02861
1fkb_ligand,2870,2.49712
1fkb_ligand,2871,1.98049
1fkb_ligand,2872,2.57027
1fkb_ligand,2873,2.00089
1fkb_ligand,2874,2.54045
1fkb_ligand,2875,2.10116
1fkb_ligand,2876,2.46849
1fkb_ligand,2877,1.98579
1fkb_ligand,2878,2.5333
1fkb_ligand,2879,2.15054
1fkb_ligand,2880,2.44664
1fkb_ligand,2881,2.11271
1fkb_ligand,2882,2.61704
1fkb_ligand,2883,1.95739
1fkb_ligand,2884,2.52716
1fkb_ligand,2885,2.11415
1fkb_ligand,2886,2.48062
1fkb_ligand,2887,2.09441
1fkb_ligand,2888,2.5205
1fkb_ligand,2889,2.11049
1fkb_ligand,2890,2.57036
1fkb_ligand,2891,1.95405
1fkb_ligand,2892,2.57359
1fkb_ligand,2893,1.90819
1fkb_ligand,2894,2.53357
1fkb_ligand,2895,2.05408
1fkb_ligand,2896,2.47958
1fkb_ligand,2897,1.96321
1fkb_ligand,2898,2.59071
1fkb_ligand,2899,2.00341
1fkb_ligand,2900,2.52441
1fkb_ligand,2901,2.15117
1fkb_ligand,2902,2.53667
1fkb_ligand,2903,2.01231
1fkb_ligand,2904,2.54304
1fkb_ligand,2905,2.1751
1fkb_ligand,2906,2.39739
1fkb_ligand,2907,2.18096
1fkb_ligand,2908,2.54544
1fkb_ligand,2909,2.11876
1fkb_ligand,2910,2.4075
1fkb_ligand,2911,2.0677
1fkb_ligand,2912,2.51156
1fkb_ligand,2913,2.15286
1fkb_ligand,2914,2.51131
1fkb_ligand,2915,2.12586
1fkb_ligand,2916,2.60874
1fkb_ligand,2917,1.94553
1fkb_ligand,2918,2.52756
1fkb_ligand,2919,2.11223
1fkb_ligand,2920,2.50102
1fkb_ligand,2921,2.05223
1fkb_ligand,2922,2.47824
1fkb_ligand,2923,2.03165
1fkb_ligand,2924,2.51303
1fkb_ligand,2925,1.93717
1fkb_ligand,2926,2.56153
1fkb_ligand,2927,1.99742
1fkb_ligand,2928,2.57586
1fkb_ligand,2929,1.92519
1fkb_ligand,2930,2.61521
1fkb_ligand,2931,1.8834
1fkb_ligand,2932,2.51564
1fkb_ligand,2933,1.99138
1fkb_ligand,2934,2.56358
1fkb_ligand,2935,1.93411
1fkb_ligand,2936,2.58897
1fkb_ligand,2937,1.94229
1fkb_ligand,2938,2.47304
1fkb_ligand,2939,2.07469
1fkb_ligand,2940,2.46755
1fkb_ligand,2941,2.05029
1fkb_ligand,2942,2.58605
1fkb_ligand,2943,2.11248
1fkb_ligand,2944,2.4656
1fkb_ligand,2945,1.98964
1fkb_ligand,2946,2.46208
1fkb_ligand,2947,2.06621
1fkb_ligand,2948,2.54117
1fkb_ligand,2949,2.10939
1fkb_ligand,2950,2.54976
1fkb_ligand,2951,2.02281
1fkb_ligand,2952,2.516
1fkb_ligand,2953,2.1161
1fkb_ligand,2954,2.57611
1fkb_ligand,2955,2.04074
1fkb_ligand,2956,2.52365
1fkb_ligand,2957,2.11763
1fkb_ligand,2958,2.5155
1fkb_ligand,2959,2.06296
1fkb_ligand,2960,2.50661
1fkb_ligand,2961,2.04485
1fkb_ligand,2962,2.48355
1fkb_ligand,2963,2.01396
1fkb_ligand,2964,2.4145
1fkb_ligand,2965,2.1766
1fkb_ligand,2966,2.38245
1fkb_ligand,2967,2.1519
1fkb_ligand,2968,2.5251
1fkb_ligand,2969,1.95028
1fkb_ligand,2970,2.49968
1fkb_ligand,2971,2.04804
1fkb_ligand,2972,2.60169
1fkb_ligand,2973,1.96855
1fkb_ligand,2974,2.42836
1fkb_ligand,2975,2.26324
1fkb_ligand,2976,2.25879
1fkb_ligand,2977,2.1529
1fkb_ligand,2978,2.50357
1fkb_ligand,2979,2.11868
1fkb_ligand,2980,2.51439
1fkb_ligand,2981,1.85907
1fkb_ligand,2982,2.58144
1fkb_ligand,2983,1.75323
1fkb_ligand,2984,2.36102
1fkb_ligand,2985,2.16219
1fkb_ligand,2986,2.34198
1fkb_ligand,2987,2.14424
1fkb_ligand,2988,2.52104
1fkb_ligand,2989,1.7968
1fkb_ligand,2990,2.41697
1fkb_ligand,2991,2.189
1fkb_ligand,2992,2.32001
1fkb_ligand,2993,2.13571
1fkb_ligand,2994,2.47523
1fkb_ligand,2995,1.86415
1fkb_ligand,2996,2.47723
1fkb_ligand,2997,2.0246
1fkb_ligand,2998,2.63262
1fkb_ligand,2999,1.92371
1fkb_ligand,3000,2.52701
1fkb_ligand,3001,2.13864
1fkb_ligand,3002,2.49133
1fkb_ligand,3003,1.98645
1fkb_ligand,3004,2.60724
1fkb_ligand,3005,1.91299
1fkb_ligand,3006,2.63914
1fkb_ligand,3007,2.01798
1fkb_ligand,3008,2.49932
1fkb_ligand,3009,2.04922
1fkb_ligand,3010,2.49927
1fkb_ligand,3011,1.99494
1fkb_ligand,3012,2.54644
1fkb_ligand,3013,1.92773
1fkb_ligand,3014,2.62629
1fkb_ligand,3015,1.93044
1fkb_ligand,3016,2.48128
1fkb_ligand,3017,2.10594
1fkb_ligand,3018,2.48502
1fkb_ligand,3019,2.00739
1fkb_ligand,3020,2.55456
1fkb_ligand,3021,1.90769
1fkb_ligand,3022,2.64648
1fkb_ligand,3023,1.88607
1fkb_ligand,3024,2.60208
1fkb_ligand,3025,1.89057
1fkb_ligand,3026,2.62662
1fkb_ligand,3027,1.91431
1fkb_ligand,3028,2.61207
1fkb_ligand,3029,2.09732
1fkb_ligand,3030,2.50726
1fkb_ligand,3031,2.00801
1fkb_ligand,3032,2.56689
1fkb_ligand,3033,2.08605
1fkb_ligand,3034,2.50042
1fkb_ligand,3035,2.09409
1fkb_ligand,3036,2.53094
1fkb_ligand,3037,2.09107
1fkb_ligand,3038,2.53056
1fkb_ligand,3039,2.04251
1fkb_ligand,3040,2.52262
1fkb_ligand,3041,2.06934
1fkb_ligand,3042,2.60178
1fkb_ligand,3043,2.01125
1fkb_ligand,3044,2.46787
1fkb_ligand,3045,2.15612
1fkb_ligand,3046,2.49667
1fkb_ligand,3047,2.21169
1fkb_ligand,3048,2.57475
1fkb_ligand,3049,2.05539
1fkb_ligand,3050,2.59681
1fkb_ligand,3051,1.84092
1fkb_ligand,3052,2.3488
1fkb_ligand,3053,2.1974
1fkb_ligand,3054,2.37958
1fkb_ligand,3055,2.18374
1fkb_ligand,3056,2.41232
1fkb_ligand,3057,2.2049
1fkb_ligand,3058,2.50968
1fkb_ligand,3059,2.04968
1fkb_ligand,3060,2.56719
1fkb_ligand,3061,2.00866
1fkb_ligand,3062,2.55381
1fkb_ligand,3063,2.15242
1fkb_ligand,3064,2.3912
1fkb_ligand,3065,2.12192
1fkb_ligand,3066,2.38772
1fkb_ligand,3067,2.13261
1fkb_ligand,3068,2.58152
1fkb_ligand,3069,2.08411
1fkb_ligand,3070,2.48223
1fkb_ligand,3071,1.98773
1fkb_ligand,3072,2.59466
1fkb_ligand,3073,1.96789
1fkb_ligand,3074,2.5397
1fkb_ligand,3075,2.01471
1fkb_ligand,3076,2.49421
1fkb_ligand,3077,1.94162
1fkb_ligand,3078,2.57921
1fkb_ligand,3079,1.99668
1fkb_ligand,3080,2.53046
1fkb_ligand,3081,1.83696
1fkb_ligand,3082,2.53681
1fkb_ligand,3083,2.07336
1fkb_ligand,3084,2.47597
1fkb_ligand,3085,2.05862
1fkb_ligand,3086,2.49094
1fkb_ligand,3087,1.976
1fkb_ligand,3088,2.60633
1fkb_ligand,3089,1.87293
1fkb_ligand,3090,2.56838
1fkb_ligand,3091,1.94657
1fkb_ligand,3092,2.63437
1fkb_ligand,3093,1.90794
1fkb_ligand,3094,2.60611
1fkb_ligand,3095,1.97538
1fkb_ligand,3096,2.5707
1fkb_ligand,3097,2.04807
1fkb_ligand,3098,2.476
1fkb_ligand,3099,1.94464
1fkb_ligand,3100,2.57365
1fkb_ligand,3101,1.99644
1fkb_ligand,3102,2.47383
1fkb_ligand,3103,2.08704
1fkb_ligand,3104,2.49203
1fkb_ligand,3105,2.06741
1fkb_ligand,3106,2.39551
1fkb_ligand,3107,2.11587
1fkb_ligand,3108,2.42444
1fkb_ligand,3109,2.1258
1fkb_ligand,3110,2.52605
1fkb_ligand,3111,2.11341
1fkb_ligand,3112,2.43681
1fkb_ligand,3113,2.02117
1fkb_ligand,3114,2.57007
1fkb_ligand,3115,1.98962
1fkb_ligand,3116,2.48485
1fkb_ligand,3117,2.12367
1fkb_ligand,3118,2.4838
1fkb_ligand,3119,2.03222
1fkb_ligand,3120,2.56704
1fkb_ligand,3121,1.95467
1fkb_ligand,3122,2.63037
1fkb_ligand,3123,1.9068
1fkb_ligand,3124,2.61984
1fkb_ligand,3125,1.86001
1fkb_ligand,3126,2.60571
1fkb_ligand,3127,1.96442
1fkb_ligand,3128,2.49206
1fkb_ligand,3129,2.13988
1fkb_ligand,3130,2.40592
1fkb_ligand,3131,2.18031
1fkb_ligand,3132,2.25688
1fkb_ligand,3133,2.35784
1fkb_ligand,3134,2.22511
1fkb_ligand,3135,2.27564
1fkb_ligand,3136,2.34918
1fkb_ligand,3137,2.16123
1fkb_ligand,3138,2.38243
1fkb_ligand,3139,2.07652
1fkb_ligand,3140,2.43284
1fkb_ligand,3141,2.07911
1fkb_ligand,3142,2.50778
1fkb_ligand,3143,1.97515
1fkb_ligand,3144,2.53668
1fkb_ligand,3145,1.91089
1fkb_ligand,3146,2.57507
1fkb_ligand,3147,1.99224
1fkb_ligand,3148,2.52002
1fkb_ligand,3149,1.98076
1fkb_ligand,3150,2.50731
1fkb_ligand,3151,1.99994
1fkb_ligand,3152,2.54362
1fkb_ligand,3153,2.00087
1fkb_ligand,3154,2.54142
1fkb_ligand,3155,1.8934
1fkb_ligand,3156,2.58603
1fkb_ligand,3157,1.95624
1fkb_ligand,3158,2.5847
1fkb_ligand,3159,1.84324
1fkb_ligand,3160,2.39921
1fkb_ligand,3161,2.08984
1fkb_ligand,3162,2.39372
1fkb_ligand,3163,2.0803
1fkb_ligand,3164,2.48109
1fkb_ligand,3165,2.15678
1fkb_ligand,3166,2.52938
1fkb_ligand,3167,2.13909
1fkb_ligand,3168,2.48101
1fkb_ligand,3169,2.17684
1fkb_ligand,3170,2.55083
1fkb_ligand,3171,2.17691
1fkb_ligand,3172,2.46289
1fkb_ligand,3173,2.08739
1fkb_ligand,3174,2.5439
1fkb_ligand,3175,2.02267
1fkb_ligand,3176,2.43438
1fkb_ligand,3177,2.05001
1fkb_ligand,3178,2.4404
1fkb_ligand,3179,2.02783
1fkb_ligand,3180,2.46608
1fkb_ligand,3181,2.04843
1fkb_ligand,3182,2.53962
1fkb_ligand,3183,1.96307
1fkb_ligand,3184,2.45554
1fkb_ligand,3185,2.05307
1fkb_ligand,3186,2.54116
1fkb_ligand,3187,1.87115
1fkb_ligand,3188,2.51166
1fkb_ligand,3189,2.08411
1fkb_ligand,3190,2.45893
1fkb_ligand,3191,2.1622
1fkb_ligand,3192,2.3548
1fkb_ligand,3193,2.30853
1fkb_ligand,3194,1.9901
1fkb_ligand,3195,2.5157
1fkb_ligand,3196,2.00088
1fkb_ligand,3197,2.44932
1fkb_ligand,3198,2.05761
1fkb_ligand,3199,2.42731
1fkb_ligand,3200,2.04611
1fkb_ligand,3201,2.54727
1fkb_ligand,3202,1.86526
1fkb_ligand,3203,2.46475
1fkb_ligand,3204,2.14932
1fkb_ligand,3205,2.21432
1fkb_ligand,3206,2.43263
1fkb_ligand,3207,2.13557
1fkb_ligand,3208,2.44468
1fkb_ligand,3209,2.16204
1fkb_ligand,3210,2.33888
1fkb_ligand,3211,2.16655
1fkb_ligand,3212,2.31853
1fkb_ligand,3213,2.22086
1fkb_ligand,3214,2.45782
1fkb_ligand,3215,2.1319
1fkb_ligand,3216,2.40753
1fkb_ligand,3217,2.27152
1fkb_ligand,3218,2.4109
1fkb_ligand,3219,2.12178
1fkb_ligand,3220,2.5239
1fkb_ligand,3221,2.05355
1fkb_ligand,3222,2.48521
1fkb_ligand,3223,2.17344
1fkb_ligand,3224,2.41568
1fkb_ligand,3225,2.03473
1fkb_ligand,3226,2.54526
1fkb_ligand,3227,2.12732
1fkb_ligand,3228,2.4163
1fkb_ligand,3229,2.20585
1fkb_ligand,3230,2.40481
1fkb_ligand,3231,2.2089
1fkb_ligand,3232,2.50601
1fkb_ligand,3233,2.05013
1fkb_ligand,3234,2.52671
1fkb_ligand,3235,1.93034
1fkb_ligand,3236,2.52126
1fkb_ligand,3237,2.01209
1fkb_ligand,3238,2.5226
1fkb_ligand,3239,2.00609
1fkb_ligand,3240,2.51639
1fkb_ligand,3241,1.90934
1fkb_ligand,3242,2.52114
1fkb_ligand,3243,2.00251
1fkb_ligand,3244,2.46922
1fkb_ligand,3245,1.96386
1fkb_ligand,3246,2.55291
1fkb_ligand,3247,1.9847
1fkb_ligand,3248,2.54769
1fkb_ligand,3249,1.84286
1fkb_ligand,3250,2.48633
1fkb_ligand,3251,2.11607
1fkb_ligand,3252,2.41897
1fkb_ligand,3253,2.13356
1fkb_ligand,3254,2.2863
1fkb_ligand,3255,2.52148
1fkb_ligand,3256,2.1794
1fkb_ligand,3257,2.46165
1fkb_ligand,3258,2.26534
1fkb_ligand,3259,2.34979
1fkb_ligand,3260,2.29216
1fkb_ligand,3261,2.30195
1fkb_ligand,3262,2.24322
1fkb_ligand,3263,2.3644
1fkb_ligand,3264,2.17262
1fkb_ligand,3265,2.51118
1fkb_ligand,3266,2.06357
1fkb_ligand,3267,2.53915
1fkb_ligand,3268,2.02773
1fkb_ligand,3269,2.49259
1fkb_ligand,3270,1.94695
1fkb_ligand,3271,2.51757
1fkb_ligand,3272,2.02307
1fkb_ligand,3273,2.50106
1fkb_ligand,3274,1.86171
1fkb_ligand,3275,2.44051
1fkb_ligand,3276,2.22155
1fkb_ligand,3277,2.32994
1fkb_ligand,3278,2.42065
1fkb_ligand,3279,2.19588
1fkb_ligand,3280,2.46329
1fkb_ligand,3281,2.09967
1fkb_ligand,3282,2.53952
1fkb_ligand,3283,1.98704
1fkb_ligand,3284,2.50008
1fkb_ligand,3285,2.00295
1fkb_ligand,3286,2.49913
1fkb_ligand,3287,2.04037
1fkb_ligand,3288,2.54114
1fkb_ligand,3289,2.03437
1fkb_ligand,3290,2.5096
1fkb_ligand,3291,2.14907
1fkb_ligand,3292,2.48214
1fkb_ligand,3293,2.09255
1fkb_ligand,3294,2.49612
1fkb_ligand,3295,2.13203
1fkb_ligand,3296,2.48616
1fkb_ligand,3297,2.12682
1fkb_ligand,3298,2.47166
1fkb_ligand,3299,2.14576
1fkb_ligand,3300,2.48954
1fkb_ligand,3301,2.15757
1fkb_ligand,3302,2.5285
1fkb_ligand,3303,2.08089
1fkb_ligand,3304,2.54902
1fkb_ligand,3305,1.97586
1fkb_ligand,3306,2.57355
1fkb_ligand,3307,2.01992
1fkb_ligand,3308,2.49845
1fkb_ligand,3309,2.12573
1fkb_ligand,3310,2.52561
1fkb_ligand,3311,2.0686
1fkb_ligand,3312,2.41907
1fkb_ligand,3313,2.05985
1fkb_ligand,3314,2.49637
1fkb_ligand,3315,2.10684
1fkb_ligand,3316,2.53594
1fkb_ligand,3317,2.01375
1fkb_ligand,3318,2.53673
1fkb_ligand,3319,2.09464
1fkb_ligand,3320,2.51154
1fkb_ligand,3321,2.00888
1fkb_ligand,3322,2.46648
1fkb_ligand,3323,2.23546
1fkb_ligand,3324,2.52653
1fkb_ligand,3325,2.03721
1fkb_ligand,3326,2.56788
1fkb_ligand,3327,1.9634
1fkb_ligand,3328,2.51652
1fkb_ligand,3329,2.0379
1fkb_ligand,3330,2.52421
1fkb_ligand,3331,2.04017
1fkb_ligand,3332,2.48452
1fkb_ligand,3333,1.93346
1fkb_ligand,3334,2.5319
1fkb_ligand,3335,2.20859
1fkb_ligand,3336,2.416
1fkb_ligand,3337,2.05511
1fkb_ligand,3338,2.4739
1fkb_ligand,3339,2.11099
1fkb_ligand,3340,2.56498
1fkb_ligand,3341,2.13021
1fkb_ligand,3342,2.50431
1fkb_ligand,3343,1.99639
1fkb_ligand,3344,2.55703
1fkb_ligand,3345,2.08565
1fkb_ligand,3346,2.56099
1fkb_ligand,3347,2.09123
1fkb_ligand,3348,2.56235
1fkb_ligand,3349,1.93201
1fkb_ligand,3350,2.59236
1fkb_ligand,3351,1.97874
1fkb_ligand,3352,2.53019
1fkb_ligand,3353,2.00258
1fkb_ligand,3354,2.51973
1fkb_ligand,3355,2.09921
1fkb_ligand,3356,2.51151
1fkb_ligand,3357,2.02581
1fkb_ligand,3358,2.51772
1fkb_ligand,3359,2.0652
1fkb_ligand,3360,2.58784
1fkb_ligand,3361,2.12781
1fkb_ligand,3362,2.41355
1fkb_ligand,3363,2.06905
1fkb_ligand,3364,2.46928
1fkb_ligand,3365,2.15996
1fkb_ligand,3366,2.5391
1fkb_ligand,3367,2.09554
1fkb_ligand,3368,2.54986
1fkb_ligand,3369,1.93682
1fkb_ligand,3370,2.60621
1fkb_ligand,3371,2.05149
1fkb_ligand,3372,2.61498
1fkb_ligand,3373,1.90788
1fkb_ligand,3374,2.53543
1fkb_ligand,3375,2.00439
1fkb_ligand,3376,2.45356
1fkb_ligand,3377,1.9533
1fkb_ligand,3378,2.57952
1fkb_ligand,3379,1.9089
1fkb_ligand,3380,2.5475
1fkb_ligand,3381,1.97063
1fkb_ligand,3382,2.5532
1fkb_ligand,3383,1.91293
1fkb_ligand,3384,2.58949
1fkb_ligand,3385,1.89205
1fkb_ligand,3386,2.44961
1fkb_ligand,3387,2.14289
1fkb_ligand,3388,2.39452
1fkb_ligand,3389,2.08811
1fkb_ligand,3390,2.47632
1fkb_ligand,3391,2.14329
1fkb_ligand,3392,2.48738
1fkb_ligand,3393,2.12541
1fkb_ligand,3394,2.56349
1fkb_ligand,3395,2.02435
1fkb_ligand,3396,2.5826
1fkb_ligand,3397,1.97255
1fkb_ligand,3398,2.51753
1fkb_ligand,3399,2.08098
1fkb_ligand,3400,2.51215
1fkb_ligand,3401,2.00915
1fkb_ligand,3402,2.53481
1fkb_ligand,3403,2.04058
1fkb_ligand,3404,2.46731
1fkb_ligand,3405,2.09444
1fkb_ligand,3406,2.55712
1fkb_ligand,3407,2.0752
1fkb_ligand,3408,2.57114
1fkb_ligand,3409,2.015
1fkb_ligand,3410,2.57388
1fkb_ligand,3411,2.0879
1fkb_ligand,3412,2.48643
1fkb_ligand,3413,2.00054
1fkb_ligand,3414,2.5454
1fkb_ligand,3415,2.06611
1fkb_ligand,3416,2.46805
1fkb_ligand,3417,1.86997
1fkb_ligand,3418,2.41915
1fkb_ligand,3419,2.1501
1fkb_ligand,3420,2.51323
1fkb_ligand,3421,2.1589
1fkb_ligand,3422,2.52666
1fkb_ligand,3423,2.14893
1fkb_ligand,3424,2.49999
1fkb_ligand,3425,1.92306
1fkb_ligand,3426,2.54464
1fkb_ligand,3427,2.08685
1fkb_ligand,3428,2.53518
1fkb_ligand,3429,2.06439
1fkb_ligand,3430,2.52859
1fkb_ligand,3431,2.09367
1fkb_ligand,3432,2.54202
1fkb_ligand,3433,2.06872
1fkb_ligand,3434,2.56746
1fkb_ligand,3435,2.1174
1fkb_ligand,3436,2.51842
1fkb_ligand,3437,2.0601
1fkb_ligand,3438,2.5092
1fkb_ligand,3439,2.02774
1fkb_ligand,3440,2.44465
1fkb_ligand,3441,2.13139
1fkb_ligand,3442,2.46007
1fkb_ligand,3443,2.02055
1fkb_ligand,3444,2.57298
1fkb_ligand,3445,1.98818
1fkb_ligand,3446,2.54683
1fkb_ligand,3447,1.75553
1fkb_ligand,3448,2.54623
1fkb_ligand,3449,1.80866
1fkb_ligand,3450,2.49507
1fkb_ligand,3451,1.88291
1fkb_ligand,3452,2.48099
1fkb_ligand,3453,2.14554
1fkb_ligand,3454,2.39291
1fkb_ligand,3455,1.98818
1fkb_ligand,3456,2.59898
1fkb_ligand,3457,1.84666
1fkb_ligand,3458,2.52747
1fkb_ligand,3459,1.98148
1fkb_ligand,3460,2.63974
1fkb_ligand,3461,1.84219
1fkb_ligand,3462,2.48562
1fkb_ligand,3463,2.13971
1fkb_ligand,3464,2.38361
1fkb_ligand,3465,2.11608
1fkb_ligand,3466,2.4735
1fkb_ligand,3467,1.94056
1fkb_ligand,3468,2.57971
1fkb_ligand,3469,1.90444
1fkb_ligand,3470,2.66073
1fkb_ligand,3471,1.95269
1fkb_ligand,3472,2.50655
1fkb_ligand,3473,2.01518
1fkb_ligand,3474,2.53963
1fkb_ligand,3475,1.89345
1fkb_ligand,3476,2.62941
1fkb_ligand,3477,1.94732
1fkb_ligand,3478,2.54384
1fkb_ligand,3479,2.00605
1fkb_ligand,3480,2.51852
1fkb_ligand,3481,1.97887
1fkb_ligand,3482,2.61838
1fkb_ligand,3483,1.87124
1fkb_ligand,3484,2.57867
1fkb_ligand,3485,1.9778
1fkb_ligand,3486,2.54849
1fkb_ligand,3487,1.97634
1fkb_ligand,3488,2.57565
1fkb_ligand,3489,1.96256
1fkb_ligand,3490,2.54676
1fkb_ligand,3491,2.08115
1fkb_ligand,3492,2.52418
1fkb_ligand,3493,2.14941
1fkb_ligand,3494,2.58781
1fkb_ligand,3495,1.92104
1fkb_ligand,3496,2.50575
1fkb_ligand,3497,2.0461
1fkb_ligand,3498,2.4908
1fkb_ligand,3499,1.99483
1fkb_ligand,3500,2.49194
1fkb_ligand,3501,1.97057
1fkb_ligand,3502,2.56422
1fkb_ligand,3503,1.81912
1fkb_ligand,3504,2.5761
1fkb_ligand,3505,2.05421
1fkb_ligand,3506,2.48475
1fkb_ligand,3507,2.02404
1fkb_ligand,3508,2.5184
1fkb_ligand,3509,1.94987
1fkb_ligand,3510,2.58609
1fkb_ligand,3511,2.0291
1fkb_ligand,3512,2.578
1fkb_ligand,3513,1.86807
1fkb_ligand,3514,2.54833
1fkb_ligand,3515,2.0337
1fkb_ligand,3516,2.49088
1fkb_ligand,3517,1.97813
1fkb_ligand,3518,2.56331
1fkb_ligand,3519,1.9079
1fkb_ligand,3520,2.62358
1fkb_ligand,3521,1.98351
1fkb_ligand,3522,2.59969
1fkb_ligand,3523,1.85505
1fkb_ligand,3524,2.50287
1fkb_ligand,3525,2.00686
1fkb_ligand,3526,2.5219
1fkb_ligand,3527,1.97276
1fkb_ligand,3528,2.53103
1fkb_ligand,3529,2.04619
1fkb_ligand,3530,2.58158
1fkb_ligand,3531,1.95079
1fkb_ligand,3532,2.44915
1fkb_ligand,3533,2.15114
1fkb_ligand,3534,2.5505
1fkb_ligand,3535,2.09279
1fkb_ligand,3536,2.58753
1fkb_ligand,3537,2.0061
1fkb_ligand,3538,2.55043
1fkb_ligand,3539,2.17922
1fkb_ligand,3540,2.55057
1fkb_ligand,3541,2.09624
1fkb_ligand,3542,2.60481
1fkb_ligand,3543,2.04998
1fkb_ligand,3544,2.5014
1fkb_ligand,3545,2.04536
1fkb_ligand,3546,2.60178
1fkb_ligand,3547,1.99898
1fkb_ligand,3548,2.53851
1fkb_ligand,3549,2.0676
1fkb_ligand,3550,2.44388
1fkb_ligand,3551,2.05285
1fkb_ligand,3552,2.46488
1fkb_ligand,3553,2.06914
1fkb_ligand,3554,2.45878
1fkb_ligand,3555,2.06771
1fkb_ligand,3556,2.45134
1fkb_ligand,3557,1.9956
1fkb_ligand,3558,2.52016
1fkb_ligand,3559,2.01082
1fkb_ligand,3560,2.59436
1fkb_ligand,3561,1.9647
1fkb_ligand,3562,2.57426
1fkb_ligand,3563,2.03009
1fkb_ligand,3564,2.47883
1fkb_ligand,3565,2.11427
1fkb_ligand,3566,2.45534
1fkb_ligand,3567,2.1927
1fkb_ligand,3568,2.49926
1fkb_ligand,3569,2.17644
1fkb_ligand,3570,2.48678
1fkb_ligand,3571,2.0749
1fkb_ligand,3572,2.51615
1fkb_ligand,3573,2.08485
1fkb_ligand,3574,2.52254
1fkb_ligand,3575,2.02196
1fkb_ligand,3576,2.61751
1fkb_ligand,3577,2.13151
1fkb_ligand,3578,2.59262
1fkb_ligand,3579,1.96775
1fkb_ligand,3580,2.64967
1fkb_ligand,3581,1.89835
1fkb_ligand,3582,2.4469
1fkb_ligand,3583,1.96177
1fkb_ligand,3584,2.53036
1fkb_ligand,3585,1.98445
1fkb_ligand,3586,2.47208
1fkb_ligand,3587,1.89535
1fkb_ligand,3588,2.5204
1fkb_ligand,3589,2.02537
1fkb_ligand,3590,2.47449
1fkb_ligand,3591,1.96968
1fkb_ligand,3592,2.62461
1fkb_ligand,3593,1.87946
1fkb_ligand,3594,2.46361
1fkb_ligand,3595,2.13592
1fkb_ligand,3596,2.40244
1fkb_ligand,3597,2.16192
1fkb_ligand,3598,2.38712
1fkb_ligand,3599,2.12458
1fkb_ligand,3600,2.5354
1fkb_ligand,3601,2.20091
1fkb_ligand,3602,2.42692
1fkb_ligand,3603,2.0945
1fkb_ligand,3604,2.51885
1fkb_ligand,3605,2.05881
1fkb_ligand,3606,2.46835
1fkb_ligand,3607,2.08313
1fkb_ligand,3608,2.50388
1fkb_ligand,3609,2.06419
1fkb_ligand,3610,2.53962
1fkb_ligand,3611,2.08743
1fkb_ligand,3612,2.58016
1fkb_ligand,3613,2.03108
1fkb_ligand,3614,2.42204
1fkb_ligand,3615,2.23306
1fkb_ligand,3616,2.39589
1fkb_ligand,3617,2.18158
1fkb_ligand,3618,2.48998
1fkb_ligand,3619,2.00296
1fkb_ligand,3620,2.51616
1fkb_ligand,3621,1.93122
1fkb_ligand,3622,2.53193
1fkb_ligand,3623,1.95144
1fkb_ligand,3624,2.42938
1fkb_ligand,3625,2.00634
1fkb_ligand,3626,2.39914
1fkb_ligand,3627,2.28078
1fkb_ligand,3628,2.42403
1fkb_ligand,3629,2.08347
1fkb_ligand,3630,2.52433
1fkb_ligand,3631,2.1363
1fkb_ligand,3632,2.53016
1fkb_ligand,3633,2.04584
1fkb_ligand,3634,2.54348
1fkb_ligand,3635,2.1297
1fkb_ligand,3636,2.54303
1fkb_ligand,3637,2.02753
1fkb_ligand,3638,2.55887
1fkb_ligand,3639,1.92829
1fkb_ligand,3640,2.50856
1fkb_ligand,3641,2.06211
1fkb_ligand,3642,2.60514
1fkb_ligand,3643,2.02447
1fkb_ligand,3644,2.63634
1fkb_ligand,3645,1.97947
1fkb_ligand,3646,2.52569
1fkb_ligand,3647,2.01974
1fkb_ligand,3648,2.49859
1fkb_ligand,3649,2.07142
1fkb_ligand,3650,2.55645
1fkb_ligand,3651,1.98368
1fkb_ligand,3652,2.54643
1fkb_ligand,3653,2.07929
1fkb_ligand,3654,2.56522
1fkb_ligand,3655,1.98956
1fkb_ligand,3656,2.54412
1fkb_ligand,3657,2.01381
1fkb_ligand,3658,2.51632
1fkb_ligand,3659,2.04854
1fkb_ligand,3660,2.4086
1fkb_ligand,3661,2.19252
1fkb_ligand,3662,2.49406
1fkb_ligand,3663,2.11637
1fkb_ligand,3664,2.65387
1fkb_ligand,3665,1.88634
1fkb_ligand,3666,2.50929
1fkb_ligand,3667,2.16676
1fkb_ligand,3668,2.39881
1fkb_ligand,3669,2.07983
1fkb_ligand,3670,2.51606
1fkb_ligand,3671,1.99751
1fkb_ligand,3672,2.55414
1fkb_ligand,3673,1.96078
1fkb_ligand,3674,2.55873
1fkb_ligand,3675,2.02112
1fkb_ligand,3676,2.55493
1fkb_ligand,3677,2.07075
1fkb_ligand,3678,2.43014
1fkb_ligand,3679,2.08326
1fkb_ligand,3680,2.52065
1fkb_ligand,3681,2.11923
1fkb_ligand,3682,2.58255
1fkb_ligand,3683,2.00081
1fkb_ligand,3684,2.52169
1fkb_ligand,3685,2.07231
1fkb_ligand,3686,2.575
1fkb_ligand,3687,2.0357
1fkb_ligand,3688,2.63755
1fkb_ligand,3689,1.96278
1fkb_ligand,3690,2.59678
1fkb_ligand,3691,2.02171
1fkb_ligand,3692,2.53875
1fkb_ligand,3693,2.06167
1fkb_ligand,3694,2.47557
1fkb_ligand,3695,2.00567
1fkb_ligand,3696,2.57916
1fkb_ligand,3697,1.87449
1fkb_ligand,3698,2.51177
1fkb_ligand,3699,2.06885
1fkb_ligand,3700,2.58763
1fkb_ligand,3701,2.16253
1fkb_ligand,3702,2.49862
1fkb_ligand,3703,2.00985
1fkb_ligand,3704,2.54825
1fkb_ligand,3705,2.04482
1fkb_ligand,3706,2.45137
1fkb_ligand,3707,2.11977
1fkb_ligand,3708,2.51063
1fkb_ligand,3709,2.25957
1fkb_ligand,3710,2.41833
1fkb_ligand,3711,2.17746
1fkb_ligand,3712,2.44566
1fkb_ligand,3713,1.99464
1fkb_ligand,3714,2.62163
1fkb_ligand,3715,1.94158
1fkb_ligand,3716,2.46652
1fkb_ligand,3717,2.1758
1fkb_ligand,3718,2.37086
1fkb_ligand,3719,2.07207
1fkb_ligand,3720,2.53642
1fkb_ligand,3721,2.02966
1fkb_ligand,3722,2.58414
1fkb_ligand,3723,1.93084
1fkb_ligand,3724,2.55
1fkb_ligand,3725,1.98282
1fkb_ligand,3726,2.57537
1fkb_ligand,3727,1.94887
1fkb_ligand,3728,2.49881
1fkb_ligand,3729,1.89417
1fkb_ligand,3730,2.60757
1fkb_ligand,3731,1.87643
1fkb_ligand,3732,2.57332
1fkb_ligand,3733,1.93862
1fkb_ligand,3734,2.41491
1fkb_ligand,3735,2.09742
1fkb_ligand,3736,2.48947
1fkb_ligand,3737,1.91372
1fkb_ligand,3738,2.54959
1fkb_ligand,3739,1.96357
1fkb_ligand,3740,2.6047
1fkb_ligand,3741,1.93585
1fkb_ligand,3742,2.51002
1fkb_ligand,3743,2.04377
1fkb_ligand,3744,2.45483
1fkb_ligand,3745,2.19738
1fkb_ligand,3746,2.42087
1fkb_ligand,3747,2.20709
1fkb_ligand,3748,2.14343
1fkb_ligand,3749,2.47444
1fkb_ligand,3750,1.91552
1fkb_ligand,3751,2.51999
1fkb_ligand,3752,2.02411
1fkb_ligand,3753,2.46557
1fkb_ligand,3754,2.0144
1fkb_ligand,3755,2.58335
1fkb_ligand,3756,1.94622
1fkb_ligand,3757,2.65851
1fkb_ligand,3758,1.82187
1fkb_ligand,3759,2.49868
1fkb_ligand,3760,2.06722
1fkb_ligand,3761,2.45198
1fkb_ligand,3762,1.9781
1fkb_ligand,3763,2.57938
1fkb_ligand,3764,1.91544
1fkb_ligand,3765,2.5095
1fkb_ligand,3766,2.04628
1fkb_ligand,3767,2.51125
1fkb_ligand,3768,1.95204
1fkb_ligand,3769,2.63014
1fkb_ligand,3770,1.8348
1fkb_ligand,3771,2.44659
1fkb_ligand,3772,2.13273
1fkb_ligand,3773,2.56271
1fkb_ligand,3774,2.07575
1fkb_ligand,3775,2.5226
1fkb_ligand,3776,2.0991
1fkb_ligand,3777,2.54972
1fkb_ligand,3778,2.06091
1fkb_ligand,3779,2.52145
1fkb_ligand,3780,2.02015
1fkb_ligand,3781,2.48046
1fkb_ligand,3782,2.04092
1fkb_ligand,3783,2.59827
1fkb_ligand,3784,1.92976
1fkb_ligand,3785,2.46194
1fkb_ligand,3786,2.16426
1fkb_ligand,3787,2.46777
1fkb_ligand,3788,2.17758
1fkb_ligand,3789,2.46119
1fkb_ligand,3790,2.20425
1fkb_ligand,3791,2.34665
1fkb_ligand,3792,2.2058
1fkb_ligand,3793,2.44093
1fkb_ligand,3794,1.99826
1fkb_ligand,3795,2.51286
1fkb_ligand,3796,1.88354
1fkb_ligand,3797,2.48368
1fkb_ligand,3798,2.07945
1fkb_ligand,3799,2.53212
1fkb_ligand,3800,1.98114
1fkb_ligand,3801,2.6767
1fkb_ligand,3802,1.83209
1fkb_ligand,3803,2.47284
1fkb_ligand,3804,1.9607
1fkb_ligand,3805,2.59758
1fkb_ligand,3806,2.05807
1fkb_ligand,3807,2.53689
1fkb_ligand,3808,2.10377
1fkb_ligand,3809,2.50556
1fkb_ligand,3810,2.11771
1fkb_ligand,3811,2.57079
1fkb_ligand,3812,1.96192
1fkb_ligand,3813,2.5489
1fkb_ligand,3814,1.99689
1fkb_ligand,3815,2.50452
1fkb_ligand,3816,2.13492
1fkb_ligand,3817,2.5786
1fkb_ligand,3818,1.9062
1fkb_ligand,3819,2.52709
1fkb_ligand,3820,1.96334
1fkb_ligand,3821,2.51504
1fkb_ligand,3822,2.04573
1fkb_ligand,3823,2.45798
1fkb_ligand,3824,1.97877
1fkb_ligand,3825,2.59092
1fkb_ligand,3826,1.88062
1fkb_ligand,3827,2.56566
1fkb_ligand,3828,1.87548
1fkb_ligand,3829,2.45993
1fkb_ligand,3830,2.09359
1fkb_ligand,3831,2.49494
1fkb_ligand,3832,2.09168
1fkb_ligand,3833,2.61891
1fkb_ligand,3834,2.0524
1fkb_ligand,3835,2.528
1fkb_ligand,3836,2.09935
1fkb_ligand,3837,2.57367
1fkb_ligand,3838,2.01851
1fkb_ligand,3839,2.61516
1fkb_ligand,3840,1.91382
1fkb_ligand,3841,2.45109
1fkb_ligand,3842,1.9827
1fkb_ligand,3843,2.60889
1fkb_ligand,3844,2.01675
1fkb_ligand,3845,2.50194
1fkb_ligand,3846,2.05369
1fkb_ligand,3847,2.57597
1fkb_ligand,3848,2.01287
1fkb_ligand,3849,2.45969
1fkb_ligand,3850,2.05291
1fkb_ligand,3851,2.45661
1fkb_ligand,3852,2.01261
1fkb_ligand,3853,2.56182
1fkb_ligand,3854,2.01021
1fkb_ligand,3855,2.47989
1fkb_ligand,3856,1.87788
1fkb_ligand,3857,2.50492
1fkb_ligand,3858,2.0858
1fkb_ligand,3859,2.48445
1fkb_ligand,3860,2.08363
1fkb_ligand,3861,2.50821
1fkb_ligand,3862,2.06093
1fkb_ligand,3863,2.58368
1fkb_ligand,3864,2.01796
1fkb_ligand,3865,2.56078
1fkb_ligand,3866,1.98101
1fkb_ligand,3867,2.52884
1fkb_ligand,3868,2.06269
1fkb_ligand,3869,2.50612
1fkb_ligand,3870,2.05632
1fkb_ligand,3871,2.49475
1fkb_ligand,3872,2.06331
1fkb_ligand,3873,2.51412
1fkb_ligand,3874,2.08736
1fkb_ligand,3875,2.52876
1fkb_ligand,3876,2.09178
1fkb_ligand,3877,2.52461
1fkb_ligand,3878,2.03755
1fkb_ligand,3879,2.55426
1fkb_ligand,3880,1.96885
1fkb_ligand,3881,2.53176
1fkb_ligand,3882,1.94785
1fkb_ligand,3883,2.50342
1fkb_ligand,3884,2.20457
1fkb_ligand,3885,2.3375
1fkb_ligand,3886,2.20265
1fkb_ligand,3887,2.43045
1fkb_ligand,3888,1.96052
1fkb_ligand,3889,2.53924
1fkb_ligand,3890,2.03669
1fkb_ligand,3891,2.44816
1fkb_ligand,3892,1.93111
1fkb_ligand,3893,2.55127
1fkb_ligand,3894,2.01391
1fkb_ligand,3895,2.44137
1fkb_ligand,3896,1.96465
1fkb_ligand,3897,2.56453
1fkb_ligand,3898,1.99508
1fkb_ligand,3899,2.59828
1fkb_ligand,3900,1.94089
1fkb_ligand,3901,2.58637
1fkb_ligand,3902,2.01788
1fkb_ligand,3903,2.57742
1fkb_ligand,3904,2.07687
1fkb_ligand,3905,2.53277
1fkb_ligand,3906,1.98067
1fkb_ligand,3907,2.53024
1fkb_ligand,3908,2.11285
1fkb_ligand,3909,2.47744
1fkb_ligand,3910,1.95882
1fkb_ligand,3911,2.56831
1fkb_ligand,3912,2.03068
1fkb_ligand,3913,2.5033
1fkb_ligand,3914,2.16218
1fkb_ligand,3915,2.54599
1fkb_ligand,3916,2.12336
1fkb_ligand,3917,2.5566
1fkb_ligand,3918,2.04675
1fkb_ligand,3919,2.50663
1fkb_ligand,3920,1.99713
1fkb_ligand,3921,2.56922
1fkb_ligand,3922,1.99174
1fkb_ligand,3923,2.61554
1fkb_ligand,3924,2.0368
1fkb_ligand,3925,2.52524
1fkb_ligand,3926,2.04254
1fkb_ligand,3927,2.57236
1fkb_ligand,3928,1.92644
1fkb_ligand,3929,2.50149
1fkb_ligand,3930,1.88318
1fkb_ligand,3931,2.42915
1fkb_ligand,3932,2.10505
1fkb_ligand,3933,2.51211
1fkb_ligand,3934,1.89147
1fkb_ligand,3935,2.49271
1fkb_ligand,3936,1.99508
1fkb_ligand,3937,2.55178
1fkb_ligand,3938,2.00385
1fkb_ligand,3939,2.56426
1fkb_ligand,3940,2.01194
1fkb_ligand,3941,2.53739
1fkb_ligand,3942,2.12958
1fkb_ligand,3943,2.39502
1fkb_ligand,3944,2.05063
1fkb_ligand,3945,2.53442
1fkb_ligand,3946,1.94572
1fkb_ligand,3947,2.46382
1fkb_ligand,3948,2.19578
1fkb_ligand,3949,2.50056
1fkb_ligand,3950,2.00885
1fkb_ligand,3951,2.49731
1fkb_ligand,3952,2.12528
1fkb_ligand,3953,2.50903
1fkb_ligand,3954,2.05367
1fkb_ligand,3955,2.53102
1fkb_ligand,3956,1.90974
1fkb_ligand,3957,2.57491
1fkb_ligand,3958,1.92941
1fkb_ligand,3959,2.53634
1fkb_ligand,3960,2.04945
1fkb_ligand,3961,2.54654
1fkb_ligand,3962,2.06282
1fkb_ligand,3963,2.543
1fkb_ligand,3964,2.04431
1fkb_ligand,3965,2.49873
1fkb_ligand,3966,2.00466
1fkb_ligand,3967,2.58499
1fkb_ligand,3968,1.95882
1fkb_ligand,3969,2.55446
1fkb_ligand,3970,1.89714
1fkb_ligand,3971,2.57111
1fkb_ligand,3972,1.92365
1fkb_ligand,3973,2.59232
1fkb_ligand,3974,1.96117
1fkb_ligand,3975,2.59398
1fkb_ligand,3976,1.92112
1fkb_ligand,3977,2.53253
1fkb_ligand,3978,2.15958
1fkb_ligand,3979,2.45414
1fkb_ligand,3980,2.06535
1fkb_ligand,3981,2.51877
1fkb_ligand,3982,1.99859
1fkb_ligand,3983,2.5948
1fkb_ligand,3984,1.88145
1fkb_ligand,3985,2.60613
1fkb_ligand,3986,1.86354
1fkb_ligand,3987,2.50835
1fkb_ligand,3988,2.06587
1fkb_ligand,3989,2.52959
1fkb_ligand,3990,2.03836
1fkb_ligand,3991,2.49183
1fkb_ligand,3992,1.87704
1fkb_ligand,3993,2.54918
1fkb_ligand,3994,1.93145
1fkb_ligand,3995,2.59667
1fkb_ligand,3996,1.94466
1fkb_ligand,3997,2.63882
1fkb_ligand,3998,1.81591
1fkb_ligand,3999,2.4966
1fkb_ligand,4000,2.13728
1fkb_ligand,4001,2.64634
1fkb_ligand,4002,2.36346
1fkb_ligand,4003,2.10024
1fkb_ligand,4004,2.44458
1fkb_ligand,4005,2.00598
1fkb_ligand,4006,2.55872
1fkb_ligand,4007,2.16916
1fkb_ligand,4008,2.54579
1fkb_ligand,4009,1.98944
1fkb_ligand,4010,2.54985
1fkb_ligand,4011,2.08636
1fkb_ligand,4012,2.55657
1fkb_ligand,4013,1.98735
1fkb_ligand,4014,2.52308
1fkb_ligand,4015,2.22004
1fkb_ligand,4016,2.31497
1fkb_ligand,4017,2.18114
1fkb_ligand,4018,2.50346
1fkb_ligand,4019,2.07619
1fkb_ligand,4020,2.51589
1fkb_ligand,4021,2.10532
1fkb_ligand,4022,2.58987
1fkb_ligand,4023,1.97724
1fkb_ligand,4024,2.53222
1fkb_ligand,4025,2.09214
1fkb_ligand,4026,2.58274
1fkb_ligand,4027,1.98823
1fkb_ligand,4028,2.52935
1fkb_ligand,4029,2.14273
1fkb_ligand,4030,2.49652
1fkb_ligand,4031,2.03945
1fkb_ligand,4032,2.5525
1fkb_ligand,4033,2.05199
1fkb_ligand,4034,2.53456
1fkb_ligand,4035,2.02949
1fkb_ligand,4036,2.51811
1fkb_ligand,4037,2.13439
1fkb_ligand,4038,2.55644
1fkb_ligand,4039,2.01982
1fkb_ligand,4040,2.55679
1fkb_ligand,4041,2.00381
1fkb_ligand,4042,2.49519
1fkb_ligand,4043,2.0827
1fkb_ligand,4044,2.52079
1fkb_ligand,4045,2.08034
1fkb_ligand,4046,2.5828
1fkb_ligand,4047,1.95022
1fkb_ligand,4048,2.53159
1fkb_ligand,4049,1.99703
1fkb_ligand,4050,2.43309
1fkb_ligand,4051,1.89496
1fkb_ligand,4052,2.42115
1fkb_ligand,4053,2.10712
1fkb_ligand,4054,2.46416
1fkb_ligand,4055,2.12769
1fkb_ligand,4056,2.57524
1fkb_ligand,4057,2.00468
1fkb_ligand,4058,2.51574
1fkb_ligand,4059,1.98713
1fkb_ligand,4060,2.46463
1fkb_ligand,4061,2.23944
1fkb_ligand,4062,2.49343
1fkb_ligand,4063,2.15136
1fkb_ligand,4064,2.53888
1fkb_ligand,4065,2.05482
1fkb_ligand,4066,2.62278
1fkb_ligand,4067,1.96169
1fkb_ligand,4068,2.65948
1fkb_ligand,4069,1.92654
1fkb_ligand,4070,2.46645
1fkb_ligand,4071,1.94317
1fkb_ligand,4072,2.56593
1fkb_ligand,4073,2.13251
1fkb_ligand,4074,2.56206
1fkb_ligand,4075,1.90604
1fkb_ligand,4076,2.45549
1fkb_ligand,4077,2.15485
1fkb_ligand,4078,2.35083
1fkb_ligand,4079,2.08368
1fkb_ligand,4080,2.54825
1fkb_ligand,4081,1.99459
1fkb_ligand,4082,2.58734
1fkb_ligand,4083,1.88345
1fkb_ligand,4084,2.52477
1fkb_ligand,4085,2.16875
1fkb_ligand,4086,2.34513
1fkb_ligand,4087,2.18075
1fkb_ligand,4088,2.35028
1fkb_ligand,4089,2.13413
1fkb_ligand,4090,2.50613
1fkb_ligand,4091,2.02488
1fkb_ligand,4092,2.60645
1fkb_ligand,4093,1.86767
1fkb_ligand,4094,2.54547
1fkb_ligand,4095,1.88259
1fkb_ligand,4096,2.48222
1fkb_ligand,4097,2.01182
1fkb_ligand,4098,2.57455
1fkb_ligand,4099,1.79682
1fkb_ligand,4100,2.45921
1fkb_ligand,4101,2.07196
1fkb_ligand,4102,2.44735
1fkb_ligand,4103,2.00054
1fkb_ligand,4104,2.53623
1fkb_ligand,4105,2.14851
1fkb_ligand,4106,2.50914
1fkb_ligand,4107,1.93301
1fkb_ligand,4108,2.47223
1fkb_ligand,4109,2.18127
1fkb_ligand,4110,2.62553
1fkb_ligand,4111,1.98429
1fkb_ligand,4112,2.53606
1fkb_ligand,4113,2.0564
1fkb_ligand,4114,2.57553
1fkb_ligand,4115,2.09613
1fkb_ligand,4116,2.49354
1fkb_ligand,4117,1.98027
1fkb_ligand,4118,2.52911
1fkb_ligand,4119,2.07006
1fkb_ligand,4120,2.54447
1fkb_ligand,4121,2.02709
1fkb_ligand,4122,2.52895
1fkb_ligand,4123,1.97728
1fkb_ligand,4124,2.47064
1fkb_ligand,4125,2.23072
1fkb_ligand,4126,2.51004
1fkb_ligand,4127,2.22381
1fkb_ligand,4128,2.44234
1fkb_ligand,4129,1.91178
1fkb_ligand,4130,2.57723
1fkb_ligand,4131,1.94141
1fkb_ligand,4132,2.50066
1fkb_ligand,4133,1.957
1fkb_ligand,4134,2.6274
1fkb_ligand,4135,1.87556
1fkb_ligand,4136,2.45723
1fkb_ligand,4137,2.00937
1fkb_ligand,4138,2.61497
1fkb_ligand,4139,1.91332
1fkb_ligand,4140,2.5212
1fkb_ligand,4141,2.09961
1fkb_ligand,4142,2.5039
1fkb_ligand,4143,2.04954
1fkb_ligand,4144,2.56387
1fkb_ligand,4145,2.01904
1fkb_ligand,4146,2.50331
1fkb_ligand,4147,1.94084
1fkb_ligand,4148,2.4737
1fkb_ligand,4149,2.28068
1fkb_ligand,4150,2.32989
1fkb_ligand,4151,2.22379
1fkb_ligand,4152,2.43092
1fkb_ligand,4153,2.25534
1fkb_ligand,4154,2.42408
1fkb_ligand,4155,2.06183
1fkb_ligand,4156,2.68565
1fkb_ligand,4157,1.99709
1fkb_ligand,4158,2.52385
1fkb_ligand,4159,2.03564
1fkb_ligand,4160,2.58017
1fkb_ligand,4161,1.92768
1fkb_ligand,4162,2.48629
1fkb_ligand,4163,2.3077
1fkb_ligand,4164,2.38258
1fkb_ligand,4165,2.23356
1fkb_ligand,4166,2.42599
1fkb_ligand,4167,2.10025
1fkb_ligand,4168,2.48733
1fkb_ligand,4169,1.94443
1fkb_ligand,4170,2.58498
1fkb_ligand,4171,1.92978
1fkb_ligand,4172,2.54973
1fkb_ligand,4173,2.10966
1fkb_ligand,4174,2.56677
1fkb_ligand,4175,1.98415
1fkb_ligand,4176,2.51917
1fkb_ligand,4177,1.9631
1fkb_ligand,4178,2.52801
1fkb_ligand,4179,2.19556
1fkb_ligand,4180,2.36162
1fkb_ligand,4181,2.17929
1fkb_ligand,4182,2.39433
1fkb_ligand,4183,2.15948
1fkb_ligand,4184,2.48656
1fkb_ligand,4185,2.21227
1fkb_ligand,4186,2.39246
1fkb_ligand,4187,2.16508
1fkb_ligand,4188,2.49864
1fkb_ligand,4189,2.2031
1fkb_ligand,4190,2.19359
1fkb_ligand,4191,2.57967
1fkb_ligand,4192,1.93063
1fkb_ligand,4193,2.65605
1fkb_ligand,4194,1.82725
1fkb_ligand,4195,2.43512
1fkb_ligand,4196,1.97576
1fkb_ligand,4197,2.60721
1fkb_ligand,4198,1.89572
1fkb_ligand,4199,2.59302
1fkb_ligand,4200,1.89113
1fkb_ligand,4201,2.49971
1fkb_ligand,4202,2.00723
1fkb_ligand,4203,2.5555
1fkb_ligand,4204,1.94824
1fkb_ligand,4205,2.50476
1fkb_ligand,4206,2.17293
1fkb_ligand,4207,2.5224
1fkb_ligand,4208,1.86047
1fkb_ligand,4209,2.43907
1fkb_ligand,4210,2.13383
1fkb_ligand,4211,2.61952
1fkb_ligand,4212,2.02101
1fkb_ligand,4213,2.60992
1fkb_ligand,4214,1.94829
1fkb_ligand,4215,2.43783
1fkb_ligand,4216,2.24375
1fkb_ligand,4217,2.54646
1fkb_ligand,4218,1.98171
1fkb_ligand,4219,2.50899
1fkb_ligand,4220,2.05662
1fkb_ligand,4221,2.58413
1fkb_ligand,4222,2.04348
1fkb_ligand,4223,2.52591
1fkb_ligand,4224,1.79988
1fkb_ligand,4225,2.51125
1fkb_ligand,4226,2.25028
1fkb_ligand,4227,2.36295
1fkb_ligand,4228,2.16447
1fkb_ligand,4229,2.41242
1fkb_ligand,4230,1.98459
1fkb_ligand,4231,2.58347
1fkb_ligand,4232,1.99387
1fkb_ligand,4233,2.38049
1fkb_ligand,4234,2.10928
1fkb_ligand,4235,2.48291
1fkb_ligand,4236,2.00588
1fkb_ligand,4237,2.5474
1fkb_ligand,4238,2.07205
1fkb_ligand,4239,2.55328
1fkb_ligand,4240,1.97787
1fkb_ligand,4241,2.50984
1fkb_ligand,4242,2.0031
1fkb_ligand,4243,2.59404
1fkb_ligand,4244,1.89689
1fkb_ligand,4245,2.49556
1fkb_ligand,4246,2.01031
1fkb_ligand,4247,2.54363
1fkb_ligand,4248,1.91424
1fkb_ligand,4249,2.46249
1fkb_ligand,4250,2.04011
1fkb_ligand,4251,2.51327
1fkb_ligand,4252,1.91665
1fkb_ligand,4253,2.60723
1fkb_ligand,4254,1.97558
1fkb_ligand,4255,2.51921
1fkb_ligand,4256,2.16273
1fkb_ligand,4257,2.57539
1fkb_ligand,4258,1.97679
1fkb_ligand,4259,2.46828
1fkb_ligand,4260,2.22274
1fkb_ligand,4261,2.5221
1fkb_ligand,4262,2.05057
1fkb_ligand,4263,2.46811
1fkb_ligand,4264,2.13273
1fkb_ligand,4265,2.55951
1fkb_ligand,4266,2.00478
1fkb_ligand,4267,2.53787
1fkb_ligand,4268,2.15033
1fkb_ligand,4269,2.53042
1fkb_ligand,4270,2.08514
1fkb_ligand,4271,2.53446
1fkb_ligand,4272,2.16789
1fkb_ligand,4273,2.49781
1fkb_ligand,4274,2.00315
1fkb_ligand,4275,2.54595
1fkb_ligand,4276,1.98486
1fkb_ligand,4277,2.55646
1fkb_ligand,4278,1.92697
1fkb_ligand,4279,2.50081
1fkb_ligand,4280,2.18018
1fkb_ligand,4281,2.3601
1fkb_ligand,4282,2.15404
1fkb_ligand,4283,2.50369
1fkb_ligand,4284,2.11139
1fkb_ligand,4285,2.5797
1fkb_ligand,4286,2.00576
1fkb_ligand,4287,2.57961
1fkb_ligand,4288,2.00344
1fkb_ligand,4289,2.62725
1fkb_ligand,4290,1.91208
1fkb_ligand,4291,2.63197
1fkb_ligand,4292,1.86198
1fkb_ligand,4293,2.53176
1fkb_ligand,4294,2.00718
1fkb_ligand,4295,2.64183
1fkb_ligand,4296,1.86905
1fkb_ligand,4297,2.62573
1fkb_ligand,4298,1.92551
1fkb_ligand,4299,2.64911
1fkb_ligand,4300,1.83734
1fkb_ligand,4301,2.56686
1fkb_ligand,4302,1.98844
1fkb_ligand,4303,2.62505
1fkb_ligand,4304,1.82512
1fkb_ligand,4305,2.66239
1fkb_ligand,4306,1.83967
1fkb_ligand,4307,2.52532
1fkb_ligand,4308,2.02231
1fkb_ligand,4309,2.55927
1fkb_ligand,4310,2.24521
1fkb_ligand,4311,2.49591
1fkb_ligand,4312,2.00604
1fkb_ligand,4313,2.55993
1fkb_ligand,4314,2.06628
1fkb_ligand,4315,2.50033
1fkb_ligand,4316,2.10847
1fkb_ligand,4317,2.52357
1fkb_ligand,4318,1.98948
1fkb_ligand,4319,2.56881
1fkb_ligand,4320,1.93528
1fkb_ligand,4321,2.58288
1fkb_ligand,4322,2.07891
1fkb_ligand,4323,2.57265
1fkb_ligand,4324,1.93125
1fkb_ligand,4325,2.59764
1fkb_ligand,4326,1.88723
1fkb_ligand,4327,2.57952
1fkb_ligand,4328,1.84625
1fkb_ligand,4329,2.53416
1fkb_ligand,4330,1.97218
1fkb_ligand,4331,2.70102
1fkb_ligand,4332,1.82337
1fkb_ligand,4333,2.58472
1fkb_ligand,4334,1.89705
1fkb_ligand,4335,2.6925
1fkb_ligand,4336,1.79397
1fkb_ligand,4337,2.4878
1fkb_ligand,4338,2.11384
1fkb_ligand,4339,2.43718
1fkb_ligand,4340,2.00987
1fkb_ligand,4341,2.49783
1fkb_ligand,4342,1.95454
1fkb_ligand,4343,2.65736
1fkb_ligand,4344,1.87733
1fkb_ligand,4345,2.57853
1fkb_ligand,4346,1.91688
1fkb_ligand,4347,2.66168
1fkb_ligand,4348,1.83494
1fkb_ligand,4349,2.61277
1fkb_ligand,4350,1.89024
1fkb_ligand,4351,2.6098
1fkb_ligand,4352,2.01652
1fkb_ligand,4353,2.54919
1fkb_ligand,4354,1.93781
1fkb_ligand,4355,2.59673
1fkb_ligand,4356,1.87716
1fkb_ligand,4357,2.58281
1fkb_ligand,4358,1.96702
1fkb_ligand,4359,2.63432
1fkb_ligand,4360,1.86573
1fkb_ligand,4361,2.64464
1fkb_ligand,4362,1.9585
1fkb_ligand,4363,2.59785
1fkb_ligand,4364,1.90921
1fkb_ligand,4365,2.59062
1fkb_ligand,4366,1.8157
1fkb_ligand,4367,2.53634
1fkb_ligand,4368,1.99237
1fkb_ligand,4369,2.55644
1fkb_ligand,4370,2.1172
1fkb_ligand,4371,2.53615
1fkb_ligand,4372,1.93141
1fkb_ligand,4373,2.49496
1fkb_ligand,4374,2.07882
1fkb_ligand,4375,2.5162
1fkb_ligand,4376,2.02064
1fkb_ligand,4377,2.48991
1fkb_ligand,4378,2.11924
1fkb_ligand,4379,2.62146
1fkb_ligand,4380,2.01008
1fkb_ligand,4381,2.4932
1fkb_ligand,4382,2.03552
1fkb_ligand,4383,2.52143
1fkb_ligand,4384,1.99166
1fkb_ligand,4385,2.50416
1fkb_ligand,4386,2.03107
1fkb_ligand,4387,2.56699
1fkb_ligand,4388,1.88941
1fkb_ligand,4389,2.54496
1fkb_ligand,4390,2.00631
1fkb_ligand,4391,2.62123
1fkb_ligand,4392,2.06262
1fkb_ligand,4393,2.63288
1fkb_ligand,4394,1.93641
1fkb_ligand,4395,2.54265
1fkb_ligand,4396,1.97989
1fkb_ligand,4397,2.52303
1fkb_ligand,4398,1.81266
1fkb_ligand,4399,2.50483
1fkb_ligand,4400,2.18776
1fkb_ligand,4401,2.31196
1fkb_ligand,4402,2.22612
1fkb_ligand,4403,2.32406
1fkb_ligand,4404,2.28357
1fkb_ligand,4405,2.38256
1fkb_ligand,4406,2.09012
1fkb_ligand,4407,2.47404
1fkb_ligand,4408,1.98274
1fkb_ligand,4409,2.57465
1fkb_ligand,4410,2.06575
1fkb_ligand,4411,2.49378
1fkb_ligand,4412,2.19828
1fkb_ligand,4413,2.29834
1fkb_ligand,4414,2.2196
1fkb_ligand,4415,2.49824
1fkb_ligand,4416,2.0597
1fkb_ligand,4417,2.48826
1fkb_ligand,4418,2.13361
1fkb_ligand,4419,2.49343
1fkb_ligand,4420,2.2299
1fkb_ligand,4421,2.43577
1fkb_ligand,4422,2.1924
1fkb_ligand,4423,2.39913
1fkb_ligand,4424,2.26975
1fkb_ligand,4425,2.37398
1fkb_ligand,4426,2.14671
1fkb_ligand,4427,2.42987
1fkb_ligand,4428,2.08912
1fkb_ligand,4429,2.53397
1fkb_ligand,4430,2.03386
1fkb_ligand,4431,2.54436
1fkb_ligand,4432,2.03903
1fkb_ligand,4433,2.54611
1fkb_ligand,4434,2.00147
1fkb_ligand,4435,2.56638
1fkb_ligand,4436,1.93707
1fkb_ligand,4437,2.47702
1fkb_ligand,4438,2.04382
1fkb_ligand,4439,2.52237
1fkb_ligand,4440,2.1466
1fkb_ligand,4441,2.50138
1fkb_ligand,4442,2.02811
1fkb_ligand,4443,2.48048
1fkb_ligand,4444,2.13197
1fkb_ligand,4445,2.5498
1fkb_ligand,4446,1.99567
1fkb_ligand,4447,2.47682
1fkb_ligand,4448,2.08236
1fkb_ligand,4449,2.55903
1fkb_ligand,4450,2.07253
1fkb_ligand,4451,2.54257
1fkb_ligand,4452,2.05078
1fkb_ligand,4453,2.45767
1fkb_ligand,4454,2.16816
1fkb_ligand,4455,2.43159
1fkb_ligand,4456,2.2944
1fkb_ligand,4457,2.22897
1fkb_ligand,4458,2.38985
1fkb_ligand,4459,2.13999
1fkb_ligand,4460,2.28029
1fkb_ligand,4461,2.45236
1fkb_ligand,4462,2.24214
1fkb_ligand,4463,2.34765
1fkb_ligand,4464,2.30103
1fkb_ligand,4465,2.19883
1fkb_ligand,4466,2.33415
1fkb_ligand,4467,2.08823
1fkb_ligand,4468,2.43351
1fkb_ligand,4469,2.1451
1fkb_ligand,4470,2.29456
1fkb_ligand,4471,2.20256
1fkb_ligand,4472,2.38332
1fkb_ligand,4473,1.95082
1fkb_ligand,4474,2.48319
1fkb_ligand,4475,2.1102
1fkb_ligand,4476,2.50909
1fkb_ligand,4477,1.86175
1fkb_ligand,4478,2.39526
1fkb_ligand,4479,2.10922
1fkb_ligand,4480,2.4743
1fkb_ligand,4481,1.95734
1fkb_ligand,4482,2.57914
1fkb_ligand,4483,1.79453
1fkb_ligand,4484,2.34476
1fkb_ligand,4485,2.15253
1fkb_ligand,4486,2.38094
1fkb_ligand,4487,2.04507
1fkb_ligand,4488,2.51531
1fkb_ligand,4489,1.80745
1fkb_ligand,4490,2.36866
1fkb_ligand,4491,2.1299
1fkb_ligand,4492,2.42139
1fkb_ligand,4493,2.0364
1fkb_ligand,4494,2.53956
1fkb_ligand,4495,1.96109
1fkb_ligand,4496,2.59586
1fkb_ligand,4497,1.89128
1fkb_ligand,4498,2.50032
1fkb_ligand,4499,2.23601
1fkb_ligand,4500,2.28959
1fkb_ligand,4501,2.40238
1fkb_ligand,4502,2.22111
1fkb_ligand,4503,2.34523
1fkb_ligand,4504,2.27831
1fkb_ligand,4505,2.28736
1fkb_ligand,4506,2.34039
1fkb_ligand,4507,2.31745
1fkb_ligand,4508,2.26882
1fkb_ligand,4509,2.38333
1fkb_ligand,4510,2.18925
1fkb_ligand,4511,2.37865
1fkb_ligand,4512,2.27356
1fkb_ligand,4513,2.42593
1fkb_ligand,4514,2.12371
1fkb_ligand,4515,2.50436
1fkb_ligand,4516,2.08798
1fkb_ligand,4517,2.51393
1fkb_ligand,4518,2.10065
1fkb_ligand,4519,2.41616
1fkb_ligand,4520,2.16093
1fkb_ligand,4521,2.59149
1fkb_ligand,4522,1.78822
1fkb_ligand,4523,2.22282
1fkb_ligand,4524,2.121
1fkb_ligand,4525,2.5417
1fkb_ligand,4526,1.81558
1fkb_ligand,4527,2.34069
1fkb_ligand,4528,2.05597
1fkb_ligand,4529,2.50165
1fkb_ligand,4530,1.84331
1fkb_ligand,4531,2.52484
1fkb_ligand,4532,2.0697
1fkb_ligand,4533,2.40542
1fkb_ligand,4534,2.16151
1fkb_ligand,4535,2.49627
1fkb_ligand,4536,2.08551
1fkb_ligand,4537,2.54141
1fkb_ligand,4538,2.02703
1fkb_ligand,4539,2.51582
1fkb_ligand,4540,2.00587
1fkb_ligand,4541,2.55387
1fkb_ligand,4542,2.09766
1fkb_ligand,4543,2.41936
1fkb_ligand,4544,2.00168
1fkb_ligand,4545,2.50195
1fkb_ligand,4546,1.89472
1fkb_ligand,4547,2.55118
1fkb_ligand,4548,1.88938
1fkb_ligand,4549,2.49341
1fkb_ligand,4550,2.12676
1fkb_ligand,4551,2.4171
1fkb_ligand,4552,1.92336
1fkb_ligand,4553,2.5104
1fkb_ligand,4554,2.0135
1fkb_ligand,4555,2.46724
1fkb_ligand,4556,1.95095
1fkb_ligand,4557,2.60518
1fkb_ligand,4558,1.90683
1fkb_ligand,4559,2.4625
1fkb_ligand,4560,2.08719
1fkb_ligand,4561,2.52081
1fkb_ligand,4562,1.89534
1fkb_ligand,4563,2.51251
1fkb_ligand,4564,2.06804
1fkb_ligand,4565,2.46669
1fkb_ligand,4566,2.16928
1fkb_ligand,4567,2.22571
1fkb_ligand,4568,2.47998
1fkb_ligand,4569,2.16688
1fkb_ligand,4570,2.30726
1fkb_ligand,4571,2.23368
1fkb_ligand,4572,2.43855
1fkb_ligand,4573,2.0779
1fkb_ligand,4574,2.43046
1fkb_ligand,4575,2.07316
1fkb_ligand,4576,2.49905
1fkb_ligand,4577,1.97582
1fkb_ligand,4578,2.49822
1fkb_ligand,4579,1.9277
1fkb_ligand,4580,2.44777
1fkb_ligand,4581,2.07029
1fkb_ligand,4582,2.45923
1fkb_ligand,4583,2.0489
1fkb_ligand,4584,2.45787
1fkb_ligand,4585,2.09058
1fkb_ligand,4586,2.55886
1fkb_ligand,4587,2.13036
1fkb_ligand,4588,2.4682
1fkb_ligand,4589,2.17009
1fkb_ligand,4590,2.45119
1fkb_ligand,4591,2.17247
1fkb_ligand,4592,2.48688
1fkb_ligand,4593,2.14379
1fkb_ligand,4594,2.452
1fkb_ligand,4595,2.04322
1fkb_ligand,4596,2.46143
1fkb_ligand,4597,2.10047
1fkb_ligand,4598,2.46252
1fkb_ligand,4599,2.12355
1fkb_ligand,4600,2.47885
1fkb_ligand,4601,2.05669
1fkb_ligand,4602,2.51174
1fkb_ligand,4603,2.09124
1fkb_ligand,4604,2.51705
1fkb_ligand,4605,2.11428
1fkb_ligand,4606,2.47861
1fkb_ligand,4607,1.98779
1fkb_ligand,4608,2.49467
1fkb_ligand,4609,1.907
1fkb_ligand,4610,2.40389
1fkb_ligand,4611,2.18688
1fkb_ligand,4612,2.42542
1fkb_ligand,4613,2.03742
1fkb_ligand,4614,2.50329
1fkb_ligand,4615,2.02628
1fkb_ligand,4616,2.40461
1fkb_ligand,4617,2.25126
1fkb_ligand,4618,2.33068
1fkb_ligand,4619,2.33046
1fkb_ligand,4620,2.1
1fkb_ligand,4621,2.30242
1fkb_ligand,4622,2.2052
1fkb_ligand,4623,2.35367
1fkb_ligand,4624,2.04145
1fkb_ligand,4625,2.39168
1fkb_ligand,4626,2.0722
1fkb_ligand,4627,2.51222
1fkb_ligand,4628,1.82396
1fkb_ligand,4629,2.2695
1fkb_ligand,4630,2.20332
1fkb_ligand,4631,2.37481
1fkb_ligand,4632,1.9984
1fkb_ligand,4633,2.4886
1fkb_ligand,4634,1.90036
1fkb_ligand,4635,2.38651
1fkb_ligand,4636,2.12933
1fkb_ligand,4637,2.41694
1fkb_ligand,4638,1.98862
1fkb_ligand,4639,2.46989
1fkb_ligand,4640,2.04454
1fkb_ligand,4641,2.46838
1fkb_ligand,4642,2.16973
1fkb_ligand,4643,2.50284
1fkb_ligand,4644,2.16519
1fkb_ligand,4645,2.51274
1fkb_ligand,4646,2.0531
1fkb_ligand,4647,2.52669
1fkb_ligand,4648,2.07201
1fkb_ligand,4649,2.44076
1fkb_ligand,4650,2.06925
1fkb_ligand,4651,2.55136
1fkb_ligand,4652,2.06674
1fkb_ligand,4653,2.52686
1fkb_ligand,4654,2.07852
1fkb_ligand,4655,2.43211
1fkb_ligand,4656,2.12899
1fkb_ligand,4657,2.50972
1fkb_ligand,4658,2.10813
1fkb_ligand,4659,2.53308
1fkb_ligand,4660,2.03708
1fkb_ligand,4661,2.39911
1fkb_ligand,4662,2.11724
1fkb_ligand,4663,2.50161
1fkb_ligand,4664,2.15022
1fkb_ligand,4665,2.53014
1fkb_ligand,4666,2.05515
1fkb_ligand,4667,2.51143
1fkb_ligand,4668,2.14514
1fkb_ligand,4669,2.501
1fkb_ligand,4670,2.08201
1fkb_ligand,4671,2.53975
1fkb_ligand,4672,2.11383
1fkb_ligand,4673,2.50397
1fkb_ligand,4674,2.0968
1fkb_ligand,4675,2.53155
1fkb_ligand,4676,2.0636
1fkb_ligand,4677,2.5222
1fkb_ligand,4678,2.00946
1fkb_ligand,4679,2.54063
1fkb_ligand,4680,2.08534
1fkb_ligand,4681,2.48
1fkb_ligand,4682,2.15092
1fkb_ligand,4683,2.57383
1fkb_ligand,4684,1.95319
1fkb_ligand,4685,2.51779
1fkb_ligand,4686,2.05024
1fkb_ligand,4687,2.42342
1fkb_ligand,4688,2.05147
1fkb_ligand,4689,2.54994
1fkb_ligand,4690,2.0059
1fkb_ligand,4691,2.52388
1fkb_ligand,4692,2.04461
1fkb_ligand,4693,2.4572
1fkb_ligand,4694,1.95338
1fkb_ligand,4695,2.5554
1fkb_ligand,4696,1.92326
1fkb_ligand,4697,2.50091
1fkb_ligand,4698,2.03888
1fkb_ligand,4699,2.46595
1fkb_ligand,4700,2.08413
1fkb_ligand,4701,2.47698
1fkb_ligand,4702,2.10603
1fkb_ligand,4703,2.46326
1fkb_ligand,4704,2.04189
1fkb_ligand,4705,2.58717
1fkb_ligand,4706,2.10843
1fkb_ligand,4707,2.45513
1fkb_ligand,4708,2.06819
1fkb_ligand,4709,2.54651
1fkb_ligand,4710,2.078
1fkb_ligand,4711,2.46983
1fkb_ligand,4712,2.06442
1fkb_ligand,4713,2.56583
1fkb_ligand,4714,2.09518
1fkb_ligand,4715,2.56062
1fkb_ligand,4716,2.02668
1fkb_ligand,4717,2.51371
1fkb_ligand,4718,2.08212
1fkb_ligand,4719,2.52526
1fkb_ligand,4720,2.06645
1fkb_ligand,4721,2.52146
1fkb_ligand,4722,2.11791
1fkb_ligand,4723,2.52059
1fkb_ligand,4724,2.09227
1fkb_ligand,4725,2.56273
1fkb_ligand,4726,1.94553
1fkb_ligand,4727,2.5619
1fkb_ligand,4728,1.94629
1fkb_ligand,4729,2.56951
1fkb_ligand,4730,2.03233
1fkb_ligand,4731,2.41991
1fkb_ligand,4732,1.94318
1fkb_ligand,4733,2.48603
1fkb_ligand,4734,2.05081
1fkb_ligand,4735,2.44586
1fkb_ligand,4736,1.97498
1fkb_ligand,4737,2.5107
1fkb_ligand,4738,1.99263
1fkb_ligand,4739,2.55255
1fkb_ligand,4740,2.06131
1fkb_ligand,4741,2.55603
1fkb_ligand,4742,2.08927
1fkb_ligand,4743,2.53012
1fkb_ligand,4744,2.08976
1fkb_ligand,4745,2.43364
1fkb_ligand,4746,1.99672
1fkb_ligand,4747,2.53317
1fkb_ligand,4748,2.14597
1fkb_ligand,4749,2.57195
1fkb_ligand,4750,1.98721
1fkb_ligand,4751,2.48753
1fkb_ligand,4752,2.08978
1fkb_ligand,4753,2.55072
1fkb_ligand,4754,2.02643
1fkb_ligand,4755,2.57852
1fkb_ligand,4756,1.98556
1fkb_ligand,4757,2.5483
1fkb_ligand,4758,2.16433
1fkb_ligand,4759,2.45899
1fkb_ligand,4760,1.96632
1fkb_ligand,4761,2.50516
1fkb_ligand,4762,1.87062
1fkb_ligand,4763,2.43906
1fkb_ligand,4764,2.19328
1fkb_ligand,4765,2.40072
1fkb_ligand,4766,2.11375
1fkb_ligand,4767,2.54011
1fkb_ligand,4768,1.95341
1fkb_ligand,4769,2.59166
1fkb_ligand,4770,1.95376
1fkb_ligand,4771,2.62356
1fkb_ligand,4772,1.81523
1fkb_ligand,4773,2.4316
1fkb_ligand,4774,2.13265
1fkb_ligand,4775,2.46868
1fkb_ligand,4776,2.16595
1fkb_ligand,4777,2.56328
1fkb_ligand,4778,1.97435
1fkb_ligand,4779,2.51496
1fkb_ligand,4780,2.11389
1fkb_ligand,4781,2.55158
1fkb_ligand,4782,2.0323
1fkb_ligand,4783,2.53989
1fkb_ligand,4784,2.14025
1fkb_ligand,4785,2.53731
1fkb_ligand,4786,2.03365
1fkb_ligand,4787,2.58539
1fkb_ligand,4788,2.01566
1fkb_ligand,4789,2.61657
1fkb_ligand,4790,1.95772
1fkb_ligand,4791,2.50914
1fkb_ligand,4792,1.96384
1fkb_ligand,4793,2.58474
1fkb_ligand,4794,1.94346
1fkb_ligand,4795,2.5027
1fkb_ligand,4796,1.98568
1fkb_ligand,4797,2.61718
1fkb_ligand,4798,1.85662
1fkb_ligand,4799,2.4945
1fkb_ligand,4800,2.05481
1fkb_ligand,4801,2.52065
1fkb_ligand,4802,2.00937
1fkb_ligand,4803,2.58551
1fkb_ligand,4804,1.99466
1fkb_ligand,4805,2.61635
1fkb_ligand,4806,1.9641
1fkb_ligand,4807,2.5086
1fkb_ligand,4808,2.1998
1fkb_ligand,4809,2.35162
1fkb_ligand,4810,2.18609
1fkb_ligand,4811,2.56541
1fkb_ligand,4812,2.02696
1fkb_ligand,4813,2.55491
1fkb_ligand,4814,2.06269
1fkb_ligand,4815,2.43358
1fkb_ligand,4816,2.05824
1fkb_ligand,4817,2.56394
1fkb_ligand,4818,2.04214
1fkb_ligand,4819,2.61329
1fkb_ligand,4820,1.95548
1fkb_ligand,4821,2.42249
1fkb_ligand,4822,2.24098
1fkb_ligand,4823,2.46688
1fkb_ligand,4824,2.11117
1fkb_ligand,4825,2.54021
1fkb_ligand,4826,2.09079
1fkb_ligand,4827,2.53201
1fkb_ligand,4828,2.07574
1fkb_ligand,4829,2.54988
1fkb_ligand,4830,2.02637
1fkb_ligand,4831,2.46305
1fkb_ligand,4832,2.08192
1fkb_ligand,4833,2.53399
1fkb_ligand,4834,2.00381
1fkb_ligand,4835,2.46423
1fkb_ligand,4836,2.02325
1fkb_ligand,4837,2.56784
1fkb_ligand,4838,2.19355
1fkb_ligand,4839,2.37516
1fkb_ligand,4840,2.28482
1fkb_ligand,4841,2.30892
1fkb_ligand,4842,2.29408
1fkb_ligand,4843,2.20741
1fkb_ligand,4844,2.29854
1fkb_ligand,4845,2.37779
1fkb_ligand,4846,2.14197
1fkb_ligand,4847,2.48172
1fkb_ligand,4848,2.15725
1fkb_ligand,4849,2.48646
1fkb_ligand,4850,1.94517
1fkb_ligand,4851,2.58325
1fkb_ligand,4852,2.0299
1fkb_ligand,4853,2.3883
1fkb_ligand,4854,2.2693
1fkb_ligand,4855,2.27113
1fkb_ligand,4856,2.37695
1fkb_ligand,4857,2.19542
1fkb_ligand,4858,2.29999
1fkb_ligand,4859,2.38021
1fkb_ligand,4860,2.14683
1fkb_ligand,4861,2.50806
1fkb_ligand,4862,2.02253
1fkb_ligand,4863,2.40124
1fkb_ligand,4864,2.2088
1fkb_ligand,4865,2.38458
1fkb_ligand,4866,2.10263
1fkb_ligand,4867,2.50746
1fkb_ligand,4868,2.03282
1fkb_ligand,4869,2.42681
1fkb_ligand,4870,2.18783
1fkb_ligand,4871,2.38042
1fkb_ligand,4872,2.30164
1fkb_ligand,4873,2.37741
1fkb_ligand,4874,2.14575
1fkb_ligand,4875,2.4415
1fkb_ligand,4876,2.11301
1fkb_ligand,4877,2.51891
1fkb_ligand,4878,2.03662
1fkb_ligand,4879,2.57144
1fkb_ligand,4880,1.76129
1fkb_ligand,4881,2.40908
1fkb_ligand,4882,2.07925
1fkb_ligand,4883,2.3976
1fkb_ligand,4884,1.95981
1fkb_ligand,4885,2.52609
1fkb_ligand,4886,1.82618
1fkb_ligand,4887,2.53442
1fkb_ligand,4888,1.75998
1fkb_ligand,4889,2.46466
1fkb_ligand,4890,2.14719
1fkb_ligand,4891,2.46114
1fkb_ligand,4892,1.97115
1fkb_ligand,4893,2.55638
1fkb_ligand,4894,1.85108
1fkb_ligand,4895,2.57835
1fkb_ligand,4896,1.92785
1fkb_ligand,4897,2.63271
1fkb_ligand,4898,1.92706
1fkb_ligand,4899,2.6002
1fkb_ligand,4900,1.90097
1fkb_ligand,4901,2.64311
1fkb_ligand,4902,1.93955
1fkb_ligand,4903,2.62219
1fkb_ligand,4904,1.91709
1fkb_ligand,4905,2.60371
1fkb_ligand,4906,2.00239
1fkb_ligand,4907,2.54015
1fkb_ligand,4908,1.93291
1fkb_ligand,4909,2.66916
1fkb_ligand,4910,1.9299
1fkb_ligand,4911,2.52228
1fkb_ligand,4912,2.01738
1fkb_ligand,4913,2.63096
1fkb_ligand,4914,1.85779
1fkb_ligand,4915,2.53039
1fkb_ligand,4916,1.95596
1fkb_ligand,4917,2.61806
1fkb_ligand,4918,2.01061
1fkb_ligand,4919,2.63419
1fkb_ligand,4920,2.15398
1fkb_ligand,4921,2.55627
1fkb_ligand,4922,2.03178
1fkb_ligand,4923,2.58714
1fkb_ligand,4924,2.17584
1fkb_ligand,4925,2.53634
1fkb_ligand,4926,1.98287
1fkb_ligand,4927,2.68305
1fkb_ligand,4928,2.65186
1fkb_ligand,4929,2.00878
1fkb_ligand,4930,2.19377
1fkb_ligand,4931,2.53664
1fkb_ligand,4932,2.06202
1fkb_ligand,4933,2.44451
1fkb_ligand,4934,2.31395
1fkb_ligand,4935,2.41521
1fkb_ligand,4936,2.29404
1fkb_ligand,4937,2.39178
1fkb_ligand,4938,2.14332
1fkb_ligand,4939,2.51884
1fkb_ligand,4940,2.0588
1fkb_ligand,4941,2.51655
1fkb_ligand,4942,2.11227
1fkb_ligand,4943,2.60805
1fkb_ligand,4944,1.82881
1fkb_ligand,4945,2.41401
1fkb_ligand,4946,2.11523
1fkb_ligand,4947,2.51624
1fkb_ligand,4948,1.89052
1fkb_ligand,4949,2.5151
1fkb_ligand,4950,2.09333
1fkb_ligand,4951,2.44771
1fkb_ligand,4952,1.93623
1fkb_ligand,4953,2.48256
1fkb_ligand,4954,2.00377
1fkb_ligand,4955,2.54934
1fkb_ligand,4956,1.85491
1fkb_ligand,4957,2.35781
1fkb_ligand,4958,2.09335
1fkb_ligand,4959,2.51607
1fkb_ligand,4960,1.84945
1fkb_ligand,4961,2.42083
1fkb_ligand,4962,2.05787
1fkb_ligand,4963,2.58202
1fkb_ligand,4964,1.77062
1fkb_ligand,4965,2.33498
1fkb_ligand,4966,2.11468
1fkb_ligand,4967,2.54211
1fkb_ligand,4968,2.01255
1fkb_ligand,4969,2.61146
1fkb_ligand,4970,1.98039
1fkb_ligand,4971,2.54912
1fkb_ligand,4972,2.04572
1fkb_ligand,4973,2.49302
1fkb_ligand,4974,1.96535
1fkb_ligand,4975,2.6314
1fkb_ligand,4976,1.95701
1fkb_ligand,4977,2.62487
1fkb_ligand,4978,1.90155
1fkb_ligand,4979,2.58647
1fkb_ligand,4980,1.92446
1fkb_ligand,4981,2.63126
1fkb_ligand,4982,1.80246
1fkb_ligand,4983,2.47673
1fkb_ligand,4984,2.15887
1fkb_ligand,4985,2.3352
1fkb_ligand,4986,2.15796
1fkb_ligand,4987,2.50999
1fkb_ligand,4988,2.02805
1fkb_ligand,4989,2.52377
1fkb_ligand,4990,1.90709
1fkb_ligand,4991,2.68828
1fkb_ligand,4992,1.92185
1fkb_ligand,4993,2.5202
1fkb_ligand,4994,1.96631
1fkb_ligand,4995,2.64361
1fkb_ligand,4996,1.86479
1fkb_ligand,4997,2.52659
1fkb_ligand,4998,2.14045
1fkb_ligand,4999,2.46825
