name,gen,pop,rate,iter,evals,score,cry_score,rmsd_best_scoring_pose,rot,atoms,rho,epsilon,seed
2yki_ligand,122,100,25,50,164700,-0.549862,-7.595546,21.140902,12,52,0.800000,0.000100,0
2yki_ligand,175,100,25,50,236250,-2.255747,-7.595546,24.945370,12,52,0.800000,0.000100,10
2yki_ligand,232,100,25,50,313200,-1.313614,-7.595546,23.840405,12,52,0.800000,0.000100,11
2yki_ligand,194,100,25,50,261900,-0.091490,-7.595546,23.531548,12,52,0.800000,0.000100,12
2yki_ligand,124,100,25,50,167400,0.891391,-7.595546,24.265333,12,52,0.800000,0.000100,13
2yki_ligand,150,100,25,50,202500,0.838020,-7.595546,22.051037,12,52,0.800000,0.000100,14
2yki_ligand,219,100,25,50,295650,-0.624919,-7.595546,19.292582,12,52,0.800000,0.000100,15
2yki_ligand,164,100,25,50,221400,1.345785,-7.595546,25.394230,12,52,0.800000,0.000100,16
2yki_ligand,160,100,25,50,216000,0.059625,-7.595546,19.574396,12,52,0.800000,0.000100,17
2yki_ligand,156,100,25,50,210600,0.357001,-7.595546,24.534891,12,52,0.800000,0.000100,18
2yki_ligand,144,100,25,50,194400,0.047056,-7.595546,26.077219,12,52,0.800000,0.000100,19
2yki_ligand,286,100,25,50,386100,-0.394219,-7.595546,24.472345,12,52,0.800000,0.000100,1
2yki_ligand,355,100,25,50,479250,0.357672,-7.595546,25.228052,12,52,0.800000,0.000100,2
2yki_ligand,162,100,25,50,218700,0.620127,-7.595546,24.369560,12,52,0.800000,0.000100,3
2yki_ligand,76,100,25,50,102600,-0.815323,-7.595546,25.591646,12,52,0.800000,0.000100,4
2yki_ligand,256,100,25,50,345600,0.024590,-7.595546,25.217390,12,52,0.800000,0.000100,5
2yki_ligand,208,100,25,50,280800,0.345655,-7.595546,15.763635,12,52,0.800000,0.000100,6
2yki_ligand,140,100,25,50,189000,-0.526080,-7.595546,30.947962,12,52,0.800000,0.000100,7
2yki_ligand,278,100,25,50,375300,0.536863,-7.595546,29.873516,12,52,0.800000,0.000100,8
2yki_ligand,176,100,25,50,237600,0.137350,-7.595546,28.258417,12,52,0.800000,0.000100,9
2yki_ligand,218,100,25,50,294300,0.540474,-7.595546,27.847631,12,52,0.800000,0.010000,0
2yki_ligand,123,100,25,50,166050,0.057709,-7.595546,29.352474,12,52,0.800000,0.010000,10
2yki_ligand,132,100,25,50,178200,-0.725115,-7.595546,19.812361,12,52,0.800000,0.010000,11
2yki_ligand,175,100,25,50,236250,-1.432495,-7.595546,24.921741,12,52,0.800000,0.010000,12
2yki_ligand,447,100,25,50,603450,-1.115946,-7.595546,26.988665,12,52,0.800000,0.010000,13
2yki_ligand,160,100,25,50,216000,0.797041,-7.595546,17.830267,12,52,0.800000,0.010000,14
2yki_ligand,164,100,25,50,221400,0.691914,-7.595546,29.336483,12,52,0.800000,0.010000,15
2yki_ligand,265,100,25,50,357750,-0.242379,-7.595546,23.095957,12,52,0.800000,0.010000,16
2yki_ligand,122,100,25,50,164700,1.276554,-7.595546,18.018524,12,52,0.800000,0.010000,17
2yki_ligand,130,100,25,50,175500,0.381793,-7.595546,24.585279,12,52,0.800000,0.010000,18
2yki_ligand,118,100,25,50,159300,-0.616653,-7.595546,26.303116,12,52,0.800000,0.010000,19
2yki_ligand,112,100,25,50,151200,0.490568,-7.595546,26.412727,12,52,0.800000,0.010000,1
2yki_ligand,153,100,25,50,206550,0.771221,-7.595546,20.893904,12,52,0.800000,0.010000,2
2yki_ligand,246,100,25,50,332100,-0.030260,-7.595546,23.812241,12,52,0.800000,0.010000,3
2yki_ligand,186,100,25,50,251100,-1.232137,-7.595546,25.914682,12,52,0.800000,0.010000,4
2yki_ligand,292,100,25,50,394200,1.054384,-7.595546,30.754589,12,52,0.800000,0.010000,5
2yki_ligand,68,100,25,50,91800,-0.400890,-7.595546,25.384462,12,52,0.800000,0.010000,6
2yki_ligand,163,100,25,50,220050,-0.300252,-7.595546,30.438589,12,52,0.800000,0.010000,7
2yki_ligand,265,100,25,50,357750,-0.780995,-7.595546,28.297047,12,52,0.800000,0.010000,8
2yki_ligand,334,100,25,50,450900,-0.775600,-7.595546,31.980661,12,52,0.800000,0.010000,9
2yki_ligand,198,100,25,50,267300,-0.406847,-7.595546,21.534883,12,52,0.900000,0.000100,0
2yki_ligand,258,100,25,50,348300,-0.658224,-7.595546,25.324430,12,52,0.900000,0.000100,10
2yki_ligand,130,100,25,50,175500,0.495752,-7.595546,23.737495,12,52,0.900000,0.000100,11
2yki_ligand,88,100,25,50,118800,-0.278209,-7.595546,22.081148,12,52,0.900000,0.000100,12
2yki_ligand,132,100,25,50,178200,0.893840,-7.595546,24.262381,12,52,0.900000,0.000100,13
2yki_ligand,172,100,25,50,232200,0.878663,-7.595546,22.186686,12,52,0.900000,0.000100,14
2yki_ligand,144,100,25,50,194400,-0.615468,-7.595546,27.663446,12,52,0.900000,0.000100,15
2yki_ligand,79,100,25,50,106650,1.354353,-7.595546,25.497723,12,52,0.900000,0.000100,16
2yki_ligand,300,100,25,50,405000,0.143568,-7.595546,19.580883,12,52,0.900000,0.000100,17
2yki_ligand,130,100,25,50,175500,0.249744,-7.595546,25.980085,12,52,0.900000,0.000100,18
2yki_ligand,258,100,25,50,348300,-0.265648,-7.595546,12.078648,12,52,0.900000,0.000100,19
2yki_ligand,298,100,25,50,402300,-0.077960,-7.595546,24.652958,12,52,0.900000,0.000100,1
2yki_ligand,197,100,25,50,265950,1.405054,-7.595546,26.285219,12,52,0.900000,0.000100,2
2yki_ligand,399,100,25,50,538650,0.702066,-7.595546,24.576048,12,52,0.900000,0.000100,3
2yki_ligand,120,100,25,50,162000,-0.847712,-7.595546,25.586990,12,52,0.900000,0.000100,4
2yki_ligand,88,100,25,50,118800,0.142308,-7.595546,27.259768,12,52,0.900000,0.000100,5
2yki_ligand,158,100,25,50,213300,0.517940,-7.595546,15.695427,12,52,0.900000,0.000100,6
2yki_ligand,128,100,25,50,172800,-0.530891,-7.595546,30.947866,12,52,0.900000,0.000100,7
2yki_ligand,161,100,25,50,217350,1.605161,-7.595546,29.582769,12,52,0.900000,0.000100,8
2yki_ligand,113,100,25,50,152550,-0.063581,-7.595546,28.342182,12,52,0.900000,0.000100,9
2yki_ligand,466,100,25,50,629100,-0.559253,-7.595546,21.427713,12,52,0.900000,0.010000,0
2yki_ligand,153,100,25,50,206550,-1.837456,-7.595546,28.464298,12,52,0.900000,0.010000,10
2yki_ligand,366,100,25,50,494100,-0.716857,-7.595546,19.797619,12,52,0.900000,0.010000,11
2yki_ligand,242,100,25,50,326700,-1.007915,-7.595546,25.928284,12,52,0.900000,0.010000,12
2yki_ligand,161,100,25,50,217350,-0.968983,-7.595546,24.353619,12,52,0.900000,0.010000,13
2yki_ligand,120,100,25,50,162000,-0.707611,-7.595546,21.694386,12,52,0.900000,0.010000,14
2yki_ligand,216,100,25,50,291600,0.699220,-7.595546,27.276587,12,52,0.900000,0.010000,15
2yki_ligand,276,100,25,50,372600,-0.324254,-7.595546,26.530678,12,52,0.900000,0.010000,16
2yki_ligand,174,100,25,50,234900,0.024970,-7.595546,20.678186,12,52,0.900000,0.010000,17
2yki_ligand,127,100,25,50,171450,0.378604,-7.595546,24.591461,12,52,0.900000,0.010000,18
2yki_ligand,100,100,25,50,135000,-2.195982,-7.595546,23.654219,12,52,0.900000,0.010000,19
2yki_ligand,408,100,25,50,550800,-0.156369,-7.595546,25.148867,12,52,0.900000,0.010000,1
2yki_ligand,280,100,25,50,378000,-0.267220,-7.595546,16.988058,12,52,0.900000,0.010000,2
2yki_ligand,184,100,25,50,248400,-0.925896,-7.595546,21.856972,12,52,0.900000,0.010000,3
2yki_ligand,84,100,25,50,113400,-0.894999,-7.595546,25.948978,12,52,0.900000,0.010000,4
2yki_ligand,174,100,25,50,234900,1.653871,-7.595546,29.295855,12,52,0.900000,0.010000,5
2yki_ligand,143,100,25,50,193050,-1.441832,-7.595546,11.311952,12,52,0.900000,0.010000,6
2yki_ligand,140,100,25,50,189000,-0.308283,-7.595546,30.443640,12,52,0.900000,0.010000,7
2yki_ligand,85,100,25,50,114750,0.186420,-7.595546,25.463015,12,52,0.900000,0.010000,8
2yki_ligand,174,100,25,50,234900,0.901496,-7.595546,33.614697,12,52,0.900000,0.010000,9
2yki_ligand,106,100,25,50,143100,-0.688550,-7.595546,21.691820,12,52,0.950000,0.000100,0
2yki_ligand,508,100,25,50,685800,-0.525696,-7.595546,28.423290,12,52,0.950000,0.000100,10
2yki_ligand,122,100,25,50,164700,0.531122,-7.595546,23.739285,12,52,0.950000,0.000100,11
2yki_ligand,122,100,25,50,164700,-0.688345,-7.595546,28.130358,12,52,0.950000,0.000100,12
2yki_ligand,178,100,25,50,240300,0.893955,-7.595546,24.264238,12,52,0.950000,0.000100,13
2yki_ligand,116,100,25,50,156600,1.448639,-7.595546,15.664608,12,52,0.950000,0.000100,14
2yki_ligand,94,100,25,50,126900,0.025321,-7.595546,19.213346,12,52,0.950000,0.000100,15
2yki_ligand,184,100,25,50,248400,-0.313756,-7.595546,20.822088,12,52,0.950000,0.000100,16
2yki_ligand,134,100,25,50,180900,0.377659,-7.595546,21.732344,12,52,0.950000,0.000100,17
2yki_ligand,86,100,25,50,116100,0.366902,-7.595546,24.526365,12,52,0.950000,0.000100,18
2yki_ligand,300,100,25,50,405000,0.209483,-7.595546,14.712775,12,52,0.950000,0.000100,19
2yki_ligand,188,100,25,50,253800,0.322799,-7.595546,25.878082,12,52,0.950000,0.000100,1
2yki_ligand,140,100,25,50,189000,1.482365,-7.595546,28.108467,12,52,0.950000,0.000100,2
2yki_ligand,228,100,25,50,307800,1.156106,-7.595546,24.548569,12,52,0.950000,0.000100,3
2yki_ligand,118,100,25,50,159300,-0.846200,-7.595546,25.587843,12,52,0.950000,0.000100,4
2yki_ligand,205,100,25,50,276750,0.854130,-7.595546,30.642979,12,52,0.950000,0.000100,5
2yki_ligand,185,100,25,50,249750,0.377821,-7.595546,15.715504,12,52,0.950000,0.000100,6
2yki_ligand,166,100,25,50,224100,-0.082992,-7.595546,30.503813,12,52,0.950000,0.000100,7
2yki_ligand,210,100,25,50,283500,0.674545,-7.595546,30.164581,12,52,0.950000,0.000100,8
2yki_ligand,105,100,25,50,141750,0.148271,-7.595546,28.850828,12,52,0.950000,0.000100,9
2yki_ligand,84,100,25,50,113400,-0.551961,-7.595546,21.515593,12,52,0.950000,0.010000,0
2yki_ligand,171,100,25,50,230850,-1.203730,-7.595546,28.424305,12,52,0.950000,0.010000,10
2yki_ligand,81,100,25,50,109350,-1.287446,-7.595546,23.861834,12,52,0.950000,0.010000,11
2yki_ligand,276,100,25,50,372600,-0.998495,-7.595546,25.922667,12,52,0.950000,0.010000,12
2yki_ligand,118,100,25,50,159300,-0.909632,-7.595546,26.896902,12,52,0.950000,0.010000,13
2yki_ligand,260,100,25,50,351000,0.435048,-7.595546,28.442183,12,52,0.950000,0.010000,14
2yki_ligand,126,100,25,50,170100,0.510780,-7.595546,27.413536,12,52,0.950000,0.010000,15
2yki_ligand,263,100,25,50,355050,-1.076661,-7.595546,26.086285,12,52,0.950000,0.010000,16
2yki_ligand,206,100,25,50,278100,-0.017607,-7.595546,18.772297,12,52,0.950000,0.010000,17
2yki_ligand,90,100,25,50,121500,0.377979,-7.595546,24.540443,12,52,0.950000,0.010000,18
2yki_ligand,94,100,25,50,126900,-2.168340,-7.595546,23.661776,12,52,0.950000,0.010000,19
2yki_ligand,184,100,25,50,248400,0.394406,-7.595546,26.540388,12,52,0.950000,0.010000,1
2yki_ligand,264,100,25,50,356400,0.321619,-7.595546,20.284348,12,52,0.950000,0.010000,2
2yki_ligand,106,100,25,50,143100,-0.922222,-7.595546,18.459463,12,52,0.950000,0.010000,3
2yki_ligand,82,100,25,50,110700,-1.119809,-7.595546,25.993944,12,52,0.950000,0.010000,4
2yki_ligand,248,100,25,50,334800,-0.794223,-7.595546,28.454084,12,52,0.950000,0.010000,5
2yki_ligand,52,100,25,50,70200,1.783639,-7.595546,29.591291,12,52,0.950000,0.010000,6
2yki_ligand,172,100,25,50,232200,-1.476519,-7.595546,30.281368,12,52,0.950000,0.010000,7
2yki_ligand,210,100,25,50,283500,0.795783,-7.595546,22.898489,12,52,0.950000,0.010000,8
2yki_ligand,98,100,25,50,132300,0.055026,-7.595546,27.711128,12,52,0.950000,0.010000,9
3ehy_ligand,454,100,25,50,612900,-5.349051,-7.308385,24.726244,6,29,0.800000,0.000100,0
3ehy_ligand,186,100,25,50,251100,-4.015472,-7.308385,21.203964,6,29,0.800000,0.000100,10
3ehy_ligand,166,100,25,50,224100,-3.722334,-7.308385,22.918764,6,29,0.800000,0.000100,11
3ehy_ligand,520,100,25,50,702000,-5.605334,-7.308385,7.676333,6,29,0.800000,0.000100,12
3ehy_ligand,125,100,25,50,168750,-5.506028,-7.308385,19.337904,6,29,0.800000,0.000100,13
3ehy_ligand,206,100,25,50,278100,-3.334554,-7.308385,7.993114,6,29,0.800000,0.000100,14
3ehy_ligand,154,100,25,50,207900,-6.095280,-7.308385,3.043868,6,29,0.800000,0.000100,15
3ehy_ligand,193,100,25,50,260550,-2.197730,-7.308385,21.543612,6,29,0.800000,0.000100,16
3ehy_ligand,367,100,25,50,495450,-6.289904,-7.308385,3.052350,6,29,0.800000,0.000100,17
3ehy_ligand,160,100,25,50,216000,-3.073536,-7.308385,21.784042,6,29,0.800000,0.000100,18
3ehy_ligand,208,100,25,50,280800,-4.653932,-7.308385,10.011508,6,29,0.800000,0.000100,19
3ehy_ligand,52,100,25,50,70200,-6.319346,-7.308385,3.068923,6,29,0.800000,0.000100,1
3ehy_ligand,143,100,25,50,193050,-5.209577,-7.308385,6.320805,6,29,0.800000,0.000100,2
3ehy_ligand,306,100,25,50,413100,138.271606,-7.308385,4.619221,6,29,0.800000,0.000100,3
3ehy_ligand,174,100,25,50,234900,-4.639629,-7.308385,7.130585,6,29,0.800000,0.000100,4
3ehy_ligand,239,100,25,50,322650,56.959637,-7.308385,7.790976,6,29,0.800000,0.000100,5
3ehy_ligand,308,100,25,50,415800,-5.905397,-7.308385,19.922564,6,29,0.800000,0.000100,6
3ehy_ligand,179,100,25,50,241650,-5.058258,-7.308385,21.740005,6,29,0.800000,0.000100,7
3ehy_ligand,162,100,25,50,218700,-4.402669,-7.308385,8.584507,6,29,0.800000,0.000100,8
3ehy_ligand,10,100,25,50,13500,-6.512382,-7.308385,3.134836,6,29,0.800000,0.000100,9
3ehy_ligand,192,100,25,50,259200,-4.951171,-7.308385,24.653612,6,29,0.800000,0.010000,0
3ehy_ligand,154,100,25,50,207900,-5.518746,-7.308385,20.541897,6,29,0.800000,0.010000,10
3ehy_ligand,251,100,25,50,338850,-5.038322,-7.308385,23.359875,6,29,0.800000,0.010000,11
3ehy_ligand,228,100,25,50,307800,-4.200899,-7.308385,12.416282,6,29,0.800000,0.010000,12
3ehy_ligand,300,100,25,50,405000,-4.960913,-7.308385,21.144556,6,29,0.800000,0.010000,13
3ehy_ligand,213,100,25,50,287550,-3.518438,-7.308385,7.796120,6,29,0.800000,0.010000,14
3ehy_ligand,8,100,25,50,10800,-6.689460,-7.308385,6.614388,6,29,0.800000,0.010000,15
3ehy_ligand,14,100,25,50,18900,-6.320678,-7.308385,4.153012,6,29,0.800000,0.010000,16
3ehy_ligand,388,100,25,50,523800,-6.248202,-7.308385,3.025301,6,29,0.800000,0.010000,17
3ehy_ligand,214,100,25,50,288900,-3.007921,-7.308385,21.793877,6,29,0.800000,0.010000,18
3ehy_ligand,167,100,25,50,225450,-4.612956,-7.308385,10.009522,6,29,0.800000,0.010000,19
3ehy_ligand,12,100,25,50,16200,-6.355905,-7.308385,3.238954,6,29,0.800000,0.010000,1
3ehy_ligand,16,100,25,50,21600,-6.369468,-7.308385,6.313025,6,29,0.800000,0.010000,2
3ehy_ligand,156,100,25,50,210600,-5.727413,-7.308385,19.737082,6,29,0.800000,0.010000,3
3ehy_ligand,77,100,25,50,103950,-4.622978,-7.308385,7.173682,6,29,0.800000,0.010000,4
3ehy_ligand,108,100,25,50,145800,-6.483567,-7.308385,2.918713,6,29,0.800000,0.010000,5
3ehy_ligand,154,100,25,50,207900,-4.798578,-7.308385,20.313265,6,29,0.800000,0.010000,6
3ehy_ligand,169,100,25,50,228150,-5.213927,-7.308385,21.699203,6,29,0.800000,0.010000,7
3ehy_ligand,12,100,25,50,16200,-6.490709,-7.308385,7.854292,6,29,0.800000,0.010000,8
3ehy_ligand,4,100,25,50,5400,-6.420838,-7.308385,5.232014,6,29,0.800000,0.010000,9
3ehy_ligand,492,100,25,50,664200,-5.246692,-7.308385,24.249096,6,29,0.900000,0.000100,0
3ehy_ligand,296,100,25,50,399600,-4.209583,-7.308385,21.436865,6,29,0.900000,0.000100,10
3ehy_ligand,350,100,25,50,472500,-3.733091,-7.308385,22.866337,6,29,0.900000,0.000100,11
3ehy_ligand,409,100,25,50,552150,-5.355961,-7.308385,7.677434,6,29,0.900000,0.000100,12
3ehy_ligand,160,100,25,50,216000,-5.646040,-7.308385,19.228498,6,29,0.900000,0.000100,13
3ehy_ligand,164,100,25,50,221400,-5.104350,-7.308385,6.150949,6,29,0.900000,0.000100,14
3ehy_ligand,218,100,25,50,294300,-5.846041,-7.308385,3.741543,6,29,0.900000,0.000100,15
3ehy_ligand,170,100,25,50,229500,-2.243452,-7.308385,21.542665,6,29,0.900000,0.000100,16
3ehy_ligand,193,100,25,50,260550,-6.308671,-7.308385,2.026026,6,29,0.900000,0.000100,17
3ehy_ligand,162,100,25,50,218700,-3.086773,-7.308385,21.788944,6,29,0.900000,0.000100,18
3ehy_ligand,223,100,25,50,301050,-4.769483,-7.308385,10.046685,6,29,0.900000,0.000100,19
3ehy_ligand,24,100,25,50,32400,-6.342102,-7.308385,3.119488,6,29,0.900000,0.000100,1
3ehy_ligand,233,100,25,50,314550,-5.185052,-7.308385,6.284484,6,29,0.900000,0.000100,2
3ehy_ligand,70,100,25,50,94500,-6.349130,-7.308385,4.586718,6,29,0.900000,0.000100,3
3ehy_ligand,282,100,25,50,380700,-4.584475,-7.308385,7.173764,6,29,0.900000,0.000100,4
3ehy_ligand,170,100,25,50,229500,1215.301270,-7.308385,13.377820,6,29,0.900000,0.000100,5
3ehy_ligand,198,100,25,50,267300,-5.876998,-7.308385,19.921034,6,29,0.900000,0.000100,6
3ehy_ligand,394,100,25,50,531900,-5.221917,-7.308385,21.690027,6,29,0.900000,0.000100,7
3ehy_ligand,200,100,25,50,270000,-4.789387,-7.308385,9.174781,6,29,0.900000,0.000100,8
3ehy_ligand,10,100,25,50,13500,-6.511734,-7.308385,3.142238,6,29,0.900000,0.000100,9
3ehy_ligand,298,100,25,50,402300,-5.614801,-7.308385,24.516132,6,29,0.900000,0.010000,0
3ehy_ligand,155,100,25,50,209250,-4.724873,-7.308385,21.191626,6,29,0.900000,0.010000,10
3ehy_ligand,244,100,25,50,329400,-5.155038,-7.308385,23.187168,6,29,0.900000,0.010000,11
3ehy_ligand,271,100,25,50,365850,-3.286867,-7.308385,15.090999,6,29,0.900000,0.010000,12
3ehy_ligand,312,100,25,50,421200,-3.708828,-7.308385,23.429516,6,29,0.900000,0.010000,13
3ehy_ligand,636,100,25,50,858600,-3.595149,-7.308385,7.942324,6,29,0.900000,0.010000,14
3ehy_ligand,14,100,25,50,18900,-6.368537,-7.308385,6.872035,6,29,0.900000,0.010000,15
3ehy_ligand,372,100,25,50,502200,-4.843112,-7.308385,21.673014,6,29,0.900000,0.010000,16
3ehy_ligand,186,100,25,50,251100,-6.234516,-7.308385,2.987278,6,29,0.900000,0.010000,17
3ehy_ligand,132,100,25,50,178200,-3.065325,-7.308385,21.784147,6,29,0.900000,0.010000,18
3ehy_ligand,139,100,25,50,187650,-5.628191,-7.308385,8.171963,6,29,0.900000,0.010000,19
3ehy_ligand,12,100,25,50,16200,-6.355515,-7.308385,3.220649,6,29,0.900000,0.010000,1
3ehy_ligand,262,100,25,50,353700,-6.088036,-7.308385,6.546221,6,29,0.900000,0.010000,2
3ehy_ligand,246,100,25,50,332100,-3.566083,-7.308385,22.481672,6,29,0.900000,0.010000,3
3ehy_ligand,300,100,25,50,405000,-4.878232,-7.308385,7.154146,6,29,0.900000,0.010000,4
3ehy_ligand,440,100,25,50,594000,-4.795840,-7.308385,8.890301,6,29,0.900000,0.010000,5
3ehy_ligand,142,100,25,50,191700,-4.784636,-7.308385,20.418762,6,29,0.900000,0.010000,6
3ehy_ligand,154,100,25,50,207900,-5.189368,-7.308385,21.677244,6,29,0.900000,0.010000,7
3ehy_ligand,158,100,25,50,213300,-4.264660,-7.308385,8.474961,6,29,0.900000,0.010000,8
3ehy_ligand,6,100,25,50,8100,-6.462956,-7.308385,3.078821,6,29,0.900000,0.010000,9
3ehy_ligand,104,100,25,50,140400,-4.911957,-7.308385,24.607239,6,29,0.950000,0.000100,0
3ehy_ligand,224,100,25,50,302400,-4.755013,-7.308385,21.330044,6,29,0.950000,0.000100,10
3ehy_ligand,306,100,25,50,413100,-3.747551,-7.308385,22.862480,6,29,0.950000,0.000100,11
3ehy_ligand,362,100,25,50,488700,-5.414048,-7.308385,7.675863,6,29,0.950000,0.000100,12
3ehy_ligand,192,100,25,50,259200,-5.427362,-7.308385,21.013853,6,29,0.950000,0.000100,13
3ehy_ligand,136,100,25,50,183600,-5.101173,-7.308385,6.154494,6,29,0.950000,0.000100,14
3ehy_ligand,34,100,25,50,45900,-6.759009,-7.308385,2.656037,6,29,0.950000,0.000100,15
3ehy_ligand,220,100,25,50,297000,-2.247323,-7.308385,21.501432,6,29,0.950000,0.000100,16
3ehy_ligand,302,100,25,50,407700,-5.508121,-7.308385,3.135895,6,29,0.950000,0.000100,17
3ehy_ligand,488,100,25,50,658800,-4.372918,-7.308385,20.568415,6,29,0.950000,0.000100,18
3ehy_ligand,109,100,25,50,147150,-4.575219,-7.308385,9.897958,6,29,0.950000,0.000100,19
3ehy_ligand,28,100,25,50,37800,-6.426452,-7.308385,3.186636,6,29,0.950000,0.000100,1
3ehy_ligand,144,100,25,50,194400,-5.177404,-7.308385,6.300973,6,29,0.950000,0.000100,2
3ehy_ligand,100,100,25,50,135000,-6.460479,-7.308385,4.390446,6,29,0.950000,0.000100,3
3ehy_ligand,201,100,25,50,271350,-4.586920,-7.308385,7.169911,6,29,0.950000,0.000100,4
3ehy_ligand,487,100,25,50,657450,91.481987,-7.308385,7.426076,6,29,0.950000,0.000100,5
3ehy_ligand,224,100,25,50,302400,-5.871885,-7.308385,19.922264,6,29,0.950000,0.000100,6
3ehy_ligand,248,100,25,50,334800,-5.208417,-7.308385,21.684330,6,29,0.950000,0.000100,7
3ehy_ligand,284,100,25,50,383400,-4.764141,-7.308385,9.187680,6,29,0.950000,0.000100,8
3ehy_ligand,10,100,25,50,13500,-6.480612,-7.308385,3.106205,6,29,0.950000,0.000100,9
3ehy_ligand,142,100,25,50,191700,-4.955074,-7.308385,24.641270,6,29,0.950000,0.010000,0
3ehy_ligand,222,100,25,50,299700,-4.440806,-7.308385,21.357754,6,29,0.950000,0.010000,10
3ehy_ligand,123,100,25,50,166050,-5.160851,-7.308385,23.234453,6,29,0.950000,0.010000,11
3ehy_ligand,126,100,25,50,170100,-5.040345,-7.308385,14.384362,6,29,0.950000,0.010000,12
3ehy_ligand,125,100,25,50,168750,-3.713117,-7.308385,23.413908,6,29,0.950000,0.010000,13
3ehy_ligand,224,100,25,50,302400,-3.564536,-7.308385,7.830789,6,29,0.950000,0.010000,14
3ehy_ligand,16,100,25,50,21600,-6.313019,-7.308385,7.008545,6,29,0.950000,0.010000,15
3ehy_ligand,144,100,25,50,194400,-3.797206,-7.308385,21.153936,6,29,0.950000,0.010000,16
3ehy_ligand,135,100,25,50,182250,-5.491933,-7.308385,3.163278,6,29,0.950000,0.010000,17
3ehy_ligand,235,100,25,50,317250,-3.068217,-7.308385,21.781633,6,29,0.950000,0.010000,18
3ehy_ligand,116,100,25,50,156600,-6.131282,-7.308385,5.934993,6,29,0.950000,0.010000,19
3ehy_ligand,10,100,25,50,13500,-6.716502,-7.308385,3.195744,6,29,0.950000,0.010000,1
3ehy_ligand,194,100,25,50,261900,-5.805609,-7.308385,6.508739,6,29,0.950000,0.010000,2
3ehy_ligand,422,100,25,50,569700,-5.450398,-7.308385,14.366714,6,29,0.950000,0.010000,3
3ehy_ligand,97,100,25,50,130950,-4.628272,-7.308385,7.172433,6,29,0.950000,0.010000,4
3ehy_ligand,264,100,25,50,356400,-5.824469,-7.308385,8.200509,6,29,0.950000,0.010000,5
3ehy_ligand,302,100,25,50,407700,-4.797338,-7.308385,20.360914,6,29,0.950000,0.010000,6
3ehy_ligand,162,100,25,50,218700,-5.221418,-7.308385,21.680870,6,29,0.950000,0.010000,7
3ehy_ligand,137,100,25,50,184950,-4.276859,-7.308385,8.473566,6,29,0.950000,0.010000,8
3ehy_ligand,6,100,25,50,8100,-6.822711,-7.308385,5.157321,6,29,0.950000,0.010000,9
3gy4_ligand,42,100,25,50,56700,-0.056009,-1.054222,9.735825,2,20,0.800000,0.000100,0
3gy4_ligand,105,100,25,50,141750,0.866057,-1.054222,3.448308,2,20,0.800000,0.000100,10
3gy4_ligand,4,100,25,50,5400,-0.436876,-1.054222,6.897597,2,20,0.800000,0.000100,11
3gy4_ligand,16,100,25,50,21600,-0.398518,-1.054222,2.874939,2,20,0.800000,0.000100,12
3gy4_ligand,4,100,25,50,5400,-1.511165,-1.054222,5.489831,2,20,0.800000,0.000100,13
3gy4_ligand,20,100,25,50,27000,-0.060211,-1.054222,8.672896,2,20,0.800000,0.000100,14
3gy4_ligand,2,100,25,50,2700,-0.479294,-1.054222,5.547336,2,20,0.800000,0.000100,15
3gy4_ligand,4,100,25,50,5400,-0.739073,-1.054222,4.726644,2,20,0.800000,0.000100,16
3gy4_ligand,48,100,25,50,64800,-0.062247,-1.054222,3.962552,2,20,0.800000,0.000100,17
3gy4_ligand,2,100,25,50,2700,-0.690139,-1.054222,5.834415,2,20,0.800000,0.000100,18
3gy4_ligand,6,100,25,50,8100,-1.225055,-1.054222,5.573258,2,20,0.800000,0.000100,19
3gy4_ligand,168,100,25,50,226800,0.077904,-1.054222,3.284454,2,20,0.800000,0.000100,1
3gy4_ligand,14,100,25,50,18900,-0.259882,-1.054222,5.227407,2,20,0.800000,0.000100,2
3gy4_ligand,8,100,25,50,10800,-0.055651,-1.054222,9.149424,2,20,0.800000,0.000100,3
3gy4_ligand,2,100,25,50,2700,-0.370809,-1.054222,6.257843,2,20,0.800000,0.000100,4
3gy4_ligand,6,100,25,50,8100,-0.728101,-1.054222,4.484039,2,20,0.800000,0.000100,5
3gy4_ligand,38,100,25,50,51300,-0.081450,-1.054222,8.127595,2,20,0.800000,0.000100,6
3gy4_ligand,5,100,25,50,6750,-0.096548,-1.054222,6.887689,2,20,0.800000,0.000100,7
3gy4_ligand,15,100,25,50,20250,-0.055878,-1.054222,13.306343,2,20,0.800000,0.000100,8
3gy4_ligand,195,100,25,50,263250,2.131855,-1.054222,5.028527,2,20,0.800000,0.000100,9
3gy4_ligand,19,100,25,50,25650,-0.056334,-1.054222,9.708444,2,20,0.800000,0.010000,0
3gy4_ligand,12,100,25,50,16200,-0.136617,-1.054222,4.257853,2,20,0.800000,0.010000,10
3gy4_ligand,2,100,25,50,2700,-0.220675,-1.054222,6.815328,2,20,0.800000,0.010000,11
3gy4_ligand,4,100,25,50,5400,-1.359301,-1.054222,5.291015,2,20,0.800000,0.010000,12
3gy4_ligand,2,100,25,50,2700,-1.454484,-1.054222,5.506294,2,20,0.800000,0.010000,13
3gy4_ligand,6,100,25,50,8100,-0.083386,-1.054222,10.439425,2,20,0.800000,0.010000,14
3gy4_ligand,2,100,25,50,2700,-0.805217,-1.054222,5.578023,2,20,0.800000,0.010000,15
3gy4_ligand,2,100,25,50,2700,-0.704275,-1.054222,4.745072,2,20,0.800000,0.010000,16
3gy4_ligand,4,100,25,50,5400,-0.203825,-1.054222,4.598310,2,20,0.800000,0.010000,17
3gy4_ligand,2,100,25,50,2700,-1.154060,-1.054222,5.639821,2,20,0.800000,0.010000,18
3gy4_ligand,4,100,25,50,5400,-1.654473,-1.054222,5.398728,2,20,0.800000,0.010000,19
3gy4_ligand,4,100,25,50,5400,-0.261062,-1.054222,11.518299,2,20,0.800000,0.010000,1
3gy4_ligand,6,100,25,50,8100,-0.664779,-1.054222,5.124670,2,20,0.800000,0.010000,2
3gy4_ligand,4,100,25,50,5400,-0.405489,-1.054222,8.998489,2,20,0.800000,0.010000,3
3gy4_ligand,2,100,25,50,2700,-0.562755,-1.054222,6.242240,2,20,0.800000,0.010000,4
3gy4_ligand,3,100,25,50,4050,-0.082741,-1.054222,4.473549,2,20,0.800000,0.010000,5
3gy4_ligand,5,100,25,50,6750,-0.081601,-1.054222,8.173334,2,20,0.800000,0.010000,6
3gy4_ligand,6,100,25,50,8100,-0.610981,-1.054222,6.614719,2,20,0.800000,0.010000,7
3gy4_ligand,4,100,25,50,5400,-0.139049,-1.054222,10.412054,2,20,0.800000,0.010000,8
3gy4_ligand,6,100,25,50,8100,-0.057466,-1.054222,2.104663,2,20,0.800000,0.010000,9
3gy4_ligand,42,100,25,50,56700,-0.054640,-1.054222,9.733461,2,20,0.900000,0.000100,0
3gy4_ligand,14,100,25,50,18900,-0.107020,-1.054222,3.176942,2,20,0.900000,0.000100,10
3gy4_ligand,4,100,25,50,5400,-0.405900,-1.054222,6.878403,2,20,0.900000,0.000100,11
3gy4_ligand,14,100,25,50,18900,-0.289663,-1.054222,3.007056,2,20,0.900000,0.000100,12
3gy4_ligand,4,100,25,50,5400,-0.969419,-1.054222,5.494612,2,20,0.900000,0.000100,13
3gy4_ligand,18,100,25,50,24300,-0.062646,-1.054222,8.150437,2,20,0.900000,0.000100,14
3gy4_ligand,2,100,25,50,2700,-0.431226,-1.054222,5.548976,2,20,0.900000,0.000100,15
3gy4_ligand,4,100,25,50,5400,-0.726810,-1.054222,4.678645,2,20,0.900000,0.000100,16
3gy4_ligand,22,100,25,50,29700,-0.055766,-1.054222,3.871012,2,20,0.900000,0.000100,17
3gy4_ligand,2,100,25,50,2700,-0.527336,-1.054222,5.904892,2,20,0.900000,0.000100,18
3gy4_ligand,5,100,25,50,6750,-0.219925,-1.054222,6.118676,2,20,0.900000,0.000100,19
3gy4_ligand,146,100,25,50,197100,0.094083,-1.054222,3.193242,2,20,0.900000,0.000100,1
3gy4_ligand,16,100,25,50,21600,-0.197729,-1.054222,5.053586,2,20,0.900000,0.000100,2
3gy4_ligand,8,100,25,50,10800,-0.055860,-1.054222,9.132580,2,20,0.900000,0.000100,3
3gy4_ligand,2,100,25,50,2700,-0.370809,-1.054222,6.257843,2,20,0.900000,0.000100,4
3gy4_ligand,8,100,25,50,10800,-0.119052,-1.054222,3.836597,2,20,0.900000,0.000100,5
3gy4_ligand,82,100,25,50,110700,-0.042612,-1.054222,7.765114,2,20,0.900000,0.000100,6
3gy4_ligand,6,100,25,50,8100,-0.275070,-1.054222,6.313777,2,20,0.900000,0.000100,7
3gy4_ligand,202,100,25,50,272700,-0.031143,-1.054222,9.584654,2,20,0.900000,0.000100,8
3gy4_ligand,110,100,25,50,148500,2.137264,-1.054222,5.023379,2,20,0.900000,0.000100,9
3gy4_ligand,14,100,25,50,18900,-0.062256,-1.054222,9.684850,2,20,0.900000,0.010000,0
3gy4_ligand,26,100,25,50,35100,-0.132114,-1.054222,4.507982,2,20,0.900000,0.010000,10
3gy4_ligand,2,100,25,50,2700,-0.177853,-1.054222,7.154994,2,20,0.900000,0.010000,11
3gy4_ligand,4,100,25,50,5400,-1.168045,-1.054222,5.422288,2,20,0.900000,0.010000,12
3gy4_ligand,2,100,25,50,2700,-1.279675,-1.054222,5.541120,2,20,0.900000,0.010000,13
3gy4_ligand,6,100,25,50,8100,-0.134079,-1.054222,9.286114,2,20,0.900000,0.010000,14
3gy4_ligand,2,100,25,50,2700,-0.714845,-1.054222,5.559680,2,20,0.900000,0.010000,15
3gy4_ligand,2,100,25,50,2700,-0.749179,-1.054222,4.651568,2,20,0.900000,0.010000,16
3gy4_ligand,6,100,25,50,8100,-0.161489,-1.054222,4.201041,2,20,0.900000,0.010000,17
3gy4_ligand,2,100,25,50,2700,-0.382022,-1.054222,6.343062,2,20,0.900000,0.010000,18
3gy4_ligand,4,100,25,50,5400,-1.256332,-1.054222,5.438321,2,20,0.900000,0.010000,19
3gy4_ligand,146,100,25,50,197100,0.046377,-1.054222,3.242555,2,20,0.900000,0.010000,1
3gy4_ligand,8,100,25,50,10800,-0.327740,-1.054222,5.089470,2,20,0.900000,0.010000,2
3gy4_ligand,4,100,25,50,5400,-0.490556,-1.054222,8.540276,2,20,0.900000,0.010000,3
3gy4_ligand,2,100,25,50,2700,-0.370809,-1.054222,6.257843,2,20,0.900000,0.010000,4
3gy4_ligand,4,100,25,50,5400,-1.396488,-1.054222,4.597169,2,20,0.900000,0.010000,5
3gy4_ligand,6,100,25,50,8100,-0.089667,-1.054222,8.250010,2,20,0.900000,0.010000,6
3gy4_ligand,106,100,25,50,143100,-0.185150,-1.054222,2.467161,2,20,0.900000,0.010000,7
3gy4_ligand,6,100,25,50,8100,-0.186526,-1.054222,10.454670,2,20,0.900000,0.010000,8
3gy4_ligand,10,100,25,50,13500,-0.109945,-1.054222,2.088393,2,20,0.900000,0.010000,9
3gy4_ligand,120,100,25,50,162000,0.020142,-1.054222,9.799622,2,20,0.950000,0.000100,0
3gy4_ligand,14,100,25,50,18900,-0.164241,-1.054222,3.104419,2,20,0.950000,0.000100,10
3gy4_ligand,4,100,25,50,5400,-0.392919,-1.054222,6.893845,2,20,0.950000,0.000100,11
3gy4_ligand,346,100,25,50,467100,1.749506,-1.054222,3.414998,2,20,0.950000,0.000100,12
3gy4_ligand,4,100,25,50,5400,-1.145883,-1.054222,5.497123,2,20,0.950000,0.000100,13
3gy4_ligand,82,100,25,50,110700,0.173652,-1.054222,8.531645,2,20,0.950000,0.000100,14
3gy4_ligand,2,100,25,50,2700,-0.439642,-1.054222,5.549513,2,20,0.950000,0.000100,15
3gy4_ligand,4,100,25,50,5400,-0.737710,-1.054222,4.679209,2,20,0.950000,0.000100,16
3gy4_ligand,10,100,25,50,13500,-0.236062,-1.054222,4.592143,2,20,0.950000,0.000100,17
3gy4_ligand,2,100,25,50,2700,-0.558366,-1.054222,5.892828,2,20,0.950000,0.000100,18
3gy4_ligand,5,100,25,50,6750,-0.234620,-1.054222,6.133920,2,20,0.950000,0.000100,19
3gy4_ligand,118,100,25,50,159300,0.117285,-1.054222,3.295571,2,20,0.950000,0.000100,1
3gy4_ligand,36,100,25,50,48600,-0.079402,-1.054222,5.094450,2,20,0.950000,0.000100,2
3gy4_ligand,7,100,25,50,9450,-0.055956,-1.054222,9.161850,2,20,0.950000,0.000100,3
3gy4_ligand,2,100,25,50,2700,-0.370809,-1.054222,6.257843,2,20,0.950000,0.000100,4
3gy4_ligand,8,100,25,50,10800,-0.163647,-1.054222,3.839376,2,20,0.950000,0.000100,5
3gy4_ligand,95,100,25,50,128250,-0.042743,-1.054222,7.768355,2,20,0.950000,0.000100,6
3gy4_ligand,6,100,25,50,8100,-0.196080,-1.054222,6.271481,2,20,0.950000,0.000100,7
3gy4_ligand,16,100,25,50,21600,-0.181802,-1.054222,13.358458,2,20,0.950000,0.000100,8
3gy4_ligand,77,100,25,50,103950,2.138046,-1.054222,5.036699,2,20,0.950000,0.000100,9
3gy4_ligand,6,100,25,50,8100,-0.200097,-1.054222,22.255541,2,20,0.950000,0.010000,0
3gy4_ligand,14,100,25,50,18900,-0.717223,-1.054222,2.304946,2,20,0.950000,0.010000,10
3gy4_ligand,2,100,25,50,2700,-0.234354,-1.054222,7.106104,2,20,0.950000,0.010000,11
3gy4_ligand,4,100,25,50,5400,-1.102730,-1.054222,5.405711,2,20,0.950000,0.010000,12
3gy4_ligand,2,100,25,50,2700,-1.225389,-1.054222,5.545782,2,20,0.950000,0.010000,13
3gy4_ligand,7,100,25,50,9450,-0.081526,-1.054222,10.305621,2,20,0.950000,0.010000,14
3gy4_ligand,2,100,25,50,2700,-0.241226,-1.054222,5.537245,2,20,0.950000,0.010000,15
3gy4_ligand,2,100,25,50,2700,-0.735821,-1.054222,4.608620,2,20,0.950000,0.010000,16
3gy4_ligand,6,100,25,50,8100,-0.174338,-1.054222,4.618351,2,20,0.950000,0.010000,17
3gy4_ligand,2,100,25,50,2700,-0.348841,-1.054222,6.412746,2,20,0.950000,0.010000,18
3gy4_ligand,4,100,25,50,5400,-2.004762,-1.054222,5.410102,2,20,0.950000,0.010000,19
3gy4_ligand,6,100,25,50,8100,-0.447719,-1.054222,10.494649,2,20,0.950000,0.010000,1
3gy4_ligand,7,100,25,50,9450,-0.191682,-1.054222,6.334558,2,20,0.950000,0.010000,2
3gy4_ligand,4,100,25,50,5400,-0.427868,-1.054222,8.618806,2,20,0.950000,0.010000,3
3gy4_ligand,2,100,25,50,2700,-0.370809,-1.054222,6.257843,2,20,0.950000,0.010000,4
3gy4_ligand,4,100,25,50,5400,-1.958869,-1.054222,4.583643,2,20,0.950000,0.010000,5
3gy4_ligand,4,100,25,50,5400,-0.054950,-1.054222,8.232059,2,20,0.950000,0.010000,6
3gy4_ligand,201,100,25,50,271350,0.738720,-1.054222,45.983200,2,20,0.950000,0.010000,7
3gy4_ligand,6,100,25,50,8100,-0.194275,-1.054222,8.409726,2,20,0.950000,0.010000,8
3gy4_ligand,8,100,25,50,10800,-0.089898,-1.054222,2.110042,2,20,0.950000,0.010000,9
3o9i_ligand,185,100,25,50,249750,4.264779,-4.736212,23.072691,28,81,0.800000,0.000100,0
3o9i_ligand,260,100,25,50,351000,4.660475,-4.736212,19.503473,28,81,0.800000,0.000100,10
3o9i_ligand,332,100,25,50,448200,3.193166,-4.736212,17.342510,28,81,0.800000,0.000100,11
3o9i_ligand,664,100,25,50,896400,2.074753,-4.736212,20.876816,28,81,0.800000,0.000100,12
3o9i_ligand,164,100,25,50,221400,3.583647,-4.736212,19.096725,28,81,0.800000,0.000100,13
3o9i_ligand,290,100,25,50,391500,3.711845,-4.736212,22.590221,28,81,0.800000,0.000100,14
3o9i_ligand,338,100,25,50,456300,0.126355,-4.736212,24.713219,28,81,0.800000,0.000100,15
3o9i_ligand,238,100,25,50,321300,5.551340,-4.736212,25.120340,28,81,0.800000,0.000100,16
3o9i_ligand,328,100,25,50,442800,3.244258,-4.736212,23.607735,28,81,0.800000,0.000100,17
3o9i_ligand,186,100,25,50,251100,3.268922,-4.736212,19.611120,28,81,0.800000,0.000100,18
3o9i_ligand,750,100,25,50,1012500,1.057835,-4.736212,16.090368,28,81,0.800000,0.000100,19
3o9i_ligand,326,100,25,50,440100,2.623433,-4.736212,22.476065,28,81,0.800000,0.000100,1
3o9i_ligand,253,100,25,50,341550,1.607943,-4.736212,17.732895,28,81,0.800000,0.000100,2
3o9i_ligand,208,100,25,50,280800,1.182505,-4.736212,17.267965,28,81,0.800000,0.000100,3
3o9i_ligand,172,100,25,50,232200,2.999919,-4.736212,16.906490,28,81,0.800000,0.000100,4
3o9i_ligand,180,100,25,50,243000,3.345559,-4.736212,20.874868,28,81,0.800000,0.000100,5
3o9i_ligand,198,100,25,50,267300,4.222449,-4.736212,19.234413,28,81,0.800000,0.000100,6
3o9i_ligand,196,100,25,50,264600,4.087310,-4.736212,20.998835,28,81,0.800000,0.000100,7
3o9i_ligand,541,100,25,50,730350,3.643114,-4.736212,15.740773,28,81,0.800000,0.000100,8
3o9i_ligand,238,100,25,50,321300,3.608856,-4.736212,15.658269,28,81,0.800000,0.000100,9
3o9i_ligand,291,100,25,50,392850,2.396060,-4.736212,21.423056,28,81,0.800000,0.010000,0
3o9i_ligand,187,100,25,50,252450,2.177793,-4.736212,15.899492,28,81,0.800000,0.010000,10
3o9i_ligand,513,100,25,50,692550,2.472818,-4.736212,17.181818,28,81,0.800000,0.010000,11
3o9i_ligand,152,100,25,50,205200,2.105954,-4.736212,26.709419,28,81,0.800000,0.010000,12
3o9i_ligand,222,100,25,50,299700,3.739424,-4.736212,30.083796,28,81,0.800000,0.010000,13
3o9i_ligand,340,100,25,50,459000,2.156627,-4.736212,24.515516,28,81,0.800000,0.010000,14
3o9i_ligand,255,100,25,50,344250,2.650839,-4.736212,21.248091,28,81,0.800000,0.010000,15
3o9i_ligand,384,100,25,50,518400,3.183323,-4.736212,17.025970,28,81,0.800000,0.010000,16
3o9i_ligand,372,100,25,50,502200,2.218804,-4.736212,20.843847,28,81,0.800000,0.010000,17
3o9i_ligand,156,100,25,50,210600,1.081557,-4.736212,16.807755,28,81,0.800000,0.010000,18
3o9i_ligand,351,100,25,50,473850,2.953408,-4.736212,17.821659,28,81,0.800000,0.010000,19
3o9i_ligand,169,100,25,50,228150,8.106701,-4.736212,22.791159,28,81,0.800000,0.010000,1
3o9i_ligand,182,100,25,50,245700,4.728474,-4.736212,24.927109,28,81,0.800000,0.010000,2
3o9i_ligand,241,100,25,50,325350,8.546369,-4.736212,25.094305,28,81,0.800000,0.010000,3
3o9i_ligand,172,100,25,50,232200,2.080987,-4.736212,13.287761,28,81,0.800000,0.010000,4
3o9i_ligand,501,100,25,50,676350,0.098576,-4.736212,16.847511,28,81,0.800000,0.010000,5
3o9i_ligand,602,100,25,50,812700,1.953330,-4.736212,21.697380,28,81,0.800000,0.010000,6
3o9i_ligand,270,100,25,50,364500,3.017282,-4.736212,21.399933,28,81,0.800000,0.010000,7
3o9i_ligand,338,100,25,50,456300,3.757401,-4.736212,20.091869,28,81,0.800000,0.010000,8
3o9i_ligand,281,100,25,50,379350,3.061368,-4.736212,16.702993,28,81,0.800000,0.010000,9
3o9i_ligand,380,100,25,50,513000,4.608879,-4.736212,22.735004,28,81,0.900000,0.000100,0
3o9i_ligand,147,100,25,50,198450,4.457782,-4.736212,19.972679,28,81,0.900000,0.000100,10
3o9i_ligand,372,100,25,50,502200,2.197040,-4.736212,19.884430,28,81,0.900000,0.000100,11
3o9i_ligand,544,100,25,50,734400,1.724122,-4.736212,22.594141,28,81,0.900000,0.000100,12
3o9i_ligand,502,100,25,50,677700,4.563465,-4.736212,20.524658,28,81,0.900000,0.000100,13
3o9i_ligand,398,100,25,50,537300,3.473356,-4.736212,21.041456,28,81,0.900000,0.000100,14
3o9i_ligand,200,100,25,50,270000,1.825332,-4.736212,22.314516,28,81,0.900000,0.000100,15
3o9i_ligand,340,100,25,50,459000,5.041643,-4.736212,25.343248,28,81,0.900000,0.000100,16
3o9i_ligand,228,100,25,50,307800,3.236771,-4.736212,19.619747,28,81,0.900000,0.000100,17
3o9i_ligand,351,100,25,50,473850,3.392801,-4.736212,19.517307,28,81,0.900000,0.000100,18
3o9i_ligand,221,100,25,50,298350,2.755595,-4.736212,17.074541,28,81,0.900000,0.000100,19
3o9i_ligand,166,100,25,50,224100,6.859110,-4.736212,28.052563,28,81,0.900000,0.000100,1
3o9i_ligand,350,100,25,50,472500,1.655952,-4.736212,17.717266,28,81,0.900000,0.000100,2
3o9i_ligand,264,100,25,50,356400,8.537416,-4.736212,20.070053,28,81,0.900000,0.000100,3
3o9i_ligand,196,100,25,50,264600,4.283803,-4.736212,16.912542,28,81,0.900000,0.000100,4
3o9i_ligand,494,100,25,50,666900,3.120947,-4.736212,23.057241,28,81,0.900000,0.000100,5
3o9i_ligand,207,100,25,50,279450,4.661798,-4.736212,20.885534,28,81,0.900000,0.000100,6
3o9i_ligand,252,100,25,50,340200,10.804153,-4.736212,22.097557,28,81,0.900000,0.000100,7
3o9i_ligand,166,100,25,50,224100,4.727779,-4.736212,16.292423,28,81,0.900000,0.000100,8
3o9i_ligand,222,100,25,50,299700,3.451567,-4.736212,18.201656,28,81,0.900000,0.000100,9
3o9i_ligand,303,100,25,50,409050,2.942218,-4.736212,21.232498,28,81,0.900000,0.010000,0
3o9i_ligand,226,100,25,50,305100,4.496591,-4.736212,17.351097,28,81,0.900000,0.010000,10
3o9i_ligand,194,100,25,50,261900,0.334796,-4.736212,15.551142,28,81,0.900000,0.010000,11
3o9i_ligand,428,100,25,50,577800,1.427404,-4.736212,22.183062,28,81,0.900000,0.010000,12
3o9i_ligand,332,100,25,50,448200,2.334790,-4.736212,29.893839,28,81,0.900000,0.010000,13
3o9i_ligand,260,100,25,50,351000,3.339896,-4.736212,19.067593,28,81,0.900000,0.010000,14
3o9i_ligand,327,100,25,50,441450,3.715581,-4.736212,26.181118,28,81,0.900000,0.010000,15
3o9i_ligand,358,100,25,50,483300,0.824169,-4.736212,21.081842,28,81,0.900000,0.010000,16
3o9i_ligand,252,100,25,50,340200,1.534179,-4.736212,15.908767,28,81,0.900000,0.010000,17
3o9i_ligand,248,100,25,50,334800,4.258016,-4.736212,20.289394,28,81,0.900000,0.010000,18
3o9i_ligand,381,100,25,50,514350,3.222177,-4.736212,17.380068,28,81,0.900000,0.010000,19
3o9i_ligand,276,100,25,50,372600,3.698672,-4.736212,21.593462,28,81,0.900000,0.010000,1
3o9i_ligand,481,100,25,50,649350,3.599307,-4.736212,25.310505,28,81,0.900000,0.010000,2
3o9i_ligand,374,100,25,50,504900,8.411095,-4.736212,25.048513,28,81,0.900000,0.010000,3
3o9i_ligand,240,100,25,50,324000,4.001789,-4.736212,19.939329,28,81,0.900000,0.010000,4
3o9i_ligand,410,100,25,50,553500,3.249653,-4.736212,22.831795,28,81,0.900000,0.010000,5
3o9i_ligand,283,100,25,50,382050,3.588482,-4.736212,19.981518,28,81,0.900000,0.010000,6
3o9i_ligand,234,100,25,50,315900,3.578363,-4.736212,18.054985,28,81,0.900000,0.010000,7
3o9i_ligand,398,100,25,50,537300,-0.427223,-4.736212,26.322449,28,81,0.900000,0.010000,8
3o9i_ligand,156,100,25,50,210600,2.223584,-4.736212,19.330004,28,81,0.900000,0.010000,9
3o9i_ligand,185,100,25,50,249750,5.112935,-4.736212,23.614923,28,81,0.950000,0.000100,0
3o9i_ligand,294,100,25,50,396900,4.644897,-4.736212,20.913267,28,81,0.950000,0.000100,10
3o9i_ligand,406,100,25,50,548100,3.210083,-4.736212,17.081579,28,81,0.950000,0.000100,11
3o9i_ligand,468,100,25,50,631800,1.019118,-4.736212,16.220432,28,81,0.950000,0.000100,12
3o9i_ligand,272,100,25,50,367200,2.844781,-4.736212,20.426592,28,81,0.950000,0.000100,13
3o9i_ligand,318,100,25,50,429300,4.336662,-4.736212,21.795431,28,81,0.950000,0.000100,14
3o9i_ligand,365,100,25,50,492750,2.802382,-4.736212,21.632889,28,81,0.950000,0.000100,15
3o9i_ligand,216,100,25,50,291600,5.833934,-4.736212,20.435053,28,81,0.950000,0.000100,16
3o9i_ligand,501,100,25,50,676350,3.666952,-4.736212,25.781845,28,81,0.950000,0.000100,17
3o9i_ligand,188,100,25,50,253800,3.313912,-4.736212,19.433262,28,81,0.950000,0.000100,18
3o9i_ligand,216,100,25,50,291600,4.740845,-4.736212,15.750613,28,81,0.950000,0.000100,19
3o9i_ligand,310,100,25,50,418500,3.400433,-4.736212,23.667826,28,81,0.950000,0.000100,1
3o9i_ligand,526,100,25,50,710100,2.631149,-4.736212,17.366074,28,81,0.950000,0.000100,2
3o9i_ligand,196,100,25,50,264600,7.166621,-4.736212,19.830359,28,81,0.950000,0.000100,3
3o9i_ligand,550,100,25,50,742500,2.877259,-4.736212,27.586571,28,81,0.950000,0.000100,4
3o9i_ligand,368,100,25,50,496800,3.666850,-4.736212,24.371813,28,81,0.950000,0.000100,5
3o9i_ligand,410,100,25,50,553500,3.705443,-4.736212,14.829741,28,81,0.950000,0.000100,6
3o9i_ligand,368,100,25,50,496800,1.565669,-4.736212,24.414362,28,81,0.950000,0.000100,7
3o9i_ligand,319,100,25,50,430650,4.266064,-4.736212,28.946077,28,81,0.950000,0.000100,8
3o9i_ligand,372,100,25,50,502200,1.906970,-4.736212,17.060789,28,81,0.950000,0.000100,9
3o9i_ligand,384,100,25,50,518400,0.874449,-4.736212,20.373466,28,81,0.950000,0.010000,0
3o9i_ligand,280,100,25,50,378000,4.836118,-4.736212,31.189911,28,81,0.950000,0.010000,10
3o9i_ligand,290,100,25,50,391500,2.247442,-4.736212,19.597013,28,81,0.950000,0.010000,11
3o9i_ligand,138,100,25,50,186300,2.412343,-4.736212,16.858492,28,81,0.950000,0.010000,12
3o9i_ligand,452,100,25,50,610200,3.379647,-4.736212,16.055075,28,81,0.950000,0.010000,13
3o9i_ligand,377,100,25,50,508950,1.386684,-4.736212,20.343689,28,81,0.950000,0.010000,14
3o9i_ligand,218,100,25,50,294300,1.168970,-4.736212,16.552521,28,81,0.950000,0.010000,15
3o9i_ligand,226,100,25,50,305100,3.633404,-4.736212,20.054533,28,81,0.950000,0.010000,16
3o9i_ligand,113,100,25,50,152550,2.993717,-4.736212,18.355896,28,81,0.950000,0.010000,17
3o9i_ligand,220,100,25,50,297000,3.302763,-4.736212,18.451929,28,81,0.950000,0.010000,18
3o9i_ligand,210,100,25,50,283500,2.969728,-4.736212,17.496223,28,81,0.950000,0.010000,19
3o9i_ligand,348,100,25,50,469800,4.290372,-4.736212,22.176331,28,81,0.950000,0.010000,1
3o9i_ligand,310,100,25,50,418500,3.448105,-4.736212,25.125547,28,81,0.950000,0.010000,2
3o9i_ligand,447,100,25,50,603450,8.420454,-4.736212,24.862617,28,81,0.950000,0.010000,3
3o9i_ligand,190,100,25,50,256500,3.720762,-4.736212,27.873316,28,81,0.950000,0.010000,4
3o9i_ligand,232,100,25,50,313200,4.099007,-4.736212,19.972830,28,81,0.950000,0.010000,5
3o9i_ligand,661,100,25,50,892350,3.796697,-4.736212,17.130306,28,81,0.950000,0.010000,6
3o9i_ligand,383,100,25,50,517050,3.261627,-4.736212,16.430454,28,81,0.950000,0.010000,7
3o9i_ligand,236,100,25,50,318600,3.019944,-4.736212,16.555672,28,81,0.950000,0.010000,8
3o9i_ligand,206,100,25,50,278100,2.997946,-4.736212,18.967728,28,81,0.950000,0.010000,9
3oe5_ligand,495,100,25,50,668250,-1.249094,-3.509636,8.928772,16,50,0.800000,0.000100,0
3oe5_ligand,205,100,25,50,276750,-2.481441,-3.509636,20.412497,16,50,0.800000,0.000100,10
3oe5_ligand,68,100,25,50,91800,-2.545384,-3.509636,10.592248,16,50,0.800000,0.000100,11
3oe5_ligand,134,100,25,50,180900,-2.623631,-3.509636,18.827768,16,50,0.800000,0.000100,12
3oe5_ligand,406,100,25,50,548100,-0.744563,-3.509636,18.616152,16,50,0.800000,0.000100,13
3oe5_ligand,234,100,25,50,315900,-0.880062,-3.509636,18.073372,16,50,0.800000,0.000100,14
3oe5_ligand,194,100,25,50,261900,-2.539971,-3.509636,9.494753,16,50,0.800000,0.000100,15
3oe5_ligand,18,100,25,50,24300,-2.556662,-3.509636,9.551998,16,50,0.800000,0.000100,16
3oe5_ligand,150,100,25,50,202500,-2.240106,-3.509636,16.000732,16,50,0.800000,0.000100,17
3oe5_ligand,46,100,25,50,62100,-3.110254,-3.509636,15.269239,16,50,0.800000,0.000100,18
3oe5_ligand,151,100,25,50,203850,-2.511354,-3.509636,19.421665,16,50,0.800000,0.000100,19
3oe5_ligand,200,100,25,50,270000,-1.709815,-3.509636,14.609235,16,50,0.800000,0.000100,1
3oe5_ligand,22,100,25,50,29700,-2.587678,-3.509636,13.958478,16,50,0.800000,0.000100,2
3oe5_ligand,34,100,25,50,45900,-2.509645,-3.509636,10.453060,16,50,0.800000,0.000100,3
3oe5_ligand,486,100,25,50,656100,-2.454573,-3.509636,15.971764,16,50,0.800000,0.000100,4
3oe5_ligand,166,100,25,50,224100,-1.863054,-3.509636,10.703546,16,50,0.800000,0.000100,5
3oe5_ligand,65,100,25,50,87750,-2.599799,-3.509636,26.367516,16,50,0.800000,0.000100,6
3oe5_ligand,129,100,25,50,174150,-0.789135,-3.509636,18.550104,16,50,0.800000,0.000100,7
3oe5_ligand,140,100,25,50,189000,-2.597378,-3.509636,21.904766,16,50,0.800000,0.000100,8
3oe5_ligand,234,100,25,50,315900,-2.514656,-3.509636,19.431402,16,50,0.800000,0.000100,9
3oe5_ligand,32,100,25,50,43200,-2.518390,-3.509636,8.694964,16,50,0.800000,0.010000,0
3oe5_ligand,195,100,25,50,263250,-2.456839,-3.509636,20.422413,16,50,0.800000,0.010000,10
3oe5_ligand,22,100,25,50,29700,-2.519159,-3.509636,19.723635,16,50,0.800000,0.010000,11
3oe5_ligand,216,100,25,50,291600,-3.088625,-3.509636,19.665758,16,50,0.800000,0.010000,12
3oe5_ligand,177,100,25,50,238950,-0.804125,-3.509636,18.270384,16,50,0.800000,0.010000,13
3oe5_ligand,29,100,25,50,39150,-2.518675,-3.509636,12.459907,16,50,0.800000,0.010000,14
3oe5_ligand,12,100,25,50,16200,-2.515253,-3.509636,13.219943,16,50,0.800000,0.010000,15
3oe5_ligand,284,100,25,50,383400,-2.307610,-3.509636,19.919170,16,50,0.800000,0.010000,16
3oe5_ligand,4,100,25,50,5400,-2.668195,-3.509636,20.304274,16,50,0.800000,0.010000,17
3oe5_ligand,18,100,25,50,24300,-2.854013,-3.509636,17.110285,16,50,0.800000,0.010000,18
3oe5_ligand,18,100,25,50,24300,-2.517037,-3.509636,20.929792,16,50,0.800000,0.010000,19
3oe5_ligand,124,100,25,50,167400,-2.198961,-3.509636,15.786008,16,50,0.800000,0.010000,1
3oe5_ligand,6,100,25,50,8100,-3.277785,-3.509636,19.934740,16,50,0.800000,0.010000,2
3oe5_ligand,27,100,25,50,36450,-2.529403,-3.509636,19.802689,16,50,0.800000,0.010000,3
3oe5_ligand,28,100,25,50,37800,-2.537594,-3.509636,10.602165,16,50,0.800000,0.010000,4
3oe5_ligand,8,100,25,50,10800,-3.087080,-3.509636,14.878511,16,50,0.800000,0.010000,5
3oe5_ligand,63,100,25,50,85050,-2.514590,-3.509636,26.292349,16,50,0.800000,0.010000,6
3oe5_ligand,16,100,25,50,21600,-2.696175,-3.509636,21.850803,16,50,0.800000,0.010000,7
3oe5_ligand,217,100,25,50,292950,-2.336648,-3.509636,10.355598,16,50,0.800000,0.010000,8
3oe5_ligand,181,100,25,50,244350,-1.981436,-3.509636,20.104259,16,50,0.800000,0.010000,9
3oe5_ligand,332,100,25,50,448200,-1.277671,-3.509636,8.909074,16,50,0.900000,0.000100,0
3oe5_ligand,70,100,25,50,94500,-2.524589,-3.509636,20.697048,16,50,0.900000,0.000100,10
3oe5_ligand,207,100,25,50,279450,-1.277728,-3.509636,12.436923,16,50,0.900000,0.000100,11
3oe5_ligand,140,100,25,50,189000,-2.515497,-3.509636,18.706057,16,50,0.900000,0.000100,12
3oe5_ligand,242,100,25,50,326700,-1.001209,-3.509636,18.413742,16,50,0.900000,0.000100,13
3oe5_ligand,248,100,25,50,334800,-0.877378,-3.509636,7.294885,16,50,0.900000,0.000100,14
3oe5_ligand,152,100,25,50,205200,-0.974044,-3.509636,12.062953,16,50,0.900000,0.000100,15
3oe5_ligand,14,100,25,50,18900,-2.615976,-3.509636,9.435362,16,50,0.900000,0.000100,16
3oe5_ligand,11,100,25,50,14850,-2.509994,-3.509636,17.025190,16,50,0.900000,0.000100,17
3oe5_ligand,20,100,25,50,27000,-2.517028,-3.509636,15.157255,16,50,0.900000,0.000100,18
3oe5_ligand,106,100,25,50,143100,-2.627227,-3.509636,19.182735,16,50,0.900000,0.000100,19
3oe5_ligand,196,100,25,50,264600,-2.213322,-3.509636,15.430743,16,50,0.900000,0.000100,1
3oe5_ligand,25,100,25,50,33750,-2.544162,-3.509636,13.656082,16,50,0.900000,0.000100,2
3oe5_ligand,104,100,25,50,140400,-2.510461,-3.509636,16.679667,16,50,0.900000,0.000100,3
3oe5_ligand,258,100,25,50,348300,-1.614672,-3.509636,20.657497,16,50,0.900000,0.000100,4
3oe5_ligand,77,100,25,50,103950,-2.513409,-3.509636,10.986445,16,50,0.900000,0.000100,5
3oe5_ligand,74,100,25,50,99900,-2.546220,-3.509636,26.335094,16,50,0.900000,0.000100,6
3oe5_ligand,78,100,25,50,105300,-2.509676,-3.509636,21.048077,16,50,0.900000,0.000100,7
3oe5_ligand,139,100,25,50,187650,0.418577,-3.509636,21.865515,16,50,0.900000,0.000100,8
3oe5_ligand,206,100,25,50,278100,-0.944252,-3.509636,29.061819,16,50,0.900000,0.000100,9
3oe5_ligand,15,100,25,50,20250,-2.564431,-3.509636,9.486876,16,50,0.900000,0.010000,0
3oe5_ligand,24,100,25,50,32400,-2.568113,-3.509636,20.813931,16,50,0.900000,0.010000,10
3oe5_ligand,16,100,25,50,21600,-2.566762,-3.509636,19.734846,16,50,0.900000,0.010000,11
3oe5_ligand,38,100,25,50,51300,-2.600929,-3.509636,17.827549,16,50,0.900000,0.010000,12
3oe5_ligand,255,100,25,50,344250,-1.060846,-3.509636,18.309307,16,50,0.900000,0.010000,13
3oe5_ligand,24,100,25,50,32400,-2.990009,-3.509636,8.776912,16,50,0.900000,0.010000,14
3oe5_ligand,13,100,25,50,17550,-2.515177,-3.509636,13.161850,16,50,0.900000,0.010000,15
3oe5_ligand,414,100,25,50,558900,-1.455512,-3.509636,19.056414,16,50,0.900000,0.010000,16
3oe5_ligand,48,100,25,50,64800,-2.657591,-3.509636,16.236256,16,50,0.900000,0.010000,17
3oe5_ligand,310,100,25,50,418500,-1.687559,-3.509636,21.308359,16,50,0.900000,0.010000,18
3oe5_ligand,23,100,25,50,31050,-2.513084,-3.509636,20.707071,16,50,0.900000,0.010000,19
3oe5_ligand,335,100,25,50,452250,-2.284906,-3.509636,16.664730,16,50,0.900000,0.010000,1
3oe5_ligand,4,100,25,50,5400,-2.768588,-3.509636,19.795416,16,50,0.900000,0.010000,2
3oe5_ligand,15,100,25,50,20250,-2.544748,-3.509636,19.824133,16,50,0.900000,0.010000,3
3oe5_ligand,82,100,25,50,110700,-2.519670,-3.509636,11.704643,16,50,0.900000,0.010000,4
3oe5_ligand,28,100,25,50,37800,-2.529909,-3.509636,15.158383,16,50,0.900000,0.010000,5
3oe5_ligand,65,100,25,50,87750,-2.556091,-3.509636,26.347609,16,50,0.900000,0.010000,6
3oe5_ligand,17,100,25,50,22950,-2.511929,-3.509636,21.271292,16,50,0.900000,0.010000,7
3oe5_ligand,183,100,25,50,247050,-1.503586,-3.509636,14.257409,16,50,0.900000,0.010000,8
3oe5_ligand,106,100,25,50,143100,-2.515224,-3.509636,19.485518,16,50,0.900000,0.010000,9
3oe5_ligand,470,100,25,50,634500,-2.458025,-3.509636,9.696254,16,50,0.950000,0.000100,0
3oe5_ligand,196,100,25,50,264600,-2.534666,-3.509636,20.727940,16,50,0.950000,0.000100,10
3oe5_ligand,164,100,25,50,221400,-2.397196,-3.509636,19.276632,16,50,0.950000,0.000100,11
3oe5_ligand,35,100,25,50,47250,-2.553524,-3.509636,18.019321,16,50,0.950000,0.000100,12
3oe5_ligand,179,100,25,50,241650,-0.827122,-3.509636,18.484968,16,50,0.950000,0.000100,13
3oe5_ligand,154,100,25,50,207900,-0.766351,-3.509636,18.254656,16,50,0.950000,0.000100,14
3oe5_ligand,404,100,25,50,545400,-0.183537,-3.509636,15.299910,16,50,0.950000,0.000100,15
3oe5_ligand,44,100,25,50,59400,-2.519635,-3.509636,20.028147,16,50,0.950000,0.000100,16
3oe5_ligand,12,100,25,50,16200,-2.855495,-3.509636,21.009762,16,50,0.950000,0.000100,17
3oe5_ligand,170,100,25,50,229500,-2.207090,-3.509636,20.966942,16,50,0.950000,0.000100,18
3oe5_ligand,70,100,25,50,94500,-2.559150,-3.509636,19.124544,16,50,0.950000,0.000100,19
3oe5_ligand,134,100,25,50,180900,-2.064045,-3.509636,8.363537,16,50,0.950000,0.000100,1
3oe5_ligand,8,100,25,50,10800,-2.627331,-3.509636,19.904404,16,50,0.950000,0.000100,2
3oe5_ligand,17,100,25,50,22950,-2.513330,-3.509636,21.416210,16,50,0.950000,0.000100,3
3oe5_ligand,146,100,25,50,197100,-2.511797,-3.509636,19.929560,16,50,0.950000,0.000100,4
3oe5_ligand,176,100,25,50,237600,-1.031489,-3.509636,14.411368,16,50,0.950000,0.000100,5
3oe5_ligand,59,100,25,50,79650,-2.521894,-3.509636,26.308077,16,50,0.950000,0.000100,6
3oe5_ligand,166,100,25,50,224100,-2.510368,-3.509636,19.000420,16,50,0.950000,0.000100,7
3oe5_ligand,266,100,25,50,359100,-2.638998,-3.509636,12.021620,16,50,0.950000,0.000100,8
3oe5_ligand,279,100,25,50,376650,-0.921756,-3.509636,28.943462,16,50,0.950000,0.000100,9
3oe5_ligand,168,100,25,50,226800,-2.411203,-3.509636,13.635741,16,50,0.950000,0.010000,0
3oe5_ligand,32,100,25,50,43200,-2.545245,-3.509636,21.093561,16,50,0.950000,0.010000,10
3oe5_ligand,43,100,25,50,58050,-2.509969,-3.509636,19.951813,16,50,0.950000,0.010000,11
3oe5_ligand,185,100,25,50,249750,-1.844509,-3.509636,20.115788,16,50,0.950000,0.010000,12
3oe5_ligand,154,100,25,50,207900,-0.780681,-3.509636,18.565361,16,50,0.950000,0.010000,13
3oe5_ligand,303,100,25,50,409050,-1.575462,-3.509636,9.846331,16,50,0.950000,0.010000,14
3oe5_ligand,135,100,25,50,182250,-2.374439,-3.509636,13.684381,16,50,0.950000,0.010000,15
3oe5_ligand,36,100,25,50,48600,-2.557294,-3.509636,20.251614,16,50,0.950000,0.010000,16
3oe5_ligand,2,100,25,50,2700,-2.598573,-3.509636,21.235956,16,50,0.950000,0.010000,17
3oe5_ligand,332,100,25,50,448200,-2.443656,-3.509636,20.440607,16,50,0.950000,0.010000,18
3oe5_ligand,320,100,25,50,432000,-2.362539,-3.509636,20.539621,16,50,0.950000,0.010000,19
3oe5_ligand,18,100,25,50,24300,-2.942828,-3.509636,15.695061,16,50,0.950000,0.010000,1
3oe5_ligand,34,100,25,50,45900,-2.537483,-3.509636,22.439129,16,50,0.950000,0.010000,2
3oe5_ligand,22,100,25,50,29700,-2.515304,-3.509636,19.879930,16,50,0.950000,0.010000,3
3oe5_ligand,146,100,25,50,197100,-1.363264,-3.509636,11.923738,16,50,0.950000,0.010000,4
3oe5_ligand,18,100,25,50,24300,-3.055250,-3.509636,17.735468,16,50,0.950000,0.010000,5
3oe5_ligand,41,100,25,50,55350,-2.510135,-3.509636,26.273766,16,50,0.950000,0.010000,6
3oe5_ligand,254,100,25,50,342900,-0.958327,-3.509636,18.053112,16,50,0.950000,0.010000,7
3oe5_ligand,152,100,25,50,205200,-0.904356,-3.509636,15.475449,16,50,0.950000,0.010000,8
3oe5_ligand,20,100,25,50,27000,-2.596289,-3.509636,18.048470,16,50,0.950000,0.010000,9
3ryj_ligand,54,100,25,50,72900,-2.099783,-3.089948,8.510313,4,27,0.800000,0.000100,0
3ryj_ligand,20,100,25,50,27000,-2.122477,-3.089948,7.994871,4,27,0.800000,0.000100,10
3ryj_ligand,6,100,25,50,8100,-2.106581,-3.089948,9.237396,4,27,0.800000,0.000100,11
3ryj_ligand,4,100,25,50,5400,-2.171809,-3.089948,10.343494,4,27,0.800000,0.000100,12
3ryj_ligand,2,100,25,50,2700,-2.870477,-3.089948,10.816091,4,27,0.800000,0.000100,13
3ryj_ligand,2,100,25,50,2700,-2.222016,-3.089948,7.467379,4,27,0.800000,0.000100,14
3ryj_ligand,2,100,25,50,2700,-2.124099,-3.089948,9.477769,4,27,0.800000,0.000100,15
3ryj_ligand,4,100,25,50,5400,-2.362711,-3.089948,9.809701,4,27,0.800000,0.000100,16
3ryj_ligand,8,100,25,50,10800,-2.377318,-3.089948,8.082488,4,27,0.800000,0.000100,17
3ryj_ligand,6,100,25,50,8100,-2.136021,-3.089948,6.579975,4,27,0.800000,0.000100,18
3ryj_ligand,4,100,25,50,5400,-2.481165,-3.089948,8.973899,4,27,0.800000,0.000100,19
3ryj_ligand,4,100,25,50,5400,-2.863061,-3.089948,9.307025,4,27,0.800000,0.000100,1
3ryj_ligand,6,100,25,50,8100,-2.356622,-3.089948,8.522788,4,27,0.800000,0.000100,2
3ryj_ligand,4,100,25,50,5400,-2.358771,-3.089948,7.539478,4,27,0.800000,0.000100,3
3ryj_ligand,3,100,25,50,4050,-2.225374,-3.089948,9.339000,4,27,0.800000,0.000100,4
3ryj_ligand,2,100,25,50,2700,-2.477919,-3.089948,9.095064,4,27,0.800000,0.000100,5
3ryj_ligand,6,100,25,50,8100,-2.379288,-3.089948,6.038326,4,27,0.800000,0.000100,6
3ryj_ligand,4,100,25,50,5400,-2.185767,-3.089948,2.913448,4,27,0.800000,0.000100,7
3ryj_ligand,6,100,25,50,8100,-2.181195,-3.089948,9.381728,4,27,0.800000,0.000100,8
3ryj_ligand,16,100,25,50,21600,-2.258430,-3.089948,10.018343,4,27,0.800000,0.000100,9
3ryj_ligand,20,100,25,50,27000,-2.106464,-3.089948,8.493708,4,27,0.800000,0.010000,0
3ryj_ligand,4,100,25,50,5400,-2.851912,-3.089948,8.490346,4,27,0.800000,0.010000,10
3ryj_ligand,2,100,25,50,2700,-2.312279,-3.089948,9.239188,4,27,0.800000,0.010000,11
3ryj_ligand,4,100,25,50,5400,-2.255949,-3.089948,9.791794,4,27,0.800000,0.010000,12
3ryj_ligand,2,100,25,50,2700,-3.082043,-3.089948,11.139053,4,27,0.800000,0.010000,13
3ryj_ligand,2,100,25,50,2700,-2.342606,-3.089948,7.443877,4,27,0.800000,0.010000,14
3ryj_ligand,2,100,25,50,2700,-2.453389,-3.089948,9.613901,4,27,0.800000,0.010000,15
3ryj_ligand,4,100,25,50,5400,-2.301924,-3.089948,9.789109,4,27,0.800000,0.010000,16
3ryj_ligand,8,100,25,50,10800,-2.190363,-3.089948,6.887682,4,27,0.800000,0.010000,17
3ryj_ligand,4,100,25,50,5400,-2.354783,-3.089948,6.476970,4,27,0.800000,0.010000,18
3ryj_ligand,2,100,25,50,2700,-2.574268,-3.089948,8.867952,4,27,0.800000,0.010000,19
3ryj_ligand,2,100,25,50,2700,-2.121277,-3.089948,10.564774,4,27,0.800000,0.010000,1
3ryj_ligand,4,100,25,50,5400,-3.117134,-3.089948,8.209080,4,27,0.800000,0.010000,2
3ryj_ligand,2,100,25,50,2700,-2.122023,-3.089948,7.683128,4,27,0.800000,0.010000,3
3ryj_ligand,2,100,25,50,2700,-2.367108,-3.089948,8.959315,4,27,0.800000,0.010000,4
3ryj_ligand,2,100,25,50,2700,-2.562293,-3.089948,9.047917,4,27,0.800000,0.010000,5
3ryj_ligand,4,100,25,50,5400,-2.669864,-3.089948,4.445657,4,27,0.800000,0.010000,6
3ryj_ligand,2,100,25,50,2700,-2.320230,-3.089948,7.665150,4,27,0.800000,0.010000,7
3ryj_ligand,6,100,25,50,8100,-2.297134,-3.089948,7.430720,4,27,0.800000,0.010000,8
3ryj_ligand,2,100,25,50,2700,-2.529527,-3.089948,6.597826,4,27,0.800000,0.010000,9
3ryj_ligand,64,100,25,50,86400,-2.091320,-3.089948,8.360420,4,27,0.900000,0.000100,0
3ryj_ligand,5,100,25,50,6750,-2.290722,-3.089948,8.416504,4,27,0.900000,0.000100,10
3ryj_ligand,6,100,25,50,8100,-2.110612,-3.089948,9.224279,4,27,0.900000,0.000100,11
3ryj_ligand,4,100,25,50,5400,-2.226807,-3.089948,10.354796,4,27,0.900000,0.000100,12
3ryj_ligand,2,100,25,50,2700,-2.848247,-3.089948,10.814132,4,27,0.900000,0.000100,13
3ryj_ligand,2,100,25,50,2700,-2.225409,-3.089948,7.477196,4,27,0.900000,0.000100,14
3ryj_ligand,2,100,25,50,2700,-2.266946,-3.089948,9.807694,4,27,0.900000,0.000100,15
3ryj_ligand,2,100,25,50,2700,-2.114065,-3.089948,9.493031,4,27,0.900000,0.000100,16
3ryj_ligand,8,100,25,50,10800,-2.090892,-3.089948,7.784202,4,27,0.900000,0.000100,17
3ryj_ligand,6,100,25,50,8100,-2.284822,-3.089948,6.519403,4,27,0.900000,0.000100,18
3ryj_ligand,4,100,25,50,5400,-2.483251,-3.089948,8.983190,4,27,0.900000,0.000100,19
3ryj_ligand,4,100,25,50,5400,-2.899954,-3.089948,9.257844,4,27,0.900000,0.000100,1
3ryj_ligand,5,100,25,50,6750,-2.199433,-3.089948,8.520468,4,27,0.900000,0.000100,2
3ryj_ligand,4,100,25,50,5400,-2.386706,-3.089948,7.519282,4,27,0.900000,0.000100,3
3ryj_ligand,3,100,25,50,4050,-2.239821,-3.089948,9.193918,4,27,0.900000,0.000100,4
3ryj_ligand,2,100,25,50,2700,-2.443651,-3.089948,8.820157,4,27,0.900000,0.000100,5
3ryj_ligand,6,100,25,50,8100,-2.378796,-3.089948,5.987598,4,27,0.900000,0.000100,6
3ryj_ligand,4,100,25,50,5400,-2.275078,-3.089948,2.727529,4,27,0.900000,0.000100,7
3ryj_ligand,6,100,25,50,8100,-2.246180,-3.089948,9.389502,4,27,0.900000,0.000100,8
3ryj_ligand,11,100,25,50,14850,-2.119287,-3.089948,8.770741,4,27,0.900000,0.000100,9
3ryj_ligand,8,100,25,50,10800,-2.107693,-3.089948,8.575936,4,27,0.900000,0.010000,0
3ryj_ligand,2,100,25,50,2700,-2.211056,-3.089948,8.494554,4,27,0.900000,0.010000,10
3ryj_ligand,2,100,25,50,2700,-2.202594,-3.089948,9.147628,4,27,0.900000,0.010000,11
3ryj_ligand,8,100,25,50,10800,-3.227772,-3.089948,7.333669,4,27,0.900000,0.010000,12
3ryj_ligand,2,100,25,50,2700,-2.832813,-3.089948,11.029223,4,27,0.900000,0.010000,13
3ryj_ligand,2,100,25,50,2700,-2.599653,-3.089948,7.494015,4,27,0.900000,0.010000,14
3ryj_ligand,4,100,25,50,5400,-2.485718,-3.089948,9.595962,4,27,0.900000,0.010000,15
3ryj_ligand,2,100,25,50,2700,-2.283259,-3.089948,9.689103,4,27,0.900000,0.010000,16
3ryj_ligand,8,100,25,50,10800,-2.333179,-3.089948,10.857780,4,27,0.900000,0.010000,17
3ryj_ligand,4,100,25,50,5400,-2.172049,-3.089948,6.604405,4,27,0.900000,0.010000,18
3ryj_ligand,2,100,25,50,2700,-2.656682,-3.089948,8.572007,4,27,0.900000,0.010000,19
3ryj_ligand,2,100,25,50,2700,-2.105793,-3.089948,10.557171,4,27,0.900000,0.010000,1
3ryj_ligand,4,100,25,50,5400,-2.356589,-3.089948,8.038662,4,27,0.900000,0.010000,2
3ryj_ligand,4,100,25,50,5400,-2.936043,-3.089948,7.373800,4,27,0.900000,0.010000,3
3ryj_ligand,2,100,25,50,2700,-2.264570,-3.089948,9.164538,4,27,0.900000,0.010000,4
3ryj_ligand,2,100,25,50,2700,-2.843431,-3.089948,9.042232,4,27,0.900000,0.010000,5
3ryj_ligand,4,100,25,50,5400,-2.163583,-3.089948,5.503410,4,27,0.900000,0.010000,6
3ryj_ligand,3,100,25,50,4050,-2.575953,-3.089948,2.782299,4,27,0.900000,0.010000,7
3ryj_ligand,4,100,25,50,5400,-2.309416,-3.089948,9.375495,4,27,0.900000,0.010000,8
3ryj_ligand,4,100,25,50,5400,-2.942398,-3.089948,6.720511,4,27,0.900000,0.010000,9
3ryj_ligand,99,100,25,50,133650,-2.080602,-3.089948,8.356193,4,27,0.950000,0.000100,0
3ryj_ligand,6,100,25,50,8100,-2.515303,-3.089948,8.453144,4,27,0.950000,0.000100,10
3ryj_ligand,6,100,25,50,8100,-2.222762,-3.089948,9.199547,4,27,0.950000,0.000100,11
3ryj_ligand,4,100,25,50,5400,-2.208865,-3.089948,10.269081,4,27,0.950000,0.000100,12
3ryj_ligand,2,100,25,50,2700,-2.857262,-3.089948,10.821014,4,27,0.950000,0.000100,13
3ryj_ligand,2,100,25,50,2700,-2.262628,-3.089948,7.486192,4,27,0.950000,0.000100,14
3ryj_ligand,2,100,25,50,2700,-2.260066,-3.089948,9.871559,4,27,0.950000,0.000100,15
3ryj_ligand,2,100,25,50,2700,-2.117502,-3.089948,9.496482,4,27,0.950000,0.000100,16
3ryj_ligand,27,100,25,50,36450,-2.091569,-3.089948,7.750329,4,27,0.950000,0.000100,17
3ryj_ligand,6,100,25,50,8100,-2.130655,-3.089948,6.569125,4,27,0.950000,0.000100,18
3ryj_ligand,3,100,25,50,4050,-2.180315,-3.089948,8.843513,4,27,0.950000,0.000100,19
3ryj_ligand,4,100,25,50,5400,-2.896697,-3.089948,9.235228,4,27,0.950000,0.000100,1
3ryj_ligand,5,100,25,50,6750,-2.226376,-3.089948,8.587678,4,27,0.950000,0.000100,2
3ryj_ligand,4,100,25,50,5400,-2.458820,-3.089948,7.481273,4,27,0.950000,0.000100,3
3ryj_ligand,3,100,25,50,4050,-2.250285,-3.089948,9.241014,4,27,0.950000,0.000100,4
3ryj_ligand,2,100,25,50,2700,-2.452156,-3.089948,8.809456,4,27,0.950000,0.000100,5
3ryj_ligand,7,100,25,50,9450,-2.259773,-3.089948,5.660165,4,27,0.950000,0.000100,6
3ryj_ligand,4,100,25,50,5400,-2.229846,-3.089948,2.884806,4,27,0.950000,0.000100,7
3ryj_ligand,6,100,25,50,8100,-2.422389,-3.089948,8.954256,4,27,0.950000,0.000100,8
3ryj_ligand,12,100,25,50,16200,-2.123465,-3.089948,8.331815,4,27,0.950000,0.000100,9
3ryj_ligand,16,100,25,50,21600,-2.090575,-3.089948,8.369901,4,27,0.950000,0.010000,0
3ryj_ligand,4,100,25,50,5400,-2.486207,-3.089948,8.403385,4,27,0.950000,0.010000,10
3ryj_ligand,2,100,25,50,2700,-2.303139,-3.089948,9.205621,4,27,0.950000,0.010000,11
3ryj_ligand,4,100,25,50,5400,-2.160206,-3.089948,8.869920,4,27,0.950000,0.010000,12
3ryj_ligand,2,100,25,50,2700,-3.199203,-3.089948,11.022985,4,27,0.950000,0.010000,13
3ryj_ligand,2,100,25,50,2700,-2.571427,-3.089948,7.475936,4,27,0.950000,0.010000,14
3ryj_ligand,2,100,25,50,2700,-2.289661,-3.089948,9.571632,4,27,0.950000,0.010000,15
3ryj_ligand,4,100,25,50,5400,-2.362790,-3.089948,9.800435,4,27,0.950000,0.010000,16
3ryj_ligand,4,100,25,50,5400,-2.120149,-3.089948,9.338012,4,27,0.950000,0.010000,17
3ryj_ligand,4,100,25,50,5400,-2.131320,-3.089948,6.576638,4,27,0.950000,0.010000,18
3ryj_ligand,2,100,25,50,2700,-2.816562,-3.089948,8.801775,4,27,0.950000,0.010000,19
3ryj_ligand,3,100,25,50,4050,-2.146749,-3.089948,10.824837,4,27,0.950000,0.010000,1
3ryj_ligand,4,100,25,50,5400,-2.255720,-3.089948,8.606458,4,27,0.950000,0.010000,2
3ryj_ligand,4,100,25,50,5400,-2.916684,-3.089948,7.353348,4,27,0.950000,0.010000,3
3ryj_ligand,2,100,25,50,2700,-2.539099,-3.089948,10.847669,4,27,0.950000,0.010000,4
3ryj_ligand,2,100,25,50,2700,-2.637191,-3.089948,8.749860,4,27,0.950000,0.010000,5
3ryj_ligand,4,100,25,50,5400,-2.184873,-3.089948,5.750578,4,27,0.950000,0.010000,6
3ryj_ligand,2,100,25,50,2700,-2.093129,-3.089948,3.028086,4,27,0.950000,0.010000,7
3ryj_ligand,6,100,25,50,8100,-2.161973,-3.089948,7.551243,4,27,0.950000,0.010000,8
3ryj_ligand,4,100,25,50,5400,-2.801719,-3.089948,6.620996,4,27,0.950000,0.010000,9
3uri_ligand,200,100,25,50,270000,-0.204608,-4.646878,33.788681,44,130,0.800000,0.000100,0
3uri_ligand,276,100,25,50,372600,4.808395,-4.646878,26.959328,44,130,0.800000,0.000100,10
3uri_ligand,134,100,25,50,180900,0.539568,-4.646878,31.156490,44,130,0.800000,0.000100,11
3uri_ligand,246,100,25,50,332100,0.809904,-4.646878,28.192726,44,130,0.800000,0.000100,12
3uri_ligand,313,100,25,50,422550,1.997340,-4.646878,42.178036,44,130,0.800000,0.000100,13
3uri_ligand,295,100,25,50,398250,1.436793,-4.646878,21.237755,44,130,0.800000,0.000100,14
3uri_ligand,366,100,25,50,494100,0.955516,-4.646878,27.043880,44,130,0.800000,0.000100,15
3uri_ligand,485,100,25,50,654750,1.651950,-4.646878,37.884663,44,130,0.800000,0.000100,16
3uri_ligand,342,100,25,50,461700,0.097454,-4.646878,39.225475,44,130,0.800000,0.000100,17
3uri_ligand,308,100,25,50,415800,0.584202,-4.646878,17.558910,44,130,0.800000,0.000100,18
3uri_ligand,150,100,25,50,202500,1.762748,-4.646878,30.536676,44,130,0.800000,0.000100,19
3uri_ligand,344,100,25,50,464400,3.001688,-4.646878,34.112541,44,130,0.800000,0.000100,1
3uri_ligand,346,100,25,50,467100,2.049752,-4.646878,35.004276,44,130,0.800000,0.000100,2
3uri_ligand,180,100,25,50,243000,1.783012,-4.646878,22.018147,44,130,0.800000,0.000100,3
3uri_ligand,219,100,25,50,295650,-0.651344,-4.646878,28.900261,44,130,0.800000,0.000100,4
3uri_ligand,367,100,25,50,495450,1.412267,-4.646878,33.519936,44,130,0.800000,0.000100,5
3uri_ligand,360,100,25,50,486000,1.646785,-4.646878,20.642286,44,130,0.800000,0.000100,6
3uri_ligand,546,100,25,50,737100,2.211432,-4.646878,20.366795,44,130,0.800000,0.000100,7
3uri_ligand,214,100,25,50,288900,0.624438,-4.646878,36.437782,44,130,0.800000,0.000100,8
3uri_ligand,432,100,25,50,583200,2.706004,-4.646878,27.818844,44,130,0.800000,0.000100,9
3uri_ligand,472,100,25,50,637200,0.278671,-4.646878,27.893810,44,130,0.800000,0.010000,0
3uri_ligand,224,100,25,50,302400,-2.022781,-4.646878,30.145712,44,130,0.800000,0.010000,10
3uri_ligand,217,100,25,50,292950,1.182342,-4.646878,27.821251,44,130,0.800000,0.010000,11
3uri_ligand,144,100,25,50,194400,0.701741,-4.646878,26.122375,44,130,0.800000,0.010000,12
3uri_ligand,244,100,25,50,329400,1.217458,-4.646878,38.346375,44,130,0.800000,0.010000,14
3uri_ligand,490,100,25,50,661500,-2.647140,-4.646878,37.052940,44,130,0.800000,0.010000,15
3uri_ligand,505,100,25,50,681750,-1.760802,-4.646878,27.801165,44,130,0.800000,0.010000,16
3uri_ligand,100,100,25,50,135000,-2.621557,-4.646878,37.279903,44,130,0.800000,0.010000,17
3uri_ligand,272,100,25,50,367200,0.311080,-4.646878,28.156857,44,130,0.800000,0.010000,18
3uri_ligand,220,100,25,50,297000,0.749652,-4.646878,28.130505,44,130,0.800000,0.010000,19
3uri_ligand,148,100,25,50,199800,0.755181,-4.646878,22.470667,44,130,0.800000,0.010000,1
3uri_ligand,166,100,25,50,224100,-0.381838,-4.646878,30.400229,44,130,0.800000,0.010000,2
3uri_ligand,750,100,25,50,1012500,0.984763,-4.646878,28.164461,44,130,0.800000,0.010000,3
3uri_ligand,260,100,25,50,351000,-2.508063,-4.646878,29.837196,44,130,0.800000,0.010000,4
3uri_ligand,184,100,25,50,248400,2.501209,-4.646878,23.856279,44,130,0.800000,0.010000,5
3uri_ligand,413,100,25,50,557550,1.142788,-4.646878,23.897938,44,130,0.800000,0.010000,6
3uri_ligand,248,100,25,50,334800,0.588048,-4.646878,19.470373,44,130,0.800000,0.010000,7
3uri_ligand,280,100,25,50,378000,-0.547860,-4.646878,43.488575,44,130,0.800000,0.010000,8
3uri_ligand,120,100,25,50,162000,-0.996796,-4.646878,30.944038,44,130,0.800000,0.010000,9
3uri_ligand,362,100,25,50,488700,-2.177855,-4.646878,30.101456,44,130,0.900000,0.000100,0
3uri_ligand,595,100,25,50,803250,3.050969,-4.646878,28.618601,44,130,0.900000,0.000100,10
3uri_ligand,433,100,25,50,584550,1.700914,-4.646878,28.725931,44,130,0.900000,0.000100,11
3uri_ligand,602,100,25,50,812700,0.569675,-4.646878,19.111252,44,130,0.900000,0.000100,12
3uri_ligand,750,100,25,50,1012500,2.710900,-4.646878,33.219299,44,130,0.900000,0.000100,13
3uri_ligand,262,100,25,50,353700,0.864859,-4.646878,27.373915,44,130,0.900000,0.000100,14
3uri_ligand,212,100,25,50,286200,-0.314606,-4.646878,21.976646,44,130,0.900000,0.000100,15
3uri_ligand,240,100,25,50,324000,1.412395,-4.646878,39.912518,44,130,0.900000,0.000100,16
3uri_ligand,750,100,25,50,1012500,0.827993,-4.646878,44.021824,44,130,0.900000,0.000100,17
3uri_ligand,304,100,25,50,410400,1.298237,-4.646878,25.537407,44,130,0.900000,0.000100,18
3uri_ligand,501,100,25,50,676350,0.960297,-4.646878,30.885742,44,130,0.900000,0.000100,19
3uri_ligand,262,100,25,50,353700,2.171938,-4.646878,18.652451,44,130,0.900000,0.000100,1
3uri_ligand,202,100,25,50,272700,0.840768,-4.646878,35.469238,44,130,0.900000,0.000100,2
3uri_ligand,278,100,25,50,375300,4.749019,-4.646878,28.526768,44,130,0.900000,0.000100,3
3uri_ligand,330,100,25,50,445500,1.619658,-4.646878,24.170925,44,130,0.900000,0.000100,4
3uri_ligand,332,100,25,50,448200,0.719395,-4.646878,27.983559,44,130,0.900000,0.000100,5
3uri_ligand,404,100,25,50,545400,2.631334,-4.646878,30.863749,44,130,0.900000,0.000100,6
3uri_ligand,450,100,25,50,607500,2.268619,-4.646878,19.017769,44,130,0.900000,0.000100,7
3uri_ligand,184,100,25,50,248400,0.405725,-4.646878,30.624317,44,130,0.900000,0.000100,8
3uri_ligand,379,100,25,50,511650,4.561440,-4.646878,25.878126,44,130,0.900000,0.000100,9
3uri_ligand,178,100,25,50,240300,1.075345,-4.646878,29.161032,44,130,0.900000,0.010000,0
3uri_ligand,418,100,25,50,564300,-2.822419,-4.646878,29.627073,44,130,0.900000,0.010000,10
3uri_ligand,319,100,25,50,430650,-0.127752,-4.646878,24.498985,44,130,0.900000,0.010000,11
3uri_ligand,210,100,25,50,283500,1.560658,-4.646878,26.387043,44,130,0.900000,0.010000,12
3uri_ligand,240,100,25,50,324000,2.717338,-4.646878,30.373589,44,130,0.900000,0.010000,13
3uri_ligand,130,100,25,50,175500,-0.733274,-4.646878,25.703007,44,130,0.900000,0.010000,14
3uri_ligand,164,100,25,50,221400,0.464326,-4.646878,32.783089,44,130,0.900000,0.010000,15
3uri_ligand,398,100,25,50,537300,-1.593740,-4.646878,28.742424,44,130,0.900000,0.010000,16
3uri_ligand,360,100,25,50,486000,-0.522598,-4.646878,22.300749,44,130,0.900000,0.010000,17
3uri_ligand,148,100,25,50,199800,1.961008,-4.646878,33.738335,44,130,0.900000,0.010000,18
3uri_ligand,397,100,25,50,535950,1.934004,-4.646878,31.440729,44,130,0.900000,0.010000,19
3uri_ligand,234,100,25,50,315900,1.783266,-4.646878,16.924410,44,130,0.900000,0.010000,1
3uri_ligand,251,100,25,50,338850,-1.253022,-4.646878,30.072836,44,130,0.900000,0.010000,2
3uri_ligand,222,100,25,50,299700,0.977287,-4.646878,29.234194,44,130,0.900000,0.010000,3
3uri_ligand,302,100,25,50,407700,-1.226721,-4.646878,27.931452,44,130,0.900000,0.010000,4
3uri_ligand,234,100,25,50,315900,0.080941,-4.646878,36.931564,44,130,0.900000,0.010000,5
3uri_ligand,445,100,25,50,600750,0.655981,-4.646878,24.638538,44,130,0.900000,0.010000,6
3uri_ligand,176,100,25,50,237600,0.613286,-4.646878,17.200966,44,130,0.900000,0.010000,7
3uri_ligand,278,100,25,50,375300,-0.016685,-4.646878,45.573032,44,130,0.900000,0.010000,8
3uri_ligand,419,100,25,50,565650,2.829507,-4.646878,28.673416,44,130,0.900000,0.010000,9
3uri_ligand,506,100,25,50,683100,-2.951457,-4.646878,29.926544,44,130,0.950000,0.000100,0
3uri_ligand,122,100,25,50,164700,2.690407,-4.646878,27.464184,44,130,0.950000,0.000100,10
3uri_ligand,291,100,25,50,392850,1.926814,-4.646878,29.137428,44,130,0.950000,0.000100,11
3uri_ligand,353,100,25,50,476550,0.974623,-4.646878,25.071190,44,130,0.950000,0.000100,12
3uri_ligand,340,100,25,50,459000,1.744545,-4.646878,34.756504,44,130,0.950000,0.000100,13
3uri_ligand,354,100,25,50,477900,1.617311,-4.646878,25.477566,44,130,0.950000,0.000100,15
3uri_ligand,750,100,25,50,1012500,2.961030,-4.646878,24.860954,44,130,0.950000,0.000100,16
3uri_ligand,310,100,25,50,418500,1.116216,-4.646878,36.648891,44,130,0.950000,0.000100,17
3uri_ligand,750,100,25,50,1012500,2.796244,-4.646878,41.211411,44,130,0.950000,0.000100,18
3uri_ligand,174,100,25,50,234900,1.462140,-4.646878,31.295568,44,130,0.950000,0.000100,19
3uri_ligand,214,100,25,50,288900,1.780182,-4.646878,22.181871,44,130,0.950000,0.000100,1
3uri_ligand,336,100,25,50,453600,-1.857927,-4.646878,34.258938,44,130,0.950000,0.000100,2
3uri_ligand,446,100,25,50,602100,4.718485,-4.646878,26.973188,44,130,0.950000,0.000100,3
3uri_ligand,350,100,25,50,472500,0.458404,-4.646878,28.028387,44,130,0.950000,0.000100,4
3uri_ligand,464,100,25,50,626400,0.012517,-4.646878,28.651051,44,130,0.950000,0.000100,5
3uri_ligand,370,100,25,50,499500,2.227092,-4.646878,20.427961,44,130,0.950000,0.000100,6
3uri_ligand,170,100,25,50,229500,2.903275,-4.646878,17.872351,44,130,0.950000,0.000100,7
3uri_ligand,406,100,25,50,548100,3.822670,-4.646878,34.648617,44,130,0.950000,0.000100,8
3uri_ligand,408,100,25,50,550800,3.000547,-4.646878,38.768127,44,130,0.950000,0.000100,9
3uri_ligand,400,100,25,50,540000,-0.856862,-4.646878,21.617651,44,130,0.950000,0.010000,0
3uri_ligand,236,100,25,50,318600,-1.522167,-4.646878,29.519831,44,130,0.950000,0.010000,10
3uri_ligand,118,100,25,50,159300,3.332222,-4.646878,28.153791,44,130,0.950000,0.010000,11
3uri_ligand,395,100,25,50,533250,-0.261887,-4.646878,20.700710,44,130,0.950000,0.010000,12
3uri_ligand,458,100,25,50,618300,3.902897,-4.646878,19.898136,44,130,0.950000,0.010000,13
3uri_ligand,484,100,25,50,653400,-0.861906,-4.646878,36.475922,44,130,0.950000,0.010000,14
3uri_ligand,197,100,25,50,265950,0.057341,-4.646878,34.770084,44,130,0.950000,0.010000,16
3uri_ligand,232,100,25,50,313200,-1.603004,-4.646878,41.415966,44,130,0.950000,0.010000,17
3uri_ligand,170,100,25,50,229500,0.818864,-4.646878,37.232525,44,130,0.950000,0.010000,18
3uri_ligand,225,100,25,50,303750,-0.553986,-4.646878,20.723124,44,130,0.950000,0.010000,19
3uri_ligand,257,100,25,50,346950,1.093983,-4.646878,15.836032,44,130,0.950000,0.010000,1
3uri_ligand,322,100,25,50,434700,-1.423055,-4.646878,36.702347,44,130,0.950000,0.010000,2
3uri_ligand,232,100,25,50,313200,0.547066,-4.646878,18.893406,44,130,0.950000,0.010000,3
3uri_ligand,523,100,25,50,706050,-1.174874,-4.646878,30.763865,44,130,0.950000,0.010000,4
3uri_ligand,250,100,25,50,337500,4.414827,-4.646878,20.430750,44,130,0.950000,0.010000,5
3uri_ligand,226,100,25,50,305100,-0.288770,-4.646878,21.658104,44,130,0.950000,0.010000,6
3uri_ligand,200,100,25,50,270000,-0.079002,-4.646878,25.197721,44,130,0.950000,0.010000,7
3uri_ligand,126,100,25,50,170100,-1.949928,-4.646878,37.535320,44,130,0.950000,0.010000,8
3uri_ligand,256,100,25,50,345600,1.762935,-4.646878,16.233263,44,130,0.950000,0.010000,9
4de1_ligand,142,100,25,50,191700,-1.086992,-2.891916,19.713436,8,34,0.800000,0.000100,0
4de1_ligand,145,100,25,50,195750,-0.825273,-2.891916,35.690155,8,34,0.800000,0.000100,10
4de1_ligand,142,100,25,50,191700,-1.582079,-2.891916,22.541103,8,34,0.800000,0.000100,11
4de1_ligand,127,100,25,50,171450,-0.317996,-2.891916,21.985617,8,34,0.800000,0.000100,12
4de1_ligand,82,100,25,50,110700,-0.696839,-2.891916,30.925787,8,34,0.800000,0.000100,13
4de1_ligand,104,100,25,50,140400,0.399485,-2.891916,14.451699,8,34,0.800000,0.000100,14
4de1_ligand,218,100,25,50,294300,-1.216274,-2.891916,36.242107,8,34,0.800000,0.000100,15
4de1_ligand,431,100,25,50,581850,-0.915639,-2.891916,34.624924,8,34,0.800000,0.000100,16
4de1_ligand,153,100,25,50,206550,-0.724780,-2.891916,20.084068,8,34,0.800000,0.000100,17
4de1_ligand,134,100,25,50,180900,-0.619709,-2.891916,31.461521,8,34,0.800000,0.000100,18
4de1_ligand,173,100,25,50,233550,-1.248795,-2.891916,19.770504,8,34,0.800000,0.000100,19
4de1_ligand,196,100,25,50,264600,-0.572571,-2.891916,15.605440,8,34,0.800000,0.000100,1
4de1_ligand,137,100,25,50,184950,-1.608268,-2.891916,25.148342,8,34,0.800000,0.000100,2
4de1_ligand,74,100,25,50,99900,0.743907,-2.891916,30.802055,8,34,0.800000,0.000100,3
4de1_ligand,142,100,25,50,191700,0.691606,-2.891916,27.960588,8,34,0.800000,0.000100,4
4de1_ligand,87,100,25,50,117450,-1.891928,-2.891916,9.863124,8,34,0.800000,0.000100,5
4de1_ligand,66,100,25,50,89100,-0.677315,-2.891916,17.180666,8,34,0.800000,0.000100,6
4de1_ligand,286,100,25,50,386100,-0.393830,-2.891916,11.402434,8,34,0.800000,0.000100,7
4de1_ligand,16,100,25,50,21600,-1.892271,-2.891916,31.859312,8,34,0.800000,0.000100,8
4de1_ligand,128,100,25,50,172800,-0.670901,-2.891916,15.466547,8,34,0.800000,0.000100,9
4de1_ligand,10,100,25,50,13500,-2.301991,-2.891916,26.041861,8,34,0.800000,0.010000,0
4de1_ligand,109,100,25,50,147150,-0.949899,-2.891916,35.914345,8,34,0.800000,0.010000,10
4de1_ligand,276,100,25,50,372600,-1.366955,-2.891916,19.230804,8,34,0.800000,0.010000,11
4de1_ligand,245,100,25,50,330750,-0.919659,-2.891916,24.447351,8,34,0.800000,0.010000,12
4de1_ligand,15,100,25,50,20250,-1.902594,-2.891916,30.152685,8,34,0.800000,0.010000,13
4de1_ligand,174,100,25,50,234900,-0.920781,-2.891916,13.754426,8,34,0.800000,0.010000,14
4de1_ligand,262,100,25,50,353700,-1.264632,-2.891916,36.315617,8,34,0.800000,0.010000,15
4de1_ligand,188,100,25,50,253800,-0.873532,-2.891916,34.962307,8,34,0.800000,0.010000,16
4de1_ligand,185,100,25,50,249750,-0.223191,-2.891916,20.503836,8,34,0.800000,0.010000,17
4de1_ligand,190,100,25,50,256500,-1.412719,-2.891916,22.010096,8,34,0.800000,0.010000,18
4de1_ligand,213,100,25,50,287550,-0.826802,-2.891916,23.735987,8,34,0.800000,0.010000,19
4de1_ligand,227,100,25,50,306450,-1.604620,-2.891916,21.744980,8,34,0.800000,0.010000,1
4de1_ligand,123,100,25,50,166050,-1.663838,-2.891916,23.837963,8,34,0.800000,0.010000,2
4de1_ligand,239,100,25,50,322650,-0.816054,-2.891916,28.867104,8,34,0.800000,0.010000,3
4de1_ligand,288,100,25,50,388800,-0.468927,-2.891916,25.202089,8,34,0.800000,0.010000,4
4de1_ligand,26,100,25,50,35100,-1.898030,-2.891916,9.841336,8,34,0.800000,0.010000,5
4de1_ligand,108,100,25,50,145800,-0.878433,-2.891916,20.546101,8,34,0.800000,0.010000,6
4de1_ligand,260,100,25,50,351000,-0.417780,-2.891916,10.735479,8,34,0.800000,0.010000,7
4de1_ligand,199,100,25,50,268650,-1.025346,-2.891916,8.812634,8,34,0.800000,0.010000,8
4de1_ligand,139,100,25,50,187650,-1.057805,-2.891916,34.866360,8,34,0.800000,0.010000,9
4de1_ligand,239,100,25,50,322650,-1.188092,-2.891916,19.604555,8,34,0.900000,0.000100,0
4de1_ligand,119,100,25,50,160650,-0.761957,-2.891916,36.744514,8,34,0.900000,0.000100,10
4de1_ligand,464,100,25,50,626400,-1.758577,-2.891916,21.685463,8,34,0.900000,0.000100,11
4de1_ligand,186,100,25,50,251100,-0.495744,-2.891916,25.243538,8,34,0.900000,0.000100,12
4de1_ligand,92,100,25,50,124200,-0.709505,-2.891916,30.904987,8,34,0.900000,0.000100,13
4de1_ligand,149,100,25,50,201150,-0.511303,-2.891916,14.169457,8,34,0.900000,0.000100,14
4de1_ligand,210,100,25,50,283500,-1.279899,-2.891916,36.266518,8,34,0.900000,0.000100,15
4de1_ligand,346,100,25,50,467100,-1.099021,-2.891916,34.494984,8,34,0.900000,0.000100,16
4de1_ligand,188,100,25,50,253800,-0.235205,-2.891916,20.493162,8,34,0.900000,0.000100,17
4de1_ligand,71,100,25,50,95850,-0.658904,-2.891916,31.607586,8,34,0.900000,0.000100,18
4de1_ligand,87,100,25,50,117450,-0.412263,-2.891916,22.061560,8,34,0.900000,0.000100,19
4de1_ligand,214,100,25,50,288900,-0.573307,-2.891916,15.569979,8,34,0.900000,0.000100,1
4de1_ligand,100,100,25,50,135000,-1.652296,-2.891916,25.030886,8,34,0.900000,0.000100,2
4de1_ligand,163,100,25,50,220050,-0.782143,-2.891916,29.013971,8,34,0.900000,0.000100,3
4de1_ligand,636,100,25,50,858600,-0.322928,-2.891916,29.641212,8,34,0.900000,0.000100,4
4de1_ligand,38,100,25,50,51300,-1.895356,-2.891916,9.855811,8,34,0.900000,0.000100,5
4de1_ligand,83,100,25,50,112050,-0.679159,-2.891916,17.203440,8,34,0.900000,0.000100,6
4de1_ligand,336,100,25,50,453600,0.024670,-2.891916,17.372360,8,34,0.900000,0.000100,7
4de1_ligand,68,100,25,50,91800,0.216736,-2.891916,38.270260,8,34,0.900000,0.000100,8
4de1_ligand,75,100,25,50,101250,-1.088819,-2.891916,34.910225,8,34,0.900000,0.000100,9
4de1_ligand,121,100,25,50,163350,-1.604266,-2.891916,26.521353,8,34,0.900000,0.010000,0
4de1_ligand,162,100,25,50,218700,-0.932231,-2.891916,36.170338,8,34,0.900000,0.010000,10
4de1_ligand,170,100,25,50,229500,-1.042141,-2.891916,35.095066,8,34,0.900000,0.010000,11
4de1_ligand,352,100,25,50,475200,-1.117078,-2.891916,20.159597,8,34,0.900000,0.010000,12
4de1_ligand,50,100,25,50,67500,-1.940967,-2.891916,29.462084,8,34,0.900000,0.010000,13
4de1_ligand,84,100,25,50,113400,-0.441978,-2.891916,14.192434,8,34,0.900000,0.010000,14
4de1_ligand,208,100,25,50,280800,-1.203883,-2.891916,36.260521,8,34,0.900000,0.010000,15
4de1_ligand,100,100,25,50,135000,0.234401,-2.891916,38.085648,8,34,0.900000,0.010000,16
4de1_ligand,94,100,25,50,126900,-0.312936,-2.891916,19.983171,8,34,0.900000,0.010000,17
4de1_ligand,126,100,25,50,170100,0.215824,-2.891916,24.881426,8,34,0.900000,0.010000,18
4de1_ligand,182,100,25,50,245700,-1.001335,-2.891916,24.149199,8,34,0.900000,0.010000,19
4de1_ligand,12,100,25,50,16200,-1.959242,-2.891916,10.428328,8,34,0.900000,0.010000,1
4de1_ligand,97,100,25,50,130950,-1.617809,-2.891916,23.754038,8,34,0.900000,0.010000,2
4de1_ligand,241,100,25,50,325350,-0.885820,-2.891916,28.993748,8,34,0.900000,0.010000,3
4de1_ligand,269,100,25,50,363150,-0.711771,-2.891916,25.265278,8,34,0.900000,0.010000,4
4de1_ligand,20,100,25,50,27000,-1.923524,-2.891916,9.935778,8,34,0.900000,0.010000,5
4de1_ligand,127,100,25,50,171450,-0.885399,-2.891916,20.473751,8,34,0.900000,0.010000,6
4de1_ligand,364,100,25,50,491400,-0.410436,-2.891916,10.757751,8,34,0.900000,0.010000,7
4de1_ligand,168,100,25,50,226800,-1.290550,-2.891916,8.751548,8,34,0.900000,0.010000,8
4de1_ligand,60,100,25,50,81000,-1.013691,-2.891916,34.879093,8,34,0.900000,0.010000,9
4de1_ligand,212,100,25,50,286200,-1.096386,-2.891916,19.745707,8,34,0.950000,0.000100,0
4de1_ligand,100,100,25,50,135000,-0.934317,-2.891916,35.669140,8,34,0.950000,0.000100,10
4de1_ligand,106,100,25,50,143100,-1.685252,-2.891916,21.725342,8,34,0.950000,0.000100,11
4de1_ligand,144,100,25,50,194400,-0.486623,-2.891916,27.429863,8,34,0.950000,0.000100,12
4de1_ligand,126,100,25,50,170100,-1.969083,-2.891916,29.345490,8,34,0.950000,0.000100,13
4de1_ligand,172,100,25,50,232200,-0.657477,-2.891916,13.081480,8,34,0.950000,0.000100,14
4de1_ligand,64,100,25,50,86400,-1.911197,-2.891916,34.133186,8,34,0.950000,0.000100,15
4de1_ligand,76,100,25,50,102600,0.356679,-2.891916,37.786472,8,34,0.950000,0.000100,16
4de1_ligand,334,100,25,50,450900,-0.382589,-2.891916,20.002264,8,34,0.950000,0.000100,17
4de1_ligand,102,100,25,50,137700,-0.594736,-2.891916,31.634565,8,34,0.950000,0.000100,18
4de1_ligand,119,100,25,50,160650,-0.168799,-2.891916,10.957006,8,34,0.950000,0.000100,19
4de1_ligand,198,100,25,50,267300,-0.594109,-2.891916,15.620844,8,34,0.950000,0.000100,1
4de1_ligand,82,100,25,50,110700,-1.604718,-2.891916,23.691330,8,34,0.950000,0.000100,2
4de1_ligand,154,100,25,50,207900,-0.470748,-2.891916,32.022343,8,34,0.950000,0.000100,3
4de1_ligand,172,100,25,50,232200,-0.494740,-2.891916,24.402977,8,34,0.950000,0.000100,4
4de1_ligand,52,100,25,50,70200,-1.895030,-2.891916,9.867607,8,34,0.950000,0.000100,5
4de1_ligand,524,100,25,50,707400,-1.003173,-2.891916,20.231491,8,34,0.950000,0.000100,6
4de1_ligand,108,100,25,50,145800,0.019443,-2.891916,17.459703,8,34,0.950000,0.000100,7
4de1_ligand,542,100,25,50,731700,-1.012138,-2.891916,8.834697,8,34,0.950000,0.000100,8
4de1_ligand,88,100,25,50,118800,-1.091877,-2.891916,34.884888,8,34,0.950000,0.000100,9
4de1_ligand,156,100,25,50,210600,-0.898362,-2.891916,20.446543,8,34,0.950000,0.010000,0
4de1_ligand,250,100,25,50,337500,-1.452296,-2.891916,35.851982,8,34,0.950000,0.010000,10
4de1_ligand,103,100,25,50,139050,-1.566313,-2.891916,25.677721,8,34,0.950000,0.010000,11
4de1_ligand,182,100,25,50,245700,-0.848283,-2.891916,24.502481,8,34,0.950000,0.010000,12
4de1_ligand,39,100,25,50,52650,-1.934778,-2.891916,29.603094,8,34,0.950000,0.010000,13
4de1_ligand,173,100,25,50,233550,-0.865095,-2.891916,12.901610,8,34,0.950000,0.010000,14
4de1_ligand,198,100,25,50,267300,-1.278930,-2.891916,36.643059,8,34,0.950000,0.010000,15
4de1_ligand,146,100,25,50,197100,-0.796260,-2.891916,35.111580,8,34,0.950000,0.010000,16
4de1_ligand,148,100,25,50,199800,0.082317,-2.891916,20.144979,8,34,0.950000,0.010000,17
4de1_ligand,252,100,25,50,340200,-1.371660,-2.891916,28.835020,8,34,0.950000,0.010000,18
4de1_ligand,477,100,25,50,643950,-0.707282,-2.891916,21.763783,8,34,0.950000,0.010000,19
4de1_ligand,138,100,25,50,186300,-0.863883,-2.891916,25.018770,8,34,0.950000,0.010000,1
4de1_ligand,115,100,25,50,155250,-1.539497,-2.891916,25.570749,8,34,0.950000,0.010000,2
4de1_ligand,176,100,25,50,237600,-1.340488,-2.891916,27.362123,8,34,0.950000,0.010000,3
4de1_ligand,42,100,25,50,56700,-1.894302,-2.891916,31.868793,8,34,0.950000,0.010000,4
4de1_ligand,36,100,25,50,48600,-1.897973,-2.891916,9.843573,8,34,0.950000,0.010000,5
4de1_ligand,350,100,25,50,472500,-0.860030,-2.891916,20.610680,8,34,0.950000,0.010000,6
4de1_ligand,102,100,25,50,137700,0.034123,-2.891916,17.697813,8,34,0.950000,0.010000,7
4de1_ligand,22,100,25,50,29700,-1.968964,-2.891916,30.670025,8,34,0.950000,0.010000,8
4de1_ligand,208,100,25,50,280800,-1.104794,-2.891916,34.791481,8,34,0.950000,0.010000,9
4lzs_ligand,4,100,25,50,5400,-0.849553,-1.826324,17.700848,10,31,0.800000,0.000100,0
4lzs_ligand,146,100,25,50,197100,-0.273108,-1.826324,25.233826,10,31,0.800000,0.000100,10
4lzs_ligand,231,100,25,50,311850,-0.806507,-1.826324,18.860996,10,31,0.800000,0.000100,11
4lzs_ligand,288,100,25,50,388800,-0.072970,-1.826324,18.703920,10,31,0.800000,0.000100,12
4lzs_ligand,142,100,25,50,191700,0.019926,-1.826324,24.292025,10,31,0.800000,0.000100,13
4lzs_ligand,88,100,25,50,118800,-0.567085,-1.826324,19.405317,10,31,0.800000,0.000100,14
4lzs_ligand,30,100,25,50,40500,-0.855748,-1.826324,18.980171,10,31,0.800000,0.000100,15
4lzs_ligand,162,100,25,50,218700,-0.685913,-1.826324,17.458670,10,31,0.800000,0.000100,16
4lzs_ligand,40,100,25,50,54000,-0.860391,-1.826324,18.033285,10,31,0.800000,0.000100,17
4lzs_ligand,157,100,25,50,211950,-0.443799,-1.826324,17.964354,10,31,0.800000,0.000100,18
4lzs_ligand,16,100,25,50,21600,-0.885856,-1.826324,18.405596,10,31,0.800000,0.000100,19
4lzs_ligand,156,100,25,50,210600,-0.171549,-1.826324,23.602489,10,31,0.800000,0.000100,1
4lzs_ligand,231,100,25,50,311850,0.476560,-1.826324,21.105856,10,31,0.800000,0.000100,2
4lzs_ligand,32,100,25,50,43200,-0.840398,-1.826324,18.589355,10,31,0.800000,0.000100,3
4lzs_ligand,408,100,25,50,550800,-0.821957,-1.826324,22.337854,10,31,0.800000,0.000100,4
4lzs_ligand,12,100,25,50,16200,-1.118463,-1.826324,18.410282,10,31,0.800000,0.000100,5
4lzs_ligand,142,100,25,50,191700,0.251500,-1.826324,19.656780,10,31,0.800000,0.000100,6
4lzs_ligand,86,100,25,50,116100,-0.853195,-1.826324,19.431007,10,31,0.800000,0.000100,7
4lzs_ligand,26,100,25,50,35100,-0.870004,-1.826324,17.637775,10,31,0.800000,0.000100,8
4lzs_ligand,16,100,25,50,21600,-0.954879,-1.826324,25.743715,10,31,0.800000,0.000100,9
4lzs_ligand,4,100,25,50,5400,-1.099180,-1.826324,17.702213,10,31,0.800000,0.010000,0
4lzs_ligand,115,100,25,50,155250,0.366289,-1.826324,24.970705,10,31,0.800000,0.010000,10
4lzs_ligand,65,100,25,50,87750,-0.828845,-1.826324,18.070393,10,31,0.800000,0.010000,11
4lzs_ligand,211,100,25,50,284850,-0.278410,-1.826324,18.599836,10,31,0.800000,0.010000,12
4lzs_ligand,221,100,25,50,298350,0.021618,-1.826324,24.302898,10,31,0.800000,0.010000,13
4lzs_ligand,8,100,25,50,10800,-1.003558,-1.826324,17.906582,10,31,0.800000,0.010000,14
4lzs_ligand,119,100,25,50,160650,-0.633254,-1.826324,18.712034,10,31,0.800000,0.010000,15
4lzs_ligand,10,100,25,50,13500,-0.832147,-1.826324,19.612818,10,31,0.800000,0.010000,16
4lzs_ligand,20,100,25,50,27000,-0.952620,-1.826324,18.435131,10,31,0.800000,0.010000,17
4lzs_ligand,6,100,25,50,8100,-0.886575,-1.826324,18.421299,10,31,0.800000,0.010000,18
4lzs_ligand,6,100,25,50,8100,-0.979762,-1.826324,18.312710,10,31,0.800000,0.010000,19
4lzs_ligand,142,100,25,50,191700,-0.641158,-1.826324,18.586845,10,31,0.800000,0.010000,1
4lzs_ligand,12,100,25,50,16200,-0.893249,-1.826324,18.377836,10,31,0.800000,0.010000,2
4lzs_ligand,8,100,25,50,10800,-0.964433,-1.826324,18.237127,10,31,0.800000,0.010000,3
4lzs_ligand,282,100,25,50,380700,-0.791423,-1.826324,22.359438,10,31,0.800000,0.010000,4
4lzs_ligand,6,100,25,50,8100,-1.330907,-1.826324,18.304289,10,31,0.800000,0.010000,5
4lzs_ligand,152,100,25,50,205200,-0.230452,-1.826324,19.309923,10,31,0.800000,0.010000,6
4lzs_ligand,34,100,25,50,45900,-1.091062,-1.826324,19.493464,10,31,0.800000,0.010000,7
4lzs_ligand,8,100,25,50,10800,-0.834105,-1.826324,17.310068,10,31,0.800000,0.010000,8
4lzs_ligand,4,100,25,50,5400,-0.982324,-1.826324,26.027735,10,31,0.800000,0.010000,9
4lzs_ligand,4,100,25,50,5400,-0.941074,-1.826324,17.727123,10,31,0.900000,0.000100,0
4lzs_ligand,370,100,25,50,499500,-0.282165,-1.826324,18.939205,10,31,0.900000,0.000100,10
4lzs_ligand,198,100,25,50,267300,0.436083,-1.826324,14.903646,10,31,0.900000,0.000100,11
4lzs_ligand,154,100,25,50,207900,-0.030751,-1.826324,18.741766,10,31,0.900000,0.000100,12
4lzs_ligand,38,100,25,50,51300,-0.829238,-1.826324,18.230654,10,31,0.900000,0.000100,13
4lzs_ligand,25,100,25,50,33750,-0.836365,-1.826324,17.791180,10,31,0.900000,0.000100,14
4lzs_ligand,38,100,25,50,51300,-1.042440,-1.826324,18.484467,10,31,0.900000,0.000100,15
4lzs_ligand,8,100,25,50,10800,-1.200943,-1.826324,17.722956,10,31,0.900000,0.000100,16
4lzs_ligand,256,100,25,50,345600,-0.447079,-1.826324,19.080547,10,31,0.900000,0.000100,17
4lzs_ligand,111,100,25,50,149850,-0.443085,-1.826324,17.966022,10,31,0.900000,0.000100,18
4lzs_ligand,18,100,25,50,24300,-0.945350,-1.826324,18.378735,10,31,0.900000,0.000100,19
4lzs_ligand,154,100,25,50,207900,0.266754,-1.826324,24.495327,10,31,0.900000,0.000100,1
4lzs_ligand,328,100,25,50,442800,-0.064312,-1.826324,19.873020,10,31,0.900000,0.000100,2
4lzs_ligand,40,100,25,50,54000,-0.850216,-1.826324,18.575342,10,31,0.900000,0.000100,3
4lzs_ligand,224,100,25,50,302400,-0.648725,-1.826324,22.401278,10,31,0.900000,0.000100,4
4lzs_ligand,50,100,25,50,67500,-0.826853,-1.826324,18.204605,10,31,0.900000,0.000100,5
4lzs_ligand,222,100,25,50,299700,0.203107,-1.826324,19.977432,10,31,0.900000,0.000100,6
4lzs_ligand,32,100,25,50,43200,-1.021320,-1.826324,19.507448,10,31,0.900000,0.000100,7
4lzs_ligand,12,100,25,50,16200,-0.863537,-1.826324,21.408117,10,31,0.900000,0.000100,8
4lzs_ligand,6,100,25,50,8100,-0.991258,-1.826324,26.201122,10,31,0.900000,0.000100,9
4lzs_ligand,4,100,25,50,5400,-1.317022,-1.826324,17.939510,10,31,0.900000,0.010000,0
4lzs_ligand,19,100,25,50,25650,-0.903752,-1.826324,24.043615,10,31,0.900000,0.010000,10
4lzs_ligand,12,100,25,50,16200,-0.835788,-1.826324,18.091581,10,31,0.900000,0.010000,11
4lzs_ligand,178,100,25,50,240300,-0.088614,-1.826324,18.747007,10,31,0.900000,0.010000,12
4lzs_ligand,356,100,25,50,480600,0.032098,-1.826324,24.195784,10,31,0.900000,0.010000,13
4lzs_ligand,6,100,25,50,8100,-1.082460,-1.826324,18.090557,10,31,0.900000,0.010000,14
4lzs_ligand,142,100,25,50,191700,-0.626337,-1.826324,17.688892,10,31,0.900000,0.010000,15
4lzs_ligand,10,100,25,50,13500,-0.833914,-1.826324,19.691135,10,31,0.900000,0.010000,16
4lzs_ligand,114,100,25,50,153900,-0.854154,-1.826324,19.129061,10,31,0.900000,0.010000,17
4lzs_ligand,6,100,25,50,8100,-0.909053,-1.826324,18.534082,10,31,0.900000,0.010000,18
4lzs_ligand,6,100,25,50,8100,-0.979855,-1.826324,18.358011,10,31,0.900000,0.010000,19
4lzs_ligand,212,100,25,50,286200,-0.700355,-1.826324,25.383846,10,31,0.900000,0.010000,1
4lzs_ligand,4,100,25,50,5400,-0.976506,-1.826324,18.063066,10,31,0.900000,0.010000,2
4lzs_ligand,8,100,25,50,10800,-0.848049,-1.826324,18.505964,10,31,0.900000,0.010000,3
4lzs_ligand,203,100,25,50,274050,-0.663286,-1.826324,22.394806,10,31,0.900000,0.010000,4
4lzs_ligand,318,100,25,50,429300,-0.817890,-1.826324,18.314381,10,31,0.900000,0.010000,5
4lzs_ligand,173,100,25,50,233550,-0.789732,-1.826324,19.514053,10,31,0.900000,0.010000,6
4lzs_ligand,217,100,25,50,292950,-0.745464,-1.826324,18.034761,10,31,0.900000,0.010000,7
4lzs_ligand,6,100,25,50,8100,-0.849636,-1.826324,17.554495,10,31,0.900000,0.010000,8
4lzs_ligand,4,100,25,50,5400,-0.919382,-1.826324,26.040289,10,31,0.900000,0.010000,9
4lzs_ligand,4,100,25,50,5400,-0.941481,-1.826324,17.840134,10,31,0.950000,0.000100,0
4lzs_ligand,248,100,25,50,334800,-0.419267,-1.826324,18.978222,10,31,0.950000,0.000100,10
4lzs_ligand,46,100,25,50,62100,-0.858391,-1.826324,18.492870,10,31,0.950000,0.000100,11
4lzs_ligand,162,100,25,50,218700,-0.162539,-1.826324,18.602997,10,31,0.950000,0.000100,12
4lzs_ligand,106,100,25,50,143100,0.034041,-1.826324,24.286829,10,31,0.950000,0.000100,13
4lzs_ligand,37,100,25,50,49950,-0.836675,-1.826324,19.852488,10,31,0.950000,0.000100,14
4lzs_ligand,204,100,25,50,275400,-0.236528,-1.826324,19.143768,10,31,0.950000,0.000100,15
4lzs_ligand,8,100,25,50,10800,-1.328044,-1.826324,17.632195,10,31,0.950000,0.000100,16
4lzs_ligand,164,100,25,50,221400,-0.599252,-1.826324,19.063492,10,31,0.950000,0.000100,17
4lzs_ligand,112,100,25,50,151200,-0.440295,-1.826324,17.982786,10,31,0.950000,0.000100,18
4lzs_ligand,24,100,25,50,32400,-0.863060,-1.826324,18.460039,10,31,0.950000,0.000100,19
4lzs_ligand,32,100,25,50,43200,-0.934354,-1.826324,18.727306,10,31,0.950000,0.000100,1
4lzs_ligand,152,100,25,50,205200,0.339185,-1.826324,21.578321,10,31,0.950000,0.000100,2
4lzs_ligand,40,100,25,50,54000,-0.828136,-1.826324,18.447689,10,31,0.950000,0.000100,3
4lzs_ligand,114,100,25,50,153900,-0.679432,-1.826324,22.360081,10,31,0.950000,0.000100,4
4lzs_ligand,237,100,25,50,319950,-0.743312,-1.826324,18.367594,10,31,0.950000,0.000100,5
4lzs_ligand,116,100,25,50,156600,-0.200628,-1.826324,19.370300,10,31,0.950000,0.000100,6
4lzs_ligand,88,100,25,50,118800,-1.106175,-1.826324,19.432598,10,31,0.950000,0.000100,7
4lzs_ligand,16,100,25,50,21600,-0.867978,-1.826324,17.425144,10,31,0.950000,0.000100,8
4lzs_ligand,6,100,25,50,8100,-1.105954,-1.826324,26.191933,10,31,0.950000,0.000100,9
4lzs_ligand,6,100,25,50,8100,-1.157877,-1.826324,17.804569,10,31,0.950000,0.010000,0
4lzs_ligand,150,100,25,50,202500,-0.239287,-1.826324,26.043383,10,31,0.950000,0.010000,10
4lzs_ligand,42,100,25,50,56700,-0.867746,-1.826324,18.525452,10,31,0.950000,0.010000,11
4lzs_ligand,195,100,25,50,263250,-0.230978,-1.826324,19.065449,10,31,0.950000,0.010000,12
4lzs_ligand,218,100,25,50,294300,0.028614,-1.826324,24.182644,10,31,0.950000,0.010000,13
4lzs_ligand,64,100,25,50,86400,-0.830273,-1.826324,19.518276,10,31,0.950000,0.010000,14
4lzs_ligand,14,100,25,50,18900,-0.897480,-1.826324,18.282202,10,31,0.950000,0.010000,15
4lzs_ligand,7,100,25,50,9450,-0.860813,-1.826324,19.765160,10,31,0.950000,0.010000,16
4lzs_ligand,154,100,25,50,207900,-0.701315,-1.826324,19.378168,10,31,0.950000,0.010000,17
4lzs_ligand,6,100,25,50,8100,-0.944750,-1.826324,18.523901,10,31,0.950000,0.010000,18
4lzs_ligand,4,100,25,50,5400,-0.951744,-1.826324,18.313719,10,31,0.950000,0.010000,19
4lzs_ligand,178,100,25,50,240300,-0.702179,-1.826324,25.362429,10,31,0.950000,0.010000,1
4lzs_ligand,6,100,25,50,8100,-0.971966,-1.826324,18.051203,10,31,0.950000,0.010000,2
4lzs_ligand,18,100,25,50,24300,-1.197054,-1.826324,18.171520,10,31,0.950000,0.010000,3
4lzs_ligand,16,100,25,50,21600,-0.834059,-1.826324,21.779966,10,31,0.950000,0.010000,4
4lzs_ligand,152,100,25,50,205200,-0.707781,-1.826324,17.802784,10,31,0.950000,0.010000,5
4lzs_ligand,46,100,25,50,62100,-0.828024,-1.826324,19.357985,10,31,0.950000,0.010000,6
4lzs_ligand,23,100,25,50,31050,-0.828024,-1.826324,17.829464,10,31,0.950000,0.010000,7
4lzs_ligand,14,100,25,50,18900,-0.844683,-1.826324,18.048508,10,31,0.950000,0.010000,8
4lzs_ligand,4,100,25,50,5400,-1.076654,-1.826324,26.007490,10,31,0.950000,0.010000,9
4ty7_ligand,281,100,25,50,379350,3.149090,-3.464769,17.583250,20,66,0.800000,0.000100,0
4ty7_ligand,178,100,25,50,240300,3.584310,-3.464769,18.152269,20,66,0.800000,0.000100,10
4ty7_ligand,227,100,25,50,306450,2.693643,-3.464769,20.027811,20,66,0.800000,0.000100,11
4ty7_ligand,148,100,25,50,199800,1.469905,-3.464769,23.497854,20,66,0.800000,0.000100,12
4ty7_ligand,606,100,25,50,818100,1.341051,-3.464769,22.108238,20,66,0.800000,0.000100,13
4ty7_ligand,332,100,25,50,448200,2.745495,-3.464769,29.631744,20,66,0.800000,0.000100,14
4ty7_ligand,462,100,25,50,623700,3.036286,-3.464769,26.429644,20,66,0.800000,0.000100,15
4ty7_ligand,466,100,25,50,629100,3.877903,-3.464769,22.753727,20,66,0.800000,0.000100,16
4ty7_ligand,233,100,25,50,314550,1.453286,-3.464769,15.051905,20,66,0.800000,0.000100,17
4ty7_ligand,148,100,25,50,199800,3.107250,-3.464769,17.520590,20,66,0.800000,0.000100,18
4ty7_ligand,548,100,25,50,739800,-0.004117,-3.464769,34.894897,20,66,0.800000,0.000100,19
4ty7_ligand,408,100,25,50,550800,2.241681,-3.464769,15.794924,20,66,0.800000,0.000100,1
4ty7_ligand,186,100,25,50,251100,2.360042,-3.464769,13.386560,20,66,0.800000,0.000100,2
4ty7_ligand,216,100,25,50,291600,2.457789,-3.464769,20.135080,20,66,0.800000,0.000100,3
4ty7_ligand,154,100,25,50,207900,1.208055,-3.464769,24.998577,20,66,0.800000,0.000100,4
4ty7_ligand,204,100,25,50,275400,3.559953,-3.464769,23.162653,20,66,0.800000,0.000100,5
4ty7_ligand,425,100,25,50,573750,2.044112,-3.464769,18.856377,20,66,0.800000,0.000100,6
4ty7_ligand,280,100,25,50,378000,0.682580,-3.464769,22.988953,20,66,0.800000,0.000100,7
4ty7_ligand,317,100,25,50,427950,2.807177,-3.464769,21.968189,20,66,0.800000,0.000100,8
4ty7_ligand,146,100,25,50,197100,0.993335,-3.464769,24.341198,20,66,0.800000,0.000100,9
4ty7_ligand,154,100,25,50,207900,2.613069,-3.464769,16.771917,20,66,0.800000,0.010000,0
4ty7_ligand,359,100,25,50,484650,2.235611,-3.464769,18.409512,20,66,0.800000,0.010000,10
4ty7_ligand,204,100,25,50,275400,2.487172,-3.464769,30.753742,20,66,0.800000,0.010000,11
4ty7_ligand,190,100,25,50,256500,1.743798,-3.464769,23.457651,20,66,0.800000,0.010000,12
4ty7_ligand,379,100,25,50,511650,0.952956,-3.464769,31.691153,20,66,0.800000,0.010000,13
4ty7_ligand,384,100,25,50,518400,1.852483,-3.464769,30.872679,20,66,0.800000,0.010000,14
4ty7_ligand,272,100,25,50,367200,1.358165,-3.464769,32.047451,20,66,0.800000,0.010000,15
4ty7_ligand,387,100,25,50,522450,2.568415,-3.464769,14.374325,20,66,0.800000,0.010000,16
4ty7_ligand,64,100,25,50,86400,2.152826,-3.464769,11.922112,20,66,0.800000,0.010000,17
4ty7_ligand,402,100,25,50,542700,1.937315,-3.464769,27.138819,20,66,0.800000,0.010000,18
4ty7_ligand,258,100,25,50,348300,0.784061,-3.464769,35.335033,20,66,0.800000,0.010000,19
4ty7_ligand,242,100,25,50,326700,0.412952,-3.464769,16.678440,20,66,0.800000,0.010000,1
4ty7_ligand,536,100,25,50,723600,-0.411467,-3.464769,7.296239,20,66,0.800000,0.010000,2
4ty7_ligand,290,100,25,50,391500,0.474478,-3.464769,19.510839,20,66,0.800000,0.010000,3
4ty7_ligand,234,100,25,50,315900,2.636163,-3.464769,26.678520,20,66,0.800000,0.010000,4
4ty7_ligand,349,100,25,50,471150,-0.126121,-3.464769,10.964293,20,66,0.800000,0.010000,5
4ty7_ligand,169,100,25,50,228150,1.736277,-3.464769,22.532030,20,66,0.800000,0.010000,6
4ty7_ligand,133,100,25,50,179550,1.962789,-3.464769,24.441433,20,66,0.800000,0.010000,7
4ty7_ligand,90,100,25,50,121500,2.128010,-3.464769,25.957409,20,66,0.800000,0.010000,8
4ty7_ligand,360,100,25,50,486000,1.458380,-3.464769,30.857794,20,66,0.800000,0.010000,9
4ty7_ligand,560,100,25,50,756000,3.117751,-3.464769,20.087757,20,66,0.900000,0.000100,0
4ty7_ligand,146,100,25,50,197100,3.500009,-3.464769,17.919594,20,66,0.900000,0.000100,10
4ty7_ligand,236,100,25,50,318600,2.613142,-3.464769,19.719570,20,66,0.900000,0.000100,11
4ty7_ligand,140,100,25,50,189000,1.498710,-3.464769,23.476233,20,66,0.900000,0.000100,12
4ty7_ligand,162,100,25,50,218700,2.706458,-3.464769,21.830811,20,66,0.900000,0.000100,13
4ty7_ligand,317,100,25,50,427950,2.746275,-3.464769,29.634966,20,66,0.900000,0.000100,14
4ty7_ligand,148,100,25,50,199800,2.781938,-3.464769,33.266399,20,66,0.900000,0.000100,15
4ty7_ligand,179,100,25,50,241650,4.408175,-3.464769,22.460505,20,66,0.900000,0.000100,16
4ty7_ligand,258,100,25,50,348300,1.789775,-3.464769,18.166431,20,66,0.900000,0.000100,17
4ty7_ligand,551,100,25,50,743850,2.784205,-3.464769,17.317802,20,66,0.900000,0.000100,18
4ty7_ligand,590,100,25,50,796500,-0.016825,-3.464769,34.882301,20,66,0.900000,0.000100,19
4ty7_ligand,124,100,25,50,167400,3.758549,-3.464769,23.532917,20,66,0.900000,0.000100,1
4ty7_ligand,156,100,25,50,210600,2.362560,-3.464769,13.614726,20,66,0.900000,0.000100,2
4ty7_ligand,139,100,25,50,187650,2.503217,-3.464769,20.029491,20,66,0.900000,0.000100,3
4ty7_ligand,125,100,25,50,168750,2.660057,-3.464769,26.181721,20,66,0.900000,0.000100,4
4ty7_ligand,388,100,25,50,523800,2.636540,-3.464769,17.763430,20,66,0.900000,0.000100,5
4ty7_ligand,215,100,25,50,290250,3.677531,-3.464769,22.936596,20,66,0.900000,0.000100,6
4ty7_ligand,404,100,25,50,545400,2.829538,-3.464769,17.759319,20,66,0.900000,0.000100,7
4ty7_ligand,440,100,25,50,594000,2.826150,-3.464769,16.157711,20,66,0.900000,0.000100,8
4ty7_ligand,198,100,25,50,267300,1.060856,-3.464769,24.951141,20,66,0.900000,0.000100,9
4ty7_ligand,179,100,25,50,241650,2.675074,-3.464769,17.035814,20,66,0.900000,0.010000,0
4ty7_ligand,169,100,25,50,228150,2.936309,-3.464769,14.591534,20,66,0.900000,0.010000,10
4ty7_ligand,300,100,25,50,405000,2.038496,-3.464769,31.192158,20,66,0.900000,0.010000,11
4ty7_ligand,271,100,25,50,365850,1.740761,-3.464769,14.914911,20,66,0.900000,0.010000,12
4ty7_ligand,230,100,25,50,310500,0.659867,-3.464769,31.298513,20,66,0.900000,0.010000,13
4ty7_ligand,139,100,25,50,187650,2.047227,-3.464769,30.621323,20,66,0.900000,0.010000,14
4ty7_ligand,208,100,25,50,280800,2.553376,-3.464769,33.583645,20,66,0.900000,0.010000,15
4ty7_ligand,180,100,25,50,243000,2.706072,-3.464769,16.627161,20,66,0.900000,0.010000,16
4ty7_ligand,242,100,25,50,326700,2.195368,-3.464769,11.344990,20,66,0.900000,0.010000,17
4ty7_ligand,226,100,25,50,305100,2.186136,-3.464769,18.022095,20,66,0.900000,0.010000,18
4ty7_ligand,206,100,25,50,278100,0.016783,-3.464769,34.939068,20,66,0.900000,0.010000,19
4ty7_ligand,226,100,25,50,305100,2.499951,-3.464769,20.847338,20,66,0.900000,0.010000,1
4ty7_ligand,170,100,25,50,229500,2.607809,-3.464769,15.574117,20,66,0.900000,0.010000,2
4ty7_ligand,244,100,25,50,329400,1.302347,-3.464769,13.193900,20,66,0.900000,0.010000,3
4ty7_ligand,271,100,25,50,365850,1.163281,-3.464769,22.258818,20,66,0.900000,0.010000,4
4ty7_ligand,54,100,25,50,72900,3.306770,-3.464769,13.108383,20,66,0.900000,0.010000,5
4ty7_ligand,125,100,25,50,168750,2.494203,-3.464769,27.501831,20,66,0.900000,0.010000,6
4ty7_ligand,530,100,25,50,715500,1.218566,-3.464769,24.683310,20,66,0.900000,0.010000,7
4ty7_ligand,250,100,25,50,337500,2.752357,-3.464769,12.503530,20,66,0.900000,0.010000,8
4ty7_ligand,475,100,25,50,641250,2.040707,-3.464769,22.717798,20,66,0.900000,0.010000,9
4ty7_ligand,211,100,25,50,284850,1.477144,-3.464769,15.382013,20,66,0.950000,0.000100,0
4ty7_ligand,131,100,25,50,176850,3.571701,-3.464769,18.270679,20,66,0.950000,0.000100,10
4ty7_ligand,111,100,25,50,149850,2.045231,-3.464769,20.206585,20,66,0.950000,0.000100,11
4ty7_ligand,136,100,25,50,183600,1.739192,-3.464769,23.527794,20,66,0.950000,0.000100,12
4ty7_ligand,224,100,25,50,302400,2.663478,-3.464769,21.873693,20,66,0.950000,0.000100,13
4ty7_ligand,173,100,25,50,233550,1.847820,-3.464769,30.166759,20,66,0.950000,0.000100,14
4ty7_ligand,274,100,25,50,369900,2.442697,-3.464769,33.293983,20,66,0.950000,0.000100,15
4ty7_ligand,540,100,25,50,729000,3.697067,-3.464769,23.176373,20,66,0.950000,0.000100,16
4ty7_ligand,236,100,25,50,318600,2.999048,-3.464769,17.664261,20,66,0.950000,0.000100,17
4ty7_ligand,106,100,25,50,143100,3.254025,-3.464769,26.279459,20,66,0.950000,0.000100,18
4ty7_ligand,323,100,25,50,436050,-0.007877,-3.464769,34.891285,20,66,0.950000,0.000100,19
4ty7_ligand,288,100,25,50,388800,3.129725,-3.464769,15.427052,20,66,0.950000,0.000100,1
4ty7_ligand,250,100,25,50,337500,2.340602,-3.464769,13.582783,20,66,0.950000,0.000100,2
4ty7_ligand,163,100,25,50,220050,3.419652,-3.464769,15.154411,20,66,0.950000,0.000100,3
4ty7_ligand,262,100,25,50,353700,2.234671,-3.464769,25.572439,20,66,0.950000,0.000100,4
4ty7_ligand,222,100,25,50,299700,1.497703,-3.464769,13.567939,20,66,0.950000,0.000100,5
4ty7_ligand,126,100,25,50,170100,2.650757,-3.464769,29.294952,20,66,0.950000,0.000100,6
4ty7_ligand,56,100,25,50,75600,3.022815,-3.464769,18.578184,20,66,0.950000,0.000100,7
4ty7_ligand,189,100,25,50,255150,1.396150,-3.464769,16.379419,20,66,0.950000,0.000100,8
4ty7_ligand,98,100,25,50,132300,2.385322,-3.464769,23.125267,20,66,0.950000,0.000100,9
4ty7_ligand,103,100,25,50,139050,2.757486,-3.464769,17.234062,20,66,0.950000,0.010000,0
4ty7_ligand,331,100,25,50,446850,2.220962,-3.464769,18.444054,20,66,0.950000,0.010000,10
4ty7_ligand,115,100,25,50,155250,2.452198,-3.464769,23.342014,20,66,0.950000,0.010000,11
4ty7_ligand,332,100,25,50,448200,2.196790,-3.464769,24.122580,20,66,0.950000,0.010000,12
4ty7_ligand,111,100,25,50,149850,1.050878,-3.464769,31.096928,20,66,0.950000,0.010000,13
4ty7_ligand,300,100,25,50,405000,2.336760,-3.464769,30.493628,20,66,0.950000,0.010000,14
4ty7_ligand,158,100,25,50,213300,2.385229,-3.464769,31.962902,20,66,0.950000,0.010000,15
4ty7_ligand,112,100,25,50,151200,2.733993,-3.464769,17.171583,20,66,0.950000,0.010000,16
4ty7_ligand,187,100,25,50,252450,2.576923,-3.464769,22.048710,20,66,0.950000,0.010000,17
4ty7_ligand,110,100,25,50,148500,2.999057,-3.464769,25.234035,20,66,0.950000,0.010000,18
4ty7_ligand,226,100,25,50,305100,0.003925,-3.464769,34.878845,20,66,0.950000,0.010000,19
4ty7_ligand,138,100,25,50,186300,1.338239,-3.464769,21.433487,20,66,0.950000,0.010000,1
4ty7_ligand,208,100,25,50,280800,2.664472,-3.464769,15.496513,20,66,0.950000,0.010000,2
4ty7_ligand,326,100,25,50,440100,2.399321,-3.464769,19.976381,20,66,0.950000,0.010000,3
4ty7_ligand,145,100,25,50,195750,2.962793,-3.464769,27.010500,20,66,0.950000,0.010000,4
4ty7_ligand,178,100,25,50,240300,0.821856,-3.464769,11.539771,20,66,0.950000,0.010000,5
4ty7_ligand,259,100,25,50,349650,2.967531,-3.464769,26.655859,20,66,0.950000,0.010000,6
4ty7_ligand,194,100,25,50,261900,2.990468,-3.464769,18.514175,20,66,0.950000,0.010000,7
4ty7_ligand,183,100,25,50,247050,2.531646,-3.464769,27.701929,20,66,0.950000,0.010000,8
4ty7_ligand,204,100,25,50,275400,0.844532,-3.464769,24.195127,20,66,0.950000,0.010000,9
