ligand,iteration,standalone_ls_score
5uez_ligand,0,696138
5uez_ligand,1,609514
5uez_ligand,2,515123
5uez_ligand,3,378898
5uez_ligand,4,237108
5uez_ligand,5,314478
5uez_ligand,6,229670
5uez_ligand,7,185732
5uez_ligand,8,168558
5uez_ligand,9,160412
5uez_ligand,10,162202
5uez_ligand,11,159830
5uez_ligand,12,158075
5uez_ligand,13,167359
5uez_ligand,14,149788
5uez_ligand,15,142286
5uez_ligand,16,159844
5uez_ligand,17,178402
5uez_ligand,18,149320
5uez_ligand,19,164562
5uez_ligand,20,160966
5uez_ligand,21,160488
5uez_ligand,22,159437
5uez_ligand,23,154681
5uez_ligand,24,157768
5uez_ligand,25,145282
5uez_ligand,26,146891
5uez_ligand,27,136946
5uez_ligand,28,134012
5uez_ligand,29,148645
5uez_ligand,30,149235
5uez_ligand,31,149770
5uez_ligand,32,138351
5uez_ligand,33,153988
5uez_ligand,34,132506
5uez_ligand,35,132092
5uez_ligand,36,139040
5uez_ligand,37,129577
5uez_ligand,38,137335
5uez_ligand,39,148211
5uez_ligand,40,130268
5uez_ligand,41,130869
5uez_ligand,42,125938
5uez_ligand,43,130003
5uez_ligand,44,126082
5uez_ligand,45,133758
5uez_ligand,46,140586
5uez_ligand,47,152371
5uez_ligand,48,182799
5uez_ligand,49,146981
5uez_ligand,50,154814
5uez_ligand,51,189888
5uez_ligand,52,137758
5uez_ligand,53,129095
5uez_ligand,54,119236
5uez_ligand,55,122551
5uez_ligand,56,123791
5uez_ligand,57,128041
5uez_ligand,58,138023
5uez_ligand,59,164071
5uez_ligand,60,134674
5uez_ligand,61,134745
5uez_ligand,62,120364
5uez_ligand,63,119285
5uez_ligand,64,150092
5uez_ligand,65,120963
5uez_ligand,66,126147
5uez_ligand,67,116548
5uez_ligand,68,148409
5uez_ligand,69,119056
5uez_ligand,70,123208
5uez_ligand,71,126581
5uez_ligand,72,166681
5uez_ligand,73,145310
5uez_ligand,74,126169
5uez_ligand,75,116682
5uez_ligand,76,115678
5uez_ligand,77,122790
5uez_ligand,78,129020
5uez_ligand,79,120652
5uez_ligand,80,129369
5uez_ligand,81,120516
5uez_ligand,82,128575
5uez_ligand,83,159203
5uez_ligand,84,119432
5uez_ligand,85,131767
5uez_ligand,86,128484
5uez_ligand,87,129386
5uez_ligand,88,117506
5uez_ligand,89,120957
5uez_ligand,90,122449
5uez_ligand,91,134610
5uez_ligand,92,127105
5uez_ligand,93,129565
5uez_ligand,94,151593
5uez_ligand,95,173341
5uez_ligand,96,130802
5uez_ligand,97,115622
5uez_ligand,98,118585
5uez_ligand,99,115457
5uez_ligand,100,119497
5uez_ligand,101,109363
5uez_ligand,102,112343
5uez_ligand,103,119729
5uez_ligand,104,119314
5uez_ligand,105,109483
5uez_ligand,106,107980
5uez_ligand,107,125916
5uez_ligand,108,130346
5uez_ligand,109,118925
5uez_ligand,110,128510
5uez_ligand,111,106852
5uez_ligand,112,134193
5uez_ligand,113,127988
5uez_ligand,114,107269
5uez_ligand,115,129691
5uez_ligand,116,152259
5uez_ligand,117,123904
5uez_ligand,118,121198
5uez_ligand,119,114360
5uez_ligand,120,160655
5uez_ligand,121,129492
5uez_ligand,122,131768
5uez_ligand,123,109247
5uez_ligand,124,102261
5uez_ligand,125,105242
5uez_ligand,126,110142
5uez_ligand,127,116681
5uez_ligand,128,130755
5uez_ligand,129,157876
5uez_ligand,130,126597
5uez_ligand,131,109292
5uez_ligand,132,128042
5uez_ligand,133,109583
5uez_ligand,134,116846
5uez_ligand,135,135194
5uez_ligand,136,122791
5uez_ligand,137,135220
5uez_ligand,138,138188
5uez_ligand,139,178357
5uez_ligand,140,122405
5uez_ligand,141,120458
5uez_ligand,142,114104
5uez_ligand,143,107210
5uez_ligand,144,111944
5uez_ligand,145,115652
5uez_ligand,146,116561
5uez_ligand,147,152941
5uez_ligand,148,114257
5uez_ligand,149,108471
5uez_ligand,150,110485
5uez_ligand,151,124806
5uez_ligand,152,129187
5uez_ligand,153,101007
5uez_ligand,154,137547
5uez_ligand,155,156499
5uez_ligand,156,192866
5uez_ligand,157,144512
5uez_ligand,158,136792
5uez_ligand,159,103126
5uez_ligand,160,100836
5uez_ligand,161,120627
5uez_ligand,162,162770
5uez_ligand,163,186180
5uez_ligand,164,129915
5uez_ligand,165,131538
5uez_ligand,166,101657
5uez_ligand,167,131405
5uez_ligand,168,145004
5uez_ligand,169,101349
5uez_ligand,170,134619
5uez_ligand,171,126080
5uez_ligand,172,142109
5uez_ligand,173,118965
5uez_ligand,174,153074
5uez_ligand,175,122511
5uez_ligand,176,131996
5uez_ligand,177,105525
5uez_ligand,178,107313
5uez_ligand,179,117862
5uez_ligand,180,156356
5uez_ligand,181,120735
5uez_ligand,182,111539
5uez_ligand,183,130332
5uez_ligand,184,135397
5uez_ligand,185,106690
5uez_ligand,186,94032
5uez_ligand,187,98799.8
5uez_ligand,188,144122
5uez_ligand,189,132456
5uez_ligand,190,128508
5uez_ligand,191,94522.4
5uez_ligand,192,95230.5
5uez_ligand,193,121679
5uez_ligand,194,129233
5uez_ligand,195,144444
5uez_ligand,196,128157
5uez_ligand,197,127996
5uez_ligand,198,118090
5uez_ligand,199,164946
5uez_ligand,200,115588
5uez_ligand,201,175715
5uez_ligand,202,139804
5uez_ligand,203,105329
5uez_ligand,204,130673
5uez_ligand,205,112039
5uez_ligand,206,151379
5uez_ligand,207,102142
5uez_ligand,208,134424
5uez_ligand,209,124763
5uez_ligand,210,122516
5uez_ligand,211,101553
5uez_ligand,212,132477
5uez_ligand,213,106709
5uez_ligand,214,122762
5uez_ligand,215,117869
5uez_ligand,216,176064
5uez_ligand,217,98192.7
5uez_ligand,218,134283
5uez_ligand,219,119525
5uez_ligand,220,195165
5uez_ligand,221,112882
5uez_ligand,222,127467
5uez_ligand,223,126412
5uez_ligand,224,135013
5uez_ligand,225,101214
5uez_ligand,226,129842
5uez_ligand,227,154470
5uez_ligand,228,116227
5uez_ligand,229,155970
5uez_ligand,230,106151
5uez_ligand,231,100171
5uez_ligand,232,111311
5uez_ligand,233,125081
5uez_ligand,234,162448
5uez_ligand,235,102261
5uez_ligand,236,137035
5uez_ligand,237,110694
5uez_ligand,238,186454
5uez_ligand,239,100385
5uez_ligand,240,124012
5uez_ligand,241,128418
5uez_ligand,242,109212
5uez_ligand,243,129696
5uez_ligand,244,122878
5uez_ligand,245,149511
5uez_ligand,246,100652
5uez_ligand,247,110031
5uez_ligand,248,107030
5uez_ligand,249,168238
5uez_ligand,250,128850
5uez_ligand,251,134761
5uez_ligand,252,105125
5uez_ligand,253,157564
5uez_ligand,254,120911
5uez_ligand,255,128921
5uez_ligand,256,111099
5uez_ligand,257,111877
5uez_ligand,258,129955
5uez_ligand,259,123187
5uez_ligand,260,120622
5uez_ligand,261,112498
5uez_ligand,262,160722
5uez_ligand,263,125821
5uez_ligand,264,119666
5uez_ligand,265,103595
5uez_ligand,266,160834
5uez_ligand,267,119883
5uez_ligand,268,168544
5uez_ligand,269,128872
5uez_ligand,270,126798
5uez_ligand,271,154302
5uez_ligand,272,100257
5uez_ligand,273,102154
5uez_ligand,274,129838
5uez_ligand,275,147254
5uez_ligand,276,151549
5uez_ligand,277,131242
5uez_ligand,278,131734
5uez_ligand,279,110751
5uez_ligand,280,150230
5uez_ligand,281,121362
5uez_ligand,282,159076
5uez_ligand,283,123706
5uez_ligand,284,125781
5uez_ligand,285,170098
5uez_ligand,286,150410
5uez_ligand,287,140395
5uez_ligand,288,95682
5uez_ligand,289,153354
5uez_ligand,290,131720
5uez_ligand,291,140304
5uez_ligand,292,141370
5uez_ligand,293,109840
5uez_ligand,294,120624
5uez_ligand,295,127593
5uez_ligand,296,132369
5uez_ligand,297,135395
5uez_ligand,298,104081
5uez_ligand,299,112461
5uez_ligand,300,113662
5uez_ligand,301,136140
5uez_ligand,302,129125
5uez_ligand,303,95952.7
5uez_ligand,304,152523
5uez_ligand,305,133141
5uez_ligand,306,106875
5uez_ligand,307,109206
5uez_ligand,308,156736
5uez_ligand,309,104439
5uez_ligand,310,140120
5uez_ligand,311,127664
5uez_ligand,312,130300
5uez_ligand,313,108371
5uez_ligand,314,141410
5uez_ligand,315,113316
5uez_ligand,316,118881
5uez_ligand,317,106684
5uez_ligand,318,173195
5uez_ligand,319,118149
5uez_ligand,320,124773
5uez_ligand,321,140546
5uez_ligand,322,134552
5uez_ligand,323,142771
5uez_ligand,324,118499
5uez_ligand,325,165544
5uez_ligand,326,116062
5uez_ligand,327,146652
5uez_ligand,328,147086
5uez_ligand,329,89924.1
5uez_ligand,330,122004
5uez_ligand,331,173817
5uez_ligand,332,164559
5uez_ligand,333,123674
5uez_ligand,334,109286
5uez_ligand,335,115396
5uez_ligand,336,137321
5uez_ligand,337,143766
5uez_ligand,338,123038
5uez_ligand,339,102850
5uez_ligand,340,127108
5uez_ligand,341,118357
5uez_ligand,342,121909
5uez_ligand,343,105828
5uez_ligand,344,139965
5uez_ligand,345,95855
5uez_ligand,346,146891
5uez_ligand,347,148993
5uez_ligand,348,163903
5uez_ligand,349,122102
5uez_ligand,350,102003
5uez_ligand,351,136007
5uez_ligand,352,106565
5uez_ligand,353,130075
5uez_ligand,354,95620.4
5uez_ligand,355,144603
5uez_ligand,356,138266
5uez_ligand,357,116643
5uez_ligand,358,192614
5uez_ligand,359,128145
5uez_ligand,360,117720
5uez_ligand,361,118032
5uez_ligand,362,102404
5uez_ligand,363,131808
5uez_ligand,364,88809.8
5uez_ligand,365,140365
5uez_ligand,366,129439
5uez_ligand,367,117625
5uez_ligand,368,109511
5uez_ligand,369,130136
5uez_ligand,370,97916.2
5uez_ligand,371,115888
5uez_ligand,372,154564
5uez_ligand,373,154616
5uez_ligand,374,123910
5uez_ligand,375,95422.7
5uez_ligand,376,127974
5uez_ligand,377,93035.4
5uez_ligand,378,119083
5uez_ligand,379,137039
5uez_ligand,380,102861
5uez_ligand,381,135551
5uez_ligand,382,106147
5uez_ligand,383,140018
5uez_ligand,384,106384
5uez_ligand,385,169613
5uez_ligand,386,128163
5uez_ligand,387,110900
5uez_ligand,388,125226
5uez_ligand,389,122423
5uez_ligand,390,107525
5uez_ligand,391,144543
5uez_ligand,392,98020.2
5uez_ligand,393,105524
5uez_ligand,394,133527
5uez_ligand,395,142016
5uez_ligand,396,156371
5uez_ligand,397,157208
5uez_ligand,398,167808
5uez_ligand,399,112087
5uez_ligand,400,113316
5uez_ligand,401,127901
5uez_ligand,402,129725
5uez_ligand,403,118379
5uez_ligand,404,125077
5uez_ligand,405,130105
5uez_ligand,406,121903
5uez_ligand,407,123458
5uez_ligand,408,101699
5uez_ligand,409,120637
5uez_ligand,410,125255
5uez_ligand,411,98703.9
5uez_ligand,412,173030
5uez_ligand,413,177421
5uez_ligand,414,120941
5uez_ligand,415,117747
5uez_ligand,416,125993
5uez_ligand,417,107717
5uez_ligand,418,108168
5uez_ligand,419,126329
5uez_ligand,420,174256
5uez_ligand,421,150073
5uez_ligand,422,107040
5uez_ligand,423,140166
5uez_ligand,424,134459
5uez_ligand,425,113570
5uez_ligand,426,123966
5uez_ligand,427,157280
5uez_ligand,428,138501
5uez_ligand,429,112802
5uez_ligand,430,109333
5uez_ligand,431,111525
5uez_ligand,432,120621
5uez_ligand,433,125981
5uez_ligand,434,116455
5uez_ligand,435,91528.5
5uez_ligand,436,145554
5uez_ligand,437,144729
5uez_ligand,438,149595
5uez_ligand,439,100333
5uez_ligand,440,113017
5uez_ligand,441,100136
5uez_ligand,442,88877.9
5uez_ligand,443,113054
5uez_ligand,444,107324
5uez_ligand,445,117533
5uez_ligand,446,138475
5uez_ligand,447,119831
5uez_ligand,448,132285
5uez_ligand,449,121305
5uez_ligand,450,137429
5uez_ligand,451,121383
5uez_ligand,452,97734.7
5uez_ligand,453,148976
5uez_ligand,454,128224
5uez_ligand,455,109875
5uez_ligand,456,99480
5uez_ligand,457,129264
5uez_ligand,458,154900
5uez_ligand,459,157160
5uez_ligand,460,125221
5uez_ligand,461,98016.1
5uez_ligand,462,173245
5uez_ligand,463,124631
5uez_ligand,464,99424.7
5uez_ligand,465,105802
5uez_ligand,466,119966
5uez_ligand,467,93441.9
5uez_ligand,468,112396
5uez_ligand,469,110175
5uez_ligand,470,140520
5uez_ligand,471,112818
5uez_ligand,472,116770
5uez_ligand,473,121506
5uez_ligand,474,116730
5uez_ligand,475,128037
5uez_ligand,476,98493.4
5uez_ligand,477,143787
5uez_ligand,478,119397
5uez_ligand,479,105772
5uez_ligand,480,104955
5uez_ligand,481,112284
5uez_ligand,482,101017
5uez_ligand,483,118917
5uez_ligand,484,107816
5uez_ligand,485,118596
5uez_ligand,486,100330
5uez_ligand,487,120066
5uez_ligand,488,116394
5uez_ligand,489,122204
5uez_ligand,490,110174
5uez_ligand,491,138203
5uez_ligand,492,144135
5uez_ligand,493,163569
5uez_ligand,494,103624
5uez_ligand,495,110682
5uez_ligand,496,117077
5uez_ligand,497,139593
5uez_ligand,498,155967
5uez_ligand,499,118398
5uez_ligand,500,113801
5uez_ligand,501,150402
5uez_ligand,502,205053
5uez_ligand,503,140751
5uez_ligand,504,88078.5
5uez_ligand,505,98812.2
5uez_ligand,506,139988
5uez_ligand,507,135546
5uez_ligand,508,99722.5
5uez_ligand,509,110006
5uez_ligand,510,140202
5uez_ligand,511,159774
5uez_ligand,512,104110
5uez_ligand,513,130164
5uez_ligand,514,113615
5uez_ligand,515,123210
5uez_ligand,516,146165
5uez_ligand,517,126124
5uez_ligand,518,111733
5uez_ligand,519,113829
5uez_ligand,520,118223
5uez_ligand,521,115488
5uez_ligand,522,118915
5uez_ligand,523,123254
5uez_ligand,524,190873
5uez_ligand,525,132016
5uez_ligand,526,93251.2
5uez_ligand,527,113273
5uez_ligand,528,170561
5uez_ligand,529,132626
5uez_ligand,530,123107
5uez_ligand,531,133933
5uez_ligand,532,189006
5uez_ligand,533,153283
5uez_ligand,534,109919
5uez_ligand,535,92854.8
5uez_ligand,536,133270
5uez_ligand,537,154646
5uez_ligand,538,161596
5uez_ligand,539,133632
5uez_ligand,540,97978.9
5uez_ligand,541,98663.6
5uez_ligand,542,104744
5uez_ligand,543,102452
5uez_ligand,544,149470
5uez_ligand,545,99032.3
5uez_ligand,546,121948
5uez_ligand,547,146992
5uez_ligand,548,150405
5uez_ligand,549,103372
5uez_ligand,550,129763
5uez_ligand,551,182618
5uez_ligand,552,131082
5uez_ligand,553,100062
5uez_ligand,554,135877
5uez_ligand,555,136370
5uez_ligand,556,135175
5uez_ligand,557,88420.1
5uez_ligand,558,93663
5uez_ligand,559,127195
5uez_ligand,560,97399.5
5uez_ligand,561,98955.3
5uez_ligand,562,130595
5uez_ligand,563,117504
5uez_ligand,564,118280
5uez_ligand,565,133587
5uez_ligand,566,182967
5uez_ligand,567,126451
5uez_ligand,568,89206.7
5uez_ligand,569,104249
5uez_ligand,570,107919
5uez_ligand,571,108058
5uez_ligand,572,114041
5uez_ligand,573,129050
5uez_ligand,574,174628
5uez_ligand,575,119005
5uez_ligand,576,92311.3
5uez_ligand,577,104494
5uez_ligand,578,109731
5uez_ligand,579,93507.4
5uez_ligand,580,112904
5uez_ligand,581,98572.3
5uez_ligand,582,135860
5uez_ligand,583,134312
5uez_ligand,584,194264
5uez_ligand,585,127369
5uez_ligand,586,87943.4
5uez_ligand,587,96805.2
5uez_ligand,588,115891
5uez_ligand,589,109932
5uez_ligand,590,109766
5uez_ligand,591,142840
5uez_ligand,592,175994
5uez_ligand,593,115878
5uez_ligand,594,104874
5uez_ligand,595,100410
5uez_ligand,596,142400
5uez_ligand,597,153917
5uez_ligand,598,94126.2
5uez_ligand,599,125316
5uez_ligand,600,141572
5uez_ligand,601,149886
5uez_ligand,602,87468.9
5uez_ligand,603,130601
5uez_ligand,604,106275
5uez_ligand,605,99747.9
5uez_ligand,606,102504
5uez_ligand,607,146103
5uez_ligand,608,109913
5uez_ligand,609,192921
5uez_ligand,610,123542
5uez_ligand,611,93069.5
5uez_ligand,612,99041
5uez_ligand,613,125823
5uez_ligand,614,100345
5uez_ligand,615,105282
5uez_ligand,616,140551
5uez_ligand,617,126416
5uez_ligand,618,164015
5uez_ligand,619,108513
5uez_ligand,620,96619.3
5uez_ligand,621,166972
5uez_ligand,622,164020
5uez_ligand,623,95436.4
5uez_ligand,624,117729
5uez_ligand,625,128274
5uez_ligand,626,101756
5uez_ligand,627,124053
5uez_ligand,628,155674
5uez_ligand,629,153627
5uez_ligand,630,102210
5uez_ligand,631,104404
5uez_ligand,632,170913
5uez_ligand,633,181098
5uez_ligand,634,129500
5uez_ligand,635,96561.5
5uez_ligand,636,154364
5uez_ligand,637,131728
5uez_ligand,638,139999
5uez_ligand,639,91185
5uez_ligand,640,123278
5uez_ligand,641,143918
5uez_ligand,642,151222
5uez_ligand,643,88963.8
5uez_ligand,644,124644
5uez_ligand,645,107890
5uez_ligand,646,107551
5uez_ligand,647,138850
5uez_ligand,648,175519
5uez_ligand,649,121996
5uez_ligand,650,98406.4
5uez_ligand,651,100982
5uez_ligand,652,109152
5uez_ligand,653,91608
5uez_ligand,654,114853
5uez_ligand,655,97151.6
5uez_ligand,656,126406
5uez_ligand,657,143680
5uez_ligand,658,166948
5uez_ligand,659,122364
5uez_ligand,660,104423
5uez_ligand,661,105551
5uez_ligand,662,103967
5uez_ligand,663,103373
5uez_ligand,664,123338
5uez_ligand,665,137431
5uez_ligand,666,173018
5uez_ligand,667,121016
5uez_ligand,668,135012
5uez_ligand,669,95251.6
5uez_ligand,670,141451
5uez_ligand,671,115599
5uez_ligand,672,162824
5uez_ligand,673,105729
5uez_ligand,674,94904.7
5uez_ligand,675,104121
5uez_ligand,676,139604
5uez_ligand,677,147151
5uez_ligand,678,152944
5uez_ligand,679,86157.7
5uez_ligand,680,121848
5uez_ligand,681,136465
5uez_ligand,682,134501
5uez_ligand,683,176173
5uez_ligand,684,126686
5uez_ligand,685,114736
5uez_ligand,686,115922
5uez_ligand,687,165156
5uez_ligand,688,121078
5uez_ligand,689,95601.6
5uez_ligand,690,101674
5uez_ligand,691,127485
5uez_ligand,692,106740
5uez_ligand,693,174464
5uez_ligand,694,134157
5uez_ligand,695,173366
5uez_ligand,696,111986
5uez_ligand,697,112150
5uez_ligand,698,100052
5uez_ligand,699,92586
5uez_ligand,700,107183
5uez_ligand,701,111049
5uez_ligand,702,132263
5uez_ligand,703,104828
5uez_ligand,704,136384
5uez_ligand,705,138438
5uez_ligand,706,165337
5uez_ligand,707,107210
5uez_ligand,708,113250
5uez_ligand,709,143069
5uez_ligand,710,94631.2
5uez_ligand,711,121996
5uez_ligand,712,124692
5uez_ligand,713,146457
5uez_ligand,714,106531
5uez_ligand,715,108417
5uez_ligand,716,176793
5uez_ligand,717,173804
5uez_ligand,718,112603
5uez_ligand,719,101415
5uez_ligand,720,90223.3
5uez_ligand,721,132665
5uez_ligand,722,151789
5uez_ligand,723,104227
5uez_ligand,724,97618.5
5uez_ligand,725,116221
5uez_ligand,726,151131
5uez_ligand,727,121768
5uez_ligand,728,143385
5uez_ligand,729,116186
5uez_ligand,730,151647
5uez_ligand,731,139353
5uez_ligand,732,160020
5uez_ligand,733,108671
5uez_ligand,734,139608
5uez_ligand,735,204939
5uez_ligand,736,149526
5uez_ligand,737,120739
5uez_ligand,738,132365
5uez_ligand,739,99034.3
5uez_ligand,740,125958
5uez_ligand,741,135187
5uez_ligand,742,188460
5uez_ligand,743,130386
5uez_ligand,744,118745
5uez_ligand,745,120220
5uez_ligand,746,164593
5uez_ligand,747,117122
5uez_ligand,748,100102
5uez_ligand,749,134328
5uez_ligand,750,162438
5uez_ligand,751,100475
5uez_ligand,752,96794.6
5uez_ligand,753,114123
5uez_ligand,754,105451
5uez_ligand,755,98600.4
5uez_ligand,756,118322
5uez_ligand,757,128460
5uez_ligand,758,159557
5uez_ligand,759,135029
5uez_ligand,760,135804
5uez_ligand,761,92795.5
5uez_ligand,762,99182.8
5uez_ligand,763,101537
5uez_ligand,764,154479
5uez_ligand,765,180384
5uez_ligand,766,114999
5uez_ligand,767,106168
5uez_ligand,768,103784
5uez_ligand,769,102238
5uez_ligand,770,91511
5uez_ligand,771,108709
5uez_ligand,772,134081
5uez_ligand,773,134528
5uez_ligand,774,143739
5uez_ligand,775,98853.3
5uez_ligand,776,133579
5uez_ligand,777,167142
5uez_ligand,778,164775
5uez_ligand,779,127867
5uez_ligand,780,99947.6
5uez_ligand,781,105633
5uez_ligand,782,124756
5uez_ligand,783,106653
5uez_ligand,784,104640
5uez_ligand,785,114365
5uez_ligand,786,138052
5uez_ligand,787,152012
5uez_ligand,788,108352
5uez_ligand,789,126891
5uez_ligand,790,151818
5uez_ligand,791,168981
5uez_ligand,792,118531
5uez_ligand,793,94830.5
5uez_ligand,794,105690
5uez_ligand,795,125967
5uez_ligand,796,110436
5uez_ligand,797,126745
5uez_ligand,798,151353
5uez_ligand,799,157785
5uez_ligand,800,156781
5uez_ligand,801,102481
5uez_ligand,802,95225
5uez_ligand,803,86662.7
5uez_ligand,804,99156.6
5uez_ligand,805,105108
5uez_ligand,806,110111
5uez_ligand,807,126632
5uez_ligand,808,164393
5uez_ligand,809,98867.2
5uez_ligand,810,102819
5uez_ligand,811,111033
5uez_ligand,812,108328
5uez_ligand,813,136033
5uez_ligand,814,169052
5uez_ligand,815,118936
5uez_ligand,816,97660.3
5uez_ligand,817,106126
5uez_ligand,818,142475
5uez_ligand,819,106210
5uez_ligand,820,126716
5uez_ligand,821,138121
5uez_ligand,822,160854
5uez_ligand,823,105681
5uez_ligand,824,90871.6
5uez_ligand,825,101676
5uez_ligand,826,139861
5uez_ligand,827,125009
5uez_ligand,828,141887
5uez_ligand,829,94431.6
5uez_ligand,830,157024
5uez_ligand,831,178393
5uez_ligand,832,165157
5uez_ligand,833,116478
5uez_ligand,834,118772
5uez_ligand,835,132873
5uez_ligand,836,115287
5uez_ligand,837,123368
5uez_ligand,838,143490
5uez_ligand,839,166044
5uez_ligand,840,107613
5uez_ligand,841,107611
5uez_ligand,842,121407
5uez_ligand,843,121710
5uez_ligand,844,151999
5uez_ligand,845,140917
5uez_ligand,846,132631
5uez_ligand,847,101336
5uez_ligand,848,152629
5uez_ligand,849,196295
5uez_ligand,850,191501
5uez_ligand,851,121806
5uez_ligand,852,113563
5uez_ligand,853,142988
5uez_ligand,854,117431
5uez_ligand,855,113089
5uez_ligand,856,124870
5uez_ligand,857,219011
5uez_ligand,858,134541
5uez_ligand,859,96948.5
5uez_ligand,860,101979
5uez_ligand,861,105209
5uez_ligand,862,126663
5uez_ligand,863,120373
5uez_ligand,864,116984
5uez_ligand,865,113913
5uez_ligand,866,130888
5uez_ligand,867,97622.3
5uez_ligand,868,140326
5uez_ligand,869,169525
5uez_ligand,870,175287
5uez_ligand,871,115433
5uez_ligand,872,95904.1
5uez_ligand,873,100991
5uez_ligand,874,97033.6
5uez_ligand,875,103201
5uez_ligand,876,107834
5uez_ligand,877,165944
5uez_ligand,878,107626
5uez_ligand,879,92925.5
5uez_ligand,880,109880
5uez_ligand,881,136028
5uez_ligand,882,97356.7
5uez_ligand,883,136249
5uez_ligand,884,136401
5uez_ligand,885,135994
5uez_ligand,886,112011
5uez_ligand,887,123685
5uez_ligand,888,128183
5uez_ligand,889,148961
5uez_ligand,890,97903.9
5uez_ligand,891,107555
5uez_ligand,892,112189
5uez_ligand,893,107059
5uez_ligand,894,141380
5uez_ligand,895,188557
5uez_ligand,896,120322
5uez_ligand,897,90895.8
5uez_ligand,898,105112
5uez_ligand,899,94401.4
5uez_ligand,900,98485.4
5uez_ligand,901,100523
5uez_ligand,902,144741
5uez_ligand,903,157527
5uez_ligand,904,135515
5uez_ligand,905,120031
5uez_ligand,906,109741
5uez_ligand,907,126997
5uez_ligand,908,175183
5uez_ligand,909,148799
5uez_ligand,910,105671
5uez_ligand,911,88077.1
5uez_ligand,912,115500
5uez_ligand,913,127759
5uez_ligand,914,106390
5uez_ligand,915,130323
5uez_ligand,916,143625
5uez_ligand,917,156091
5uez_ligand,918,102537
5uez_ligand,919,102242
5uez_ligand,920,100438
5uez_ligand,921,94545.5
5uez_ligand,922,105649
5uez_ligand,923,110069
5uez_ligand,924,135447
5uez_ligand,925,147334
5uez_ligand,926,144361
5uez_ligand,927,104868
5uez_ligand,928,121388
5uez_ligand,929,122646
5uez_ligand,930,126409
5uez_ligand,931,134899
5uez_ligand,932,183343
5uez_ligand,933,121613
5uez_ligand,934,101037
5uez_ligand,935,162128
5uez_ligand,936,155062
5uez_ligand,937,161961
5uez_ligand,938,126390
5uez_ligand,939,89918
5uez_ligand,940,147622
5uez_ligand,941,172843
5uez_ligand,942,143041
5uez_ligand,943,101521
5uez_ligand,944,88980
5uez_ligand,945,111714
5uez_ligand,946,129852
5uez_ligand,947,100053
5uez_ligand,948,134411
5uez_ligand,949,135357
5uez_ligand,950,133555
5uez_ligand,951,114611
5uez_ligand,952,117572
5uez_ligand,953,117525
5uez_ligand,954,143078
5uez_ligand,955,168221
5uez_ligand,956,164665
5uez_ligand,957,113243
5uez_ligand,958,93671.2
5uez_ligand,959,95529.7
5uez_ligand,960,102416
5uez_ligand,961,110984
5uez_ligand,962,120492
5uez_ligand,963,135072
5uez_ligand,964,126798
5uez_ligand,965,157035
5uez_ligand,966,117808
5uez_ligand,967,97718.2
5uez_ligand,968,94027.3
5uez_ligand,969,106806
5uez_ligand,970,100529
5uez_ligand,971,137976
5uez_ligand,972,142010
5uez_ligand,973,106910
5uez_ligand,974,143952
5uez_ligand,975,171751
5uez_ligand,976,153213
5uez_ligand,977,92804.4
5uez_ligand,978,112635
5uez_ligand,979,114870
5uez_ligand,980,97653.9
5uez_ligand,981,136518
5uez_ligand,982,117736
5uez_ligand,983,151498
5uez_ligand,984,157883
5uez_ligand,985,156483
5uez_ligand,986,101939
5uez_ligand,987,131126
5uez_ligand,988,145165
5uez_ligand,989,147405
5uez_ligand,990,131888
5uez_ligand,991,113259
5uez_ligand,992,125097
5uez_ligand,993,135661
5uez_ligand,994,165736
5uez_ligand,995,117570
5uez_ligand,996,89440
5uez_ligand,997,107505
5uez_ligand,998,104991
5uez_ligand,999,100508
5uez_ligand,1000,134782
5uez_ligand,1001,146008
5uez_ligand,1002,105296
5uez_ligand,1003,134029
5uez_ligand,1004,131330
5uez_ligand,1005,147386
5uez_ligand,1006,94178
5uez_ligand,1007,116031
5uez_ligand,1008,122332
5uez_ligand,1009,138994
5uez_ligand,1010,109565
5uez_ligand,1011,148239
5uez_ligand,1012,123558
5uez_ligand,1013,137684
5uez_ligand,1014,100938
5uez_ligand,1015,156043
5uez_ligand,1016,181998
5uez_ligand,1017,164287
5uez_ligand,1018,110193
5uez_ligand,1019,111742
5uez_ligand,1020,160622
5uez_ligand,1021,123340
5uez_ligand,1022,117774
5uez_ligand,1023,96864.8
5uez_ligand,1024,148368
5uez_ligand,1025,137766
5uez_ligand,1026,157633
5uez_ligand,1027,97729.7
5uez_ligand,1028,152164
5uez_ligand,1029,132655
5uez_ligand,1030,160644
5uez_ligand,1031,92992.2
5uez_ligand,1032,106824
5uez_ligand,1033,120219
5uez_ligand,1034,114398
5uez_ligand,1035,146492
5uez_ligand,1036,136676
5uez_ligand,1037,142921
5uez_ligand,1038,89933.2
5uez_ligand,1039,130684
5uez_ligand,1040,170210
5uez_ligand,1041,152948
5uez_ligand,1042,96781.8
5uez_ligand,1043,111500
5uez_ligand,1044,126240
5uez_ligand,1045,108090
5uez_ligand,1046,129657
5uez_ligand,1047,145680
5uez_ligand,1048,136325
5uez_ligand,1049,127460
5uez_ligand,1050,104834
5uez_ligand,1051,134584
5uez_ligand,1052,200024
5uez_ligand,1053,172754
5uez_ligand,1054,108301
5uez_ligand,1055,102477
5uez_ligand,1056,101468
5uez_ligand,1057,98035
5uez_ligand,1058,108788
5uez_ligand,1059,104421
5uez_ligand,1060,127228
5uez_ligand,1061,99995.2
5uez_ligand,1062,104262
5uez_ligand,1063,139058
5uez_ligand,1064,119308
5uez_ligand,1065,120585
5uez_ligand,1066,135840
5uez_ligand,1067,116145
5uez_ligand,1068,122780
5uez_ligand,1069,145386
5uez_ligand,1070,137221
5uez_ligand,1071,102836
5uez_ligand,1072,111227
5uez_ligand,1073,133243
5uez_ligand,1074,122518
5uez_ligand,1075,111922
5uez_ligand,1076,129137
5uez_ligand,1077,181692
5uez_ligand,1078,194564
5uez_ligand,1079,120219
5uez_ligand,1080,121424
5uez_ligand,1081,139150
5uez_ligand,1082,148741
5uez_ligand,1083,148428
5uez_ligand,1084,91965.7
5uez_ligand,1085,102951
5uez_ligand,1086,134289
5uez_ligand,1087,122450
5uez_ligand,1088,84433.3
5uez_ligand,1089,100652
5uez_ligand,1090,128247
5uez_ligand,1091,130110
5uez_ligand,1092,124806
5uez_ligand,1093,101609
5uez_ligand,1094,133776
5uez_ligand,1095,137752
5uez_ligand,1096,136594
5uez_ligand,1097,99813.4
5uez_ligand,1098,109006
5uez_ligand,1099,114222
5uez_ligand,1100,121356
5uez_ligand,1101,116021
5uez_ligand,1102,134765
5uez_ligand,1103,156968
5uez_ligand,1104,150577
5uez_ligand,1105,96977.5
5uez_ligand,1106,102065
5uez_ligand,1107,102496
5uez_ligand,1108,109619
5uez_ligand,1109,131979
5uez_ligand,1110,119939
5uez_ligand,1111,125963
5uez_ligand,1112,125346
5uez_ligand,1113,149169
5uez_ligand,1114,203588
5uez_ligand,1115,154815
5uez_ligand,1116,110085
5uez_ligand,1117,108040
5uez_ligand,1118,91739
5uez_ligand,1119,113348
5uez_ligand,1120,129995
5uez_ligand,1121,103312
5uez_ligand,1122,138620
5uez_ligand,1123,164201
5uez_ligand,1124,144780
5uez_ligand,1125,106394
5uez_ligand,1126,96756.1
5uez_ligand,1127,106804
5uez_ligand,1128,114152
5uez_ligand,1129,116209
5uez_ligand,1130,131529
5uez_ligand,1131,114666
5uez_ligand,1132,120049
5uez_ligand,1133,122191
5uez_ligand,1134,138137
5uez_ligand,1135,120332
5uez_ligand,1136,134839
5uez_ligand,1137,121930
5uez_ligand,1138,140810
5uez_ligand,1139,180948
5uez_ligand,1140,172271
5uez_ligand,1141,123695
5uez_ligand,1142,93070.4
5uez_ligand,1143,87856.9
5uez_ligand,1144,87843.1
5uez_ligand,1145,120688
5uez_ligand,1146,118179
5uez_ligand,1147,109348
5uez_ligand,1148,125007
5uez_ligand,1149,165577
5uez_ligand,1150,127902
5uez_ligand,1151,119800
5uez_ligand,1152,107012
5uez_ligand,1153,139804
5uez_ligand,1154,149230
5uez_ligand,1155,133420
5uez_ligand,1156,95437.1
5uez_ligand,1157,145871
5uez_ligand,1158,196168
5uez_ligand,1159,165103
5uez_ligand,1160,120060
5uez_ligand,1161,87472
5uez_ligand,1162,113063
5uez_ligand,1163,118375
5uez_ligand,1164,171265
5uez_ligand,1165,110542
5uez_ligand,1166,102345
5uez_ligand,1167,122337
5uez_ligand,1168,128082
5uez_ligand,1169,96672
5uez_ligand,1170,139690
5uez_ligand,1171,133117
5uez_ligand,1172,120778
5uez_ligand,1173,113950
5uez_ligand,1174,123638
5uez_ligand,1175,127587
5uez_ligand,1176,148652
5uez_ligand,1177,143098
5uez_ligand,1178,136099
5uez_ligand,1179,94342.9
5uez_ligand,1180,138924
5uez_ligand,1181,126969
5uez_ligand,1182,211989
5uez_ligand,1183,128010
5uez_ligand,1184,113749
5uez_ligand,1185,119533
5uez_ligand,1186,163268
5uez_ligand,1187,124950
5uez_ligand,1188,113089
5uez_ligand,1189,123453
5uez_ligand,1190,174383
5uez_ligand,1191,110071
5uez_ligand,1192,109450
5uez_ligand,1193,177945
5uez_ligand,1194,108228
5uez_ligand,1195,88095.3
5uez_ligand,1196,106106
5uez_ligand,1197,126400
5uez_ligand,1198,147054
5uez_ligand,1199,145675
5uez_ligand,1200,113367
5uez_ligand,1201,115654
5uez_ligand,1202,128839
5uez_ligand,1203,153253
5uez_ligand,1204,147661
5uez_ligand,1205,148598
5uez_ligand,1206,91126.8
5uez_ligand,1207,128092
5uez_ligand,1208,120583
5uez_ligand,1209,143521
5uez_ligand,1210,127031
5uez_ligand,1211,103377
5uez_ligand,1212,97683.5
5uez_ligand,1213,102544
5uez_ligand,1214,146736
5uez_ligand,1215,133503
5uez_ligand,1216,106171
5uez_ligand,1217,113633
5uez_ligand,1218,124845
5uez_ligand,1219,131590
5uez_ligand,1220,124158
5uez_ligand,1221,165298
5uez_ligand,1222,143940
5uez_ligand,1223,148191
5uez_ligand,1224,127730
5uez_ligand,1225,125267
5uez_ligand,1226,110007
5uez_ligand,1227,150766
5uez_ligand,1228,160827
5uez_ligand,1229,171763
5uez_ligand,1230,105071
5uez_ligand,1231,88991.3
5uez_ligand,1232,117221
5uez_ligand,1233,99843
5uez_ligand,1234,114295
5uez_ligand,1235,106115
5uez_ligand,1236,93673.2
5uez_ligand,1237,106824
5uez_ligand,1238,119150
5uez_ligand,1239,120225
5uez_ligand,1240,166972
5uez_ligand,1241,129497
5uez_ligand,1242,128359
5uez_ligand,1243,105395
5uez_ligand,1244,155748
5uez_ligand,1245,162543
5uez_ligand,1246,166512
5uez_ligand,1247,105740
5uez_ligand,1248,124430
5uez_ligand,1249,138176
5uez_ligand,1250,150907
5uez_ligand,1251,132980
5uez_ligand,1252,95405.7
5uez_ligand,1253,154187
5uez_ligand,1254,140727
5uez_ligand,1255,147497
5uez_ligand,1256,91036.9
5uez_ligand,1257,122922
5uez_ligand,1258,127676
5uez_ligand,1259,110607
5uez_ligand,1260,120037
5uez_ligand,1261,131802
5uez_ligand,1262,118427
5uez_ligand,1263,129214
5uez_ligand,1264,136963
5uez_ligand,1265,140137
5uez_ligand,1266,90182.8
5uez_ligand,1267,108782
5uez_ligand,1268,110631
5uez_ligand,1269,135770
5uez_ligand,1270,122704
5uez_ligand,1271,131628
5uez_ligand,1272,156005
5uez_ligand,1273,125666
5uez_ligand,1274,138573
5uez_ligand,1275,102660
5uez_ligand,1276,148157
5uez_ligand,1277,147219
5uez_ligand,1278,135853
5uez_ligand,1279,103167
5uez_ligand,1280,155099
5uez_ligand,1281,153875
5uez_ligand,1282,164152
5uez_ligand,1283,98360.7
5uez_ligand,1284,134255
5uez_ligand,1285,147664
5uez_ligand,1286,107736
5uez_ligand,1287,117079
5uez_ligand,1288,135289
5uez_ligand,1289,123741
5uez_ligand,1290,107436
5uez_ligand,1291,117504
5uez_ligand,1292,121852
5uez_ligand,1293,147737
5uez_ligand,1294,126469
5uez_ligand,1295,106593
5uez_ligand,1296,128033
5uez_ligand,1297,159837
5uez_ligand,1298,138007
5uez_ligand,1299,138134
5uez_ligand,1300,90509
5uez_ligand,1301,173339
5uez_ligand,1302,135980
5uez_ligand,1303,133661
5uez_ligand,1304,112636
5uez_ligand,1305,121787
5uez_ligand,1306,159997
5uez_ligand,1307,190402
5uez_ligand,1308,119329
5uez_ligand,1309,107595
5uez_ligand,1310,100267
5uez_ligand,1311,102733
5uez_ligand,1312,125120
5uez_ligand,1313,105349
5uez_ligand,1314,124128
5uez_ligand,1315,127716
5uez_ligand,1316,175131
5uez_ligand,1317,162171
5uez_ligand,1318,127298
5uez_ligand,1319,104460
5uez_ligand,1320,119724
5uez_ligand,1321,124228
5uez_ligand,1322,119268
5uez_ligand,1323,93173.9
5uez_ligand,1324,120392
5uez_ligand,1325,175931
5uez_ligand,1326,153541
5uez_ligand,1327,107032
5uez_ligand,1328,89700.7
5uez_ligand,1329,120503
5uez_ligand,1330,127333
5uez_ligand,1331,100339
5uez_ligand,1332,138387
5uez_ligand,1333,131799
5uez_ligand,1334,132917
5uez_ligand,1335,117260
5uez_ligand,1336,117641
5uez_ligand,1337,117642
5uez_ligand,1338,139401
5uez_ligand,1339,194911
5uez_ligand,1340,163492
5uez_ligand,1341,99574.4
5uez_ligand,1342,103616
5uez_ligand,1343,111594
5uez_ligand,1344,114624
5uez_ligand,1345,129130
5uez_ligand,1346,134617
5uez_ligand,1347,111720
5uez_ligand,1348,125774
5uez_ligand,1349,136679
5uez_ligand,1350,125840
5uez_ligand,1351,110821
5uez_ligand,1352,112769
5uez_ligand,1353,106405
5uez_ligand,1354,142315
5uez_ligand,1355,171976
5uez_ligand,1356,129305
5uez_ligand,1357,113629
5uez_ligand,1358,184081
5uez_ligand,1359,146108
5uez_ligand,1360,153452
5uez_ligand,1361,89039.5
5uez_ligand,1362,108321
5uez_ligand,1363,132329
5uez_ligand,1364,101361
5uez_ligand,1365,131987
5uez_ligand,1366,104531
5uez_ligand,1367,137045
5uez_ligand,1368,98609.1
5uez_ligand,1369,128446
5uez_ligand,1370,139030
5uez_ligand,1371,189370
5uez_ligand,1372,125517
5uez_ligand,1373,122801
5uez_ligand,1374,107042
5uez_ligand,1375,123092
5uez_ligand,1376,107792
5uez_ligand,1377,149163
5uez_ligand,1378,99921.2
5uez_ligand,1379,148977
5uez_ligand,1380,167056
5uez_ligand,1381,167440
5uez_ligand,1382,137827
5uez_ligand,1383,102206
5uez_ligand,1384,91483.7
5uez_ligand,1385,95561.1
5uez_ligand,1386,101127
5uez_ligand,1387,118082
5uez_ligand,1388,98097.4
5uez_ligand,1389,114307
5uez_ligand,1390,118686
5uez_ligand,1391,139577
5uez_ligand,1392,167992
5uez_ligand,1393,130526
5uez_ligand,1394,110297
5uez_ligand,1395,98191.6
5uez_ligand,1396,129158
5uez_ligand,1397,139781
5uez_ligand,1398,127844
5uez_ligand,1399,132185
5uez_ligand,1400,181862
5uez_ligand,1401,117017
5uez_ligand,1402,114300
5uez_ligand,1403,114234
5uez_ligand,1404,161171
5uez_ligand,1405,149687
5uez_ligand,1406,157627
5uez_ligand,1407,105809
5uez_ligand,1408,102150
5uez_ligand,1409,124245
5uez_ligand,1410,113411
5uez_ligand,1411,145732
5uez_ligand,1412,142394
5uez_ligand,1413,128833
5uez_ligand,1414,102303
5uez_ligand,1415,139060
5uez_ligand,1416,193805
5uez_ligand,1417,184775
5uez_ligand,1418,117643
5uez_ligand,1419,98952.8
5uez_ligand,1420,100007
5uez_ligand,1421,125214
5uez_ligand,1422,95719.9
5uez_ligand,1423,116019
5uez_ligand,1424,102477
5uez_ligand,1425,143444
5uez_ligand,1426,105773
5uez_ligand,1427,194356
5uez_ligand,1428,136304
5uez_ligand,1429,116274
5uez_ligand,1430,93167.7
5uez_ligand,1431,112690
5uez_ligand,1432,94782
5uez_ligand,1433,120433
5uez_ligand,1434,88038.1
5uez_ligand,1435,118936
5uez_ligand,1436,93045.6
5uez_ligand,1437,128887
5uez_ligand,1438,98517.3
5uez_ligand,1439,128231
5uez_ligand,1440,117174
5uez_ligand,1441,171658
5uez_ligand,1442,116334
5uez_ligand,1443,116434
5uez_ligand,1444,110105
5uez_ligand,1445,141010
5uez_ligand,1446,106044
5uez_ligand,1447,148444
5uez_ligand,1448,99269.1
5uez_ligand,1449,128541
5uez_ligand,1450,169878
5uez_ligand,1451,145783
5uez_ligand,1452,97070.5
5uez_ligand,1453,135818
5uez_ligand,1454,143895
5uez_ligand,1455,133041
5uez_ligand,1456,107573
5uez_ligand,1457,119604
5uez_ligand,1458,148009
5uez_ligand,1459,132896
5uez_ligand,1460,109244
5uez_ligand,1461,135263
5uez_ligand,1462,122581
5uez_ligand,1463,143311
5uez_ligand,1464,153057
5uez_ligand,1465,164098
5uez_ligand,1466,92387.8
5uez_ligand,1467,115501
5uez_ligand,1468,124619
5uez_ligand,1469,107095
5uez_ligand,1470,126900
5uez_ligand,1471,161356
5uez_ligand,1472,154321
5uez_ligand,1473,99804.4
5uez_ligand,1474,114850
5uez_ligand,1475,115074
5uez_ligand,1476,117502
5uez_ligand,1477,141262
5uez_ligand,1478,164214
5uez_ligand,1479,166101
5uez_ligand,1480,122849
5uez_ligand,1481,120153
5uez_ligand,1482,89740.9
5uez_ligand,1483,116100
5uez_ligand,1484,118911
5uez_ligand,1485,112313
5uez_ligand,1486,132264
5uez_ligand,1487,131407
5uez_ligand,1488,194799
5uez_ligand,1489,133544
5uez_ligand,1490,122433
5uez_ligand,1491,96492.9
5uez_ligand,1492,156356
5uez_ligand,1493,168747
5uez_ligand,1494,155822
5uez_ligand,1495,99020.2
5uez_ligand,1496,90804.7
5uez_ligand,1497,114322
5uez_ligand,1498,97153.6
5uez_ligand,1499,106571
5uez_ligand,1500,122863
5uez_ligand,1501,108178
5uez_ligand,1502,139195
5uez_ligand,1503,137200
5uez_ligand,1504,124854
5uez_ligand,1505,112929
5uez_ligand,1506,130067
5uez_ligand,1507,140562
5uez_ligand,1508,125750
5uez_ligand,1509,120652
5uez_ligand,1510,100013
5uez_ligand,1511,93672.9
5uez_ligand,1512,126452
5uez_ligand,1513,119960
5uez_ligand,1514,103471
5uez_ligand,1515,126566
5uez_ligand,1516,145620
5uez_ligand,1517,151842
5uez_ligand,1518,95776.4
5uez_ligand,1519,109798
5uez_ligand,1520,127945
5uez_ligand,1521,103836
5uez_ligand,1522,108632
5uez_ligand,1523,120779
5uez_ligand,1524,146994
5uez_ligand,1525,128064
5uez_ligand,1526,114263
5uez_ligand,1527,108908
5uez_ligand,1528,116235
5uez_ligand,1529,155051
5uez_ligand,1530,182374
5uez_ligand,1531,145724
5uez_ligand,1532,91223.3
5uez_ligand,1533,143740
5uez_ligand,1534,136744
5uez_ligand,1535,136933
5uez_ligand,1536,132456
5uez_ligand,1537,121733
5uez_ligand,1538,106812
5uez_ligand,1539,161798
5uez_ligand,1540,216138
5uez_ligand,1541,176153
5uez_ligand,1542,104592
5uez_ligand,1543,89142.7
5uez_ligand,1544,113332
5uez_ligand,1545,117226
5uez_ligand,1546,107227
5uez_ligand,1547,113138
5uez_ligand,1548,109530
5uez_ligand,1549,114047
5uez_ligand,1550,99969.2
5uez_ligand,1551,123023
5uez_ligand,1552,111782
5uez_ligand,1553,143698
5uez_ligand,1554,106771
5uez_ligand,1555,157044
5uez_ligand,1556,163754
5uez_ligand,1557,147873
5uez_ligand,1558,96721.1
5uez_ligand,1559,125920
5uez_ligand,1560,136040
5uez_ligand,1561,158417
5uez_ligand,1562,137562
5uez_ligand,1563,134384
5uez_ligand,1564,102796
5uez_ligand,1565,136926
5uez_ligand,1566,126044
5uez_ligand,1567,99242.4
5uez_ligand,1568,104684
5uez_ligand,1569,120797
5uez_ligand,1570,114266
5uez_ligand,1571,134989
5uez_ligand,1572,190936
5uez_ligand,1573,172211
5uez_ligand,1574,100947
5uez_ligand,1575,92803.4
5uez_ligand,1576,108791
5uez_ligand,1577,105238
5uez_ligand,1578,109767
5uez_ligand,1579,103512
5uez_ligand,1580,115894
5uez_ligand,1581,118100
5uez_ligand,1582,130348
5uez_ligand,1583,122974
5uez_ligand,1584,155116
5uez_ligand,1585,144038
5uez_ligand,1586,115184
5uez_ligand,1587,99920.8
5uez_ligand,1588,122359
5uez_ligand,1589,136564
5uez_ligand,1590,154660
5uez_ligand,1591,145995
5uez_ligand,1592,115362
5uez_ligand,1593,103826
5uez_ligand,1594,102912
5uez_ligand,1595,120390
5uez_ligand,1596,161688
5uez_ligand,1597,116374
5uez_ligand,1598,94162
5uez_ligand,1599,114433
5uez_ligand,1600,126854
5uez_ligand,1601,135135
5uez_ligand,1602,109051
5uez_ligand,1603,108277
5uez_ligand,1604,123218
5uez_ligand,1605,140285
5uez_ligand,1606,159900
5uez_ligand,1607,152953
5uez_ligand,1608,113600
5uez_ligand,1609,101694
5uez_ligand,1610,115656
5uez_ligand,1611,126053
5uez_ligand,1612,111272
5uez_ligand,1613,120879
5uez_ligand,1614,118480
5uez_ligand,1615,123474
5uez_ligand,1616,140898
5uez_ligand,1617,179712
5uez_ligand,1618,165518
5uez_ligand,1619,124104
5uez_ligand,1620,122516
5uez_ligand,1621,121878
5uez_ligand,1622,124978
5uez_ligand,1623,167514
5uez_ligand,1624,132026
5uez_ligand,1625,111980
5uez_ligand,1626,126966
5uez_ligand,1627,196551
5uez_ligand,1628,111547
5uez_ligand,1629,97996.1
5uez_ligand,1630,103909
5uez_ligand,1631,118551
5uez_ligand,1632,97893.1
5uez_ligand,1633,114460
5uez_ligand,1634,122831
5uez_ligand,1635,180825
5uez_ligand,1636,125794
5uez_ligand,1637,177020
5uez_ligand,1638,154680
5uez_ligand,1639,131565
5uez_ligand,1640,90318.4
5uez_ligand,1641,119013
5uez_ligand,1642,166553
5uez_ligand,1643,151992
5uez_ligand,1644,126974
5uez_ligand,1645,118778
5uez_ligand,1646,108784
5uez_ligand,1647,129177
5uez_ligand,1648,119954
5uez_ligand,1649,154418
5uez_ligand,1650,163633
5uez_ligand,1651,166093
5uez_ligand,1652,94931.7
5uez_ligand,1653,138220
5uez_ligand,1654,160435
5uez_ligand,1655,140974
5uez_ligand,1656,116848
5uez_ligand,1657,114136
5uez_ligand,1658,122806
5uez_ligand,1659,143373
5uez_ligand,1660,138857
5uez_ligand,1661,105279
5uez_ligand,1662,131130
5uez_ligand,1663,125830
5uez_ligand,1664,115833
5uez_ligand,1665,96383.7
5uez_ligand,1666,125486
5uez_ligand,1667,109519
5uez_ligand,1668,122409
5uez_ligand,1669,114353
5uez_ligand,1670,124008
5uez_ligand,1671,109266
5uez_ligand,1672,122517
5uez_ligand,1673,120010
5uez_ligand,1674,147009
5uez_ligand,1675,143474
5uez_ligand,1676,144708
5uez_ligand,1677,118855
5uez_ligand,1678,129573
5uez_ligand,1679,166882
5uez_ligand,1680,186079
5uez_ligand,1681,147095
5uez_ligand,1682,94984.3
5uez_ligand,1683,108934
5uez_ligand,1684,116435
5uez_ligand,1685,235703
5uez_ligand,1686,146310
5uez_ligand,1687,123843
5uez_ligand,1688,110627
5uez_ligand,1689,123459
5uez_ligand,1690,123745
5uez_ligand,1691,103053
5uez_ligand,1692,113920
5uez_ligand,1693,140923
5uez_ligand,1694,225148
5uez_ligand,1695,165769
5uez_ligand,1696,111933
5uez_ligand,1697,110234
5uez_ligand,1698,94598.5
5uez_ligand,1699,105316
5uez_ligand,1700,132082
5uez_ligand,1701,123241
5uez_ligand,1702,103413
5uez_ligand,1703,99832.3
5uez_ligand,1704,104843
5uez_ligand,1705,115371
5uez_ligand,1706,118847
5uez_ligand,1707,106003
5uez_ligand,1708,114067
5uez_ligand,1709,99716.5
5uez_ligand,1710,118441
5uez_ligand,1711,157798
5uez_ligand,1712,138849
5uez_ligand,1713,112234
5uez_ligand,1714,106343
5uez_ligand,1715,117831
5uez_ligand,1716,112634
5uez_ligand,1717,114602
5uez_ligand,1718,92907.7
5uez_ligand,1719,117776
5uez_ligand,1720,115639
5uez_ligand,1721,99234.9
5uez_ligand,1722,128944
5uez_ligand,1723,139430
5uez_ligand,1724,119441
5uez_ligand,1725,111329
5uez_ligand,1726,114354
5uez_ligand,1727,133086
5uez_ligand,1728,172912
5uez_ligand,1729,122617
5uez_ligand,1730,117890
5uez_ligand,1731,89831.2
5uez_ligand,1732,112740
5uez_ligand,1733,114933
5uez_ligand,1734,203629
5uez_ligand,1735,119392
5uez_ligand,1736,125099
5uez_ligand,1737,108889
5uez_ligand,1738,139612
5uez_ligand,1739,108226
5uez_ligand,1740,129817
5uez_ligand,1741,143697
5uez_ligand,1742,148815
5uez_ligand,1743,104388
5uez_ligand,1744,123124
5uez_ligand,1745,130956
5uez_ligand,1746,123577
5uez_ligand,1747,131301
5uez_ligand,1748,161333
5uez_ligand,1749,142466
5uez_ligand,1750,147814
5uez_ligand,1751,111553
5uez_ligand,1752,118735
5uez_ligand,1753,157374
5uez_ligand,1754,143123
5uez_ligand,1755,100998
5uez_ligand,1756,130943
5uez_ligand,1757,149973
5uez_ligand,1758,164090
5uez_ligand,1759,117770
5uez_ligand,1760,102933
5uez_ligand,1761,103374
5uez_ligand,1762,116633
5uez_ligand,1763,96845.9
5uez_ligand,1764,125485
5uez_ligand,1765,115226
5uez_ligand,1766,125636
5uez_ligand,1767,98099.1
5uez_ligand,1768,111571
5uez_ligand,1769,123659
5uez_ligand,1770,140020
5uez_ligand,1771,125050
5uez_ligand,1772,161736
5uez_ligand,1773,171158
5uez_ligand,1774,165415
5uez_ligand,1775,109757
5uez_ligand,1776,89436
5uez_ligand,1777,120117
5uez_ligand,1778,124645
5uez_ligand,1779,112338
5uez_ligand,1780,139488
5uez_ligand,1781,175706
5uez_ligand,1782,158131
5uez_ligand,1783,111939
5uez_ligand,1784,112641
5uez_ligand,1785,123164
5uez_ligand,1786,131942
5uez_ligand,1787,122704
5uez_ligand,1788,152987
5uez_ligand,1789,152585
5uez_ligand,1790,117709
5uez_ligand,1791,95781.3
5uez_ligand,1792,130772
5uez_ligand,1793,206716
5uez_ligand,1794,180583
5uez_ligand,1795,124312
5uez_ligand,1796,104642
5uez_ligand,1797,101644
5uez_ligand,1798,113356
5uez_ligand,1799,126619
5uez_ligand,1800,113276
5uez_ligand,1801,123392
5uez_ligand,1802,126681
5uez_ligand,1803,112326
5uez_ligand,1804,135012
5uez_ligand,1805,105706
5uez_ligand,1806,127260
5uez_ligand,1807,110913
5uez_ligand,1808,119718
5uez_ligand,1809,153214
5uez_ligand,1810,210629
5uez_ligand,1811,126924
5uez_ligand,1812,122643
5uez_ligand,1813,109297
5uez_ligand,1814,119234
5uez_ligand,1815,128109
5uez_ligand,1816,169522
5uez_ligand,1817,164659
5uez_ligand,1818,156949
5uez_ligand,1819,96030.7
5uez_ligand,1820,121217
5uez_ligand,1821,119851
5uez_ligand,1822,93787.3
5uez_ligand,1823,116703
5uez_ligand,1824,127365
5uez_ligand,1825,110395
5uez_ligand,1826,140505
5uez_ligand,1827,155269
5uez_ligand,1828,139533
5uez_ligand,1829,113037
5uez_ligand,1830,101246
5uez_ligand,1831,117224
5uez_ligand,1832,183073
5uez_ligand,1833,127757
5uez_ligand,1834,119882
5uez_ligand,1835,112844
5uez_ligand,1836,143807
5uez_ligand,1837,176936
5uez_ligand,1838,171777
5uez_ligand,1839,107136
5uez_ligand,1840,104082
5uez_ligand,1841,134057
5uez_ligand,1842,127947
5uez_ligand,1843,111044
5uez_ligand,1844,118269
5uez_ligand,1845,132768
5uez_ligand,1846,203991
5uez_ligand,1847,116616
5uez_ligand,1848,127400
5uez_ligand,1849,114739
5uez_ligand,1850,126564
5uez_ligand,1851,135808
5uez_ligand,1852,142017
5uez_ligand,1853,104988
5uez_ligand,1854,112055
5uez_ligand,1855,113818
5uez_ligand,1856,132362
5uez_ligand,1857,156112
5uez_ligand,1858,161599
5uez_ligand,1859,144505
5uez_ligand,1860,115073
5uez_ligand,1861,101548
5uez_ligand,1862,105022
5uez_ligand,1863,130463
5uez_ligand,1864,136769
5uez_ligand,1865,141786
5uez_ligand,1866,130409
5uez_ligand,1867,108591
5uez_ligand,1868,147517
5uez_ligand,1869,156117
5uez_ligand,1870,134295
5uez_ligand,1871,123738
5uez_ligand,1872,160533
5uez_ligand,1873,112807
5uez_ligand,1874,104527
5uez_ligand,1875,121146
5uez_ligand,1876,150294
5uez_ligand,1877,122539
5uez_ligand,1878,103818
5uez_ligand,1879,138904
5uez_ligand,1880,159709
5uez_ligand,1881,110312
5uez_ligand,1882,123713
5uez_ligand,1883,139359
5uez_ligand,1884,146556
5uez_ligand,1885,87265.4
5uez_ligand,1886,125051
5uez_ligand,1887,128068
5uez_ligand,1888,105552
5uez_ligand,1889,118831
5uez_ligand,1890,129595
5uez_ligand,1891,154996
5uez_ligand,1892,164994
5uez_ligand,1893,183892
5uez_ligand,1894,92975.5
5uez_ligand,1895,117598
5uez_ligand,1896,128599
5uez_ligand,1897,132688
5uez_ligand,1898,142426
5uez_ligand,1899,139115
5uez_ligand,1900,149835
5uez_ligand,1901,173677
5uez_ligand,1902,176386
5uez_ligand,1903,106630
5uez_ligand,1904,95343
5uez_ligand,1905,105732
5uez_ligand,1906,114786
5uez_ligand,1907,97987.5
5uez_ligand,1908,129626
5uez_ligand,1909,131893
5uez_ligand,1910,114349
5uez_ligand,1911,128155
5uez_ligand,1912,119987
5uez_ligand,1913,125462
5uez_ligand,1914,134902
5uez_ligand,1915,125236
5uez_ligand,1916,123223
5uez_ligand,1917,162941
5uez_ligand,1918,204478
5uez_ligand,1919,131659
5uez_ligand,1920,114752
5uez_ligand,1921,94774.2
5uez_ligand,1922,118890
5uez_ligand,1923,112004
5uez_ligand,1924,100844
5uez_ligand,1925,109802
5uez_ligand,1926,112860
5uez_ligand,1927,104236
5uez_ligand,1928,126602
5uez_ligand,1929,134881
5uez_ligand,1930,128608
5uez_ligand,1931,109793
5uez_ligand,1932,120218
5uez_ligand,1933,147059
5uez_ligand,1934,157807
5uez_ligand,1935,171298
5uez_ligand,1936,157429
5uez_ligand,1937,131659
5uez_ligand,1938,95531.7
5uez_ligand,1939,93615.8
5uez_ligand,1940,109758
5uez_ligand,1941,191430
5uez_ligand,1942,161561
5uez_ligand,1943,121772
5uez_ligand,1944,118641
5uez_ligand,1945,125046
5uez_ligand,1946,131229
5uez_ligand,1947,105809
5uez_ligand,1948,123862
5uez_ligand,1949,115511
5uez_ligand,1950,118127
5uez_ligand,1951,124140
5uez_ligand,1952,133250
5uez_ligand,1953,181194
5uez_ligand,1954,119528
5uez_ligand,1955,108656
5uez_ligand,1956,114165
5uez_ligand,1957,119968
5uez_ligand,1958,154920
5uez_ligand,1959,152322
5uez_ligand,1960,96778
5uez_ligand,1961,105940
5uez_ligand,1962,118903
5uez_ligand,1963,99566.6
5uez_ligand,1964,116426
5uez_ligand,1965,117441
5uez_ligand,1966,114867
5uez_ligand,1967,128323
5uez_ligand,1968,128724
5uez_ligand,1969,128014
5uez_ligand,1970,140702
5uez_ligand,1971,172113
5uez_ligand,1972,151394
5uez_ligand,1973,127408
5uez_ligand,1974,110906
5uez_ligand,1975,138328
5uez_ligand,1976,128397
5uez_ligand,1977,121227
5uez_ligand,1978,95665.6
5uez_ligand,1979,145288
5uez_ligand,1980,166565
5uez_ligand,1981,138052
5uez_ligand,1982,92052.1
5uez_ligand,1983,148875
5uez_ligand,1984,170310
5uez_ligand,1985,186379
5uez_ligand,1986,102388
5uez_ligand,1987,100645
5uez_ligand,1988,114130
5uez_ligand,1989,93589.7
5uez_ligand,1990,112557
5uez_ligand,1991,115750
5uez_ligand,1992,96402
5uez_ligand,1993,104584
5uez_ligand,1994,104801
5uez_ligand,1995,114111
5uez_ligand,1996,98581.5
5uez_ligand,1997,116862
5uez_ligand,1998,118718
5uez_ligand,1999,154938
5uez_ligand,2000,143661
5uez_ligand,2001,148949
5uez_ligand,2002,95996.5
5uez_ligand,2003,120149
5uez_ligand,2004,114006
5uez_ligand,2005,123529
5uez_ligand,2006,148291
5uez_ligand,2007,149095
5uez_ligand,2008,102035
5uez_ligand,2009,104315
5uez_ligand,2010,118474
5uez_ligand,2011,118528
5uez_ligand,2012,131018
5uez_ligand,2013,176036
5uez_ligand,2014,125751
5uez_ligand,2015,115229
5uez_ligand,2016,102275
5uez_ligand,2017,162627
5uez_ligand,2018,119284
5uez_ligand,2019,134264
5uez_ligand,2020,128779
5uez_ligand,2021,180004
5uez_ligand,2022,154318
5uez_ligand,2023,172089
5uez_ligand,2024,109898
5uez_ligand,2025,99442.7
5uez_ligand,2026,102170
5uez_ligand,2027,105135
5uez_ligand,2028,116316
5uez_ligand,2029,129009
5uez_ligand,2030,166972
5uez_ligand,2031,123538
5uez_ligand,2032,114101
5uez_ligand,2033,101964
5uez_ligand,2034,153673
5uez_ligand,2035,124382
5uez_ligand,2036,131430
5uez_ligand,2037,104009
5uez_ligand,2038,124599
5uez_ligand,2039,163078
5uez_ligand,2040,161849
5uez_ligand,2041,121011
5uez_ligand,2042,118367
5uez_ligand,2043,97024.1
5uez_ligand,2044,108942
5uez_ligand,2045,136701
5uez_ligand,2046,156761
5uez_ligand,2047,111136
5uez_ligand,2048,98727.7
5uez_ligand,2049,116696
5uez_ligand,2050,150098
5uez_ligand,2051,147310
5uez_ligand,2052,162635
5uez_ligand,2053,113490
5uez_ligand,2054,104531
5uez_ligand,2055,113776
5uez_ligand,2056,142611
5uez_ligand,2057,148221
5uez_ligand,2058,164916
5uez_ligand,2059,103455
5uez_ligand,2060,92932.5
5uez_ligand,2061,95544.4
5uez_ligand,2062,114144
5uez_ligand,2063,113565
5uez_ligand,2064,98485.8
5uez_ligand,2065,99950.5
5uez_ligand,2066,93950.6
5uez_ligand,2067,101377
5uez_ligand,2068,104717
5uez_ligand,2069,129078
5uez_ligand,2070,131069
5uez_ligand,2071,158135
5uez_ligand,2072,128713
5uez_ligand,2073,134155
5uez_ligand,2074,93823.8
5uez_ligand,2075,106208
5uez_ligand,2076,147774
5uez_ligand,2077,156852
5uez_ligand,2078,108258
5uez_ligand,2079,96160.3
5uez_ligand,2080,92931.4
5uez_ligand,2081,108130
5uez_ligand,2082,123644
5uez_ligand,2083,141136
5uez_ligand,2084,121547
5uez_ligand,2085,120801
5uez_ligand,2086,94541.3
5uez_ligand,2087,107887
5uez_ligand,2088,121745
5uez_ligand,2089,117841
5uez_ligand,2090,99889.9
5uez_ligand,2091,117132
5uez_ligand,2092,137494
5uez_ligand,2093,154346
5uez_ligand,2094,114547
5uez_ligand,2095,116339
5uez_ligand,2096,127410
5uez_ligand,2097,114115
5uez_ligand,2098,112601
5uez_ligand,2099,126161
5uez_ligand,2100,148778
5uez_ligand,2101,191331
5uez_ligand,2102,185910
5uez_ligand,2103,129996
5uez_ligand,2104,120330
5uez_ligand,2105,105571
5uez_ligand,2106,168475
5uez_ligand,2107,153584
5uez_ligand,2108,185660
5uez_ligand,2109,130164
5uez_ligand,2110,117536
5uez_ligand,2111,115914
5uez_ligand,2112,172319
5uez_ligand,2113,121943
5uez_ligand,2114,113246
5uez_ligand,2115,107665
5uez_ligand,2116,128922
5uez_ligand,2117,141114
5uez_ligand,2118,136797
5uez_ligand,2119,100391
5uez_ligand,2120,94205.4
5uez_ligand,2121,90722.8
5uez_ligand,2122,95887.9
5uez_ligand,2123,99457.7
5uez_ligand,2124,100377
5uez_ligand,2125,96964.9
5uez_ligand,2126,95645.2
5uez_ligand,2127,104228
5uez_ligand,2128,129065
5uez_ligand,2129,175678
5uez_ligand,2130,118944
5uez_ligand,2131,116285
5uez_ligand,2132,109583
5uez_ligand,2133,94349.8
5uez_ligand,2134,92607.9
5uez_ligand,2135,90674
5uez_ligand,2136,103292
5uez_ligand,2137,121775
5uez_ligand,2138,106466
5uez_ligand,2139,122904
5uez_ligand,2140,118879
5uez_ligand,2141,115441
5uez_ligand,2142,118898
5uez_ligand,2143,118359
5uez_ligand,2144,136888
5uez_ligand,2145,137282
5uez_ligand,2146,116197
5uez_ligand,2147,122577
5uez_ligand,2148,139350
5uez_ligand,2149,137601
5uez_ligand,2150,93483.2
5uez_ligand,2151,97586.5
5uez_ligand,2152,116025
5uez_ligand,2153,116661
5uez_ligand,2154,114732
5uez_ligand,2155,106070
5uez_ligand,2156,147201
5uez_ligand,2157,188626
5uez_ligand,2158,114783
5uez_ligand,2159,103003
5uez_ligand,2160,96612.5
5uez_ligand,2161,94551.2
5uez_ligand,2162,99994.8
5uez_ligand,2163,96328.7
5uez_ligand,2164,106585
5uez_ligand,2165,120613
5uez_ligand,2166,114574
5uez_ligand,2167,129532
5uez_ligand,2168,137991
5uez_ligand,2169,115554
5uez_ligand,2170,129180
5uez_ligand,2171,137643
5uez_ligand,2172,130952
5uez_ligand,2173,107899
5uez_ligand,2174,105686
5uez_ligand,2175,106852
5uez_ligand,2176,95394
5uez_ligand,2177,96066.5
5uez_ligand,2178,100202
5uez_ligand,2179,122702
5uez_ligand,2180,172224
5uez_ligand,2181,110529
5uez_ligand,2182,103642
5uez_ligand,2183,124812
5uez_ligand,2184,126202
5uez_ligand,2185,132617
5uez_ligand,2186,128551
5uez_ligand,2187,105932
5uez_ligand,2188,99183.8
5uez_ligand,2189,100580
5uez_ligand,2190,103867
5uez_ligand,2191,96589.6
5uez_ligand,2192,118574
5uez_ligand,2193,116517
5uez_ligand,2194,99169.5
5uez_ligand,2195,95233.8
5uez_ligand,2196,109187
5uez_ligand,2197,140822
5uez_ligand,2198,140271
5uez_ligand,2199,138359
5uez_ligand,2200,146198
5uez_ligand,2201,101548
5uez_ligand,2202,99680.4
5uez_ligand,2203,96954
5uez_ligand,2204,95873.9
5uez_ligand,2205,95058.5
5uez_ligand,2206,92165.9
5uez_ligand,2207,85022
5uez_ligand,2208,115117
5uez_ligand,2209,156730
5uez_ligand,2210,141751
5uez_ligand,2211,109231
5uez_ligand,2212,104210
5uez_ligand,2213,103542
5uez_ligand,2214,112589
5uez_ligand,2215,117729
5uez_ligand,2216,124031
5uez_ligand,2217,123090
5uez_ligand,2218,122959
5uez_ligand,2219,137688
5uez_ligand,2220,151988
5uez_ligand,2221,136809
5uez_ligand,2222,139666
5uez_ligand,2223,99661.2
5uez_ligand,2224,97236
5uez_ligand,2225,87060.4
5uez_ligand,2226,127065
5uez_ligand,2227,134784
5uez_ligand,2228,135747
5uez_ligand,2229,109429
5uez_ligand,2230,117583
5uez_ligand,2231,117933
5uez_ligand,2232,144945
5uez_ligand,2233,146842
5uez_ligand,2234,157823
5uez_ligand,2235,136207
5uez_ligand,2236,155260
5uez_ligand,2237,109952
5uez_ligand,2238,95221.4
5uez_ligand,2239,89457.3
5uez_ligand,2240,81349
5uez_ligand,2241,90720.8
5uez_ligand,2242,87883.3
5uez_ligand,2243,100736
5uez_ligand,2244,88427
5uez_ligand,2245,121489
5uez_ligand,2246,129199
5uez_ligand,2247,145368
5uez_ligand,2248,143498
5uez_ligand,2249,143289
5uez_ligand,2250,125014
5uez_ligand,2251,100883
5uez_ligand,2252,121439
5uez_ligand,2253,126926
5uez_ligand,2254,132893
5uez_ligand,2255,163593
5uez_ligand,2256,122756
5uez_ligand,2257,101581
5uez_ligand,2258,102697
5uez_ligand,2259,90881.7
5uez_ligand,2260,94310.9
5uez_ligand,2261,139405
5uez_ligand,2262,140486
5uez_ligand,2263,145725
5uez_ligand,2264,147601
5uez_ligand,2265,186121
5uez_ligand,2266,150463
5uez_ligand,2267,182345
5uez_ligand,2268,126231
5uez_ligand,2269,146682
5uez_ligand,2270,122900
5uez_ligand,2271,133478
5uez_ligand,2272,134691
5uez_ligand,2273,131495
5uez_ligand,2274,144655
5uez_ligand,2275,141441
5uez_ligand,2276,139975
5uez_ligand,2277,121592
5uez_ligand,2278,126002
5uez_ligand,2279,131028
5uez_ligand,2280,146509
5uez_ligand,2281,151044
5uez_ligand,2282,162615
5uez_ligand,2283,214806
5uez_ligand,2284,150212
5uez_ligand,2285,115546
5uez_ligand,2286,121530
5uez_ligand,2287,108158
5uez_ligand,2288,113673
5uez_ligand,2289,118919
5uez_ligand,2290,151987
5uez_ligand,2291,194948
5uez_ligand,2292,179526
5uez_ligand,2293,189384
5uez_ligand,2294,163889
5uez_ligand,2295,136025
5uez_ligand,2296,121452
5uez_ligand,2297,131136
5uez_ligand,2298,107380
5uez_ligand,2299,116023
5uez_ligand,2300,114457
5uez_ligand,2301,109663
5uez_ligand,2302,129497
5uez_ligand,2303,141737
5uez_ligand,2304,128944
5uez_ligand,2305,118300
5uez_ligand,2306,152598
5uez_ligand,2307,178856
5uez_ligand,2308,183978
5uez_ligand,2309,134130
5uez_ligand,2310,118019
5uez_ligand,2311,124328
5uez_ligand,2312,109642
5uez_ligand,2313,94446.7
5uez_ligand,2314,85565.7
5uez_ligand,2315,87561.4
5uez_ligand,2316,105865
5uez_ligand,2317,135386
5uez_ligand,2318,187186
5uez_ligand,2319,176252
5uez_ligand,2320,121571
5uez_ligand,2321,102700
5uez_ligand,2322,96479.8
5uez_ligand,2323,95664.1
5uez_ligand,2324,93652.3
5uez_ligand,2325,86690.9
5uez_ligand,2326,102386
5uez_ligand,2327,108593
5uez_ligand,2328,88344.6
5uez_ligand,2329,88710.1
5uez_ligand,2330,89635.3
5uez_ligand,2331,89904.8
5uez_ligand,2332,116790
5uez_ligand,2333,138309
5uez_ligand,2334,107624
5uez_ligand,2335,132021
5uez_ligand,2336,125144
5uez_ligand,2337,114001
5uez_ligand,2338,104729
5uez_ligand,2339,99604.1
5uez_ligand,2340,95696.6
5uez_ligand,2341,92707
5uez_ligand,2342,87314.5
5uez_ligand,2343,113035
5uez_ligand,2344,130529
5uez_ligand,2345,129223
5uez_ligand,2346,141863
5uez_ligand,2347,147417
5uez_ligand,2348,162246
5uez_ligand,2349,144733
5uez_ligand,2350,130517
5uez_ligand,2351,121761
5uez_ligand,2352,102831
5uez_ligand,2353,98776
5uez_ligand,2354,88591.7
5uez_ligand,2355,96610.2
5uez_ligand,2356,110623
5uez_ligand,2357,83581.8
5uez_ligand,2358,115406
5uez_ligand,2359,86043.8
5uez_ligand,2360,126259
5uez_ligand,2361,128042
5uez_ligand,2362,118959
5uez_ligand,2363,116256
5uez_ligand,2364,107084
5uez_ligand,2365,98184.1
5uez_ligand,2366,89242.1
5uez_ligand,2367,102569
5uez_ligand,2368,109446
5uez_ligand,2369,145364
5uez_ligand,2370,147271
5uez_ligand,2371,166007
5uez_ligand,2372,130679
5uez_ligand,2373,139883
5uez_ligand,2374,102206
5uez_ligand,2375,105725
5uez_ligand,2376,115866
5uez_ligand,2377,98779.6
5uez_ligand,2378,116491
5uez_ligand,2379,106036
5uez_ligand,2380,111726
5uez_ligand,2381,104604
5uez_ligand,2382,99144.9
5uez_ligand,2383,106836
5uez_ligand,2384,143342
5uez_ligand,2385,169765
5uez_ligand,2386,129968
5uez_ligand,2387,160697
5uez_ligand,2388,113350
5uez_ligand,2389,137479
5uez_ligand,2390,118047
5uez_ligand,2391,127211
5uez_ligand,2392,127252
5uez_ligand,2393,154144
5uez_ligand,2394,124933
5uez_ligand,2395,124220
5uez_ligand,2396,135809
5uez_ligand,2397,174202
5uez_ligand,2398,136438
5uez_ligand,2399,137941
5uez_ligand,2400,116538
5uez_ligand,2401,157747
5uez_ligand,2402,100858
5uez_ligand,2403,117975
5uez_ligand,2404,133277
5uez_ligand,2405,107248
5uez_ligand,2406,96077.9
5uez_ligand,2407,90293.6
5uez_ligand,2408,88856.1
5uez_ligand,2409,106738
5uez_ligand,2410,150966
5uez_ligand,2411,106231
5uez_ligand,2412,154248
5uez_ligand,2413,148466
5uez_ligand,2414,189868
5uez_ligand,2415,140045
5uez_ligand,2416,160657
5uez_ligand,2417,105687
5uez_ligand,2418,108625
5uez_ligand,2419,110719
5uez_ligand,2420,136328
5uez_ligand,2421,116830
5uez_ligand,2422,95787.2
5uez_ligand,2423,90768.8
5uez_ligand,2424,94587
5uez_ligand,2425,121733
5uez_ligand,2426,180368
5uez_ligand,2427,107837
5uez_ligand,2428,136599
5uez_ligand,2429,104593
5uez_ligand,2430,113840
5uez_ligand,2431,102380
5uez_ligand,2432,112586
5uez_ligand,2433,112049
5uez_ligand,2434,104938
5uez_ligand,2435,97760.4
5uez_ligand,2436,94225.5
5uez_ligand,2437,97665.1
5uez_ligand,2438,147260
5uez_ligand,2439,100292
5uez_ligand,2440,115714
5uez_ligand,2441,94089.1
5uez_ligand,2442,115193
5uez_ligand,2443,98694.6
5uez_ligand,2444,131960
5uez_ligand,2445,129016
5uez_ligand,2446,155239
5uez_ligand,2447,88941.9
5uez_ligand,2448,110981
5uez_ligand,2449,106331
5uez_ligand,2450,179161
5uez_ligand,2451,106243
5uez_ligand,2452,84882.1
5uez_ligand,2453,127249
5uez_ligand,2454,137835
5uez_ligand,2455,89879
5uez_ligand,2456,140504
5uez_ligand,2457,84606.4
5uez_ligand,2458,99712.1
5uez_ligand,2459,103228
5uez_ligand,2460,166691
5uez_ligand,2461,93491.5
5uez_ligand,2462,96776.9
5uez_ligand,2463,88910.2
5uez_ligand,2464,125128
5uez_ligand,2465,80749.2
5uez_ligand,2466,110711
5uez_ligand,2467,112551
5uez_ligand,2468,117593
5uez_ligand,2469,81286.1
5uez_ligand,2470,95451.8
5uez_ligand,2471,126405
5uez_ligand,2472,182795
5uez_ligand,2473,81971.2
5uez_ligand,2474,87686.8
5uez_ligand,2475,94144.8
5uez_ligand,2476,110804
5uez_ligand,2477,87455.9
5uez_ligand,2478,126298
5uez_ligand,2479,83419
5uez_ligand,2480,107556
5uez_ligand,2481,89267
5uez_ligand,2482,99276.1
5uez_ligand,2483,100118
5uez_ligand,2484,119239
5uez_ligand,2485,125598
5uez_ligand,2486,81631.6
5uez_ligand,2487,99126.2
5uez_ligand,2488,87968.6
5uez_ligand,2489,116284
5uez_ligand,2490,129424
5uez_ligand,2491,80646.2
5uez_ligand,2492,94665
5uez_ligand,2493,123859
5uez_ligand,2494,154497
5uez_ligand,2495,82064.6
5uez_ligand,2496,122732
5uez_ligand,2497,115799
5uez_ligand,2498,86113.9
5uez_ligand,2499,99297.9
5uez_ligand,2500,140608
5uez_ligand,2501,91596.8
5uez_ligand,2502,131909
5uez_ligand,2503,140246
5uez_ligand,2504,103798
5uez_ligand,2505,97730.9
5uez_ligand,2506,112685
5uez_ligand,2507,86878.2
5uez_ligand,2508,92681.5
5uez_ligand,2509,81957.9
5uez_ligand,2510,92971.1
5uez_ligand,2511,85649.2
5uez_ligand,2512,146358
5uez_ligand,2513,90628.7
5uez_ligand,2514,108356
5uez_ligand,2515,92118
5uez_ligand,2516,93383.2
5uez_ligand,2517,100386
5uez_ligand,2518,100914
5uez_ligand,2519,103914
5uez_ligand,2520,114309
5uez_ligand,2521,86237.9
5uez_ligand,2522,98813.7
5uez_ligand,2523,89489.1
5uez_ligand,2524,120180
5uez_ligand,2525,90332.7
5uez_ligand,2526,127971
5uez_ligand,2527,109965
5uez_ligand,2528,87199
5uez_ligand,2529,109090
5uez_ligand,2530,83939.6
5uez_ligand,2531,107919
5uez_ligand,2532,134101
5uez_ligand,2533,123071
5uez_ligand,2534,118491
5uez_ligand,2535,94117.8
5uez_ligand,2536,106125
5uez_ligand,2537,80358
5uez_ligand,2538,85011.8
5uez_ligand,2539,92032.8
5uez_ligand,2540,102933
5uez_ligand,2541,81558.4
5uez_ligand,2542,96686.9
5uez_ligand,2543,123977
5uez_ligand,2544,137203
5uez_ligand,2545,85203.3
5uez_ligand,2546,97897.1
5uez_ligand,2547,108584
5uez_ligand,2548,85131
5uez_ligand,2549,78375.8
5uez_ligand,2550,103031
5uez_ligand,2551,104059
5uez_ligand,2552,106269
5uez_ligand,2553,107120
5uez_ligand,2554,96257.4
5uez_ligand,2555,103115
5uez_ligand,2556,96905
5uez_ligand,2557,131251
5uez_ligand,2558,86768.1
5uez_ligand,2559,91509.1
5uez_ligand,2560,112603
5uez_ligand,2561,97185
5uez_ligand,2562,84034
5uez_ligand,2563,112887
5uez_ligand,2564,85901.8
5uez_ligand,2565,92572.3
5uez_ligand,2566,82353.2
5uez_ligand,2567,99911
5uez_ligand,2568,95623.4
5uez_ligand,2569,90324
5uez_ligand,2570,85671.1
5uez_ligand,2571,121145
5uez_ligand,2572,114732
5uez_ligand,2573,98990.4
5uez_ligand,2574,115758
5uez_ligand,2575,157316
5uez_ligand,2576,82159.2
5uez_ligand,2577,85019.9
5uez_ligand,2578,85182.4
5uez_ligand,2579,94494
5uez_ligand,2580,114508
5uez_ligand,2581,78866.3
5uez_ligand,2582,101478
5uez_ligand,2583,111084
5uez_ligand,2584,123778
5uez_ligand,2585,91309.7
5uez_ligand,2586,89910.5
5uez_ligand,2587,114509
5uez_ligand,2588,116632
5uez_ligand,2589,89271.9
5uez_ligand,2590,97260.8
5uez_ligand,2591,80469.5
5uez_ligand,2592,117721
5uez_ligand,2593,79555.6
5uez_ligand,2594,100222
5uez_ligand,2595,119462
5uez_ligand,2596,122641
5uez_ligand,2597,89458.4
5uez_ligand,2598,124408
5uez_ligand,2599,123505
5uez_ligand,2600,84084.9
5uez_ligand,2601,89327.8
5uez_ligand,2602,91601.4
5uez_ligand,2603,104456
5uez_ligand,2604,105884
5uez_ligand,2605,102045
5uez_ligand,2606,100489
5uez_ligand,2607,88203.6
5uez_ligand,2608,106673
5uez_ligand,2609,115629
5uez_ligand,2610,78187.7
5uez_ligand,2611,112649
5uez_ligand,2612,90869.8
5uez_ligand,2613,114358
5uez_ligand,2614,101003
5uez_ligand,2615,142066
5uez_ligand,2616,118797
5uez_ligand,2617,117760
5uez_ligand,2618,85108.5
5uez_ligand,2619,99848.9
5uez_ligand,2620,102890
5uez_ligand,2621,77579.9
5uez_ligand,2622,92958
5uez_ligand,2623,88034.2
5uez_ligand,2624,136965
5uez_ligand,2625,131333
5uez_ligand,2626,99766.9
5uez_ligand,2627,89454.1
5uez_ligand,2628,106815
5uez_ligand,2629,102956
5uez_ligand,2630,85456.9
5uez_ligand,2631,95116
5uez_ligand,2632,99896.3
5uez_ligand,2633,114112
5uez_ligand,2634,93599.3
5uez_ligand,2635,107035
5uez_ligand,2636,85040.4
5uez_ligand,2637,115759
5uez_ligand,2638,89990.2
5uez_ligand,2639,94982.5
5uez_ligand,2640,121460
5uez_ligand,2641,113158
5uez_ligand,2642,84703.6
5uez_ligand,2643,97142.7
5uez_ligand,2644,87187.8
5uez_ligand,2645,121944
5uez_ligand,2646,88224.6
5uez_ligand,2647,114480
5uez_ligand,2648,93874.2
5uez_ligand,2649,90383.8
5uez_ligand,2650,91841.3
5uez_ligand,2651,94504.1
5uez_ligand,2652,123652
5uez_ligand,2653,89778.8
5uez_ligand,2654,95281.8
5uez_ligand,2655,85489.1
5uez_ligand,2656,127327
5uez_ligand,2657,94035.8
5uez_ligand,2658,127256
5uez_ligand,2659,140059
5uez_ligand,2660,131725
5uez_ligand,2661,104925
5uez_ligand,2662,82826.3
5uez_ligand,2663,82810.8
5uez_ligand,2664,94501.8
5uez_ligand,2665,111085
5uez_ligand,2666,83758.6
5uez_ligand,2667,124285
5uez_ligand,2668,105860
5uez_ligand,2669,114774
5uez_ligand,2670,82289.2
5uez_ligand,2671,85673
5uez_ligand,2672,86173.1
5uez_ligand,2673,98399.7
5uez_ligand,2674,133010
5uez_ligand,2675,83132.4
5uez_ligand,2676,87736.3
5uez_ligand,2677,85720.7
5uez_ligand,2678,97928.1
5uez_ligand,2679,189394
5uez_ligand,2680,123863
5uez_ligand,2681,95110.8
5uez_ligand,2682,117542
5uez_ligand,2683,118741
5uez_ligand,2684,83095.7
5uez_ligand,2685,96290.5
5uez_ligand,2686,110277
5uez_ligand,2687,83820.4
5uez_ligand,2688,77875.7
5uez_ligand,2689,93845.9
5uez_ligand,2690,88083
5uez_ligand,2691,120861
5uez_ligand,2692,114434
5uez_ligand,2693,79493.3
5uez_ligand,2694,77243.7
5uez_ligand,2695,81735.5
5uez_ligand,2696,101922
5uez_ligand,2697,93536
5uez_ligand,2698,86215.3
5uez_ligand,2699,81928
5uez_ligand,2700,89387.7
5uez_ligand,2701,85249.6
5uez_ligand,2702,97784.4
5uez_ligand,2703,107261
5uez_ligand,2704,95167.8
5uez_ligand,2705,116971
5uez_ligand,2706,109264
5uez_ligand,2707,91666.6
5uez_ligand,2708,113091
5uez_ligand,2709,141947
5uez_ligand,2710,100949
5uez_ligand,2711,127387
5uez_ligand,2712,128824
5uez_ligand,2713,106566
5uez_ligand,2714,84500.6
5uez_ligand,2715,92903.2
5uez_ligand,2716,124378
5uez_ligand,2717,85135.8
5uez_ligand,2718,86333.5
5uez_ligand,2719,78114.8
5uez_ligand,2720,92595.2
5uez_ligand,2721,90996.6
5uez_ligand,2722,142540
5uez_ligand,2723,105801
5uez_ligand,2724,97187.7
5uez_ligand,2725,92261.4
5uez_ligand,2726,87959.1
5uez_ligand,2727,101350
5uez_ligand,2728,83717.7
5uez_ligand,2729,100692
5uez_ligand,2730,90941.3
5uez_ligand,2731,94225.2
5uez_ligand,2732,97095.1
5uez_ligand,2733,106282
5uez_ligand,2734,84652.6
5uez_ligand,2735,87173.3
5uez_ligand,2736,93416.6
5uez_ligand,2737,136905
5uez_ligand,2738,82132.7
5uez_ligand,2739,88638.5
5uez_ligand,2740,84919.2
5uez_ligand,2741,98033.7
5uez_ligand,2742,107404
5uez_ligand,2743,128519
5uez_ligand,2744,100152
5uez_ligand,2745,109776
5uez_ligand,2746,110002
5uez_ligand,2747,86798.1
5uez_ligand,2748,102292
5uez_ligand,2749,109904
5uez_ligand,2750,155712
5uez_ligand,2751,99121.3
5uez_ligand,2752,112491
5uez_ligand,2753,99707.4
5uez_ligand,2754,140581
5uez_ligand,2755,132984
5uez_ligand,2756,147182
5uez_ligand,2757,128257
5uez_ligand,2758,76495
5uez_ligand,2759,92071.1
5uez_ligand,2760,103745
5uez_ligand,2761,96235.5
5uez_ligand,2762,113344
5uez_ligand,2763,96200.8
5uez_ligand,2764,104163
5uez_ligand,2765,84163.7
5uez_ligand,2766,107635
5uez_ligand,2767,96527.5
5uez_ligand,2768,104980
5uez_ligand,2769,131288
5uez_ligand,2770,108794
5uez_ligand,2771,95395.5
5uez_ligand,2772,98640.3
5uez_ligand,2773,96497
5uez_ligand,2774,109617
5uez_ligand,2775,95489.1
5uez_ligand,2776,107385
5uez_ligand,2777,98905.3
5uez_ligand,2778,113743
5uez_ligand,2779,141885
5uez_ligand,2780,124042
5uez_ligand,2781,91956.9
5uez_ligand,2782,94409.1
5uez_ligand,2783,105081
5uez_ligand,2784,89008.3
5uez_ligand,2785,122933
5uez_ligand,2786,89641.3
5uez_ligand,2787,101774
5uez_ligand,2788,89908
5uez_ligand,2789,127909
5uez_ligand,2790,100283
5uez_ligand,2791,114834
5uez_ligand,2792,90088.9
5uez_ligand,2793,78682.9
5uez_ligand,2794,81940.5
5uez_ligand,2795,104623
5uez_ligand,2796,91834.4
5uez_ligand,2797,90176
5uez_ligand,2798,184382
5uez_ligand,2799,146185
5uez_ligand,2800,106477
5uez_ligand,2801,123350
5uez_ligand,2802,106784
5uez_ligand,2803,84489
5uez_ligand,2804,91164.7
5uez_ligand,2805,85401.3
5uez_ligand,2806,76818.1
5uez_ligand,2807,92551.3
5uez_ligand,2808,100713
5uez_ligand,2809,115365
5uez_ligand,2810,81236.4
5uez_ligand,2811,78535.4
5uez_ligand,2812,81325.2
5uez_ligand,2813,108306
5uez_ligand,2814,105307
5uez_ligand,2815,79228.4
5uez_ligand,2816,91688.9
5uez_ligand,2817,83768.6
5uez_ligand,2818,112128
5uez_ligand,2819,131107
5uez_ligand,2820,84083.4
5uez_ligand,2821,91097
5uez_ligand,2822,93778.2
5uez_ligand,2823,119067
5uez_ligand,2824,113134
5uez_ligand,2825,94557.6
5uez_ligand,2826,94892
5uez_ligand,2827,96219.4
5uez_ligand,2828,103879
5uez_ligand,2829,96578.8
5uez_ligand,2830,107755
5uez_ligand,2831,94298.9
5uez_ligand,2832,90410.5
5uez_ligand,2833,80788.5
5uez_ligand,2834,93267.8
5uez_ligand,2835,95591.2
5uez_ligand,2836,114636
5uez_ligand,2837,80094.1
5uez_ligand,2838,83455.4
5uez_ligand,2839,118519
5uez_ligand,2840,120967
5uez_ligand,2841,85394.9
5uez_ligand,2842,93898.9
5uez_ligand,2843,88615.7
5uez_ligand,2844,99547.5
5uez_ligand,2845,96158.3
5uez_ligand,2846,102097
5uez_ligand,2847,94912.4
5uez_ligand,2848,89543.5
5uez_ligand,2849,113238
5uez_ligand,2850,104589
5uez_ligand,2851,80079.6
5uez_ligand,2852,83456
5uez_ligand,2853,91384.2
5uez_ligand,2854,110262
5uez_ligand,2855,86437.7
5uez_ligand,2856,114292
5uez_ligand,2857,99767
5uez_ligand,2858,100183
5uez_ligand,2859,114068
5uez_ligand,2860,123203
5uez_ligand,2861,88774.1
5uez_ligand,2862,104170
5uez_ligand,2863,86400.5
5uez_ligand,2864,91388.9
5uez_ligand,2865,93478.8
5uez_ligand,2866,102098
5uez_ligand,2867,100212
5uez_ligand,2868,84757.5
5uez_ligand,2869,89992.4
5uez_ligand,2870,89580.5
5uez_ligand,2871,103965
5uez_ligand,2872,97078.5
5uez_ligand,2873,122114
5uez_ligand,2874,107221
5uez_ligand,2875,113738
5uez_ligand,2876,97613.5
5uez_ligand,2877,105158
5uez_ligand,2878,123642
5uez_ligand,2879,147102
5uez_ligand,2880,104900
5uez_ligand,2881,102802
5uez_ligand,2882,100673
5uez_ligand,2883,88035.5
5uez_ligand,2884,111848
5uez_ligand,2885,81891.5
5uez_ligand,2886,96733.1
5uez_ligand,2887,80032.3
5uez_ligand,2888,128248
5uez_ligand,2889,137023
5uez_ligand,2890,107807
5uez_ligand,2891,136440
5uez_ligand,2892,92876.5
5uez_ligand,2893,100094
5uez_ligand,2894,81485.7
5uez_ligand,2895,92085.1
5uez_ligand,2896,85659.6
5uez_ligand,2897,125345
5uez_ligand,2898,95115
5uez_ligand,2899,97719.5
5uez_ligand,2900,90842.7
5uez_ligand,2901,98513.8
5uez_ligand,2902,83710.8
5uez_ligand,2903,95434.6
5uez_ligand,2904,82865.6
5uez_ligand,2905,111663
5uez_ligand,2906,98580.5
5uez_ligand,2907,88775.5
5uez_ligand,2908,123233
5uez_ligand,2909,96268.4
5uez_ligand,2910,99219.9
5uez_ligand,2911,120407
5uez_ligand,2912,126308
5uez_ligand,2913,92709.3
5uez_ligand,2914,113953
5uez_ligand,2915,98812.8
5uez_ligand,2916,87437.7
5uez_ligand,2917,103110
5uez_ligand,2918,98350.9
5uez_ligand,2919,139853
5uez_ligand,2920,151534
5uez_ligand,2921,106129
5uez_ligand,2922,132625
5uez_ligand,2923,120574
5uez_ligand,2924,97650.2
5uez_ligand,2925,106069
5uez_ligand,2926,90227.3
5uez_ligand,2927,109957
5uez_ligand,2928,87887.9
5uez_ligand,2929,88637
5uez_ligand,2930,106208
5uez_ligand,2931,126323
5uez_ligand,2932,82106
5uez_ligand,2933,79578.6
5uez_ligand,2934,110533
5uez_ligand,2935,118223
5uez_ligand,2936,91067.5
5uez_ligand,2937,110522
5uez_ligand,2938,96415.9
5uez_ligand,2939,92085.5
5uez_ligand,2940,95900.2
5uez_ligand,2941,105478
5uez_ligand,2942,137094
5uez_ligand,2943,98259.2
5uez_ligand,2944,117658
5uez_ligand,2945,150173
5uez_ligand,2946,134650
5uez_ligand,2947,139482
5uez_ligand,2948,131109
5uez_ligand,2949,110291
5uez_ligand,2950,83633.9
5uez_ligand,2951,90885.5
5uez_ligand,2952,93457.3
5uez_ligand,2953,86671.9
5uez_ligand,2954,116018
5uez_ligand,2955,92565.9
5uez_ligand,2956,116126
5uez_ligand,2957,102931
5uez_ligand,2958,90512.5
5uez_ligand,2959,94877.7
5uez_ligand,2960,116296
5uez_ligand,2961,134536
5uez_ligand,2962,86968.1
5uez_ligand,2963,107772
5uez_ligand,2964,100590
5uez_ligand,2965,95912.9
5uez_ligand,2966,111481
5uez_ligand,2967,126856
5uez_ligand,2968,106229
5uez_ligand,2969,106559
5uez_ligand,2970,104100
5uez_ligand,2971,83860.9
5uez_ligand,2972,93961.8
5uez_ligand,2973,87310.5
5uez_ligand,2974,108576
5uez_ligand,2975,90559.2
5uez_ligand,2976,123951
5uez_ligand,2977,90200.8
5uez_ligand,2978,127569
5uez_ligand,2979,122790
5uez_ligand,2980,81175.6
5uez_ligand,2981,84397.6
5uez_ligand,2982,86781.2
5uez_ligand,2983,110679
5uez_ligand,2984,110699
5uez_ligand,2985,92632.9
5uez_ligand,2986,95308.5
5uez_ligand,2987,108108
5uez_ligand,2988,128756
5uez_ligand,2989,88271.9
5uez_ligand,2990,106955
5uez_ligand,2991,81412.8
5uez_ligand,2992,85515.3
5uez_ligand,2993,113216
5uez_ligand,2994,150342
5uez_ligand,2995,102809
5uez_ligand,2996,102207
5uez_ligand,2997,96179.1
5uez_ligand,2998,87956.1
5uez_ligand,2999,87097
5uez_ligand,3000,88938
5uez_ligand,3001,92703.6
5uez_ligand,3002,97498.4
5uez_ligand,3003,106450
5uez_ligand,3004,95010.2
5uez_ligand,3005,97267.1
5uez_ligand,3006,186131
5uez_ligand,3007,119405
5uez_ligand,3008,108295
5uez_ligand,3009,109713
5uez_ligand,3010,92914.6
5uez_ligand,3011,102149
5uez_ligand,3012,108947
5uez_ligand,3013,85794.1
5uez_ligand,3014,96812.9
5uez_ligand,3015,85240.7
5uez_ligand,3016,93526.5
5uez_ligand,3017,112195
5uez_ligand,3018,117194
5uez_ligand,3019,83583.1
5uez_ligand,3020,109366
5uez_ligand,3021,109267
5uez_ligand,3022,86053.3
5uez_ligand,3023,94382.9
5uez_ligand,3024,114145
5uez_ligand,3025,84949.3
5uez_ligand,3026,90306.5
5uez_ligand,3027,96751.5
5uez_ligand,3028,120870
5uez_ligand,3029,103482
5uez_ligand,3030,113213
5uez_ligand,3031,84393.7
5uez_ligand,3032,114376
5uez_ligand,3033,90803.2
5uez_ligand,3034,126734
5uez_ligand,3035,113943
5uez_ligand,3036,114482
5uez_ligand,3037,106622
5uez_ligand,3038,87699.1
5uez_ligand,3039,86650.1
5uez_ligand,3040,97693.4
5uez_ligand,3041,113602
5uez_ligand,3042,91134.4
5uez_ligand,3043,100953
5uez_ligand,3044,87627.6
5uez_ligand,3045,121405
5uez_ligand,3046,93687.8
5uez_ligand,3047,110843
5uez_ligand,3048,86289.6
5uez_ligand,3049,103786
5uez_ligand,3050,98470.1
5uez_ligand,3051,96904.5
5uez_ligand,3052,133839
5uez_ligand,3053,118445
5uez_ligand,3054,97271.9
5uez_ligand,3055,91767.6
5uez_ligand,3056,134054
5uez_ligand,3057,78697.8
5uez_ligand,3058,93490.8
5uez_ligand,3059,94513.2
5uez_ligand,3060,130857
5uez_ligand,3061,82987.4
5uez_ligand,3062,85796.5
5uez_ligand,3063,95813
5uez_ligand,3064,104493
5uez_ligand,3065,95720.8
5uez_ligand,3066,121079
5uez_ligand,3067,91963.9
5uez_ligand,3068,121127
5uez_ligand,3069,106106
5uez_ligand,3070,94266.3
5uez_ligand,3071,119949
5uez_ligand,3072,94142.9
5uez_ligand,3073,129932
5uez_ligand,3074,121934
5uez_ligand,3075,88469.2
5uez_ligand,3076,80147.4
5uez_ligand,3077,101358
5uez_ligand,3078,95810.1
5uez_ligand,3079,114302
5uez_ligand,3080,144444
5uez_ligand,3081,113052
5uez_ligand,3082,93667.1
5uez_ligand,3083,103694
5uez_ligand,3084,105683
5uez_ligand,3085,84271.4
5uez_ligand,3086,98760.7
5uez_ligand,3087,90397.8
5uez_ligand,3088,92234.2
5uez_ligand,3089,103979
5uez_ligand,3090,109473
5uez_ligand,3091,86523.5
5uez_ligand,3092,96152.2
5uez_ligand,3093,119428
5uez_ligand,3094,99381.5
5uez_ligand,3095,98179.1
5uez_ligand,3096,92275.5
5uez_ligand,3097,110245
5uez_ligand,3098,87090.5
5uez_ligand,3099,82621.8
5uez_ligand,3100,117883
5uez_ligand,3101,118199
5uez_ligand,3102,87318.8
5uez_ligand,3103,101403
5uez_ligand,3104,93845.5
5uez_ligand,3105,100688
5uez_ligand,3106,102572
5uez_ligand,3107,110152
5uez_ligand,3108,104210
5uez_ligand,3109,88081.6
5uez_ligand,3110,83028.9
5uez_ligand,3111,119929
5uez_ligand,3112,110963
5uez_ligand,3113,105414
5uez_ligand,3114,97599.4
5uez_ligand,3115,90095.5
5uez_ligand,3116,103827
5uez_ligand,3117,102588
5uez_ligand,3118,122247
5uez_ligand,3119,92331.9
5uez_ligand,3120,106822
5uez_ligand,3121,108485
5uez_ligand,3122,90338.9
5uez_ligand,3123,126361
5uez_ligand,3124,96041.6
5uez_ligand,3125,108646
5uez_ligand,3126,110208
5uez_ligand,3127,108711
5uez_ligand,3128,103998
5uez_ligand,3129,129378
5uez_ligand,3130,121182
5uez_ligand,3131,83677.5
5uez_ligand,3132,86221
5uez_ligand,3133,129357
5uez_ligand,3134,134418
5uez_ligand,3135,124056
5uez_ligand,3136,143786
5uez_ligand,3137,102144
5uez_ligand,3138,91345.2
5uez_ligand,3139,108213
5uez_ligand,3140,104536
5uez_ligand,3141,85873.8
5uez_ligand,3142,98795.2
5uez_ligand,3143,91874.2
5uez_ligand,3144,104825
5uez_ligand,3145,88995.4
5uez_ligand,3146,94236.8
5uez_ligand,3147,97446.1
5uez_ligand,3148,109480
5uez_ligand,3149,87937.9
5uez_ligand,3150,78373.6
5uez_ligand,3151,108267
5uez_ligand,3152,114917
5uez_ligand,3153,95119.4
5uez_ligand,3154,109815
5uez_ligand,3155,92737.7
5uez_ligand,3156,101621
5uez_ligand,3157,104758
5uez_ligand,3158,87588.6
5uez_ligand,3159,89762.5
5uez_ligand,3160,94823.7
5uez_ligand,3161,176350
5uez_ligand,3162,151599
5uez_ligand,3163,110186
5uez_ligand,3164,125301
5uez_ligand,3165,110712
5uez_ligand,3166,84183
5uez_ligand,3167,80320.5
5uez_ligand,3168,76074
5uez_ligand,3169,92125.9
5uez_ligand,3170,115607
5uez_ligand,3171,83125
5uez_ligand,3172,79083.3
5uez_ligand,3173,78577.1
5uez_ligand,3174,84952.4
5uez_ligand,3175,88373.8
5uez_ligand,3176,104481
5uez_ligand,3177,90413.8
5uez_ligand,3178,93273.2
5uez_ligand,3179,81269.3
5uez_ligand,3180,93461.2
5uez_ligand,3181,105104
5uez_ligand,3182,125939
5uez_ligand,3183,89405.4
5uez_ligand,3184,121658
5uez_ligand,3185,135026
5uez_ligand,3186,127683
5uez_ligand,3187,134253
5uez_ligand,3188,96657.8
5uez_ligand,3189,95385.8
5uez_ligand,3190,96638.6
5uez_ligand,3191,92576
5uez_ligand,3192,112880
5uez_ligand,3193,91101.4
5uez_ligand,3194,84312.7
5uez_ligand,3195,95250.1
5uez_ligand,3196,98296.3
5uez_ligand,3197,94419.5
5uez_ligand,3198,118061
5uez_ligand,3199,95401.2
5uez_ligand,3200,110206
5uez_ligand,3201,143094
5uez_ligand,3202,116471
5uez_ligand,3203,86187.6
5uez_ligand,3204,97069.6
5uez_ligand,3205,120411
5uez_ligand,3206,83130.1
5uez_ligand,3207,82723.2
5uez_ligand,3208,82813.2
5uez_ligand,3209,84407.4
5uez_ligand,3210,91344.3
5uez_ligand,3211,117690
5uez_ligand,3212,92930.4
5uez_ligand,3213,104866
5uez_ligand,3214,90718.7
5uez_ligand,3215,103365
5uez_ligand,3216,94832.3
5uez_ligand,3217,115261
5uez_ligand,3218,108743
5uez_ligand,3219,87386
5uez_ligand,3220,93682.8
5uez_ligand,3221,127604
5uez_ligand,3222,88547.7
5uez_ligand,3223,118786
5uez_ligand,3224,121522
5uez_ligand,3225,107305
5uez_ligand,3226,87352.3
5uez_ligand,3227,84141.4
5uez_ligand,3228,81851
5uez_ligand,3229,119372
5uez_ligand,3230,89714.3
5uez_ligand,3231,96540.6
5uez_ligand,3232,86482.4
5uez_ligand,3233,87220.4
5uez_ligand,3234,87456.5
5uez_ligand,3235,96997
5uez_ligand,3236,96433.4
5uez_ligand,3237,109722
5uez_ligand,3238,111420
5uez_ligand,3239,135026
5uez_ligand,3240,84596.5
5uez_ligand,3241,88181.6
5uez_ligand,3242,78347.1
5uez_ligand,3243,103951
5uez_ligand,3244,92729.9
5uez_ligand,3245,85240.3
5uez_ligand,3246,83225.1
5uez_ligand,3247,112866
5uez_ligand,3248,134334
5uez_ligand,3249,87635.1
5uez_ligand,3250,112177
5uez_ligand,3251,107249
5uez_ligand,3252,86035.2
5uez_ligand,3253,85914.8
5uez_ligand,3254,98201.6
5uez_ligand,3255,127233
5uez_ligand,3256,131360
5uez_ligand,3257,104372
5uez_ligand,3258,90027.7
5uez_ligand,3259,95546.3
5uez_ligand,3260,84403.9
5uez_ligand,3261,92103.5
5uez_ligand,3262,87099.5
5uez_ligand,3263,96746
5uez_ligand,3264,95896.8
5uez_ligand,3265,115056
5uez_ligand,3266,75901.5
5uez_ligand,3267,89790.3
5uez_ligand,3268,106005
5uez_ligand,3269,127119
5uez_ligand,3270,80887.9
5uez_ligand,3271,102542
5uez_ligand,3272,111880
5uez_ligand,3273,79150.3
5uez_ligand,3274,90801.8
5uez_ligand,3275,95522.9
5uez_ligand,3276,129774
5uez_ligand,3277,79904.1
5uez_ligand,3278,103535
5uez_ligand,3279,105558
5uez_ligand,3280,123955
5uez_ligand,3281,101682
5uez_ligand,3282,112865
5uez_ligand,3283,108049
5uez_ligand,3284,81030.8
5uez_ligand,3285,81499.3
5uez_ligand,3286,89448.7
5uez_ligand,3287,88599.7
5uez_ligand,3288,99785.3
5uez_ligand,3289,139813
5uez_ligand,3290,95830.1
5uez_ligand,3291,103409
5uez_ligand,3292,81685.4
5uez_ligand,3293,87112.4
5uez_ligand,3294,111348
5uez_ligand,3295,94015.3
5uez_ligand,3296,96175.3
5uez_ligand,3297,96165
5uez_ligand,3298,121165
5uez_ligand,3299,88632.8
5uez_ligand,3300,102634
5uez_ligand,3301,88459
5uez_ligand,3302,104794
5uez_ligand,3303,86224.8
5uez_ligand,3304,110880
5uez_ligand,3305,103882
5uez_ligand,3306,146730
5uez_ligand,3307,102752
5uez_ligand,3308,121318
5uez_ligand,3309,108561
5uez_ligand,3310,216811
5uez_ligand,3311,175572
5uez_ligand,3312,154559
5uez_ligand,3313,116364
5uez_ligand,3314,123940
5uez_ligand,3315,87790.8
5uez_ligand,3316,108599
5uez_ligand,3317,93724.9
5uez_ligand,3318,98470.5
5uez_ligand,3319,126088
5uez_ligand,3320,125526
5uez_ligand,3321,110970
5uez_ligand,3322,90341.6
5uez_ligand,3323,127027
5uez_ligand,3324,103602
5uez_ligand,3325,86868.7
5uez_ligand,3326,88202.5
5uez_ligand,3327,90912.6
5uez_ligand,3328,119697
5uez_ligand,3329,87863.9
5uez_ligand,3330,101184
5uez_ligand,3331,86491.3
5uez_ligand,3332,91138.4
5uez_ligand,3333,104449
5uez_ligand,3334,125416
5uez_ligand,3335,110577
5uez_ligand,3336,88466.3
5uez_ligand,3337,101638
5uez_ligand,3338,87580.3
5uez_ligand,3339,87205.4
5uez_ligand,3340,85366.4
5uez_ligand,3341,116770
5uez_ligand,3342,92640.5
5uez_ligand,3343,109378
5uez_ligand,3344,106801
5uez_ligand,3345,84391.1
5uez_ligand,3346,86160.4
5uez_ligand,3347,96044
5uez_ligand,3348,110032
5uez_ligand,3349,86230.5
5uez_ligand,3350,91243.1
5uez_ligand,3351,89561.1
5uez_ligand,3352,123741
5uez_ligand,3353,92593.8
5uez_ligand,3354,105200
5uez_ligand,3355,98207
5uez_ligand,3356,104624
5uez_ligand,3357,120873
5uez_ligand,3358,91059.2
5uez_ligand,3359,94915.4
5uez_ligand,3360,84642.6
5uez_ligand,3361,103994
5uez_ligand,3362,102698
5uez_ligand,3363,123950
5uez_ligand,3364,95144.6
5uez_ligand,3365,136441
5uez_ligand,3366,153017
5uez_ligand,3367,109387
5uez_ligand,3368,82783.7
5uez_ligand,3369,86914.6
5uez_ligand,3370,80367.4
5uez_ligand,3371,94347.6
5uez_ligand,3372,99351.5
5uez_ligand,3373,146311
5uez_ligand,3374,90565.7
5uez_ligand,3375,125338
5uez_ligand,3376,129835
5uez_ligand,3377,112798
5uez_ligand,3378,89770.5
5uez_ligand,3379,83473.9
5uez_ligand,3380,86331
5uez_ligand,3381,104948
5uez_ligand,3382,131588
5uez_ligand,3383,83527.9
5uez_ligand,3384,99100.2
5uez_ligand,3385,99400.3
5uez_ligand,3386,96455.9
5uez_ligand,3387,105211
5uez_ligand,3388,89740.6
5uez_ligand,3389,84142.3
5uez_ligand,3390,94570.8
5uez_ligand,3391,96515.2
5uez_ligand,3392,95245.8
5uez_ligand,3393,121770
5uez_ligand,3394,93679.4
5uez_ligand,3395,101102
5uez_ligand,3396,90961
5uez_ligand,3397,133673
5uez_ligand,3398,95211.9
5uez_ligand,3399,99750.2
5uez_ligand,3400,106896
5uez_ligand,3401,115044
5uez_ligand,3402,81168.2
5uez_ligand,3403,101640
5uez_ligand,3404,123244
5uez_ligand,3405,150977
5uez_ligand,3406,99826.1
5uez_ligand,3407,99966.2
5uez_ligand,3408,98273.4
5uez_ligand,3409,103301
5uez_ligand,3410,116226
5uez_ligand,3411,84456.9
5uez_ligand,3412,95486.4
5uez_ligand,3413,89695.4
5uez_ligand,3414,85610.4
5uez_ligand,3415,107382
5uez_ligand,3416,190752
5uez_ligand,3417,114049
5uez_ligand,3418,78599
5uez_ligand,3419,83418.7
5uez_ligand,3420,87189.8
5uez_ligand,3421,89752.5
5uez_ligand,3422,88868.3
5uez_ligand,3423,112071
5uez_ligand,3424,89216.6
5uez_ligand,3425,98888.8
5uez_ligand,3426,94133.7
5uez_ligand,3427,100082
5uez_ligand,3428,83883.3
5uez_ligand,3429,106777
5uez_ligand,3430,120812
5uez_ligand,3431,82631.7
5uez_ligand,3432,100522
5uez_ligand,3433,108687
5uez_ligand,3434,81630.4
5uez_ligand,3435,101800
5uez_ligand,3436,81828
5uez_ligand,3437,118710
5uez_ligand,3438,134223
5uez_ligand,3439,87486.1
5uez_ligand,3440,105501
5uez_ligand,3441,96968.9
5uez_ligand,3442,91718.8
5uez_ligand,3443,120413
5uez_ligand,3444,86707
5uez_ligand,3445,88868.2
5uez_ligand,3446,80117.8
5uez_ligand,3447,88030.3
5uez_ligand,3448,106019
5uez_ligand,3449,128776
5uez_ligand,3450,88367.4
5uez_ligand,3451,88477.5
5uez_ligand,3452,78526.2
5uez_ligand,3453,101206
5uez_ligand,3454,103944
5uez_ligand,3455,91803.1
5uez_ligand,3456,142076
5uez_ligand,3457,91192.7
5uez_ligand,3458,96788.2
5uez_ligand,3459,123988
5uez_ligand,3460,101875
5uez_ligand,3461,90456
5uez_ligand,3462,88865.8
5uez_ligand,3463,120616
5uez_ligand,3464,83110.5
5uez_ligand,3465,113345
5uez_ligand,3466,107874
5uez_ligand,3467,88964.2
5uez_ligand,3468,126424
5uez_ligand,3469,97446.9
5uez_ligand,3470,95293.7
5uez_ligand,3471,83435.4
5uez_ligand,3472,98953.2
5uez_ligand,3473,93148
5uez_ligand,3474,104426
5uez_ligand,3475,124565
5uez_ligand,3476,133524
5uez_ligand,3477,83631.3
5uez_ligand,3478,82484.3
5uez_ligand,3479,91313
5uez_ligand,3480,77179.7
5uez_ligand,3481,82698.9
5uez_ligand,3482,85744.9
5uez_ligand,3483,86342.2
5uez_ligand,3484,82998.4
5uez_ligand,3485,85443.2
5uez_ligand,3486,104253
5uez_ligand,3487,97497.3
5uez_ligand,3488,115748
5uez_ligand,3489,114126
5uez_ligand,3490,87094.6
5uez_ligand,3491,85613.3
5uez_ligand,3492,125823
5uez_ligand,3493,84893.4
5uez_ligand,3494,114863
5uez_ligand,3495,98403.1
5uez_ligand,3496,107547
5uez_ligand,3497,125665
5uez_ligand,3498,91891.2
5uez_ligand,3499,104361
5uez_ligand,3500,101282
5uez_ligand,3501,99223.5
5uez_ligand,3502,95389.9
5uez_ligand,3503,88538.2
5uez_ligand,3504,117673
5uez_ligand,3505,99413.8
5uez_ligand,3506,83148.7
5uez_ligand,3507,83698.1
5uez_ligand,3508,93002.1
5uez_ligand,3509,108157
5uez_ligand,3510,84654.7
5uez_ligand,3511,100657
5uez_ligand,3512,126357
5uez_ligand,3513,153613
5uez_ligand,3514,101484
5uez_ligand,3515,96309.8
5uez_ligand,3516,95779
5uez_ligand,3517,92189.6
5uez_ligand,3518,94190.2
5uez_ligand,3519,91497.2
5uez_ligand,3520,117913
5uez_ligand,3521,93916.8
5uez_ligand,3522,108479
5uez_ligand,3523,82197.3
5uez_ligand,3524,109365
5uez_ligand,3525,98441.2
5uez_ligand,3526,90908.7
5uez_ligand,3527,107360
5uez_ligand,3528,102760
5uez_ligand,3529,110327
5uez_ligand,3530,106163
5uez_ligand,3531,96819.3
5uez_ligand,3532,88452.5
5uez_ligand,3533,132840
5uez_ligand,3534,77661.3
5uez_ligand,3535,103596
5uez_ligand,3536,164729
5uez_ligand,3537,100459
5uez_ligand,3538,151269
5uez_ligand,3539,85526.7
5uez_ligand,3540,100595
5uez_ligand,3541,107100
5uez_ligand,3542,83708.2
5uez_ligand,3543,87323.2
5uez_ligand,3544,100177
5uez_ligand,3545,131197
5uez_ligand,3546,85794.4
5uez_ligand,3547,87768.6
5uez_ligand,3548,97326.7
5uez_ligand,3549,117110
5uez_ligand,3550,85900
5uez_ligand,3551,129894
5uez_ligand,3552,139818
5uez_ligand,3553,88008.9
5uez_ligand,3554,92953.7
5uez_ligand,3555,98928.7
5uez_ligand,3556,126045
5uez_ligand,3557,111138
5uez_ligand,3558,93628.2
5uez_ligand,3559,84106.5
5uez_ligand,3560,92612.1
5uez_ligand,3561,89676.3
5uez_ligand,3562,86587.6
5uez_ligand,3563,127935
5uez_ligand,3564,87036.5
5uez_ligand,3565,98882.8
5uez_ligand,3566,124778
5uez_ligand,3567,144142
5uez_ligand,3568,107543
5uez_ligand,3569,94009.7
5uez_ligand,3570,110861
5uez_ligand,3571,116022
5uez_ligand,3572,80691.7
5uez_ligand,3573,93649.3
5uez_ligand,3574,83779.7
5uez_ligand,3575,85917.6
5uez_ligand,3576,90729.2
5uez_ligand,3577,115820
5uez_ligand,3578,80460.5
5uez_ligand,3579,86825.8
5uez_ligand,3580,80266.5
5uez_ligand,3581,81012.2
5uez_ligand,3582,95079.9
5uez_ligand,3583,94865.8
5uez_ligand,3584,86576.1
5uez_ligand,3585,97779.7
5uez_ligand,3586,101251
5uez_ligand,3587,119663
5uez_ligand,3588,95931.8
5uez_ligand,3589,111662
5uez_ligand,3590,126324
5uez_ligand,3591,120025
5uez_ligand,3592,164642
5uez_ligand,3593,109906
5uez_ligand,3594,81436
5uez_ligand,3595,81433.7
5uez_ligand,3596,111660
5uez_ligand,3597,103886
5uez_ligand,3598,79584.5
5uez_ligand,3599,91386.9
5uez_ligand,3600,94032.6
5uez_ligand,3601,118801
5uez_ligand,3602,80349.7
5uez_ligand,3603,111131
5uez_ligand,3604,103685
5uez_ligand,3605,80683.4
5uez_ligand,3606,84752.6
5uez_ligand,3607,108811
5uez_ligand,3608,125139
5uez_ligand,3609,96729
5uez_ligand,3610,111700
5uez_ligand,3611,105718
5uez_ligand,3612,91211.5
5uez_ligand,3613,85800.2
5uez_ligand,3614,111563
5uez_ligand,3615,113964
5uez_ligand,3616,95440.7
5uez_ligand,3617,100626
5uez_ligand,3618,114162
5uez_ligand,3619,108896
5uez_ligand,3620,108724
5uez_ligand,3621,105436
5uez_ligand,3622,86988.8
5uez_ligand,3623,96715.7
5uez_ligand,3624,85270.6
5uez_ligand,3625,90677.6
5uez_ligand,3626,115893
5uez_ligand,3627,122420
5uez_ligand,3628,80157.7
5uez_ligand,3629,84396.5
5uez_ligand,3630,87851.2
5uez_ligand,3631,101338
5uez_ligand,3632,96013.1
5uez_ligand,3633,120600
5uez_ligand,3634,95184.1
5uez_ligand,3635,96803.9
5uez_ligand,3636,102167
5uez_ligand,3637,89079.1
5uez_ligand,3638,118017
5uez_ligand,3639,91494.4
5uez_ligand,3640,88228.1
5uez_ligand,3641,123255
5uez_ligand,3642,136616
5uez_ligand,3643,82753.2
5uez_ligand,3644,84196.1
5uez_ligand,3645,97418.7
5uez_ligand,3646,99651.1
5uez_ligand,3647,171327
5uez_ligand,3648,95865.8
5uez_ligand,3649,84992.1
5uez_ligand,3650,80151.7
5uez_ligand,3651,94843.2
5uez_ligand,3652,103881
5uez_ligand,3653,87777.6
5uez_ligand,3654,91245.4
5uez_ligand,3655,103931
5uez_ligand,3656,104294
5uez_ligand,3657,94238.6
5uez_ligand,3658,88403.4
5uez_ligand,3659,90427.9
5uez_ligand,3660,96647.2
5uez_ligand,3661,89670.1
5uez_ligand,3662,93585.5
5uez_ligand,3663,86922.9
5uez_ligand,3664,100277
5uez_ligand,3665,105331
5uez_ligand,3666,89726.8
5uez_ligand,3667,87135
5uez_ligand,3668,86462.8
5uez_ligand,3669,90633.1
5uez_ligand,3670,114942
5uez_ligand,3671,122339
5uez_ligand,3672,88476
5uez_ligand,3673,92117.8
5uez_ligand,3674,87801.2
5uez_ligand,3675,94000.3
5uez_ligand,3676,84982.4
5uez_ligand,3677,127279
5uez_ligand,3678,96884.2
5uez_ligand,3679,99744.5
5uez_ligand,3680,110333
5uez_ligand,3681,94275.3
5uez_ligand,3682,99515.9
5uez_ligand,3683,133680
5uez_ligand,3684,88201.8
5uez_ligand,3685,105787
5uez_ligand,3686,102606
5uez_ligand,3687,81044
5uez_ligand,3688,89833.3
5uez_ligand,3689,137399
5uez_ligand,3690,109258
5uez_ligand,3691,89616.5
5uez_ligand,3692,97034.2
5uez_ligand,3693,105950
5uez_ligand,3694,86628.7
5uez_ligand,3695,79502.1
5uez_ligand,3696,94396.2
5uez_ligand,3697,110368
5uez_ligand,3698,94140.6
5uez_ligand,3699,105062
5uez_ligand,3700,98668.5
5uez_ligand,3701,82369.6
5uez_ligand,3702,82545.9
5uez_ligand,3703,91615.2
5uez_ligand,3704,81626.1
5uez_ligand,3705,95381.2
5uez_ligand,3706,120987
5uez_ligand,3707,82798.1
5uez_ligand,3708,89465.8
5uez_ligand,3709,93924.3
5uez_ligand,3710,135230
5uez_ligand,3711,102427
5uez_ligand,3712,98415.2
5uez_ligand,3713,88330.2
5uez_ligand,3714,106329
5uez_ligand,3715,98789.8
5uez_ligand,3716,103633
5uez_ligand,3717,103201
5uez_ligand,3718,97131.5
5uez_ligand,3719,109669
5uez_ligand,3720,94668.1
5uez_ligand,3721,94392.7
5uez_ligand,3722,102195
5uez_ligand,3723,120702
5uez_ligand,3724,87866.7
5uez_ligand,3725,127655
5uez_ligand,3726,89401.1
5uez_ligand,3727,106785
5uez_ligand,3728,104673
5uez_ligand,3729,105593
5uez_ligand,3730,88205.5
5uez_ligand,3731,90583.7
5uez_ligand,3732,91039.9
5uez_ligand,3733,101716
5uez_ligand,3734,115723
5uez_ligand,3735,107301
5uez_ligand,3736,95651
5uez_ligand,3737,97375.2
5uez_ligand,3738,78497.1
5uez_ligand,3739,112738
5uez_ligand,3740,109460
5uez_ligand,3741,83026.2
5uez_ligand,3742,133200
5uez_ligand,3743,132937
5uez_ligand,3744,93951.3
5uez_ligand,3745,112374
5uez_ligand,3746,143017
5uez_ligand,3747,117199
5uez_ligand,3748,84748.6
5uez_ligand,3749,81339.1
5uez_ligand,3750,88108.6
5uez_ligand,3751,98710.1
5uez_ligand,3752,125704
5uez_ligand,3753,82451.5
5uez_ligand,3754,79166.9
5uez_ligand,3755,94819.2
5uez_ligand,3756,102514
5uez_ligand,3757,87397.9
5uez_ligand,3758,128225
5uez_ligand,3759,86087.9
5uez_ligand,3760,89063.7
5uez_ligand,3761,80923.8
5uez_ligand,3762,90488.2
5uez_ligand,3763,100146
5uez_ligand,3764,146602
5uez_ligand,3765,111998
5uez_ligand,3766,97831.7
5uez_ligand,3767,99994.1
5uez_ligand,3768,89496.3
5uez_ligand,3769,88064.2
5uez_ligand,3770,83871.7
5uez_ligand,3771,106660
5uez_ligand,3772,113516
5uez_ligand,3773,84660.2
5uez_ligand,3774,133574
5uez_ligand,3775,122228
5uez_ligand,3776,80167
5uez_ligand,3777,86216.9
5uez_ligand,3778,77967.9
5uez_ligand,3779,94635
5uez_ligand,3780,97955.7
5uez_ligand,3781,120777
5uez_ligand,3782,86342.6
5uez_ligand,3783,97548.8
5uez_ligand,3784,101717
5uez_ligand,3785,127161
5uez_ligand,3786,82698.9
5uez_ligand,3787,96565.6
5uez_ligand,3788,97282.7
5uez_ligand,3789,155455
5uez_ligand,3790,100839
5uez_ligand,3791,94621.7
5uez_ligand,3792,108990
5uez_ligand,3793,92238.9
5uez_ligand,3794,94354.9
5uez_ligand,3795,102664
5uez_ligand,3796,124845
5uez_ligand,3797,82899.5
5uez_ligand,3798,112521
5uez_ligand,3799,106471
5uez_ligand,3800,82199.6
5uez_ligand,3801,79793.7
5uez_ligand,3802,124828
5uez_ligand,3803,132085
5uez_ligand,3804,102819
5uez_ligand,3805,89234.3
5uez_ligand,3806,94090.5
5uez_ligand,3807,101708
5uez_ligand,3808,96343.1
5uez_ligand,3809,113759
5uez_ligand,3810,84467.9
5uez_ligand,3811,90846.7
5uez_ligand,3812,85024.9
5uez_ligand,3813,88766.8
5uez_ligand,3814,104542
5uez_ligand,3815,119950
5uez_ligand,3816,89223.3
5uez_ligand,3817,99465.9
5uez_ligand,3818,82314.9
5uez_ligand,3819,112828
5uez_ligand,3820,87473.2
5uez_ligand,3821,98344.8
5uez_ligand,3822,92706
5uez_ligand,3823,120318
5uez_ligand,3824,100558
5uez_ligand,3825,116184
5uez_ligand,3826,113251
5uez_ligand,3827,105734
5uez_ligand,3828,115098
5uez_ligand,3829,99682.5
5uez_ligand,3830,77070.2
5uez_ligand,3831,79969.6
5uez_ligand,3832,92685.6
5uez_ligand,3833,110636
5uez_ligand,3834,103438
5uez_ligand,3835,94621.2
5uez_ligand,3836,97819.5
5uez_ligand,3837,88496.6
5uez_ligand,3838,113074
5uez_ligand,3839,97323
5uez_ligand,3840,110575
5uez_ligand,3841,107330
5uez_ligand,3842,86816.2
5uez_ligand,3843,95084.2
5uez_ligand,3844,95146.3
5uez_ligand,3845,116140
5uez_ligand,3846,103629
5uez_ligand,3847,128603
5uez_ligand,3848,100014
5uez_ligand,3849,97913.5
5uez_ligand,3850,93113.5
5uez_ligand,3851,118384
5uez_ligand,3852,89349
5uez_ligand,3853,97102.4
5uez_ligand,3854,97584.2
5uez_ligand,3855,115061
5uez_ligand,3856,87825.4
5uez_ligand,3857,93881.7
5uez_ligand,3858,88087
5uez_ligand,3859,109520
5uez_ligand,3860,101270
5uez_ligand,3861,110930
5uez_ligand,3862,86772.2
5uez_ligand,3863,108304
5uez_ligand,3864,100421
5uez_ligand,3865,99632.8
5uez_ligand,3866,133226
5uez_ligand,3867,93824.6
5uez_ligand,3868,135666
5uez_ligand,3869,149301
5uez_ligand,3870,102557
5uez_ligand,3871,138402
5uez_ligand,3872,113847
5uez_ligand,3873,96081.9
5uez_ligand,3874,94148.7
5uez_ligand,3875,89752.8
5uez_ligand,3876,88616.4
5uez_ligand,3877,95509.3
5uez_ligand,3878,125466
5uez_ligand,3879,84760.6
5uez_ligand,3880,89065.9
5uez_ligand,3881,92625.2
5uez_ligand,3882,94413.8
5uez_ligand,3883,88858.2
5uez_ligand,3884,97628.4
5uez_ligand,3885,83575.8
5uez_ligand,3886,92546.8
5uez_ligand,3887,96260.7
5uez_ligand,3888,107898
5uez_ligand,3889,92153.2
5uez_ligand,3890,109923
5uez_ligand,3891,94651.3
5uez_ligand,3892,95694.6
5uez_ligand,3893,101341
5uez_ligand,3894,111100
5uez_ligand,3895,84573.6
5uez_ligand,3896,101225
5uez_ligand,3897,90113.8
5uez_ligand,3898,130609
5uez_ligand,3899,99330.2
5uez_ligand,3900,110354
5uez_ligand,3901,105348
5uez_ligand,3902,127143
5uez_ligand,3903,98995.8
5uez_ligand,3904,95119.8
5uez_ligand,3905,102682
5uez_ligand,3906,112933
5uez_ligand,3907,95118.8
5uez_ligand,3908,112683
5uez_ligand,3909,94919.8
5uez_ligand,3910,118485
5uez_ligand,3911,137833
5uez_ligand,3912,114727
5uez_ligand,3913,92277.8
5uez_ligand,3914,118670
5uez_ligand,3915,88522.9
5uez_ligand,3916,86941
5uez_ligand,3917,99491.3
5uez_ligand,3918,92910
5uez_ligand,3919,120206
5uez_ligand,3920,160259
5uez_ligand,3921,128045
5uez_ligand,3922,85693.1
5uez_ligand,3923,88129.8
5uez_ligand,3924,94858.6
5uez_ligand,3925,96869.4
5uez_ligand,3926,104245
5uez_ligand,3927,86359.8
5uez_ligand,3928,88428
5uez_ligand,3929,88036.9
5uez_ligand,3930,94531.2
5uez_ligand,3931,110879
5uez_ligand,3932,165949
5uez_ligand,3933,95901.3
5uez_ligand,3934,93399.5
5uez_ligand,3935,86272.1
5uez_ligand,3936,97580.3
5uez_ligand,3937,88466.4
5uez_ligand,3938,124902
5uez_ligand,3939,84763.5
5uez_ligand,3940,89117.2
5uez_ligand,3941,94088.6
5uez_ligand,3942,134145
5uez_ligand,3943,81113.1
5uez_ligand,3944,79585.5
5uez_ligand,3945,107913
5uez_ligand,3946,105663
5uez_ligand,3947,84843.9
5uez_ligand,3948,80846.2
5uez_ligand,3949,118838
5uez_ligand,3950,126470
5uez_ligand,3951,87921.2
5uez_ligand,3952,90820.5
5uez_ligand,3953,88696.4
5uez_ligand,3954,95760.9
5uez_ligand,3955,92998.6
5uez_ligand,3956,119521
5uez_ligand,3957,103082
5uez_ligand,3958,87564
5uez_ligand,3959,94573.6
5uez_ligand,3960,101041
5uez_ligand,3961,101945
5uez_ligand,3962,100976
5uez_ligand,3963,112056
5uez_ligand,3964,109309
5uez_ligand,3965,93009.6
5uez_ligand,3966,84511.1
5uez_ligand,3967,91512.7
5uez_ligand,3968,115490
5uez_ligand,3969,132008
5uez_ligand,3970,158023
5uez_ligand,3971,147489
5uez_ligand,3972,104940
5uez_ligand,3973,93024.9
5uez_ligand,3974,106121
5uez_ligand,3975,100320
5uez_ligand,3976,96747.9
5uez_ligand,3977,107528
5uez_ligand,3978,91415.2
5uez_ligand,3979,98650.9
5uez_ligand,3980,99700.7
5uez_ligand,3981,103410
5uez_ligand,3982,87820.9
5uez_ligand,3983,81380.8
5uez_ligand,3984,87676.6
5uez_ligand,3985,132515
5uez_ligand,3986,113496
5uez_ligand,3987,77966.3
5uez_ligand,3988,78160.7
5uez_ligand,3989,89424.4
5uez_ligand,3990,102929
5uez_ligand,3991,88645.3
5uez_ligand,3992,124359
5uez_ligand,3993,93651.3
5uez_ligand,3994,113367
5uez_ligand,3995,104965
5uez_ligand,3996,82529
5uez_ligand,3997,109370
5uez_ligand,3998,94491.7
5uez_ligand,3999,95789.9
5uez_ligand,4000,122740
5uez_ligand,4001,89845.2
5uez_ligand,4002,103321
5uez_ligand,4003,106028
5uez_ligand,4004,124277
5uez_ligand,4005,90103.9
5uez_ligand,4006,103727
5uez_ligand,4007,102187
5uez_ligand,4008,116468
5uez_ligand,4009,118436
5uez_ligand,4010,100664
5uez_ligand,4011,94415
5uez_ligand,4012,91955.9
5uez_ligand,4013,98869.6
5uez_ligand,4014,93495
5uez_ligand,4015,121054
5uez_ligand,4016,86132.4
5uez_ligand,4017,94691.6
5uez_ligand,4018,92301.1
5uez_ligand,4019,99416.3
5uez_ligand,4020,101061
5uez_ligand,4021,120003
5uez_ligand,4022,91499
5uez_ligand,4023,103902
5uez_ligand,4024,107848
5uez_ligand,4025,92162.2
5uez_ligand,4026,122390
5uez_ligand,4027,97648.2
5uez_ligand,4028,110638
5uez_ligand,4029,87541.3
5uez_ligand,4030,88971.9
5uez_ligand,4031,107228
5uez_ligand,4032,148205
5uez_ligand,4033,90036.1
5uez_ligand,4034,94393.8
5uez_ligand,4035,78849.4
5uez_ligand,4036,92299.2
5uez_ligand,4037,93248.8
5uez_ligand,4038,107593
5uez_ligand,4039,102549
5uez_ligand,4040,113776
5uez_ligand,4041,107784
5uez_ligand,4042,101763
5uez_ligand,4043,90199.6
5uez_ligand,4044,127816
5uez_ligand,4045,103736
5uez_ligand,4046,102308
5uez_ligand,4047,110367
5uez_ligand,4048,82310.3
5uez_ligand,4049,110208
5uez_ligand,4050,116967
5uez_ligand,4051,98407.5
5uez_ligand,4052,93731.6
5uez_ligand,4053,100097
5uez_ligand,4054,92133.4
5uez_ligand,4055,104957
5uez_ligand,4056,107005
5uez_ligand,4057,123440
5uez_ligand,4058,97650.9
5uez_ligand,4059,177990
5uez_ligand,4060,148970
5uez_ligand,4061,114192
5uez_ligand,4062,81743.1
5uez_ligand,4063,91011.6
5uez_ligand,4064,104845
5uez_ligand,4065,96266.5
5uez_ligand,4066,109564
5uez_ligand,4067,90109.6
5uez_ligand,4068,103215
5uez_ligand,4069,81001.1
5uez_ligand,4070,115604
5uez_ligand,4071,87107.4
5uez_ligand,4072,88514.8
5uez_ligand,4073,91431.4
5uez_ligand,4074,86503.1
5uez_ligand,4075,82691.8
5uez_ligand,4076,132769
5uez_ligand,4077,83650.4
5uez_ligand,4078,101620
5uez_ligand,4079,90937.6
5uez_ligand,4080,123336
5uez_ligand,4081,98294.6
5uez_ligand,4082,120465
5uez_ligand,4083,129590
5uez_ligand,4084,116895
5uez_ligand,4085,124970
5uez_ligand,4086,181413
5uez_ligand,4087,130154
5uez_ligand,4088,90302.1
5uez_ligand,4089,100102
5uez_ligand,4090,81226.9
5uez_ligand,4091,97324.2
5uez_ligand,4092,90920.2
5uez_ligand,4093,125783
5uez_ligand,4094,88702.2
5uez_ligand,4095,88761
5uez_ligand,4096,88789.9
5uez_ligand,4097,96812.8
5uez_ligand,4098,89614.1
5uez_ligand,4099,124222
5uez_ligand,4100,92761.9
5uez_ligand,4101,110029
5uez_ligand,4102,88492.2
5uez_ligand,4103,117646
5uez_ligand,4104,95046
5uez_ligand,4105,103201
5uez_ligand,4106,102366
5uez_ligand,4107,126688
5uez_ligand,4108,112592
5uez_ligand,4109,108251
5uez_ligand,4110,108921
5uez_ligand,4111,81714.1
5uez_ligand,4112,90854.6
5uez_ligand,4113,88036.6
5uez_ligand,4114,100431
5uez_ligand,4115,99486
5uez_ligand,4116,129667
5uez_ligand,4117,94057.2
5uez_ligand,4118,119386
5uez_ligand,4119,108660
5uez_ligand,4120,98639.2
5uez_ligand,4121,123969
5uez_ligand,4122,169194
5uez_ligand,4123,96258.8
5uez_ligand,4124,131546
5uez_ligand,4125,122763
5uez_ligand,4126,80761.6
5uez_ligand,4127,92787.9
5uez_ligand,4128,104989
5uez_ligand,4129,88525.4
5uez_ligand,4130,85810.7
5uez_ligand,4131,105616
5uez_ligand,4132,119229
5uez_ligand,4133,90365.1
5uez_ligand,4134,92045.9
5uez_ligand,4135,91987.5
5uez_ligand,4136,113852
5uez_ligand,4137,87048.3
5uez_ligand,4138,89040.9
5uez_ligand,4139,97453
5uez_ligand,4140,127487
5uez_ligand,4141,102832
5uez_ligand,4142,97142.6
5uez_ligand,4143,99506.5
5uez_ligand,4144,108212
5uez_ligand,4145,84330.4
5uez_ligand,4146,91290.7
5uez_ligand,4147,92675.8
5uez_ligand,4148,123688
5uez_ligand,4149,81388
5uez_ligand,4150,97414.1
5uez_ligand,4151,91983.1
5uez_ligand,4152,93667.4
5uez_ligand,4153,101226
5uez_ligand,4154,86007.9
5uez_ligand,4155,86161.1
5uez_ligand,4156,96691
5uez_ligand,4157,82264.2
5uez_ligand,4158,98466
5uez_ligand,4159,112875
5uez_ligand,4160,126460
5uez_ligand,4161,109353
5uez_ligand,4162,111068
5uez_ligand,4163,98645.7
5uez_ligand,4164,79448.6
5uez_ligand,4165,94456.1
5uez_ligand,4166,103577
5uez_ligand,4167,147200
5uez_ligand,4168,100272
5uez_ligand,4169,107293
5uez_ligand,4170,118259
5uez_ligand,4171,122185
5uez_ligand,4172,118286
5uez_ligand,4173,124248
5uez_ligand,4174,125825
5uez_ligand,4175,113128
5uez_ligand,4176,134239
5uez_ligand,4177,106339
5uez_ligand,4178,88532.4
5uez_ligand,4179,91819.6
5uez_ligand,4180,92938.3
5uez_ligand,4181,108955
5uez_ligand,4182,86613.8
5uez_ligand,4183,90846.7
5uez_ligand,4184,101259
5uez_ligand,4185,127652
5uez_ligand,4186,84389.9
5uez_ligand,4187,104182
5uez_ligand,4188,105971
5uez_ligand,4189,85161
5uez_ligand,4190,94697
5uez_ligand,4191,88067.1
5uez_ligand,4192,106578
5uez_ligand,4193,103838
5uez_ligand,4194,111904
5uez_ligand,4195,98344.7
5uez_ligand,4196,96994.8
5uez_ligand,4197,98436.7
5uez_ligand,4198,108477
5uez_ligand,4199,107274
5uez_ligand,4200,104032
5uez_ligand,4201,92787.5
5uez_ligand,4202,98356.2
5uez_ligand,4203,98352.2
5uez_ligand,4204,108176
5uez_ligand,4205,95223.8
5uez_ligand,4206,104030
5uez_ligand,4207,103412
5uez_ligand,4208,94000.8
5uez_ligand,4209,87785.3
5uez_ligand,4210,95893.4
5uez_ligand,4211,103858
5uez_ligand,4212,109939
5uez_ligand,4213,87602.8
5uez_ligand,4214,95652.7
5uez_ligand,4215,103137
5uez_ligand,4216,109290
5uez_ligand,4217,85397.3
5uez_ligand,4218,86032
5uez_ligand,4219,93003.2
5uez_ligand,4220,94699.4
5uez_ligand,4221,114191
5uez_ligand,4222,101062
5uez_ligand,4223,88502.8
5uez_ligand,4224,84153.2
5uez_ligand,4225,112610
5uez_ligand,4226,91592
5uez_ligand,4227,100303
5uez_ligand,4228,105684
5uez_ligand,4229,81393.2
5uez_ligand,4230,136639
5uez_ligand,4231,120289
5uez_ligand,4232,93637.8
5uez_ligand,4233,95148.4
5uez_ligand,4234,96999.2
5uez_ligand,4235,105179
5uez_ligand,4236,84179.4
5uez_ligand,4237,88604.6
5uez_ligand,4238,106305
5uez_ligand,4239,96066.1
5uez_ligand,4240,170854
5uez_ligand,4241,105599
5uez_ligand,4242,102172
5uez_ligand,4243,79906.5
5uez_ligand,4244,77109
5uez_ligand,4245,99781.5
5uez_ligand,4246,103455
5uez_ligand,4247,83326.1
5uez_ligand,4248,80053.9
5uez_ligand,4249,103412
5uez_ligand,4250,115734
5uez_ligand,4251,94523.3
5uez_ligand,4252,107997
5uez_ligand,4253,87391.7
5uez_ligand,4254,79515.3
5uez_ligand,4255,95459.7
5uez_ligand,4256,106586
5uez_ligand,4257,83468.8
5uez_ligand,4258,80396.8
5uez_ligand,4259,125469
5uez_ligand,4260,118239
5uez_ligand,4261,87329.1
5uez_ligand,4262,89978.3
5uez_ligand,4263,79457.5
5uez_ligand,4264,89927
5uez_ligand,4265,88029.1
5uez_ligand,4266,100149
5uez_ligand,4267,88716.1
5uez_ligand,4268,89926.9
5uez_ligand,4269,104635
5uez_ligand,4270,177432
5uez_ligand,4271,126379
5uez_ligand,4272,95200.2
5uez_ligand,4273,105635
5uez_ligand,4274,102889
5uez_ligand,4275,79478.2
5uez_ligand,4276,78934.7
5uez_ligand,4277,84718
5uez_ligand,4278,92540.9
5uez_ligand,4279,107484
5uez_ligand,4280,101016
5uez_ligand,4281,96478.7
5uez_ligand,4282,86767.2
5uez_ligand,4283,93389.6
5uez_ligand,4284,100364
5uez_ligand,4285,118065
5uez_ligand,4286,93816.7
5uez_ligand,4287,99540.2
5uez_ligand,4288,105320
5uez_ligand,4289,97782.6
5uez_ligand,4290,129419
5uez_ligand,4291,105191
5uez_ligand,4292,114615
5uez_ligand,4293,83503.5
5uez_ligand,4294,83275.2
5uez_ligand,4295,109840
5uez_ligand,4296,132517
5uez_ligand,4297,86476.6
5uez_ligand,4298,88272.1
5uez_ligand,4299,83249.6
5uez_ligand,4300,85945.5
5uez_ligand,4301,97747.4
5uez_ligand,4302,125681
5uez_ligand,4303,84562
5uez_ligand,4304,119236
5uez_ligand,4305,92941.2
5uez_ligand,4306,80775.4
5uez_ligand,4307,119034
5uez_ligand,4308,97194.6
5uez_ligand,4309,112840
5uez_ligand,4310,100221
5uez_ligand,4311,88738.7
5uez_ligand,4312,100149
5uez_ligand,4313,89778.1
5uez_ligand,4314,93077.6
5uez_ligand,4315,102911
5uez_ligand,4316,101090
5uez_ligand,4317,97084.5
5uez_ligand,4318,97098.5
5uez_ligand,4319,112857
5uez_ligand,4320,105748
5uez_ligand,4321,86199.3
5uez_ligand,4322,90681.5
5uez_ligand,4323,119839
5uez_ligand,4324,89683.7
5uez_ligand,4325,111334
5uez_ligand,4326,93764.2
5uez_ligand,4327,94284.3
5uez_ligand,4328,116239
5uez_ligand,4329,123330
5uez_ligand,4330,178035
5uez_ligand,4331,175363
5uez_ligand,4332,123148
5uez_ligand,4333,117426
5uez_ligand,4334,90010.7
5uez_ligand,4335,95277.7
5uez_ligand,4336,101284
5uez_ligand,4337,87676.8
5uez_ligand,4338,109420
5uez_ligand,4339,94106.5
5uez_ligand,4340,93370
5uez_ligand,4341,98885.8
5uez_ligand,4342,140990
5uez_ligand,4343,85268
5uez_ligand,4344,96088.5
5uez_ligand,4345,124829
5uez_ligand,4346,108979
5uez_ligand,4347,122614
5uez_ligand,4348,105699
5uez_ligand,4349,103137
5uez_ligand,4350,88907.2
5uez_ligand,4351,95857.7
5uez_ligand,4352,88178
5uez_ligand,4353,81102.9
5uez_ligand,4354,87312.9
5uez_ligand,4355,84517.3
5uez_ligand,4356,87317
5uez_ligand,4357,77217.8
5uez_ligand,4358,103876
5uez_ligand,4359,101453
5uez_ligand,4360,142422
5uez_ligand,4361,96325
5uez_ligand,4362,126865
5uez_ligand,4363,89737.4
5uez_ligand,4364,143346
5uez_ligand,4365,133195
5uez_ligand,4366,94303
5uez_ligand,4367,93495.3
5uez_ligand,4368,107273
5uez_ligand,4369,111784
5uez_ligand,4370,85722
5uez_ligand,4371,99138
5uez_ligand,4372,107366
5uez_ligand,4373,103400
5uez_ligand,4374,87128.2
5uez_ligand,4375,124592
5uez_ligand,4376,96678.6
5uez_ligand,4377,125613
5uez_ligand,4378,95843.7
5uez_ligand,4379,86433
5uez_ligand,4380,99064.7
5uez_ligand,4381,99411.4
5uez_ligand,4382,121889
5uez_ligand,4383,89899.3
5uez_ligand,4384,92137
5uez_ligand,4385,93443.2
5uez_ligand,4386,94210.2
5uez_ligand,4387,96468.3
5uez_ligand,4388,90375.3
5uez_ligand,4389,132835
5uez_ligand,4390,153762
5uez_ligand,4391,145211
5uez_ligand,4392,104275
5uez_ligand,4393,89662.8
5uez_ligand,4394,102548
5uez_ligand,4395,90882.2
5uez_ligand,4396,84484.1
5uez_ligand,4397,94508.1
5uez_ligand,4398,118916
5uez_ligand,4399,87370.2
5uez_ligand,4400,98967.3
5uez_ligand,4401,98016.4
5uez_ligand,4402,103561
5uez_ligand,4403,95500.6
5uez_ligand,4404,114072
5uez_ligand,4405,105330
5uez_ligand,4406,82129.1
5uez_ligand,4407,78531.4
5uez_ligand,4408,87705.1
5uez_ligand,4409,108060
5uez_ligand,4410,93677
5uez_ligand,4411,139676
5uez_ligand,4412,147745
5uez_ligand,4413,137441
5uez_ligand,4414,85804.7
5uez_ligand,4415,100002
5uez_ligand,4416,110728
5uez_ligand,4417,84766.9
5uez_ligand,4418,83678.7
5uez_ligand,4419,103298
5uez_ligand,4420,109955
5uez_ligand,4421,87974.5
5uez_ligand,4422,90196.3
5uez_ligand,4423,86426.4
5uez_ligand,4424,113882
5uez_ligand,4425,84504.8
5uez_ligand,4426,83997.3
5uez_ligand,4427,89009
5uez_ligand,4428,128191
5uez_ligand,4429,89375.3
5uez_ligand,4430,90083
5uez_ligand,4431,88800.7
5uez_ligand,4432,110210
5uez_ligand,4433,130944
5uez_ligand,4434,110324
5uez_ligand,4435,114610
5uez_ligand,4436,80614.5
5uez_ligand,4437,89313.8
5uez_ligand,4438,112055
5uez_ligand,4439,95687.6
5uez_ligand,4440,108690
5uez_ligand,4441,112998
5uez_ligand,4442,91202.9
5uez_ligand,4443,107907
5uez_ligand,4444,101903
5uez_ligand,4445,99434.4
5uez_ligand,4446,85971.3
5uez_ligand,4447,90481.8
5uez_ligand,4448,91599.5
5uez_ligand,4449,91641.3
5uez_ligand,4450,96165.7
5uez_ligand,4451,151048
5uez_ligand,4452,99964.7
5uez_ligand,4453,83482.1
5uez_ligand,4454,77590.8
5uez_ligand,4455,84777.8
5uez_ligand,4456,93277.1
5uez_ligand,4457,107206
5uez_ligand,4458,95726.6
5uez_ligand,4459,133306
5uez_ligand,4460,88172.5
5uez_ligand,4461,92910.1
5uez_ligand,4462,80662.6
5uez_ligand,4463,110592
5uez_ligand,4464,92605.1
5uez_ligand,4465,87212.1
5uez_ligand,4466,111133
5uez_ligand,4467,111892
5uez_ligand,4468,81402
5uez_ligand,4469,118806
5uez_ligand,4470,133527
5uez_ligand,4471,100482
5uez_ligand,4472,102092
5uez_ligand,4473,88819.6
5uez_ligand,4474,80169.4
5uez_ligand,4475,78514.5
5uez_ligand,4476,92387.1
5uez_ligand,4477,130899
5uez_ligand,4478,89693.8
5uez_ligand,4479,124113
5uez_ligand,4480,118009
5uez_ligand,4481,106218
5uez_ligand,4482,96555.9
5uez_ligand,4483,96454.2
5uez_ligand,4484,93189.7
5uez_ligand,4485,118892
5uez_ligand,4486,144192
5uez_ligand,4487,111543
5uez_ligand,4488,97370.7
5uez_ligand,4489,91964.6
5uez_ligand,4490,86377
5uez_ligand,4491,88751.5
5uez_ligand,4492,80419.6
5uez_ligand,4493,86066.5
5uez_ligand,4494,99720.2
5uez_ligand,4495,115639
5uez_ligand,4496,83226.3
5uez_ligand,4497,91299.9
5uez_ligand,4498,90134.8
5uez_ligand,4499,112101
5uez_ligand,4500,83104.9
5uez_ligand,4501,94067.9
5uez_ligand,4502,98294.4
5uez_ligand,4503,119167
5uez_ligand,4504,99034.2
5uez_ligand,4505,113064
5uez_ligand,4506,99291.8
5uez_ligand,4507,101880
5uez_ligand,4508,134895
5uez_ligand,4509,135061
5uez_ligand,4510,114212
5uez_ligand,4511,100900
5uez_ligand,4512,111581
5uez_ligand,4513,91069.2
5uez_ligand,4514,99962.6
5uez_ligand,4515,110658
5uez_ligand,4516,98570.4
5uez_ligand,4517,110988
5uez_ligand,4518,87041.6
5uez_ligand,4519,87038.5
5uez_ligand,4520,79083
5uez_ligand,4521,82653.7
5uez_ligand,4522,99105.7
5uez_ligand,4523,112427
5uez_ligand,4524,110718
5uez_ligand,4525,107332
5uez_ligand,4526,86443.1
5uez_ligand,4527,101885
5uez_ligand,4528,98042
5uez_ligand,4529,91536.7
5uez_ligand,4530,110634
5uez_ligand,4531,119540
5uez_ligand,4532,123473
5uez_ligand,4533,126124
5uez_ligand,4534,93432.4
5uez_ligand,4535,89786.9
5uez_ligand,4536,119182
5uez_ligand,4537,84457.8
5uez_ligand,4538,89522
5uez_ligand,4539,79614.1
5uez_ligand,4540,82756.9
5uez_ligand,4541,118877
5uez_ligand,4542,125799
5uez_ligand,4543,84365.1
5uez_ligand,4544,115869
5uez_ligand,4545,103689
5uez_ligand,4546,84545.7
5uez_ligand,4547,80133.5
5uez_ligand,4548,95095
5uez_ligand,4549,107730
5uez_ligand,4550,165196
5uez_ligand,4551,91131.3
5uez_ligand,4552,86954.6
5uez_ligand,4553,90126.8
5uez_ligand,4554,107950
5uez_ligand,4555,83089
5uez_ligand,4556,90488.1
5uez_ligand,4557,78338.8
5uez_ligand,4558,106798
5uez_ligand,4559,94918.3
5uez_ligand,4560,96618.5
5uez_ligand,4561,129313
5uez_ligand,4562,86202
5uez_ligand,4563,123475
5uez_ligand,4564,112364
5uez_ligand,4565,88578.2
5uez_ligand,4566,95340.6
5uez_ligand,4567,88911.9
5uez_ligand,4568,130284
5uez_ligand,4569,91584.7
5uez_ligand,4570,92508
5uez_ligand,4571,105276
5uez_ligand,4572,129569
5uez_ligand,4573,85578.2
5uez_ligand,4574,120101
5uez_ligand,4575,90116.9
5uez_ligand,4576,83434.6
5uez_ligand,4577,91823.5
5uez_ligand,4578,107670
5uez_ligand,4579,141871
5uez_ligand,4580,92636.4
5uez_ligand,4581,119404
5uez_ligand,4582,113652
5uez_ligand,4583,128422
5uez_ligand,4584,145405
5uez_ligand,4585,117451
5uez_ligand,4586,111212
5uez_ligand,4587,130534
5uez_ligand,4588,135475
5uez_ligand,4589,118348
5uez_ligand,4590,91653
5uez_ligand,4591,86265.9
5uez_ligand,4592,82345.1
5uez_ligand,4593,98686.9
5uez_ligand,4594,97586.9
5uez_ligand,4595,106502
5uez_ligand,4596,120516
5uez_ligand,4597,152188
5uez_ligand,4598,104201
5uez_ligand,4599,91079.6
5uez_ligand,4600,83426.5
5uez_ligand,4601,81307.1
5uez_ligand,4602,92018.2
5uez_ligand,4603,83201.6
5uez_ligand,4604,98165.8
5uez_ligand,4605,101915
5uez_ligand,4606,136124
5uez_ligand,4607,81328.3
5uez_ligand,4608,88964.8
5uez_ligand,4609,84867.1
5uez_ligand,4610,139212
5uez_ligand,4611,98522.8
5uez_ligand,4612,116784
5uez_ligand,4613,80147.9
5uez_ligand,4614,105504
5uez_ligand,4615,96872
5uez_ligand,4616,115822
5uez_ligand,4617,105467
5uez_ligand,4618,112373
5uez_ligand,4619,75887.4
5uez_ligand,4620,80295.9
5uez_ligand,4621,93673
5uez_ligand,4622,93765.9
5uez_ligand,4623,140743
5uez_ligand,4624,79146.4
5uez_ligand,4625,96894
5uez_ligand,4626,97009.6
5uez_ligand,4627,106720
5uez_ligand,4628,93357.4
5uez_ligand,4629,106950
5uez_ligand,4630,110808
5uez_ligand,4631,82041
5uez_ligand,4632,91928.1
5uez_ligand,4633,137028
5uez_ligand,4634,103625
5uez_ligand,4635,104074
5uez_ligand,4636,101034
5uez_ligand,4637,104923
5uez_ligand,4638,85614.2
5uez_ligand,4639,89305
5uez_ligand,4640,91321.2
5uez_ligand,4641,111091
5uez_ligand,4642,87380.4
5uez_ligand,4643,105636
5uez_ligand,4644,86253.5
5uez_ligand,4645,91311.3
5uez_ligand,4646,95276.3
5uez_ligand,4647,100851
5uez_ligand,4648,102075
5uez_ligand,4649,108334
5uez_ligand,4650,93172
5uez_ligand,4651,93269.7
5uez_ligand,4652,83022.5
5uez_ligand,4653,86926.5
5uez_ligand,4654,87960
5uez_ligand,4655,100660
5uez_ligand,4656,128531
5uez_ligand,4657,83519.3
5uez_ligand,4658,86230.2
5uez_ligand,4659,89638.7
5uez_ligand,4660,98210.4
5uez_ligand,4661,115587
5uez_ligand,4662,105448
5uez_ligand,4663,92935
5uez_ligand,4664,85439.8
5uez_ligand,4665,85947.6
5uez_ligand,4666,87770.8
5uez_ligand,4667,87021.3
5uez_ligand,4668,116691
5uez_ligand,4669,81805
5uez_ligand,4670,87774
5uez_ligand,4671,86823.8
5uez_ligand,4672,121752
5uez_ligand,4673,87542.9
5uez_ligand,4674,91673.5
5uez_ligand,4675,81560.3
5uez_ligand,4676,126003
5uez_ligand,4677,90244.5
5uez_ligand,4678,108315
5uez_ligand,4679,78620.4
5uez_ligand,4680,105732
5uez_ligand,4681,93186.4
5uez_ligand,4682,129574
5uez_ligand,4683,131915
5uez_ligand,4684,144105
5uez_ligand,4685,86835.6
5uez_ligand,4686,95326.8
5uez_ligand,4687,93744.9
5uez_ligand,4688,91353.4
5uez_ligand,4689,81381.8
5uez_ligand,4690,122494
5uez_ligand,4691,82700.9
5uez_ligand,4692,94239
5uez_ligand,4693,84752.8
5uez_ligand,4694,104031
5uez_ligand,4695,96919.8
5uez_ligand,4696,104147
5uez_ligand,4697,109302
5uez_ligand,4698,88408.5
5uez_ligand,4699,85682.5
5uez_ligand,4700,117009
5uez_ligand,4701,144482
5uez_ligand,4702,97264.3
5uez_ligand,4703,101438
5uez_ligand,4704,82176.8
5uez_ligand,4705,88302.1
5uez_ligand,4706,80984.6
5uez_ligand,4707,105158
5uez_ligand,4708,99814.9
5uez_ligand,4709,133693
5uez_ligand,4710,81808.4
5uez_ligand,4711,89795.1
5uez_ligand,4712,77376.6
5uez_ligand,4713,89853.2
5uez_ligand,4714,111257
5uez_ligand,4715,138464
5uez_ligand,4716,90260.4
5uez_ligand,4717,112980
5uez_ligand,4718,134173
5uez_ligand,4719,120310
5uez_ligand,4720,116372
5uez_ligand,4721,94855.4
5uez_ligand,4722,103469
5uez_ligand,4723,87359.2
5uez_ligand,4724,94862
5uez_ligand,4725,88113.8
5uez_ligand,4726,84287.7
5uez_ligand,4727,103380
5uez_ligand,4728,179679
5uez_ligand,4729,109960
5uez_ligand,4730,79948.6
5uez_ligand,4731,79211.1
5uez_ligand,4732,96326.5
5uez_ligand,4733,93994.3
5uez_ligand,4734,78593.9
5uez_ligand,4735,87851.5
5uez_ligand,4736,83630.9
5uez_ligand,4737,84817.2
5uez_ligand,4738,107724
5uez_ligand,4739,107634
5uez_ligand,4740,82998.8
5uez_ligand,4741,79072.4
5uez_ligand,4742,85202.7
5uez_ligand,4743,105236
5uez_ligand,4744,105285
5uez_ligand,4745,84375.2
5uez_ligand,4746,78725.6
5uez_ligand,4747,126008
5uez_ligand,4748,116584
5uez_ligand,4749,88258.1
5uez_ligand,4750,87630.3
5uez_ligand,4751,86990.8
5uez_ligand,4752,98093
5uez_ligand,4753,98559.7
5uez_ligand,4754,96569
5uez_ligand,4755,105378
5uez_ligand,4756,89523.3
5uez_ligand,4757,128003
5uez_ligand,4758,113997
5uez_ligand,4759,86306.6
5uez_ligand,4760,90387.5
5uez_ligand,4761,84999.6
5uez_ligand,4762,112449
5uez_ligand,4763,91369.7
5uez_ligand,4764,105014
5uez_ligand,4765,84681.1
5uez_ligand,4766,89290.1
5uez_ligand,4767,99424.2
5uez_ligand,4768,91321.8
5uez_ligand,4769,116399
5uez_ligand,4770,90400.3
5uez_ligand,4771,98701.7
5uez_ligand,4772,93921
5uez_ligand,4773,104820
5uez_ligand,4774,80899.6
5uez_ligand,4775,91296.1
5uez_ligand,4776,81648.3
5uez_ligand,4777,124113
5uez_ligand,4778,97244.7
5uez_ligand,4779,112830
5uez_ligand,4780,122066
5uez_ligand,4781,85640.9
5uez_ligand,4782,117657
5uez_ligand,4783,140124
5uez_ligand,4784,94260.6
5uez_ligand,4785,91558.7
5uez_ligand,4786,102812
5uez_ligand,4787,122664
5uez_ligand,4788,98202.3
5uez_ligand,4789,101233
5uez_ligand,4790,111423
5uez_ligand,4791,89298.8
5uez_ligand,4792,89564
5uez_ligand,4793,79027.6
5uez_ligand,4794,102928
5uez_ligand,4795,85704.1
5uez_ligand,4796,98749.5
5uez_ligand,4797,94034.6
5uez_ligand,4798,109433
5uez_ligand,4799,134569
5uez_ligand,4800,112476
5uez_ligand,4801,84195.2
5uez_ligand,4802,88769.4
5uez_ligand,4803,95907.2
5uez_ligand,4804,105584
5uez_ligand,4805,90922.4
5uez_ligand,4806,84225.9
5uez_ligand,4807,117069
5uez_ligand,4808,126782
5uez_ligand,4809,93449.2
5uez_ligand,4810,83864.5
5uez_ligand,4811,86737.4
5uez_ligand,4812,87068.9
5uez_ligand,4813,124983
5uez_ligand,4814,103802
5uez_ligand,4815,89987.1
5uez_ligand,4816,91855.7
5uez_ligand,4817,87172
5uez_ligand,4818,92761.1
5uez_ligand,4819,87085.4
5uez_ligand,4820,102303
5uez_ligand,4821,135281
5uez_ligand,4822,96294.7
5uez_ligand,4823,97164.5
5uez_ligand,4824,83041.3
5uez_ligand,4825,91759.4
5uez_ligand,4826,98529.6
5uez_ligand,4827,119417
5uez_ligand,4828,143104
5uez_ligand,4829,113520
5uez_ligand,4830,122132
5uez_ligand,4831,104451
5uez_ligand,4832,82213.2
5uez_ligand,4833,88868.8
5uez_ligand,4834,91516.6
5uez_ligand,4835,116728
5uez_ligand,4836,82136.3
5uez_ligand,4837,79241.4
5uez_ligand,4838,90360.7
5uez_ligand,4839,107666
5uez_ligand,4840,88118.4
5uez_ligand,4841,107665
5uez_ligand,4842,89755.7
5uez_ligand,4843,102108
5uez_ligand,4844,79066
5uez_ligand,4845,87126.7
5uez_ligand,4846,105694
5uez_ligand,4847,125188
5uez_ligand,4848,81030.9
5uez_ligand,4849,94396.1
5uez_ligand,4850,94313.1
5uez_ligand,4851,95229.7
5uez_ligand,4852,104769
5uez_ligand,4853,95820.2
5uez_ligand,4854,95611.2
5uez_ligand,4855,116794
5uez_ligand,4856,117853
5uez_ligand,4857,80587
5uez_ligand,4858,78507.2
5uez_ligand,4859,91385
5uez_ligand,4860,97594.1
5uez_ligand,4861,84455.9
5uez_ligand,4862,117870
5uez_ligand,4863,87210.2
5uez_ligand,4864,91979.4
5uez_ligand,4865,79059.2
5uez_ligand,4866,90258.5
5uez_ligand,4867,105233
5uez_ligand,4868,128123
5uez_ligand,4869,90511.5
5uez_ligand,4870,112666
5uez_ligand,4871,106610
5uez_ligand,4872,82131.1
5uez_ligand,4873,92640.6
5uez_ligand,4874,104509
5uez_ligand,4875,98463.3
5uez_ligand,4876,84835.2
5uez_ligand,4877,86766.9
5uez_ligand,4878,89934.9
5uez_ligand,4879,99268.3
5uez_ligand,4880,97402
5uez_ligand,4881,100846
5uez_ligand,4882,103137
5uez_ligand,4883,93824.9
5uez_ligand,4884,93294.7
5uez_ligand,4885,102641
5uez_ligand,4886,103947
5uez_ligand,4887,91131.1
5uez_ligand,4888,105906
5uez_ligand,4889,85293.5
5uez_ligand,4890,111100
5uez_ligand,4891,130492
5uez_ligand,4892,84896.7
5uez_ligand,4893,94842.8
5uez_ligand,4894,93215.1
5uez_ligand,4895,90231.9
5uez_ligand,4896,107076
5uez_ligand,4897,85740.7
5uez_ligand,4898,95609.1
5uez_ligand,4899,90386.5
5uez_ligand,4900,108502
5uez_ligand,4901,89155.4
5uez_ligand,4902,97626.9
5uez_ligand,4903,101734
5uez_ligand,4904,106253
5uez_ligand,4905,102068
5uez_ligand,4906,123875
5uez_ligand,4907,115270
5uez_ligand,4908,101000
5uez_ligand,4909,83442.3
5uez_ligand,4910,93169.5
5uez_ligand,4911,84764.1
5uez_ligand,4912,90728.4
5uez_ligand,4913,109153
5uez_ligand,4914,129989
5uez_ligand,4915,105340
5uez_ligand,4916,117278
5uez_ligand,4917,141502
5uez_ligand,4918,102320
5uez_ligand,4919,92632.1
5uez_ligand,4920,81627.3
5uez_ligand,4921,111679
5uez_ligand,4922,130295
5uez_ligand,4923,90662.7
5uez_ligand,4924,90186.9
5uez_ligand,4925,86997.8
5uez_ligand,4926,107237
5uez_ligand,4927,114900
5uez_ligand,4928,94323
5uez_ligand,4929,96129.8
5uez_ligand,4930,88469.7
5uez_ligand,4931,95672.2
5uez_ligand,4932,85395.6
5uez_ligand,4933,114033
5uez_ligand,4934,93454.3
5uez_ligand,4935,98230.3
5uez_ligand,4936,105866
5uez_ligand,4937,119176
5uez_ligand,4938,88494.5
5uez_ligand,4939,106876
5uez_ligand,4940,80744.3
5uez_ligand,4941,115171
5uez_ligand,4942,99502
5uez_ligand,4943,113189
5uez_ligand,4944,103748
5uez_ligand,4945,88966.2
5uez_ligand,4946,87433.6
5uez_ligand,4947,85899.6
5uez_ligand,4948,104287
5uez_ligand,4949,82927.8
5uez_ligand,4950,124141
5uez_ligand,4951,89262.9
5uez_ligand,4952,100061
5uez_ligand,4953,86752
5uez_ligand,4954,90576.8
5uez_ligand,4955,102155
5uez_ligand,4956,87594
5uez_ligand,4957,116004
5uez_ligand,4958,97275.7
5uez_ligand,4959,96692.4
5uez_ligand,4960,101376
5uez_ligand,4961,142097
5uez_ligand,4962,86472.1
5uez_ligand,4963,96197.5
5uez_ligand,4964,96596.1
5uez_ligand,4965,101075
5uez_ligand,4966,84867.7
5uez_ligand,4967,115190
5uez_ligand,4968,91799.1
5uez_ligand,4969,96853.7
5uez_ligand,4970,83386.6
5uez_ligand,4971,102995
5uez_ligand,4972,95761.1
5uez_ligand,4973,134751
5uez_ligand,4974,151106
5uez_ligand,4975,135261
5uez_ligand,4976,110615
5uez_ligand,4977,87203
5uez_ligand,4978,105406
5uez_ligand,4979,99774.5
5uez_ligand,4980,86078.8
5uez_ligand,4981,99606.9
5uez_ligand,4982,84339.6
5uez_ligand,4983,94228
5uez_ligand,4984,117853
5uez_ligand,4985,101886
5uez_ligand,4986,90481.2
5uez_ligand,4987,89460.9
5uez_ligand,4988,96674.3
5uez_ligand,4989,91578.6
5uez_ligand,4990,89060.6
5uez_ligand,4991,85477.8
5uez_ligand,4992,108142
5uez_ligand,4993,85020.9
5uez_ligand,4994,86703.9
5uez_ligand,4995,104934
5uez_ligand,4996,134134
5uez_ligand,4997,100403
5uez_ligand,4998,107098
5uez_ligand,4999,85432.6
