ligand,iteration,com_distance
5cst_ligand,0,0
5cst_ligand,1,0.38902
5cst_ligand,2,0.568095
5cst_ligand,3,0.388183
5cst_ligand,4,0.464901
5cst_ligand,5,0.575187
5cst_ligand,6,0.179134
5cst_ligand,7,0.344954
5cst_ligand,8,0.257621
5cst_ligand,9,0.523498
5cst_ligand,10,0.371782
5cst_ligand,11,0.540877
5cst_ligand,12,0.324247
5cst_ligand,13,0.251124
5cst_ligand,14,0.205936
5cst_ligand,15,0.551722
5cst_ligand,16,0.197345
5cst_ligand,17,0.270869
5cst_ligand,18,0.32879
5cst_ligand,19,0.195628
5cst_ligand,20,0.570396
5cst_ligand,21,0.386525
5cst_ligand,22,0.299082
5cst_ligand,23,0.422676
5cst_ligand,24,0.223764
5cst_ligand,25,0.475368
5cst_ligand,26,0.247964
5cst_ligand,27,0.597616
5cst_ligand,28,0.397105
5cst_ligand,29,0.21783
5cst_ligand,30,0.578082
5cst_ligand,31,0.13271
5cst_ligand,32,0.497338
5cst_ligand,33,0.102372
5cst_ligand,34,0.622922
5cst_ligand,35,0.411893
5cst_ligand,36,0.373218
5cst_ligand,37,0.536837
5cst_ligand,38,0.314686
5cst_ligand,39,0.372878
5cst_ligand,40,0.508482
5cst_ligand,41,0.146017
5cst_ligand,42,0.565882
5cst_ligand,43,0.354308
5cst_ligand,44,0.335275
5cst_ligand,45,0.463031
5cst_ligand,46,0.159128
5cst_ligand,47,0.394513
5cst_ligand,48,0.171578
5cst_ligand,49,0.390734
5cst_ligand,50,0.291035
5cst_ligand,51,0.294397
5cst_ligand,52,0.360793
5cst_ligand,53,0.286412
5cst_ligand,54,0.382848
5cst_ligand,55,0.457929
5cst_ligand,56,0.259833
5cst_ligand,57,0.511058
5cst_ligand,58,0.338802
5cst_ligand,59,0.213575
5cst_ligand,60,0.350139
5cst_ligand,61,0.337533
5cst_ligand,62,0.222948
5cst_ligand,63,0.311258
5cst_ligand,64,0.325274
5cst_ligand,65,0.269941
5cst_ligand,66,0.344906
5cst_ligand,67,0.29777
5cst_ligand,68,0.517566
5cst_ligand,69,0.28499
5cst_ligand,70,0.362448
5cst_ligand,71,0.233619
5cst_ligand,72,0.272034
5cst_ligand,73,0.356317
5cst_ligand,74,0.261853
5cst_ligand,75,0.333627
5cst_ligand,76,0.255922
5cst_ligand,77,0.339554
5cst_ligand,78,0.310202
5cst_ligand,79,0.176375
5cst_ligand,80,0.440947
5cst_ligand,81,0.129826
5cst_ligand,82,0.476412
5cst_ligand,83,0.315246
5cst_ligand,84,0.287651
5cst_ligand,85,0.259298
5cst_ligand,86,0.39235
5cst_ligand,87,0.331873
5cst_ligand,88,0.395136
5cst_ligand,89,0.268134
5cst_ligand,90,0.522592
5cst_ligand,91,0.271677
5cst_ligand,92,0.424041
5cst_ligand,93,0.174798
5cst_ligand,94,0.429765
5cst_ligand,95,0.137509
5cst_ligand,96,0.229222
5cst_ligand,97,0.393906
5cst_ligand,98,0.339543
5cst_ligand,99,0.148364
5cst_ligand,100,0.330895
5cst_ligand,101,0.253162
5cst_ligand,102,0.409016
5cst_ligand,103,0.326212
5cst_ligand,104,0.421915
5cst_ligand,105,0.226492
5cst_ligand,106,0.32995
5cst_ligand,107,0.400031
5cst_ligand,108,0.152794
5cst_ligand,109,0.475336
5cst_ligand,110,0.284757
5cst_ligand,111,0.320069
5cst_ligand,112,0.153882
5cst_ligand,113,0.295515
5cst_ligand,114,0.406863
5cst_ligand,115,0.206938
5cst_ligand,116,0.321968
5cst_ligand,117,0.275642
5cst_ligand,118,0.324048
5cst_ligand,119,0.197024
5cst_ligand,120,0.310668
5cst_ligand,121,0.275896
5cst_ligand,122,0.326359
5cst_ligand,123,0.175183
5cst_ligand,124,0.369908
5cst_ligand,125,0.239076
5cst_ligand,126,0.478578
5cst_ligand,127,0.211449
5cst_ligand,128,0.376351
5cst_ligand,129,0.274131
5cst_ligand,130,0.338626
5cst_ligand,131,0.189111
5cst_ligand,132,0.259914
5cst_ligand,133,0.327795
5cst_ligand,134,0.193292
5cst_ligand,135,0.361983
5cst_ligand,136,0.302666
5cst_ligand,137,0.258362
5cst_ligand,138,0.185226
5cst_ligand,139,0.389724
5cst_ligand,140,0.249052
5cst_ligand,141,0.21338
5cst_ligand,142,0.218541
5cst_ligand,143,0.28069
5cst_ligand,144,0.407681
5cst_ligand,145,0.194939
5cst_ligand,146,0.448622
5cst_ligand,147,0.226252
5cst_ligand,148,0.46132
5cst_ligand,149,0.27015
5cst_ligand,150,0.332799
5cst_ligand,151,0.192989
5cst_ligand,152,0.399899
5cst_ligand,153,0.443381
5cst_ligand,154,0.284298
5cst_ligand,155,0.201061
5cst_ligand,156,0.408573
5cst_ligand,157,0.381116
5cst_ligand,158,0.612055
5cst_ligand,159,0.224485
5cst_ligand,160,0.347193
5cst_ligand,161,0.282823
5cst_ligand,162,0.427715
5cst_ligand,163,0.446598
5cst_ligand,164,0.500278
5cst_ligand,165,0.357792
5cst_ligand,166,0.576668
5cst_ligand,167,0.5182
5cst_ligand,168,0.463636
5cst_ligand,169,0.371997
5cst_ligand,170,0.667046
5cst_ligand,171,0.341425
5cst_ligand,172,0.585199
5cst_ligand,173,0.301883
5cst_ligand,174,0.564
5cst_ligand,175,0.348469
5cst_ligand,176,0.685838
5cst_ligand,177,0.218274
5cst_ligand,178,0.475416
5cst_ligand,179,0.347669
5cst_ligand,180,0.501667
5cst_ligand,181,0.431957
5cst_ligand,182,0.362039
5cst_ligand,183,0.442738
5cst_ligand,184,0.33863
5cst_ligand,185,0.541598
5cst_ligand,186,0.40743
5cst_ligand,187,0.404592
5cst_ligand,188,0.268628
5cst_ligand,189,0.554954
5cst_ligand,190,0.372779
5cst_ligand,191,0.442639
5cst_ligand,192,0.222636
5cst_ligand,193,0.459173
5cst_ligand,194,0.389674
5cst_ligand,195,0.302342
5cst_ligand,196,0.499549
5cst_ligand,197,0.362458
5cst_ligand,198,0.343833
5cst_ligand,199,0.567947
5cst_ligand,200,0.451664
5cst_ligand,201,0.322208
5cst_ligand,202,0.561302
5cst_ligand,203,0.416805
5cst_ligand,204,0.403662
5cst_ligand,205,0.237524
5cst_ligand,206,0.558014
5cst_ligand,207,0.293926
5cst_ligand,208,0.534824
5cst_ligand,209,0.40066
5cst_ligand,210,0.372021
5cst_ligand,211,0.277927
5cst_ligand,212,0.512963
5cst_ligand,213,0.44166
5cst_ligand,214,0.310341
5cst_ligand,215,0.587022
5cst_ligand,216,0.410532
5cst_ligand,217,0.485083
5cst_ligand,218,0.336298
5cst_ligand,219,0.621518
5cst_ligand,220,0.146313
5cst_ligand,221,0.389172
5cst_ligand,222,0.305501
5cst_ligand,223,0.460426
5cst_ligand,224,0.34488
5cst_ligand,225,0.498327
5cst_ligand,226,0.253463
5cst_ligand,227,0.478046
5cst_ligand,228,0.450256
5cst_ligand,229,0.449051
5cst_ligand,230,0.310904
5cst_ligand,231,0.456714
5cst_ligand,232,0.376643
5cst_ligand,233,0.372104
5cst_ligand,234,0.263254
5cst_ligand,235,0.53209
5cst_ligand,236,0.395901
5cst_ligand,237,0.368291
5cst_ligand,238,0.237487
5cst_ligand,239,0.461811
5cst_ligand,240,0.35013
5cst_ligand,241,0.344703
5cst_ligand,242,0.260664
5cst_ligand,243,0.511038
5cst_ligand,244,0.443627
5cst_ligand,245,0.476389
5cst_ligand,246,0.262744
5cst_ligand,247,0.521313
5cst_ligand,248,0.313044
5cst_ligand,249,0.537092
5cst_ligand,250,0.277507
5cst_ligand,251,0.601145
5cst_ligand,252,0.317823
5cst_ligand,253,0.536519
5cst_ligand,254,0.306435
5cst_ligand,255,0.503625
5cst_ligand,256,0.397128
5cst_ligand,257,0.399247
5cst_ligand,258,0.263245
5cst_ligand,259,0.554902
5cst_ligand,260,0.192724
5cst_ligand,261,0.452604
5cst_ligand,262,0.41155
5cst_ligand,263,0.507942
5cst_ligand,264,0.313316
5cst_ligand,265,0.469222
5cst_ligand,266,0.339892
5cst_ligand,267,0.348297
5cst_ligand,268,0.167048
5cst_ligand,269,0.52848
5cst_ligand,270,0.299987
5cst_ligand,271,0.481066
5cst_ligand,272,0.336479
5cst_ligand,273,0.501535
5cst_ligand,274,0.306952
5cst_ligand,275,0.501325
5cst_ligand,276,0.438554
5cst_ligand,277,0.419896
5cst_ligand,278,0.185869
5cst_ligand,279,0.488274
5cst_ligand,280,0.324459
5cst_ligand,281,0.631511
5cst_ligand,282,0.28014
5cst_ligand,283,0.410858
5cst_ligand,284,0.195243
5cst_ligand,285,0.410715
5cst_ligand,286,0.390409
5cst_ligand,287,0.358725
5cst_ligand,288,0.248789
5cst_ligand,289,0.449883
5cst_ligand,290,0.431726
5cst_ligand,291,0.417009
5cst_ligand,292,0.363849
5cst_ligand,293,0.342823
5cst_ligand,294,0.396909
5cst_ligand,295,0.419121
5cst_ligand,296,0.307077
5cst_ligand,297,0.477795
5cst_ligand,298,0.310352
5cst_ligand,299,0.544688
5cst_ligand,300,0.340306
5cst_ligand,301,0.458072
5cst_ligand,302,0.31358
5cst_ligand,303,0.533932
5cst_ligand,304,0.354795
5cst_ligand,305,0.60044
5cst_ligand,306,0.275028
5cst_ligand,307,0.428162
5cst_ligand,308,0.332039
5cst_ligand,309,0.394993
5cst_ligand,310,0.261283
5cst_ligand,311,0.4881
5cst_ligand,312,0.384479
5cst_ligand,313,0.457836
5cst_ligand,314,0.314135
5cst_ligand,315,0.563249
5cst_ligand,316,0.327954
5cst_ligand,317,0.461342
5cst_ligand,318,0.356439
5cst_ligand,319,0.438242
5cst_ligand,320,0.311354
5cst_ligand,321,0.50792
5cst_ligand,322,0.403017
5cst_ligand,323,0.360112
5cst_ligand,324,0.432274
5cst_ligand,325,0.24252
5cst_ligand,326,0.508464
5cst_ligand,327,0.350354
5cst_ligand,328,0.511037
5cst_ligand,329,0.44717
5cst_ligand,330,0.295727
5cst_ligand,331,0.520458
5cst_ligand,332,0.309578
5cst_ligand,333,0.507742
5cst_ligand,334,0.395849
5cst_ligand,335,0.45187
5cst_ligand,336,0.277989
5cst_ligand,337,0.594993
5cst_ligand,338,0.349478
5cst_ligand,339,0.452315
5cst_ligand,340,0.310406
5cst_ligand,341,0.441469
5cst_ligand,342,0.40867
5cst_ligand,343,0.401345
5cst_ligand,344,0.353559
5cst_ligand,345,0.436787
5cst_ligand,346,0.316345
5cst_ligand,347,0.544219
5cst_ligand,348,0.364313
5cst_ligand,349,0.395239
5cst_ligand,350,0.275677
5cst_ligand,351,0.537406
5cst_ligand,352,0.343474
5cst_ligand,353,0.455057
5cst_ligand,354,0.401042
5cst_ligand,355,0.371493
5cst_ligand,356,0.204488
5cst_ligand,357,0.566607
5cst_ligand,358,0.232998
5cst_ligand,359,0.465918
5cst_ligand,360,0.330504
5cst_ligand,361,0.504277
5cst_ligand,362,0.371416
5cst_ligand,363,0.365081
5cst_ligand,364,0.381779
5cst_ligand,365,0.397942
5cst_ligand,366,0.278301
5cst_ligand,367,0.49735
5cst_ligand,368,0.45001
5cst_ligand,369,0.489459
5cst_ligand,370,0.27917
5cst_ligand,371,0.629347
5cst_ligand,372,0.31696
5cst_ligand,373,0.398587
5cst_ligand,374,0.438255
5cst_ligand,375,0.31396
5cst_ligand,376,0.259602
5cst_ligand,377,0.512479
5cst_ligand,378,0.279575
5cst_ligand,379,0.246909
5cst_ligand,380,0.496006
5cst_ligand,381,0.41806
5cst_ligand,382,0.363923
5cst_ligand,383,0.332581
5cst_ligand,384,0.460443
5cst_ligand,385,0.499905
5cst_ligand,386,0.289158
5cst_ligand,387,0.45935
5cst_ligand,388,0.341559
5cst_ligand,389,0.236601
5cst_ligand,390,0.494632
5cst_ligand,391,0.35442
5cst_ligand,392,0.536065
5cst_ligand,393,0.332374
5cst_ligand,394,0.532702
5cst_ligand,395,0.345733
5cst_ligand,396,0.481503
5cst_ligand,397,0.38892
5cst_ligand,398,0.238021
5cst_ligand,399,0.508132
5cst_ligand,400,0.31929
5cst_ligand,401,0.378903
5cst_ligand,402,0.176119
5cst_ligand,403,0.484776
5cst_ligand,404,0.433434
5cst_ligand,405,0.603246
5cst_ligand,406,0.28521
5cst_ligand,407,0.469113
5cst_ligand,408,0.304445
5cst_ligand,409,0.230693
5cst_ligand,410,0.485831
5cst_ligand,411,0.365142
5cst_ligand,412,0.364727
5cst_ligand,413,0.305885
5cst_ligand,414,0.367907
5cst_ligand,415,0.267232
5cst_ligand,416,0.396597
5cst_ligand,417,0.378454
5cst_ligand,418,0.373096
5cst_ligand,419,0.346295
5cst_ligand,420,0.325616
5cst_ligand,421,0.495604
5cst_ligand,422,0.351607
5cst_ligand,423,0.510439
5cst_ligand,424,0.312826
5cst_ligand,425,0.510735
5cst_ligand,426,0.323497
5cst_ligand,427,0.335156
5cst_ligand,428,0.614233
5cst_ligand,429,0.24469
5cst_ligand,430,0.495726
5cst_ligand,431,0.272243
5cst_ligand,432,0.514919
5cst_ligand,433,0.0807242
5cst_ligand,434,0.440429
5cst_ligand,435,0.260873
5cst_ligand,436,0.516093
5cst_ligand,437,0.149997
5cst_ligand,438,0.492986
5cst_ligand,439,0.340409
5cst_ligand,440,0.394344
5cst_ligand,441,0.270812
5cst_ligand,442,0.454875
5cst_ligand,443,0.281738
5cst_ligand,444,0.488553
5cst_ligand,445,0.297845
5cst_ligand,446,0.324675
5cst_ligand,447,0.250087
5cst_ligand,448,0.49254
5cst_ligand,449,0.421597
5cst_ligand,450,0.266648
5cst_ligand,451,0.361108
5cst_ligand,452,0.338505
5cst_ligand,453,0.240834
5cst_ligand,454,0.541157
5cst_ligand,455,0.213622
5cst_ligand,456,0.550882
5cst_ligand,457,0.276451
5cst_ligand,458,0.544665
5cst_ligand,459,0.39405
5cst_ligand,460,0.282097
5cst_ligand,461,0.583142
5cst_ligand,462,0.330432
5cst_ligand,463,0.553296
5cst_ligand,464,0.155892
5cst_ligand,465,0.462092
5cst_ligand,466,0.218734
5cst_ligand,467,0.537761
5cst_ligand,468,0.257101
5cst_ligand,469,0.542313
5cst_ligand,470,0.295389
5cst_ligand,471,0.426137
5cst_ligand,472,0.242685
5cst_ligand,473,0.494725
5cst_ligand,474,0.389698
5cst_ligand,475,0.27532
5cst_ligand,476,0.210479
5cst_ligand,477,0.53843
5cst_ligand,478,0.210071
5cst_ligand,479,0.503453
5cst_ligand,480,0.364541
5cst_ligand,481,0.317699
5cst_ligand,482,0.337663
5cst_ligand,483,0.315728
5cst_ligand,484,0.234098
5cst_ligand,485,0.540098
5cst_ligand,486,0.382621
5cst_ligand,487,0.56115
5cst_ligand,488,0.291393
5cst_ligand,489,0.432343
5cst_ligand,490,0.255494
5cst_ligand,491,0.565927
5cst_ligand,492,0.264745
5cst_ligand,493,0.424712
5cst_ligand,494,0.345792
5cst_ligand,495,0.381959
5cst_ligand,496,0.292363
5cst_ligand,497,0.463898
5cst_ligand,498,0.397204
5cst_ligand,499,0.267306
5cst_ligand,500,0.438541
5cst_ligand,501,0.265051
5cst_ligand,502,0.5123
5cst_ligand,503,0.287763
5cst_ligand,504,0.504937
5cst_ligand,505,0.326424
5cst_ligand,506,0.304432
5cst_ligand,507,0.420801
5cst_ligand,508,0.20249
5cst_ligand,509,0.568487
5cst_ligand,510,0.200701
5cst_ligand,511,0.450602
5cst_ligand,512,0.420763
5cst_ligand,513,0.448098
5cst_ligand,514,0.308356
5cst_ligand,515,0.541821
5cst_ligand,516,0.228742
5cst_ligand,517,0.470059
5cst_ligand,518,0.276421
5cst_ligand,519,0.53182
5cst_ligand,520,0.332875
5cst_ligand,521,0.268671
5cst_ligand,522,0.48707
5cst_ligand,523,0.375489
5cst_ligand,524,0.352149
5cst_ligand,525,0.235548
5cst_ligand,526,0.482885
5cst_ligand,527,0.303607
5cst_ligand,528,0.354646
5cst_ligand,529,0.294342
5cst_ligand,530,0.314855
5cst_ligand,531,0.397072
5cst_ligand,532,0.423678
5cst_ligand,533,0.224846
5cst_ligand,534,0.518064
5cst_ligand,535,0.322169
5cst_ligand,536,0.439363
5cst_ligand,537,0.341655
5cst_ligand,538,0.419017
5cst_ligand,539,0.292768
5cst_ligand,540,0.321776
5cst_ligand,541,0.409134
5cst_ligand,542,0.409003
5cst_ligand,543,0.302012
5cst_ligand,544,0.454704
5cst_ligand,545,0.22264
5cst_ligand,546,0.576085
5cst_ligand,547,0.195668
5cst_ligand,548,0.482286
5cst_ligand,549,0.262192
5cst_ligand,550,0.495479
5cst_ligand,551,0.330997
5cst_ligand,552,0.391255
5cst_ligand,553,0.270779
5cst_ligand,554,0.477805
5cst_ligand,555,0.30356
5cst_ligand,556,0.480294
5cst_ligand,557,0.31302
5cst_ligand,558,0.405162
5cst_ligand,559,0.270496
5cst_ligand,560,0.495154
5cst_ligand,561,0.359084
5cst_ligand,562,0.506977
5cst_ligand,563,0.313274
5cst_ligand,564,0.507466
5cst_ligand,565,0.330608
5cst_ligand,566,0.523151
5cst_ligand,567,0.245689
5cst_ligand,568,0.56056
5cst_ligand,569,0.231753
5cst_ligand,570,0.641683
5cst_ligand,571,0.277825
5cst_ligand,572,0.412528
5cst_ligand,573,0.349455
5cst_ligand,574,0.319868
5cst_ligand,575,0.368389
5cst_ligand,576,0.43251
5cst_ligand,577,0.299779
5cst_ligand,578,0.356511
5cst_ligand,579,0.255472
5cst_ligand,580,0.537428
5cst_ligand,581,0.274063
5cst_ligand,582,0.565142
5cst_ligand,583,0.230877
5cst_ligand,584,0.571076
5cst_ligand,585,0.321511
5cst_ligand,586,0.445414
5cst_ligand,587,0.358039
5cst_ligand,588,0.172782
5cst_ligand,589,0.541077
5cst_ligand,590,0.262594
5cst_ligand,591,0.673854
5cst_ligand,592,0.43321
5cst_ligand,593,0.325902
5cst_ligand,594,0.475279
5cst_ligand,595,0.294827
5cst_ligand,596,0.472022
5cst_ligand,597,0.304128
5cst_ligand,598,0.3434
5cst_ligand,599,0.304539
5cst_ligand,600,0.341978
5cst_ligand,601,0.192162
5cst_ligand,602,0.484902
5cst_ligand,603,0.373065
5cst_ligand,604,0.421992
5cst_ligand,605,0.286542
5cst_ligand,606,0.49809
5cst_ligand,607,0.388021
5cst_ligand,608,0.388099
5cst_ligand,609,0.199721
5cst_ligand,610,0.435611
5cst_ligand,611,0.266715
5cst_ligand,612,0.556603
5cst_ligand,613,0.289511
5cst_ligand,614,0.414984
5cst_ligand,615,0.307061
5cst_ligand,616,0.318354
5cst_ligand,617,0.343462
5cst_ligand,618,0.312568
5cst_ligand,619,0.27732
5cst_ligand,620,0.318971
5cst_ligand,621,0.365473
5cst_ligand,622,0.323731
5cst_ligand,623,0.201213
5cst_ligand,624,0.479665
5cst_ligand,625,0.301685
5cst_ligand,626,0.467881
5cst_ligand,627,0.328282
5cst_ligand,628,0.534142
5cst_ligand,629,0.309211
5cst_ligand,630,0.576172
5cst_ligand,631,0.225196
5cst_ligand,632,0.424786
5cst_ligand,633,0.313523
5cst_ligand,634,0.358334
5cst_ligand,635,0.359383
5cst_ligand,636,0.33756
5cst_ligand,637,0.229351
5cst_ligand,638,0.517011
5cst_ligand,639,0.458191
5cst_ligand,640,0.481776
5cst_ligand,641,0.276206
5cst_ligand,642,0.515103
5cst_ligand,643,0.304268
5cst_ligand,644,0.480316
5cst_ligand,645,0.302726
5cst_ligand,646,0.591844
5cst_ligand,647,0.232569
5cst_ligand,648,0.409798
5cst_ligand,649,0.312077
5cst_ligand,650,0.358487
5cst_ligand,651,0.140242
5cst_ligand,652,0.419334
5cst_ligand,653,0.325876
5cst_ligand,654,0.262877
5cst_ligand,655,0.445479
5cst_ligand,656,0.440959
5cst_ligand,657,0.301837
5cst_ligand,658,0.397923
5cst_ligand,659,0.285796
5cst_ligand,660,0.350962
5cst_ligand,661,0.338778
5cst_ligand,662,0.365952
5cst_ligand,663,0.350097
5cst_ligand,664,0.412317
5cst_ligand,665,0.231022
5cst_ligand,666,0.458801
5cst_ligand,667,0.255526
5cst_ligand,668,0.503392
5cst_ligand,669,0.23244
5cst_ligand,670,0.563389
5cst_ligand,671,0.239033
5cst_ligand,672,0.487685
5cst_ligand,673,0.282163
5cst_ligand,674,0.489921
5cst_ligand,675,0.3244
5cst_ligand,676,0.273184
5cst_ligand,677,0.263364
5cst_ligand,678,0.445172
5cst_ligand,679,0.393813
5cst_ligand,680,0.364657
5cst_ligand,681,0.246327
5cst_ligand,682,0.482513
5cst_ligand,683,0.345899
5cst_ligand,684,0.328678
5cst_ligand,685,0.368109
5cst_ligand,686,0.325275
5cst_ligand,687,0.300993
5cst_ligand,688,0.300849
5cst_ligand,689,0.478945
5cst_ligand,690,0.357858
5cst_ligand,691,0.435177
5cst_ligand,692,0.237542
5cst_ligand,693,0.46487
5cst_ligand,694,0.257009
5cst_ligand,695,0.499894
5cst_ligand,696,0.222468
5cst_ligand,697,0.520758
5cst_ligand,698,0.058248
5cst_ligand,699,0.505931
5cst_ligand,700,0.395376
5cst_ligand,701,0.340959
5cst_ligand,702,0.282483
5cst_ligand,703,0.497059
5cst_ligand,704,0.256366
5cst_ligand,705,0.556317
5cst_ligand,706,0.13082
5cst_ligand,707,0.546479
5cst_ligand,708,0.350102
5cst_ligand,709,0.476817
5cst_ligand,710,0.29916
5cst_ligand,711,0.415293
5cst_ligand,712,0.379918
5cst_ligand,713,0.378307
5cst_ligand,714,0.170146
5cst_ligand,715,0.497419
5cst_ligand,716,0.231701
5cst_ligand,717,0.488928
5cst_ligand,718,0.246832
5cst_ligand,719,0.465959
5cst_ligand,720,0.28134
5cst_ligand,721,0.468997
5cst_ligand,722,0.411053
5cst_ligand,723,0.401321
5cst_ligand,724,0.20565
5cst_ligand,725,0.485017
5cst_ligand,726,0.300292
5cst_ligand,727,0.513477
5cst_ligand,728,0.231708
5cst_ligand,729,0.581862
5cst_ligand,730,0.304579
5cst_ligand,731,0.559767
5cst_ligand,732,0.287245
5cst_ligand,733,0.55618
5cst_ligand,734,0.220104
5cst_ligand,735,0.465315
5cst_ligand,736,0.339266
5cst_ligand,737,0.389563
5cst_ligand,738,0.303458
5cst_ligand,739,0.484895
5cst_ligand,740,0.426009
5cst_ligand,741,0.511835
5cst_ligand,742,0.22038
5cst_ligand,743,0.529993
5cst_ligand,744,0.530716
5cst_ligand,745,0.533789
5cst_ligand,746,0.240183
5cst_ligand,747,0.565272
5cst_ligand,748,0.274665
5cst_ligand,749,0.571967
5cst_ligand,750,0.148411
5cst_ligand,751,0.570703
5cst_ligand,752,0.273756
5cst_ligand,753,0.565493
5cst_ligand,754,0.311328
5cst_ligand,755,0.468447
5cst_ligand,756,0.36998
5cst_ligand,757,0.331368
5cst_ligand,758,0.423726
5cst_ligand,759,0.373015
5cst_ligand,760,0.369468
5cst_ligand,761,0.314755
5cst_ligand,762,0.235891
5cst_ligand,763,0.465093
5cst_ligand,764,0.294904
5cst_ligand,765,0.28522
5cst_ligand,766,0.306714
5cst_ligand,767,0.475005
5cst_ligand,768,0.348677
5cst_ligand,769,0.32102
5cst_ligand,770,0.393711
5cst_ligand,771,0.398568
5cst_ligand,772,0.232192
5cst_ligand,773,0.46109
5cst_ligand,774,0.244144
5cst_ligand,775,0.562139
5cst_ligand,776,0.267214
5cst_ligand,777,0.532795
5cst_ligand,778,0.196811
5cst_ligand,779,0.511016
5cst_ligand,780,0.319925
5cst_ligand,781,0.660699
5cst_ligand,782,0.163158
5cst_ligand,783,0.426707
5cst_ligand,784,0.31743
5cst_ligand,785,0.354679
5cst_ligand,786,0.207682
5cst_ligand,787,0.474294
5cst_ligand,788,0.283287
5cst_ligand,789,0.590937
5cst_ligand,790,0.203045
5cst_ligand,791,0.425583
5cst_ligand,792,0.322334
5cst_ligand,793,0.367136
5cst_ligand,794,0.23097
5cst_ligand,795,0.556775
5cst_ligand,796,0.203054
5cst_ligand,797,0.541743
5cst_ligand,798,0.288426
5cst_ligand,799,0.416497
5cst_ligand,800,0.33988
5cst_ligand,801,0.310206
5cst_ligand,802,0.497036
5cst_ligand,803,0.303521
5cst_ligand,804,0.25581
5cst_ligand,805,0.497774
5cst_ligand,806,0.252845
5cst_ligand,807,0.499714
5cst_ligand,808,0.233988
5cst_ligand,809,0.499302
5cst_ligand,810,0.0863058
5cst_ligand,811,0.503457
5cst_ligand,812,0.387987
5cst_ligand,813,0.451458
5cst_ligand,814,0.222092
5cst_ligand,815,0.437498
5cst_ligand,816,0.373735
5cst_ligand,817,0.303085
5cst_ligand,818,0.266886
5cst_ligand,819,0.46834
5cst_ligand,820,0.362202
5cst_ligand,821,0.32053
5cst_ligand,822,0.341636
5cst_ligand,823,0.180196
5cst_ligand,824,0.498514
5cst_ligand,825,0.358403
5cst_ligand,826,0.314194
5cst_ligand,827,0.204175
5cst_ligand,828,0.455679
5cst_ligand,829,0.322405
5cst_ligand,830,0.292049
5cst_ligand,831,0.292794
5cst_ligand,832,0.369992
5cst_ligand,833,0.27105
5cst_ligand,834,0.461468
5cst_ligand,835,0.36849
5cst_ligand,836,0.374468
5cst_ligand,837,0.191869
5cst_ligand,838,0.451102
5cst_ligand,839,0.309647
5cst_ligand,840,0.230289
5cst_ligand,841,0.516089
5cst_ligand,842,0.304281
5cst_ligand,843,0.420041
5cst_ligand,844,0.353055
5cst_ligand,845,0.329279
5cst_ligand,846,0.112349
5cst_ligand,847,0.547134
5cst_ligand,848,0.295764
5cst_ligand,849,0.255012
5cst_ligand,850,0.477314
5cst_ligand,851,0.291897
5cst_ligand,852,0.513148
5cst_ligand,853,0.29645
5cst_ligand,854,0.454361
5cst_ligand,855,0.251743
5cst_ligand,856,0.426802
5cst_ligand,857,0.31433
5cst_ligand,858,0.503861
5cst_ligand,859,0.336875
5cst_ligand,860,0.485544
5cst_ligand,861,0.347116
5cst_ligand,862,0.384749
5cst_ligand,863,0.278367
5cst_ligand,864,0.291828
5cst_ligand,865,0.462943
5cst_ligand,866,0.238055
5cst_ligand,867,0.461956
5cst_ligand,868,0.213122
5cst_ligand,869,0.473192
5cst_ligand,870,0.217196
5cst_ligand,871,0.500239
5cst_ligand,872,0.247791
5cst_ligand,873,0.459406
5cst_ligand,874,0.341376
5cst_ligand,875,0.222218
5cst_ligand,876,0.583086
5cst_ligand,877,0.215488
5cst_ligand,878,0.581787
5cst_ligand,879,0.239316
5cst_ligand,880,0.572079
5cst_ligand,881,0.146244
5cst_ligand,882,0.462704
5cst_ligand,883,0.391764
5cst_ligand,884,0.326069
5cst_ligand,885,0.349873
5cst_ligand,886,0.182142
5cst_ligand,887,0.501621
5cst_ligand,888,0.324136
5cst_ligand,889,0.358411
5cst_ligand,890,0.23896
5cst_ligand,891,0.454306
5cst_ligand,892,0.314699
5cst_ligand,893,0.36386
5cst_ligand,894,0.366783
5cst_ligand,895,0.318856
5cst_ligand,896,0.210395
5cst_ligand,897,0.510049
5cst_ligand,898,0.222667
5cst_ligand,899,0.478156
5cst_ligand,900,0.270431
5cst_ligand,901,0.348072
5cst_ligand,902,0.20816
5cst_ligand,903,0.460873
5cst_ligand,904,0.409703
5cst_ligand,905,0.310023
5cst_ligand,906,0.309486
5cst_ligand,907,0.287474
5cst_ligand,908,0.269325
5cst_ligand,909,0.238
5cst_ligand,910,0.425604
5cst_ligand,911,0.221057
5cst_ligand,912,0.493389
5cst_ligand,913,0.19776
5cst_ligand,914,0.504496
5cst_ligand,915,0.168916
5cst_ligand,916,0.458193
5cst_ligand,917,0.356181
5cst_ligand,918,0.391718
5cst_ligand,919,0.328845
5cst_ligand,920,0.296254
5cst_ligand,921,0.436075
5cst_ligand,922,0.239709
5cst_ligand,923,0.424044
5cst_ligand,924,0.278995
5cst_ligand,925,0.584677
5cst_ligand,926,0.0989036
5cst_ligand,927,0.420969
5cst_ligand,928,0.34339
5cst_ligand,929,0.367839
5cst_ligand,930,0.197566
5cst_ligand,931,0.356298
5cst_ligand,932,0.303162
5cst_ligand,933,0.334399
5cst_ligand,934,0.127049
5cst_ligand,935,0.466617
5cst_ligand,936,0.34269
5cst_ligand,937,0.263134
5cst_ligand,938,0.473835
5cst_ligand,939,0.309543
5cst_ligand,940,0.51801
5cst_ligand,941,0.278641
5cst_ligand,942,0.535133
5cst_ligand,943,0.275977
5cst_ligand,944,0.462676
5cst_ligand,945,0.245375
5cst_ligand,946,0.49948
5cst_ligand,947,0.245453
5cst_ligand,948,0.497015
5cst_ligand,949,0.425101
5cst_ligand,950,0.538402
5cst_ligand,951,0.290096
5cst_ligand,952,0.441015
5cst_ligand,953,0.221913
5cst_ligand,954,0.553038
5cst_ligand,955,0.0780833
5cst_ligand,956,0.567774
5cst_ligand,957,0.0807253
5cst_ligand,958,0.676275
5cst_ligand,959,0.217595
5cst_ligand,960,0.534291
5cst_ligand,961,0.337059
5cst_ligand,962,0.433611
5cst_ligand,963,0.300032
5cst_ligand,964,0.369758
5cst_ligand,965,0.133987
5cst_ligand,966,0.556706
5cst_ligand,967,0.374475
5cst_ligand,968,0.420196
5cst_ligand,969,0.337026
5cst_ligand,970,0.374336
5cst_ligand,971,0.239237
5cst_ligand,972,0.431491
5cst_ligand,973,0.187674
5cst_ligand,974,0.593364
5cst_ligand,975,0.187998
5cst_ligand,976,0.52117
5cst_ligand,977,0.317689
5cst_ligand,978,0.448988
5cst_ligand,979,0.400185
5cst_ligand,980,0.285171
5cst_ligand,981,0.309647
5cst_ligand,982,0.279016
5cst_ligand,983,0.431974
5cst_ligand,984,0.362926
5cst_ligand,985,0.334896
5cst_ligand,986,0.430956
5cst_ligand,987,0.251229
5cst_ligand,988,0.505959
5cst_ligand,989,0.329888
5cst_ligand,990,0.225451
5cst_ligand,991,0.447375
5cst_ligand,992,0.238914
5cst_ligand,993,0.497018
5cst_ligand,994,0.283003
5cst_ligand,995,0.229147
5cst_ligand,996,0.531168
5cst_ligand,997,0.289077
5cst_ligand,998,0.490801
5cst_ligand,999,0.306954
5cst_ligand,1000,0.598628
5cst_ligand,1001,0.281057
5cst_ligand,1002,0.654915
5cst_ligand,1003,0.285087
5cst_ligand,1004,0.444332
5cst_ligand,1005,0.357819
5cst_ligand,1006,0.332524
5cst_ligand,1007,0.377711
5cst_ligand,1008,0.420521
5cst_ligand,1009,0.343
5cst_ligand,1010,0.417544
5cst_ligand,1011,0.254532
5cst_ligand,1012,0.503123
5cst_ligand,1013,0.206997
5cst_ligand,1014,0.479674
5cst_ligand,1015,0.305965
5cst_ligand,1016,0.2766
5cst_ligand,1017,0.250078
5cst_ligand,1018,0.433754
5cst_ligand,1019,0.383897
5cst_ligand,1020,0.41071
5cst_ligand,1021,0.255393
5cst_ligand,1022,0.457526
5cst_ligand,1023,0.279597
5cst_ligand,1024,0.590956
5cst_ligand,1025,0.190767
5cst_ligand,1026,0.408909
5cst_ligand,1027,0.295455
5cst_ligand,1028,0.340516
5cst_ligand,1029,0.398681
5cst_ligand,1030,0.317634
5cst_ligand,1031,0.185013
5cst_ligand,1032,0.460413
5cst_ligand,1033,0.24095
5cst_ligand,1034,0.479911
5cst_ligand,1035,0.215287
5cst_ligand,1036,0.483716
5cst_ligand,1037,0.211835
5cst_ligand,1038,0.466818
5cst_ligand,1039,0.39244
5cst_ligand,1040,0.348008
5cst_ligand,1041,0.294753
5cst_ligand,1042,0.224205
5cst_ligand,1043,0.544673
5cst_ligand,1044,0.235414
5cst_ligand,1045,0.549372
5cst_ligand,1046,0.256068
5cst_ligand,1047,0.448093
5cst_ligand,1048,0.370166
5cst_ligand,1049,0.431407
5cst_ligand,1050,0.176735
5cst_ligand,1051,0.44684
5cst_ligand,1052,0.298717
5cst_ligand,1053,0.495624
5cst_ligand,1054,0.246384
5cst_ligand,1055,0.406092
5cst_ligand,1056,0.244652
5cst_ligand,1057,0.494206
5cst_ligand,1058,0.320581
5cst_ligand,1059,0.405929
5cst_ligand,1060,0.308244
5cst_ligand,1061,0.390572
5cst_ligand,1062,0.362709
5cst_ligand,1063,0.313844
5cst_ligand,1064,0.172356
5cst_ligand,1065,0.502561
5cst_ligand,1066,0.193068
5cst_ligand,1067,0.394371
5cst_ligand,1068,0.352635
5cst_ligand,1069,0.318462
5cst_ligand,1070,0.128048
5cst_ligand,1071,0.488315
5cst_ligand,1072,0.183962
5cst_ligand,1073,0.469235
5cst_ligand,1074,0.298964
5cst_ligand,1075,0.393837
5cst_ligand,1076,0.227307
5cst_ligand,1077,0.53787
5cst_ligand,1078,0.350991
5cst_ligand,1079,0.282444
5cst_ligand,1080,0.197909
5cst_ligand,1081,0.380401
5cst_ligand,1082,0.352051
5cst_ligand,1083,0.320294
5cst_ligand,1084,0.291033
5cst_ligand,1085,0.2679
5cst_ligand,1086,0.252656
5cst_ligand,1087,0.402126
5cst_ligand,1088,0.344215
5cst_ligand,1089,0.410492
5cst_ligand,1090,0.266834
5cst_ligand,1091,0.41614
5cst_ligand,1092,0.288159
5cst_ligand,1093,0.33595
5cst_ligand,1094,0.292345
5cst_ligand,1095,0.335246
5cst_ligand,1096,0.355271
5cst_ligand,1097,0.354316
5cst_ligand,1098,0.139429
5cst_ligand,1099,0.463328
5cst_ligand,1100,0.32589
5cst_ligand,1101,0.45449
5cst_ligand,1102,0.301764
5cst_ligand,1103,0.605733
5cst_ligand,1104,0.176058
5cst_ligand,1105,0.388302
5cst_ligand,1106,0.375514
5cst_ligand,1107,0.218862
5cst_ligand,1108,0.388212
5cst_ligand,1109,0.267194
5cst_ligand,1110,0.471173
5cst_ligand,1111,0.237852
5cst_ligand,1112,0.530372
5cst_ligand,1113,0.229652
5cst_ligand,1114,0.356303
5cst_ligand,1115,0.234703
5cst_ligand,1116,0.217162
5cst_ligand,1117,0.489139
5cst_ligand,1118,0.181193
5cst_ligand,1119,0.498506
5cst_ligand,1120,0.110654
5cst_ligand,1121,0.602415
5cst_ligand,1122,0.184672
5cst_ligand,1123,0.508113
5cst_ligand,1124,0.295622
5cst_ligand,1125,0.321436
5cst_ligand,1126,0.321139
5cst_ligand,1127,0.356057
5cst_ligand,1128,0.182785
5cst_ligand,1129,0.368306
5cst_ligand,1130,0.257054
5cst_ligand,1131,0.455843
5cst_ligand,1132,0.280266
5cst_ligand,1133,0.520732
5cst_ligand,1134,0.253841
5cst_ligand,1135,0.343929
5cst_ligand,1136,0.231227
5cst_ligand,1137,0.554883
5cst_ligand,1138,0.319668
5cst_ligand,1139,0.387503
5cst_ligand,1140,0.275825
5cst_ligand,1141,0.366791
5cst_ligand,1142,0.186171
5cst_ligand,1143,0.416853
5cst_ligand,1144,0.19607
5cst_ligand,1145,0.583494
5cst_ligand,1146,0.280434
5cst_ligand,1147,0.409137
5cst_ligand,1148,0.256205
5cst_ligand,1149,0.367299
5cst_ligand,1150,0.327921
5cst_ligand,1151,0.395296
5cst_ligand,1152,0.139976
5cst_ligand,1153,0.490352
5cst_ligand,1154,0.140475
5cst_ligand,1155,0.472119
5cst_ligand,1156,0.28165
5cst_ligand,1157,0.415873
5cst_ligand,1158,0.370166
5cst_ligand,1159,0.311754
5cst_ligand,1160,0.435852
5cst_ligand,1161,0.280108
5cst_ligand,1162,0.563185
5cst_ligand,1163,0.143715
5cst_ligand,1164,0.527715
5cst_ligand,1165,0.137483
5cst_ligand,1166,0.476455
5cst_ligand,1167,0.249771
5cst_ligand,1168,0.543556
5cst_ligand,1169,0.309313
5cst_ligand,1170,0.555514
5cst_ligand,1171,0.303627
5cst_ligand,1172,0.441451
5cst_ligand,1173,0.279517
5cst_ligand,1174,0.30865
5cst_ligand,1175,0.39189
5cst_ligand,1176,0.321649
5cst_ligand,1177,0.183087
5cst_ligand,1178,0.511014
5cst_ligand,1179,0.132493
5cst_ligand,1180,0.519331
5cst_ligand,1181,0.346366
5cst_ligand,1182,0.252986
5cst_ligand,1183,0.162978
5cst_ligand,1184,0.553044
5cst_ligand,1185,0.238193
5cst_ligand,1186,0.330574
5cst_ligand,1187,0.282435
5cst_ligand,1188,0.532912
5cst_ligand,1189,0.220534
5cst_ligand,1190,0.430832
5cst_ligand,1191,0.279314
5cst_ligand,1192,0.541155
5cst_ligand,1193,0.258954
5cst_ligand,1194,0.590959
5cst_ligand,1195,0.218622
5cst_ligand,1196,0.557546
5cst_ligand,1197,0.237543
5cst_ligand,1198,0.584685
5cst_ligand,1199,0.156547
5cst_ligand,1200,0.406353
5cst_ligand,1201,0.352515
5cst_ligand,1202,0.314496
5cst_ligand,1203,0.287251
5cst_ligand,1204,0.265818
5cst_ligand,1205,0.45545
5cst_ligand,1206,0.410024
5cst_ligand,1207,0.290228
5cst_ligand,1208,0.446911
5cst_ligand,1209,0.181803
5cst_ligand,1210,0.49551
5cst_ligand,1211,0.169949
5cst_ligand,1212,0.348869
5cst_ligand,1213,0.255189
5cst_ligand,1214,0.496582
5cst_ligand,1215,0.403178
5cst_ligand,1216,0.275618
5cst_ligand,1217,0.462997
5cst_ligand,1218,0.210633
5cst_ligand,1219,0.400459
5cst_ligand,1220,0.333089
5cst_ligand,1221,0.283036
5cst_ligand,1222,0.256623
5cst_ligand,1223,0.219544
5cst_ligand,1224,0.452775
5cst_ligand,1225,0.197755
5cst_ligand,1226,0.408666
5cst_ligand,1227,0.333001
5cst_ligand,1228,0.297764
5cst_ligand,1229,0.253727
5cst_ligand,1230,0.222605
5cst_ligand,1231,0.454082
5cst_ligand,1232,0.314843
5cst_ligand,1233,0.189535
5cst_ligand,1234,0.456495
5cst_ligand,1235,0.236331
5cst_ligand,1236,0.21744
5cst_ligand,1237,0.490264
5cst_ligand,1238,0.0742583
5cst_ligand,1239,0.593209
5cst_ligand,1240,0.126868
5cst_ligand,1241,0.53377
5cst_ligand,1242,0.272076
5cst_ligand,1243,0.27671
5cst_ligand,1244,0.368595
5cst_ligand,1245,0.301016
5cst_ligand,1246,0.374917
5cst_ligand,1247,0.198261
5cst_ligand,1248,0.460578
5cst_ligand,1249,0.317673
5cst_ligand,1250,0.287775
5cst_ligand,1251,0.289579
5cst_ligand,1252,0.290639
5cst_ligand,1253,0.416367
5cst_ligand,1254,0.425899
5cst_ligand,1255,0.270166
5cst_ligand,1256,0.217549
5cst_ligand,1257,0.434349
5cst_ligand,1258,0.377023
5cst_ligand,1259,0.349286
5cst_ligand,1260,0.358005
5cst_ligand,1261,0.381144
5cst_ligand,1262,0.143446
5cst_ligand,1263,0.458551
5cst_ligand,1264,0.346646
5cst_ligand,1265,0.24886
5cst_ligand,1266,0.532349
5cst_ligand,1267,0.305729
5cst_ligand,1268,0.391007
5cst_ligand,1269,0.274975
5cst_ligand,1270,0.362813
5cst_ligand,1271,0.347896
5cst_ligand,1272,0.303628
5cst_ligand,1273,0.126852
5cst_ligand,1274,0.477142
5cst_ligand,1275,0.14949
5cst_ligand,1276,0.39303
5cst_ligand,1277,0.324036
5cst_ligand,1278,0.283001
5cst_ligand,1279,0.239732
5cst_ligand,1280,0.439527
5cst_ligand,1281,0.382939
5cst_ligand,1282,0.196198
5cst_ligand,1283,0.487218
5cst_ligand,1284,0.150864
5cst_ligand,1285,0.474359
5cst_ligand,1286,0.280317
5cst_ligand,1287,0.196976
5cst_ligand,1288,0.543379
5cst_ligand,1289,0.220609
5cst_ligand,1290,0.542976
5cst_ligand,1291,0.289302
5cst_ligand,1292,0.542792
5cst_ligand,1293,0.304883
5cst_ligand,1294,0.305747
5cst_ligand,1295,0.23076
5cst_ligand,1296,0.339399
5cst_ligand,1297,0.305122
5cst_ligand,1298,0.381599
5cst_ligand,1299,0.235564
5cst_ligand,1300,0.305906
5cst_ligand,1301,0.209302
5cst_ligand,1302,0.457302
5cst_ligand,1303,0.336424
5cst_ligand,1304,0.380137
5cst_ligand,1305,0.175681
5cst_ligand,1306,0.486475
5cst_ligand,1307,0.268295
5cst_ligand,1308,0.234905
5cst_ligand,1309,0.392316
5cst_ligand,1310,0.422442
5cst_ligand,1311,0.300856
5cst_ligand,1312,0.41366
5cst_ligand,1313,0.226831
5cst_ligand,1314,0.437209
5cst_ligand,1315,0.309411
5cst_ligand,1316,0.372468
5cst_ligand,1317,0.237634
5cst_ligand,1318,0.432932
5cst_ligand,1319,0.301735
5cst_ligand,1320,0.48864
5cst_ligand,1321,0.250144
5cst_ligand,1322,0.42934
5cst_ligand,1323,0.197095
5cst_ligand,1324,0.527457
5cst_ligand,1325,0.118223
5cst_ligand,1326,0.512664
5cst_ligand,1327,0.325193
5cst_ligand,1328,0.313549
5cst_ligand,1329,0.117732
5cst_ligand,1330,0.481003
5cst_ligand,1331,0.2635
5cst_ligand,1332,0.344133
5cst_ligand,1333,0.325121
5cst_ligand,1334,0.344246
5cst_ligand,1335,0.270025
5cst_ligand,1336,0.584219
5cst_ligand,1337,0.202409
5cst_ligand,1338,0.488346
5cst_ligand,1339,0.382275
5cst_ligand,1340,0.407879
5cst_ligand,1341,0.292226
5cst_ligand,1342,0.234354
5cst_ligand,1343,0.450448
5cst_ligand,1344,0.218894
5cst_ligand,1345,0.475209
5cst_ligand,1346,0.302102
5cst_ligand,1347,0.498161
5cst_ligand,1348,0.131528
5cst_ligand,1349,0.473248
5cst_ligand,1350,0.262539
5cst_ligand,1351,0.191797
5cst_ligand,1352,0.584387
5cst_ligand,1353,0.219785
5cst_ligand,1354,0.46186
5cst_ligand,1355,0.357743
5cst_ligand,1356,0.449044
5cst_ligand,1357,0.129928
5cst_ligand,1358,0.390767
5cst_ligand,1359,0.25294
5cst_ligand,1360,0.415021
5cst_ligand,1361,0.325234
5cst_ligand,1362,0.223419
5cst_ligand,1363,0.388143
5cst_ligand,1364,0.319912
5cst_ligand,1365,0.332248
5cst_ligand,1366,0.260783
5cst_ligand,1367,0.36397
5cst_ligand,1368,0.173795
5cst_ligand,1369,0.455689
5cst_ligand,1370,0.273338
5cst_ligand,1371,0.34152
5cst_ligand,1372,0.212552
5cst_ligand,1373,0.558223
5cst_ligand,1374,0.224305
5cst_ligand,1375,0.438352
5cst_ligand,1376,0.300555
5cst_ligand,1377,0.574828
5cst_ligand,1378,0.239682
5cst_ligand,1379,0.3527
5cst_ligand,1380,0.204987
5cst_ligand,1381,0.532395
5cst_ligand,1382,0.238876
5cst_ligand,1383,0.442096
5cst_ligand,1384,0.251945
5cst_ligand,1385,0.482612
5cst_ligand,1386,0.1625
5cst_ligand,1387,0.489219
5cst_ligand,1388,0.216766
5cst_ligand,1389,0.443898
5cst_ligand,1390,0.399672
5cst_ligand,1391,0.246345
5cst_ligand,1392,0.484007
5cst_ligand,1393,0.249903
5cst_ligand,1394,0.394366
5cst_ligand,1395,0.22696
5cst_ligand,1396,0.558188
5cst_ligand,1397,0.162554
5cst_ligand,1398,0.396955
5cst_ligand,1399,0.303297
5cst_ligand,1400,0.241049
5cst_ligand,1401,0.435103
5cst_ligand,1402,0.361534
5cst_ligand,1403,0.139629
5cst_ligand,1404,0.523659
5cst_ligand,1405,0.150622
5cst_ligand,1406,0.446436
5cst_ligand,1407,0.312576
5cst_ligand,1408,0.375186
5cst_ligand,1409,0.213346
5cst_ligand,1410,0.435971
5cst_ligand,1411,0.298173
5cst_ligand,1412,0.488424
5cst_ligand,1413,0.260628
5cst_ligand,1414,0.528001
5cst_ligand,1415,0.259017
5cst_ligand,1416,0.461714
5cst_ligand,1417,0.200517
5cst_ligand,1418,0.570701
5cst_ligand,1419,0.0871259
5cst_ligand,1420,0.667541
5cst_ligand,1421,0.172922
5cst_ligand,1422,0.555566
5cst_ligand,1423,0.414192
5cst_ligand,1424,0.306081
5cst_ligand,1425,0.230731
5cst_ligand,1426,0.371874
5cst_ligand,1427,0.343724
5cst_ligand,1428,0.309245
5cst_ligand,1429,0.267738
5cst_ligand,1430,0.239741
5cst_ligand,1431,0.222687
5cst_ligand,1432,0.393319
5cst_ligand,1433,0.316729
5cst_ligand,1434,0.304151
5cst_ligand,1435,0.355639
5cst_ligand,1436,0.156824
5cst_ligand,1437,0.435388
5cst_ligand,1438,0.25269
5cst_ligand,1439,0.468418
5cst_ligand,1440,0.187388
5cst_ligand,1441,0.36049
5cst_ligand,1442,0.240553
5cst_ligand,1443,0.366998
5cst_ligand,1444,0.324313
5cst_ligand,1445,0.367441
5cst_ligand,1446,0.238432
5cst_ligand,1447,0.442027
5cst_ligand,1448,0.257107
5cst_ligand,1449,0.588579
5cst_ligand,1450,0.210111
5cst_ligand,1451,0.371115
5cst_ligand,1452,0.195672
5cst_ligand,1453,0.443664
5cst_ligand,1454,0.276057
5cst_ligand,1455,0.406296
5cst_ligand,1456,0.269808
5cst_ligand,1457,0.51221
5cst_ligand,1458,0.205792
5cst_ligand,1459,0.444047
5cst_ligand,1460,0.230177
5cst_ligand,1461,0.606182
5cst_ligand,1462,0.136313
5cst_ligand,1463,0.476671
5cst_ligand,1464,0.373177
5cst_ligand,1465,0.201791
5cst_ligand,1466,0.462179
5cst_ligand,1467,0.240582
5cst_ligand,1468,0.446631
5cst_ligand,1469,0.284126
5cst_ligand,1470,0.481137
5cst_ligand,1471,0.158482
5cst_ligand,1472,0.506263
5cst_ligand,1473,0.173147
5cst_ligand,1474,0.640914
5cst_ligand,1475,0.371341
5cst_ligand,1476,0.538412
5cst_ligand,1477,0.200083
5cst_ligand,1478,0.486986
5cst_ligand,1479,0.23052
5cst_ligand,1480,0.385128
5cst_ligand,1481,0.325772
5cst_ligand,1482,0.28744
5cst_ligand,1483,0.262847
5cst_ligand,1484,0.238086
5cst_ligand,1485,0.223004
5cst_ligand,1486,0.365431
5cst_ligand,1487,0.333333
5cst_ligand,1488,0.281606
5cst_ligand,1489,0.258076
5cst_ligand,1490,0.229514
5cst_ligand,1491,0.210426
5cst_ligand,1492,0.394891
5cst_ligand,1493,0.336466
5cst_ligand,1494,0.302484
5cst_ligand,1495,0.19691
5cst_ligand,1496,0.421873
5cst_ligand,1497,0.297013
5cst_ligand,1498,0.313407
5cst_ligand,1499,0.265121
5cst_ligand,1500,0.364817
5cst_ligand,1501,0.182474
5cst_ligand,1502,0.434851
5cst_ligand,1503,0.235482
5cst_ligand,1504,0.480347
5cst_ligand,1505,0.274172
5cst_ligand,1506,0.3403
5cst_ligand,1507,0.123991
5cst_ligand,1508,0.531416
5cst_ligand,1509,0.364126
5cst_ligand,1510,0.363118
5cst_ligand,1511,0.269878
5cst_ligand,1512,0.295619
5cst_ligand,1513,0.346064
5cst_ligand,1514,0.266557
5cst_ligand,1515,0.226826
5cst_ligand,1516,0.388585
5cst_ligand,1517,0.205803
5cst_ligand,1518,0.417893
5cst_ligand,1519,0.210359
5cst_ligand,1520,0.398371
5cst_ligand,1521,0.338223
5cst_ligand,1522,0.237729
5cst_ligand,1523,0.311636
5cst_ligand,1524,0.334534
5cst_ligand,1525,0.337787
5cst_ligand,1526,0.159888
5cst_ligand,1527,0.375617
5cst_ligand,1528,0.162849
5cst_ligand,1529,0.517351
5cst_ligand,1530,0.324166
5cst_ligand,1531,0.44971
5cst_ligand,1532,0.235412
5cst_ligand,1533,0.346796
5cst_ligand,1534,0.290629
5cst_ligand,1535,0.261602
5cst_ligand,1536,0.236549
5cst_ligand,1537,0.232048
5cst_ligand,1538,0.376139
5cst_ligand,1539,0.32175
5cst_ligand,1540,0.271865
5cst_ligand,1541,0.267203
5cst_ligand,1542,0.257192
5cst_ligand,1543,0.41001
5cst_ligand,1544,0.262563
5cst_ligand,1545,0.322891
5cst_ligand,1546,0.300894
5cst_ligand,1547,0.127839
5cst_ligand,1548,0.444449
5cst_ligand,1549,0.350947
5cst_ligand,1550,0.147903
5cst_ligand,1551,0.491385
5cst_ligand,1552,0.168764
5cst_ligand,1553,0.453129
5cst_ligand,1554,0.279971
5cst_ligand,1555,0.320571
5cst_ligand,1556,0.152454
5cst_ligand,1557,0.523829
5cst_ligand,1558,0.356402
5cst_ligand,1559,0.405371
5cst_ligand,1560,0.321161
5cst_ligand,1561,0.273451
5cst_ligand,1562,0.146235
5cst_ligand,1563,0.423465
5cst_ligand,1564,0.276894
5cst_ligand,1565,0.338871
5cst_ligand,1566,0.222901
5cst_ligand,1567,0.513891
5cst_ligand,1568,0.351354
5cst_ligand,1569,0.425007
5cst_ligand,1570,0.177104
5cst_ligand,1571,0.31809
5cst_ligand,1572,0.282639
5cst_ligand,1573,0.387447
5cst_ligand,1574,0.258751
5cst_ligand,1575,0.414447
5cst_ligand,1576,0.358116
5cst_ligand,1577,0.321835
5cst_ligand,1578,0.305773
5cst_ligand,1579,0.19682
5cst_ligand,1580,0.487532
5cst_ligand,1581,0.191481
5cst_ligand,1582,0.466388
5cst_ligand,1583,0.297364
5cst_ligand,1584,0.348227
5cst_ligand,1585,0.251661
5cst_ligand,1586,0.402712
5cst_ligand,1587,0.291338
5cst_ligand,1588,0.574532
5cst_ligand,1589,0.184105
5cst_ligand,1590,0.379476
5cst_ligand,1591,0.279602
5cst_ligand,1592,0.422993
5cst_ligand,1593,0.266951
5cst_ligand,1594,0.550206
5cst_ligand,1595,0.153503
5cst_ligand,1596,0.373553
5cst_ligand,1597,0.318128
5cst_ligand,1598,0.17493
5cst_ligand,1599,0.485956
5cst_ligand,1600,0.293113
5cst_ligand,1601,0.28713
5cst_ligand,1602,0.351273
5cst_ligand,1603,0.216943
5cst_ligand,1604,0.479449
5cst_ligand,1605,0.167464
5cst_ligand,1606,0.494599
5cst_ligand,1607,0.30742
5cst_ligand,1608,0.303165
5cst_ligand,1609,0.348765
5cst_ligand,1610,0.200028
5cst_ligand,1611,0.545387
5cst_ligand,1612,0.377055
5cst_ligand,1613,0.423385
5cst_ligand,1614,0.150682
5cst_ligand,1615,0.376269
5cst_ligand,1616,0.3176
5cst_ligand,1617,0.359151
5cst_ligand,1618,0.109219
5cst_ligand,1619,0.390988
5cst_ligand,1620,0.279693
5cst_ligand,1621,0.185998
5cst_ligand,1622,0.451564
5cst_ligand,1623,0.295831
5cst_ligand,1624,0.455882
5cst_ligand,1625,0.243512
5cst_ligand,1626,0.390194
5cst_ligand,1627,0.225404
5cst_ligand,1628,0.528137
5cst_ligand,1629,0.187104
5cst_ligand,1630,0.455187
5cst_ligand,1631,0.290216
5cst_ligand,1632,0.302519
5cst_ligand,1633,0.140142
5cst_ligand,1634,0.377513
5cst_ligand,1635,0.266852
5cst_ligand,1636,0.420136
5cst_ligand,1637,0.277594
5cst_ligand,1638,0.579743
5cst_ligand,1639,0.205358
5cst_ligand,1640,0.411265
5cst_ligand,1641,0.304815
5cst_ligand,1642,0.399604
5cst_ligand,1643,0.197643
5cst_ligand,1644,0.509984
5cst_ligand,1645,0.133676
5cst_ligand,1646,0.516418
5cst_ligand,1647,0.118062
5cst_ligand,1648,0.392577
5cst_ligand,1649,0.341414
5cst_ligand,1650,0.166932
5cst_ligand,1651,0.482096
5cst_ligand,1652,0.302048
5cst_ligand,1653,0.251071
5cst_ligand,1654,0.121349
5cst_ligand,1655,0.501745
5cst_ligand,1656,0.383513
5cst_ligand,1657,0.312683
5cst_ligand,1658,0.105663
5cst_ligand,1659,0.52599
5cst_ligand,1660,0.273377
5cst_ligand,1661,0.191998
5cst_ligand,1662,0.440873
5cst_ligand,1663,0.227659
5cst_ligand,1664,0.436786
5cst_ligand,1665,0.274672
5cst_ligand,1666,0.438399
5cst_ligand,1667,0.198238
5cst_ligand,1668,0.520819
5cst_ligand,1669,0.128846
5cst_ligand,1670,0.425835
5cst_ligand,1671,0.334965
5cst_ligand,1672,0.158005
5cst_ligand,1673,0.462126
5cst_ligand,1674,0.298168
5cst_ligand,1675,0.251649
5cst_ligand,1676,0.395465
5cst_ligand,1677,0.346213
5cst_ligand,1678,0.34794
5cst_ligand,1679,0.132536
5cst_ligand,1680,0.506471
5cst_ligand,1681,0.317195
5cst_ligand,1682,0.334722
5cst_ligand,1683,0.271875
5cst_ligand,1684,0.326796
5cst_ligand,1685,0.212191
5cst_ligand,1686,0.361893
5cst_ligand,1687,0.312938
5cst_ligand,1688,0.35082
5cst_ligand,1689,0.33157
5cst_ligand,1690,0.289462
5cst_ligand,1691,0.139569
5cst_ligand,1692,0.470571
5cst_ligand,1693,0.15881
5cst_ligand,1694,0.372619
5cst_ligand,1695,0.318895
5cst_ligand,1696,0.263935
5cst_ligand,1697,0.231645
5cst_ligand,1698,0.209738
5cst_ligand,1699,0.409184
5cst_ligand,1700,0.33933
5cst_ligand,1701,0.274943
5cst_ligand,1702,0.28355
5cst_ligand,1703,0.378771
5cst_ligand,1704,0.372714
5cst_ligand,1705,0.101117
5cst_ligand,1706,0.53025
5cst_ligand,1707,0.219478
5cst_ligand,1708,0.358885
5cst_ligand,1709,0.335384
5cst_ligand,1710,0.295012
5cst_ligand,1711,0.295545
5cst_ligand,1712,0.284282
5cst_ligand,1713,0.213414
5cst_ligand,1714,0.414975
5cst_ligand,1715,0.186081
5cst_ligand,1716,0.46682
5cst_ligand,1717,0.292201
5cst_ligand,1718,0.237316
5cst_ligand,1719,0.229639
5cst_ligand,1720,0.383462
5cst_ligand,1721,0.326501
5cst_ligand,1722,0.303836
5cst_ligand,1723,0.157309
5cst_ligand,1724,0.384226
5cst_ligand,1725,0.273024
5cst_ligand,1726,0.470564
5cst_ligand,1727,0.249191
5cst_ligand,1728,0.527253
5cst_ligand,1729,0.216616
5cst_ligand,1730,0.426359
5cst_ligand,1731,0.239361
5cst_ligand,1732,0.529743
5cst_ligand,1733,0.261775
5cst_ligand,1734,0.386188
5cst_ligand,1735,0.257626
5cst_ligand,1736,0.291021
5cst_ligand,1737,0.1839
5cst_ligand,1738,0.382967
5cst_ligand,1739,0.244433
5cst_ligand,1740,0.325186
5cst_ligand,1741,0.367468
5cst_ligand,1742,0.374813
5cst_ligand,1743,0.155863
5cst_ligand,1744,0.484443
5cst_ligand,1745,0.253615
5cst_ligand,1746,0.433647
5cst_ligand,1747,0.154839
5cst_ligand,1748,0.536715
5cst_ligand,1749,0.0417501
5cst_ligand,1750,0.648645
5cst_ligand,1751,0.152933
5cst_ligand,1752,0.618143
5cst_ligand,1753,0.236306
5cst_ligand,1754,0.515033
5cst_ligand,1755,0.277806
5cst_ligand,1756,0.346819
5cst_ligand,1757,0.284863
5cst_ligand,1758,0.277181
5cst_ligand,1759,0.17844
5cst_ligand,1760,0.416626
5cst_ligand,1761,0.224931
5cst_ligand,1762,0.199147
5cst_ligand,1763,0.469203
5cst_ligand,1764,0.185743
5cst_ligand,1765,0.456858
5cst_ligand,1766,0.36369
5cst_ligand,1767,0.351683
5cst_ligand,1768,0.137132
5cst_ligand,1769,0.416776
5cst_ligand,1770,0.247546
5cst_ligand,1771,0.323217
5cst_ligand,1772,0.233227
5cst_ligand,1773,0.261408
5cst_ligand,1774,0.355423
5cst_ligand,1775,0.311776
5cst_ligand,1776,0.24954
5cst_ligand,1777,0.491156
5cst_ligand,1778,0.272108
5cst_ligand,1779,0.465886
5cst_ligand,1780,0.219814
5cst_ligand,1781,0.404085
5cst_ligand,1782,0.200321
5cst_ligand,1783,0.531025
5cst_ligand,1784,0.141142
5cst_ligand,1785,0.541046
5cst_ligand,1786,0.0945452
5cst_ligand,1787,0.421408
5cst_ligand,1788,0.28392
5cst_ligand,1789,0.438697
5cst_ligand,1790,0.29268
5cst_ligand,1791,0.113287
5cst_ligand,1792,0.544825
5cst_ligand,1793,0.320146
5cst_ligand,1794,0.242228
5cst_ligand,1795,0.340278
5cst_ligand,1796,0.258792
5cst_ligand,1797,0.492448
5cst_ligand,1798,0.379498
5cst_ligand,1799,0.328664
5cst_ligand,1800,0.311779
5cst_ligand,1801,0.21906
5cst_ligand,1802,0.483354
5cst_ligand,1803,0.18969
5cst_ligand,1804,0.407217
5cst_ligand,1805,0.307672
5cst_ligand,1806,0.267607
5cst_ligand,1807,0.299302
5cst_ligand,1808,0.47059
5cst_ligand,1809,0.281939
5cst_ligand,1810,0.238763
5cst_ligand,1811,0.450391
5cst_ligand,1812,0.114843
5cst_ligand,1813,0.52182
5cst_ligand,1814,0.110255
5cst_ligand,1815,0.479169
5cst_ligand,1816,0.348409
5cst_ligand,1817,0.232784
5cst_ligand,1818,0.577106
5cst_ligand,1819,0.220653
5cst_ligand,1820,0.454015
5cst_ligand,1821,0.212372
5cst_ligand,1822,0.556543
5cst_ligand,1823,0.224898
5cst_ligand,1824,0.568425
5cst_ligand,1825,0.275483
5cst_ligand,1826,0.607333
5cst_ligand,1827,0.296468
5cst_ligand,1828,0.541236
5cst_ligand,1829,0.252429
5cst_ligand,1830,0.660118
5cst_ligand,1831,0.38992
5cst_ligand,1832,0.560119
5cst_ligand,1833,0.208365
5cst_ligand,1834,0.396132
5cst_ligand,1835,0.319441
5cst_ligand,1836,0.443071
5cst_ligand,1837,0.235053
5cst_ligand,1838,0.464733
5cst_ligand,1839,0.290899
5cst_ligand,1840,0.239176
5cst_ligand,1841,0.392858
5cst_ligand,1842,0.342265
5cst_ligand,1843,0.316069
5cst_ligand,1844,0.277864
5cst_ligand,1845,0.173984
5cst_ligand,1846,0.464741
5cst_ligand,1847,0.292021
5cst_ligand,1848,0.356347
5cst_ligand,1849,0.236474
5cst_ligand,1850,0.40711
5cst_ligand,1851,0.271814
5cst_ligand,1852,0.396882
5cst_ligand,1853,0.262049
5cst_ligand,1854,0.334809
5cst_ligand,1855,0.333567
5cst_ligand,1856,0.367138
5cst_ligand,1857,0.191476
5cst_ligand,1858,0.439033
5cst_ligand,1859,0.297206
5cst_ligand,1860,0.381515
5cst_ligand,1861,0.234786
5cst_ligand,1862,0.44433
5cst_ligand,1863,0.363637
5cst_ligand,1864,0.311622
5cst_ligand,1865,0.189708
5cst_ligand,1866,0.473403
5cst_ligand,1867,0.276792
5cst_ligand,1868,0.349318
5cst_ligand,1869,0.161313
5cst_ligand,1870,0.43703
5cst_ligand,1871,0.262822
5cst_ligand,1872,0.352757
5cst_ligand,1873,0.228433
5cst_ligand,1874,0.395366
5cst_ligand,1875,0.303308
5cst_ligand,1876,0.333011
5cst_ligand,1877,0.212708
5cst_ligand,1878,0.476203
5cst_ligand,1879,0.300096
5cst_ligand,1880,0.357169
5cst_ligand,1881,0.227383
5cst_ligand,1882,0.383017
5cst_ligand,1883,0.297708
5cst_ligand,1884,0.488052
5cst_ligand,1885,0.268884
5cst_ligand,1886,0.354831
5cst_ligand,1887,0.251803
5cst_ligand,1888,0.335569
5cst_ligand,1889,0.28339
5cst_ligand,1890,0.340766
5cst_ligand,1891,0.314132
5cst_ligand,1892,0.32322
5cst_ligand,1893,0.204316
5cst_ligand,1894,0.355828
5cst_ligand,1895,0.233232
5cst_ligand,1896,0.573236
5cst_ligand,1897,0.344884
5cst_ligand,1898,0.25706
5cst_ligand,1899,0.312492
5cst_ligand,1900,0.409914
5cst_ligand,1901,0.288177
5cst_ligand,1902,0.381006
5cst_ligand,1903,0.251871
5cst_ligand,1904,0.421414
5cst_ligand,1905,0.273371
5cst_ligand,1906,0.387115
5cst_ligand,1907,0.253921
5cst_ligand,1908,0.388624
5cst_ligand,1909,0.215604
5cst_ligand,1910,0.420046
5cst_ligand,1911,0.292638
5cst_ligand,1912,0.184413
5cst_ligand,1913,0.455684
5cst_ligand,1914,0.307773
5cst_ligand,1915,0.508814
5cst_ligand,1916,0.275932
5cst_ligand,1917,0.3648
5cst_ligand,1918,0.250071
5cst_ligand,1919,0.476727
5cst_ligand,1920,0.136951
5cst_ligand,1921,0.489886
5cst_ligand,1922,0.279724
5cst_ligand,1923,0.292222
5cst_ligand,1924,0.2545
5cst_ligand,1925,0.399274
5cst_ligand,1926,0.232044
5cst_ligand,1927,0.408757
5cst_ligand,1928,0.191597
5cst_ligand,1929,0.529221
5cst_ligand,1930,0.212084
5cst_ligand,1931,0.603917
5cst_ligand,1932,0.136495
5cst_ligand,1933,0.448491
5cst_ligand,1934,0.359232
5cst_ligand,1935,0.32385
5cst_ligand,1936,0.40548
5cst_ligand,1937,0.273732
5cst_ligand,1938,0.55269
5cst_ligand,1939,0.387976
5cst_ligand,1940,0.290452
5cst_ligand,1941,0.180389
5cst_ligand,1942,0.458675
5cst_ligand,1943,0.28107
5cst_ligand,1944,0.361598
5cst_ligand,1945,0.308377
5cst_ligand,1946,0.347175
5cst_ligand,1947,0.263297
5cst_ligand,1948,0.376374
5cst_ligand,1949,0.273447
5cst_ligand,1950,0.313579
5cst_ligand,1951,0.30642
5cst_ligand,1952,0.337651
5cst_ligand,1953,0.240348
5cst_ligand,1954,0.38177
5cst_ligand,1955,0.27612
5cst_ligand,1956,0.60124
5cst_ligand,1957,0.260592
5cst_ligand,1958,0.234642
5cst_ligand,1959,0.446418
5cst_ligand,1960,0.419602
5cst_ligand,1961,0.164905
5cst_ligand,1962,0.48164
5cst_ligand,1963,0.384769
5cst_ligand,1964,0.294111
5cst_ligand,1965,0.315118
5cst_ligand,1966,0.171099
5cst_ligand,1967,0.526586
5cst_ligand,1968,0.169795
5cst_ligand,1969,0.501992
5cst_ligand,1970,0.298753
5cst_ligand,1971,0.355644
5cst_ligand,1972,0.248212
5cst_ligand,1973,0.433216
5cst_ligand,1974,0.292319
5cst_ligand,1975,0.573058
5cst_ligand,1976,0.284756
5cst_ligand,1977,0.239488
5cst_ligand,1978,0.44377
5cst_ligand,1979,0.362601
5cst_ligand,1980,0.35201
5cst_ligand,1981,0.230908
5cst_ligand,1982,0.397779
5cst_ligand,1983,0.25523
5cst_ligand,1984,0.518601
5cst_ligand,1985,0.390022
5cst_ligand,1986,0.410962
5cst_ligand,1987,0.184834
5cst_ligand,1988,0.494545
5cst_ligand,1989,0.0651437
5cst_ligand,1990,0.527899
5cst_ligand,1991,0.0698882
5cst_ligand,1992,0.699152
5cst_ligand,1993,0.215261
5cst_ligand,1994,0.608409
5cst_ligand,1995,0.40788
5cst_ligand,1996,0.61889
5cst_ligand,1997,0.201064
5cst_ligand,1998,0.348596
5cst_ligand,1999,0.199277
5cst_ligand,2000,0.361884
5cst_ligand,2001,0.319807
5cst_ligand,2002,0.257273
5cst_ligand,2003,0.260195
5cst_ligand,2004,0.375808
5cst_ligand,2005,0.321848
5cst_ligand,2006,0.290508
5cst_ligand,2007,0.25053
5cst_ligand,2008,0.238887
5cst_ligand,2009,0.384843
5cst_ligand,2010,0.32202
5cst_ligand,2011,0.269771
5cst_ligand,2012,0.229919
5cst_ligand,2013,0.381289
5cst_ligand,2014,0.313515
5cst_ligand,2015,0.284001
5cst_ligand,2016,0.263521
5cst_ligand,2017,0.400831
5cst_ligand,2018,0.403223
5cst_ligand,2019,0.120201
5cst_ligand,2020,0.500396
5cst_ligand,2021,0.30644
5cst_ligand,2022,0.23157
5cst_ligand,2023,0.451674
5cst_ligand,2024,0.340093
5cst_ligand,2025,0.279743
5cst_ligand,2026,0.150757
5cst_ligand,2027,0.404168
5cst_ligand,2028,0.279292
5cst_ligand,2029,0.348718
5cst_ligand,2030,0.204047
5cst_ligand,2031,0.428764
5cst_ligand,2032,0.248015
5cst_ligand,2033,0.464631
5cst_ligand,2034,0.187803
5cst_ligand,2035,0.494626
5cst_ligand,2036,0.312931
5cst_ligand,2037,0.463659
5cst_ligand,2038,0.190056
5cst_ligand,2039,0.397268
5cst_ligand,2040,0.241109
5cst_ligand,2041,0.373599
5cst_ligand,2042,0.240791
5cst_ligand,2043,0.188439
5cst_ligand,2044,0.491546
5cst_ligand,2045,0.162573
5cst_ligand,2046,0.413046
5cst_ligand,2047,0.33644
5cst_ligand,2048,0.279838
5cst_ligand,2049,0.237599
5cst_ligand,2050,0.206307
5cst_ligand,2051,0.443584
5cst_ligand,2052,0.347574
5cst_ligand,2053,0.289505
5cst_ligand,2054,0.253327
5cst_ligand,2055,0.470068
5cst_ligand,2056,0.281043
5cst_ligand,2057,0.249718
5cst_ligand,2058,0.284347
5cst_ligand,2059,0.356657
5cst_ligand,2060,0.307885
5cst_ligand,2061,0.154619
5cst_ligand,2062,0.474463
5cst_ligand,2063,0.242658
5cst_ligand,2064,0.146059
5cst_ligand,2065,0.534872
5cst_ligand,2066,0.136394
5cst_ligand,2067,0.470967
5cst_ligand,2068,0.262455
5cst_ligand,2069,0.178589
5cst_ligand,2070,0.55658
5cst_ligand,2071,0.264169
5cst_ligand,2072,0.648232
5cst_ligand,2073,0.304998
5cst_ligand,2074,0.430183
5cst_ligand,2075,0.324252
5cst_ligand,2076,0.373627
5cst_ligand,2077,0.20623
5cst_ligand,2078,0.436413
5cst_ligand,2079,0.137118
5cst_ligand,2080,0.39563
5cst_ligand,2081,0.24075
5cst_ligand,2082,0.418245
5cst_ligand,2083,0.223611
5cst_ligand,2084,0.491523
5cst_ligand,2085,0.256012
5cst_ligand,2086,0.39736
5cst_ligand,2087,0.320995
5cst_ligand,2088,0.189263
5cst_ligand,2089,0.490101
5cst_ligand,2090,0.19702
5cst_ligand,2091,0.475014
5cst_ligand,2092,0.384343
5cst_ligand,2093,0.343896
5cst_ligand,2094,0.142464
5cst_ligand,2095,0.427356
5cst_ligand,2096,0.251049
5cst_ligand,2097,0.185373
5cst_ligand,2098,0.451383
5cst_ligand,2099,0.317751
5cst_ligand,2100,0.448764
5cst_ligand,2101,0.225712
5cst_ligand,2102,0.393074
5cst_ligand,2103,0.187254
5cst_ligand,2104,0.445427
5cst_ligand,2105,0.254488
5cst_ligand,2106,0.206689
5cst_ligand,2107,0.414588
5cst_ligand,2108,0.29682
5cst_ligand,2109,0.260034
5cst_ligand,2110,0.391544
5cst_ligand,2111,0.212973
5cst_ligand,2112,0.32462
5cst_ligand,2113,0.091269
5cst_ligand,2114,0.494689
5cst_ligand,2115,0.278495
5cst_ligand,2116,0.247579
5cst_ligand,2117,0.223438
5cst_ligand,2118,0.19817
5cst_ligand,2119,0.439536
5cst_ligand,2120,0.352033
5cst_ligand,2121,0.298572
5cst_ligand,2122,0.359012
5cst_ligand,2123,0.162517
5cst_ligand,2124,0.430067
5cst_ligand,2125,0.30016
5cst_ligand,2126,0.445256
5cst_ligand,2127,0.171544
5cst_ligand,2128,0.381846
5cst_ligand,2129,0.286681
5cst_ligand,2130,0.284169
5cst_ligand,2131,0.253259
5cst_ligand,2132,0.370201
5cst_ligand,2133,0.31606
5cst_ligand,2134,0.277748
5cst_ligand,2135,0.265408
5cst_ligand,2136,0.232752
5cst_ligand,2137,0.380021
5cst_ligand,2138,0.318134
5cst_ligand,2139,0.307435
5cst_ligand,2140,0.370227
5cst_ligand,2141,0.194014
5cst_ligand,2142,0.461392
5cst_ligand,2143,0.192653
5cst_ligand,2144,0.469109
5cst_ligand,2145,0.364788
5cst_ligand,2146,0.311831
5cst_ligand,2147,0.118201
5cst_ligand,2148,0.433615
5cst_ligand,2149,0.247595
5cst_ligand,2150,0.208002
5cst_ligand,2151,0.467364
5cst_ligand,2152,0.195134
5cst_ligand,2153,0.465069
5cst_ligand,2154,0.255013
5cst_ligand,2155,0.13642
5cst_ligand,2156,0.508039
5cst_ligand,2157,0.175417
5cst_ligand,2158,0.490134
5cst_ligand,2159,0.249203
5cst_ligand,2160,0.463432
5cst_ligand,2161,0.182059
5cst_ligand,2162,0.357414
5cst_ligand,2163,0.22301
5cst_ligand,2164,0.505008
5cst_ligand,2165,0.181234
5cst_ligand,2166,0.615255
5cst_ligand,2167,0.386013
5cst_ligand,2168,0.539752
5cst_ligand,2169,0.356724
5cst_ligand,2170,0.338328
5cst_ligand,2171,0.235353
5cst_ligand,2172,0.48301
5cst_ligand,2173,0.21988
5cst_ligand,2174,0.419252
5cst_ligand,2175,0.272133
5cst_ligand,2176,0.234906
5cst_ligand,2177,0.358949
5cst_ligand,2178,0.331753
5cst_ligand,2179,0.291211
5cst_ligand,2180,0.278805
5cst_ligand,2181,0.245404
5cst_ligand,2182,0.24339
5cst_ligand,2183,0.375823
5cst_ligand,2184,0.221309
5cst_ligand,2185,0.41046
5cst_ligand,2186,0.258644
5cst_ligand,2187,0.234173
5cst_ligand,2188,0.383078
5cst_ligand,2189,0.309752
5cst_ligand,2190,0.263408
5cst_ligand,2191,0.353279
5cst_ligand,2192,0.218731
5cst_ligand,2193,0.373496
5cst_ligand,2194,0.181501
5cst_ligand,2195,0.446036
5cst_ligand,2196,0.269037
5cst_ligand,2197,0.390183
5cst_ligand,2198,0.211932
5cst_ligand,2199,0.501941
5cst_ligand,2200,0.224757
5cst_ligand,2201,0.486104
5cst_ligand,2202,0.216493
5cst_ligand,2203,0.460614
5cst_ligand,2204,0.239171
5cst_ligand,2205,0.319028
5cst_ligand,2206,0.305653
5cst_ligand,2207,0.350852
5cst_ligand,2208,0.188305
5cst_ligand,2209,0.439251
5cst_ligand,2210,0.218573
5cst_ligand,2211,0.462334
5cst_ligand,2212,0.140152
5cst_ligand,2213,0.587617
5cst_ligand,2214,0.194472
5cst_ligand,2215,0.441158
5cst_ligand,2216,0.3833
5cst_ligand,2217,0.329824
5cst_ligand,2218,0.412943
5cst_ligand,2219,0.275819
5cst_ligand,2220,0.483398
5cst_ligand,2221,0.244074
5cst_ligand,2222,0.423803
5cst_ligand,2223,0.303734
5cst_ligand,2224,0.375901
5cst_ligand,2225,0.231709
5cst_ligand,2226,0.480954
5cst_ligand,2227,0.14288
5cst_ligand,2228,0.474885
5cst_ligand,2229,0.292795
5cst_ligand,2230,0.281084
5cst_ligand,2231,0.402807
5cst_ligand,2232,0.447159
5cst_ligand,2233,0.226632
5cst_ligand,2234,0.211363
5cst_ligand,2235,0.433258
5cst_ligand,2236,0.358517
5cst_ligand,2237,0.295845
5cst_ligand,2238,0.250324
5cst_ligand,2239,0.207131
5cst_ligand,2240,0.420522
5cst_ligand,2241,0.362412
5cst_ligand,2242,0.19584
5cst_ligand,2243,0.384515
5cst_ligand,2244,0.274608
5cst_ligand,2245,0.521315
5cst_ligand,2246,0.207689
5cst_ligand,2247,0.451281
5cst_ligand,2248,0.181269
5cst_ligand,2249,0.52516
5cst_ligand,2250,0.110145
5cst_ligand,2251,0.62925
5cst_ligand,2252,0.233356
5cst_ligand,2253,0.515658
5cst_ligand,2254,0.332211
5cst_ligand,2255,0.380249
5cst_ligand,2256,0.236691
5cst_ligand,2257,0.320121
5cst_ligand,2258,0.310965
5cst_ligand,2259,0.35992
5cst_ligand,2260,0.234697
5cst_ligand,2261,0.43534
5cst_ligand,2262,0.180515
5cst_ligand,2263,0.511853
5cst_ligand,2264,0.313857
5cst_ligand,2265,0.303474
5cst_ligand,2266,0.0923859
5cst_ligand,2267,0.465928
5cst_ligand,2268,0.27364
5cst_ligand,2269,0.219853
5cst_ligand,2270,0.424752
5cst_ligand,2271,0.323835
5cst_ligand,2272,0.271543
5cst_ligand,2273,0.219361
5cst_ligand,2274,0.423059
5cst_ligand,2275,0.350709
5cst_ligand,2276,0.19739
5cst_ligand,2277,0.491545
5cst_ligand,2278,0.301699
5cst_ligand,2279,0.424898
5cst_ligand,2280,0.207549
5cst_ligand,2281,0.462244
5cst_ligand,2282,0.222137
5cst_ligand,2283,0.399898
5cst_ligand,2284,0.290486
5cst_ligand,2285,0.36214
5cst_ligand,2286,0.13457
5cst_ligand,2287,0.484213
5cst_ligand,2288,0.219823
5cst_ligand,2289,0.372576
5cst_ligand,2290,0.330418
5cst_ligand,2291,0.430635
5cst_ligand,2292,0.325207
5cst_ligand,2293,0.354002
5cst_ligand,2294,0.134046
5cst_ligand,2295,0.460623
5cst_ligand,2296,0.271641
5cst_ligand,2297,0.26829
5cst_ligand,2298,0.144973
5cst_ligand,2299,0.428157
5cst_ligand,2300,0.239915
5cst_ligand,2301,0.127273
5cst_ligand,2302,0.473133
5cst_ligand,2303,0.282428
5cst_ligand,2304,0.345275
5cst_ligand,2305,0.203051
5cst_ligand,2306,0.40983
5cst_ligand,2307,0.222564
5cst_ligand,2308,0.495519
5cst_ligand,2309,0.16639
5cst_ligand,2310,0.370821
5cst_ligand,2311,0.168479
5cst_ligand,2312,0.46816
5cst_ligand,2313,0.123553
5cst_ligand,2314,0.514779
5cst_ligand,2315,0.173057
5cst_ligand,2316,0.489565
5cst_ligand,2317,0.252449
5cst_ligand,2318,0.475824
5cst_ligand,2319,0.199219
5cst_ligand,2320,0.348955
5cst_ligand,2321,0.197047
5cst_ligand,2322,0.586681
5cst_ligand,2323,0.133656
5cst_ligand,2324,0.477511
5cst_ligand,2325,0.324897
5cst_ligand,2326,0.134168
5cst_ligand,2327,0.474508
5cst_ligand,2328,0.280919
5cst_ligand,2329,0.168992
5cst_ligand,2330,0.55385
5cst_ligand,2331,0.120864
5cst_ligand,2332,0.475646
5cst_ligand,2333,0.28556
5cst_ligand,2334,0.169828
5cst_ligand,2335,0.477125
5cst_ligand,2336,0.220159
5cst_ligand,2337,0.515846
5cst_ligand,2338,0.229597
5cst_ligand,2339,0.59658
5cst_ligand,2340,0.192032
5cst_ligand,2341,0.535728
5cst_ligand,2342,0.289792
5cst_ligand,2343,0.503214
5cst_ligand,2344,0.236336
5cst_ligand,2345,0.377403
5cst_ligand,2346,0.241108
5cst_ligand,2347,0.290572
5cst_ligand,2348,0.208969
5cst_ligand,2349,0.375682
5cst_ligand,2350,0.323846
5cst_ligand,2351,0.300488
5cst_ligand,2352,0.252847
5cst_ligand,2353,0.253092
5cst_ligand,2354,0.373477
5cst_ligand,2355,0.316909
5cst_ligand,2356,0.276394
5cst_ligand,2357,0.243649
5cst_ligand,2358,0.222692
5cst_ligand,2359,0.388867
5cst_ligand,2360,0.287382
5cst_ligand,2361,0.247108
5cst_ligand,2362,0.331631
5cst_ligand,2363,0.372009
5cst_ligand,2364,0.318186
5cst_ligand,2365,0.156245
5cst_ligand,2366,0.436351
5cst_ligand,2367,0.250225
5cst_ligand,2368,0.226528
5cst_ligand,2369,0.31421
5cst_ligand,2370,0.345761
5cst_ligand,2371,0.351897
5cst_ligand,2372,0.172646
5cst_ligand,2373,0.44786
5cst_ligand,2374,0.345808
5cst_ligand,2375,0.442352
5cst_ligand,2376,0.165532
5cst_ligand,2377,0.291647
5cst_ligand,2378,0.326901
5cst_ligand,2379,0.247571
5cst_ligand,2380,0.212782
5cst_ligand,2381,0.373673
5cst_ligand,2382,0.32869
5cst_ligand,2383,0.285653
5cst_ligand,2384,0.259086
5cst_ligand,2385,0.225582
5cst_ligand,2386,0.408747
5cst_ligand,2387,0.199524
5cst_ligand,2388,0.390408
5cst_ligand,2389,0.377138
5cst_ligand,2390,0.260658
5cst_ligand,2391,0.402709
5cst_ligand,2392,0.241709
5cst_ligand,2393,0.451434
5cst_ligand,2394,0.183825
5cst_ligand,2395,0.372724
5cst_ligand,2396,0.170967
5cst_ligand,2397,0.506075
5cst_ligand,2398,0.148667
5cst_ligand,2399,0.483309
5cst_ligand,2400,0.293433
5cst_ligand,2401,0.276886
5cst_ligand,2402,0.0971985
5cst_ligand,2403,0.465999
5cst_ligand,2404,0.299723
5cst_ligand,2405,0.233075
5cst_ligand,2406,0.460473
5cst_ligand,2407,0.377885
5cst_ligand,2408,0.471857
5cst_ligand,2409,0.220669
5cst_ligand,2410,0.396046
5cst_ligand,2411,0.192365
5cst_ligand,2412,0.572428
5cst_ligand,2413,0.0270271
5cst_ligand,2414,0.5877
5cst_ligand,2415,0.156412
5cst_ligand,2416,0.574096
5cst_ligand,2417,0.353362
5cst_ligand,2418,0.331612
5cst_ligand,2419,0.381323
5cst_ligand,2420,0.238498
5cst_ligand,2421,0.429901
5cst_ligand,2422,0.14342
5cst_ligand,2423,0.367908
5cst_ligand,2424,0.309877
5cst_ligand,2425,0.191153
5cst_ligand,2426,0.422134
5cst_ligand,2427,0.310594
5cst_ligand,2428,0.397261
5cst_ligand,2429,0.203902
5cst_ligand,2430,0.371056
5cst_ligand,2431,0.262912
5cst_ligand,2432,0.361579
5cst_ligand,2433,0.185847
5cst_ligand,2434,0.45888
5cst_ligand,2435,0.284874
5cst_ligand,2436,0.360608
5cst_ligand,2437,0.233142
5cst_ligand,2438,0.263434
5cst_ligand,2439,0.356689
5cst_ligand,2440,0.268097
5cst_ligand,2441,0.245087
5cst_ligand,2442,0.213783
5cst_ligand,2443,0.415505
5cst_ligand,2444,0.350524
5cst_ligand,2445,0.138003
5cst_ligand,2446,0.488728
5cst_ligand,2447,0.162469
5cst_ligand,2448,0.49839
5cst_ligand,2449,0.3537
5cst_ligand,2450,0.396615
5cst_ligand,2451,0.118321
5cst_ligand,2452,0.588938
5cst_ligand,2453,0.208959
5cst_ligand,2454,0.439292
5cst_ligand,2455,0.243965
5cst_ligand,2456,0.491636
5cst_ligand,2457,0.237918
5cst_ligand,2458,0.387565
5cst_ligand,2459,0.314475
5cst_ligand,2460,0.3533
5cst_ligand,2461,0.151659
5cst_ligand,2462,0.463826
5cst_ligand,2463,0.239716
5cst_ligand,2464,0.237747
5cst_ligand,2465,0.383216
5cst_ligand,2466,0.321276
5cst_ligand,2467,0.301689
5cst_ligand,2468,0.139526
5cst_ligand,2469,0.428243
5cst_ligand,2470,0.245185
5cst_ligand,2471,0.135887
5cst_ligand,2472,0.496206
5cst_ligand,2473,0.183271
5cst_ligand,2474,0.408752
5cst_ligand,2475,0.251211
5cst_ligand,2476,0.524738
5cst_ligand,2477,0.32099
5cst_ligand,2478,0.247413
5cst_ligand,2479,0.23432
5cst_ligand,2480,0.400115
5cst_ligand,2481,0.210212
5cst_ligand,2482,0.448686
5cst_ligand,2483,0.265461
5cst_ligand,2484,0.233233
5cst_ligand,2485,0.204899
5cst_ligand,2486,0.443085
5cst_ligand,2487,0.217247
5cst_ligand,2488,0.435605
5cst_ligand,2489,0.366329
5cst_ligand,2490,0.169444
5cst_ligand,2491,0.482031
5cst_ligand,2492,0.277728
5cst_ligand,2493,0.290655
5cst_ligand,2494,0.310381
5cst_ligand,2495,0.249717
5cst_ligand,2496,0.2324
5cst_ligand,2497,0.477665
5cst_ligand,2498,0.184941
5cst_ligand,2499,0.459875
5cst_ligand,2500,0.164822
5cst_ligand,2501,0.463182
5cst_ligand,2502,0.198309
5cst_ligand,2503,0.432296
5cst_ligand,2504,0.333066
5cst_ligand,2505,0.402367
5cst_ligand,2506,0.218666
5cst_ligand,2507,0.447554
5cst_ligand,2508,0.309317
5cst_ligand,2509,0.24802
5cst_ligand,2510,0.500599
5cst_ligand,2511,0.13543
5cst_ligand,2512,0.597928
5cst_ligand,2513,0.278636
5cst_ligand,2514,0.585314
5cst_ligand,2515,0.334025
5cst_ligand,2516,0.489937
5cst_ligand,2517,0.366999
5cst_ligand,2518,0.325852
5cst_ligand,2519,0.119697
5cst_ligand,2520,0.42659
5cst_ligand,2521,0.282596
5cst_ligand,2522,0.240819
5cst_ligand,2523,0.226196
5cst_ligand,2524,0.375888
5cst_ligand,2525,0.341194
5cst_ligand,2526,0.302911
5cst_ligand,2527,0.279992
5cst_ligand,2528,0.260304
5cst_ligand,2529,0.203299
5cst_ligand,2530,0.407414
5cst_ligand,2531,0.201634
5cst_ligand,2532,0.385351
5cst_ligand,2533,0.168599
5cst_ligand,2534,0.492663
5cst_ligand,2535,0.302726
5cst_ligand,2536,0.376294
5cst_ligand,2537,0.236271
5cst_ligand,2538,0.316206
5cst_ligand,2539,0.154401
5cst_ligand,2540,0.364919
5cst_ligand,2541,0.230275
5cst_ligand,2542,0.435938
5cst_ligand,2543,0.337738
5cst_ligand,2544,0.421165
5cst_ligand,2545,0.164829
5cst_ligand,2546,0.41022
5cst_ligand,2547,0.246333
5cst_ligand,2548,0.345559
5cst_ligand,2549,0.184286
5cst_ligand,2550,0.430329
5cst_ligand,2551,0.14281
5cst_ligand,2552,0.45388
5cst_ligand,2553,0.0823912
5cst_ligand,2554,0.637916
5cst_ligand,2555,0.192382
5cst_ligand,2556,0.595253
5cst_ligand,2557,0.250835
5cst_ligand,2558,0.394184
5cst_ligand,2559,0.215867
5cst_ligand,2560,0.490885
5cst_ligand,2561,0.321878
5cst_ligand,2562,0.301134
5cst_ligand,2563,0.128454
5cst_ligand,2564,0.443382
5cst_ligand,2565,0.279381
5cst_ligand,2566,0.359987
5cst_ligand,2567,0.226028
5cst_ligand,2568,0.424217
5cst_ligand,2569,0.251814
5cst_ligand,2570,0.457558
5cst_ligand,2571,0.16826
5cst_ligand,2572,0.36361
5cst_ligand,2573,0.214017
5cst_ligand,2574,0.409656
5cst_ligand,2575,0.344121
5cst_ligand,2576,0.288713
5cst_ligand,2577,0.250573
5cst_ligand,2578,0.213839
5cst_ligand,2579,0.42378
5cst_ligand,2580,0.200538
5cst_ligand,2581,0.370272
5cst_ligand,2582,0.294336
5cst_ligand,2583,0.25414
5cst_ligand,2584,0.23198
5cst_ligand,2585,0.215439
5cst_ligand,2586,0.411053
5cst_ligand,2587,0.318098
5cst_ligand,2588,0.363125
5cst_ligand,2589,0.185661
5cst_ligand,2590,0.439127
5cst_ligand,2591,0.358043
5cst_ligand,2592,0.420227
5cst_ligand,2593,0.217253
5cst_ligand,2594,0.269028
5cst_ligand,2595,0.395743
5cst_ligand,2596,0.347492
5cst_ligand,2597,0.202987
5cst_ligand,2598,0.450598
5cst_ligand,2599,0.172888
5cst_ligand,2600,0.354583
5cst_ligand,2601,0.316233
5cst_ligand,2602,0.296591
5cst_ligand,2603,0.239184
5cst_ligand,2604,0.220667
5cst_ligand,2605,0.382691
5cst_ligand,2606,0.342119
5cst_ligand,2607,0.208483
5cst_ligand,2608,0.422035
5cst_ligand,2609,0.319077
5cst_ligand,2610,0.336337
5cst_ligand,2611,0.156047
5cst_ligand,2612,0.455587
5cst_ligand,2613,0.252339
5cst_ligand,2614,0.357252
5cst_ligand,2615,0.300216
5cst_ligand,2616,0.27619
5cst_ligand,2617,0.148658
5cst_ligand,2618,0.446205
5cst_ligand,2619,0.27954
5cst_ligand,2620,0.232795
5cst_ligand,2621,0.363455
5cst_ligand,2622,0.33194
5cst_ligand,2623,0.283116
5cst_ligand,2624,0.256887
5cst_ligand,2625,0.217609
5cst_ligand,2626,0.368736
5cst_ligand,2627,0.324346
5cst_ligand,2628,0.374972
5cst_ligand,2629,0.123859
5cst_ligand,2630,0.455326
5cst_ligand,2631,0.385146
5cst_ligand,2632,0.287043
5cst_ligand,2633,0.314911
5cst_ligand,2634,0.280968
5cst_ligand,2635,0.340685
5cst_ligand,2636,0.211198
5cst_ligand,2637,0.488383
5cst_ligand,2638,0.200766
5cst_ligand,2639,0.451534
5cst_ligand,2640,0.275312
5cst_ligand,2641,0.323568
5cst_ligand,2642,0.208654
5cst_ligand,2643,0.388585
5cst_ligand,2644,0.26234
5cst_ligand,2645,0.495601
5cst_ligand,2646,0.22869
5cst_ligand,2647,0.42854
5cst_ligand,2648,0.305914
5cst_ligand,2649,0.552049
5cst_ligand,2650,0.223368
5cst_ligand,2651,0.409038
5cst_ligand,2652,0.193651
5cst_ligand,2653,0.53846
5cst_ligand,2654,0.148787
5cst_ligand,2655,0.450692
5cst_ligand,2656,0.163562
5cst_ligand,2657,0.430935
5cst_ligand,2658,0.363657
5cst_ligand,2659,0.298232
5cst_ligand,2660,0.262831
5cst_ligand,2661,0.458003
5cst_ligand,2662,0.317063
5cst_ligand,2663,0.260627
5cst_ligand,2664,0.289559
5cst_ligand,2665,0.307325
5cst_ligand,2666,0.308422
5cst_ligand,2667,0.232865
5cst_ligand,2668,0.313158
5cst_ligand,2669,0.0429348
5cst_ligand,2670,0.532596
5cst_ligand,2671,0.2019
5cst_ligand,2672,0.351103
5cst_ligand,2673,0.321658
5cst_ligand,2674,0.296743
5cst_ligand,2675,0.259171
5cst_ligand,2676,0.232979
5cst_ligand,2677,0.242851
5cst_ligand,2678,0.315147
5cst_ligand,2679,0.304635
5cst_ligand,2680,0.342258
5cst_ligand,2681,0.23159
5cst_ligand,2682,0.381643
5cst_ligand,2683,0.256847
5cst_ligand,2684,0.466765
5cst_ligand,2685,0.195795
5cst_ligand,2686,0.471961
5cst_ligand,2687,0.187906
5cst_ligand,2688,0.519634
5cst_ligand,2689,0.32217
5cst_ligand,2690,0.437575
5cst_ligand,2691,0.253889
5cst_ligand,2692,0.210175
5cst_ligand,2693,0.349764
5cst_ligand,2694,0.322942
5cst_ligand,2695,0.2697
5cst_ligand,2696,0.257375
5cst_ligand,2697,0.220062
5cst_ligand,2698,0.220748
5cst_ligand,2699,0.378652
5cst_ligand,2700,0.231244
5cst_ligand,2701,0.252287
5cst_ligand,2702,0.379752
5cst_ligand,2703,0.359655
5cst_ligand,2704,0.211766
5cst_ligand,2705,0.405972
5cst_ligand,2706,0.26897
5cst_ligand,2707,0.472186
5cst_ligand,2708,0.180192
5cst_ligand,2709,0.427542
5cst_ligand,2710,0.197627
5cst_ligand,2711,0.56009
5cst_ligand,2712,0.267764
5cst_ligand,2713,0.354971
5cst_ligand,2714,0.372302
5cst_ligand,2715,0.0755686
5cst_ligand,2716,0.58454
5cst_ligand,2717,0.074178
5cst_ligand,2718,0.602482
5cst_ligand,2719,0.15974
5cst_ligand,2720,0.528332
5cst_ligand,2721,0.37072
5cst_ligand,2722,0.249122
5cst_ligand,2723,0.174408
5cst_ligand,2724,0.470428
5cst_ligand,2725,0.371741
5cst_ligand,2726,0.399896
5cst_ligand,2727,0.179761
5cst_ligand,2728,0.466981
5cst_ligand,2729,0.249079
5cst_ligand,2730,0.228889
5cst_ligand,2731,0.383552
5cst_ligand,2732,0.364722
5cst_ligand,2733,0.218713
5cst_ligand,2734,0.441187
5cst_ligand,2735,0.191641
5cst_ligand,2736,0.463559
5cst_ligand,2737,0.294292
5cst_ligand,2738,0.305725
5cst_ligand,2739,0.225887
5cst_ligand,2740,0.378463
5cst_ligand,2741,0.240069
5cst_ligand,2742,0.438378
5cst_ligand,2743,0.250729
5cst_ligand,2744,0.216826
5cst_ligand,2745,0.411038
5cst_ligand,2746,0.341586
5cst_ligand,2747,0.173789
5cst_ligand,2748,0.467053
5cst_ligand,2749,0.160778
5cst_ligand,2750,0.501981
5cst_ligand,2751,0.301637
5cst_ligand,2752,0.218257
5cst_ligand,2753,0.406555
5cst_ligand,2754,0.330382
5cst_ligand,2755,0.40868
5cst_ligand,2756,0.231532
5cst_ligand,2757,0.44808
5cst_ligand,2758,0.277584
5cst_ligand,2759,0.496715
5cst_ligand,2760,0.228453
5cst_ligand,2761,0.544282
5cst_ligand,2762,0.263228
5cst_ligand,2763,0.474818
5cst_ligand,2764,0.207633
5cst_ligand,2765,0.290917
5cst_ligand,2766,0.358881
5cst_ligand,2767,0.36954
5cst_ligand,2768,0.193146
5cst_ligand,2769,0.504282
5cst_ligand,2770,0.309931
5cst_ligand,2771,0.419978
5cst_ligand,2772,0.240808
5cst_ligand,2773,0.201315
5cst_ligand,2774,0.357476
5cst_ligand,2775,0.320881
5cst_ligand,2776,0.263937
5cst_ligand,2777,0.255438
5cst_ligand,2778,0.224338
5cst_ligand,2779,0.38928
5cst_ligand,2780,0.347191
5cst_ligand,2781,0.229664
5cst_ligand,2782,0.281203
5cst_ligand,2783,0.303921
5cst_ligand,2784,0.303563
5cst_ligand,2785,0.255886
5cst_ligand,2786,0.3512
5cst_ligand,2787,0.19701
5cst_ligand,2788,0.506403
5cst_ligand,2789,0.174944
5cst_ligand,2790,0.393968
5cst_ligand,2791,0.295797
5cst_ligand,2792,0.255612
5cst_ligand,2793,0.216834
5cst_ligand,2794,0.436846
5cst_ligand,2795,0.218812
5cst_ligand,2796,0.35374
5cst_ligand,2797,0.308348
5cst_ligand,2798,0.270954
5cst_ligand,2799,0.232378
5cst_ligand,2800,0.205608
5cst_ligand,2801,0.418203
5cst_ligand,2802,0.209275
5cst_ligand,2803,0.504447
5cst_ligand,2804,0.302371
5cst_ligand,2805,0.211537
5cst_ligand,2806,0.451139
5cst_ligand,2807,0.19058
5cst_ligand,2808,0.517493
5cst_ligand,2809,0.185144
5cst_ligand,2810,0.605879
5cst_ligand,2811,0.285084
5cst_ligand,2812,0.527297
5cst_ligand,2813,0.268781
5cst_ligand,2814,0.364904
5cst_ligand,2815,0.267256
5cst_ligand,2816,0.324601
5cst_ligand,2817,0.35466
5cst_ligand,2818,0.298425
5cst_ligand,2819,0.38196
5cst_ligand,2820,0.212471
5cst_ligand,2821,0.401012
5cst_ligand,2822,0.241019
5cst_ligand,2823,0.228427
5cst_ligand,2824,0.215989
5cst_ligand,2825,0.404575
5cst_ligand,2826,0.22591
5cst_ligand,2827,0.185773
5cst_ligand,2828,0.435006
5cst_ligand,2829,0.27784
5cst_ligand,2830,0.337298
5cst_ligand,2831,0.220452
5cst_ligand,2832,0.389223
5cst_ligand,2833,0.268348
5cst_ligand,2834,0.474043
5cst_ligand,2835,0.245984
5cst_ligand,2836,0.527026
5cst_ligand,2837,0.252513
5cst_ligand,2838,0.360237
5cst_ligand,2839,0.139212
5cst_ligand,2840,0.490346
5cst_ligand,2841,0.135128
5cst_ligand,2842,0.510613
5cst_ligand,2843,0.138388
5cst_ligand,2844,0.478501
5cst_ligand,2845,0.356291
5cst_ligand,2846,0.314755
5cst_ligand,2847,0.168312
5cst_ligand,2848,0.47154
5cst_ligand,2849,0.19483
5cst_ligand,2850,0.52838
5cst_ligand,2851,0.209341
5cst_ligand,2852,0.413645
5cst_ligand,2853,0.189204
5cst_ligand,2854,0.628228
5cst_ligand,2855,0.171499
5cst_ligand,2856,0.553066
5cst_ligand,2857,0.28778
5cst_ligand,2858,0.562743
5cst_ligand,2859,0.274559
5cst_ligand,2860,0.283042
5cst_ligand,2861,0.338145
5cst_ligand,2862,0.271682
5cst_ligand,2863,0.2659
5cst_ligand,2864,0.238925
5cst_ligand,2865,0.37374
5cst_ligand,2866,0.323798
5cst_ligand,2867,0.26764
5cst_ligand,2868,0.25916
5cst_ligand,2869,0.25014
5cst_ligand,2870,0.398546
5cst_ligand,2871,0.281713
5cst_ligand,2872,0.270518
5cst_ligand,2873,0.435499
5cst_ligand,2874,0.311041
5cst_ligand,2875,0.377293
5cst_ligand,2876,0.16178
5cst_ligand,2877,0.432567
5cst_ligand,2878,0.134687
5cst_ligand,2879,0.354172
5cst_ligand,2880,0.275053
5cst_ligand,2881,0.249949
5cst_ligand,2882,0.213536
5cst_ligand,2883,0.392221
5cst_ligand,2884,0.300623
5cst_ligand,2885,0.247303
5cst_ligand,2886,0.324666
5cst_ligand,2887,0.203908
5cst_ligand,2888,0.333846
5cst_ligand,2889,0.0993586
5cst_ligand,2890,0.425347
5cst_ligand,2891,0.233946
5cst_ligand,2892,0.211507
5cst_ligand,2893,0.416131
5cst_ligand,2894,0.329792
5cst_ligand,2895,0.281352
5cst_ligand,2896,0.239728
5cst_ligand,2897,0.197846
5cst_ligand,2898,0.422694
5cst_ligand,2899,0.21602
5cst_ligand,2900,0.395716
5cst_ligand,2901,0.402056
5cst_ligand,2902,0.187719
5cst_ligand,2903,0.581144
5cst_ligand,2904,0.168419
5cst_ligand,2905,0.528685
5cst_ligand,2906,0.252066
5cst_ligand,2907,0.491347
5cst_ligand,2908,0.316768
5cst_ligand,2909,0.313188
5cst_ligand,2910,0.262278
5cst_ligand,2911,0.328816
5cst_ligand,2912,0.197806
5cst_ligand,2913,0.389959
5cst_ligand,2914,0.2467
5cst_ligand,2915,0.212186
5cst_ligand,2916,0.293714
5cst_ligand,2917,0.307793
5cst_ligand,2918,0.349281
5cst_ligand,2919,0.0862418
5cst_ligand,2920,0.333021
5cst_ligand,2921,0.232061
5cst_ligand,2922,0.205644
5cst_ligand,2923,0.37815
5cst_ligand,2924,0.311911
5cst_ligand,2925,0.195267
5cst_ligand,2926,0.436683
5cst_ligand,2927,0.310382
5cst_ligand,2928,0.318692
5cst_ligand,2929,0.137844
5cst_ligand,2930,0.478029
5cst_ligand,2931,0.247082
5cst_ligand,2932,0.339406
5cst_ligand,2933,0.283868
5cst_ligand,2934,0.267899
5cst_ligand,2935,0.359557
5cst_ligand,2936,0.37713
5cst_ligand,2937,0.216447
5cst_ligand,2938,0.34875
5cst_ligand,2939,0.240987
5cst_ligand,2940,0.324739
5cst_ligand,2941,0.182461
5cst_ligand,2942,0.381826
5cst_ligand,2943,0.267261
5cst_ligand,2944,0.204958
5cst_ligand,2945,0.383801
5cst_ligand,2946,0.31213
5cst_ligand,2947,0.263593
5cst_ligand,2948,0.218915
5cst_ligand,2949,0.204167
5cst_ligand,2950,0.395026
5cst_ligand,2951,0.277934
5cst_ligand,2952,0.225771
5cst_ligand,2953,0.332263
5cst_ligand,2954,0.195553
5cst_ligand,2955,0.367172
5cst_ligand,2956,0.14727
5cst_ligand,2957,0.529457
5cst_ligand,2958,0.236456
5cst_ligand,2959,0.142276
5cst_ligand,2960,0.360594
5cst_ligand,2961,0.336812
5cst_ligand,2962,0.262108
5cst_ligand,2963,0.297211
5cst_ligand,2964,0.298555
5cst_ligand,2965,0.371755
5cst_ligand,2966,0.168771
5cst_ligand,2967,0.43819
5cst_ligand,2968,0.2326
5cst_ligand,2969,0.442711
5cst_ligand,2970,0.268056
5cst_ligand,2971,0.361605
5cst_ligand,2972,0.183235
5cst_ligand,2973,0.458964
5cst_ligand,2974,0.284893
5cst_ligand,2975,0.54058
5cst_ligand,2976,0.238401
5cst_ligand,2977,0.276825
5cst_ligand,2978,0.336873
5cst_ligand,2979,0.398305
5cst_ligand,2980,0.245239
5cst_ligand,2981,0.459236
5cst_ligand,2982,0.261594
5cst_ligand,2983,0.478026
5cst_ligand,2984,0.182399
5cst_ligand,2985,0.362601
5cst_ligand,2986,0.213893
5cst_ligand,2987,0.492458
5cst_ligand,2988,0.101897
5cst_ligand,2989,0.53197
5cst_ligand,2990,0.0611566
5cst_ligand,2991,0.608609
5cst_ligand,2992,0.185736
5cst_ligand,2993,0.576128
5cst_ligand,2994,0.152375
5cst_ligand,2995,0.483464
5cst_ligand,2996,0.455059
5cst_ligand,2997,0.310209
5cst_ligand,2998,0.317249
5cst_ligand,2999,0.168829
5cst_ligand,3000,0.360125
5cst_ligand,3001,0.125387
5cst_ligand,3002,0.494369
5cst_ligand,3003,0.299751
5cst_ligand,3004,0.277244
5cst_ligand,3005,0.133026
5cst_ligand,3006,0.489513
5cst_ligand,3007,0.371593
5cst_ligand,3008,0.413013
5cst_ligand,3009,0.133212
5cst_ligand,3010,0.38723
5cst_ligand,3011,0.260003
5cst_ligand,3012,0.416782
5cst_ligand,3013,0.15945
5cst_ligand,3014,0.381073
5cst_ligand,3015,0.22022
5cst_ligand,3016,0.449886
5cst_ligand,3017,0.214777
5cst_ligand,3018,0.421155
5cst_ligand,3019,0.338573
5cst_ligand,3020,0.293477
5cst_ligand,3021,0.367725
5cst_ligand,3022,0.228541
5cst_ligand,3023,0.43818
5cst_ligand,3024,0.311696
5cst_ligand,3025,0.341836
5cst_ligand,3026,0.249056
5cst_ligand,3027,0.213954
5cst_ligand,3028,0.188138
5cst_ligand,3029,0.406385
5cst_ligand,3030,0.318121
5cst_ligand,3031,0.256745
5cst_ligand,3032,0.420682
5cst_ligand,3033,0.328449
5cst_ligand,3034,0.402754
5cst_ligand,3035,0.266589
5cst_ligand,3036,0.471919
5cst_ligand,3037,0.187053
5cst_ligand,3038,0.502195
5cst_ligand,3039,0.124829
5cst_ligand,3040,0.399541
5cst_ligand,3041,0.299345
5cst_ligand,3042,0.256436
5cst_ligand,3043,0.496423
5cst_ligand,3044,0.230158
5cst_ligand,3045,0.490349
5cst_ligand,3046,0.221936
5cst_ligand,3047,0.580316
5cst_ligand,3048,0.167484
5cst_ligand,3049,0.627634
5cst_ligand,3050,0.331537
5cst_ligand,3051,0.545556
5cst_ligand,3052,0.219866
5cst_ligand,3053,0.548885
5cst_ligand,3054,0.173107
5cst_ligand,3055,0.389581
5cst_ligand,3056,0.281016
5cst_ligand,3057,0.287461
5cst_ligand,3058,0.446425
5cst_ligand,3059,0.368868
5cst_ligand,3060,0.296423
5cst_ligand,3061,0.23297
5cst_ligand,3062,0.409435
5cst_ligand,3063,0.345387
5cst_ligand,3064,0.311651
5cst_ligand,3065,0.243289
5cst_ligand,3066,0.221892
5cst_ligand,3067,0.406035
5cst_ligand,3068,0.322167
5cst_ligand,3069,0.270611
5cst_ligand,3070,0.280822
5cst_ligand,3071,0.383597
5cst_ligand,3072,0.348597
5cst_ligand,3073,0.212204
5cst_ligand,3074,0.44066
5cst_ligand,3075,0.184716
5cst_ligand,3076,0.481204
5cst_ligand,3077,0.287579
5cst_ligand,3078,0.278566
5cst_ligand,3079,0.109849
5cst_ligand,3080,0.48409
5cst_ligand,3081,0.147216
5cst_ligand,3082,0.36031
5cst_ligand,3083,0.277915
5cst_ligand,3084,0.317277
5cst_ligand,3085,0.245803
5cst_ligand,3086,0.312746
5cst_ligand,3087,0.192023
5cst_ligand,3088,0.424223
5cst_ligand,3089,0.220543
5cst_ligand,3090,0.447749
5cst_ligand,3091,0.133773
5cst_ligand,3092,0.534321
5cst_ligand,3093,0.213513
5cst_ligand,3094,0.355908
5cst_ligand,3095,0.307608
5cst_ligand,3096,0.287204
5cst_ligand,3097,0.269345
5cst_ligand,3098,0.336997
5cst_ligand,3099,0.215198
5cst_ligand,3100,0.389309
5cst_ligand,3101,0.25453
5cst_ligand,3102,0.494375
5cst_ligand,3103,0.231025
5cst_ligand,3104,0.355545
5cst_ligand,3105,0.193883
5cst_ligand,3106,0.471551
5cst_ligand,3107,0.252064
5cst_ligand,3108,0.425699
5cst_ligand,3109,0.262221
5cst_ligand,3110,0.485488
5cst_ligand,3111,0.241058
5cst_ligand,3112,0.26425
5cst_ligand,3113,0.128245
5cst_ligand,3114,0.429007
5cst_ligand,3115,0.124105
5cst_ligand,3116,0.525457
5cst_ligand,3117,0.149312
5cst_ligand,3118,0.386823
5cst_ligand,3119,0.267103
5cst_ligand,3120,0.549712
5cst_ligand,3121,0.284377
5cst_ligand,3122,0.418221
5cst_ligand,3123,0.141751
5cst_ligand,3124,0.509211
5cst_ligand,3125,0.0796978
5cst_ligand,3126,0.487834
5cst_ligand,3127,0.283171
5cst_ligand,3128,0.23828
5cst_ligand,3129,0.213696
5cst_ligand,3130,0.425593
5cst_ligand,3131,0.34135
5cst_ligand,3132,0.27765
5cst_ligand,3133,0.237871
5cst_ligand,3134,0.191002
5cst_ligand,3135,0.424405
5cst_ligand,3136,0.357048
5cst_ligand,3137,0.254135
5cst_ligand,3138,0.458279
5cst_ligand,3139,0.242949
5cst_ligand,3140,0.550154
5cst_ligand,3141,0.15885
5cst_ligand,3142,0.537849
5cst_ligand,3143,0.166773
5cst_ligand,3144,0.487382
5cst_ligand,3145,0.404543
5cst_ligand,3146,0.306325
5cst_ligand,3147,0.20597
5cst_ligand,3148,0.282407
5cst_ligand,3149,0.352827
5cst_ligand,3150,0.342089
5cst_ligand,3151,0.160166
5cst_ligand,3152,0.36139
5cst_ligand,3153,0.172353
5cst_ligand,3154,0.431604
5cst_ligand,3155,0.291541
5cst_ligand,3156,0.247014
5cst_ligand,3157,0.225219
5cst_ligand,3158,0.206379
5cst_ligand,3159,0.190414
5cst_ligand,3160,0.406123
5cst_ligand,3161,0.322154
5cst_ligand,3162,0.246362
5cst_ligand,3163,0.32743
5cst_ligand,3164,0.268327
5cst_ligand,3165,0.275142
5cst_ligand,3166,0.294434
5cst_ligand,3167,0.268291
5cst_ligand,3168,0.226109
5cst_ligand,3169,0.310078
5cst_ligand,3170,0.346875
5cst_ligand,3171,0.360979
5cst_ligand,3172,0.194644
5cst_ligand,3173,0.415215
5cst_ligand,3174,0.238451
5cst_ligand,3175,0.420172
5cst_ligand,3176,0.299866
5cst_ligand,3177,0.370398
5cst_ligand,3178,0.243441
5cst_ligand,3179,0.467464
5cst_ligand,3180,0.340432
5cst_ligand,3181,0.35041
5cst_ligand,3182,0.236383
5cst_ligand,3183,0.324536
5cst_ligand,3184,0.261478
5cst_ligand,3185,0.328801
5cst_ligand,3186,0.283739
5cst_ligand,3187,0.337583
5cst_ligand,3188,0.215479
5cst_ligand,3189,0.394008
5cst_ligand,3190,0.147404
5cst_ligand,3191,0.403672
5cst_ligand,3192,0.213281
5cst_ligand,3193,0.426901
5cst_ligand,3194,0.166893
5cst_ligand,3195,0.418037
5cst_ligand,3196,0.337897
5cst_ligand,3197,0.310939
5cst_ligand,3198,0.366749
5cst_ligand,3199,0.25142
5cst_ligand,3200,0.418716
5cst_ligand,3201,0.363567
5cst_ligand,3202,0.404785
5cst_ligand,3203,0.276957
5cst_ligand,3204,0.290051
5cst_ligand,3205,0.260039
5cst_ligand,3206,0.364011
5cst_ligand,3207,0.184977
5cst_ligand,3208,0.428875
5cst_ligand,3209,0.259204
5cst_ligand,3210,0.329955
5cst_ligand,3211,0.221185
5cst_ligand,3212,0.381634
5cst_ligand,3213,0.183217
5cst_ligand,3214,0.513444
5cst_ligand,3215,0.210915
5cst_ligand,3216,0.32812
5cst_ligand,3217,0.295678
5cst_ligand,3218,0.327393
5cst_ligand,3219,0.0928874
5cst_ligand,3220,0.501509
5cst_ligand,3221,0.337833
5cst_ligand,3222,0.293721
5cst_ligand,3223,0.346602
5cst_ligand,3224,0.249039
5cst_ligand,3225,0.373859
5cst_ligand,3226,0.290265
5cst_ligand,3227,0.425105
5cst_ligand,3228,0.218797
5cst_ligand,3229,0.415579
5cst_ligand,3230,0.352548
5cst_ligand,3231,0.50772
5cst_ligand,3232,0.253795
5cst_ligand,3233,0.30117
5cst_ligand,3234,0.254518
5cst_ligand,3235,0.253531
5cst_ligand,3236,0.247352
5cst_ligand,3237,0.319969
5cst_ligand,3238,0.381253
5cst_ligand,3239,0.301317
5cst_ligand,3240,0.298294
5cst_ligand,3241,0.300959
5cst_ligand,3242,0.379784
5cst_ligand,3243,0.177347
5cst_ligand,3244,0.441916
5cst_ligand,3245,0.24967
5cst_ligand,3246,0.331578
5cst_ligand,3247,0.246858
5cst_ligand,3248,0.421519
5cst_ligand,3249,0.294698
5cst_ligand,3250,0.527138
5cst_ligand,3251,0.208415
5cst_ligand,3252,0.411144
5cst_ligand,3253,0.325702
5cst_ligand,3254,0.425221
5cst_ligand,3255,0.149816
5cst_ligand,3256,0.474881
5cst_ligand,3257,0.178242
5cst_ligand,3258,0.360115
5cst_ligand,3259,0.287509
5cst_ligand,3260,0.270352
5cst_ligand,3261,0.176135
5cst_ligand,3262,0.352965
5cst_ligand,3263,0.240621
5cst_ligand,3264,0.491143
5cst_ligand,3265,0.357615
5cst_ligand,3266,0.39239
5cst_ligand,3267,0.198475
5cst_ligand,3268,0.419572
5cst_ligand,3269,0.152388
5cst_ligand,3270,0.45371
5cst_ligand,3271,0.0820251
5cst_ligand,3272,0.627681
5cst_ligand,3273,0.138256
5cst_ligand,3274,0.56796
5cst_ligand,3275,0.228867
5cst_ligand,3276,0.192172
5cst_ligand,3277,0.342371
5cst_ligand,3278,0.320418
5cst_ligand,3279,0.300279
5cst_ligand,3280,0.236958
5cst_ligand,3281,0.404742
5cst_ligand,3282,0.21551
5cst_ligand,3283,0.480897
5cst_ligand,3284,0.401032
5cst_ligand,3285,0.3156
5cst_ligand,3286,0.20844
5cst_ligand,3287,0.469842
5cst_ligand,3288,0.341638
5cst_ligand,3289,0.359842
5cst_ligand,3290,0.122497
5cst_ligand,3291,0.440367
5cst_ligand,3292,0.322965
5cst_ligand,3293,0.16955
5cst_ligand,3294,0.492593
5cst_ligand,3295,0.296536
5cst_ligand,3296,0.364005
5cst_ligand,3297,0.219732
5cst_ligand,3298,0.411641
5cst_ligand,3299,0.228397
5cst_ligand,3300,0.458016
5cst_ligand,3301,0.137113
5cst_ligand,3302,0.467557
5cst_ligand,3303,0.352411
5cst_ligand,3304,0.211825
5cst_ligand,3305,0.460567
5cst_ligand,3306,0.295132
5cst_ligand,3307,0.363502
5cst_ligand,3308,0.228306
5cst_ligand,3309,0.440586
5cst_ligand,3310,0.254423
5cst_ligand,3311,0.483236
5cst_ligand,3312,0.185443
5cst_ligand,3313,0.356431
5cst_ligand,3314,0.190125
5cst_ligand,3315,0.391841
5cst_ligand,3316,0.123955
5cst_ligand,3317,0.506099
5cst_ligand,3318,0.10294
5cst_ligand,3319,0.503501
5cst_ligand,3320,0.295437
5cst_ligand,3321,0.390244
5cst_ligand,3322,0.188305
5cst_ligand,3323,0.549484
5cst_ligand,3324,0.35268
5cst_ligand,3325,0.457289
5cst_ligand,3326,0.163853
5cst_ligand,3327,0.309683
5cst_ligand,3328,0.285951
5cst_ligand,3329,0.370444
5cst_ligand,3330,0.362165
5cst_ligand,3331,0.0824401
5cst_ligand,3332,0.465488
5cst_ligand,3333,0.14044
5cst_ligand,3334,0.340194
5cst_ligand,3335,0.290498
5cst_ligand,3336,0.448995
5cst_ligand,3337,0.406173
5cst_ligand,3338,0.158434
5cst_ligand,3339,0.43025
5cst_ligand,3340,0.237248
5cst_ligand,3341,0.459656
5cst_ligand,3342,0.259675
5cst_ligand,3343,0.34219
5cst_ligand,3344,0.287024
5cst_ligand,3345,0.344492
5cst_ligand,3346,0.208721
5cst_ligand,3347,0.480686
5cst_ligand,3348,0.270126
5cst_ligand,3349,0.349299
5cst_ligand,3350,0.354669
5cst_ligand,3351,0.296395
5cst_ligand,3352,0.100262
5cst_ligand,3353,0.486177
5cst_ligand,3354,0.280546
5cst_ligand,3355,0.192003
5cst_ligand,3356,0.496625
5cst_ligand,3357,0.346928
5cst_ligand,3358,0.430948
5cst_ligand,3359,0.075723
5cst_ligand,3360,0.537205
5cst_ligand,3361,0.338717
5cst_ligand,3362,0.439323
5cst_ligand,3363,0.230719
5cst_ligand,3364,0.372097
5cst_ligand,3365,0.241952
5cst_ligand,3366,0.37402
5cst_ligand,3367,0.229369
5cst_ligand,3368,0.484259
5cst_ligand,3369,0.212535
5cst_ligand,3370,0.450055
5cst_ligand,3371,0.267181
5cst_ligand,3372,0.354425
5cst_ligand,3373,0.232134
5cst_ligand,3374,0.400612
5cst_ligand,3375,0.377118
5cst_ligand,3376,0.525684
5cst_ligand,3377,0.165759
5cst_ligand,3378,0.405922
5cst_ligand,3379,0.351988
5cst_ligand,3380,0.196492
5cst_ligand,3381,0.386679
5cst_ligand,3382,0.277017
5cst_ligand,3383,0.261508
5cst_ligand,3384,0.240275
5cst_ligand,3385,0.229987
5cst_ligand,3386,0.205805
5cst_ligand,3387,0.354919
5cst_ligand,3388,0.302707
5cst_ligand,3389,0.198966
5cst_ligand,3390,0.404681
5cst_ligand,3391,0.239012
5cst_ligand,3392,0.33794
5cst_ligand,3393,0.234769
5cst_ligand,3394,0.420059
5cst_ligand,3395,0.376347
5cst_ligand,3396,0.481219
5cst_ligand,3397,0.253747
5cst_ligand,3398,0.388128
5cst_ligand,3399,0.237293
5cst_ligand,3400,0.480137
5cst_ligand,3401,0.175915
5cst_ligand,3402,0.531486
5cst_ligand,3403,0.114007
5cst_ligand,3404,0.457363
5cst_ligand,3405,0.270525
5cst_ligand,3406,0.237452
5cst_ligand,3407,0.227911
5cst_ligand,3408,0.375608
5cst_ligand,3409,0.20397
5cst_ligand,3410,0.447422
5cst_ligand,3411,0.312178
5cst_ligand,3412,0.287617
5cst_ligand,3413,0.304302
5cst_ligand,3414,0.390699
5cst_ligand,3415,0.199207
5cst_ligand,3416,0.424255
5cst_ligand,3417,0.232809
5cst_ligand,3418,0.411526
5cst_ligand,3419,0.116198
5cst_ligand,3420,0.54269
5cst_ligand,3421,0.219614
5cst_ligand,3422,0.364286
5cst_ligand,3423,0.306554
5cst_ligand,3424,0.271597
5cst_ligand,3425,0.235748
5cst_ligand,3426,0.21448
5cst_ligand,3427,0.376465
5cst_ligand,3428,0.305138
5cst_ligand,3429,0.270176
5cst_ligand,3430,0.245867
5cst_ligand,3431,0.239479
5cst_ligand,3432,0.386122
5cst_ligand,3433,0.255628
5cst_ligand,3434,0.398481
5cst_ligand,3435,0.230282
5cst_ligand,3436,0.457596
5cst_ligand,3437,0.172177
5cst_ligand,3438,0.373528
5cst_ligand,3439,0.139881
5cst_ligand,3440,0.528495
5cst_ligand,3441,0.295541
5cst_ligand,3442,0.173505
5cst_ligand,3443,0.524364
5cst_ligand,3444,0.174975
5cst_ligand,3445,0.425014
5cst_ligand,3446,0.314378
5cst_ligand,3447,0.27428
5cst_ligand,3448,0.45525
5cst_ligand,3449,0.238197
5cst_ligand,3450,0.263441
5cst_ligand,3451,0.340299
5cst_ligand,3452,0.300406
5cst_ligand,3453,0.119104
5cst_ligand,3454,0.572934
5cst_ligand,3455,0.278165
5cst_ligand,3456,0.352687
5cst_ligand,3457,0.296044
5cst_ligand,3458,0.278665
5cst_ligand,3459,0.230201
5cst_ligand,3460,0.435553
5cst_ligand,3461,0.245392
5cst_ligand,3462,0.404492
5cst_ligand,3463,0.202208
5cst_ligand,3464,0.490702
5cst_ligand,3465,0.298174
5cst_ligand,3466,0.297283
5cst_ligand,3467,0.143975
5cst_ligand,3468,0.443762
5cst_ligand,3469,0.321975
5cst_ligand,3470,0.377489
5cst_ligand,3471,0.198139
5cst_ligand,3472,0.517882
5cst_ligand,3473,0.306145
5cst_ligand,3474,0.363932
5cst_ligand,3475,0.125547
5cst_ligand,3476,0.459065
5cst_ligand,3477,0.352649
5cst_ligand,3478,0.233819
5cst_ligand,3479,0.338199
5cst_ligand,3480,0.215059
5cst_ligand,3481,0.395269
5cst_ligand,3482,0.30444
5cst_ligand,3483,0.252916
5cst_ligand,3484,0.18278
5cst_ligand,3485,0.383915
5cst_ligand,3486,0.299417
5cst_ligand,3487,0.27416
5cst_ligand,3488,0.234646
5cst_ligand,3489,0.40935
5cst_ligand,3490,0.333319
5cst_ligand,3491,0.373227
5cst_ligand,3492,0.249953
5cst_ligand,3493,0.408484
5cst_ligand,3494,0.201927
5cst_ligand,3495,0.433543
5cst_ligand,3496,0.231331
5cst_ligand,3497,0.209464
5cst_ligand,3498,0.413581
5cst_ligand,3499,0.268784
5cst_ligand,3500,0.345975
5cst_ligand,3501,0.243569
5cst_ligand,3502,0.423725
5cst_ligand,3503,0.238174
5cst_ligand,3504,0.511682
5cst_ligand,3505,0.182013
5cst_ligand,3506,0.577051
5cst_ligand,3507,0.311682
5cst_ligand,3508,0.553583
5cst_ligand,3509,0.307187
5cst_ligand,3510,0.251295
5cst_ligand,3511,0.227818
5cst_ligand,3512,0.216545
5cst_ligand,3513,0.347984
5cst_ligand,3514,0.321323
5cst_ligand,3515,0.296175
5cst_ligand,3516,0.28509
5cst_ligand,3517,0.264098
5cst_ligand,3518,0.250279
5cst_ligand,3519,0.216385
5cst_ligand,3520,0.361648
5cst_ligand,3521,0.32287
5cst_ligand,3522,0.275545
5cst_ligand,3523,0.381291
5cst_ligand,3524,0.209657
5cst_ligand,3525,0.424195
5cst_ligand,3526,0.300875
5cst_ligand,3527,0.373298
5cst_ligand,3528,0.260123
5cst_ligand,3529,0.434175
5cst_ligand,3530,0.277496
5cst_ligand,3531,0.475244
5cst_ligand,3532,0.20665
5cst_ligand,3533,0.391433
5cst_ligand,3534,0.230046
5cst_ligand,3535,0.488406
5cst_ligand,3536,0.37576
5cst_ligand,3537,0.589941
5cst_ligand,3538,0.273483
5cst_ligand,3539,0.40459
5cst_ligand,3540,0.164956
5cst_ligand,3541,0.510635
5cst_ligand,3542,0.121546
5cst_ligand,3543,0.414787
5cst_ligand,3544,0.262595
5cst_ligand,3545,0.35306
5cst_ligand,3546,0.185645
5cst_ligand,3547,0.438035
5cst_ligand,3548,0.207454
5cst_ligand,3549,0.423206
5cst_ligand,3550,0.103814
5cst_ligand,3551,0.578532
5cst_ligand,3552,0.178182
5cst_ligand,3553,0.332743
5cst_ligand,3554,0.289622
5cst_ligand,3555,0.259071
5cst_ligand,3556,0.237269
5cst_ligand,3557,0.371442
5cst_ligand,3558,0.295323
5cst_ligand,3559,0.263672
5cst_ligand,3560,0.241362
5cst_ligand,3561,0.217311
5cst_ligand,3562,0.394921
5cst_ligand,3563,0.275032
5cst_ligand,3564,0.287224
5cst_ligand,3565,0.26258
5cst_ligand,3566,0.240517
5cst_ligand,3567,0.213169
5cst_ligand,3568,0.427157
5cst_ligand,3569,0.346841
5cst_ligand,3570,0.301367
5cst_ligand,3571,0.374644
5cst_ligand,3572,0.136255
5cst_ligand,3573,0.4475
5cst_ligand,3574,0.316071
5cst_ligand,3575,0.254701
5cst_ligand,3576,0.360998
5cst_ligand,3577,0.225354
5cst_ligand,3578,0.40725
5cst_ligand,3579,0.219627
5cst_ligand,3580,0.442546
5cst_ligand,3581,0.101855
5cst_ligand,3582,0.408598
5cst_ligand,3583,0.281659
5cst_ligand,3584,0.12473
5cst_ligand,3585,0.360884
5cst_ligand,3586,0.303904
5cst_ligand,3587,0.277253
5cst_ligand,3588,0.237505
5cst_ligand,3589,0.231457
5cst_ligand,3590,0.382298
5cst_ligand,3591,0.287093
5cst_ligand,3592,0.27365
5cst_ligand,3593,0.317085
5cst_ligand,3594,0.365942
5cst_ligand,3595,0.35147
5cst_ligand,3596,0.133444
5cst_ligand,3597,0.437887
5cst_ligand,3598,0.351235
5cst_ligand,3599,0.210771
5cst_ligand,3600,0.402841
5cst_ligand,3601,0.284562
5cst_ligand,3602,0.122191
5cst_ligand,3603,0.496714
5cst_ligand,3604,0.270906
5cst_ligand,3605,0.334229
5cst_ligand,3606,0.327815
5cst_ligand,3607,0.374446
5cst_ligand,3608,0.137296
5cst_ligand,3609,0.459845
5cst_ligand,3610,0.305049
5cst_ligand,3611,0.282931
5cst_ligand,3612,0.262333
5cst_ligand,3613,0.257252
5cst_ligand,3614,0.222763
5cst_ligand,3615,0.36853
5cst_ligand,3616,0.323728
5cst_ligand,3617,0.288249
5cst_ligand,3618,0.361475
5cst_ligand,3619,0.167097
5cst_ligand,3620,0.405321
5cst_ligand,3621,0.322477
5cst_ligand,3622,0.338049
5cst_ligand,3623,0.133889
5cst_ligand,3624,0.342306
5cst_ligand,3625,0.214332
5cst_ligand,3626,0.329062
5cst_ligand,3627,0.293445
5cst_ligand,3628,0.25772
5cst_ligand,3629,0.363992
5cst_ligand,3630,0.199543
5cst_ligand,3631,0.389612
5cst_ligand,3632,0.280041
5cst_ligand,3633,0.342238
5cst_ligand,3634,0.412972
5cst_ligand,3635,0.229621
5cst_ligand,3636,0.306901
5cst_ligand,3637,0.276207
5cst_ligand,3638,0.334081
5cst_ligand,3639,0.175076
5cst_ligand,3640,0.499083
5cst_ligand,3641,0.282267
5cst_ligand,3642,0.358918
5cst_ligand,3643,0.213588
5cst_ligand,3644,0.382643
5cst_ligand,3645,0.288087
5cst_ligand,3646,0.533682
5cst_ligand,3647,0.204692
5cst_ligand,3648,0.283961
5cst_ligand,3649,0.296751
5cst_ligand,3650,0.395856
5cst_ligand,3651,0.204261
5cst_ligand,3652,0.501224
5cst_ligand,3653,0.249926
5cst_ligand,3654,0.305256
5cst_ligand,3655,0.291113
5cst_ligand,3656,0.239371
5cst_ligand,3657,0.236273
5cst_ligand,3658,0.369499
5cst_ligand,3659,0.230193
5cst_ligand,3660,0.395949
5cst_ligand,3661,0.230135
5cst_ligand,3662,0.189335
5cst_ligand,3663,0.409434
5cst_ligand,3664,0.331711
5cst_ligand,3665,0.16978
5cst_ligand,3666,0.452319
5cst_ligand,3667,0.317306
5cst_ligand,3668,0.209607
5cst_ligand,3669,0.470159
5cst_ligand,3670,0.339447
5cst_ligand,3671,0.419933
5cst_ligand,3672,0.249224
5cst_ligand,3673,0.430766
5cst_ligand,3674,0.202558
5cst_ligand,3675,0.512609
5cst_ligand,3676,0.0966063
5cst_ligand,3677,0.498104
5cst_ligand,3678,0.293787
5cst_ligand,3679,0.236725
5cst_ligand,3680,0.203244
5cst_ligand,3681,0.434136
5cst_ligand,3682,0.352681
5cst_ligand,3683,0.299176
5cst_ligand,3684,0.205552
5cst_ligand,3685,0.354701
5cst_ligand,3686,0.13839
5cst_ligand,3687,0.512757
5cst_ligand,3688,0.120857
5cst_ligand,3689,0.486545
5cst_ligand,3690,0.30968
5cst_ligand,3691,0.176612
5cst_ligand,3692,0.510997
5cst_ligand,3693,0.232967
5cst_ligand,3694,0.720833
5cst_ligand,3695,0.256992
5cst_ligand,3696,0.443121
5cst_ligand,3697,0.390468
5cst_ligand,3698,0.477461
5cst_ligand,3699,0.139732
5cst_ligand,3700,0.371194
5cst_ligand,3701,0.253847
5cst_ligand,3702,0.367665
5cst_ligand,3703,0.343584
5cst_ligand,3704,0.378867
5cst_ligand,3705,0.159026
5cst_ligand,3706,0.453815
5cst_ligand,3707,0.248303
5cst_ligand,3708,0.240385
5cst_ligand,3709,0.212419
5cst_ligand,3710,0.386606
5cst_ligand,3711,0.32878
5cst_ligand,3712,0.209259
5cst_ligand,3713,0.414621
5cst_ligand,3714,0.333359
5cst_ligand,3715,0.300035
5cst_ligand,3716,0.0937748
5cst_ligand,3717,0.415421
5cst_ligand,3718,0.23236
5cst_ligand,3719,0.305577
5cst_ligand,3720,0.321244
5cst_ligand,3721,0.354876
5cst_ligand,3722,0.179453
5cst_ligand,3723,0.421107
5cst_ligand,3724,0.355768
5cst_ligand,3725,0.443907
5cst_ligand,3726,0.0991297
5cst_ligand,3727,0.406039
5cst_ligand,3728,0.267974
5cst_ligand,3729,0.228424
5cst_ligand,3730,0.41514
5cst_ligand,3731,0.33633
5cst_ligand,3732,0.288513
5cst_ligand,3733,0.221282
5cst_ligand,3734,0.383249
5cst_ligand,3735,0.321881
5cst_ligand,3736,0.293082
5cst_ligand,3737,0.239047
5cst_ligand,3738,0.390319
5cst_ligand,3739,0.325026
5cst_ligand,3740,0.263351
5cst_ligand,3741,0.191854
5cst_ligand,3742,0.416841
5cst_ligand,3743,0.333767
5cst_ligand,3744,0.371945
5cst_ligand,3745,0.109483
5cst_ligand,3746,0.474772
5cst_ligand,3747,0.243018
5cst_ligand,3748,0.305825
5cst_ligand,3749,0.279313
5cst_ligand,3750,0.264248
5cst_ligand,3751,0.252376
5cst_ligand,3752,0.249095
5cst_ligand,3753,0.238488
5cst_ligand,3754,0.3444
5cst_ligand,3755,0.333676
5cst_ligand,3756,0.228639
5cst_ligand,3757,0.389451
5cst_ligand,3758,0.299984
5cst_ligand,3759,0.385564
5cst_ligand,3760,0.0994256
5cst_ligand,3761,0.461943
5cst_ligand,3762,0.330626
5cst_ligand,3763,0.2528
5cst_ligand,3764,0.224882
5cst_ligand,3765,0.218762
5cst_ligand,3766,0.342432
5cst_ligand,3767,0.32298
5cst_ligand,3768,0.279411
5cst_ligand,3769,0.271914
5cst_ligand,3770,0.238771
5cst_ligand,3771,0.356406
5cst_ligand,3772,0.331228
5cst_ligand,3773,0.29867
5cst_ligand,3774,0.150491
5cst_ligand,3775,0.424296
5cst_ligand,3776,0.25575
5cst_ligand,3777,0.327285
5cst_ligand,3778,0.231716
5cst_ligand,3779,0.27599
5cst_ligand,3780,0.072163
5cst_ligand,3781,0.457262
5cst_ligand,3782,0.293849
5cst_ligand,3783,0.266386
5cst_ligand,3784,0.250947
5cst_ligand,3785,0.23647
5cst_ligand,3786,0.221554
5cst_ligand,3787,0.210973
5cst_ligand,3788,0.204512
5cst_ligand,3789,0.37777
5cst_ligand,3790,0.353715
5cst_ligand,3791,0.254731
5cst_ligand,3792,0.443415
5cst_ligand,3793,0.244466
5cst_ligand,3794,0.484859
5cst_ligand,3795,0.280755
5cst_ligand,3796,0.409806
5cst_ligand,3797,0.204128
5cst_ligand,3798,0.432006
5cst_ligand,3799,0.285128
5cst_ligand,3800,0.311598
5cst_ligand,3801,0.323097
5cst_ligand,3802,0.250374
5cst_ligand,3803,0.365455
5cst_ligand,3804,0.413957
5cst_ligand,3805,0.196116
5cst_ligand,3806,0.514269
5cst_ligand,3807,0.27894
5cst_ligand,3808,0.504209
5cst_ligand,3809,0.215945
5cst_ligand,3810,0.441132
5cst_ligand,3811,0.230009
5cst_ligand,3812,0.487193
5cst_ligand,3813,0.366057
5cst_ligand,3814,0.390792
5cst_ligand,3815,0.144023
5cst_ligand,3816,0.424435
5cst_ligand,3817,0.0896162
5cst_ligand,3818,0.586475
5cst_ligand,3819,0.265611
5cst_ligand,3820,0.55745
5cst_ligand,3821,0.358995
5cst_ligand,3822,0.295692
5cst_ligand,3823,0.137147
5cst_ligand,3824,0.417684
5cst_ligand,3825,0.273263
5cst_ligand,3826,0.360361
5cst_ligand,3827,0.24558
5cst_ligand,3828,0.419957
5cst_ligand,3829,0.249703
5cst_ligand,3830,0.386605
5cst_ligand,3831,0.302291
5cst_ligand,3832,0.462603
5cst_ligand,3833,0.11403
5cst_ligand,3834,0.481593
5cst_ligand,3835,0.202739
5cst_ligand,3836,0.28941
5cst_ligand,3837,0.260424
5cst_ligand,3838,0.234338
5cst_ligand,3839,0.375932
5cst_ligand,3840,0.341054
5cst_ligand,3841,0.284808
5cst_ligand,3842,0.26541
5cst_ligand,3843,0.232826
5cst_ligand,3844,0.39364
5cst_ligand,3845,0.336848
5cst_ligand,3846,0.190682
5cst_ligand,3847,0.430692
5cst_ligand,3848,0.260339
5cst_ligand,3849,0.227188
5cst_ligand,3850,0.240344
5cst_ligand,3851,0.401701
5cst_ligand,3852,0.229978
5cst_ligand,3853,0.43607
5cst_ligand,3854,0.302474
5cst_ligand,3855,0.283067
5cst_ligand,3856,0.277642
5cst_ligand,3857,0.306464
5cst_ligand,3858,0.17656
5cst_ligand,3859,0.379914
5cst_ligand,3860,0.185549
5cst_ligand,3861,0.411953
5cst_ligand,3862,0.139221
5cst_ligand,3863,0.536524
5cst_ligand,3864,0.222392
5cst_ligand,3865,0.594135
5cst_ligand,3866,0.220404
5cst_ligand,3867,0.514134
5cst_ligand,3868,0.298883
5cst_ligand,3869,0.265575
5cst_ligand,3870,0.329276
5cst_ligand,3871,0.270388
5cst_ligand,3872,0.250052
5cst_ligand,3873,0.238778
5cst_ligand,3874,0.370287
5cst_ligand,3875,0.324367
5cst_ligand,3876,0.305522
5cst_ligand,3877,0.29852
5cst_ligand,3878,0.154013
5cst_ligand,3879,0.409735
5cst_ligand,3880,0.242348
5cst_ligand,3881,0.129491
5cst_ligand,3882,0.464562
5cst_ligand,3883,0.290483
5cst_ligand,3884,0.364679
5cst_ligand,3885,0.113738
5cst_ligand,3886,0.477491
5cst_ligand,3887,0.349633
5cst_ligand,3888,0.293181
5cst_ligand,3889,0.358271
5cst_ligand,3890,0.241575
5cst_ligand,3891,0.479492
5cst_ligand,3892,0.286254
5cst_ligand,3893,0.271755
5cst_ligand,3894,0.177687
5cst_ligand,3895,0.374819
5cst_ligand,3896,0.319636
5cst_ligand,3897,0.285212
5cst_ligand,3898,0.239251
5cst_ligand,3899,0.220266
5cst_ligand,3900,0.209163
5cst_ligand,3901,0.37021
5cst_ligand,3902,0.321697
5cst_ligand,3903,0.26273
5cst_ligand,3904,0.235264
5cst_ligand,3905,0.225641
5cst_ligand,3906,0.377821
5cst_ligand,3907,0.405361
5cst_ligand,3908,0.104606
5cst_ligand,3909,0.473964
5cst_ligand,3910,0.247543
5cst_ligand,3911,0.222069
5cst_ligand,3912,0.356792
5cst_ligand,3913,0.327516
5cst_ligand,3914,0.38961
5cst_ligand,3915,0.206398
5cst_ligand,3916,0.487093
5cst_ligand,3917,0.19766
5cst_ligand,3918,0.365973
5cst_ligand,3919,0.307655
5cst_ligand,3920,0.279253
5cst_ligand,3921,0.285473
5cst_ligand,3922,0.346814
5cst_ligand,3923,0.423249
5cst_ligand,3924,0.226109
5cst_ligand,3925,0.354854
5cst_ligand,3926,0.17618
5cst_ligand,3927,0.437732
5cst_ligand,3928,0.188288
5cst_ligand,3929,0.472788
5cst_ligand,3930,0.180331
5cst_ligand,3931,0.356475
5cst_ligand,3932,0.175826
5cst_ligand,3933,0.470888
5cst_ligand,3934,0.237615
5cst_ligand,3935,0.573976
5cst_ligand,3936,0.184004
5cst_ligand,3937,0.355671
5cst_ligand,3938,0.156649
5cst_ligand,3939,0.459033
5cst_ligand,3940,0.156897
5cst_ligand,3941,0.541924
5cst_ligand,3942,0.225854
5cst_ligand,3943,0.58846
5cst_ligand,3944,0.372011
5cst_ligand,3945,0.51977
5cst_ligand,3946,0.43026
5cst_ligand,3947,0.339756
5cst_ligand,3948,0.23986
5cst_ligand,3949,0.321719
5cst_ligand,3950,0.206753
5cst_ligand,3951,0.391142
5cst_ligand,3952,0.16701
5cst_ligand,3953,0.38934
5cst_ligand,3954,0.265517
5cst_ligand,3955,0.237895
5cst_ligand,3956,0.219987
5cst_ligand,3957,0.209398
5cst_ligand,3958,0.364059
5cst_ligand,3959,0.332715
5cst_ligand,3960,0.284938
5cst_ligand,3961,0.232614
5cst_ligand,3962,0.314737
5cst_ligand,3963,0.258065
5cst_ligand,3964,0.402935
5cst_ligand,3965,0.227853
5cst_ligand,3966,0.45928
5cst_ligand,3967,0.158255
5cst_ligand,3968,0.42777
5cst_ligand,3969,0.136857
5cst_ligand,3970,0.496173
5cst_ligand,3971,0.176433
5cst_ligand,3972,0.504409
5cst_ligand,3973,0.3109
5cst_ligand,3974,0.253878
5cst_ligand,3975,0.326298
5cst_ligand,3976,0.406688
5cst_ligand,3977,0.234926
5cst_ligand,3978,0.450863
5cst_ligand,3979,0.269987
5cst_ligand,3980,0.481945
5cst_ligand,3981,0.255934
5cst_ligand,3982,0.459991
5cst_ligand,3983,0.196581
5cst_ligand,3984,0.359254
5cst_ligand,3985,0.133722
5cst_ligand,3986,0.526573
5cst_ligand,3987,0.0937988
5cst_ligand,3988,0.672698
5cst_ligand,3989,0.211082
5cst_ligand,3990,0.530168
5cst_ligand,3991,0.259973
5cst_ligand,3992,0.419401
5cst_ligand,3993,0.246388
5cst_ligand,3994,0.329023
5cst_ligand,3995,0.266526
5cst_ligand,3996,0.425719
5cst_ligand,3997,0.361834
5cst_ligand,3998,0.395606
5cst_ligand,3999,0.261211
5cst_ligand,4000,0.231096
5cst_ligand,4001,0.378599
5cst_ligand,4002,0.314734
5cst_ligand,4003,0.289323
5cst_ligand,4004,0.241246
5cst_ligand,4005,0.404225
5cst_ligand,4006,0.240235
5cst_ligand,4007,0.383837
5cst_ligand,4008,0.306209
5cst_ligand,4009,0.269044
5cst_ligand,4010,0.242401
5cst_ligand,4011,0.384619
5cst_ligand,4012,0.393773
5cst_ligand,4013,0.264581
5cst_ligand,4014,0.444211
5cst_ligand,4015,0.222624
5cst_ligand,4016,0.49378
5cst_ligand,4017,0.277952
5cst_ligand,4018,0.247013
5cst_ligand,4019,0.200364
5cst_ligand,4020,0.411255
5cst_ligand,4021,0.294478
5cst_ligand,4022,0.267173
5cst_ligand,4023,0.348326
5cst_ligand,4024,0.234439
5cst_ligand,4025,0.442598
5cst_ligand,4026,0.12037
5cst_ligand,4027,0.494008
5cst_ligand,4028,0.306879
5cst_ligand,4029,0.176437
5cst_ligand,4030,0.509943
5cst_ligand,4031,0.393774
5cst_ligand,4032,0.292859
5cst_ligand,4033,0.152034
5cst_ligand,4034,0.482765
5cst_ligand,4035,0.277392
5cst_ligand,4036,0.363797
5cst_ligand,4037,0.227029
5cst_ligand,4038,0.4281
5cst_ligand,4039,0.269821
5cst_ligand,4040,0.552788
5cst_ligand,4041,0.204247
5cst_ligand,4042,0.571924
5cst_ligand,4043,0.263447
5cst_ligand,4044,0.540182
5cst_ligand,4045,0.171517
5cst_ligand,4046,0.402976
5cst_ligand,4047,0.255912
5cst_ligand,4048,0.324338
5cst_ligand,4049,0.219373
5cst_ligand,4050,0.365401
5cst_ligand,4051,0.219538
5cst_ligand,4052,0.40265
5cst_ligand,4053,0.199637
5cst_ligand,4054,0.381031
5cst_ligand,4055,0.247643
5cst_ligand,4056,0.367929
5cst_ligand,4057,0.313317
5cst_ligand,4058,0.287941
5cst_ligand,4059,0.243553
5cst_ligand,4060,0.235884
5cst_ligand,4061,0.377579
5cst_ligand,4062,0.288103
5cst_ligand,4063,0.261076
5cst_ligand,4064,0.226085
5cst_ligand,4065,0.414802
5cst_ligand,4066,0.345164
5cst_ligand,4067,0.170729
5cst_ligand,4068,0.455917
5cst_ligand,4069,0.268091
5cst_ligand,4070,0.359934
5cst_ligand,4071,0.217044
5cst_ligand,4072,0.324279
5cst_ligand,4073,0.190905
5cst_ligand,4074,0.481745
5cst_ligand,4075,0.337422
5cst_ligand,4076,0.423381
5cst_ligand,4077,0.249333
5cst_ligand,4078,0.234145
5cst_ligand,4079,0.314705
5cst_ligand,4080,0.289121
5cst_ligand,4081,0.257542
5cst_ligand,4082,0.243147
5cst_ligand,4083,0.226323
5cst_ligand,4084,0.201181
5cst_ligand,4085,0.386755
5cst_ligand,4086,0.313216
5cst_ligand,4087,0.281779
5cst_ligand,4088,0.334453
5cst_ligand,4089,0.183907
5cst_ligand,4090,0.416554
5cst_ligand,4091,0.281667
5cst_ligand,4092,0.34679
5cst_ligand,4093,0.25451
5cst_ligand,4094,0.35761
5cst_ligand,4095,0.32517
5cst_ligand,4096,0.308104
5cst_ligand,4097,0.216724
5cst_ligand,4098,0.353783
5cst_ligand,4099,0.319897
5cst_ligand,4100,0.29331
5cst_ligand,4101,0.253903
5cst_ligand,4102,0.249552
5cst_ligand,4103,0.22326
5cst_ligand,4104,0.368978
5cst_ligand,4105,0.296333
5cst_ligand,4106,0.259869
5cst_ligand,4107,0.335308
5cst_ligand,4108,0.226059
5cst_ligand,4109,0.365546
5cst_ligand,4110,0.188709
5cst_ligand,4111,0.437477
5cst_ligand,4112,0.115051
5cst_ligand,4113,0.475442
5cst_ligand,4114,0.272593
5cst_ligand,4115,0.228002
5cst_ligand,4116,0.205902
5cst_ligand,4117,0.187756
5cst_ligand,4118,0.424216
5cst_ligand,4119,0.343889
5cst_ligand,4120,0.215663
5cst_ligand,4121,0.439655
5cst_ligand,4122,0.247258
5cst_ligand,4123,0.392325
5cst_ligand,4124,0.227406
5cst_ligand,4125,0.477075
5cst_ligand,4126,0.237965
5cst_ligand,4127,0.333409
5cst_ligand,4128,0.190434
5cst_ligand,4129,0.440535
5cst_ligand,4130,0.191
5cst_ligand,4131,0.353799
5cst_ligand,4132,0.322627
5cst_ligand,4133,0.297462
5cst_ligand,4134,0.392467
5cst_ligand,4135,0.274357
5cst_ligand,4136,0.310879
5cst_ligand,4137,0.249294
5cst_ligand,4138,0.48745
5cst_ligand,4139,0.238517
5cst_ligand,4140,0.35215
5cst_ligand,4141,0.198781
5cst_ligand,4142,0.490619
5cst_ligand,4143,0.264011
5cst_ligand,4144,0.451533
5cst_ligand,4145,0.279448
5cst_ligand,4146,0.532959
5cst_ligand,4147,0.189763
5cst_ligand,4148,0.374106
5cst_ligand,4149,0.300725
5cst_ligand,4150,0.490565
5cst_ligand,4151,0.283458
5cst_ligand,4152,0.344657
5cst_ligand,4153,0.284044
5cst_ligand,4154,0.237259
5cst_ligand,4155,0.232199
5cst_ligand,4156,0.371953
5cst_ligand,4157,0.298192
5cst_ligand,4158,0.265016
5cst_ligand,4159,0.241748
5cst_ligand,4160,0.374659
5cst_ligand,4161,0.296283
5cst_ligand,4162,0.35401
5cst_ligand,4163,0.321312
5cst_ligand,4164,0.211072
5cst_ligand,4165,0.458124
5cst_ligand,4166,0.33041
5cst_ligand,4167,0.391453
5cst_ligand,4168,0.186146
5cst_ligand,4169,0.431204
5cst_ligand,4170,0.13176
5cst_ligand,4171,0.446944
5cst_ligand,4172,0.0807095
5cst_ligand,4173,0.506978
5cst_ligand,4174,0.142415
5cst_ligand,4175,0.425756
5cst_ligand,4176,0.343724
5cst_ligand,4177,0.250089
5cst_ligand,4178,0.285243
5cst_ligand,4179,0.174933
5cst_ligand,4180,0.391162
5cst_ligand,4181,0.197474
5cst_ligand,4182,0.569506
5cst_ligand,4183,0.190556
5cst_ligand,4184,0.295597
5cst_ligand,4185,0.13937
5cst_ligand,4186,0.496138
5cst_ligand,4187,0.180621
5cst_ligand,4188,0.46083
5cst_ligand,4189,0.2951
5cst_ligand,4190,0.360859
5cst_ligand,4191,0.203559
5cst_ligand,4192,0.552146
5cst_ligand,4193,0.326038
5cst_ligand,4194,0.280477
5cst_ligand,4195,0.358636
5cst_ligand,4196,0.410471
5cst_ligand,4197,0.285398
5cst_ligand,4198,0.337866
5cst_ligand,4199,0.170318
5cst_ligand,4200,0.535713
5cst_ligand,4201,0.210747
5cst_ligand,4202,0.451815
5cst_ligand,4203,0.235903
5cst_ligand,4204,0.543012
5cst_ligand,4205,0.206221
5cst_ligand,4206,0.555157
5cst_ligand,4207,0.178871
5cst_ligand,4208,0.422033
5cst_ligand,4209,0.266629
5cst_ligand,4210,0.200337
5cst_ligand,4211,0.432085
5cst_ligand,4212,0.286191
5cst_ligand,4213,0.316091
5cst_ligand,4214,0.227365
5cst_ligand,4215,0.405942
5cst_ligand,4216,0.22648
5cst_ligand,4217,0.17179
5cst_ligand,4218,0.480191
5cst_ligand,4219,0.169814
5cst_ligand,4220,0.476445
5cst_ligand,4221,0.359749
5cst_ligand,4222,0.342739
5cst_ligand,4223,0.0898809
5cst_ligand,4224,0.424602
5cst_ligand,4225,0.209211
5cst_ligand,4226,0.193512
5cst_ligand,4227,0.408089
5cst_ligand,4228,0.333639
5cst_ligand,4229,0.290293
5cst_ligand,4230,0.249888
5cst_ligand,4231,0.323897
5cst_ligand,4232,0.352902
5cst_ligand,4233,0.343096
5cst_ligand,4234,0.111208
5cst_ligand,4235,0.450353
5cst_ligand,4236,0.324963
5cst_ligand,4237,0.292321
5cst_ligand,4238,0.270987
5cst_ligand,4239,0.259428
5cst_ligand,4240,0.242238
5cst_ligand,4241,0.243563
5cst_ligand,4242,0.242969
5cst_ligand,4243,0.366801
5cst_ligand,4244,0.421475
5cst_ligand,4245,0.142515
5cst_ligand,4246,0.367431
5cst_ligand,4247,0.229838
5cst_ligand,4248,0.39501
5cst_ligand,4249,0.322925
5cst_ligand,4250,0.285824
5cst_ligand,4251,0.235136
5cst_ligand,4252,0.220358
5cst_ligand,4253,0.388193
5cst_ligand,4254,0.274648
5cst_ligand,4255,0.358036
5cst_ligand,4256,0.262637
5cst_ligand,4257,0.408821
5cst_ligand,4258,0.302855
5cst_ligand,4259,0.267463
5cst_ligand,4260,0.307475
5cst_ligand,4261,0.41954
5cst_ligand,4262,0.220488
5cst_ligand,4263,0.430956
5cst_ligand,4264,0.252641
5cst_ligand,4265,0.428236
5cst_ligand,4266,0.153149
5cst_ligand,4267,0.546641
5cst_ligand,4268,0.228199
5cst_ligand,4269,0.358053
5cst_ligand,4270,0.325007
5cst_ligand,4271,0.297265
5cst_ligand,4272,0.381631
5cst_ligand,4273,0.249304
5cst_ligand,4274,0.400301
5cst_ligand,4275,0.279476
5cst_ligand,4276,0.484051
5cst_ligand,4277,0.217864
5cst_ligand,4278,0.377439
5cst_ligand,4279,0.240712
5cst_ligand,4280,0.485772
5cst_ligand,4281,0.391327
5cst_ligand,4282,0.494018
5cst_ligand,4283,0.120197
5cst_ligand,4284,0.571145
5cst_ligand,4285,0.160867
5cst_ligand,4286,0.353519
5cst_ligand,4287,0.28731
5cst_ligand,4288,0.254143
5cst_ligand,4289,0.233453
5cst_ligand,4290,0.209058
5cst_ligand,4291,0.371656
5cst_ligand,4292,0.340298
5cst_ligand,4293,0.282703
5cst_ligand,4294,0.265411
5cst_ligand,4295,0.240107
5cst_ligand,4296,0.357418
5cst_ligand,4297,0.415708
5cst_ligand,4298,0.257674
5cst_ligand,4299,0.421199
5cst_ligand,4300,0.226273
5cst_ligand,4301,0.497383
5cst_ligand,4302,0.172065
5cst_ligand,4303,0.409121
5cst_ligand,4304,0.339488
5cst_ligand,4305,0.321151
5cst_ligand,4306,0.182466
5cst_ligand,4307,0.447546
5cst_ligand,4308,0.207847
5cst_ligand,4309,0.463191
5cst_ligand,4310,0.1363
5cst_ligand,4311,0.590944
5cst_ligand,4312,0.0980864
5cst_ligand,4313,0.536203
5cst_ligand,4314,0.351982
5cst_ligand,4315,0.329935
5cst_ligand,4316,0.114532
5cst_ligand,4317,0.40988
5cst_ligand,4318,0.252735
5cst_ligand,4319,0.334669
5cst_ligand,4320,0.218224
5cst_ligand,4321,0.403262
5cst_ligand,4322,0.21753
5cst_ligand,4323,0.381512
5cst_ligand,4324,0.233264
5cst_ligand,4325,0.481265
5cst_ligand,4326,0.138227
5cst_ligand,4327,0.44512
5cst_ligand,4328,0.340901
5cst_ligand,4329,0.187408
5cst_ligand,4330,0.441605
5cst_ligand,4331,0.14562
5cst_ligand,4332,0.470636
5cst_ligand,4333,0.288283
5cst_ligand,4334,0.366465
5cst_ligand,4335,0.1981
5cst_ligand,4336,0.468924
5cst_ligand,4337,0.389009
5cst_ligand,4338,0.445115
5cst_ligand,4339,0.239056
5cst_ligand,4340,0.341617
5cst_ligand,4341,0.289333
5cst_ligand,4342,0.320413
5cst_ligand,4343,0.277659
5cst_ligand,4344,0.207625
5cst_ligand,4345,0.313588
5cst_ligand,4346,0.279233
5cst_ligand,4347,0.260537
5cst_ligand,4348,0.383582
5cst_ligand,4349,0.300321
5cst_ligand,4350,0.282733
5cst_ligand,4351,0.247538
5cst_ligand,4352,0.377751
5cst_ligand,4353,0.300289
5cst_ligand,4354,0.258396
5cst_ligand,4355,0.214905
5cst_ligand,4356,0.42052
5cst_ligand,4357,0.24139
5cst_ligand,4358,0.267579
5cst_ligand,4359,0.355168
5cst_ligand,4360,0.230314
5cst_ligand,4361,0.428348
5cst_ligand,4362,0.192058
5cst_ligand,4363,0.47879
5cst_ligand,4364,0.263381
5cst_ligand,4365,0.236971
5cst_ligand,4366,0.201207
5cst_ligand,4367,0.43068
5cst_ligand,4368,0.211769
5cst_ligand,4369,0.365837
5cst_ligand,4370,0.275022
5cst_ligand,4371,0.223961
5cst_ligand,4372,0.343136
5cst_ligand,4373,0.1578
5cst_ligand,4374,0.589213
5cst_ligand,4375,0.24669
5cst_ligand,4376,0.324465
5cst_ligand,4377,0.317871
5cst_ligand,4378,0.132289
5cst_ligand,4379,0.471308
5cst_ligand,4380,0.342357
5cst_ligand,4381,0.325011
5cst_ligand,4382,0.250007
5cst_ligand,4383,0.348915
5cst_ligand,4384,0.206021
5cst_ligand,4385,0.496436
5cst_ligand,4386,0.138646
5cst_ligand,4387,0.523978
5cst_ligand,4388,0.15926
5cst_ligand,4389,0.351691
5cst_ligand,4390,0.313162
5cst_ligand,4391,0.266064
5cst_ligand,4392,0.228243
5cst_ligand,4393,0.224129
5cst_ligand,4394,0.354566
5cst_ligand,4395,0.318061
5cst_ligand,4396,0.284788
5cst_ligand,4397,0.143086
5cst_ligand,4398,0.437454
5cst_ligand,4399,0.269298
5cst_ligand,4400,0.350221
5cst_ligand,4401,0.126522
5cst_ligand,4402,0.517554
5cst_ligand,4403,0.353724
5cst_ligand,4404,0.299001
5cst_ligand,4405,0.403209
5cst_ligand,4406,0.271923
5cst_ligand,4407,0.173367
5cst_ligand,4408,0.286252
5cst_ligand,4409,0.27337
5cst_ligand,4410,0.256091
5cst_ligand,4411,0.33203
5cst_ligand,4412,0.314705
5cst_ligand,4413,0.300366
5cst_ligand,4414,0.364075
5cst_ligand,4415,0.228555
5cst_ligand,4416,0.41064
5cst_ligand,4417,0.231624
5cst_ligand,4418,0.468721
5cst_ligand,4419,0.143749
5cst_ligand,4420,0.367575
5cst_ligand,4421,0.331618
5cst_ligand,4422,0.167582
5cst_ligand,4423,0.447303
5cst_ligand,4424,0.375636
5cst_ligand,4425,0.363266
5cst_ligand,4426,0.272725
5cst_ligand,4427,0.224971
5cst_ligand,4428,0.416314
5cst_ligand,4429,0.164178
5cst_ligand,4430,0.436528
5cst_ligand,4431,0.188388
5cst_ligand,4432,0.415933
5cst_ligand,4433,0.323432
5cst_ligand,4434,0.262236
5cst_ligand,4435,0.220324
5cst_ligand,4436,0.198591
5cst_ligand,4437,0.401807
5cst_ligand,4438,0.316959
5cst_ligand,4439,0.280927
5cst_ligand,4440,0.119241
5cst_ligand,4441,0.435403
5cst_ligand,4442,0.229914
5cst_ligand,4443,0.145619
5cst_ligand,4444,0.513138
5cst_ligand,4445,0.266647
5cst_ligand,4446,0.437669
5cst_ligand,4447,0.220652
5cst_ligand,4448,0.500868
5cst_ligand,4449,0.299479
5cst_ligand,4450,0.256217
5cst_ligand,4451,0.207439
5cst_ligand,4452,0.410699
5cst_ligand,4453,0.163192
5cst_ligand,4454,0.567457
5cst_ligand,4455,0.262531
5cst_ligand,4456,0.586298
5cst_ligand,4457,0.295812
5cst_ligand,4458,0.526097
5cst_ligand,4459,0.388346
5cst_ligand,4460,0.394851
5cst_ligand,4461,0.156285
5cst_ligand,4462,0.371126
5cst_ligand,4463,0.260913
5cst_ligand,4464,0.234754
5cst_ligand,4465,0.226533
5cst_ligand,4466,0.343728
5cst_ligand,4467,0.293736
5cst_ligand,4468,0.266773
5cst_ligand,4469,0.240244
5cst_ligand,4470,0.218121
5cst_ligand,4471,0.358549
5cst_ligand,4472,0.320621
5cst_ligand,4473,0.307714
5cst_ligand,4474,0.188298
5cst_ligand,4475,0.436184
5cst_ligand,4476,0.20473
5cst_ligand,4477,0.37202
5cst_ligand,4478,0.174269
5cst_ligand,4479,0.504019
5cst_ligand,4480,0.247351
5cst_ligand,4481,0.391299
5cst_ligand,4482,0.178331
5cst_ligand,4483,0.480812
5cst_ligand,4484,0.160671
5cst_ligand,4485,0.533104
5cst_ligand,4486,0.282958
5cst_ligand,4487,0.378209
5cst_ligand,4488,0.297668
5cst_ligand,4489,0.281289
5cst_ligand,4490,0.381097
5cst_ligand,4491,0.372142
5cst_ligand,4492,0.190758
5cst_ligand,4493,0.339456
5cst_ligand,4494,0.214159
5cst_ligand,4495,0.344374
5cst_ligand,4496,0.260011
5cst_ligand,4497,0.364837
5cst_ligand,4498,0.21767
5cst_ligand,4499,0.412091
5cst_ligand,4500,0.156915
5cst_ligand,4501,0.37691
5cst_ligand,4502,0.233638
5cst_ligand,4503,0.165066
5cst_ligand,4504,0.400943
5cst_ligand,4505,0.290157
5cst_ligand,4506,0.246719
5cst_ligand,4507,0.368278
5cst_ligand,4508,0.238003
5cst_ligand,4509,0.421326
5cst_ligand,4510,0.183475
5cst_ligand,4511,0.502482
5cst_ligand,4512,0.238038
5cst_ligand,4513,0.319218
5cst_ligand,4514,0.370727
5cst_ligand,4515,0.383159
5cst_ligand,4516,0.184454
5cst_ligand,4517,0.490131
5cst_ligand,4518,0.348062
5cst_ligand,4519,0.47224
5cst_ligand,4520,0.198923
5cst_ligand,4521,0.307331
5cst_ligand,4522,0.24507
5cst_ligand,4523,0.242383
5cst_ligand,4524,0.216288
5cst_ligand,4525,0.352451
5cst_ligand,4526,0.378676
5cst_ligand,4527,0.292901
5cst_ligand,4528,0.261612
5cst_ligand,4529,0.18973
5cst_ligand,4530,0.431883
5cst_ligand,4531,0.253029
5cst_ligand,4532,0.348542
5cst_ligand,4533,0.255161
5cst_ligand,4534,0.282086
5cst_ligand,4535,0.339519
5cst_ligand,4536,0.202727
5cst_ligand,4537,0.407934
5cst_ligand,4538,0.177918
5cst_ligand,4539,0.437935
5cst_ligand,4540,0.216459
5cst_ligand,4541,0.179336
5cst_ligand,4542,0.406699
5cst_ligand,4543,0.330037
5cst_ligand,4544,0.293387
5cst_ligand,4545,0.1475
5cst_ligand,4546,0.461984
5cst_ligand,4547,0.263292
5cst_ligand,4548,0.392254
5cst_ligand,4549,0.311078
5cst_ligand,4550,0.350626
5cst_ligand,4551,0.209114
5cst_ligand,4552,0.521334
5cst_ligand,4553,0.304964
5cst_ligand,4554,0.258144
5cst_ligand,4555,0.220391
5cst_ligand,4556,0.429598
5cst_ligand,4557,0.352594
5cst_ligand,4558,0.261988
5cst_ligand,4559,0.475369
5cst_ligand,4560,0.260225
5cst_ligand,4561,0.252336
5cst_ligand,4562,0.370283
5cst_ligand,4563,0.319716
5cst_ligand,4564,0.164517
5cst_ligand,4565,0.457063
5cst_ligand,4566,0.29471
5cst_ligand,4567,0.57403
5cst_ligand,4568,0.238427
5cst_ligand,4569,0.217071
5cst_ligand,4570,0.34765
5cst_ligand,4571,0.311795
5cst_ligand,4572,0.283088
5cst_ligand,4573,0.224382
5cst_ligand,4574,0.392684
5cst_ligand,4575,0.328288
5cst_ligand,4576,0.273849
5cst_ligand,4577,0.256208
5cst_ligand,4578,0.224131
5cst_ligand,4579,0.408627
5cst_ligand,4580,0.343511
5cst_ligand,4581,0.218118
5cst_ligand,4582,0.444138
5cst_ligand,4583,0.34387
5cst_ligand,4584,0.30974
5cst_ligand,4585,0.265413
5cst_ligand,4586,0.204446
5cst_ligand,4587,0.20923
5cst_ligand,4588,0.423831
5cst_ligand,4589,0.163753
5cst_ligand,4590,0.430645
5cst_ligand,4591,0.36222
5cst_ligand,4592,0.275349
5cst_ligand,4593,0.44679
5cst_ligand,4594,0.270074
5cst_ligand,4595,0.503146
5cst_ligand,4596,0.409708
5cst_ligand,4597,0.425753
5cst_ligand,4598,0.168353
5cst_ligand,4599,0.479128
5cst_ligand,4600,0.164537
5cst_ligand,4601,0.558122
5cst_ligand,4602,0.210767
5cst_ligand,4603,0.593127
5cst_ligand,4604,0.249946
5cst_ligand,4605,0.280646
5cst_ligand,4606,0.255495
5cst_ligand,4607,0.3035
5cst_ligand,4608,0.301453
5cst_ligand,4609,0.331803
5cst_ligand,4610,0.225653
5cst_ligand,4611,0.38725
5cst_ligand,4612,0.263935
5cst_ligand,4613,0.292775
5cst_ligand,4614,0.212435
5cst_ligand,4615,0.455587
5cst_ligand,4616,0.144212
5cst_ligand,4617,0.460568
5cst_ligand,4618,0.28203
5cst_ligand,4619,0.328239
5cst_ligand,4620,0.215696
5cst_ligand,4621,0.405147
5cst_ligand,4622,0.243546
5cst_ligand,4623,0.501615
5cst_ligand,4624,0.187384
5cst_ligand,4625,0.422093
5cst_ligand,4626,0.280296
5cst_ligand,4627,0.283623
5cst_ligand,4628,0.305024
5cst_ligand,4629,0.396426
5cst_ligand,4630,0.187857
5cst_ligand,4631,0.491488
5cst_ligand,4632,0.293994
5cst_ligand,4633,0.349805
5cst_ligand,4634,0.140563
5cst_ligand,4635,0.538901
5cst_ligand,4636,0.356286
5cst_ligand,4637,0.331473
5cst_ligand,4638,0.379084
5cst_ligand,4639,0.224199
5cst_ligand,4640,0.44213
5cst_ligand,4641,0.144504
5cst_ligand,4642,0.475341
5cst_ligand,4643,0.422094
5cst_ligand,4644,0.372641
5cst_ligand,4645,0.2813
5cst_ligand,4646,0.317032
5cst_ligand,4647,0.383987
5cst_ligand,4648,0.258932
5cst_ligand,4649,0.42122
5cst_ligand,4650,0.236071
5cst_ligand,4651,0.475486
5cst_ligand,4652,0.280508
5cst_ligand,4653,0.362959
5cst_ligand,4654,0.175136
5cst_ligand,4655,0.434446
5cst_ligand,4656,0.156695
5cst_ligand,4657,0.478108
5cst_ligand,4658,0.295262
5cst_ligand,4659,0.339258
5cst_ligand,4660,0.22615
5cst_ligand,4661,0.394575
5cst_ligand,4662,0.232757
5cst_ligand,4663,0.51677
5cst_ligand,4664,0.284887
5cst_ligand,4665,0.364248
5cst_ligand,4666,0.183082
5cst_ligand,4667,0.458579
5cst_ligand,4668,0.251014
5cst_ligand,4669,0.569867
5cst_ligand,4670,0.237611
5cst_ligand,4671,0.535876
5cst_ligand,4672,0.272123
5cst_ligand,4673,0.633387
5cst_ligand,4674,0.306869
5cst_ligand,4675,0.393228
5cst_ligand,4676,0.230451
5cst_ligand,4677,0.40954
5cst_ligand,4678,0.261246
5cst_ligand,4679,0.235345
5cst_ligand,4680,0.226872
5cst_ligand,4681,0.336074
5cst_ligand,4682,0.298103
5cst_ligand,4683,0.266736
5cst_ligand,4684,0.241934
5cst_ligand,4685,0.22702
5cst_ligand,4686,0.3195
5cst_ligand,4687,0.310082
5cst_ligand,4688,0.316649
5cst_ligand,4689,0.214957
5cst_ligand,4690,0.383035
5cst_ligand,4691,0.20637
5cst_ligand,4692,0.403698
5cst_ligand,4693,0.310324
5cst_ligand,4694,0.297507
5cst_ligand,4695,0.186254
5cst_ligand,4696,0.503117
5cst_ligand,4697,0.153706
5cst_ligand,4698,0.463077
5cst_ligand,4699,0.27519
5cst_ligand,4700,0.265796
5cst_ligand,4701,0.392049
5cst_ligand,4702,0.28471
5cst_ligand,4703,0.240439
5cst_ligand,4704,0.42219
5cst_ligand,4705,0.319622
5cst_ligand,4706,0.256368
5cst_ligand,4707,0.340728
5cst_ligand,4708,0.359319
5cst_ligand,4709,0.341644
5cst_ligand,4710,0.108524
5cst_ligand,4711,0.523775
5cst_ligand,4712,0.352066
5cst_ligand,4713,0.336833
5cst_ligand,4714,0.383059
5cst_ligand,4715,0.287846
5cst_ligand,4716,0.34848
5cst_ligand,4717,0.149621
5cst_ligand,4718,0.408291
5cst_ligand,4719,0.241192
5cst_ligand,4720,0.437538
5cst_ligand,4721,0.226853
5cst_ligand,4722,0.485422
5cst_ligand,4723,0.201568
5cst_ligand,4724,0.480056
5cst_ligand,4725,0.358931
5cst_ligand,4726,0.511234
5cst_ligand,4727,0.245945
5cst_ligand,4728,0.308616
5cst_ligand,4729,0.244466
5cst_ligand,4730,0.337422
5cst_ligand,4731,0.315384
5cst_ligand,4732,0.290421
5cst_ligand,4733,0.258895
5cst_ligand,4734,0.267345
5cst_ligand,4735,0.356648
5cst_ligand,4736,0.26926
5cst_ligand,4737,0.366713
5cst_ligand,4738,0.253961
5cst_ligand,4739,0.379255
5cst_ligand,4740,0.232974
5cst_ligand,4741,0.199089
5cst_ligand,4742,0.40602
5cst_ligand,4743,0.307597
5cst_ligand,4744,0.246951
5cst_ligand,4745,0.333634
5cst_ligand,4746,0.342111
5cst_ligand,4747,0.324836
5cst_ligand,4748,0.0792158
5cst_ligand,4749,0.481652
5cst_ligand,4750,0.33073
5cst_ligand,4751,0.331077
5cst_ligand,4752,0.38582
5cst_ligand,4753,0.145169
5cst_ligand,4754,0.450506
5cst_ligand,4755,0.198027
5cst_ligand,4756,0.458969
5cst_ligand,4757,0.280038
5cst_ligand,4758,0.3671
5cst_ligand,4759,0.208376
5cst_ligand,4760,0.427895
5cst_ligand,4761,0.27005
5cst_ligand,4762,0.23099
5cst_ligand,4763,0.215098
5cst_ligand,4764,0.383507
5cst_ligand,4765,0.273021
5cst_ligand,4766,0.403668
5cst_ligand,4767,0.180354
5cst_ligand,4768,0.412819
5cst_ligand,4769,0.298156
5cst_ligand,4770,0.186017
5cst_ligand,4771,0.46078
5cst_ligand,4772,0.315006
5cst_ligand,4773,0.563163
5cst_ligand,4774,0.287135
5cst_ligand,4775,0.38965
5cst_ligand,4776,0.267301
5cst_ligand,4777,0.369163
5cst_ligand,4778,0.241082
5cst_ligand,4779,0.363036
5cst_ligand,4780,0.306101
5cst_ligand,4781,0.272217
5cst_ligand,4782,0.238633
5cst_ligand,4783,0.348034
5cst_ligand,4784,0.300044
5cst_ligand,4785,0.252106
5cst_ligand,4786,0.217246
5cst_ligand,4787,0.416849
5cst_ligand,4788,0.313967
5cst_ligand,4789,0.269821
5cst_ligand,4790,0.267319
5cst_ligand,4791,0.377642
5cst_ligand,4792,0.37835
5cst_ligand,4793,0.237848
5cst_ligand,4794,0.441208
5cst_ligand,4795,0.1983
5cst_ligand,4796,0.502916
5cst_ligand,4797,0.261205
5cst_ligand,4798,0.169443
5cst_ligand,4799,0.504426
5cst_ligand,4800,0.16318
5cst_ligand,4801,0.379731
5cst_ligand,4802,0.240131
5cst_ligand,4803,0.536706
5cst_ligand,4804,0.134336
5cst_ligand,4805,0.547319
5cst_ligand,4806,0.297835
5cst_ligand,4807,0.423451
5cst_ligand,4808,0.266295
5cst_ligand,4809,0.367091
5cst_ligand,4810,0.187901
5cst_ligand,4811,0.435768
5cst_ligand,4812,0.277115
5cst_ligand,4813,0.365771
5cst_ligand,4814,0.128791
5cst_ligand,4815,0.36358
5cst_ligand,4816,0.329342
5cst_ligand,4817,0.0604997
5cst_ligand,4818,0.449124
5cst_ligand,4819,0.26758
5cst_ligand,4820,0.347592
5cst_ligand,4821,0.209842
5cst_ligand,4822,0.396429
5cst_ligand,4823,0.275737
5cst_ligand,4824,0.338601
5cst_ligand,4825,0.228822
5cst_ligand,4826,0.423259
5cst_ligand,4827,0.197738
5cst_ligand,4828,0.508736
5cst_ligand,4829,0.248284
5cst_ligand,4830,0.307196
5cst_ligand,4831,0.205852
5cst_ligand,4832,0.471958
5cst_ligand,4833,0.234292
5cst_ligand,4834,0.392629
5cst_ligand,4835,0.302721
5cst_ligand,4836,0.316203
5cst_ligand,4837,0.234775
5cst_ligand,4838,0.425323
5cst_ligand,4839,0.207677
5cst_ligand,4840,0.434161
5cst_ligand,4841,0.33257
5cst_ligand,4842,0.260583
5cst_ligand,4843,0.0745431
5cst_ligand,4844,0.519657
5cst_ligand,4845,0.320778
5cst_ligand,4846,0.244648
5cst_ligand,4847,0.28501
5cst_ligand,4848,0.329732
5cst_ligand,4849,0.326718
5cst_ligand,4850,0.149153
5cst_ligand,4851,0.516106
5cst_ligand,4852,0.359729
5cst_ligand,4853,0.390565
5cst_ligand,4854,0.216679
5cst_ligand,4855,0.347005
5cst_ligand,4856,0.222255
5cst_ligand,4857,0.204867
5cst_ligand,4858,0.363281
5cst_ligand,4859,0.319223
5cst_ligand,4860,0.274226
5cst_ligand,4861,0.240614
5cst_ligand,4862,0.237073
5cst_ligand,4863,0.365443
5cst_ligand,4864,0.272105
5cst_ligand,4865,0.256426
5cst_ligand,4866,0.247819
5cst_ligand,4867,0.333874
5cst_ligand,4868,0.405139
5cst_ligand,4869,0.287079
5cst_ligand,4870,0.409745
5cst_ligand,4871,0.303833
5cst_ligand,4872,0.339364
5cst_ligand,4873,0.325168
5cst_ligand,4874,0.279299
5cst_ligand,4875,0.123169
5cst_ligand,4876,0.480932
5cst_ligand,4877,0.235187
5cst_ligand,4878,0.33506
5cst_ligand,4879,0.308004
5cst_ligand,4880,0.282152
5cst_ligand,4881,0.255173
5cst_ligand,4882,0.232418
5cst_ligand,4883,0.21814
5cst_ligand,4884,0.36113
5cst_ligand,4885,0.324192
5cst_ligand,4886,0.268061
5cst_ligand,4887,0.249162
5cst_ligand,4888,0.234075
5cst_ligand,4889,0.353364
5cst_ligand,4890,0.319427
5cst_ligand,4891,0.287322
5cst_ligand,4892,0.24546
5cst_ligand,4893,0.227993
5cst_ligand,4894,0.196697
5cst_ligand,4895,0.409939
5cst_ligand,4896,0.384599
5cst_ligand,4897,0.191515
5cst_ligand,4898,0.371467
5cst_ligand,4899,0.203937
5cst_ligand,4900,0.434342
5cst_ligand,4901,0.136666
5cst_ligand,4902,0.544732
5cst_ligand,4903,0.285324
5cst_ligand,4904,0.36546
5cst_ligand,4905,0.367835
5cst_ligand,4906,0.156981
5cst_ligand,4907,0.413121
5cst_ligand,4908,0.251121
5cst_ligand,4909,0.31877
5cst_ligand,4910,0.289448
5cst_ligand,4911,0.325762
5cst_ligand,4912,0.227942
5cst_ligand,4913,0.401985
5cst_ligand,4914,0.22208
5cst_ligand,4915,0.500684
5cst_ligand,4916,0.305387
5cst_ligand,4917,0.367139
5cst_ligand,4918,0.194367
5cst_ligand,4919,0.441417
5cst_ligand,4920,0.36167
5cst_ligand,4921,0.461322
5cst_ligand,4922,0.222443
5cst_ligand,4923,0.315092
5cst_ligand,4924,0.266196
5cst_ligand,4925,0.254618
5cst_ligand,4926,0.244836
5cst_ligand,4927,0.343336
5cst_ligand,4928,0.385635
5cst_ligand,4929,0.300479
5cst_ligand,4930,0.273398
5cst_ligand,4931,0.137131
5cst_ligand,4932,0.451199
5cst_ligand,4933,0.278108
5cst_ligand,4934,0.245982
5cst_ligand,4935,0.127057
5cst_ligand,4936,0.451455
5cst_ligand,4937,0.266987
5cst_ligand,4938,0.251103
5cst_ligand,4939,0.187196
5cst_ligand,4940,0.431551
5cst_ligand,4941,0.283349
5cst_ligand,4942,0.416805
5cst_ligand,4943,0.196572
5cst_ligand,4944,0.411518
5cst_ligand,4945,0.163128
5cst_ligand,4946,0.440902
5cst_ligand,4947,0.115156
5cst_ligand,4948,0.48676
5cst_ligand,4949,0.302894
5cst_ligand,4950,0.250749
5cst_ligand,4951,0.118628
5cst_ligand,4952,0.50186
5cst_ligand,4953,0.31691
5cst_ligand,4954,0.362765
5cst_ligand,4955,0.208672
5cst_ligand,4956,0.560109
5cst_ligand,4957,0.333358
5cst_ligand,4958,0.27546
5cst_ligand,4959,0.125239
5cst_ligand,4960,0.455592
5cst_ligand,4961,0.288116
5cst_ligand,4962,0.365075
5cst_ligand,4963,0.128099
5cst_ligand,4964,0.360052
5cst_ligand,4965,0.318582
5cst_ligand,4966,0.186637
5cst_ligand,4967,0.393946
5cst_ligand,4968,0.316212
5cst_ligand,4969,0.331494
5cst_ligand,4970,0.248922
5cst_ligand,4971,0.348031
5cst_ligand,4972,0.316299
5cst_ligand,4973,0.365394
5cst_ligand,4974,0.240304
5cst_ligand,4975,0.440382
5cst_ligand,4976,0.234425
5cst_ligand,4977,0.527637
5cst_ligand,4978,0.106413
5cst_ligand,4979,0.507519
5cst_ligand,4980,0.378239
5cst_ligand,4981,0.267826
5cst_ligand,4982,0.17974
5cst_ligand,4983,0.536707
5cst_ligand,4984,0.168293
5cst_ligand,4985,0.499602
5cst_ligand,4986,0.285203
5cst_ligand,4987,0.37712
5cst_ligand,4988,0.238583
5cst_ligand,4989,0.430667
5cst_ligand,4990,0.323886
5cst_ligand,4991,0.567482
5cst_ligand,4992,0.269052
5cst_ligand,4993,0.408706
5cst_ligand,4994,0.228753
5cst_ligand,4995,0.277549
5cst_ligand,4996,0.308219
5cst_ligand,4997,0.321202
5cst_ligand,4998,0.171556
5cst_ligand,4999,0.513574
