ligand,iteration,standalone_ls_score
5cst_ligand,0,708719
5cst_ligand,1,648311
5cst_ligand,2,644322
5cst_ligand,3,644394
5cst_ligand,4,642189
5cst_ligand,5,636481
5cst_ligand,6,642198
5cst_ligand,7,619309
5cst_ligand,8,647465
5cst_ligand,9,619984
5cst_ligand,10,568843
5cst_ligand,11,581066
5cst_ligand,12,519434
5cst_ligand,13,533038
5cst_ligand,14,513354
5cst_ligand,15,552559
5cst_ligand,16,509348
5cst_ligand,17,484800
5cst_ligand,18,467071
5cst_ligand,19,477975
5cst_ligand,20,490203
5cst_ligand,21,453831
5cst_ligand,22,442826
5cst_ligand,23,418918
5cst_ligand,24,411686
5cst_ligand,25,420494
5cst_ligand,26,382534
5cst_ligand,27,409508
5cst_ligand,28,360797
5cst_ligand,29,344997
5cst_ligand,30,405882
5cst_ligand,31,313756
5cst_ligand,32,371011
5cst_ligand,33,353749
5cst_ligand,34,383725
5cst_ligand,35,367916
5cst_ligand,36,350338
5cst_ligand,37,335955
5cst_ligand,38,303138
5cst_ligand,39,292764
5cst_ligand,40,354592
5cst_ligand,41,292903
5cst_ligand,42,273340
5cst_ligand,43,242125
5cst_ligand,44,281941
5cst_ligand,45,306304
5cst_ligand,46,314116
5cst_ligand,47,219243
5cst_ligand,48,223763
5cst_ligand,49,215183
5cst_ligand,50,257105
5cst_ligand,51,244108
5cst_ligand,52,213679
5cst_ligand,53,218073
5cst_ligand,54,232487
5cst_ligand,55,246029
5cst_ligand,56,201008
5cst_ligand,57,253622
5cst_ligand,58,181119
5cst_ligand,59,191319
5cst_ligand,60,192534
5cst_ligand,61,221348
5cst_ligand,62,171298
5cst_ligand,63,173829
5cst_ligand,64,207441
5cst_ligand,65,165375
5cst_ligand,66,171575
5cst_ligand,67,200127
5cst_ligand,68,254764
5cst_ligand,69,164049
5cst_ligand,70,171300
5cst_ligand,71,192068
5cst_ligand,72,165949
5cst_ligand,73,165637
5cst_ligand,74,168051
5cst_ligand,75,162603
5cst_ligand,76,143879
5cst_ligand,77,167590
5cst_ligand,78,190160
5cst_ligand,79,165854
5cst_ligand,80,166736
5cst_ligand,81,163710
5cst_ligand,82,188000
5cst_ligand,83,161052
5cst_ligand,84,130150
5cst_ligand,85,134470
5cst_ligand,86,151156
5cst_ligand,87,157203
5cst_ligand,88,174331
5cst_ligand,89,145659
5cst_ligand,90,220881
5cst_ligand,91,147369
5cst_ligand,92,198174
5cst_ligand,93,129590
5cst_ligand,94,149033
5cst_ligand,95,150599
5cst_ligand,96,145441
5cst_ligand,97,164894
5cst_ligand,98,154476
5cst_ligand,99,123785
5cst_ligand,100,126230
5cst_ligand,101,191790
5cst_ligand,102,152270
5cst_ligand,103,163262
5cst_ligand,104,168137
5cst_ligand,105,118232
5cst_ligand,106,126427
5cst_ligand,107,163175
5cst_ligand,108,131678
5cst_ligand,109,152813
5cst_ligand,110,156163
5cst_ligand,111,106263
5cst_ligand,112,114038
5cst_ligand,113,133481
5cst_ligand,114,161105
5cst_ligand,115,115606
5cst_ligand,116,140589
5cst_ligand,117,122183
5cst_ligand,118,145349
5cst_ligand,119,111449
5cst_ligand,120,130041
5cst_ligand,121,119988
5cst_ligand,122,123097
5cst_ligand,123,103306
5cst_ligand,124,117222
5cst_ligand,125,147914
5cst_ligand,126,164933
5cst_ligand,127,131545
5cst_ligand,128,133076
5cst_ligand,129,99315
5cst_ligand,130,128009
5cst_ligand,131,112082
5cst_ligand,132,136044
5cst_ligand,133,103088
5cst_ligand,134,105512
5cst_ligand,135,106097
5cst_ligand,136,122043
5cst_ligand,137,109448
5cst_ligand,138,103688
5cst_ligand,139,115475
5cst_ligand,140,105625
5cst_ligand,141,86237.6
5cst_ligand,142,107767
5cst_ligand,143,133261
5cst_ligand,144,124673
5cst_ligand,145,104664
5cst_ligand,146,138272
5cst_ligand,147,100492
5cst_ligand,148,139288
5cst_ligand,149,110730
5cst_ligand,150,112512
5cst_ligand,151,96002.3
5cst_ligand,152,80381.7
5cst_ligand,153,156684
5cst_ligand,154,99401.9
5cst_ligand,155,62065.2
5cst_ligand,156,60595.5
5cst_ligand,157,66774.4
5cst_ligand,158,103262
5cst_ligand,159,97964.1
5cst_ligand,160,83908.8
5cst_ligand,161,82836.7
5cst_ligand,162,75816.5
5cst_ligand,163,127326
5cst_ligand,164,46133.1
5cst_ligand,165,95917.2
5cst_ligand,166,69900
5cst_ligand,167,156697
5cst_ligand,168,47248.6
5cst_ligand,169,81897.4
5cst_ligand,170,109292
5cst_ligand,171,118811
5cst_ligand,172,84967.4
5cst_ligand,173,101909
5cst_ligand,174,55445.9
5cst_ligand,175,78836.6
5cst_ligand,176,104080
5cst_ligand,177,137968
5cst_ligand,178,74370
5cst_ligand,179,49628.4
5cst_ligand,180,60057.4
5cst_ligand,181,39956.8
5cst_ligand,182,51874.7
5cst_ligand,183,50906.1
5cst_ligand,184,68967.4
5cst_ligand,185,43068.9
5cst_ligand,186,45667.4
5cst_ligand,187,41272.5
5cst_ligand,188,51706.1
5cst_ligand,189,52840.5
5cst_ligand,190,53235.5
5cst_ligand,191,54105.2
5cst_ligand,192,55382.8
5cst_ligand,193,43783.8
5cst_ligand,194,52207.5
5cst_ligand,195,84089.8
5cst_ligand,196,43986.4
5cst_ligand,197,40916.3
5cst_ligand,198,40011.3
5cst_ligand,199,45409.2
5cst_ligand,200,50764.1
5cst_ligand,201,37351.3
5cst_ligand,202,41961.8
5cst_ligand,203,35826.4
5cst_ligand,204,43912.9
5cst_ligand,205,65672.5
5cst_ligand,206,81631.3
5cst_ligand,207,77855.4
5cst_ligand,208,54019.2
5cst_ligand,209,66649
5cst_ligand,210,37651.4
5cst_ligand,211,36664
5cst_ligand,212,38475.4
5cst_ligand,213,50188.5
5cst_ligand,214,60478.6
5cst_ligand,215,62851.6
5cst_ligand,216,100781
5cst_ligand,217,48701.7
5cst_ligand,218,66422.7
5cst_ligand,219,73835.3
5cst_ligand,220,85707.9
5cst_ligand,221,40179
5cst_ligand,222,49526.4
5cst_ligand,223,48109.6
5cst_ligand,224,60582.6
5cst_ligand,225,73422.9
5cst_ligand,226,72583.5
5cst_ligand,227,63892.3
5cst_ligand,228,109843
5cst_ligand,229,50023.2
5cst_ligand,230,57374.5
5cst_ligand,231,36093.2
5cst_ligand,232,38489.1
5cst_ligand,233,41447.2
5cst_ligand,234,42365.9
5cst_ligand,235,49956
5cst_ligand,236,41459.6
5cst_ligand,237,38844.1
5cst_ligand,238,56355.3
5cst_ligand,239,40841.9
5cst_ligand,240,38301.5
5cst_ligand,241,47766.9
5cst_ligand,242,61323.7
5cst_ligand,243,58761.7
5cst_ligand,244,90597.9
5cst_ligand,245,60789
5cst_ligand,246,70914.3
5cst_ligand,247,52025.9
5cst_ligand,248,35101.5
5cst_ligand,249,49184.5
5cst_ligand,250,50281.7
5cst_ligand,251,71034
5cst_ligand,252,90558.9
5cst_ligand,253,43878.2
5cst_ligand,254,39548.4
5cst_ligand,255,56509.6
5cst_ligand,256,85917.5
5cst_ligand,257,44462.3
5cst_ligand,258,54306.1
5cst_ligand,259,46282.5
5cst_ligand,260,72573.8
5cst_ligand,261,65033.4
5cst_ligand,262,93214.2
5cst_ligand,263,50107.9
5cst_ligand,264,65780.4
5cst_ligand,265,43630.5
5cst_ligand,266,40130.7
5cst_ligand,267,43526.4
5cst_ligand,268,56068.4
5cst_ligand,269,66827.9
5cst_ligand,270,73348
5cst_ligand,271,50097.7
5cst_ligand,272,67564.1
5cst_ligand,273,46503.3
5cst_ligand,274,38935.4
5cst_ligand,275,44289.6
5cst_ligand,276,71539.8
5cst_ligand,277,57902.2
5cst_ligand,278,84121.3
5cst_ligand,279,66112.8
5cst_ligand,280,88026.9
5cst_ligand,281,100379
5cst_ligand,282,137602
5cst_ligand,283,59240
5cst_ligand,284,74271.8
5cst_ligand,285,36093.2
5cst_ligand,286,57564.5
5cst_ligand,287,42846.3
5cst_ligand,288,36877.1
5cst_ligand,289,33126.9
5cst_ligand,290,48462.5
5cst_ligand,291,48753.1
5cst_ligand,292,58562.5
5cst_ligand,293,47957.8
5cst_ligand,294,37683.1
5cst_ligand,295,45414.8
5cst_ligand,296,61364.4
5cst_ligand,297,60214.6
5cst_ligand,298,74813.1
5cst_ligand,299,71692.5
5cst_ligand,300,78920
5cst_ligand,301,45807.9
5cst_ligand,302,40338.3
5cst_ligand,303,69322.3
5cst_ligand,304,92647.5
5cst_ligand,305,79033.9
5cst_ligand,306,110941
5cst_ligand,307,45446.1
5cst_ligand,308,39143.6
5cst_ligand,309,57009.6
5cst_ligand,310,84266.5
5cst_ligand,311,63652.7
5cst_ligand,312,95039
5cst_ligand,313,54152.6
5cst_ligand,314,71304.6
5cst_ligand,315,62977.9
5cst_ligand,316,50256.6
5cst_ligand,317,50568.6
5cst_ligand,318,71115.7
5cst_ligand,319,55859
5cst_ligand,320,94762.9
5cst_ligand,321,56022.6
5cst_ligand,322,73989.1
5cst_ligand,323,47722.2
5cst_ligand,324,33993.9
5cst_ligand,325,42494.5
5cst_ligand,326,40902.9
5cst_ligand,327,69660.4
5cst_ligand,328,78672.4
5cst_ligand,329,46739.4
5cst_ligand,330,42942.6
5cst_ligand,331,63647.6
5cst_ligand,332,79242.2
5cst_ligand,333,52644.6
5cst_ligand,334,81348.1
5cst_ligand,335,47284.3
5cst_ligand,336,40778.6
5cst_ligand,337,87189.5
5cst_ligand,338,138357
5cst_ligand,339,57646.7
5cst_ligand,340,55504.1
5cst_ligand,341,36908.6
5cst_ligand,342,50121.3
5cst_ligand,343,52625.5
5cst_ligand,344,59988.8
5cst_ligand,345,52599.8
5cst_ligand,346,65603.6
5cst_ligand,347,72227.4
5cst_ligand,348,70369.3
5cst_ligand,349,45111
5cst_ligand,350,37454.4
5cst_ligand,351,51157.5
5cst_ligand,352,76842.5
5cst_ligand,353,49650.6
5cst_ligand,354,71539.1
5cst_ligand,355,47443.4
5cst_ligand,356,64211.5
5cst_ligand,357,60618.8
5cst_ligand,358,47857.6
5cst_ligand,359,54537.5
5cst_ligand,360,61675.2
5cst_ligand,361,63515.6
5cst_ligand,362,62615
5cst_ligand,363,49539
5cst_ligand,364,39263.8
5cst_ligand,365,43782.4
5cst_ligand,366,59283.5
5cst_ligand,367,78137.4
5cst_ligand,368,137136
5cst_ligand,369,64328.5
5cst_ligand,370,75648.1
5cst_ligand,371,83046.4
5cst_ligand,372,131044
5cst_ligand,373,36883.7
5cst_ligand,374,44527.1
5cst_ligand,375,36427.3
5cst_ligand,376,36858.8
5cst_ligand,377,48449.5
5cst_ligand,378,33981.5
5cst_ligand,379,36333.2
5cst_ligand,380,46154.6
5cst_ligand,381,69403.6
5cst_ligand,382,46989.4
5cst_ligand,383,58431.2
5cst_ligand,384,56047
5cst_ligand,385,71145.7
5cst_ligand,386,37588.3
5cst_ligand,387,34434.1
5cst_ligand,388,48506.7
5cst_ligand,389,56811.9
5cst_ligand,390,47726.9
5cst_ligand,391,76523.2
5cst_ligand,392,83246.2
5cst_ligand,393,72640.4
5cst_ligand,394,78504.1
5cst_ligand,395,73345.9
5cst_ligand,396,49580.9
5cst_ligand,397,43677.2
5cst_ligand,398,47859.1
5cst_ligand,399,36748.4
5cst_ligand,400,47429
5cst_ligand,401,63935.9
5cst_ligand,402,84113.4
5cst_ligand,403,74599.4
5cst_ligand,404,138268
5cst_ligand,405,85114
5cst_ligand,406,152215
5cst_ligand,407,60670.6
5cst_ligand,408,39113.1
5cst_ligand,409,37530.4
5cst_ligand,410,41173.2
5cst_ligand,411,30237
5cst_ligand,412,38791.5
5cst_ligand,413,34782.4
5cst_ligand,414,41623.1
5cst_ligand,415,40212.4
5cst_ligand,416,30270
5cst_ligand,417,31258.9
5cst_ligand,418,38564.9
5cst_ligand,419,41834.8
5cst_ligand,420,59035.3
5cst_ligand,421,65244.7
5cst_ligand,422,76591.8
5cst_ligand,423,64144
5cst_ligand,424,53985.9
5cst_ligand,425,42363.8
5cst_ligand,426,45472.1
5cst_ligand,427,58900.6
5cst_ligand,428,90824.7
5cst_ligand,429,57509.6
5cst_ligand,430,43305.2
5cst_ligand,431,35633.5
5cst_ligand,432,46826.9
5cst_ligand,433,58303.5
5cst_ligand,434,48935.6
5cst_ligand,435,33727.3
5cst_ligand,436,37527.8
5cst_ligand,437,49626.9
5cst_ligand,438,46889.3
5cst_ligand,439,31673.4
5cst_ligand,440,61643.7
5cst_ligand,441,80852.5
5cst_ligand,442,72212.6
5cst_ligand,443,90545.5
5cst_ligand,444,44539.5
5cst_ligand,445,37810
5cst_ligand,446,45988.2
5cst_ligand,447,79286.3
5cst_ligand,448,58404.5
5cst_ligand,449,100736
5cst_ligand,450,47049.6
5cst_ligand,451,35508.5
5cst_ligand,452,41752.3
5cst_ligand,453,40454.6
5cst_ligand,454,47717.3
5cst_ligand,455,44623.5
5cst_ligand,456,58285
5cst_ligand,457,80741.9
5cst_ligand,458,66667.6
5cst_ligand,459,49343.2
5cst_ligand,460,63909.8
5cst_ligand,461,71707
5cst_ligand,462,96014.6
5cst_ligand,463,61921.5
5cst_ligand,464,78376.6
5cst_ligand,465,38967.8
5cst_ligand,466,40907.1
5cst_ligand,467,49830.2
5cst_ligand,468,39182.4
5cst_ligand,469,67966.7
5cst_ligand,470,100874
5cst_ligand,471,59859.1
5cst_ligand,472,72816.5
5cst_ligand,473,55537.9
5cst_ligand,474,88488
5cst_ligand,475,36867.6
5cst_ligand,476,41211.2
5cst_ligand,477,48555.8
5cst_ligand,478,44993.5
5cst_ligand,479,52370.3
5cst_ligand,480,83919.5
5cst_ligand,481,56552.2
5cst_ligand,482,65252.1
5cst_ligand,483,47082.7
5cst_ligand,484,64697.2
5cst_ligand,485,73500.7
5cst_ligand,486,108348
5cst_ligand,487,83063.1
5cst_ligand,488,77943.5
5cst_ligand,489,49042.4
5cst_ligand,490,36466.8
5cst_ligand,491,60379.8
5cst_ligand,492,107226
5cst_ligand,493,42835.6
5cst_ligand,494,32544.7
5cst_ligand,495,39167.1
5cst_ligand,496,55656.5
5cst_ligand,497,67121.3
5cst_ligand,498,88076.1
5cst_ligand,499,41361.6
5cst_ligand,500,32977
5cst_ligand,501,31307.3
5cst_ligand,502,44539
5cst_ligand,503,48750.2
5cst_ligand,504,52563.8
5cst_ligand,505,58402.4
5cst_ligand,506,46479.7
5cst_ligand,507,60600.4
5cst_ligand,508,89910.7
5cst_ligand,509,59048
5cst_ligand,510,45486.6
5cst_ligand,511,31404
5cst_ligand,512,39414.4
5cst_ligand,513,87061.3
5cst_ligand,514,109266
5cst_ligand,515,64755.3
5cst_ligand,516,107230
5cst_ligand,517,68599.3
5cst_ligand,518,59002.2
5cst_ligand,519,88057.8
5cst_ligand,520,57486.2
5cst_ligand,521,43841.9
5cst_ligand,522,41455
5cst_ligand,523,41662.1
5cst_ligand,524,66862.5
5cst_ligand,525,76841.6
5cst_ligand,526,55713.9
5cst_ligand,527,61841.5
5cst_ligand,528,52435.4
5cst_ligand,529,39110.5
5cst_ligand,530,39757.1
5cst_ligand,531,35782.5
5cst_ligand,532,55252.7
5cst_ligand,533,54764.7
5cst_ligand,534,65275.8
5cst_ligand,535,83083.4
5cst_ligand,536,44322.7
5cst_ligand,537,69473.3
5cst_ligand,538,45263
5cst_ligand,539,34553.9
5cst_ligand,540,37973.7
5cst_ligand,541,41669.1
5cst_ligand,542,68128.6
5cst_ligand,543,79706.5
5cst_ligand,544,45268.5
5cst_ligand,545,40502.5
5cst_ligand,546,79369.6
5cst_ligand,547,95099.9
5cst_ligand,548,81256.2
5cst_ligand,549,75028.5
5cst_ligand,550,49767.4
5cst_ligand,551,32564.1
5cst_ligand,552,41020.3
5cst_ligand,553,53287.2
5cst_ligand,554,74579.9
5cst_ligand,555,76457.7
5cst_ligand,556,49840
5cst_ligand,557,81518.3
5cst_ligand,558,40148.6
5cst_ligand,559,36916.7
5cst_ligand,560,61157
5cst_ligand,561,85050
5cst_ligand,562,63670.9
5cst_ligand,563,64484.2
5cst_ligand,564,56490
5cst_ligand,565,66919.4
5cst_ligand,566,59351.7
5cst_ligand,567,44085.2
5cst_ligand,568,70341.8
5cst_ligand,569,119459
5cst_ligand,570,120724
5cst_ligand,571,164172
5cst_ligand,572,41043.3
5cst_ligand,573,54421.5
5cst_ligand,574,39868.8
5cst_ligand,575,38758.5
5cst_ligand,576,65738.8
5cst_ligand,577,80879.4
5cst_ligand,578,42270.5
5cst_ligand,579,33682.8
5cst_ligand,580,57901.9
5cst_ligand,581,49660.4
5cst_ligand,582,89585.2
5cst_ligand,583,60582.5
5cst_ligand,584,76472.6
5cst_ligand,585,77277.8
5cst_ligand,586,62236.9
5cst_ligand,587,67077.2
5cst_ligand,588,59094.1
5cst_ligand,589,53719.6
5cst_ligand,590,51983.4
5cst_ligand,591,96491.3
5cst_ligand,592,137670
5cst_ligand,593,68280.1
5cst_ligand,594,64923.5
5cst_ligand,595,29639.7
5cst_ligand,596,54252.6
5cst_ligand,597,36523.5
5cst_ligand,598,48628.6
5cst_ligand,599,32030.5
5cst_ligand,600,42092.8
5cst_ligand,601,57656.3
5cst_ligand,602,86587.9
5cst_ligand,603,111663
5cst_ligand,604,46805.3
5cst_ligand,605,53957.6
5cst_ligand,606,59986.5
5cst_ligand,607,89448.2
5cst_ligand,608,67172.3
5cst_ligand,609,45343
5cst_ligand,610,45246.6
5cst_ligand,611,55027.1
5cst_ligand,612,72691.3
5cst_ligand,613,78954.9
5cst_ligand,614,41125.3
5cst_ligand,615,33802.3
5cst_ligand,616,45909.6
5cst_ligand,617,30593
5cst_ligand,618,32866.4
5cst_ligand,619,32010.5
5cst_ligand,620,54260.1
5cst_ligand,621,54507.4
5cst_ligand,622,48031.8
5cst_ligand,623,58081.2
5cst_ligand,624,47898.8
5cst_ligand,625,67369
5cst_ligand,626,52542.3
5cst_ligand,627,60383.5
5cst_ligand,628,73624
5cst_ligand,629,78824.2
5cst_ligand,630,62575.4
5cst_ligand,631,94263.3
5cst_ligand,632,50704.2
5cst_ligand,633,55083.7
5cst_ligand,634,46014.5
5cst_ligand,635,58548.5
5cst_ligand,636,47622.9
5cst_ligand,637,56707
5cst_ligand,638,73234.1
5cst_ligand,639,119800
5cst_ligand,640,58715.1
5cst_ligand,641,33523.9
5cst_ligand,642,51667.7
5cst_ligand,643,64971.4
5cst_ligand,644,55117.6
5cst_ligand,645,58702.4
5cst_ligand,646,80449.5
5cst_ligand,647,97546.2
5cst_ligand,648,45695.1
5cst_ligand,649,35469.9
5cst_ligand,650,49616.3
5cst_ligand,651,49634.8
5cst_ligand,652,46155.9
5cst_ligand,653,50474.5
5cst_ligand,654,39914.6
5cst_ligand,655,62550.7
5cst_ligand,656,62846.4
5cst_ligand,657,77134.4
5cst_ligand,658,44162.5
5cst_ligand,659,31817.7
5cst_ligand,660,46252.4
5cst_ligand,661,51624.6
5cst_ligand,662,65385.1
5cst_ligand,663,91333.5
5cst_ligand,664,41591.6
5cst_ligand,665,43206.7
5cst_ligand,666,42798.9
5cst_ligand,667,36160.4
5cst_ligand,668,49091.1
5cst_ligand,669,37401.4
5cst_ligand,670,62738.8
5cst_ligand,671,103085
5cst_ligand,672,80417.2
5cst_ligand,673,86495.3
5cst_ligand,674,47293.1
5cst_ligand,675,32607
5cst_ligand,676,31168.3
5cst_ligand,677,31038.1
5cst_ligand,678,52268.7
5cst_ligand,679,64484.9
5cst_ligand,680,51556.1
5cst_ligand,681,78857.3
5cst_ligand,682,56839
5cst_ligand,683,84421.3
5cst_ligand,684,39902.8
5cst_ligand,685,60127.9
5cst_ligand,686,44806.5
5cst_ligand,687,45524.3
5cst_ligand,688,41934.6
5cst_ligand,689,63876.9
5cst_ligand,690,90609
5cst_ligand,691,40828.1
5cst_ligand,692,41157.7
5cst_ligand,693,43019
5cst_ligand,694,36031.6
5cst_ligand,695,46264.2
5cst_ligand,696,36096.4
5cst_ligand,697,40724.4
5cst_ligand,698,60768.8
5cst_ligand,699,43327.2
5cst_ligand,700,68649.9
5cst_ligand,701,45417.2
5cst_ligand,702,77550.4
5cst_ligand,703,75679.3
5cst_ligand,704,74185.2
5cst_ligand,705,65292.1
5cst_ligand,706,104024
5cst_ligand,707,59231.8
5cst_ligand,708,81067.4
5cst_ligand,709,68378.1
5cst_ligand,710,67066.3
5cst_ligand,711,51197.9
5cst_ligand,712,61948.2
5cst_ligand,713,53353.8
5cst_ligand,714,58908.1
5cst_ligand,715,44901.3
5cst_ligand,716,42163.5
5cst_ligand,717,62696.5
5cst_ligand,718,52968.9
5cst_ligand,719,50601.8
5cst_ligand,720,62194.7
5cst_ligand,721,73760.9
5cst_ligand,722,46348.9
5cst_ligand,723,42039.3
5cst_ligand,724,44462.1
5cst_ligand,725,65628.8
5cst_ligand,726,78347.3
5cst_ligand,727,85882.3
5cst_ligand,728,79709.8
5cst_ligand,729,106039
5cst_ligand,730,69823.9
5cst_ligand,731,101074
5cst_ligand,732,81325.3
5cst_ligand,733,61217.5
5cst_ligand,734,50537
5cst_ligand,735,50747.8
5cst_ligand,736,69736
5cst_ligand,737,48128.2
5cst_ligand,738,66919.3
5cst_ligand,739,59194.3
5cst_ligand,740,131821
5cst_ligand,741,79674
5cst_ligand,742,78884
5cst_ligand,743,70071.1
5cst_ligand,744,168876
5cst_ligand,745,79920.4
5cst_ligand,746,75984.9
5cst_ligand,747,67266.9
5cst_ligand,748,88154.4
5cst_ligand,749,60376.8
5cst_ligand,750,60246.6
5cst_ligand,751,57093.5
5cst_ligand,752,90185.2
5cst_ligand,753,74036.1
5cst_ligand,754,171180
5cst_ligand,755,46763.8
5cst_ligand,756,72490.9
5cst_ligand,757,43394.5
5cst_ligand,758,32581.3
5cst_ligand,759,32155.6
5cst_ligand,760,43545.9
5cst_ligand,761,37241.8
5cst_ligand,762,35180.4
5cst_ligand,763,33475.8
5cst_ligand,764,30398.1
5cst_ligand,765,30382.5
5cst_ligand,766,51146.8
5cst_ligand,767,50881.4
5cst_ligand,768,70527.8
5cst_ligand,769,78999.7
5cst_ligand,770,43907.6
5cst_ligand,771,44177.5
5cst_ligand,772,59400.4
5cst_ligand,773,64991.3
5cst_ligand,774,95012.4
5cst_ligand,775,86250.2
5cst_ligand,776,71542.6
5cst_ligand,777,88868.6
5cst_ligand,778,81867.9
5cst_ligand,779,60984.6
5cst_ligand,780,100470
5cst_ligand,781,86809.1
5cst_ligand,782,53267.2
5cst_ligand,783,42680.7
5cst_ligand,784,39238.5
5cst_ligand,785,73549.8
5cst_ligand,786,86846.4
5cst_ligand,787,54535.7
5cst_ligand,788,61411.3
5cst_ligand,789,64827.7
5cst_ligand,790,92819.3
5cst_ligand,791,53982.1
5cst_ligand,792,65295.1
5cst_ligand,793,44236.2
5cst_ligand,794,36510.2
5cst_ligand,795,52599.1
5cst_ligand,796,38376
5cst_ligand,797,47732.1
5cst_ligand,798,71680.4
5cst_ligand,799,49241.1
5cst_ligand,800,58333.4
5cst_ligand,801,43717
5cst_ligand,802,56163.9
5cst_ligand,803,50407
5cst_ligand,804,31607
5cst_ligand,805,36841.5
5cst_ligand,806,31521.4
5cst_ligand,807,36597.7
5cst_ligand,808,32261.7
5cst_ligand,809,35888.1
5cst_ligand,810,51708.7
5cst_ligand,811,50273
5cst_ligand,812,65130.1
5cst_ligand,813,56073
5cst_ligand,814,39101.1
5cst_ligand,815,33254
5cst_ligand,816,37751.9
5cst_ligand,817,35025.9
5cst_ligand,818,37461.8
5cst_ligand,819,33091.8
5cst_ligand,820,36078.3
5cst_ligand,821,36150.5
5cst_ligand,822,59308.3
5cst_ligand,823,83427.7
5cst_ligand,824,79659.7
5cst_ligand,825,94287.7
5cst_ligand,826,53219.6
5cst_ligand,827,45213
5cst_ligand,828,39508.8
5cst_ligand,829,31373.6
5cst_ligand,830,31791.2
5cst_ligand,831,37780.8
5cst_ligand,832,66092.5
5cst_ligand,833,45214.1
5cst_ligand,834,50423.1
5cst_ligand,835,79886.9
5cst_ligand,836,64645.1
5cst_ligand,837,49307.4
5cst_ligand,838,38962
5cst_ligand,839,38987.7
5cst_ligand,840,37090.4
5cst_ligand,841,45901.5
5cst_ligand,842,73463.2
5cst_ligand,843,49445.3
5cst_ligand,844,66303.5
5cst_ligand,845,47811.1
5cst_ligand,846,68499
5cst_ligand,847,60023.5
5cst_ligand,848,35506.9
5cst_ligand,849,33108.7
5cst_ligand,850,66078.9
5cst_ligand,851,73253.2
5cst_ligand,852,93601.5
5cst_ligand,853,85867.4
5cst_ligand,854,65694.6
5cst_ligand,855,72157.1
5cst_ligand,856,53755.7
5cst_ligand,857,67949
5cst_ligand,858,62037.4
5cst_ligand,859,86379.4
5cst_ligand,860,58899.3
5cst_ligand,861,96323
5cst_ligand,862,41724.7
5cst_ligand,863,36236.8
5cst_ligand,864,35780.9
5cst_ligand,865,56821.2
5cst_ligand,866,78357.4
5cst_ligand,867,61713.5
5cst_ligand,868,75175.9
5cst_ligand,869,62822.6
5cst_ligand,870,75485.9
5cst_ligand,871,62197.1
5cst_ligand,872,78489.3
5cst_ligand,873,52787.8
5cst_ligand,874,40777.7
5cst_ligand,875,41084.4
5cst_ligand,876,63623.2
5cst_ligand,877,109567
5cst_ligand,878,82814.1
5cst_ligand,879,167862
5cst_ligand,880,60953.4
5cst_ligand,881,44787.9
5cst_ligand,882,38709.9
5cst_ligand,883,43293.7
5cst_ligand,884,40030
5cst_ligand,885,48268.5
5cst_ligand,886,47611.4
5cst_ligand,887,52313.4
5cst_ligand,888,40565.2
5cst_ligand,889,66863.3
5cst_ligand,890,73013.2
5cst_ligand,891,51954
5cst_ligand,892,61140.8
5cst_ligand,893,42341
5cst_ligand,894,49432.8
5cst_ligand,895,41262.7
5cst_ligand,896,40109.8
5cst_ligand,897,46736.7
5cst_ligand,898,32331.4
5cst_ligand,899,35088.4
5cst_ligand,900,33752
5cst_ligand,901,34279.9
5cst_ligand,902,43948.4
5cst_ligand,903,55519.7
5cst_ligand,904,51563.6
5cst_ligand,905,50629.8
5cst_ligand,906,52369.6
5cst_ligand,907,31771
5cst_ligand,908,32352.5
5cst_ligand,909,43827.8
5cst_ligand,910,32596
5cst_ligand,911,32939.6
5cst_ligand,912,37237.8
5cst_ligand,913,34604.8
5cst_ligand,914,40525.5
5cst_ligand,915,61623.7
5cst_ligand,916,53671.2
5cst_ligand,917,59197.8
5cst_ligand,918,50210.8
5cst_ligand,919,34835.9
5cst_ligand,920,38882.2
5cst_ligand,921,63689.9
5cst_ligand,922,82187.4
5cst_ligand,923,52441.8
5cst_ligand,924,68685.4
5cst_ligand,925,63211.2
5cst_ligand,926,60203.2
5cst_ligand,927,36154.4
5cst_ligand,928,46931
5cst_ligand,929,63984.8
5cst_ligand,930,59945.8
5cst_ligand,931,31614.2
5cst_ligand,932,34236.7
5cst_ligand,933,48976.3
5cst_ligand,934,55680.7
5cst_ligand,935,53957.5
5cst_ligand,936,53140
5cst_ligand,937,44889.3
5cst_ligand,938,54219.4
5cst_ligand,939,77043.3
5cst_ligand,940,88119.9
5cst_ligand,941,67486.5
5cst_ligand,942,96121.7
5cst_ligand,943,65629.7
5cst_ligand,944,54916.8
5cst_ligand,945,37906.2
5cst_ligand,946,49128
5cst_ligand,947,57050.3
5cst_ligand,948,79632.6
5cst_ligand,949,133850
5cst_ligand,950,66736.2
5cst_ligand,951,78157.4
5cst_ligand,952,45092.3
5cst_ligand,953,36920.3
5cst_ligand,954,53761.7
5cst_ligand,955,52893.5
5cst_ligand,956,53616.4
5cst_ligand,957,90321.5
5cst_ligand,958,108310
5cst_ligand,959,140557
5cst_ligand,960,57596.9
5cst_ligand,961,77129.3
5cst_ligand,962,47831.2
5cst_ligand,963,37014.3
5cst_ligand,964,54318.3
5cst_ligand,965,70686.5
5cst_ligand,966,77146.2
5cst_ligand,967,87245.6
5cst_ligand,968,39207.9
5cst_ligand,969,37381.5
5cst_ligand,970,43478.8
5cst_ligand,971,61701.3
5cst_ligand,972,61078.4
5cst_ligand,973,66271.8
5cst_ligand,974,68939.8
5cst_ligand,975,48582.7
5cst_ligand,976,48694
5cst_ligand,977,72419.2
5cst_ligand,978,49618.1
5cst_ligand,979,92821
5cst_ligand,980,48372.2
5cst_ligand,981,32975.6
5cst_ligand,982,42273.3
5cst_ligand,983,32653.3
5cst_ligand,984,31004.8
5cst_ligand,985,31173
5cst_ligand,986,49173.7
5cst_ligand,987,44021.2
5cst_ligand,988,58738.5
5cst_ligand,989,60620.6
5cst_ligand,990,61870.4
5cst_ligand,991,65142.8
5cst_ligand,992,86434.4
5cst_ligand,993,47000.4
5cst_ligand,994,36722
5cst_ligand,995,36602.1
5cst_ligand,996,73433
5cst_ligand,997,83522
5cst_ligand,998,81465.4
5cst_ligand,999,97903.6
5cst_ligand,1000,100903
5cst_ligand,1001,150348
5cst_ligand,1002,114369
5cst_ligand,1003,106348
5cst_ligand,1004,50490.7
5cst_ligand,1005,71241
5cst_ligand,1006,48495.4
5cst_ligand,1007,40517.8
5cst_ligand,1008,40984.2
5cst_ligand,1009,68979.8
5cst_ligand,1010,50853.9
5cst_ligand,1011,38334.4
5cst_ligand,1012,54436.5
5cst_ligand,1013,40175.1
5cst_ligand,1014,45012.9
5cst_ligand,1015,32700.2
5cst_ligand,1016,44638.2
5cst_ligand,1017,63402.2
5cst_ligand,1018,68844.8
5cst_ligand,1019,116090
5cst_ligand,1020,48867.5
5cst_ligand,1021,59141.8
5cst_ligand,1022,55452.1
5cst_ligand,1023,77485.7
5cst_ligand,1024,71021.3
5cst_ligand,1025,39702.6
5cst_ligand,1026,43152.5
5cst_ligand,1027,37887.5
5cst_ligand,1028,65068.7
5cst_ligand,1029,71254.1
5cst_ligand,1030,39867.3
5cst_ligand,1031,38539.8
5cst_ligand,1032,35078.1
5cst_ligand,1033,31429.5
5cst_ligand,1034,36160.7
5cst_ligand,1035,32958.5
5cst_ligand,1036,35752.7
5cst_ligand,1037,32917.5
5cst_ligand,1038,33672.3
5cst_ligand,1039,31535.9
5cst_ligand,1040,30363.4
5cst_ligand,1041,31198.1
5cst_ligand,1042,34164.6
5cst_ligand,1043,52748.7
5cst_ligand,1044,87046
5cst_ligand,1045,63044.8
5cst_ligand,1046,124748
5cst_ligand,1047,45504
5cst_ligand,1048,71795.7
5cst_ligand,1049,77137.2
5cst_ligand,1050,64113.2
5cst_ligand,1051,66438.9
5cst_ligand,1052,68362.8
5cst_ligand,1053,79975.4
5cst_ligand,1054,60528.1
5cst_ligand,1055,51625.7
5cst_ligand,1056,36322.2
5cst_ligand,1057,52067
5cst_ligand,1058,77053.1
5cst_ligand,1059,45933.5
5cst_ligand,1060,60973.3
5cst_ligand,1061,48897.8
5cst_ligand,1062,58779
5cst_ligand,1063,43066.6
5cst_ligand,1064,49097.3
5cst_ligand,1065,48941.8
5cst_ligand,1066,37366.7
5cst_ligand,1067,44306.2
5cst_ligand,1068,63155.9
5cst_ligand,1069,44295.4
5cst_ligand,1070,58775.1
5cst_ligand,1071,45259.1
5cst_ligand,1072,39617.9
5cst_ligand,1073,44648.2
5cst_ligand,1074,37853.2
5cst_ligand,1075,81005.3
5cst_ligand,1076,105377
5cst_ligand,1077,72894.3
5cst_ligand,1078,68982
5cst_ligand,1079,38242.9
5cst_ligand,1080,35730.2
5cst_ligand,1081,31132.4
5cst_ligand,1082,31484.4
5cst_ligand,1083,30579.8
5cst_ligand,1084,30315.5
5cst_ligand,1085,29485.8
5cst_ligand,1086,29640
5cst_ligand,1087,31675.1
5cst_ligand,1088,32159.4
5cst_ligand,1089,49202.1
5cst_ligand,1090,66471.3
5cst_ligand,1091,50043.4
5cst_ligand,1092,56905.5
5cst_ligand,1093,50985.1
5cst_ligand,1094,45223.8
5cst_ligand,1095,59085.2
5cst_ligand,1096,40481.3
5cst_ligand,1097,46029.3
5cst_ligand,1098,57535.8
5cst_ligand,1099,53411.4
5cst_ligand,1100,75311.6
5cst_ligand,1101,50499.2
5cst_ligand,1102,72870.5
5cst_ligand,1103,75524.1
5cst_ligand,1104,36583.9
5cst_ligand,1105,35359.1
5cst_ligand,1106,78936.9
5cst_ligand,1107,65821.3
5cst_ligand,1108,48916.2
5cst_ligand,1109,58542.8
5cst_ligand,1110,52024.4
5cst_ligand,1111,34153.9
5cst_ligand,1112,53279.2
5cst_ligand,1113,75605.3
5cst_ligand,1114,41338.6
5cst_ligand,1115,29997.2
5cst_ligand,1116,31693
5cst_ligand,1117,37164.2
5cst_ligand,1118,36386.2
5cst_ligand,1119,37374.6
5cst_ligand,1120,52049.1
5cst_ligand,1121,73941.7
5cst_ligand,1122,128072
5cst_ligand,1123,46396.2
5cst_ligand,1124,48509.1
5cst_ligand,1125,51701.2
5cst_ligand,1126,42300.1
5cst_ligand,1127,47249.2
5cst_ligand,1128,57402.7
5cst_ligand,1129,36303.3
5cst_ligand,1130,37786.4
5cst_ligand,1131,61822.3
5cst_ligand,1132,72201
5cst_ligand,1133,94054.9
5cst_ligand,1134,79564.3
5cst_ligand,1135,41564.2
5cst_ligand,1136,32615.8
5cst_ligand,1137,60089.4
5cst_ligand,1138,85743.9
5cst_ligand,1139,43044.6
5cst_ligand,1140,34335.8
5cst_ligand,1141,47493.7
5cst_ligand,1142,59450.3
5cst_ligand,1143,69232.6
5cst_ligand,1144,73164.6
5cst_ligand,1145,110884
5cst_ligand,1146,77466.1
5cst_ligand,1147,46371.4
5cst_ligand,1148,33808.9
5cst_ligand,1149,48546.6
5cst_ligand,1150,47570.2
5cst_ligand,1151,66366.1
5cst_ligand,1152,56829.3
5cst_ligand,1153,49328.7
5cst_ligand,1154,50403.4
5cst_ligand,1155,46541.1
5cst_ligand,1156,44142.9
5cst_ligand,1157,64505.1
5cst_ligand,1158,56949.2
5cst_ligand,1159,82942.3
5cst_ligand,1160,50678.1
5cst_ligand,1161,74675.7
5cst_ligand,1162,65076.9
5cst_ligand,1163,49169.1
5cst_ligand,1164,49266.2
5cst_ligand,1165,48647.3
5cst_ligand,1166,35074.4
5cst_ligand,1167,50360.1
5cst_ligand,1168,82649.8
5cst_ligand,1169,137091
5cst_ligand,1170,77873.9
5cst_ligand,1171,79990.2
5cst_ligand,1172,47593
5cst_ligand,1173,36943
5cst_ligand,1174,34770.3
5cst_ligand,1175,35393.8
5cst_ligand,1176,40092.2
5cst_ligand,1177,44735
5cst_ligand,1178,43212.1
5cst_ligand,1179,44586
5cst_ligand,1180,45174.3
5cst_ligand,1181,74584.9
5cst_ligand,1182,36762.7
5cst_ligand,1183,37281.5
5cst_ligand,1184,57334.4
5cst_ligand,1185,81730.7
5cst_ligand,1186,43172.2
5cst_ligand,1187,70623.9
5cst_ligand,1188,86533.3
5cst_ligand,1189,66756.2
5cst_ligand,1190,53554.4
5cst_ligand,1191,54558.7
5cst_ligand,1192,80505.4
5cst_ligand,1193,99035.2
5cst_ligand,1194,88498.1
5cst_ligand,1195,139753
5cst_ligand,1196,69879.2
5cst_ligand,1197,105834
5cst_ligand,1198,71813.9
5cst_ligand,1199,50284.1
5cst_ligand,1200,32399.8
5cst_ligand,1201,31938.1
5cst_ligand,1202,31489
5cst_ligand,1203,31954.1
5cst_ligand,1204,39795.6
5cst_ligand,1205,54445.2
5cst_ligand,1206,53593.3
5cst_ligand,1207,48005.3
5cst_ligand,1208,65574.3
5cst_ligand,1209,61322
5cst_ligand,1210,49366.2
5cst_ligand,1211,44832.2
5cst_ligand,1212,40596.2
5cst_ligand,1213,46862.3
5cst_ligand,1214,74901.9
5cst_ligand,1215,106328
5cst_ligand,1216,36031.7
5cst_ligand,1217,43381.7
5cst_ligand,1218,45680.4
5cst_ligand,1219,31932.1
5cst_ligand,1220,30869.8
5cst_ligand,1221,30598.9
5cst_ligand,1222,29856.7
5cst_ligand,1223,32941.2
5cst_ligand,1224,37236
5cst_ligand,1225,43979.1
5cst_ligand,1226,32454.7
5cst_ligand,1227,30588.7
5cst_ligand,1228,29578.5
5cst_ligand,1229,29740.1
5cst_ligand,1230,31954.4
5cst_ligand,1231,55617.3
5cst_ligand,1232,68430.9
5cst_ligand,1233,45769.4
5cst_ligand,1234,34084.4
5cst_ligand,1235,29728.7
5cst_ligand,1236,29641.6
5cst_ligand,1237,37128.6
5cst_ligand,1238,59774.5
5cst_ligand,1239,67737.9
5cst_ligand,1240,105253
5cst_ligand,1241,49073.3
5cst_ligand,1242,39653.3
5cst_ligand,1243,63665.4
5cst_ligand,1244,48847.2
5cst_ligand,1245,57297.4
5cst_ligand,1246,64952.4
5cst_ligand,1247,41021
5cst_ligand,1248,40383.8
5cst_ligand,1249,31033.1
5cst_ligand,1250,32936.6
5cst_ligand,1251,41058
5cst_ligand,1252,48946.5
5cst_ligand,1253,40311
5cst_ligand,1254,40609.7
5cst_ligand,1255,35862.3
5cst_ligand,1256,33359.4
5cst_ligand,1257,32973.2
5cst_ligand,1258,31466.2
5cst_ligand,1259,32440.2
5cst_ligand,1260,48700
5cst_ligand,1261,65364.1
5cst_ligand,1262,67550.9
5cst_ligand,1263,49479.1
5cst_ligand,1264,73897.2
5cst_ligand,1265,39669
5cst_ligand,1266,58826.3
5cst_ligand,1267,78152.5
5cst_ligand,1268,45116.1
5cst_ligand,1269,52067.1
5cst_ligand,1270,47697.2
5cst_ligand,1271,53068.1
5cst_ligand,1272,44838.2
5cst_ligand,1273,52941.3
5cst_ligand,1274,47005.3
5cst_ligand,1275,40797.5
5cst_ligand,1276,32671.2
5cst_ligand,1277,30663.5
5cst_ligand,1278,29867.8
5cst_ligand,1279,30321.6
5cst_ligand,1280,38183.9
5cst_ligand,1281,58765.5
5cst_ligand,1282,40156.2
5cst_ligand,1283,44084.2
5cst_ligand,1284,41269.8
5cst_ligand,1285,45282.2
5cst_ligand,1286,38280.4
5cst_ligand,1287,38663.8
5cst_ligand,1288,54961
5cst_ligand,1289,83348.2
5cst_ligand,1290,65564.6
5cst_ligand,1291,166272
5cst_ligand,1292,76170.6
5cst_ligand,1293,86262.6
5cst_ligand,1294,39000
5cst_ligand,1295,30474.9
5cst_ligand,1296,40566.7
5cst_ligand,1297,37782.3
5cst_ligand,1298,74204.1
5cst_ligand,1299,90077.6
5cst_ligand,1300,38601.1
5cst_ligand,1301,41980.2
5cst_ligand,1302,43096.9
5cst_ligand,1303,44135.2
5cst_ligand,1304,64193.3
5cst_ligand,1305,69604.3
5cst_ligand,1306,54259.7
5cst_ligand,1307,30842.7
5cst_ligand,1308,39440.5
5cst_ligand,1309,31773.6
5cst_ligand,1310,44646.7
5cst_ligand,1311,60102.5
5cst_ligand,1312,57964.4
5cst_ligand,1313,55018.9
5cst_ligand,1314,36269.7
5cst_ligand,1315,36476.4
5cst_ligand,1316,40665.1
5cst_ligand,1317,60708.7
5cst_ligand,1318,60946.4
5cst_ligand,1319,83157.8
5cst_ligand,1320,75837.5
5cst_ligand,1321,69092.2
5cst_ligand,1322,52318.6
5cst_ligand,1323,44871.9
5cst_ligand,1324,52859.2
5cst_ligand,1325,48388.1
5cst_ligand,1326,46514.1
5cst_ligand,1327,37946
5cst_ligand,1328,62740.4
5cst_ligand,1329,46967
5cst_ligand,1330,48612.5
5cst_ligand,1331,41984.1
5cst_ligand,1332,46364.7
5cst_ligand,1333,51472.2
5cst_ligand,1334,64040.7
5cst_ligand,1335,61972.9
5cst_ligand,1336,65360.1
5cst_ligand,1337,53106.1
5cst_ligand,1338,78179.1
5cst_ligand,1339,113237
5cst_ligand,1340,71690.6
5cst_ligand,1341,30245.1
5cst_ligand,1342,31246
5cst_ligand,1343,34970.7
5cst_ligand,1344,35192.4
5cst_ligand,1345,75568.3
5cst_ligand,1346,70123
5cst_ligand,1347,49827.3
5cst_ligand,1348,47301.1
5cst_ligand,1349,46870.5
5cst_ligand,1350,35685.3
5cst_ligand,1351,33698.3
5cst_ligand,1352,70489.6
5cst_ligand,1353,116909
5cst_ligand,1354,49789.3
5cst_ligand,1355,64029.4
5cst_ligand,1356,76749.6
5cst_ligand,1357,47440.3
5cst_ligand,1358,43767
5cst_ligand,1359,41753.9
5cst_ligand,1360,40808.7
5cst_ligand,1361,58067.1
5cst_ligand,1362,50286.8
5cst_ligand,1363,39785.9
5cst_ligand,1364,59687.4
5cst_ligand,1365,51378.4
5cst_ligand,1366,34667.8
5cst_ligand,1367,41715
5cst_ligand,1368,42317.1
5cst_ligand,1369,46246.6
5cst_ligand,1370,43825.5
5cst_ligand,1371,58443.5
5cst_ligand,1372,60603.4
5cst_ligand,1373,63511
5cst_ligand,1374,51393
5cst_ligand,1375,72468.3
5cst_ligand,1376,81307.1
5cst_ligand,1377,112601
5cst_ligand,1378,73647.5
5cst_ligand,1379,45573.6
5cst_ligand,1380,33306
5cst_ligand,1381,56509.5
5cst_ligand,1382,56554.8
5cst_ligand,1383,71220.9
5cst_ligand,1384,72931.9
5cst_ligand,1385,84476.1
5cst_ligand,1386,66880.1
5cst_ligand,1387,55460.3
5cst_ligand,1388,67994.2
5cst_ligand,1389,55258
5cst_ligand,1390,52198.8
5cst_ligand,1391,45920.5
5cst_ligand,1392,55486.1
5cst_ligand,1393,74317.2
5cst_ligand,1394,49955.7
5cst_ligand,1395,65250.2
5cst_ligand,1396,62755.1
5cst_ligand,1397,40770.4
5cst_ligand,1398,44669.6
5cst_ligand,1399,58165.4
5cst_ligand,1400,48570.6
5cst_ligand,1401,43750.9
5cst_ligand,1402,50483
5cst_ligand,1403,45648.5
5cst_ligand,1404,52823.5
5cst_ligand,1405,39814
5cst_ligand,1406,34510.4
5cst_ligand,1407,31914
5cst_ligand,1408,45003.2
5cst_ligand,1409,66151.1
5cst_ligand,1410,62853.5
5cst_ligand,1411,95015.9
5cst_ligand,1412,70328.1
5cst_ligand,1413,80465.2
5cst_ligand,1414,89257.8
5cst_ligand,1415,74870.6
5cst_ligand,1416,53193.2
5cst_ligand,1417,43044.5
5cst_ligand,1418,60331.5
5cst_ligand,1419,94570.3
5cst_ligand,1420,99216.1
5cst_ligand,1421,141676
5cst_ligand,1422,62051.6
5cst_ligand,1423,93096.2
5cst_ligand,1424,38941.2
5cst_ligand,1425,31383
5cst_ligand,1426,31948.5
5cst_ligand,1427,31231.6
5cst_ligand,1428,31918.2
5cst_ligand,1429,30408.7
5cst_ligand,1430,30130.7
5cst_ligand,1431,30318.4
5cst_ligand,1432,32142.7
5cst_ligand,1433,32102.7
5cst_ligand,1434,50228.1
5cst_ligand,1435,59114.5
5cst_ligand,1436,64126.8
5cst_ligand,1437,67406.9
5cst_ligand,1438,75921.8
5cst_ligand,1439,76768.7
5cst_ligand,1440,61077
5cst_ligand,1441,33233
5cst_ligand,1442,30674.8
5cst_ligand,1443,42007.4
5cst_ligand,1444,36461.5
5cst_ligand,1445,41167.9
5cst_ligand,1446,61555.8
5cst_ligand,1447,60679.6
5cst_ligand,1448,75777.4
5cst_ligand,1449,70272.7
5cst_ligand,1450,54821
5cst_ligand,1451,60211.8
5cst_ligand,1452,39583.8
5cst_ligand,1453,50342
5cst_ligand,1454,58420
5cst_ligand,1455,54464.7
5cst_ligand,1456,70985.1
5cst_ligand,1457,82029.6
5cst_ligand,1458,58682.8
5cst_ligand,1459,58392.7
5cst_ligand,1460,82715.9
5cst_ligand,1461,77517.8
5cst_ligand,1462,43503.4
5cst_ligand,1463,51483.5
5cst_ligand,1464,59593.6
5cst_ligand,1465,40829.4
5cst_ligand,1466,49050.3
5cst_ligand,1467,65832
5cst_ligand,1468,53004.4
5cst_ligand,1469,50810.7
5cst_ligand,1470,70370.7
5cst_ligand,1471,71944.2
5cst_ligand,1472,49929.7
5cst_ligand,1473,53871.3
5cst_ligand,1474,147108
5cst_ligand,1475,214203
5cst_ligand,1476,55345.7
5cst_ligand,1477,35709.4
5cst_ligand,1478,43361.6
5cst_ligand,1479,29603.5
5cst_ligand,1480,32079.6
5cst_ligand,1481,32179.9
5cst_ligand,1482,30285.7
5cst_ligand,1483,29631.9
5cst_ligand,1484,29857.9
5cst_ligand,1485,30402.4
5cst_ligand,1486,31682.4
5cst_ligand,1487,31521.1
5cst_ligand,1488,30822.3
5cst_ligand,1489,29564.3
5cst_ligand,1490,30055.4
5cst_ligand,1491,31393.8
5cst_ligand,1492,32560.5
5cst_ligand,1493,42757.8
5cst_ligand,1494,43801
5cst_ligand,1495,47935
5cst_ligand,1496,40788.5
5cst_ligand,1497,50210.4
5cst_ligand,1498,49767.3
5cst_ligand,1499,31986.7
5cst_ligand,1500,48595.9
5cst_ligand,1501,65688.2
5cst_ligand,1502,63508.7
5cst_ligand,1503,81557.3
5cst_ligand,1504,48058.9
5cst_ligand,1505,40779.3
5cst_ligand,1506,60723.7
5cst_ligand,1507,74313.1
5cst_ligand,1508,105570
5cst_ligand,1509,97340.4
5cst_ligand,1510,52650.8
5cst_ligand,1511,42680.5
5cst_ligand,1512,37425.8
5cst_ligand,1513,35139.1
5cst_ligand,1514,34008.7
5cst_ligand,1515,33174.6
5cst_ligand,1516,33303.5
5cst_ligand,1517,33136.9
5cst_ligand,1518,35357.3
5cst_ligand,1519,32268.6
5cst_ligand,1520,34522.1
5cst_ligand,1521,42152
5cst_ligand,1522,35356.4
5cst_ligand,1523,36247.1
5cst_ligand,1524,55372
5cst_ligand,1525,58104.1
5cst_ligand,1526,61151.5
5cst_ligand,1527,61401.3
5cst_ligand,1528,70874.1
5cst_ligand,1529,79378.2
5cst_ligand,1530,85355.8
5cst_ligand,1531,63950.2
5cst_ligand,1532,32529.5
5cst_ligand,1533,31375.6
5cst_ligand,1534,30323.1
5cst_ligand,1535,29806.6
5cst_ligand,1536,29753.7
5cst_ligand,1537,29643.6
5cst_ligand,1538,31305.3
5cst_ligand,1539,31252.4
5cst_ligand,1540,31941.1
5cst_ligand,1541,38131.9
5cst_ligand,1542,47438.3
5cst_ligand,1543,41943.6
5cst_ligand,1544,39961.9
5cst_ligand,1545,35707.3
5cst_ligand,1546,52292.6
5cst_ligand,1547,59113.4
5cst_ligand,1548,49070.5
5cst_ligand,1549,51116.1
5cst_ligand,1550,47429.8
5cst_ligand,1551,53001.5
5cst_ligand,1552,40753.8
5cst_ligand,1553,44825.3
5cst_ligand,1554,38079
5cst_ligand,1555,52283
5cst_ligand,1556,108886
5cst_ligand,1557,52330.8
5cst_ligand,1558,31923.5
5cst_ligand,1559,43635.3
5cst_ligand,1560,68284.3
5cst_ligand,1561,42022.7
5cst_ligand,1562,47709.8
5cst_ligand,1563,39804.4
5cst_ligand,1564,36446
5cst_ligand,1565,57061.4
5cst_ligand,1566,89327.7
5cst_ligand,1567,89695.7
5cst_ligand,1568,71205.3
5cst_ligand,1569,76626.1
5cst_ligand,1570,62675.7
5cst_ligand,1571,52847.8
5cst_ligand,1572,43209.5
5cst_ligand,1573,44238
5cst_ligand,1574,44066.6
5cst_ligand,1575,51701.6
5cst_ligand,1576,69656.1
5cst_ligand,1577,98149
5cst_ligand,1578,42357.4
5cst_ligand,1579,37656.4
5cst_ligand,1580,53513.4
5cst_ligand,1581,41164.7
5cst_ligand,1582,45056.4
5cst_ligand,1583,36050.2
5cst_ligand,1584,40338.8
5cst_ligand,1585,67585.2
5cst_ligand,1586,57452.1
5cst_ligand,1587,86382.4
5cst_ligand,1588,67747.8
5cst_ligand,1589,35729.9
5cst_ligand,1590,53838
5cst_ligand,1591,54363.8
5cst_ligand,1592,58361.1
5cst_ligand,1593,77729.2
5cst_ligand,1594,55146.2
5cst_ligand,1595,38295.2
5cst_ligand,1596,31490.3
5cst_ligand,1597,45631.3
5cst_ligand,1598,35065.1
5cst_ligand,1599,43327.7
5cst_ligand,1600,31335.3
5cst_ligand,1601,35743.9
5cst_ligand,1602,67851
5cst_ligand,1603,40450.8
5cst_ligand,1604,40869
5cst_ligand,1605,38205.9
5cst_ligand,1606,42836.7
5cst_ligand,1607,31260.6
5cst_ligand,1608,38264.7
5cst_ligand,1609,60045.2
5cst_ligand,1610,97554.1
5cst_ligand,1611,94840.7
5cst_ligand,1612,78258.6
5cst_ligand,1613,78175.8
5cst_ligand,1614,61575.8
5cst_ligand,1615,34256.5
5cst_ligand,1616,48479.3
5cst_ligand,1617,58338
5cst_ligand,1618,57846.8
5cst_ligand,1619,38781.3
5cst_ligand,1620,49426.1
5cst_ligand,1621,46354.5
5cst_ligand,1622,100310
5cst_ligand,1623,113799
5cst_ligand,1624,71733.5
5cst_ligand,1625,65469.5
5cst_ligand,1626,55266.7
5cst_ligand,1627,66240.5
5cst_ligand,1628,60820.9
5cst_ligand,1629,37956.6
5cst_ligand,1630,42128.9
5cst_ligand,1631,37003.1
5cst_ligand,1632,53268.6
5cst_ligand,1633,50744.4
5cst_ligand,1634,42822.5
5cst_ligand,1635,70232.7
5cst_ligand,1636,56249.3
5cst_ligand,1637,74002.9
5cst_ligand,1638,70181.6
5cst_ligand,1639,45689.7
5cst_ligand,1640,68160.5
5cst_ligand,1641,79513.6
5cst_ligand,1642,43452.5
5cst_ligand,1643,39275.7
5cst_ligand,1644,47400.5
5cst_ligand,1645,42500.6
5cst_ligand,1646,45375.6
5cst_ligand,1647,41407.6
5cst_ligand,1648,41006.6
5cst_ligand,1649,61278.9
5cst_ligand,1650,37619.9
5cst_ligand,1651,42991.4
5cst_ligand,1652,32723.4
5cst_ligand,1653,40267
5cst_ligand,1654,40830.3
5cst_ligand,1655,47614.7
5cst_ligand,1656,75403
5cst_ligand,1657,44789.9
5cst_ligand,1658,55054.3
5cst_ligand,1659,55721.1
5cst_ligand,1660,37766.1
5cst_ligand,1661,33453.3
5cst_ligand,1662,33323.3
5cst_ligand,1663,31235
5cst_ligand,1664,54069.1
5cst_ligand,1665,57314.3
5cst_ligand,1666,60684.7
5cst_ligand,1667,78799
5cst_ligand,1668,47081.7
5cst_ligand,1669,41248.4
5cst_ligand,1670,48413
5cst_ligand,1671,55045.4
5cst_ligand,1672,44899
5cst_ligand,1673,47449.3
5cst_ligand,1674,61925.3
5cst_ligand,1675,47341.5
5cst_ligand,1676,32249.4
5cst_ligand,1677,43552
5cst_ligand,1678,56499.2
5cst_ligand,1679,123913
5cst_ligand,1680,53765.5
5cst_ligand,1681,70551.3
5cst_ligand,1682,39810.5
5cst_ligand,1683,38233.9
5cst_ligand,1684,35315
5cst_ligand,1685,37600
5cst_ligand,1686,38143.2
5cst_ligand,1687,55595.9
5cst_ligand,1688,46082
5cst_ligand,1689,52206.8
5cst_ligand,1690,43775.2
5cst_ligand,1691,44306.1
5cst_ligand,1692,46820.5
5cst_ligand,1693,37626.6
5cst_ligand,1694,31936.9
5cst_ligand,1695,31622
5cst_ligand,1696,29472
5cst_ligand,1697,29712.5
5cst_ligand,1698,30121.6
5cst_ligand,1699,33870.9
5cst_ligand,1700,48119.5
5cst_ligand,1701,56632.2
5cst_ligand,1702,48285.3
5cst_ligand,1703,48743.7
5cst_ligand,1704,61272.4
5cst_ligand,1705,82892.3
5cst_ligand,1706,56568.4
5cst_ligand,1707,30110.5
5cst_ligand,1708,31459.6
5cst_ligand,1709,30916.1
5cst_ligand,1710,31221.9
5cst_ligand,1711,43932.1
5cst_ligand,1712,45362.9
5cst_ligand,1713,48482.8
5cst_ligand,1714,66416.2
5cst_ligand,1715,60831.8
5cst_ligand,1716,46122.7
5cst_ligand,1717,30721.9
5cst_ligand,1718,29385.4
5cst_ligand,1719,29471.8
5cst_ligand,1720,31489.7
5cst_ligand,1721,33416.9
5cst_ligand,1722,51318.4
5cst_ligand,1723,47559.6
5cst_ligand,1724,40912.6
5cst_ligand,1725,56985.9
5cst_ligand,1726,64315.7
5cst_ligand,1727,67606.5
5cst_ligand,1728,54637.4
5cst_ligand,1729,59035.3
5cst_ligand,1730,57203.1
5cst_ligand,1731,62018.3
5cst_ligand,1732,51996.8
5cst_ligand,1733,70061.2
5cst_ligand,1734,46671.6
5cst_ligand,1735,37557.6
5cst_ligand,1736,35050.5
5cst_ligand,1737,39363.6
5cst_ligand,1738,45495.1
5cst_ligand,1739,49393.4
5cst_ligand,1740,42999.2
5cst_ligand,1741,53176.2
5cst_ligand,1742,59190.5
5cst_ligand,1743,60839.1
5cst_ligand,1744,71083
5cst_ligand,1745,65199.5
5cst_ligand,1746,54405.3
5cst_ligand,1747,44259.4
5cst_ligand,1748,59802.2
5cst_ligand,1749,61044.8
5cst_ligand,1750,105143
5cst_ligand,1751,100897
5cst_ligand,1752,129965
5cst_ligand,1753,143925
5cst_ligand,1754,65442.4
5cst_ligand,1755,69263.3
5cst_ligand,1756,47540.6
5cst_ligand,1757,44326.2
5cst_ligand,1758,47484.8
5cst_ligand,1759,41262.9
5cst_ligand,1760,40696.9
5cst_ligand,1761,33381.5
5cst_ligand,1762,33655.5
5cst_ligand,1763,47405.7
5cst_ligand,1764,35618.5
5cst_ligand,1765,43582.5
5cst_ligand,1766,69418.8
5cst_ligand,1767,50584.1
5cst_ligand,1768,49917.1
5cst_ligand,1769,39797.9
5cst_ligand,1770,36505.6
5cst_ligand,1771,52930.9
5cst_ligand,1772,46179.2
5cst_ligand,1773,33511.1
5cst_ligand,1774,34907.1
5cst_ligand,1775,46411.2
5cst_ligand,1776,53831.1
5cst_ligand,1777,83830.5
5cst_ligand,1778,84261.2
5cst_ligand,1779,73672.4
5cst_ligand,1780,70337.6
5cst_ligand,1781,52577.2
5cst_ligand,1782,43516
5cst_ligand,1783,54977.4
5cst_ligand,1784,49110.6
5cst_ligand,1785,51907.4
5cst_ligand,1786,43159
5cst_ligand,1787,35337.3
5cst_ligand,1788,38904.6
5cst_ligand,1789,72699.3
5cst_ligand,1790,42788
5cst_ligand,1791,60501.5
5cst_ligand,1792,56370.5
5cst_ligand,1793,38460.4
5cst_ligand,1794,33540.9
5cst_ligand,1795,65971
5cst_ligand,1796,57965.1
5cst_ligand,1797,69219.1
5cst_ligand,1798,120159
5cst_ligand,1799,60381.2
5cst_ligand,1800,32554.7
5cst_ligand,1801,30342.7
5cst_ligand,1802,42635.2
5cst_ligand,1803,43238.1
5cst_ligand,1804,32747.8
5cst_ligand,1805,33278
5cst_ligand,1806,42241.3
5cst_ligand,1807,64879.9
5cst_ligand,1808,63289.9
5cst_ligand,1809,61383.5
5cst_ligand,1810,32115.4
5cst_ligand,1811,37160
5cst_ligand,1812,47159.4
5cst_ligand,1813,45816.9
5cst_ligand,1814,44350.6
5cst_ligand,1815,50321.9
5cst_ligand,1816,51731.5
5cst_ligand,1817,56326.7
5cst_ligand,1818,107892
5cst_ligand,1819,65156
5cst_ligand,1820,54367.1
5cst_ligand,1821,35726.3
5cst_ligand,1822,59520.6
5cst_ligand,1823,110238
5cst_ligand,1824,83486.7
5cst_ligand,1825,162396
5cst_ligand,1826,85123.5
5cst_ligand,1827,113326
5cst_ligand,1828,64899.6
5cst_ligand,1829,150833
5cst_ligand,1830,141684
5cst_ligand,1831,235869
5cst_ligand,1832,101718
5cst_ligand,1833,57724.9
5cst_ligand,1834,64691.6
5cst_ligand,1835,110836
5cst_ligand,1836,48816.2
5cst_ligand,1837,38219.5
5cst_ligand,1838,49005.5
5cst_ligand,1839,33586
5cst_ligand,1840,32230.5
5cst_ligand,1841,32807.4
5cst_ligand,1842,32869.6
5cst_ligand,1843,33337.9
5cst_ligand,1844,39875.9
5cst_ligand,1845,37324.1
5cst_ligand,1846,45473.7
5cst_ligand,1847,32198.1
5cst_ligand,1848,42976.7
5cst_ligand,1849,64091.7
5cst_ligand,1850,58784.8
5cst_ligand,1851,70899.1
5cst_ligand,1852,47296.3
5cst_ligand,1853,38062.7
5cst_ligand,1854,41933.4
5cst_ligand,1855,52236.2
5cst_ligand,1856,62481.8
5cst_ligand,1857,94033.5
5cst_ligand,1858,62635.4
5cst_ligand,1859,77002.1
5cst_ligand,1860,50920
5cst_ligand,1861,33557.7
5cst_ligand,1862,45720.1
5cst_ligand,1863,74305
5cst_ligand,1864,42639
5cst_ligand,1865,40335.6
5cst_ligand,1866,51614.2
5cst_ligand,1867,39387.9
5cst_ligand,1868,39137.8
5cst_ligand,1869,45110.9
5cst_ligand,1870,41690.5
5cst_ligand,1871,39619.2
5cst_ligand,1872,65180.4
5cst_ligand,1873,54585.8
5cst_ligand,1874,38542.5
5cst_ligand,1875,49995.3
5cst_ligand,1876,55341.7
5cst_ligand,1877,51546.3
5cst_ligand,1878,43725.8
5cst_ligand,1879,36944.4
5cst_ligand,1880,45253.3
5cst_ligand,1881,70316.1
5cst_ligand,1882,55593.2
5cst_ligand,1883,88591
5cst_ligand,1884,81641.6
5cst_ligand,1885,84096.8
5cst_ligand,1886,42484.1
5cst_ligand,1887,38818.1
5cst_ligand,1888,43490.5
5cst_ligand,1889,37660.7
5cst_ligand,1890,39792.9
5cst_ligand,1891,41682
5cst_ligand,1892,37528.7
5cst_ligand,1893,69012.8
5cst_ligand,1894,56958.8
5cst_ligand,1895,104011
5cst_ligand,1896,107556
5cst_ligand,1897,71045.2
5cst_ligand,1898,44486.9
5cst_ligand,1899,35238.3
5cst_ligand,1900,53063.2
5cst_ligand,1901,74209.9
5cst_ligand,1902,53931.7
5cst_ligand,1903,57911.7
5cst_ligand,1904,39551.4
5cst_ligand,1905,33984.9
5cst_ligand,1906,49003.6
5cst_ligand,1907,71500.1
5cst_ligand,1908,56931.9
5cst_ligand,1909,59053
5cst_ligand,1910,43731.3
5cst_ligand,1911,50222.7
5cst_ligand,1912,51401.6
5cst_ligand,1913,96519.2
5cst_ligand,1914,120732
5cst_ligand,1915,81898.5
5cst_ligand,1916,79102.9
5cst_ligand,1917,45899.8
5cst_ligand,1918,56344.6
5cst_ligand,1919,46808.5
5cst_ligand,1920,42962.7
5cst_ligand,1921,51951.2
5cst_ligand,1922,55803.2
5cst_ligand,1923,50581.5
5cst_ligand,1924,32441.1
5cst_ligand,1925,51141.1
5cst_ligand,1926,69978.2
5cst_ligand,1927,60371.9
5cst_ligand,1928,74359.6
5cst_ligand,1929,64608.4
5cst_ligand,1930,49860.3
5cst_ligand,1931,73375.5
5cst_ligand,1932,43969.2
5cst_ligand,1933,34402
5cst_ligand,1934,34055.9
5cst_ligand,1935,40709.6
5cst_ligand,1936,83936.2
5cst_ligand,1937,133254
5cst_ligand,1938,75259.6
5cst_ligand,1939,84467.2
5cst_ligand,1940,41254.5
5cst_ligand,1941,48218.7
5cst_ligand,1942,43718.7
5cst_ligand,1943,36414.6
5cst_ligand,1944,39154.3
5cst_ligand,1945,40274.2
5cst_ligand,1946,36314.8
5cst_ligand,1947,70767.9
5cst_ligand,1948,46158.1
5cst_ligand,1949,44773.7
5cst_ligand,1950,36403.8
5cst_ligand,1951,42445.1
5cst_ligand,1952,38453.2
5cst_ligand,1953,73165.5
5cst_ligand,1954,52653.9
5cst_ligand,1955,73004.9
5cst_ligand,1956,78079.3
5cst_ligand,1957,31991.1
5cst_ligand,1958,46756.2
5cst_ligand,1959,47569.9
5cst_ligand,1960,67921
5cst_ligand,1961,65814
5cst_ligand,1962,61686.3
5cst_ligand,1963,53252.2
5cst_ligand,1964,50022.3
5cst_ligand,1965,55090.9
5cst_ligand,1966,45551.3
5cst_ligand,1967,56854.1
5cst_ligand,1968,38880
5cst_ligand,1969,49642.5
5cst_ligand,1970,34313.5
5cst_ligand,1971,59380.6
5cst_ligand,1972,64761.5
5cst_ligand,1973,58755.6
5cst_ligand,1974,95509.6
5cst_ligand,1975,65825.8
5cst_ligand,1976,33972.6
5cst_ligand,1977,42937.8
5cst_ligand,1978,34528.4
5cst_ligand,1979,34107.4
5cst_ligand,1980,41099.3
5cst_ligand,1981,63361.7
5cst_ligand,1982,51505.9
5cst_ligand,1983,49914.1
5cst_ligand,1984,78568.9
5cst_ligand,1985,130263
5cst_ligand,1986,51915.7
5cst_ligand,1987,54792.6
5cst_ligand,1988,47058.1
5cst_ligand,1989,55574.3
5cst_ligand,1990,47603.3
5cst_ligand,1991,57266.1
5cst_ligand,1992,122164
5cst_ligand,1993,128850
5cst_ligand,1994,102785
5cst_ligand,1995,234300
5cst_ligand,1996,66643.2
5cst_ligand,1997,49313.5
5cst_ligand,1998,59393.8
5cst_ligand,1999,35473.5
5cst_ligand,2000,32737
5cst_ligand,2001,31708
5cst_ligand,2002,33583.2
5cst_ligand,2003,49897.8
5cst_ligand,2004,34376.5
5cst_ligand,2005,32669
5cst_ligand,2006,31341.6
5cst_ligand,2007,30652.9
5cst_ligand,2008,31653.6
5cst_ligand,2009,32238.5
5cst_ligand,2010,32815.3
5cst_ligand,2011,31790.6
5cst_ligand,2012,41257.7
5cst_ligand,2013,33400.1
5cst_ligand,2014,31470.7
5cst_ligand,2015,30494.8
5cst_ligand,2016,31663.3
5cst_ligand,2017,49125.9
5cst_ligand,2018,66865.7
5cst_ligand,2019,72080.7
5cst_ligand,2020,53569.8
5cst_ligand,2021,39771
5cst_ligand,2022,32438.2
5cst_ligand,2023,42898.6
5cst_ligand,2024,69337
5cst_ligand,2025,40098.8
5cst_ligand,2026,39040
5cst_ligand,2027,34142.6
5cst_ligand,2028,36978.2
5cst_ligand,2029,40492.4
5cst_ligand,2030,57879.6
5cst_ligand,2031,63181.7
5cst_ligand,2032,80268.7
5cst_ligand,2033,75163.4
5cst_ligand,2034,66976.2
5cst_ligand,2035,64479.6
5cst_ligand,2036,93895.9
5cst_ligand,2037,56597.5
5cst_ligand,2038,40765.9
5cst_ligand,2039,77471.8
5cst_ligand,2040,75107.4
5cst_ligand,2041,42961.4
5cst_ligand,2042,31660.6
5cst_ligand,2043,34129.3
5cst_ligand,2044,42780.6
5cst_ligand,2045,43258.7
5cst_ligand,2046,33150.1
5cst_ligand,2047,31300.4
5cst_ligand,2048,30927.6
5cst_ligand,2049,29446.7
5cst_ligand,2050,32086.7
5cst_ligand,2051,33872.3
5cst_ligand,2052,34201.8
5cst_ligand,2053,43159.4
5cst_ligand,2054,47463.7
5cst_ligand,2055,45078.4
5cst_ligand,2056,46764.5
5cst_ligand,2057,37298.1
5cst_ligand,2058,34226.9
5cst_ligand,2059,44305.3
5cst_ligand,2060,49739.7
5cst_ligand,2061,46036.5
5cst_ligand,2062,47576
5cst_ligand,2063,37305.1
5cst_ligand,2064,40439.3
5cst_ligand,2065,55656.2
5cst_ligand,2066,43664.6
5cst_ligand,2067,48646.8
5cst_ligand,2068,38716.6
5cst_ligand,2069,40540
5cst_ligand,2070,61133.3
5cst_ligand,2071,107538
5cst_ligand,2072,125255
5cst_ligand,2073,159220
5cst_ligand,2074,43196.4
5cst_ligand,2075,50741.9
5cst_ligand,2076,66123.2
5cst_ligand,2077,73223
5cst_ligand,2078,79396
5cst_ligand,2079,55653.9
5cst_ligand,2080,38496.2
5cst_ligand,2081,36378.1
5cst_ligand,2082,64328.2
5cst_ligand,2083,61984.3
5cst_ligand,2084,58333.2
5cst_ligand,2085,50129.9
5cst_ligand,2086,60256.7
5cst_ligand,2087,45238.5
5cst_ligand,2088,42172.1
5cst_ligand,2089,50818.9
5cst_ligand,2090,38851.4
5cst_ligand,2091,45914.4
5cst_ligand,2092,79020.3
5cst_ligand,2093,50317
5cst_ligand,2094,52039.2
5cst_ligand,2095,44561.6
5cst_ligand,2096,46336.2
5cst_ligand,2097,51036.4
5cst_ligand,2098,92218.1
5cst_ligand,2099,115993
5cst_ligand,2100,65638.8
5cst_ligand,2101,68985.2
5cst_ligand,2102,55371.8
5cst_ligand,2103,63611.7
5cst_ligand,2104,41237.8
5cst_ligand,2105,31574.8
5cst_ligand,2106,34167.1
5cst_ligand,2107,33801.8
5cst_ligand,2108,31251.4
5cst_ligand,2109,30506.9
5cst_ligand,2110,51814.1
5cst_ligand,2111,71132.9
5cst_ligand,2112,47831.4
5cst_ligand,2113,63021.7
5cst_ligand,2114,48193.6
5cst_ligand,2115,30905.6
5cst_ligand,2116,30917
5cst_ligand,2117,29791.4
5cst_ligand,2118,32428.8
5cst_ligand,2119,34364.6
5cst_ligand,2120,35652.6
5cst_ligand,2121,48051.8
5cst_ligand,2122,67138.7
5cst_ligand,2123,95844.7
5cst_ligand,2124,54778.8
5cst_ligand,2125,58550.3
5cst_ligand,2126,82501.7
5cst_ligand,2127,53221.2
5cst_ligand,2128,67128.8
5cst_ligand,2129,104979
5cst_ligand,2130,33617.8
5cst_ligand,2131,32818
5cst_ligand,2132,33559
5cst_ligand,2133,30748.3
5cst_ligand,2134,30963.6
5cst_ligand,2135,31184.1
5cst_ligand,2136,31849
5cst_ligand,2137,31593.7
5cst_ligand,2138,32489.1
5cst_ligand,2139,38780.4
5cst_ligand,2140,62617.1
5cst_ligand,2141,46307.7
5cst_ligand,2142,40147.3
5cst_ligand,2143,35882.7
5cst_ligand,2144,43973.9
5cst_ligand,2145,72775.6
5cst_ligand,2146,44884.9
5cst_ligand,2147,50936.9
5cst_ligand,2148,42920
5cst_ligand,2149,40737.5
5cst_ligand,2150,52937.6
5cst_ligand,2151,78059.1
5cst_ligand,2152,81984.3
5cst_ligand,2153,48113.6
5cst_ligand,2154,40224.9
5cst_ligand,2155,43363.1
5cst_ligand,2156,48182.2
5cst_ligand,2157,35405.6
5cst_ligand,2158,87222.9
5cst_ligand,2159,83046.8
5cst_ligand,2160,76480
5cst_ligand,2161,68136.6
5cst_ligand,2162,55171.2
5cst_ligand,2163,72782.9
5cst_ligand,2164,92277
5cst_ligand,2165,87900.6
5cst_ligand,2166,108442
5cst_ligand,2167,221233
5cst_ligand,2168,69085.5
5cst_ligand,2169,83195
5cst_ligand,2170,43400.6
5cst_ligand,2171,33588.6
5cst_ligand,2172,52611.8
5cst_ligand,2173,35934
5cst_ligand,2174,40576.9
5cst_ligand,2175,32561.1
5cst_ligand,2176,30352.2
5cst_ligand,2177,31721.8
5cst_ligand,2178,32030.9
5cst_ligand,2179,31209.5
5cst_ligand,2180,31019.4
5cst_ligand,2181,29386.8
5cst_ligand,2182,32612.6
5cst_ligand,2183,59884.3
5cst_ligand,2184,40285.9
5cst_ligand,2185,37595.5
5cst_ligand,2186,29927.2
5cst_ligand,2187,31780.1
5cst_ligand,2188,31443.3
5cst_ligand,2189,31971.3
5cst_ligand,2190,30489.4
5cst_ligand,2191,43464.4
5cst_ligand,2192,68401.8
5cst_ligand,2193,50563.5
5cst_ligand,2194,54743
5cst_ligand,2195,38013.8
5cst_ligand,2196,34352.9
5cst_ligand,2197,42187.5
5cst_ligand,2198,45778.5
5cst_ligand,2199,91634.2
5cst_ligand,2200,76312.5
5cst_ligand,2201,82512.3
5cst_ligand,2202,78826.3
5cst_ligand,2203,47775.2
5cst_ligand,2204,36257
5cst_ligand,2205,41732.4
5cst_ligand,2206,36703.8
5cst_ligand,2207,42452.8
5cst_ligand,2208,58830.3
5cst_ligand,2209,71212.3
5cst_ligand,2210,76774.8
5cst_ligand,2211,80569.8
5cst_ligand,2212,88054.6
5cst_ligand,2213,76477.9
5cst_ligand,2214,72129
5cst_ligand,2215,49634.2
5cst_ligand,2216,54614.5
5cst_ligand,2217,81721.2
5cst_ligand,2218,50567.9
5cst_ligand,2219,56447.9
5cst_ligand,2220,52586
5cst_ligand,2221,41061.1
5cst_ligand,2222,47265.1
5cst_ligand,2223,64173.8
5cst_ligand,2224,46794.8
5cst_ligand,2225,38832.1
5cst_ligand,2226,49817.6
5cst_ligand,2227,44200.2
5cst_ligand,2228,46480.5
5cst_ligand,2229,37191.8
5cst_ligand,2230,45400.8
5cst_ligand,2231,36981.2
5cst_ligand,2232,43622.2
5cst_ligand,2233,30447.8
5cst_ligand,2234,31400.3
5cst_ligand,2235,34009.9
5cst_ligand,2236,32898.2
5cst_ligand,2237,31435.6
5cst_ligand,2238,30885.9
5cst_ligand,2239,32646.3
5cst_ligand,2240,36266.1
5cst_ligand,2241,59030.1
5cst_ligand,2242,65885.5
5cst_ligand,2243,52210.7
5cst_ligand,2244,89031.9
5cst_ligand,2245,86461.7
5cst_ligand,2246,60253.5
5cst_ligand,2247,61251.8
5cst_ligand,2248,72342.9
5cst_ligand,2249,52568.8
5cst_ligand,2250,48587.1
5cst_ligand,2251,91002.2
5cst_ligand,2252,127802
5cst_ligand,2253,58356.6
5cst_ligand,2254,73219.1
5cst_ligand,2255,47807.5
5cst_ligand,2256,33975.5
5cst_ligand,2257,39259.9
5cst_ligand,2258,34471.7
5cst_ligand,2259,41694.2
5cst_ligand,2260,54262
5cst_ligand,2261,63372.5
5cst_ligand,2262,56945.3
5cst_ligand,2263,53030.6
5cst_ligand,2264,39457.9
5cst_ligand,2265,47669.6
5cst_ligand,2266,49629.5
5cst_ligand,2267,46172.3
5cst_ligand,2268,31697.6
5cst_ligand,2269,30442.5
5cst_ligand,2270,34201.5
5cst_ligand,2271,32137.1
5cst_ligand,2272,30716.5
5cst_ligand,2273,30404.8
5cst_ligand,2274,35525.6
5cst_ligand,2275,47509.5
5cst_ligand,2276,46179.8
5cst_ligand,2277,92707.5
5cst_ligand,2278,95861.9
5cst_ligand,2279,53215.2
5cst_ligand,2280,49793.7
5cst_ligand,2281,36969.9
5cst_ligand,2282,44759.6
5cst_ligand,2283,31911.4
5cst_ligand,2284,39833.9
5cst_ligand,2285,66430.4
5cst_ligand,2286,104117
5cst_ligand,2287,45269.5
5cst_ligand,2288,36085.1
5cst_ligand,2289,31845
5cst_ligand,2290,32723.9
5cst_ligand,2291,43742.3
5cst_ligand,2292,60585.2
5cst_ligand,2293,53200
5cst_ligand,2294,64123.2
5cst_ligand,2295,48818.8
5cst_ligand,2296,36499.6
5cst_ligand,2297,48839.3
5cst_ligand,2298,42649.8
5cst_ligand,2299,42150.8
5cst_ligand,2300,39209.6
5cst_ligand,2301,42763.4
5cst_ligand,2302,47359.3
5cst_ligand,2303,33020.5
5cst_ligand,2304,41814.9
5cst_ligand,2305,59345.3
5cst_ligand,2306,62657.8
5cst_ligand,2307,65640.6
5cst_ligand,2308,88312.7
5cst_ligand,2309,61321.5
5cst_ligand,2310,56777
5cst_ligand,2311,62385.4
5cst_ligand,2312,45466.2
5cst_ligand,2313,45872.9
5cst_ligand,2314,50524.4
5cst_ligand,2315,35944.3
5cst_ligand,2316,84167.6
5cst_ligand,2317,83421.5
5cst_ligand,2318,77962.9
5cst_ligand,2319,70298.7
5cst_ligand,2320,47598.2
5cst_ligand,2321,68091.5
5cst_ligand,2322,62084.5
5cst_ligand,2323,42548.6
5cst_ligand,2324,49013.6
5cst_ligand,2325,61473.3
5cst_ligand,2326,46528.1
5cst_ligand,2327,47491.7
5cst_ligand,2328,39459.8
5cst_ligand,2329,37693.7
5cst_ligand,2330,55203.7
5cst_ligand,2331,41770.6
5cst_ligand,2332,52866.7
5cst_ligand,2333,54402.5
5cst_ligand,2334,44751.2
5cst_ligand,2335,72992.6
5cst_ligand,2336,73548.4
5cst_ligand,2337,94805.9
5cst_ligand,2338,88158.2
5cst_ligand,2339,92510.7
5cst_ligand,2340,116028
5cst_ligand,2341,76536.8
5cst_ligand,2342,86989
5cst_ligand,2343,67135.8
5cst_ligand,2344,34456.2
5cst_ligand,2345,82330.4
5cst_ligand,2346,77232.9
5cst_ligand,2347,38974.8
5cst_ligand,2348,32929.1
5cst_ligand,2349,32385.5
5cst_ligand,2350,32318.4
5cst_ligand,2351,32144.9
5cst_ligand,2352,29587.7
5cst_ligand,2353,30082.6
5cst_ligand,2354,31818.7
5cst_ligand,2355,31760.1
5cst_ligand,2356,30968.6
5cst_ligand,2357,29564.2
5cst_ligand,2358,31613.5
5cst_ligand,2359,31806.9
5cst_ligand,2360,31379.9
5cst_ligand,2361,30220.2
5cst_ligand,2362,42477.4
5cst_ligand,2363,67170.9
5cst_ligand,2364,44289.2
5cst_ligand,2365,53725.3
5cst_ligand,2366,37997.3
5cst_ligand,2367,33182.7
5cst_ligand,2368,34251.1
5cst_ligand,2369,41321.9
5cst_ligand,2370,57420.6
5cst_ligand,2371,60693.3
5cst_ligand,2372,88076.1
5cst_ligand,2373,63760
5cst_ligand,2374,89781.5
5cst_ligand,2375,77173.3
5cst_ligand,2376,40567.4
5cst_ligand,2377,32505.7
5cst_ligand,2378,40763.8
5cst_ligand,2379,32072
5cst_ligand,2380,31671.7
5cst_ligand,2381,31936.6
5cst_ligand,2382,32256.7
5cst_ligand,2383,31144.7
5cst_ligand,2384,30602.4
5cst_ligand,2385,29909.7
5cst_ligand,2386,35872.3
5cst_ligand,2387,35038.5
5cst_ligand,2388,42200.1
5cst_ligand,2389,57490.4
5cst_ligand,2390,54360.4
5cst_ligand,2391,62354.4
5cst_ligand,2392,73001.2
5cst_ligand,2393,76855.5
5cst_ligand,2394,63443.6
5cst_ligand,2395,55287.8
5cst_ligand,2396,70942.3
5cst_ligand,2397,53593.7
5cst_ligand,2398,37661.4
5cst_ligand,2399,44523.8
5cst_ligand,2400,32783.8
5cst_ligand,2401,45588.3
5cst_ligand,2402,47222.9
5cst_ligand,2403,43503.9
5cst_ligand,2404,50030.7
5cst_ligand,2405,59825.7
5cst_ligand,2406,74565
5cst_ligand,2407,129603
5cst_ligand,2408,63003.6
5cst_ligand,2409,69532.1
5cst_ligand,2410,49823.9
5cst_ligand,2411,36625.6
5cst_ligand,2412,68870.8
5cst_ligand,2413,78156.7
5cst_ligand,2414,71455.9
5cst_ligand,2415,106176
5cst_ligand,2416,62116.4
5cst_ligand,2417,35854.1
5cst_ligand,2418,37162.1
5cst_ligand,2419,58825
5cst_ligand,2420,74209
5cst_ligand,2421,73654.9
5cst_ligand,2422,53375.2
5cst_ligand,2423,39777.2
5cst_ligand,2424,49298.7
5cst_ligand,2425,46324.9
5cst_ligand,2426,79405.4
5cst_ligand,2427,113432
5cst_ligand,2428,55693.2
5cst_ligand,2429,54690.6
5cst_ligand,2430,33616.2
5cst_ligand,2431,32604.4
5cst_ligand,2432,39062
5cst_ligand,2433,37640.4
5cst_ligand,2434,42532.2
5cst_ligand,2435,32431.1
5cst_ligand,2436,59459.4
5cst_ligand,2437,43962
5cst_ligand,2438,33598.9
5cst_ligand,2439,31273.3
5cst_ligand,2440,30265.7
5cst_ligand,2441,29096.3
5cst_ligand,2442,33180.1
5cst_ligand,2443,47184.9
5cst_ligand,2444,49462.8
5cst_ligand,2445,47516
5cst_ligand,2446,44872.8
5cst_ligand,2447,38504.7
5cst_ligand,2448,44537.6
5cst_ligand,2449,51048.9
5cst_ligand,2450,65205.8
5cst_ligand,2451,83480.5
5cst_ligand,2452,62066.2
5cst_ligand,2453,33935.4
5cst_ligand,2454,67289.2
5cst_ligand,2455,59156.5
5cst_ligand,2456,83175
5cst_ligand,2457,60356.6
5cst_ligand,2458,53062.6
5cst_ligand,2459,54759.9
5cst_ligand,2460,53933.3
5cst_ligand,2461,72465.5
5cst_ligand,2462,47595.6
5cst_ligand,2463,29436
5cst_ligand,2464,29884.7
5cst_ligand,2465,31620.8
5cst_ligand,2466,34499.3
5cst_ligand,2467,51827.7
5cst_ligand,2468,48666.2
5cst_ligand,2469,47783.8
5cst_ligand,2470,38727.6
5cst_ligand,2471,42695.3
5cst_ligand,2472,48180.8
5cst_ligand,2473,40540.7
5cst_ligand,2474,69555.8
5cst_ligand,2475,77289
5cst_ligand,2476,52967
5cst_ligand,2477,30448.1
5cst_ligand,2478,29289.6
5cst_ligand,2479,33098.5
5cst_ligand,2480,49926.8
5cst_ligand,2481,35802.4
5cst_ligand,2482,38276.2
5cst_ligand,2483,30358.5
5cst_ligand,2484,29752.4
5cst_ligand,2485,30196
5cst_ligand,2486,35978.4
5cst_ligand,2487,48184.5
5cst_ligand,2488,50482
5cst_ligand,2489,57588.3
5cst_ligand,2490,47831.7
5cst_ligand,2491,81225.7
5cst_ligand,2492,98120.3
5cst_ligand,2493,49945.1
5cst_ligand,2494,31543.7
5cst_ligand,2495,31132.7
5cst_ligand,2496,30636.5
5cst_ligand,2497,40413.9
5cst_ligand,2498,42705
5cst_ligand,2499,36824.2
5cst_ligand,2500,34570.1
5cst_ligand,2501,34717.9
5cst_ligand,2502,41641.9
5cst_ligand,2503,33811.2
5cst_ligand,2504,30744.4
5cst_ligand,2505,50001.7
5cst_ligand,2506,63411.9
5cst_ligand,2507,65708.1
5cst_ligand,2508,84415.7
5cst_ligand,2509,59055.4
5cst_ligand,2510,46397.3
5cst_ligand,2511,56718.5
5cst_ligand,2512,88938.3
5cst_ligand,2513,174284
5cst_ligand,2514,81246.9
5cst_ligand,2515,167343
5cst_ligand,2516,60507.2
5cst_ligand,2517,78413.4
5cst_ligand,2518,46729.1
5cst_ligand,2519,44593.2
5cst_ligand,2520,42282
5cst_ligand,2521,32732.8
5cst_ligand,2522,30385
5cst_ligand,2523,29699.4
5cst_ligand,2524,32547.4
5cst_ligand,2525,31825.4
5cst_ligand,2526,31886.7
5cst_ligand,2527,33312.3
5cst_ligand,2528,41104
5cst_ligand,2529,53520.5
5cst_ligand,2530,62913.3
5cst_ligand,2531,61611.7
5cst_ligand,2532,54734.7
5cst_ligand,2533,68125.8
5cst_ligand,2534,50821.5
5cst_ligand,2535,75231.1
5cst_ligand,2536,46113.7
5cst_ligand,2537,37398.2
5cst_ligand,2538,39352.2
5cst_ligand,2539,52963.9
5cst_ligand,2540,38925.5
5cst_ligand,2541,45973.3
5cst_ligand,2542,62930.8
5cst_ligand,2543,106621
5cst_ligand,2544,53151.1
5cst_ligand,2545,56580.1
5cst_ligand,2546,36626
5cst_ligand,2547,32388.1
5cst_ligand,2548,40910
5cst_ligand,2549,57052.5
5cst_ligand,2550,62295.2
5cst_ligand,2551,64226.1
5cst_ligand,2552,40890.2
5cst_ligand,2553,48750.6
5cst_ligand,2554,87601.6
5cst_ligand,2555,110843
5cst_ligand,2556,115843
5cst_ligand,2557,58844.5
5cst_ligand,2558,52517.1
5cst_ligand,2559,53705.8
5cst_ligand,2560,61829
5cst_ligand,2561,66025
5cst_ligand,2562,42364.8
5cst_ligand,2563,48798.2
5cst_ligand,2564,45114
5cst_ligand,2565,36470.6
5cst_ligand,2566,42298.1
5cst_ligand,2567,52529.9
5cst_ligand,2568,62993.6
5cst_ligand,2569,74748.5
5cst_ligand,2570,74333.3
5cst_ligand,2571,56484.4
5cst_ligand,2572,35690.5
5cst_ligand,2573,30729
5cst_ligand,2574,33236.6
5cst_ligand,2575,32282.3
5cst_ligand,2576,31002.3
5cst_ligand,2577,29908.2
5cst_ligand,2578,31065.4
5cst_ligand,2579,34722.8
5cst_ligand,2580,44602.8
5cst_ligand,2581,32208.8
5cst_ligand,2582,30632.3
5cst_ligand,2583,29992.6
5cst_ligand,2584,29352.3
5cst_ligand,2585,29405.4
5cst_ligand,2586,33443
5cst_ligand,2587,40627.5
5cst_ligand,2588,63753.1
5cst_ligand,2589,87209.5
5cst_ligand,2590,53108.1
5cst_ligand,2591,77894.5
5cst_ligand,2592,78995.4
5cst_ligand,2593,63707.6
5cst_ligand,2594,58407.6
5cst_ligand,2595,69653.2
5cst_ligand,2596,48680.6
5cst_ligand,2597,37846
5cst_ligand,2598,45244.4
5cst_ligand,2599,35671
5cst_ligand,2600,32011
5cst_ligand,2601,32104.2
5cst_ligand,2602,32169.2
5cst_ligand,2603,28911.8
5cst_ligand,2604,31228
5cst_ligand,2605,34404.8
5cst_ligand,2606,45980.2
5cst_ligand,2607,34931.2
5cst_ligand,2608,39620.7
5cst_ligand,2609,62344.2
5cst_ligand,2610,53057.3
5cst_ligand,2611,73191.3
5cst_ligand,2612,69463.7
5cst_ligand,2613,62815
5cst_ligand,2614,47831.5
5cst_ligand,2615,50573.9
5cst_ligand,2616,43093.2
5cst_ligand,2617,40762
5cst_ligand,2618,47644.5
5cst_ligand,2619,33021.6
5cst_ligand,2620,29933.6
5cst_ligand,2621,31397
5cst_ligand,2622,32334.5
5cst_ligand,2623,30521.5
5cst_ligand,2624,30628.5
5cst_ligand,2625,30156.3
5cst_ligand,2626,32010.7
5cst_ligand,2627,35629.5
5cst_ligand,2628,61890.5
5cst_ligand,2629,58487.7
5cst_ligand,2630,54934.5
5cst_ligand,2631,51300.1
5cst_ligand,2632,60740.4
5cst_ligand,2633,46114.7
5cst_ligand,2634,41162.5
5cst_ligand,2635,56646
5cst_ligand,2636,32486.4
5cst_ligand,2637,56189.8
5cst_ligand,2638,34483.5
5cst_ligand,2639,42631.3
5cst_ligand,2640,34366.6
5cst_ligand,2641,38624
5cst_ligand,2642,59415.6
5cst_ligand,2643,59472.4
5cst_ligand,2644,63678.9
5cst_ligand,2645,87349.4
5cst_ligand,2646,58343.9
5cst_ligand,2647,59408.1
5cst_ligand,2648,88552
5cst_ligand,2649,100982
5cst_ligand,2650,63930.6
5cst_ligand,2651,55524.1
5cst_ligand,2652,63877.4
5cst_ligand,2653,62095
5cst_ligand,2654,36503.6
5cst_ligand,2655,38947
5cst_ligand,2656,36693.7
5cst_ligand,2657,35613.5
5cst_ligand,2658,51074.5
5cst_ligand,2659,66047.2
5cst_ligand,2660,46322.1
5cst_ligand,2661,52406.6
5cst_ligand,2662,66643
5cst_ligand,2663,38558.5
5cst_ligand,2664,35700.8
5cst_ligand,2665,37601.5
5cst_ligand,2666,33748.3
5cst_ligand,2667,56453
5cst_ligand,2668,50075.5
5cst_ligand,2669,60503.7
5cst_ligand,2670,59346.7
5cst_ligand,2671,31828.6
5cst_ligand,2672,31938.7
5cst_ligand,2673,31127.1
5cst_ligand,2674,30362.3
5cst_ligand,2675,30693.1
5cst_ligand,2676,29618.9
5cst_ligand,2677,47639.5
5cst_ligand,2678,31309
5cst_ligand,2679,35723.2
5cst_ligand,2680,44483.3
5cst_ligand,2681,67196.1
5cst_ligand,2682,58884.7
5cst_ligand,2683,78291.7
5cst_ligand,2684,81987.9
5cst_ligand,2685,63682.1
5cst_ligand,2686,95154.6
5cst_ligand,2687,93618.6
5cst_ligand,2688,71396.9
5cst_ligand,2689,90370.8
5cst_ligand,2690,59364.8
5cst_ligand,2691,29683.1
5cst_ligand,2692,30796
5cst_ligand,2693,31510.5
5cst_ligand,2694,31888.7
5cst_ligand,2695,30130.1
5cst_ligand,2696,30039.5
5cst_ligand,2697,29075.4
5cst_ligand,2698,31372.6
5cst_ligand,2699,53328.5
5cst_ligand,2700,40526.4
5cst_ligand,2701,32865
5cst_ligand,2702,41350.8
5cst_ligand,2703,57815.4
5cst_ligand,2704,61912.5
5cst_ligand,2705,59414.7
5cst_ligand,2706,74426.4
5cst_ligand,2707,78738.9
5cst_ligand,2708,58482.6
5cst_ligand,2709,44750.8
5cst_ligand,2710,69857.6
5cst_ligand,2711,84131.6
5cst_ligand,2712,72018.2
5cst_ligand,2713,48020.4
5cst_ligand,2714,60654.2
5cst_ligand,2715,70351.6
5cst_ligand,2716,73841.1
5cst_ligand,2717,55897.8
5cst_ligand,2718,73006.5
5cst_ligand,2719,94830.6
5cst_ligand,2720,73013.5
5cst_ligand,2721,87971.4
5cst_ligand,2722,38787.6
5cst_ligand,2723,39703.7
5cst_ligand,2724,46824.8
5cst_ligand,2725,60202.6
5cst_ligand,2726,62993.1
5cst_ligand,2727,64460.2
5cst_ligand,2728,49396.1
5cst_ligand,2729,29361.7
5cst_ligand,2730,30583.5
5cst_ligand,2731,34467
5cst_ligand,2732,56857.3
5cst_ligand,2733,47765.1
5cst_ligand,2734,72716.3
5cst_ligand,2735,70663.8
5cst_ligand,2736,45565
5cst_ligand,2737,34071.7
5cst_ligand,2738,55352
5cst_ligand,2739,75882.9
5cst_ligand,2740,50057.3
5cst_ligand,2741,53994
5cst_ligand,2742,43903.8
5cst_ligand,2743,29497.9
5cst_ligand,2744,31209.1
5cst_ligand,2745,42287
5cst_ligand,2746,50064.4
5cst_ligand,2747,43365.4
5cst_ligand,2748,40285.8
5cst_ligand,2749,35848.9
5cst_ligand,2750,46216
5cst_ligand,2751,75079.7
5cst_ligand,2752,39734.1
5cst_ligand,2753,33188.7
5cst_ligand,2754,31560
5cst_ligand,2755,51048.7
5cst_ligand,2756,58731.3
5cst_ligand,2757,66132.1
5cst_ligand,2758,81204.7
5cst_ligand,2759,75820.7
5cst_ligand,2760,62482.4
5cst_ligand,2761,99547.5
5cst_ligand,2762,68504.1
5cst_ligand,2763,55758.5
5cst_ligand,2764,36241.1
5cst_ligand,2765,37895.9
5cst_ligand,2766,48752.4
5cst_ligand,2767,61965.9
5cst_ligand,2768,107315
5cst_ligand,2769,67280.8
5cst_ligand,2770,94140.2
5cst_ligand,2771,58859.3
5cst_ligand,2772,29560
5cst_ligand,2773,31694.5
5cst_ligand,2774,31451.1
5cst_ligand,2775,32242
5cst_ligand,2776,29724.1
5cst_ligand,2777,29557.4
5cst_ligand,2778,29528.1
5cst_ligand,2779,36465.6
5cst_ligand,2780,46752.8
5cst_ligand,2781,40343.8
5cst_ligand,2782,52618.1
5cst_ligand,2783,43621.6
5cst_ligand,2784,53401.8
5cst_ligand,2785,87154.6
5cst_ligand,2786,45481.3
5cst_ligand,2787,52845
5cst_ligand,2788,55813.6
5cst_ligand,2789,35299.4
5cst_ligand,2790,32325.4
5cst_ligand,2791,30444.6
5cst_ligand,2792,29521.7
5cst_ligand,2793,30373.9
5cst_ligand,2794,40331.9
5cst_ligand,2795,47412.7
5cst_ligand,2796,31382.5
5cst_ligand,2797,30223.7
5cst_ligand,2798,29228
5cst_ligand,2799,29564.8
5cst_ligand,2800,37989.7
5cst_ligand,2801,57618.2
5cst_ligand,2802,52482.2
5cst_ligand,2803,78245.1
5cst_ligand,2804,71524.3
5cst_ligand,2805,51421.7
5cst_ligand,2806,39373.5
5cst_ligand,2807,33750.5
5cst_ligand,2808,47685.7
5cst_ligand,2809,61864
5cst_ligand,2810,119846
5cst_ligand,2811,171840
5cst_ligand,2812,58866.2
5cst_ligand,2813,50216.4
5cst_ligand,2814,52811.9
5cst_ligand,2815,40174.6
5cst_ligand,2816,60965.5
5cst_ligand,2817,72541.1
5cst_ligand,2818,43945.3
5cst_ligand,2819,38988.6
5cst_ligand,2820,31748.1
5cst_ligand,2821,35510.8
5cst_ligand,2822,30625.2
5cst_ligand,2823,30027.3
5cst_ligand,2824,30553.6
5cst_ligand,2825,34755.9
5cst_ligand,2826,34378.6
5cst_ligand,2827,35280.5
5cst_ligand,2828,38974.6
5cst_ligand,2829,31400
5cst_ligand,2830,42926.9
5cst_ligand,2831,64192.6
5cst_ligand,2832,55673.7
5cst_ligand,2833,77725.3
5cst_ligand,2834,75653.2
5cst_ligand,2835,60297.5
5cst_ligand,2836,95750.8
5cst_ligand,2837,56268.5
5cst_ligand,2838,52831.4
5cst_ligand,2839,45663.8
5cst_ligand,2840,47679.9
5cst_ligand,2841,38882.8
5cst_ligand,2842,46983.2
5cst_ligand,2843,36169
5cst_ligand,2844,43925.8
5cst_ligand,2845,50998.9
5cst_ligand,2846,53034.6
5cst_ligand,2847,39918.6
5cst_ligand,2848,71174.1
5cst_ligand,2849,59798.7
5cst_ligand,2850,99868.3
5cst_ligand,2851,68995.5
5cst_ligand,2852,51034.3
5cst_ligand,2853,72415.1
5cst_ligand,2854,82412.8
5cst_ligand,2855,42009.6
5cst_ligand,2856,73309.6
5cst_ligand,2857,186644
5cst_ligand,2858,92718.1
5cst_ligand,2859,43820.4
5cst_ligand,2860,33049.8
5cst_ligand,2861,31491
5cst_ligand,2862,29695.4
5cst_ligand,2863,30020.5
5cst_ligand,2864,29175.3
5cst_ligand,2865,31748.8
5cst_ligand,2866,32388.5
5cst_ligand,2867,29893.1
5cst_ligand,2868,30184.7
5cst_ligand,2869,45208.3
5cst_ligand,2870,48941.8
5cst_ligand,2871,56855.4
5cst_ligand,2872,38390.3
5cst_ligand,2873,79693.2
5cst_ligand,2874,99896.3
5cst_ligand,2875,52776.9
5cst_ligand,2876,48344.2
5cst_ligand,2877,41383.2
5cst_ligand,2878,50479.9
5cst_ligand,2879,31876.7
5cst_ligand,2880,29835.7
5cst_ligand,2881,29599.3
5cst_ligand,2882,32288.5
5cst_ligand,2883,31574.7
5cst_ligand,2884,31853.8
5cst_ligand,2885,30203.9
5cst_ligand,2886,39660.4
5cst_ligand,2887,64093.6
5cst_ligand,2888,49376.1
5cst_ligand,2889,57352.9
5cst_ligand,2890,38719.3
5cst_ligand,2891,32426.8
5cst_ligand,2892,30633.6
5cst_ligand,2893,32922.9
5cst_ligand,2894,30739.8
5cst_ligand,2895,29493
5cst_ligand,2896,28573
5cst_ligand,2897,32542.3
5cst_ligand,2898,39447.4
5cst_ligand,2899,48529.1
5cst_ligand,2900,60708.9
5cst_ligand,2901,67806.2
5cst_ligand,2902,86516.4
5cst_ligand,2903,99055.9
5cst_ligand,2904,85859.7
5cst_ligand,2905,71301.4
5cst_ligand,2906,89591.5
5cst_ligand,2907,54118.2
5cst_ligand,2908,35592.6
5cst_ligand,2909,57207.9
5cst_ligand,2910,72646.2
5cst_ligand,2911,45976.8
5cst_ligand,2912,33290.9
5cst_ligand,2913,34854.1
5cst_ligand,2914,35226.8
5cst_ligand,2915,31060.3
5cst_ligand,2916,35802.4
5cst_ligand,2917,43911.8
5cst_ligand,2918,56735.7
5cst_ligand,2919,64093.4
5cst_ligand,2920,32971.3
5cst_ligand,2921,29551.2
5cst_ligand,2922,31230.8
5cst_ligand,2923,32828.4
5cst_ligand,2924,42739.9
5cst_ligand,2925,32625.5
5cst_ligand,2926,44030.1
5cst_ligand,2927,60472.7
5cst_ligand,2928,52157.7
5cst_ligand,2929,59376.9
5cst_ligand,2930,77295.5
5cst_ligand,2931,66487.5
5cst_ligand,2932,47627.1
5cst_ligand,2933,44443.7
5cst_ligand,2934,43984.4
5cst_ligand,2935,34889.4
5cst_ligand,2936,42084.1
5cst_ligand,2937,35347.8
5cst_ligand,2938,43862
5cst_ligand,2939,34245.4
5cst_ligand,2940,43256.2
5cst_ligand,2941,56324.8
5cst_ligand,2942,69726.5
5cst_ligand,2943,88487
5cst_ligand,2944,39046.4
5cst_ligand,2945,32491.3
5cst_ligand,2946,32780.3
5cst_ligand,2947,31184.1
5cst_ligand,2948,29250.4
5cst_ligand,2949,32247.9
5cst_ligand,2950,32002.4
5cst_ligand,2951,30582.8
5cst_ligand,2952,30350.6
5cst_ligand,2953,39879.8
5cst_ligand,2954,62804
5cst_ligand,2955,55095
5cst_ligand,2956,72719.4
5cst_ligand,2957,56459.3
5cst_ligand,2958,37392.1
5cst_ligand,2959,35745.9
5cst_ligand,2960,32744.8
5cst_ligand,2961,51287.5
5cst_ligand,2962,55835
5cst_ligand,2963,52009.8
5cst_ligand,2964,44610.7
5cst_ligand,2965,66681
5cst_ligand,2966,53118.4
5cst_ligand,2967,40632.4
5cst_ligand,2968,48483.1
5cst_ligand,2969,61674.7
5cst_ligand,2970,73985
5cst_ligand,2971,39885.4
5cst_ligand,2972,39682
5cst_ligand,2973,77736.2
5cst_ligand,2974,94106.4
5cst_ligand,2975,102273
5cst_ligand,2976,78623.2
5cst_ligand,2977,46219.6
5cst_ligand,2978,33862.2
5cst_ligand,2979,45494
5cst_ligand,2980,60701.5
5cst_ligand,2981,71469.7
5cst_ligand,2982,81712.1
5cst_ligand,2983,83755.6
5cst_ligand,2984,64653.7
5cst_ligand,2985,45183.6
5cst_ligand,2986,53917.5
5cst_ligand,2987,47539.1
5cst_ligand,2988,56644.9
5cst_ligand,2989,51784.1
5cst_ligand,2990,56001.5
5cst_ligand,2991,82428.3
5cst_ligand,2992,137552
5cst_ligand,2993,56310.2
5cst_ligand,2994,39621.3
5cst_ligand,2995,51394.2
5cst_ligand,2996,66766.4
5cst_ligand,2997,53151.6
5cst_ligand,2998,48833.9
5cst_ligand,2999,59888.6
5cst_ligand,3000,55610.8
5cst_ligand,3001,70996.3
5cst_ligand,3002,52031.5
5cst_ligand,3003,47341.1
5cst_ligand,3004,43076
5cst_ligand,3005,41747.5
5cst_ligand,3006,48985.2
5cst_ligand,3007,65046.1
5cst_ligand,3008,65603.5
5cst_ligand,3009,63918.7
5cst_ligand,3010,38024.1
5cst_ligand,3011,42346
5cst_ligand,3012,40266.3
5cst_ligand,3013,40036.8
5cst_ligand,3014,35307
5cst_ligand,3015,33178.3
5cst_ligand,3016,38368.1
5cst_ligand,3017,33408.7
5cst_ligand,3018,34826.7
5cst_ligand,3019,32061.9
5cst_ligand,3020,35270.6
5cst_ligand,3021,45082.5
5cst_ligand,3022,61716.2
5cst_ligand,3023,62730.7
5cst_ligand,3024,90217
5cst_ligand,3025,63766.3
5cst_ligand,3026,30258.9
5cst_ligand,3027,29477.9
5cst_ligand,3028,33066.5
5cst_ligand,3029,32706.7
5cst_ligand,3030,32625.9
5cst_ligand,3031,41261.2
5cst_ligand,3032,33236.6
5cst_ligand,3033,32479.2
5cst_ligand,3034,42309.5
5cst_ligand,3035,67288.7
5cst_ligand,3036,63046.9
5cst_ligand,3037,62585.8
5cst_ligand,3038,46174.5
5cst_ligand,3039,40950.1
5cst_ligand,3040,34562.9
5cst_ligand,3041,42102.3
5cst_ligand,3042,64240.1
5cst_ligand,3043,62372.3
5cst_ligand,3044,62298.2
5cst_ligand,3045,62834.5
5cst_ligand,3046,76195.7
5cst_ligand,3047,62847.2
5cst_ligand,3048,54407
5cst_ligand,3049,119731
5cst_ligand,3050,202351
5cst_ligand,3051,58713.1
5cst_ligand,3052,100793
5cst_ligand,3053,76863.1
5cst_ligand,3054,66762.9
5cst_ligand,3055,60727.5
5cst_ligand,3056,43196
5cst_ligand,3057,58636.5
5cst_ligand,3058,65653.6
5cst_ligand,3059,40090.9
5cst_ligand,3060,33945.8
5cst_ligand,3061,31060.6
5cst_ligand,3062,33088.1
5cst_ligand,3063,33337.5
5cst_ligand,3064,33767.3
5cst_ligand,3065,29145.1
5cst_ligand,3066,32277.8
5cst_ligand,3067,34641.7
5cst_ligand,3068,32176.1
5cst_ligand,3069,36735
5cst_ligand,3070,53554.7
5cst_ligand,3071,43699.7
5cst_ligand,3072,39907.3
5cst_ligand,3073,57733.2
5cst_ligand,3074,66813.1
5cst_ligand,3075,67955.5
5cst_ligand,3076,45189.9
5cst_ligand,3077,38504.1
5cst_ligand,3078,51539.6
5cst_ligand,3079,55789.4
5cst_ligand,3080,53268.4
5cst_ligand,3081,50340.5
5cst_ligand,3082,32667.3
5cst_ligand,3083,39936.4
5cst_ligand,3084,51123.2
5cst_ligand,3085,38709.1
5cst_ligand,3086,34629.1
5cst_ligand,3087,58896
5cst_ligand,3088,71129.9
5cst_ligand,3089,77064.4
5cst_ligand,3090,81452
5cst_ligand,3091,88978.1
5cst_ligand,3092,61134.4
5cst_ligand,3093,40821.2
5cst_ligand,3094,31861.9
5cst_ligand,3095,31098
5cst_ligand,3096,31386.2
5cst_ligand,3097,34339.9
5cst_ligand,3098,43535
5cst_ligand,3099,58480.8
5cst_ligand,3100,67844.9
5cst_ligand,3101,63475.8
5cst_ligand,3102,96897.2
5cst_ligand,3103,72978
5cst_ligand,3104,47674.9
5cst_ligand,3105,36504.6
5cst_ligand,3106,49668.4
5cst_ligand,3107,65646.7
5cst_ligand,3108,68293.1
5cst_ligand,3109,75682.7
5cst_ligand,3110,86808.2
5cst_ligand,3111,82798.1
5cst_ligand,3112,39841.2
5cst_ligand,3113,41164.2
5cst_ligand,3114,37477
5cst_ligand,3115,48550.2
5cst_ligand,3116,50554.1
5cst_ligand,3117,37530.4
5cst_ligand,3118,61669.7
5cst_ligand,3119,79651.1
5cst_ligand,3120,103911
5cst_ligand,3121,81090
5cst_ligand,3122,53938.5
5cst_ligand,3123,43646.4
5cst_ligand,3124,51375.7
5cst_ligand,3125,45910.5
5cst_ligand,3126,45302.6
5cst_ligand,3127,30884.7
5cst_ligand,3128,29856.8
5cst_ligand,3129,29835.4
5cst_ligand,3130,33786.7
5cst_ligand,3131,31549.6
5cst_ligand,3132,31239.3
5cst_ligand,3133,29646.1
5cst_ligand,3134,32355.7
5cst_ligand,3135,37216.6
5cst_ligand,3136,49344.1
5cst_ligand,3137,69039.8
5cst_ligand,3138,60834.9
5cst_ligand,3139,66937.6
5cst_ligand,3140,54096.6
5cst_ligand,3141,44522
5cst_ligand,3142,50802.9
5cst_ligand,3143,91891.6
5cst_ligand,3144,49577.7
5cst_ligand,3145,79214.1
5cst_ligand,3146,41275
5cst_ligand,3147,33304.6
5cst_ligand,3148,32072.5
5cst_ligand,3149,36181.7
5cst_ligand,3150,59813.9
5cst_ligand,3151,49402.3
5cst_ligand,3152,48727.4
5cst_ligand,3153,45777.1
5cst_ligand,3154,37043.5
5cst_ligand,3155,31225
5cst_ligand,3156,30484.7
5cst_ligand,3157,30048.4
5cst_ligand,3158,29454.6
5cst_ligand,3159,31789
5cst_ligand,3160,32919
5cst_ligand,3161,32916.6
5cst_ligand,3162,37195.4
5cst_ligand,3163,57521.7
5cst_ligand,3164,55041.1
5cst_ligand,3165,52720.4
5cst_ligand,3166,31232.7
5cst_ligand,3167,31351.2
5cst_ligand,3168,31396.5
5cst_ligand,3169,44940.6
5cst_ligand,3170,50250.7
5cst_ligand,3171,63510.5
5cst_ligand,3172,111001
5cst_ligand,3173,63058.1
5cst_ligand,3174,66897.6
5cst_ligand,3175,53033.6
5cst_ligand,3176,68995.5
5cst_ligand,3177,51472.5
5cst_ligand,3178,53790.6
5cst_ligand,3179,57887.9
5cst_ligand,3180,77735.5
5cst_ligand,3181,44969
5cst_ligand,3182,38339.2
5cst_ligand,3183,41299.4
5cst_ligand,3184,34302.6
5cst_ligand,3185,39240.2
5cst_ligand,3186,35724.8
5cst_ligand,3187,40713.8
5cst_ligand,3188,63065.7
5cst_ligand,3189,61632.2
5cst_ligand,3190,57282.5
5cst_ligand,3191,41232.6
5cst_ligand,3192,35957.3
5cst_ligand,3193,40361.4
5cst_ligand,3194,39496.7
5cst_ligand,3195,33624
5cst_ligand,3196,35520.7
5cst_ligand,3197,48936.3
5cst_ligand,3198,79648.1
5cst_ligand,3199,114018
5cst_ligand,3200,36061.5
5cst_ligand,3201,39646.4
5cst_ligand,3202,49252.4
5cst_ligand,3203,56383.5
5cst_ligand,3204,51637.7
5cst_ligand,3205,36389.4
5cst_ligand,3206,61658.4
5cst_ligand,3207,46374.2
5cst_ligand,3208,43504.1
5cst_ligand,3209,39460.1
5cst_ligand,3210,39216
5cst_ligand,3211,63798.4
5cst_ligand,3212,59278.1
5cst_ligand,3213,60769.7
5cst_ligand,3214,60199.7
5cst_ligand,3215,35864.8
5cst_ligand,3216,36317.1
5cst_ligand,3217,41049.5
5cst_ligand,3218,53893.6
5cst_ligand,3219,65576.9
5cst_ligand,3220,55562.9
5cst_ligand,3221,40899.8
5cst_ligand,3222,39783.8
5cst_ligand,3223,44017.5
5cst_ligand,3224,62594.5
5cst_ligand,3225,67188.5
5cst_ligand,3226,70782.6
5cst_ligand,3227,83256.5
5cst_ligand,3228,87059.6
5cst_ligand,3229,56745.6
5cst_ligand,3230,80469.5
5cst_ligand,3231,71047.7
5cst_ligand,3232,31684.2
5cst_ligand,3233,30785.8
5cst_ligand,3234,30335.1
5cst_ligand,3235,32791.8
5cst_ligand,3236,46259
5cst_ligand,3237,34815.3
5cst_ligand,3238,41633.7
5cst_ligand,3239,61502.2
5cst_ligand,3240,47373.2
5cst_ligand,3241,36253.8
5cst_ligand,3242,42516.4
5cst_ligand,3243,38611
5cst_ligand,3244,45469.1
5cst_ligand,3245,35815.5
5cst_ligand,3246,58962.8
5cst_ligand,3247,60949.5
5cst_ligand,3248,63434.5
5cst_ligand,3249,86210.8
5cst_ligand,3250,101407
5cst_ligand,3251,69923.4
5cst_ligand,3252,63525.4
5cst_ligand,3253,98073
5cst_ligand,3254,68732.7
5cst_ligand,3255,64803.8
5cst_ligand,3256,57421.8
5cst_ligand,3257,53523.8
5cst_ligand,3258,35032.8
5cst_ligand,3259,43632.1
5cst_ligand,3260,34004.2
5cst_ligand,3261,37498.4
5cst_ligand,3262,51371.6
5cst_ligand,3263,52087.9
5cst_ligand,3264,89269
5cst_ligand,3265,118393
5cst_ligand,3266,48582.7
5cst_ligand,3267,62002.5
5cst_ligand,3268,60090.5
5cst_ligand,3269,63560.4
5cst_ligand,3270,45227.7
5cst_ligand,3271,53351.2
5cst_ligand,3272,91563.2
5cst_ligand,3273,103144
5cst_ligand,3274,58379.7
5cst_ligand,3275,34428.4
5cst_ligand,3276,32446.1
5cst_ligand,3277,31613.3
5cst_ligand,3278,31213.2
5cst_ligand,3279,44209.4
5cst_ligand,3280,55867.1
5cst_ligand,3281,58929
5cst_ligand,3282,59446.2
5cst_ligand,3283,47133.8
5cst_ligand,3284,78761.5
5cst_ligand,3285,41667.8
5cst_ligand,3286,33474.8
5cst_ligand,3287,49139.9
5cst_ligand,3288,60708.1
5cst_ligand,3289,53385.5
5cst_ligand,3290,60951.4
5cst_ligand,3291,45646.2
5cst_ligand,3292,43750.7
5cst_ligand,3293,36330.3
5cst_ligand,3294,51453.2
5cst_ligand,3295,33548.7
5cst_ligand,3296,46254
5cst_ligand,3297,62710
5cst_ligand,3298,65934.1
5cst_ligand,3299,73954
5cst_ligand,3300,79417
5cst_ligand,3301,66177.7
5cst_ligand,3302,54329.8
5cst_ligand,3303,44928.7
5cst_ligand,3304,49115.9
5cst_ligand,3305,39798.8
5cst_ligand,3306,35472.2
5cst_ligand,3307,42354.4
5cst_ligand,3308,61886.1
5cst_ligand,3309,68401.5
5cst_ligand,3310,76707.8
5cst_ligand,3311,81134.1
5cst_ligand,3312,67749.6
5cst_ligand,3313,53357.6
5cst_ligand,3314,65854.6
5cst_ligand,3315,58294.8
5cst_ligand,3316,76630.3
5cst_ligand,3317,51735.2
5cst_ligand,3318,45271.3
5cst_ligand,3319,51626.6
5cst_ligand,3320,46221.1
5cst_ligand,3321,73988.4
5cst_ligand,3322,107149
5cst_ligand,3323,85950
5cst_ligand,3324,109813
5cst_ligand,3325,77343.2
5cst_ligand,3326,41637.9
5cst_ligand,3327,40588.8
5cst_ligand,3328,60894
5cst_ligand,3329,62216.8
5cst_ligand,3330,53288.7
5cst_ligand,3331,59785.5
5cst_ligand,3332,49996.1
5cst_ligand,3333,43579.7
5cst_ligand,3334,37099.1
5cst_ligand,3335,47547.9
5cst_ligand,3336,67481.5
5cst_ligand,3337,57156.2
5cst_ligand,3338,56724.1
5cst_ligand,3339,42895.5
5cst_ligand,3340,36721.8
5cst_ligand,3341,46695.5
5cst_ligand,3342,33843.7
5cst_ligand,3343,44276.5
5cst_ligand,3344,37589.5
5cst_ligand,3345,56968.8
5cst_ligand,3346,48679.4
5cst_ligand,3347,44439.2
5cst_ligand,3348,35288.3
5cst_ligand,3349,43572.5
5cst_ligand,3350,65426.5
5cst_ligand,3351,44894.4
5cst_ligand,3352,60140.8
5cst_ligand,3353,50575.9
5cst_ligand,3354,39194.2
5cst_ligand,3355,35933.4
5cst_ligand,3356,59532.9
5cst_ligand,3357,83823.9
5cst_ligand,3358,76199.7
5cst_ligand,3359,60106.2
5cst_ligand,3360,58381
5cst_ligand,3361,52721.4
5cst_ligand,3362,46185.3
5cst_ligand,3363,35734.9
5cst_ligand,3364,47163.6
5cst_ligand,3365,66958.8
5cst_ligand,3366,56058.9
5cst_ligand,3367,80211
5cst_ligand,3368,55335.7
5cst_ligand,3369,40403.7
5cst_ligand,3370,43229.6
5cst_ligand,3371,39861
5cst_ligand,3372,58227.1
5cst_ligand,3373,100099
5cst_ligand,3374,49059.6
5cst_ligand,3375,93110.2
5cst_ligand,3376,99822.4
5cst_ligand,3377,48058.5
5cst_ligand,3378,50010.4
5cst_ligand,3379,53221.3
5cst_ligand,3380,48928.6
5cst_ligand,3381,37629.7
5cst_ligand,3382,31710.3
5cst_ligand,3383,31053.5
5cst_ligand,3384,31623.3
5cst_ligand,3385,30504.4
5cst_ligand,3386,32651
5cst_ligand,3387,34842.5
5cst_ligand,3388,43777.5
5cst_ligand,3389,37920.8
5cst_ligand,3390,39424.4
5cst_ligand,3391,35709.9
5cst_ligand,3392,65488.7
5cst_ligand,3393,59003.2
5cst_ligand,3394,69371.3
5cst_ligand,3395,117632
5cst_ligand,3396,70819.3
5cst_ligand,3397,69229.8
5cst_ligand,3398,48956.8
5cst_ligand,3399,55525.5
5cst_ligand,3400,42647.8
5cst_ligand,3401,45139
5cst_ligand,3402,49646
5cst_ligand,3403,43080.5
5cst_ligand,3404,44948.2
5cst_ligand,3405,31754.1
5cst_ligand,3406,30175.5
5cst_ligand,3407,33077.5
5cst_ligand,3408,48533.2
5cst_ligand,3409,39481.2
5cst_ligand,3410,42362.6
5cst_ligand,3411,66141.4
5cst_ligand,3412,45348.2
5cst_ligand,3413,34781.3
5cst_ligand,3414,50646.2
5cst_ligand,3415,62082.9
5cst_ligand,3416,66394.2
5cst_ligand,3417,87939
5cst_ligand,3418,67225.9
5cst_ligand,3419,91019.9
5cst_ligand,3420,56370.8
5cst_ligand,3421,36608.5
5cst_ligand,3422,33734.9
5cst_ligand,3423,33220.4
5cst_ligand,3424,32162.7
5cst_ligand,3425,31003.3
5cst_ligand,3426,31006.2
5cst_ligand,3427,32886.5
5cst_ligand,3428,32173
5cst_ligand,3429,31198.7
5cst_ligand,3430,30255.1
5cst_ligand,3431,30442.3
5cst_ligand,3432,56020.2
5cst_ligand,3433,55811.1
5cst_ligand,3434,58799
5cst_ligand,3435,75625.9
5cst_ligand,3436,74720.6
5cst_ligand,3437,64394.3
5cst_ligand,3438,54293.2
5cst_ligand,3439,71590.9
5cst_ligand,3440,51111.3
5cst_ligand,3441,40897.8
5cst_ligand,3442,38485.2
5cst_ligand,3443,49940.6
5cst_ligand,3444,35540.9
5cst_ligand,3445,34428.3
5cst_ligand,3446,42020.4
5cst_ligand,3447,68757.5
5cst_ligand,3448,54708.8
5cst_ligand,3449,43769.4
5cst_ligand,3450,35816.9
5cst_ligand,3451,40482.1
5cst_ligand,3452,54369.9
5cst_ligand,3453,52382.8
5cst_ligand,3454,64861
5cst_ligand,3455,51040.1
5cst_ligand,3456,36309.1
5cst_ligand,3457,31258
5cst_ligand,3458,31112.9
5cst_ligand,3459,36265.6
5cst_ligand,3460,62591.9
5cst_ligand,3461,63891.6
5cst_ligand,3462,58490.3
5cst_ligand,3463,70875.1
5cst_ligand,3464,50294.8
5cst_ligand,3465,43277.4
5cst_ligand,3466,48579.3
5cst_ligand,3467,49761.6
5cst_ligand,3468,51659.9
5cst_ligand,3469,73480.6
5cst_ligand,3470,52834.8
5cst_ligand,3471,62250.9
5cst_ligand,3472,51796.9
5cst_ligand,3473,48256.6
5cst_ligand,3474,60493.2
5cst_ligand,3475,98419.9
5cst_ligand,3476,42935.5
5cst_ligand,3477,47677.7
5cst_ligand,3478,37143.2
5cst_ligand,3479,41689.5
5cst_ligand,3480,56205.6
5cst_ligand,3481,67100.6
5cst_ligand,3482,98316.5
5cst_ligand,3483,36548.3
5cst_ligand,3484,36877.4
5cst_ligand,3485,34044.8
5cst_ligand,3486,32588.5
5cst_ligand,3487,32456.4
5cst_ligand,3488,30025.8
5cst_ligand,3489,35197.3
5cst_ligand,3490,35447.2
5cst_ligand,3491,42543.4
5cst_ligand,3492,63123.5
5cst_ligand,3493,55926.9
5cst_ligand,3494,55769.5
5cst_ligand,3495,40934.6
5cst_ligand,3496,31656.1
5cst_ligand,3497,34116.3
5cst_ligand,3498,34956.6
5cst_ligand,3499,41263.6
5cst_ligand,3500,37038.8
5cst_ligand,3501,70897.9
5cst_ligand,3502,57050.8
5cst_ligand,3503,70107.3
5cst_ligand,3504,94699.7
5cst_ligand,3505,72737.1
5cst_ligand,3506,86938.4
5cst_ligand,3507,184193
5cst_ligand,3508,71442.2
5cst_ligand,3509,38486.1
5cst_ligand,3510,32051.3
5cst_ligand,3511,31228.2
5cst_ligand,3512,30760.8
5cst_ligand,3513,32819.2
5cst_ligand,3514,31947.1
5cst_ligand,3515,31207.9
5cst_ligand,3516,30998
5cst_ligand,3517,31546.2
5cst_ligand,3518,31187.4
5cst_ligand,3519,31130.1
5cst_ligand,3520,35514.6
5cst_ligand,3521,46491.2
5cst_ligand,3522,57591.9
5cst_ligand,3523,52673.8
5cst_ligand,3524,51762.5
5cst_ligand,3525,35914.9
5cst_ligand,3526,38422.7
5cst_ligand,3527,42292.9
5cst_ligand,3528,62371
5cst_ligand,3529,64027.7
5cst_ligand,3530,74220.1
5cst_ligand,3531,76714.4
5cst_ligand,3532,65684.8
5cst_ligand,3533,54219.9
5cst_ligand,3534,52596.3
5cst_ligand,3535,82466.9
5cst_ligand,3536,130653
5cst_ligand,3537,86842.9
5cst_ligand,3538,73605
5cst_ligand,3539,47165.6
5cst_ligand,3540,46667.9
5cst_ligand,3541,54183.9
5cst_ligand,3542,42917.2
5cst_ligand,3543,35933.6
5cst_ligand,3544,32802.4
5cst_ligand,3545,43749.7
5cst_ligand,3546,55764.1
5cst_ligand,3547,69751.5
5cst_ligand,3548,73785.8
5cst_ligand,3549,69299.5
5cst_ligand,3550,81777.9
5cst_ligand,3551,69030.5
5cst_ligand,3552,44826.8
5cst_ligand,3553,31464.9
5cst_ligand,3554,31732.3
5cst_ligand,3555,29880.4
5cst_ligand,3556,30827.3
5cst_ligand,3557,32240.3
5cst_ligand,3558,31447.3
5cst_ligand,3559,30485.9
5cst_ligand,3560,30621
5cst_ligand,3561,33873.6
5cst_ligand,3562,52314.9
5cst_ligand,3563,59355.6
5cst_ligand,3564,52458.6
5cst_ligand,3565,31821.3
5cst_ligand,3566,31120.2
5cst_ligand,3567,31770.9
5cst_ligand,3568,34363.2
5cst_ligand,3569,35386
5cst_ligand,3570,48785.8
5cst_ligand,3571,67795.2
5cst_ligand,3572,90205.7
5cst_ligand,3573,50707.5
5cst_ligand,3574,39433.2
5cst_ligand,3575,35353.1
5cst_ligand,3576,45578.4
5cst_ligand,3577,52915.3
5cst_ligand,3578,67351
5cst_ligand,3579,67280.6
5cst_ligand,3580,80088.1
5cst_ligand,3581,63855.8
5cst_ligand,3582,42881.3
5cst_ligand,3583,43449.3
5cst_ligand,3584,43484.4
5cst_ligand,3585,33569.9
5cst_ligand,3586,32521.9
5cst_ligand,3587,32369.7
5cst_ligand,3588,30405.6
5cst_ligand,3589,30674.2
5cst_ligand,3590,32374.5
5cst_ligand,3591,32041.3
5cst_ligand,3592,36276.9
5cst_ligand,3593,35738.9
5cst_ligand,3594,65106.3
5cst_ligand,3595,53525.9
5cst_ligand,3596,61590.8
5cst_ligand,3597,51683.1
5cst_ligand,3598,55473.3
5cst_ligand,3599,59751.3
5cst_ligand,3600,39882.9
5cst_ligand,3601,43602.1
5cst_ligand,3602,45495
5cst_ligand,3603,55213
5cst_ligand,3604,38387.2
5cst_ligand,3605,41120.9
5cst_ligand,3606,56020.7
5cst_ligand,3607,62966.7
5cst_ligand,3608,87020.1
5cst_ligand,3609,46006.3
5cst_ligand,3610,31770.5
5cst_ligand,3611,31404.9
5cst_ligand,3612,31874.2
5cst_ligand,3613,31772.5
5cst_ligand,3614,29658.6
5cst_ligand,3615,33395.1
5cst_ligand,3616,33731.9
5cst_ligand,3617,42235.2
5cst_ligand,3618,63032.6
5cst_ligand,3619,67583.5
5cst_ligand,3620,48641.7
5cst_ligand,3621,60381.5
5cst_ligand,3622,53474.9
5cst_ligand,3623,65753
5cst_ligand,3624,35285
5cst_ligand,3625,34309.1
5cst_ligand,3626,32438.8
5cst_ligand,3627,31215.2
5cst_ligand,3628,38347
5cst_ligand,3629,65461.7
5cst_ligand,3630,55441
5cst_ligand,3631,39824.6
5cst_ligand,3632,46185.4
5cst_ligand,3633,44651.9
5cst_ligand,3634,42616.8
5cst_ligand,3635,39127.3
5cst_ligand,3636,39809.2
5cst_ligand,3637,40713.2
5cst_ligand,3638,56929.6
5cst_ligand,3639,103487
5cst_ligand,3640,59576.9
5cst_ligand,3641,49577.6
5cst_ligand,3642,40003.3
5cst_ligand,3643,40623.7
5cst_ligand,3644,68945.1
5cst_ligand,3645,87867.5
5cst_ligand,3646,106368
5cst_ligand,3647,55307.6
5cst_ligand,3648,79551.4
5cst_ligand,3649,58743.8
5cst_ligand,3650,62097.8
5cst_ligand,3651,59145.9
5cst_ligand,3652,60483.9
5cst_ligand,3653,36263.5
5cst_ligand,3654,35213.8
5cst_ligand,3655,31019.6
5cst_ligand,3656,29478
5cst_ligand,3657,34539.8
5cst_ligand,3658,51927.7
5cst_ligand,3659,44376.2
5cst_ligand,3660,37118.3
5cst_ligand,3661,29923.8
5cst_ligand,3662,33085.5
5cst_ligand,3663,35626
5cst_ligand,3664,49381.5
5cst_ligand,3665,47518.7
5cst_ligand,3666,43629.3
5cst_ligand,3667,56469.4
5cst_ligand,3668,59239.1
5cst_ligand,3669,95009.9
5cst_ligand,3670,122489
5cst_ligand,3671,53892.4
5cst_ligand,3672,69851.3
5cst_ligand,3673,51124.7
5cst_ligand,3674,43726.4
5cst_ligand,3675,47967.9
5cst_ligand,3676,45487.7
5cst_ligand,3677,46105.3
5cst_ligand,3678,31496.8
5cst_ligand,3679,30484.2
5cst_ligand,3680,30262.3
5cst_ligand,3681,34335.5
5cst_ligand,3682,31247.1
5cst_ligand,3683,45245.4
5cst_ligand,3684,71414.2
5cst_ligand,3685,48807.5
5cst_ligand,3686,47876.9
5cst_ligand,3687,46602.7
5cst_ligand,3688,43860.6
5cst_ligand,3689,52268.5
5cst_ligand,3690,53870
5cst_ligand,3691,48706.3
5cst_ligand,3692,96188.2
5cst_ligand,3693,100510
5cst_ligand,3694,181195
5cst_ligand,3695,125805
5cst_ligand,3696,41104.3
5cst_ligand,3697,71514
5cst_ligand,3698,88198.9
5cst_ligand,3699,47804.9
5cst_ligand,3700,47042.7
5cst_ligand,3701,41591.4
5cst_ligand,3702,33668.6
5cst_ligand,3703,41084.6
5cst_ligand,3704,58296.2
5cst_ligand,3705,57997.3
5cst_ligand,3706,46381.7
5cst_ligand,3707,30444.7
5cst_ligand,3708,29939.7
5cst_ligand,3709,31171.2
5cst_ligand,3710,33881.5
5cst_ligand,3711,44534.5
5cst_ligand,3712,36226.5
5cst_ligand,3713,38100.8
5cst_ligand,3714,68935.1
5cst_ligand,3715,44421.2
5cst_ligand,3716,54871.7
5cst_ligand,3717,39880.6
5cst_ligand,3718,35499.2
5cst_ligand,3719,39432.8
5cst_ligand,3720,53473.5
5cst_ligand,3721,62497.2
5cst_ligand,3722,80734.3
5cst_ligand,3723,45978.4
5cst_ligand,3724,67951.6
5cst_ligand,3725,80236.8
5cst_ligand,3726,58507.5
5cst_ligand,3727,44216.9
5cst_ligand,3728,41884.5
5cst_ligand,3729,47503.3
5cst_ligand,3730,69245.6
5cst_ligand,3731,101893
5cst_ligand,3732,37762.4
5cst_ligand,3733,33137
5cst_ligand,3734,33244.6
5cst_ligand,3735,32899.7
5cst_ligand,3736,32578.7
5cst_ligand,3737,30865.9
5cst_ligand,3738,32228.1
5cst_ligand,3739,33503.7
5cst_ligand,3740,29728.8
5cst_ligand,3741,33169.9
5cst_ligand,3742,34903
5cst_ligand,3743,46937.1
5cst_ligand,3744,60203.7
5cst_ligand,3745,70033.5
5cst_ligand,3746,49663.8
5cst_ligand,3747,39023.5
5cst_ligand,3748,32073.3
5cst_ligand,3749,31157.4
5cst_ligand,3750,30680.5
5cst_ligand,3751,30040.9
5cst_ligand,3752,29661.8
5cst_ligand,3753,30735
5cst_ligand,3754,37512.2
5cst_ligand,3755,53266
5cst_ligand,3756,56106
5cst_ligand,3757,54704.8
5cst_ligand,3758,82581.6
5cst_ligand,3759,66509.8
5cst_ligand,3760,55948.7
5cst_ligand,3761,47210.6
5cst_ligand,3762,42969.4
5cst_ligand,3763,31747.5
5cst_ligand,3764,30375.6
5cst_ligand,3765,30580.3
5cst_ligand,3766,31758.8
5cst_ligand,3767,32281.7
5cst_ligand,3768,30981.7
5cst_ligand,3769,30804.3
5cst_ligand,3770,28877.8
5cst_ligand,3771,32158
5cst_ligand,3772,33683.1
5cst_ligand,3773,46236.6
5cst_ligand,3774,41866.1
5cst_ligand,3775,38788.5
5cst_ligand,3776,31649.6
5cst_ligand,3777,41845.3
5cst_ligand,3778,74302.8
5cst_ligand,3779,44802.9
5cst_ligand,3780,61947.2
5cst_ligand,3781,45971.9
5cst_ligand,3782,31198.6
5cst_ligand,3783,30631.4
5cst_ligand,3784,30334.2
5cst_ligand,3785,30102
5cst_ligand,3786,29872.3
5cst_ligand,3787,29505
5cst_ligand,3788,29646.6
5cst_ligand,3789,33647.5
5cst_ligand,3790,53023.4
5cst_ligand,3791,60210
5cst_ligand,3792,68266.3
5cst_ligand,3793,66819
5cst_ligand,3794,48433.9
5cst_ligand,3795,69784.6
5cst_ligand,3796,51579.6
5cst_ligand,3797,38875.1
5cst_ligand,3798,41128.4
5cst_ligand,3799,46181.2
5cst_ligand,3800,49730.8
5cst_ligand,3801,66619.1
5cst_ligand,3802,47325.2
5cst_ligand,3803,33435.9
5cst_ligand,3804,43656.6
5cst_ligand,3805,36234.1
5cst_ligand,3806,88049.6
5cst_ligand,3807,84926.5
5cst_ligand,3808,86568.9
5cst_ligand,3809,67560.4
5cst_ligand,3810,58683.4
5cst_ligand,3811,62825.6
5cst_ligand,3812,74472.1
5cst_ligand,3813,140800
5cst_ligand,3814,69379
5cst_ligand,3815,41240.2
5cst_ligand,3816,39172.2
5cst_ligand,3817,66698.7
5cst_ligand,3818,81134.8
5cst_ligand,3819,150216
5cst_ligand,3820,71083.6
5cst_ligand,3821,87143.2
5cst_ligand,3822,44977.3
5cst_ligand,3823,49827.4
5cst_ligand,3824,38607.5
5cst_ligand,3825,32512.4
5cst_ligand,3826,43439.2
5cst_ligand,3827,58039.3
5cst_ligand,3828,68188.5
5cst_ligand,3829,62919.2
5cst_ligand,3830,53163.3
5cst_ligand,3831,75790.6
5cst_ligand,3832,85740.4
5cst_ligand,3833,67385.1
5cst_ligand,3834,55049.4
5cst_ligand,3835,48344
5cst_ligand,3836,31105.9
5cst_ligand,3837,31245.1
5cst_ligand,3838,29880.3
5cst_ligand,3839,32302.4
5cst_ligand,3840,34067.2
5cst_ligand,3841,30593.3
5cst_ligand,3842,30654.6
5cst_ligand,3843,29263.6
5cst_ligand,3844,34069.3
5cst_ligand,3845,47995.2
5cst_ligand,3846,41172.6
5cst_ligand,3847,38795.3
5cst_ligand,3848,30141.5
5cst_ligand,3849,30732.2
5cst_ligand,3850,42665.1
5cst_ligand,3851,63192.1
5cst_ligand,3852,45057.4
5cst_ligand,3853,79240.3
5cst_ligand,3854,103455
5cst_ligand,3855,51221.7
5cst_ligand,3856,37848.7
5cst_ligand,3857,33129.9
5cst_ligand,3858,46297.5
5cst_ligand,3859,57058.2
5cst_ligand,3860,67067
5cst_ligand,3861,41008.8
5cst_ligand,3862,68199.6
5cst_ligand,3863,66987.9
5cst_ligand,3864,120369
5cst_ligand,3865,92873
5cst_ligand,3866,117634
5cst_ligand,3867,60373.2
5cst_ligand,3868,61090.4
5cst_ligand,3869,52070
5cst_ligand,3870,35606.7
5cst_ligand,3871,30295.1
5cst_ligand,3872,30644.9
5cst_ligand,3873,30018.6
5cst_ligand,3874,31253.2
5cst_ligand,3875,32942.3
5cst_ligand,3876,36287.3
5cst_ligand,3877,50687.9
5cst_ligand,3878,45298.4
5cst_ligand,3879,41998.4
5cst_ligand,3880,40368.3
5cst_ligand,3881,49810.3
5cst_ligand,3882,44923.6
5cst_ligand,3883,36651.7
5cst_ligand,3884,59907
5cst_ligand,3885,71847.4
5cst_ligand,3886,49395.8
5cst_ligand,3887,41299.3
5cst_ligand,3888,40194.2
5cst_ligand,3889,50186.1
5cst_ligand,3890,66464.8
5cst_ligand,3891,102764
5cst_ligand,3892,93529
5cst_ligand,3893,39333.8
5cst_ligand,3894,33531.1
5cst_ligand,3895,32532.5
5cst_ligand,3896,32732.5
5cst_ligand,3897,31954
5cst_ligand,3898,30265.2
5cst_ligand,3899,29528.4
5cst_ligand,3900,30626.3
5cst_ligand,3901,31790.4
5cst_ligand,3902,31671.2
5cst_ligand,3903,30176
5cst_ligand,3904,30383.6
5cst_ligand,3905,47329.2
5cst_ligand,3906,44016.6
5cst_ligand,3907,68089.3
5cst_ligand,3908,66145.6
5cst_ligand,3909,48125.7
5cst_ligand,3910,41119
5cst_ligand,3911,49066.6
5cst_ligand,3912,54715.7
5cst_ligand,3913,83988.6
5cst_ligand,3914,55398.2
5cst_ligand,3915,58249.6
5cst_ligand,3916,51565.4
5cst_ligand,3917,34501.6
5cst_ligand,3918,31656.7
5cst_ligand,3919,30743.2
5cst_ligand,3920,32474.5
5cst_ligand,3921,51696.7
5cst_ligand,3922,41210.5
5cst_ligand,3923,39274.7
5cst_ligand,3924,31218.2
5cst_ligand,3925,39289.2
5cst_ligand,3926,39099.7
5cst_ligand,3927,69555.8
5cst_ligand,3928,60682.2
5cst_ligand,3929,81262.5
5cst_ligand,3930,65000.9
5cst_ligand,3931,54000.2
5cst_ligand,3932,67129.2
5cst_ligand,3933,66756.7
5cst_ligand,3934,90190.3
5cst_ligand,3935,70989
5cst_ligand,3936,40593.2
5cst_ligand,3937,49131.4
5cst_ligand,3938,50641.2
5cst_ligand,3939,36919.7
5cst_ligand,3940,35751.7
5cst_ligand,3941,59214.9
5cst_ligand,3942,101870
5cst_ligand,3943,103510
5cst_ligand,3944,201636
5cst_ligand,3945,58361.2
5cst_ligand,3946,84757.3
5cst_ligand,3947,42949.6
5cst_ligand,3948,33698.5
5cst_ligand,3949,36256.3
5cst_ligand,3950,42242.5
5cst_ligand,3951,55608.9
5cst_ligand,3952,46262.8
5cst_ligand,3953,37200
5cst_ligand,3954,31182.6
5cst_ligand,3955,30595.4
5cst_ligand,3956,29708.8
5cst_ligand,3957,31302.8
5cst_ligand,3958,31696.5
5cst_ligand,3959,31486
5cst_ligand,3960,31202
5cst_ligand,3961,36487.9
5cst_ligand,3962,56385.7
5cst_ligand,3963,52725.8
5cst_ligand,3964,62246.1
5cst_ligand,3965,70359.9
5cst_ligand,3966,81209.6
5cst_ligand,3967,62293.1
5cst_ligand,3968,38319.7
5cst_ligand,3969,43293.8
5cst_ligand,3970,46393.9
5cst_ligand,3971,33787.5
5cst_ligand,3972,45770.1
5cst_ligand,3973,76867.9
5cst_ligand,3974,43847
5cst_ligand,3975,32843.2
5cst_ligand,3976,49693.8
5cst_ligand,3977,55918
5cst_ligand,3978,73181.2
5cst_ligand,3979,80029.3
5cst_ligand,3980,79236.4
5cst_ligand,3981,83182.5
5cst_ligand,3982,72674.7
5cst_ligand,3983,69741.6
5cst_ligand,3984,49687.3
5cst_ligand,3985,46276.5
5cst_ligand,3986,54639.1
5cst_ligand,3987,44762.5
5cst_ligand,3988,108404
5cst_ligand,3989,125705
5cst_ligand,3990,67936.6
5cst_ligand,3991,81938.1
5cst_ligand,3992,72241
5cst_ligand,3993,76079.6
5cst_ligand,3994,45382.1
5cst_ligand,3995,56019.2
5cst_ligand,3996,73939.4
5cst_ligand,3997,130333
5cst_ligand,3998,72300.5
5cst_ligand,3999,31438.5
5cst_ligand,4000,33080.7
5cst_ligand,4001,32843.3
5cst_ligand,4002,31506.8
5cst_ligand,4003,31357.1
5cst_ligand,4004,29827.5
5cst_ligand,4005,33299.3
5cst_ligand,4006,31227.9
5cst_ligand,4007,32525.6
5cst_ligand,4008,31116.1
5cst_ligand,4009,32552.1
5cst_ligand,4010,45059.2
5cst_ligand,4011,37879.2
5cst_ligand,4012,42707.3
5cst_ligand,4013,66326.9
5cst_ligand,4014,60608.5
5cst_ligand,4015,65106
5cst_ligand,4016,45079.3
5cst_ligand,4017,30047.6
5cst_ligand,4018,30505
5cst_ligand,4019,33503.4
5cst_ligand,4020,32505.3
5cst_ligand,4021,32713.7
5cst_ligand,4022,40612.5
5cst_ligand,4023,64333.6
5cst_ligand,4024,45327.8
5cst_ligand,4025,37820.3
5cst_ligand,4026,41547.6
5cst_ligand,4027,46964.2
5cst_ligand,4028,40915.8
5cst_ligand,4029,36660.1
5cst_ligand,4030,44903.9
5cst_ligand,4031,80892.8
5cst_ligand,4032,39340.8
5cst_ligand,4033,50056.1
5cst_ligand,4034,41641.3
5cst_ligand,4035,33612.5
5cst_ligand,4036,42697.6
5cst_ligand,4037,68265.9
5cst_ligand,4038,60063.9
5cst_ligand,4039,88415.8
5cst_ligand,4040,98030.7
5cst_ligand,4041,70520.1
5cst_ligand,4042,85323.5
5cst_ligand,4043,163161
5cst_ligand,4044,61335.2
5cst_ligand,4045,38116.1
5cst_ligand,4046,39215.5
5cst_ligand,4047,31891
5cst_ligand,4048,36214.8
5cst_ligand,4049,53080.2
5cst_ligand,4050,56995.9
5cst_ligand,4051,48239.2
5cst_ligand,4052,64250
5cst_ligand,4053,51511.5
5cst_ligand,4054,38040.7
5cst_ligand,4055,34267.1
5cst_ligand,4056,35216.2
5cst_ligand,4057,31643.3
5cst_ligand,4058,31485.4
5cst_ligand,4059,30171.6
5cst_ligand,4060,31972.2
5cst_ligand,4061,32983.9
5cst_ligand,4062,30946.7
5cst_ligand,4063,30860.1
5cst_ligand,4064,31418.1
5cst_ligand,4065,41676.7
5cst_ligand,4066,49177.4
5cst_ligand,4067,47522.8
5cst_ligand,4068,39973.2
5cst_ligand,4069,32647.8
5cst_ligand,4070,46513.8
5cst_ligand,4071,70451.7
5cst_ligand,4072,50425.2
5cst_ligand,4073,76028.9
5cst_ligand,4074,67176.5
5cst_ligand,4075,86023.9
5cst_ligand,4076,57627.2
5cst_ligand,4077,31116.4
5cst_ligand,4078,45535.1
5cst_ligand,4079,31831.1
5cst_ligand,4080,31129.8
5cst_ligand,4081,30651.7
5cst_ligand,4082,30297.8
5cst_ligand,4083,29759.4
5cst_ligand,4084,31251.8
5cst_ligand,4085,32886.2
5cst_ligand,4086,34781.2
5cst_ligand,4087,38200.3
5cst_ligand,4088,56492.9
5cst_ligand,4089,79811
5cst_ligand,4090,60272.4
5cst_ligand,4091,58883.2
5cst_ligand,4092,43011.1
5cst_ligand,4093,62782.2
5cst_ligand,4094,57613.4
5cst_ligand,4095,94059.9
5cst_ligand,4096,41066.7
5cst_ligand,4097,33266.7
5cst_ligand,4098,32265.3
5cst_ligand,4099,31703.6
5cst_ligand,4100,31509.5
5cst_ligand,4101,30061.9
5cst_ligand,4102,30253.9
5cst_ligand,4103,32655
5cst_ligand,4104,31437.8
5cst_ligand,4105,31839.4
5cst_ligand,4106,32199.1
5cst_ligand,4107,40220.5
5cst_ligand,4108,68761.9
5cst_ligand,4109,50117.2
5cst_ligand,4110,55380.1
5cst_ligand,4111,39794.9
5cst_ligand,4112,42206
5cst_ligand,4113,46172.8
5cst_ligand,4114,30495.2
5cst_ligand,4115,29877.9
5cst_ligand,4116,29350.6
5cst_ligand,4117,31691.6
5cst_ligand,4118,35659.1
5cst_ligand,4119,44950.9
5cst_ligand,4120,42368
5cst_ligand,4121,75689.7
5cst_ligand,4122,87972
5cst_ligand,4123,67646.6
5cst_ligand,4124,104839
5cst_ligand,4125,49843.5
5cst_ligand,4126,38232.4
5cst_ligand,4127,58407.7
5cst_ligand,4128,47378.3
5cst_ligand,4129,38531.3
5cst_ligand,4130,30353.2
5cst_ligand,4131,31663.7
5cst_ligand,4132,30913
5cst_ligand,4133,30970.6
5cst_ligand,4134,50673.1
5cst_ligand,4135,69309.4
5cst_ligand,4136,49919.1
5cst_ligand,4137,66968.7
5cst_ligand,4138,94059.9
5cst_ligand,4139,74813.5
5cst_ligand,4140,47622.6
5cst_ligand,4141,33327.7
5cst_ligand,4142,54097.5
5cst_ligand,4143,61761.5
5cst_ligand,4144,71059.6
5cst_ligand,4145,86234.2
5cst_ligand,4146,101392
5cst_ligand,4147,59982.5
5cst_ligand,4148,67729.2
5cst_ligand,4149,117219
5cst_ligand,4150,51216.8
5cst_ligand,4151,60232.2
5cst_ligand,4152,44536.9
5cst_ligand,4153,30713
5cst_ligand,4154,28475.3
5cst_ligand,4155,31545.4
5cst_ligand,4156,31980.1
5cst_ligand,4157,30037.1
5cst_ligand,4158,31593.8
5cst_ligand,4159,45745
5cst_ligand,4160,35134.8
5cst_ligand,4161,35040
5cst_ligand,4162,45062.2
5cst_ligand,4163,47494.7
5cst_ligand,4164,48699
5cst_ligand,4165,76675.1
5cst_ligand,4166,108633
5cst_ligand,4167,50631
5cst_ligand,4168,52052.3
5cst_ligand,4169,63521.1
5cst_ligand,4170,65693.7
5cst_ligand,4171,43743.2
5cst_ligand,4172,50788.5
5cst_ligand,4173,50615.2
5cst_ligand,4174,37264.2
5cst_ligand,4175,32853.2
5cst_ligand,4176,33030.6
5cst_ligand,4177,38032.1
5cst_ligand,4178,32675.6
5cst_ligand,4179,54384.1
5cst_ligand,4180,66032.5
5cst_ligand,4181,85271.9
5cst_ligand,4182,88736.7
5cst_ligand,4183,68639.2
5cst_ligand,4184,43291
5cst_ligand,4185,38611.7
5cst_ligand,4186,50758.1
5cst_ligand,4187,35439.3
5cst_ligand,4188,42979.3
5cst_ligand,4189,35353.9
5cst_ligand,4190,62910.7
5cst_ligand,4191,82241.2
5cst_ligand,4192,88321.6
5cst_ligand,4193,67490.2
5cst_ligand,4194,45148.6
5cst_ligand,4195,36256.6
5cst_ligand,4196,49814.7
5cst_ligand,4197,68528.3
5cst_ligand,4198,48143.5
5cst_ligand,4199,61994.4
5cst_ligand,4200,57123.6
5cst_ligand,4201,50372.8
5cst_ligand,4202,84256.4
5cst_ligand,4203,80953.2
5cst_ligand,4204,110209
5cst_ligand,4205,82741.8
5cst_ligand,4206,82800.8
5cst_ligand,4207,67373.6
5cst_ligand,4208,47973
5cst_ligand,4209,42701.3
5cst_ligand,4210,44556.9
5cst_ligand,4211,87787.8
5cst_ligand,4212,102934
5cst_ligand,4213,39806.4
5cst_ligand,4214,31412.8
5cst_ligand,4215,36627.3
5cst_ligand,4216,35327.2
5cst_ligand,4217,34945.1
5cst_ligand,4218,49195.7
5cst_ligand,4219,34549.8
5cst_ligand,4220,47294.9
5cst_ligand,4221,69114.1
5cst_ligand,4222,51377
5cst_ligand,4223,50813.2
5cst_ligand,4224,43562
5cst_ligand,4225,29972.9
5cst_ligand,4226,31010.7
5cst_ligand,4227,33202.4
5cst_ligand,4228,31499.9
5cst_ligand,4229,32839.7
5cst_ligand,4230,32882.3
5cst_ligand,4231,40308.5
5cst_ligand,4232,61344.9
5cst_ligand,4233,53514.2
5cst_ligand,4234,78412.4
5cst_ligand,4235,43203.5
5cst_ligand,4236,31892
5cst_ligand,4237,30686.6
5cst_ligand,4238,30190.4
5cst_ligand,4239,29779.4
5cst_ligand,4240,30874.6
5cst_ligand,4241,32965
5cst_ligand,4242,45471
5cst_ligand,4243,44790.3
5cst_ligand,4244,71141.7
5cst_ligand,4245,59222.9
5cst_ligand,4246,35739.5
5cst_ligand,4247,36121.3
5cst_ligand,4248,34314
5cst_ligand,4249,32837
5cst_ligand,4250,32516
5cst_ligand,4251,28950.2
5cst_ligand,4252,31663.7
5cst_ligand,4253,31810.5
5cst_ligand,4254,37745.8
5cst_ligand,4255,40460.1
5cst_ligand,4256,73186.4
5cst_ligand,4257,50170.6
5cst_ligand,4258,69150.5
5cst_ligand,4259,50358.1
5cst_ligand,4260,32630.7
5cst_ligand,4261,55218.8
5cst_ligand,4262,69292.7
5cst_ligand,4263,63218.6
5cst_ligand,4264,93829.1
5cst_ligand,4265,73370.4
5cst_ligand,4266,94931.9
5cst_ligand,4267,67404.5
5cst_ligand,4268,37663.5
5cst_ligand,4269,32007.7
5cst_ligand,4270,33151.5
5cst_ligand,4271,32739.4
5cst_ligand,4272,50210.6
5cst_ligand,4273,66365
5cst_ligand,4274,62890.6
5cst_ligand,4275,76600.1
5cst_ligand,4276,86135.7
5cst_ligand,4277,67440.8
5cst_ligand,4278,55084.4
5cst_ligand,4279,51907
5cst_ligand,4280,88245.2
5cst_ligand,4281,140701
5cst_ligand,4282,89995.2
5cst_ligand,4283,73939.3
5cst_ligand,4284,76539.3
5cst_ligand,4285,41124.6
5cst_ligand,4286,33088.4
5cst_ligand,4287,30383.3
5cst_ligand,4288,30630.9
5cst_ligand,4289,30007.4
5cst_ligand,4290,31830.5
5cst_ligand,4291,31681
5cst_ligand,4292,33163.6
5cst_ligand,4293,29242.5
5cst_ligand,4294,31328.7
5cst_ligand,4295,45184
5cst_ligand,4296,34646.5
5cst_ligand,4297,54800.9
5cst_ligand,4298,67058.9
5cst_ligand,4299,57634.1
5cst_ligand,4300,65618.6
5cst_ligand,4301,48595.7
5cst_ligand,4302,33809.4
5cst_ligand,4303,32456.3
5cst_ligand,4304,39992.4
5cst_ligand,4305,55551.6
5cst_ligand,4306,50252
5cst_ligand,4307,74479.3
5cst_ligand,4308,67350.3
5cst_ligand,4309,80369.9
5cst_ligand,4310,66738.9
5cst_ligand,4311,83053
5cst_ligand,4312,80731.6
5cst_ligand,4313,63908.5
5cst_ligand,4314,73165.2
5cst_ligand,4315,49782.6
5cst_ligand,4316,48978.6
5cst_ligand,4317,40790.1
5cst_ligand,4318,35071.9
5cst_ligand,4319,38946.4
5cst_ligand,4320,55192
5cst_ligand,4321,66163.8
5cst_ligand,4322,60718.4
5cst_ligand,4323,57830.6
5cst_ligand,4324,65632.8
5cst_ligand,4325,90251.3
5cst_ligand,4326,63744.3
5cst_ligand,4327,50361.3
5cst_ligand,4328,46455.2
5cst_ligand,4329,49832.3
5cst_ligand,4330,40699.4
5cst_ligand,4331,38104
5cst_ligand,4332,47226.9
5cst_ligand,4333,34654.9
5cst_ligand,4334,65365.1
5cst_ligand,4335,87759.7
5cst_ligand,4336,56184.9
5cst_ligand,4337,104469
5cst_ligand,4338,55146.9
5cst_ligand,4339,33908.2
5cst_ligand,4340,49675.3
5cst_ligand,4341,55546.6
5cst_ligand,4342,55509
5cst_ligand,4343,91995.4
5cst_ligand,4344,49030.8
5cst_ligand,4345,31262.2
5cst_ligand,4346,31567.9
5cst_ligand,4347,30822.5
5cst_ligand,4348,33342
5cst_ligand,4349,30312.8
5cst_ligand,4350,30707.1
5cst_ligand,4351,31598.1
5cst_ligand,4352,31957.7
5cst_ligand,4353,31987.5
5cst_ligand,4354,30646.4
5cst_ligand,4355,31674.2
5cst_ligand,4356,42827.6
5cst_ligand,4357,51905.5
5cst_ligand,4358,32236.6
5cst_ligand,4359,42725.9
5cst_ligand,4360,65265.5
5cst_ligand,4361,63901.3
5cst_ligand,4362,73031.9
5cst_ligand,4363,46864.5
5cst_ligand,4364,30066.6
5cst_ligand,4365,29013.6
5cst_ligand,4366,31735
5cst_ligand,4367,35647.4
5cst_ligand,4368,45172.1
5cst_ligand,4369,32119.3
5cst_ligand,4370,30165.3
5cst_ligand,4371,31960.9
5cst_ligand,4372,38361.9
5cst_ligand,4373,46544.5
5cst_ligand,4374,74596.4
5cst_ligand,4375,54565.6
5cst_ligand,4376,40579.6
5cst_ligand,4377,52048
5cst_ligand,4378,52818
5cst_ligand,4379,52539
5cst_ligand,4380,74641.9
5cst_ligand,4381,54072.6
5cst_ligand,4382,41902.9
5cst_ligand,4383,45538.1
5cst_ligand,4384,68364.3
5cst_ligand,4385,97958.3
5cst_ligand,4386,92541.7
5cst_ligand,4387,62538
5cst_ligand,4388,42243.9
5cst_ligand,4389,32715.4
5cst_ligand,4390,32452.1
5cst_ligand,4391,31886.4
5cst_ligand,4392,30021.8
5cst_ligand,4393,30738.1
5cst_ligand,4394,31243.4
5cst_ligand,4395,35552
5cst_ligand,4396,43709
5cst_ligand,4397,43681.9
5cst_ligand,4398,42915.5
5cst_ligand,4399,38687.4
5cst_ligand,4400,58967.7
5cst_ligand,4401,86637.7
5cst_ligand,4402,58243.4
5cst_ligand,4403,44389.9
5cst_ligand,4404,43129.1
5cst_ligand,4405,96209.2
5cst_ligand,4406,92512.6
5cst_ligand,4407,50746.3
5cst_ligand,4408,32554.1
5cst_ligand,4409,34032.4
5cst_ligand,4410,40788.3
5cst_ligand,4411,32051
5cst_ligand,4412,31695.6
5cst_ligand,4413,35005.6
5cst_ligand,4414,46923
5cst_ligand,4415,58498
5cst_ligand,4416,67865.6
5cst_ligand,4417,70183
5cst_ligand,4418,86665.3
5cst_ligand,4419,60139.5
5cst_ligand,4420,49541.6
5cst_ligand,4421,51471.9
5cst_ligand,4422,62076.9
5cst_ligand,4423,77530
5cst_ligand,4424,135702
5cst_ligand,4425,66259.8
5cst_ligand,4426,32140
5cst_ligand,4427,32582.5
5cst_ligand,4428,36974.9
5cst_ligand,4429,38671.3
5cst_ligand,4430,38079.4
5cst_ligand,4431,35477.7
5cst_ligand,4432,34214.4
5cst_ligand,4433,32877.6
5cst_ligand,4434,30502.2
5cst_ligand,4435,29807.4
5cst_ligand,4436,31305.8
5cst_ligand,4437,32789.9
5cst_ligand,4438,42431.7
5cst_ligand,4439,45974.3
5cst_ligand,4440,48372.9
5cst_ligand,4441,46230.3
5cst_ligand,4442,36387
5cst_ligand,4443,39323.4
5cst_ligand,4444,51540.6
5cst_ligand,4445,70125.9
5cst_ligand,4446,58745.2
5cst_ligand,4447,71621.9
5cst_ligand,4448,47508.9
5cst_ligand,4449,29853.4
5cst_ligand,4450,30341.7
5cst_ligand,4451,45723.6
5cst_ligand,4452,33401.1
5cst_ligand,4453,33040.3
5cst_ligand,4454,61654.6
5cst_ligand,4455,98759.3
5cst_ligand,4456,88307.9
5cst_ligand,4457,163125
5cst_ligand,4458,64544.1
5cst_ligand,4459,75777
5cst_ligand,4460,59629.9
5cst_ligand,4461,58123.9
5cst_ligand,4462,35298.5
5cst_ligand,4463,30895.1
5cst_ligand,4464,29220
5cst_ligand,4465,30902
5cst_ligand,4466,31046.6
5cst_ligand,4467,31032.5
5cst_ligand,4468,30751.9
5cst_ligand,4469,29593.8
5cst_ligand,4470,29944.7
5cst_ligand,4471,31468.3
5cst_ligand,4472,37970.4
5cst_ligand,4473,52492.3
5cst_ligand,4474,47326.7
5cst_ligand,4475,73721.1
5cst_ligand,4476,62565.8
5cst_ligand,4477,50442.2
5cst_ligand,4478,42251
5cst_ligand,4479,52950.4
5cst_ligand,4480,52332
5cst_ligand,4481,65078.9
5cst_ligand,4482,63802
5cst_ligand,4483,91560.4
5cst_ligand,4484,87606.1
5cst_ligand,4485,82077.1
5cst_ligand,4486,74712.7
5cst_ligand,4487,52100.4
5cst_ligand,4488,46127.2
5cst_ligand,4489,44576.3
5cst_ligand,4490,36491.7
5cst_ligand,4491,42429
5cst_ligand,4492,39867
5cst_ligand,4493,42575.1
5cst_ligand,4494,33036.6
5cst_ligand,4495,47109.9
5cst_ligand,4496,33048.3
5cst_ligand,4497,45889.5
5cst_ligand,4498,62120.3
5cst_ligand,4499,64496
5cst_ligand,4500,66006.3
5cst_ligand,4501,40229.2
5cst_ligand,4502,34446.9
5cst_ligand,4503,36875.2
5cst_ligand,4504,34302.8
5cst_ligand,4505,31145.8
5cst_ligand,4506,30938.6
5cst_ligand,4507,43968.3
5cst_ligand,4508,68197
5cst_ligand,4509,60113.1
5cst_ligand,4510,61728.1
5cst_ligand,4511,51423.6
5cst_ligand,4512,36263.4
5cst_ligand,4513,36331.1
5cst_ligand,4514,56324.6
5cst_ligand,4515,61500.8
5cst_ligand,4516,82945.7
5cst_ligand,4517,65291.4
5cst_ligand,4518,79974.7
5cst_ligand,4519,63857.3
5cst_ligand,4520,35618.8
5cst_ligand,4521,31211.7
5cst_ligand,4522,29485.9
5cst_ligand,4523,30826.6
5cst_ligand,4524,44649.1
5cst_ligand,4525,34419.6
5cst_ligand,4526,38808.8
5cst_ligand,4527,51213.3
5cst_ligand,4528,41697.9
5cst_ligand,4529,42047.8
5cst_ligand,4530,82873.5
5cst_ligand,4531,88959.2
5cst_ligand,4532,39308.3
5cst_ligand,4533,46249.5
5cst_ligand,4534,36110.1
5cst_ligand,4535,34218.6
5cst_ligand,4536,32539.9
5cst_ligand,4537,34235
5cst_ligand,4538,34777.8
5cst_ligand,4539,36147.2
5cst_ligand,4540,32784.8
5cst_ligand,4541,32159.3
5cst_ligand,4542,33156.2
5cst_ligand,4543,35930.5
5cst_ligand,4544,42874.2
5cst_ligand,4545,42976.7
5cst_ligand,4546,40610
5cst_ligand,4547,38281.5
5cst_ligand,4548,43573.1
5cst_ligand,4549,82020.4
5cst_ligand,4550,46092.2
5cst_ligand,4551,61957.1
5cst_ligand,4552,49254.9
5cst_ligand,4553,30511.9
5cst_ligand,4554,28824.1
5cst_ligand,4555,29893.5
5cst_ligand,4556,36692.4
5cst_ligand,4557,50154.5
5cst_ligand,4558,67038
5cst_ligand,4559,58753.7
5cst_ligand,4560,48968.8
5cst_ligand,4561,51690
5cst_ligand,4562,43951.3
5cst_ligand,4563,49052.1
5cst_ligand,4564,55247.9
5cst_ligand,4565,83210
5cst_ligand,4566,143206
5cst_ligand,4567,81165.7
5cst_ligand,4568,83804.1
5cst_ligand,4569,45085.4
5cst_ligand,4570,31850.9
5cst_ligand,4571,31938.8
5cst_ligand,4572,32313.7
5cst_ligand,4573,29993.3
5cst_ligand,4574,32406.3
5cst_ligand,4575,32985.7
5cst_ligand,4576,30113.8
5cst_ligand,4577,30083.1
5cst_ligand,4578,30189.5
5cst_ligand,4579,37299.9
5cst_ligand,4580,46254.3
5cst_ligand,4581,51511.5
5cst_ligand,4582,59380.6
5cst_ligand,4583,99245.6
5cst_ligand,4584,59362.1
5cst_ligand,4585,30654.9
5cst_ligand,4586,30417.1
5cst_ligand,4587,32425.1
5cst_ligand,4588,34989.1
5cst_ligand,4589,37261.6
5cst_ligand,4590,36133.2
5cst_ligand,4591,52201.3
5cst_ligand,4592,68599.7
5cst_ligand,4593,58678.1
5cst_ligand,4594,62683.9
5cst_ligand,4595,75603.6
5cst_ligand,4596,140022
5cst_ligand,4597,57219.2
5cst_ligand,4598,63308
5cst_ligand,4599,46659.5
5cst_ligand,4600,52055.8
5cst_ligand,4601,62246.4
5cst_ligand,4602,118841
5cst_ligand,4603,113420
5cst_ligand,4604,38005.6
5cst_ligand,4605,44605
5cst_ligand,4606,36833.2
5cst_ligand,4607,36293.8
5cst_ligand,4608,35240.7
5cst_ligand,4609,37014.4
5cst_ligand,4610,42196.3
5cst_ligand,4611,51264.3
5cst_ligand,4612,40344
5cst_ligand,4613,50411
5cst_ligand,4614,40052.1
5cst_ligand,4615,46112.2
5cst_ligand,4616,44018
5cst_ligand,4617,42755.9
5cst_ligand,4618,35573.5
5cst_ligand,4619,39528
5cst_ligand,4620,60801
5cst_ligand,4621,57841.4
5cst_ligand,4622,78081.5
5cst_ligand,4623,47534.8
5cst_ligand,4624,33584
5cst_ligand,4625,57143.2
5cst_ligand,4626,57384.4
5cst_ligand,4627,50725.9
5cst_ligand,4628,35877.5
5cst_ligand,4629,41548.3
5cst_ligand,4630,37005.5
5cst_ligand,4631,44800.3
5cst_ligand,4632,35903.4
5cst_ligand,4633,59640.8
5cst_ligand,4634,106522
5cst_ligand,4635,55183.7
5cst_ligand,4636,39756.2
5cst_ligand,4637,46061.5
5cst_ligand,4638,68733.5
5cst_ligand,4639,72959.8
5cst_ligand,4640,85497.2
5cst_ligand,4641,62040.6
5cst_ligand,4642,55295.3
5cst_ligand,4643,69351.9
5cst_ligand,4644,89208.7
5cst_ligand,4645,43746.1
5cst_ligand,4646,38201.1
5cst_ligand,4647,44985.9
5cst_ligand,4648,58921.6
5cst_ligand,4649,63310.8
5cst_ligand,4650,77350.9
5cst_ligand,4651,49255.4
5cst_ligand,4652,40224.5
5cst_ligand,4653,64729
5cst_ligand,4654,56959.7
5cst_ligand,4655,39458.6
5cst_ligand,4656,40855.2
5cst_ligand,4657,45720.7
5cst_ligand,4658,35246.2
5cst_ligand,4659,40371.1
5cst_ligand,4660,65640.6
5cst_ligand,4661,56712.2
5cst_ligand,4662,65476.9
5cst_ligand,4663,50640.6
5cst_ligand,4664,32926.2
5cst_ligand,4665,38206.3
5cst_ligand,4666,42644.7
5cst_ligand,4667,72320.2
5cst_ligand,4668,78243.3
5cst_ligand,4669,117460
5cst_ligand,4670,84003.1
5cst_ligand,4671,65389.6
5cst_ligand,4672,128896
5cst_ligand,4673,110847
5cst_ligand,4674,163548
5cst_ligand,4675,43896.8
5cst_ligand,4676,32702.3
5cst_ligand,4677,42271.1
5cst_ligand,4678,31371.7
5cst_ligand,4679,30222.9
5cst_ligand,4680,31143.6
5cst_ligand,4681,31476.6
5cst_ligand,4682,32404.1
5cst_ligand,4683,31010.5
5cst_ligand,4684,31192.7
5cst_ligand,4685,30580.6
5cst_ligand,4686,40274.7
5cst_ligand,4687,55431
5cst_ligand,4688,52125.6
5cst_ligand,4689,56613.7
5cst_ligand,4690,62722.3
5cst_ligand,4691,55121.7
5cst_ligand,4692,70577.8
5cst_ligand,4693,101414
5cst_ligand,4694,38768.1
5cst_ligand,4695,37722.5
5cst_ligand,4696,55698.9
5cst_ligand,4697,42076
5cst_ligand,4698,46697
5cst_ligand,4699,38855.2
5cst_ligand,4700,48373.2
5cst_ligand,4701,37147.4
5cst_ligand,4702,31190.7
5cst_ligand,4703,31086.1
5cst_ligand,4704,34070.8
5cst_ligand,4705,33363.8
5cst_ligand,4706,34197.2
5cst_ligand,4707,42303
5cst_ligand,4708,56276.6
5cst_ligand,4709,50418.4
5cst_ligand,4710,59499.2
5cst_ligand,4711,58038.9
5cst_ligand,4712,36842.5
5cst_ligand,4713,44085.4
5cst_ligand,4714,47082.6
5cst_ligand,4715,67048.1
5cst_ligand,4716,53946.9
5cst_ligand,4717,55176.7
5cst_ligand,4718,42035.1
5cst_ligand,4719,41100.2
5cst_ligand,4720,72875.1
5cst_ligand,4721,75078
5cst_ligand,4722,98776.7
5cst_ligand,4723,83356.9
5cst_ligand,4724,68415.8
5cst_ligand,4725,102838
5cst_ligand,4726,73862.3
5cst_ligand,4727,35074.2
5cst_ligand,4728,32627.1
5cst_ligand,4729,42155.2
5cst_ligand,4730,32373.9
5cst_ligand,4731,32015.1
5cst_ligand,4732,31236.6
5cst_ligand,4733,33098.7
5cst_ligand,4734,38492.8
5cst_ligand,4735,71529.9
5cst_ligand,4736,70502.9
5cst_ligand,4737,45247.1
5cst_ligand,4738,49516.5
5cst_ligand,4739,36167
5cst_ligand,4740,30442.9
5cst_ligand,4741,32330.6
5cst_ligand,4742,33652.9
5cst_ligand,4743,32902.5
5cst_ligand,4744,33284
5cst_ligand,4745,40987.2
5cst_ligand,4746,53039.3
5cst_ligand,4747,49511.2
5cst_ligand,4748,60103.3
5cst_ligand,4749,50407.9
5cst_ligand,4750,41331.9
5cst_ligand,4751,59949.6
5cst_ligand,4752,64172.5
5cst_ligand,4753,65212.2
5cst_ligand,4754,50478.7
5cst_ligand,4755,36727.2
5cst_ligand,4756,45383.9
5cst_ligand,4757,33457.4
5cst_ligand,4758,60403.7
5cst_ligand,4759,47876.8
5cst_ligand,4760,39214.5
5cst_ligand,4761,30928.5
5cst_ligand,4762,30364.3
5cst_ligand,4763,32719.3
5cst_ligand,4764,52825.1
5cst_ligand,4765,57428.7
5cst_ligand,4766,61212.8
5cst_ligand,4767,61688.6
5cst_ligand,4768,42256.6
5cst_ligand,4769,46462.8
5cst_ligand,4770,51035.4
5cst_ligand,4771,90625
5cst_ligand,4772,125352
5cst_ligand,4773,77932.5
5cst_ligand,4774,69536.1
5cst_ligand,4775,49121.8
5cst_ligand,4776,52477
5cst_ligand,4777,35863.5
5cst_ligand,4778,32294.7
5cst_ligand,4779,32859
5cst_ligand,4780,30642.1
5cst_ligand,4781,31408.8
5cst_ligand,4782,42685.2
5cst_ligand,4783,33060.4
5cst_ligand,4784,32541.5
5cst_ligand,4785,31481.6
5cst_ligand,4786,31266.5
5cst_ligand,4787,35119.7
5cst_ligand,4788,32184.9
5cst_ligand,4789,35346
5cst_ligand,4790,50031.7
5cst_ligand,4791,41698.4
5cst_ligand,4792,41829.4
5cst_ligand,4793,66954.2
5cst_ligand,4794,64588.4
5cst_ligand,4795,67680.3
5cst_ligand,4796,56670.2
5cst_ligand,4797,38415.2
5cst_ligand,4798,40992.1
5cst_ligand,4799,49316.9
5cst_ligand,4800,43448.6
5cst_ligand,4801,70777
5cst_ligand,4802,99595.9
5cst_ligand,4803,54252.9
5cst_ligand,4804,84450.4
5cst_ligand,4805,91050.9
5cst_ligand,4806,62834.7
5cst_ligand,4807,53159.7
5cst_ligand,4808,32067.1
5cst_ligand,4809,41107
5cst_ligand,4810,36285.2
5cst_ligand,4811,42494.7
5cst_ligand,4812,32852.2
5cst_ligand,4813,58389.7
5cst_ligand,4814,57907.6
5cst_ligand,4815,46825.5
5cst_ligand,4816,51382.6
5cst_ligand,4817,56293.9
5cst_ligand,4818,47777.6
5cst_ligand,4819,34993.9
5cst_ligand,4820,54389.5
5cst_ligand,4821,44811.2
5cst_ligand,4822,40037.5
5cst_ligand,4823,49226.9
5cst_ligand,4824,57335.3
5cst_ligand,4825,53571.8
5cst_ligand,4826,64528.3
5cst_ligand,4827,74594.8
5cst_ligand,4828,58759.9
5cst_ligand,4829,43091.5
5cst_ligand,4830,57359.5
5cst_ligand,4831,47014.6
5cst_ligand,4832,43944.3
5cst_ligand,4833,31736.4
5cst_ligand,4834,47047.2
5cst_ligand,4835,41460
5cst_ligand,4836,51845.5
5cst_ligand,4837,49368
5cst_ligand,4838,39580.2
5cst_ligand,4839,31895.1
5cst_ligand,4840,35418.5
5cst_ligand,4841,35128.1
5cst_ligand,4842,42582.8
5cst_ligand,4843,52899.5
5cst_ligand,4844,54847.8
5cst_ligand,4845,40160.2
5cst_ligand,4846,41829.1
5cst_ligand,4847,37473.6
5cst_ligand,4848,60170
5cst_ligand,4849,63988.3
5cst_ligand,4850,82954
5cst_ligand,4851,113356
5cst_ligand,4852,116469
5cst_ligand,4853,58037
5cst_ligand,4854,57572.9
5cst_ligand,4855,34952.1
5cst_ligand,4856,30129.5
5cst_ligand,4857,32415.4
5cst_ligand,4858,33269.9
5cst_ligand,4859,32463.3
5cst_ligand,4860,31480.4
5cst_ligand,4861,29731.7
5cst_ligand,4862,31810.5
5cst_ligand,4863,32613.2
5cst_ligand,4864,30412.7
5cst_ligand,4865,31249.5
5cst_ligand,4866,47758.5
5cst_ligand,4867,36343.5
5cst_ligand,4868,44266.5
5cst_ligand,4869,73820.4
5cst_ligand,4870,47021.8
5cst_ligand,4871,82017.6
5cst_ligand,4872,50751
5cst_ligand,4873,38764
5cst_ligand,4874,49882.2
5cst_ligand,4875,50750.2
5cst_ligand,4876,53636.6
5cst_ligand,4877,39962.3
5cst_ligand,4878,32296.8
5cst_ligand,4879,31759.2
5cst_ligand,4880,31128.3
5cst_ligand,4881,30413.2
5cst_ligand,4882,31087.8
5cst_ligand,4883,30492.4
5cst_ligand,4884,32342.3
5cst_ligand,4885,32588.1
5cst_ligand,4886,31447.4
5cst_ligand,4887,32233.2
5cst_ligand,4888,46396.6
5cst_ligand,4889,32062.1
5cst_ligand,4890,31504.6
5cst_ligand,4891,30850.4
5cst_ligand,4892,30269.4
5cst_ligand,4893,29971.7
5cst_ligand,4894,33078.5
5cst_ligand,4895,39728.3
5cst_ligand,4896,68013.5
5cst_ligand,4897,63659.4
5cst_ligand,4898,61080.7
5cst_ligand,4899,70571.7
5cst_ligand,4900,77272.6
5cst_ligand,4901,80122.7
5cst_ligand,4902,66875.7
5cst_ligand,4903,66001.2
5cst_ligand,4904,55177.3
5cst_ligand,4905,52897.3
5cst_ligand,4906,48681.7
5cst_ligand,4907,39872.6
5cst_ligand,4908,35229.2
5cst_ligand,4909,37372.2
5cst_ligand,4910,37948.8
5cst_ligand,4911,35460.6
5cst_ligand,4912,60816.2
5cst_ligand,4913,59548.8
5cst_ligand,4914,62194.3
5cst_ligand,4915,49954.3
5cst_ligand,4916,43303
5cst_ligand,4917,65482.3
5cst_ligand,4918,90132.5
5cst_ligand,4919,58068
5cst_ligand,4920,91636.7
5cst_ligand,4921,59794.4
5cst_ligand,4922,31128
5cst_ligand,4923,30622
5cst_ligand,4924,30763.7
5cst_ligand,4925,30732
5cst_ligand,4926,44069.8
5cst_ligand,4927,34762.3
5cst_ligand,4928,38921.2
5cst_ligand,4929,47800.4
5cst_ligand,4930,43233.1
5cst_ligand,4931,40220.8
5cst_ligand,4932,45161.6
5cst_ligand,4933,36455.1
5cst_ligand,4934,39924.7
5cst_ligand,4935,39161.8
5cst_ligand,4936,46723.9
5cst_ligand,4937,34746.4
5cst_ligand,4938,46337.1
5cst_ligand,4939,50898.3
5cst_ligand,4940,84885.1
5cst_ligand,4941,100684
5cst_ligand,4942,59682.3
5cst_ligand,4943,57295.4
5cst_ligand,4944,60992.5
5cst_ligand,4945,60527.9
5cst_ligand,4946,39892.9
5cst_ligand,4947,44821.3
5cst_ligand,4948,45267.2
5cst_ligand,4949,33871.1
5cst_ligand,4950,40052.7
5cst_ligand,4951,39626.7
5cst_ligand,4952,48824.9
5cst_ligand,4953,37965.8
5cst_ligand,4954,59386.4
5cst_ligand,4955,86848.1
5cst_ligand,4956,86430.2
5cst_ligand,4957,72940
5cst_ligand,4958,43572.7
5cst_ligand,4959,42115.5
5cst_ligand,4960,46660.5
5cst_ligand,4961,35974.6
5cst_ligand,4962,58637.4
5cst_ligand,4963,63169.8
5cst_ligand,4964,43215.5
5cst_ligand,4965,54091.5
5cst_ligand,4966,59224.3
5cst_ligand,4967,68753.5
5cst_ligand,4968,111405
5cst_ligand,4969,60852.6
5cst_ligand,4970,36379.9
5cst_ligand,4971,41608.6
5cst_ligand,4972,39189
5cst_ligand,4973,41179.3
5cst_ligand,4974,62778.8
5cst_ligand,4975,63158
5cst_ligand,4976,68591.8
5cst_ligand,4977,55039.3
5cst_ligand,4978,55638.3
5cst_ligand,4979,56103.6
5cst_ligand,4980,87759.9
5cst_ligand,4981,37678.2
5cst_ligand,4982,35177.8
5cst_ligand,4983,58305.4
5cst_ligand,4984,40967.2
5cst_ligand,4985,44774.2
5cst_ligand,4986,32918.2
5cst_ligand,4987,45875.1
5cst_ligand,4988,67158.4
5cst_ligand,4989,59628.7
5cst_ligand,4990,102580
5cst_ligand,4991,95099
5cst_ligand,4992,78576.3
5cst_ligand,4993,47060.1
5cst_ligand,4994,38817.8
5cst_ligand,4995,36926
5cst_ligand,4996,38595.4
5cst_ligand,4997,39036.4
5cst_ligand,4998,60367.6
5cst_ligand,4999,61382.4
