name,score,generations,seed,rotamers,atoms,evaluations,population,rate,iterations
1fkb_ligand,-16.680193,122,0,6,144,1232200,100,100,100
1fkb_ligand,-5.865024,86,10,6,144,868600,100,100,100
1fkb_ligand,-6.198534,194,11,6,144,1959400,100,100,100
1fkb_ligand,-6.889580,186,12,6,144,1878600,100,100,100
1fkb_ligand,-8.689054,108,13,6,144,1090800,100,100,100
1fkb_ligand,-6.174936,238,14,6,144,2403800,100,100,100
1fkb_ligand,-8.134782,232,1,6,144,2343200,100,100,100
1fkb_ligand,-7.554722,96,2,6,144,969600,100,100,100
1fkb_ligand,-5.080489,146,3,6,144,1474600,100,100,100
1fkb_ligand,-7.679505,94,4,6,144,949400,100,100,100
1fkb_ligand,-4.168469,115,5,6,144,1161500,100,100,100
1fkb_ligand,-5.663303,77,6,6,144,777700,100,100,100
1fkb_ligand,-5.896863,98,7,6,144,989800,100,100,100
1fkb_ligand,-3.014354,149,8,6,144,1504900,100,100,100
1fkb_ligand,-8.205172,81,9,6,144,818100,100,100,100
1fkb_ligand,-16.578642,468,0,6,144,514800,100,100,10
1fkb_ligand,-2.000840,480,10,6,144,528000,100,100,10
1fkb_ligand,-5.483116,355,11,6,144,390500,100,100,10
1fkb_ligand,-6.145727,181,12,6,144,199100,100,100,10
1fkb_ligand,-3.757855,354,13,6,144,389400,100,100,10
1fkb_ligand,-5.555167,415,14,6,144,456500,100,100,10
1fkb_ligand,0.988699,500,1,6,144,550000,100,100,10
1fkb_ligand,-4.807401,409,2,6,144,449900,100,100,10
1fkb_ligand,-7.355304,500,3,6,144,550000,100,100,10
1fkb_ligand,-7.681735,497,4,6,144,546700,100,100,10
1fkb_ligand,-5.551988,500,5,6,144,550000,100,100,10
1fkb_ligand,-5.536891,162,6,6,144,178200,100,100,10
1fkb_ligand,-2.306135,500,7,6,144,550000,100,100,10
1fkb_ligand,-4.147680,345,8,6,144,379500,100,100,10
1fkb_ligand,-4.435268,209,9,6,144,229900,100,100,10
1fkb_ligand,-16.700075,98,0,6,144,1969800,100,100,200
1fkb_ligand,-4.630061,180,10,6,144,3618000,100,100,200
1fkb_ligand,-6.446476,122,11,6,144,2452200,100,100,200
1fkb_ligand,-8.121141,156,12,6,144,3135600,100,100,200
1fkb_ligand,-8.731417,341,13,6,144,6854100,100,100,200
1fkb_ligand,-6.494331,102,14,6,144,2050200,100,100,200
1fkb_ligand,-16.530170,182,1,6,144,3658200,100,100,200
1fkb_ligand,-7.301983,124,2,6,144,2492400,100,100,200
1fkb_ligand,-5.081839,124,3,6,144,2492400,100,100,200
1fkb_ligand,-7.735173,181,4,6,144,3638100,100,100,200
1fkb_ligand,-6.022341,66,5,6,144,1326600,100,100,200
1fkb_ligand,-7.135744,72,6,6,144,1447200,100,100,200
1fkb_ligand,-5.620565,60,7,6,144,1206000,100,100,200
1fkb_ligand,-8.723965,102,8,6,144,2050200,100,100,200
1fkb_ligand,-7.125370,135,9,6,144,2713500,100,100,200
1fkb_ligand,-16.662432,217,0,6,144,564200,100,100,25
1fkb_ligand,-5.179028,500,10,6,144,1300000,100,100,25
1fkb_ligand,-6.242387,102,11,6,144,265200,100,100,25
1fkb_ligand,-6.142151,170,12,6,144,442000,100,100,25
1fkb_ligand,-7.663239,133,13,6,144,345800,100,100,25
1fkb_ligand,-4.787937,140,14,6,144,364000,100,100,25
1fkb_ligand,-1.555075,153,1,6,144,397800,100,100,25
1fkb_ligand,-5.559459,289,2,6,144,751400,100,100,25
1fkb_ligand,-4.091330,134,3,6,144,348400,100,100,25
1fkb_ligand,-7.645535,129,4,6,144,335400,100,100,25
1fkb_ligand,-5.719637,141,5,6,144,366600,100,100,25
1fkb_ligand,-4.460862,500,6,6,144,1300000,100,100,25
1fkb_ligand,-4.970389,500,7,6,144,1300000,100,100,25
1fkb_ligand,-2.859002,111,8,6,144,288600,100,100,25
1fkb_ligand,-7.976809,155,9,6,144,403000,100,100,25
1fkb_ligand,-16.690676,124,0,6,144,632400,100,100,50
1fkb_ligand,-4.205736,102,10,6,144,520200,100,100,50
1fkb_ligand,-5.481071,146,11,6,144,744600,100,100,50
1fkb_ligand,-7.280485,84,12,6,144,428400,100,100,50
1fkb_ligand,-8.737741,188,13,6,144,958800,100,100,50
1fkb_ligand,-4.607240,110,14,6,144,561000,100,100,50
1fkb_ligand,-5.649718,189,1,6,144,963900,100,100,50
1fkb_ligand,-6.380575,113,2,6,144,576300,100,100,50
1fkb_ligand,-4.428099,148,3,6,144,754800,100,100,50
1fkb_ligand,-7.698609,156,4,6,144,795600,100,100,50
1fkb_ligand,-2.078278,110,5,6,144,561000,100,100,50
1fkb_ligand,-7.415760,114,6,6,144,581400,100,100,50
1fkb_ligand,-4.914889,199,7,6,144,1014900,100,100,50
1fkb_ligand,-3.152251,159,8,6,144,810900,100,100,50
1fkb_ligand,-8.717028,207,9,6,144,1055700,100,100,50
1fkb_ligand,-11.834022,152,0,6,144,167200,100,10,100
1fkb_ligand,-5.297976,199,10,6,144,218900,100,10,100
1fkb_ligand,-3.811856,109,11,6,144,119900,100,10,100
1fkb_ligand,-8.272999,270,12,6,144,297000,100,10,100
1fkb_ligand,-6.169809,84,13,6,144,92400,100,10,100
1fkb_ligand,-4.264368,260,14,6,144,286000,100,10,100
1fkb_ligand,-3.421871,245,1,6,144,269500,100,10,100
1fkb_ligand,-4.485887,306,2,6,144,336600,100,10,100
1fkb_ligand,-5.160161,353,3,6,144,388300,100,10,100
1fkb_ligand,-7.775632,226,4,6,144,248600,100,10,100
1fkb_ligand,-2.345286,240,5,6,144,264000,100,10,100
1fkb_ligand,-5.438352,139,6,6,144,152900,100,10,100
1fkb_ligand,-4.881879,208,7,6,144,228800,100,10,100
1fkb_ligand,-1.976439,138,8,6,144,151800,100,10,100
1fkb_ligand,-5.099720,216,9,6,144,237600,100,10,100
1fkb_ligand,-17.552858,270,0,6,144,54000,100,10,10
1fkb_ligand,-1.089453,223,10,6,144,44600,100,10,10
1fkb_ligand,-4.069850,260,11,6,144,52000,100,10,10
1fkb_ligand,-6.143917,138,12,6,144,27600,100,10,10
1fkb_ligand,-5.333066,257,13,6,144,51400,100,10,10
1fkb_ligand,-6.287826,423,14,6,144,84600,100,10,10
1fkb_ligand,-0.253312,366,1,6,144,73200,100,10,10
1fkb_ligand,-4.005002,500,2,6,144,100000,100,10,10
1fkb_ligand,-4.927958,257,3,6,144,51400,100,10,10
1fkb_ligand,-7.448352,297,4,6,144,59400,100,10,10
1fkb_ligand,-3.119286,497,5,6,144,99400,100,10,10
1fkb_ligand,-4.460747,213,6,6,144,42600,100,10,10
1fkb_ligand,-1.518910,296,7,6,144,59200,100,10,10
1fkb_ligand,-3.255109,293,8,6,144,58600,100,10,10
1fkb_ligand,-5.634624,151,9,6,144,30200,100,10,10
1fkb_ligand,-16.317909,111,0,6,144,233100,100,10,200
1fkb_ligand,-5.130833,178,10,6,144,373800,100,10,200
1fkb_ligand,-7.465194,144,11,6,144,302400,100,10,200
1fkb_ligand,-7.763427,317,12,6,144,665700,100,10,200
1fkb_ligand,-7.520607,123,13,6,144,258300,100,10,200
1fkb_ligand,-5.273127,170,14,6,144,357000,100,10,200
1fkb_ligand,-5.601927,142,1,6,144,298200,100,10,200
1fkb_ligand,-3.529971,179,2,6,144,375900,100,10,200
1fkb_ligand,-3.483346,249,3,6,144,522900,100,10,200
1fkb_ligand,-7.819784,223,4,6,144,468300,100,10,200
1fkb_ligand,-2.921926,279,5,6,144,585900,100,10,200
1fkb_ligand,-5.788948,104,6,6,144,218400,100,10,200
1fkb_ligand,-4.925797,410,7,6,144,861000,100,10,200
1fkb_ligand,-4.085596,500,8,6,144,1050000,100,10,200
1fkb_ligand,-5.850363,194,9,6,144,407400,100,10,200
1fkb_ligand,-14.469940,254,0,6,144,88900,100,10,25
1fkb_ligand,-1.975275,128,10,6,144,44800,100,10,25
1fkb_ligand,-4.704669,218,11,6,144,76300,100,10,25
1fkb_ligand,-6.146158,171,12,6,144,59850,100,10,25
1fkb_ligand,-5.863121,243,13,6,144,85050,100,10,25
1fkb_ligand,-7.801731,500,14,6,144,175000,100,10,25
1fkb_ligand,0.379309,354,1,6,144,123900,100,10,25
1fkb_ligand,-2.390960,363,2,6,144,127050,100,10,25
1fkb_ligand,-3.143154,327,3,6,144,114450,100,10,25
1fkb_ligand,-7.633481,324,4,6,144,113400,100,10,25
1fkb_ligand,1.403888,240,5,6,144,84000,100,10,25
1fkb_ligand,-3.972108,500,6,6,144,175000,100,10,25
1fkb_ligand,-2.785916,110,7,6,144,38500,100,10,25
1fkb_ligand,-3.260299,136,8,6,144,47600,100,10,25
1fkb_ligand,-5.138906,267,9,6,144,93450,100,10,25
1fkb_ligand,-17.572020,356,0,6,144,213600,100,10,50
1fkb_ligand,-2.074039,171,10,6,144,102600,100,10,50
1fkb_ligand,-4.299901,349,11,6,144,209400,100,10,50
1fkb_ligand,-6.131354,153,12,6,144,91800,100,10,50
1fkb_ligand,-7.536415,183,13,6,144,109800,100,10,50
1fkb_ligand,-8.168432,325,14,6,144,195000,100,10,50
1fkb_ligand,-4.663094,179,1,6,144,107400,100,10,50
1fkb_ligand,-5.100152,381,2,6,144,228600,100,10,50
1fkb_ligand,-3.234148,130,3,6,144,78000,100,10,50
1fkb_ligand,-7.605258,333,4,6,144,199800,100,10,50
1fkb_ligand,-1.894685,132,5,6,144,79200,100,10,50
1fkb_ligand,-3.808635,500,6,6,144,300000,100,10,50
1fkb_ligand,-4.075549,228,7,6,144,136800,100,10,50
1fkb_ligand,-3.096074,309,8,6,144,185400,100,10,50
1fkb_ligand,-5.129251,169,9,6,144,101400,100,10,50
1fkb_ligand,-5.060513,230,0,6,144,598000,100,25,100
1fkb_ligand,-5.272570,308,10,6,144,800800,100,25,100
1fkb_ligand,-4.081477,102,11,6,144,265200,100,25,100
1fkb_ligand,-7.512556,157,12,6,144,408200,100,25,100
1fkb_ligand,-7.547830,151,13,6,144,392600,100,25,100
1fkb_ligand,-6.687381,464,14,6,144,1206400,100,25,100
1fkb_ligand,-6.776532,390,1,6,144,1014000,100,25,100
1fkb_ligand,-4.499980,231,2,6,144,600600,100,25,100
1fkb_ligand,-3.652472,176,3,6,144,457600,100,25,100
1fkb_ligand,-7.697216,251,4,6,144,652600,100,25,100
1fkb_ligand,-2.549263,218,5,6,144,566800,100,25,100
1fkb_ligand,-4.453277,93,6,6,144,241800,100,25,100
1fkb_ligand,-4.175046,79,7,6,144,205400,100,25,100
1fkb_ligand,-3.073010,169,8,6,144,439400,100,25,100
1fkb_ligand,-5.835083,228,9,6,144,592800,100,25,100
1fkb_ligand,-17.568413,357,0,6,144,124950,100,25,10
1fkb_ligand,-1.228800,317,10,6,144,110950,100,25,10
1fkb_ligand,-3.944203,131,11,6,144,45850,100,25,10
1fkb_ligand,-6.153860,224,12,6,144,78400,100,25,10
1fkb_ligand,-5.641363,158,13,6,144,55300,100,25,10
1fkb_ligand,233.773224,206,14,6,144,72100,100,25,10
1fkb_ligand,-3.770544,170,1,6,144,59500,100,25,10
1fkb_ligand,-2.985418,275,2,6,144,96250,100,25,10
1fkb_ligand,-4.894639,311,3,6,144,108850,100,25,10
1fkb_ligand,-7.225502,135,4,6,144,47250,100,25,10
1fkb_ligand,7.979875,176,5,6,144,61600,100,25,10
1fkb_ligand,686.260559,255,6,6,144,89250,100,25,10
1fkb_ligand,-2.491166,279,7,6,144,97650,100,25,10
1fkb_ligand,-4.440265,136,8,6,144,47600,100,25,10
1fkb_ligand,-4.458691,360,9,6,144,126000,100,25,10
1fkb_ligand,-15.227009,86,0,6,144,438600,100,25,200
1fkb_ligand,-4.819858,249,10,6,144,1269900,100,25,200
1fkb_ligand,-5.937873,200,11,6,144,1020000,100,25,200
1fkb_ligand,-8.445746,322,12,6,144,1642200,100,25,200
1fkb_ligand,-5.501416,151,13,6,144,770100,100,25,200
1fkb_ligand,-6.538254,219,14,6,144,1116900,100,25,200
1fkb_ligand,-6.611151,79,1,6,144,402900,100,25,200
1fkb_ligand,-5.238920,115,2,6,144,586500,100,25,200
1fkb_ligand,-4.426964,240,3,6,144,1224000,100,25,200
1fkb_ligand,-7.697969,153,4,6,144,780300,100,25,200
1fkb_ligand,-2.716156,240,5,6,144,1224000,100,25,200
1fkb_ligand,-4.873844,358,6,6,144,1825800,100,25,200
1fkb_ligand,-4.688381,76,7,6,144,387600,100,25,200
1fkb_ligand,-3.277415,289,8,6,144,1473900,100,25,200
1fkb_ligand,-7.112515,196,9,6,144,999600,100,25,200
1fkb_ligand,-16.541088,227,0,6,144,164575,100,25,25
1fkb_ligand,-2.000116,179,10,6,144,129775,100,25,25
1fkb_ligand,-3.710008,355,11,6,144,257375,100,25,25
1fkb_ligand,-6.145143,189,12,6,144,137025,100,25,25
1fkb_ligand,-5.872036,272,13,6,144,197200,100,25,25
1fkb_ligand,-6.551339,177,14,6,144,128325,100,25,25
1fkb_ligand,-3.559069,342,1,6,144,247950,100,25,25
1fkb_ligand,-4.266649,312,2,6,144,226200,100,25,25
1fkb_ligand,-3.479405,381,3,6,144,276225,100,25,25
1fkb_ligand,-7.672585,314,4,6,144,227650,100,25,25
1fkb_ligand,-5.655860,277,5,6,144,200825,100,25,25
1fkb_ligand,-4.125688,311,6,6,144,225475,100,25,25
1fkb_ligand,-1.263745,342,7,6,144,247950,100,25,25
1fkb_ligand,-3.286966,489,8,6,144,354525,100,25,25
1fkb_ligand,-5.034160,164,9,6,144,118900,100,25,25
1fkb_ligand,-4.842615,403,0,6,144,544050,100,25,50
1fkb_ligand,-2.083665,85,10,6,144,114750,100,25,50
1fkb_ligand,-3.426697,172,11,6,144,232200,100,25,50
1fkb_ligand,-6.141755,171,12,6,144,230850,100,25,50
1fkb_ligand,-7.572268,218,13,6,144,294300,100,25,50
1fkb_ligand,-5.736185,91,14,6,144,122850,100,25,50
1fkb_ligand,-2.328866,191,1,6,144,257850,100,25,50
1fkb_ligand,-4.033033,126,2,6,144,170100,100,25,50
1fkb_ligand,-3.835970,169,3,6,144,228150,100,25,50
1fkb_ligand,-7.683419,397,4,6,144,535950,100,25,50
1fkb_ligand,-2.817250,159,5,6,144,214650,100,25,50
1fkb_ligand,659.728027,219,6,6,144,295650,100,25,50
1fkb_ligand,-4.567809,272,7,6,144,367200,100,25,50
1fkb_ligand,-3.197229,472,8,6,144,637200,100,25,50
1fkb_ligand,-6.925502,283,9,6,144,382050,100,25,50
1fkb_ligand,-17.570534,94,0,6,144,479400,100,50,100
1fkb_ligand,-5.281361,184,10,6,144,938400,100,50,100
1fkb_ligand,-4.457071,186,11,6,144,948600,100,50,100
1fkb_ligand,-7.287467,226,12,6,144,1152600,100,50,100
1fkb_ligand,-6.042420,111,13,6,144,566100,100,50,100
1fkb_ligand,-6.716045,319,14,6,144,1626900,100,50,100
1fkb_ligand,-5.900748,224,1,6,144,1142400,100,50,100
1fkb_ligand,-6.213356,238,2,6,144,1213800,100,50,100
1fkb_ligand,-3.474740,158,3,6,144,805800,100,50,100
1fkb_ligand,-7.696099,157,4,6,144,800700,100,50,100
1fkb_ligand,-4.300115,240,5,6,144,1224000,100,50,100
1fkb_ligand,-5.688012,283,6,6,144,1443300,100,50,100
1fkb_ligand,-4.925323,186,7,6,144,948600,100,50,100
1fkb_ligand,-3.226836,105,8,6,144,535500,100,50,100
1fkb_ligand,-8.671519,161,9,6,144,821100,100,50,100
1fkb_ligand,-15.021866,216,0,6,144,129600,100,50,10
1fkb_ligand,-1.401435,172,10,6,144,103200,100,50,10
1fkb_ligand,-4.638269,181,11,6,144,108600,100,50,10
1fkb_ligand,-6.147794,224,12,6,144,134400,100,50,10
1fkb_ligand,-0.813129,349,13,6,144,209400,100,50,10
1fkb_ligand,-0.691423,290,14,6,144,174000,100,50,10
1fkb_ligand,-5.532005,500,1,6,144,300000,100,50,10
1fkb_ligand,-4.702411,500,2,6,144,300000,100,50,10
1fkb_ligand,-4.629631,194,3,6,144,116400,100,50,10
1fkb_ligand,-7.654975,133,4,6,144,79800,100,50,10
1fkb_ligand,-1.812844,109,5,6,144,65400,100,50,10
1fkb_ligand,61.182072,200,6,6,144,120000,100,50,10
1fkb_ligand,-5.472834,179,7,6,144,107400,100,50,10
1fkb_ligand,-3.506596,309,8,6,144,185400,100,50,10
1fkb_ligand,-7.926345,291,9,6,144,174600,100,50,10
1fkb_ligand,-17.589100,264,0,6,144,2666400,100,50,200
1fkb_ligand,-6.154856,192,10,6,144,1939200,100,50,200
1fkb_ligand,-5.840117,154,11,6,144,1555400,100,50,200
1fkb_ligand,-8.195588,231,12,6,144,2333100,100,50,200
1fkb_ligand,-6.029627,120,13,6,144,1212000,100,50,200
1fkb_ligand,-6.471644,149,14,6,144,1504900,100,50,200
1fkb_ligand,-6.078290,344,1,6,144,3474400,100,50,200
1fkb_ligand,-6.066786,122,2,6,144,1232200,100,50,200
1fkb_ligand,-4.954423,206,3,6,144,2080600,100,50,200
1fkb_ligand,-7.696684,127,4,6,144,1282700,100,50,200
1fkb_ligand,-4.473186,110,5,6,144,1111000,100,50,200
1fkb_ligand,-5.468062,106,6,6,144,1070600,100,50,200
1fkb_ligand,-5.356500,101,7,6,144,1020100,100,50,200
1fkb_ligand,-7.139605,218,8,6,144,2201800,100,50,200
1fkb_ligand,-8.757461,161,9,6,144,1626100,100,50,200
1fkb_ligand,-16.327307,190,0,6,144,256500,100,50,25
1fkb_ligand,-1.114850,324,10,6,144,437400,100,50,25
1fkb_ligand,-7.677464,189,11,6,144,255150,100,50,25
1fkb_ligand,-6.149200,161,12,6,144,217350,100,50,25
1fkb_ligand,-4.702248,285,13,6,144,384750,100,50,25
1fkb_ligand,-2.301772,260,14,6,144,351000,100,50,25
1fkb_ligand,-3.249203,122,1,6,144,164700,100,50,25
1fkb_ligand,-4.760324,240,2,6,144,324000,100,50,25
1fkb_ligand,-3.028009,96,3,6,144,129600,100,50,25
1fkb_ligand,-7.190278,154,4,6,144,207900,100,50,25
1fkb_ligand,-3.828244,179,5,6,144,241650,100,50,25
1fkb_ligand,-5.289421,138,6,6,144,186300,100,50,25
1fkb_ligand,-5.435040,332,7,6,144,448200,100,50,25
1fkb_ligand,-3.186679,269,8,6,144,363150,100,50,25
1fkb_ligand,-7.918556,294,9,6,144,396900,100,50,25
1fkb_ligand,-16.343908,140,0,6,144,364000,100,50,50
1fkb_ligand,-2.114192,204,10,6,144,530400,100,50,50
1fkb_ligand,-5.461594,229,11,6,144,595400,100,50,50
1fkb_ligand,-7.300138,124,12,6,144,322400,100,50,50
1fkb_ligand,-6.078768,309,13,6,144,803400,100,50,50
1fkb_ligand,-6.584974,278,14,6,144,722800,100,50,50
1fkb_ligand,-2.836746,109,1,6,144,283400,100,50,50
1fkb_ligand,-6.209391,262,2,6,144,681200,100,50,50
1fkb_ligand,-3.458469,197,3,6,144,512200,100,50,50
1fkb_ligand,-7.697165,451,4,6,144,1172600,100,50,50
1fkb_ligand,-1.068290,94,5,6,144,244400,100,50,50
1fkb_ligand,-3.799289,235,6,6,144,611000,100,50,50
1fkb_ligand,-5.169940,109,7,6,144,283400,100,50,50
1fkb_ligand,-2.903385,213,8,6,144,553800,100,50,50
1fkb_ligand,-8.488131,143,9,6,144,371800,100,50,50
1fkb_ligand,-16.334930,230,0,6,144,1748000,100,75,100
1fkb_ligand,-3.659752,158,10,6,144,1200800,100,75,100
1fkb_ligand,-6.612726,141,11,6,144,1071600,100,75,100
1fkb_ligand,-7.304726,92,12,6,144,699200,100,75,100
1fkb_ligand,-6.662863,162,13,6,144,1231200,100,75,100
1fkb_ligand,-6.387806,190,14,6,144,1444000,100,75,100
1fkb_ligand,-8.007017,278,1,6,144,2112800,100,75,100
1fkb_ligand,-7.620736,228,2,6,144,1732800,100,75,100
1fkb_ligand,-4.452371,180,3,6,144,1368000,100,75,100
1fkb_ligand,-7.695123,116,4,6,144,881600,100,75,100
1fkb_ligand,-4.283348,176,5,6,144,1337600,100,75,100
1fkb_ligand,-5.685168,125,6,6,144,950000,100,75,100
1fkb_ligand,-3.533695,126,7,6,144,957600,100,75,100
1fkb_ligand,-3.382718,294,8,6,144,2234400,100,75,100
1fkb_ligand,-8.675766,196,9,6,144,1489600,100,75,100
1fkb_ligand,-16.263195,193,0,6,144,164050,100,75,10
1fkb_ligand,-1.303221,113,10,6,144,96050,100,75,10
1fkb_ligand,-4.599338,166,11,6,144,141100,100,75,10
1fkb_ligand,-6.154527,108,12,6,144,91800,100,75,10
1fkb_ligand,-4.653514,306,13,6,144,260100,100,75,10
1fkb_ligand,-1.745908,140,14,6,144,119000,100,75,10
1fkb_ligand,3.203120,356,1,6,144,302600,100,75,10
1fkb_ligand,-6.407381,500,2,6,144,425000,100,75,10
1fkb_ligand,-6.090197,300,3,6,144,255000,100,75,10
1fkb_ligand,-7.670821,193,4,6,144,164050,100,75,10
1fkb_ligand,-5.123381,382,5,6,144,324700,100,75,10
1fkb_ligand,-3.488731,222,6,6,144,188700,100,75,10
1fkb_ligand,-3.559872,139,7,6,144,118150,100,75,10
1fkb_ligand,-4.402976,159,8,6,144,135150,100,75,10
1fkb_ligand,-8.266729,239,9,6,144,203150,100,75,10
1fkb_ligand,-17.593906,198,0,6,144,2989800,100,75,200
1fkb_ligand,-5.890142,296,10,6,144,4469600,100,75,200
1fkb_ligand,-5.847728,308,11,6,144,4650800,100,75,200
1fkb_ligand,-7.885101,118,12,6,144,1781800,100,75,200
1fkb_ligand,-8.307857,124,13,6,144,1872400,100,75,200
1fkb_ligand,-6.508214,196,14,6,144,2959600,100,75,200
1fkb_ligand,-8.179763,100,1,6,144,1510000,100,75,200
1fkb_ligand,-7.489131,146,2,6,144,2204600,100,75,200
1fkb_ligand,-5.152194,74,3,6,144,1117400,100,75,200
1fkb_ligand,-7.702202,138,4,6,144,2083800,100,75,200
1fkb_ligand,-4.486866,204,5,6,144,3080400,100,75,200
1fkb_ligand,-5.533433,202,6,6,144,3050200,100,75,200
1fkb_ligand,-5.719701,148,7,6,144,2234800,100,75,200
1fkb_ligand,-8.732431,86,8,6,144,1298600,100,75,200
1fkb_ligand,-8.762180,198,9,6,144,2989800,100,75,200
1fkb_ligand,-14.389577,218,0,6,144,430550,100,75,25
1fkb_ligand,-3.061780,500,10,6,144,987500,100,75,25
1fkb_ligand,-6.323009,161,11,6,144,317975,100,75,25
1fkb_ligand,-6.155162,170,12,6,144,335750,100,75,25
1fkb_ligand,-5.935013,232,13,6,144,458200,100,75,25
1fkb_ligand,-2.131035,92,14,6,144,181700,100,75,25
1fkb_ligand,-1.566867,117,1,6,144,231075,100,75,25
1fkb_ligand,-3.878514,258,2,6,144,509550,100,75,25
1fkb_ligand,-5.582789,242,3,6,144,477950,100,75,25
1fkb_ligand,-7.660763,130,4,6,144,256750,100,75,25
1fkb_ligand,-3.289924,214,5,6,144,422650,100,75,25
1fkb_ligand,-3.000772,199,6,6,144,393025,100,75,25
1fkb_ligand,-3.669515,203,7,6,144,400925,100,75,25
1fkb_ligand,-3.202931,291,8,6,144,574725,100,75,25
1fkb_ligand,-7.931087,500,9,6,144,987500,100,75,25
1fkb_ligand,-17.324652,262,0,6,144,1008700,100,75,50
1fkb_ligand,-4.590763,156,10,6,144,600600,100,75,50
1fkb_ligand,-6.711248,135,11,6,144,519750,100,75,50
1fkb_ligand,-7.314148,227,12,6,144,873950,100,75,50
1fkb_ligand,-6.523114,94,13,6,144,361900,100,75,50
1fkb_ligand,-6.793450,275,14,6,144,1058750,100,75,50
1fkb_ligand,-5.946707,260,1,6,144,1001000,100,75,50
1fkb_ligand,-6.465331,363,2,6,144,1397550,100,75,50
1fkb_ligand,-3.141531,310,3,6,144,1193500,100,75,50
1fkb_ligand,-7.698073,180,4,6,144,693000,100,75,50
1fkb_ligand,-2.277734,314,5,6,144,1208900,100,75,50
1fkb_ligand,-5.551310,138,6,6,144,531300,100,75,50
1fkb_ligand,-3.643423,162,7,6,144,623700,100,75,50
1fkb_ligand,-3.162290,229,8,6,144,881650,100,75,50
1fkb_ligand,-5.966821,191,9,6,144,735350,100,75,50
1hii_ligand,-13.152899,500,0,19,93,5050000,100,100,100
1hii_ligand,-2.285249,120,10,19,93,1212000,100,100,100
1hii_ligand,-4.352589,86,11,19,93,868600,100,100,100
1hii_ligand,-4.587900,236,12,19,93,2383600,100,100,100
1hii_ligand,1.550625,298,13,19,93,3009800,100,100,100
1hii_ligand,-2.090350,232,14,19,93,2343200,100,100,100
1hii_ligand,-3.731967,148,1,19,93,1494800,100,100,100
1hii_ligand,-4.131891,97,2,19,93,979700,100,100,100
1hii_ligand,-8.752815,160,3,19,93,1616000,100,100,100
1hii_ligand,-3.378221,172,4,19,93,1737200,100,100,100
1hii_ligand,-3.340844,106,5,19,93,1070600,100,100,100
1hii_ligand,-1.391965,104,6,19,93,1050400,100,100,100
1hii_ligand,-3.005875,100,7,19,93,1010000,100,100,100
1hii_ligand,7.311783,224,8,19,93,2262400,100,100,100
1hii_ligand,-3.463816,250,9,19,93,2525000,100,100,100
1hii_ligand,-5.838149,500,0,19,93,550000,100,100,10
1hii_ligand,12.253229,500,10,19,93,550000,100,100,10
1hii_ligand,-1.983503,500,11,19,93,550000,100,100,10
1hii_ligand,-0.418701,500,12,19,93,550000,100,100,10
1hii_ligand,11.946377,500,13,19,93,550000,100,100,10
1hii_ligand,-2.110594,183,14,19,93,201300,100,100,10
1hii_ligand,-0.213310,500,1,19,93,550000,100,100,10
1hii_ligand,46.161583,500,2,19,93,550000,100,100,10
1hii_ligand,2077.360596,500,3,19,93,550000,100,100,10
1hii_ligand,-3.976943,450,4,19,93,495000,100,100,10
1hii_ligand,34.228653,500,5,19,93,550000,100,100,10
1hii_ligand,-1.723123,500,6,19,93,550000,100,100,10
1hii_ligand,-2.603577,500,7,19,93,550000,100,100,10
1hii_ligand,29.881445,500,8,19,93,550000,100,100,10
1hii_ligand,-1.152413,500,9,19,93,550000,100,100,10
1hii_ligand,-13.452349,268,0,19,93,5386800,100,100,200
1hii_ligand,-9.229240,176,10,19,93,3537600,100,100,200
1hii_ligand,-5.061400,112,11,19,93,2251200,100,100,200
1hii_ligand,-4.594420,146,12,19,93,2934600,100,100,200
1hii_ligand,-2.757352,160,13,19,93,3216000,100,100,200
1hii_ligand,-5.308473,239,14,19,93,4803900,100,100,200
1hii_ligand,-5.667261,175,1,19,93,3517500,100,100,200
1hii_ligand,-4.737464,114,2,19,93,2291400,100,100,200
1hii_ligand,-9.891748,160,3,19,93,3216000,100,100,200
1hii_ligand,-4.266785,126,4,19,93,2532600,100,100,200
1hii_ligand,-4.816608,270,5,19,93,5427000,100,100,200
1hii_ligand,-4.514560,210,6,19,93,4221000,100,100,200
1hii_ligand,-5.632905,108,7,19,93,2170800,100,100,200
1hii_ligand,-2.551230,150,8,19,93,3015000,100,100,200
1hii_ligand,-3.377754,154,9,19,93,3095400,100,100,200
1hii_ligand,-0.186587,500,0,19,93,1300000,100,100,25
1hii_ligand,6.123683,500,10,19,93,1300000,100,100,25
1hii_ligand,-1.724774,417,11,19,93,1084200,100,100,25
1hii_ligand,-6.049325,480,12,19,93,1248000,100,100,25
1hii_ligand,-4.287144,191,13,19,93,496600,100,100,25
1hii_ligand,-1.083374,500,14,19,93,1300000,100,100,25
1hii_ligand,-1.158617,411,1,19,93,1068600,100,100,25
1hii_ligand,16.560215,268,2,19,93,696800,100,100,25
1hii_ligand,182.783005,179,3,19,93,465400,100,100,25
1hii_ligand,-2.663000,254,4,19,93,660400,100,100,25
1hii_ligand,9.773801,500,5,19,93,1300000,100,100,25
1hii_ligand,-5.404562,309,6,19,93,803400,100,100,25
1hii_ligand,-3.512700,218,7,19,93,566800,100,100,25
1hii_ligand,27.936989,500,8,19,93,1300000,100,100,25
1hii_ligand,-3.544941,321,9,19,93,834600,100,100,25
1hii_ligand,-6.616505,500,0,19,93,2550000,100,100,50
1hii_ligand,0.987267,271,10,19,93,1382100,100,100,50
1hii_ligand,-4.134321,377,11,19,93,1922700,100,100,50
1hii_ligand,-3.226373,389,12,19,93,1983900,100,100,50
1hii_ligand,-2.527617,192,13,19,93,979200,100,100,50
1hii_ligand,-2.552624,142,14,19,93,724200,100,100,50
1hii_ligand,-3.572650,156,1,19,93,795600,100,100,50
1hii_ligand,-2.443772,179,2,19,93,912900,100,100,50
1hii_ligand,-1.523614,240,3,19,93,1224000,100,100,50
1hii_ligand,-3.550195,161,4,19,93,821100,100,100,50
1hii_ligand,6.960811,500,5,19,93,2550000,100,100,50
1hii_ligand,-4.322422,303,6,19,93,1545300,100,100,50
1hii_ligand,-2.740392,188,7,19,93,958800,100,100,50
1hii_ligand,24.835737,226,8,19,93,1152600,100,100,50
1hii_ligand,-3.981213,218,9,19,93,1111800,100,100,50
1hii_ligand,-10.482797,323,0,19,93,355300,100,10,100
1hii_ligand,-1.601529,254,10,19,93,279400,100,10,100
1hii_ligand,-0.666698,301,11,19,93,331100,100,10,100
1hii_ligand,5.664310,476,12,19,93,523600,100,10,100
1hii_ligand,-2.580255,301,13,19,93,331100,100,10,100
1hii_ligand,-4.729331,418,14,19,93,459800,100,10,100
1hii_ligand,-2.789652,349,1,19,93,383900,100,10,100
1hii_ligand,2204.890137,500,2,19,93,550000,100,10,100
1hii_ligand,114.293991,143,3,19,93,157300,100,10,100
1hii_ligand,-2.282009,417,4,19,93,458700,100,10,100
1hii_ligand,-3.922766,186,5,19,93,204600,100,10,100
1hii_ligand,-2.480971,271,6,19,93,298100,100,10,100
1hii_ligand,-1.278554,500,7,19,93,550000,100,10,100
1hii_ligand,914.159180,97,8,19,93,106700,100,10,100
1hii_ligand,-3.016329,234,9,19,93,257400,100,10,100
1hii_ligand,233.131317,500,0,19,93,100000,100,10,10
1hii_ligand,28.996914,500,10,19,93,100000,100,10,10
1hii_ligand,-10.548726,500,11,19,93,100000,100,10,10
1hii_ligand,17.927061,490,12,19,93,98000,100,10,10
1hii_ligand,3465.177002,500,13,19,93,100000,100,10,10
1hii_ligand,44.183437,398,14,19,93,79600,100,10,10
1hii_ligand,-3.008459,500,1,19,93,100000,100,10,10
1hii_ligand,-2.767843,319,2,19,93,63800,100,10,10
1hii_ligand,1141.677124,500,3,19,93,100000,100,10,10
1hii_ligand,13.725694,188,4,19,93,37600,100,10,10
1hii_ligand,113.279991,500,5,19,93,100000,100,10,10
1hii_ligand,-1.052507,368,6,19,93,73600,100,10,10
1hii_ligand,1709.442505,500,7,19,93,100000,100,10,10
1hii_ligand,1950.408447,258,8,19,93,51600,100,10,10
1hii_ligand,3.345577,500,9,19,93,100000,100,10,10
1hii_ligand,-0.467278,127,0,19,93,266700,100,10,200
1hii_ligand,-1.966912,265,10,19,93,556500,100,10,200
1hii_ligand,-2.035669,500,11,19,93,1050000,100,10,200
1hii_ligand,-9.968889,192,12,19,93,403200,100,10,200
1hii_ligand,-2.515732,288,13,19,93,604800,100,10,200
1hii_ligand,-3.118354,415,14,19,93,871500,100,10,200
1hii_ligand,-4.368102,199,1,19,93,417900,100,10,200
1hii_ligand,-6.562425,500,2,19,93,1050000,100,10,200
1hii_ligand,-5.064386,473,3,19,93,993300,100,10,200
1hii_ligand,-3.776344,500,4,19,93,1050000,100,10,200
1hii_ligand,13.283793,335,5,19,93,703500,100,10,200
1hii_ligand,-4.398911,181,6,19,93,380100,100,10,200
1hii_ligand,832.619629,333,7,19,93,699300,100,10,200
1hii_ligand,-2.761055,293,8,19,93,615300,100,10,200
1hii_ligand,-6.523904,500,9,19,93,1050000,100,10,200
1hii_ligand,60.237053,500,0,19,93,175000,100,10,25
1hii_ligand,8.132368,199,10,19,93,69650,100,10,25
1hii_ligand,-2.393919,302,11,19,93,105700,100,10,25
1hii_ligand,16.997375,488,12,19,93,170800,100,10,25
1hii_ligand,15.498204,257,13,19,93,89950,100,10,25
1hii_ligand,-3.287843,500,14,19,93,175000,100,10,25
1hii_ligand,-2.047854,140,1,19,93,49000,100,10,25
1hii_ligand,-0.987837,500,2,19,93,175000,100,10,25
1hii_ligand,372.780701,296,3,19,93,103600,100,10,25
1hii_ligand,-0.992779,181,4,19,93,63350,100,10,25
1hii_ligand,33.705086,500,5,19,93,175000,100,10,25
1hii_ligand,-0.597237,227,6,19,93,79450,100,10,25
1hii_ligand,493.052979,340,7,19,93,119000,100,10,25
1hii_ligand,78.850525,494,8,19,93,172900,100,10,25
1hii_ligand,1.657474,209,9,19,93,73150,100,10,25
1hii_ligand,0.136831,415,0,19,93,249000,100,10,50
1hii_ligand,-0.293000,258,10,19,93,154800,100,10,50
1hii_ligand,-2.094104,302,11,19,93,181200,100,10,50
1hii_ligand,1.574768,223,12,19,93,133800,100,10,50
1hii_ligand,16.492838,272,13,19,93,163200,100,10,50
1hii_ligand,-2.082299,396,14,19,93,237600,100,10,50
1hii_ligand,-2.688973,243,1,19,93,145800,100,10,50
1hii_ligand,-0.071953,500,2,19,93,300000,100,10,50
1hii_ligand,97.950226,473,3,19,93,283800,100,10,50
1hii_ligand,20.109869,500,4,19,93,300000,100,10,50
1hii_ligand,-4.060412,335,5,19,93,201000,100,10,50
1hii_ligand,-1.674998,500,6,19,93,300000,100,10,50
1hii_ligand,581.416138,500,7,19,93,300000,100,10,50
1hii_ligand,0.837894,404,8,19,93,242400,100,10,50
1hii_ligand,-3.274820,214,9,19,93,128400,100,10,50
1hii_ligand,24.366764,500,0,19,93,1300000,100,25,100
1hii_ligand,4.998826,255,10,19,93,663000,100,25,100
1hii_ligand,-1.836684,337,11,19,93,876200,100,25,100
1hii_ligand,4.941970,304,12,19,93,790400,100,25,100
1hii_ligand,14.794882,124,13,19,93,322400,100,25,100
1hii_ligand,-2.802429,469,14,19,93,1219400,100,25,100
1hii_ligand,-5.045346,314,1,19,93,816400,100,25,100
1hii_ligand,-9.517598,500,2,19,93,1300000,100,25,100
1hii_ligand,-3.316037,245,3,19,93,637000,100,25,100
1hii_ligand,0.502586,351,4,19,93,912600,100,25,100
1hii_ligand,-2.462712,177,5,19,93,460200,100,25,100
1hii_ligand,4.776423,416,6,19,93,1081600,100,25,100
1hii_ligand,-2.393957,427,7,19,93,1110200,100,25,100
1hii_ligand,7.794074,500,8,19,93,1300000,100,25,100
1hii_ligand,-2.605022,190,9,19,93,494000,100,25,100
1hii_ligand,3.333751,500,0,19,93,175000,100,25,10
1hii_ligand,7.980796,194,10,19,93,67900,100,25,10
1hii_ligand,-0.655570,324,11,19,93,113400,100,25,10
1hii_ligand,19.056776,282,12,19,93,98700,100,25,10
1hii_ligand,69.420937,500,13,19,93,175000,100,25,10
1hii_ligand,-1.224098,500,14,19,93,175000,100,25,10
1hii_ligand,-2.463683,281,1,19,93,98350,100,25,10
1hii_ligand,578.234619,500,2,19,93,175000,100,25,10
1hii_ligand,973.216919,500,3,19,93,175000,100,25,10
1hii_ligand,-2.034765,181,4,19,93,63350,100,25,10
1hii_ligand,54.366447,482,5,19,93,168700,100,25,10
1hii_ligand,-0.785670,500,6,19,93,175000,100,25,10
1hii_ligand,-1.930678,500,7,19,93,175000,100,25,10
1hii_ligand,21.780655,500,8,19,93,175000,100,25,10
1hii_ligand,-0.369306,275,9,19,93,96250,100,25,10
1hii_ligand,-3.302699,133,0,19,93,678300,100,25,200
1hii_ligand,-3.251523,138,10,19,93,703800,100,25,200
1hii_ligand,-4.729946,330,11,19,93,1683000,100,25,200
1hii_ligand,-4.213096,183,12,19,93,933300,100,25,200
1hii_ligand,-4.018465,334,13,19,93,1703400,100,25,200
1hii_ligand,-6.086568,348,14,19,93,1774800,100,25,200
1hii_ligand,-6.853281,313,1,19,93,1596300,100,25,200
1hii_ligand,4.111393,129,2,19,93,657900,100,25,200
1hii_ligand,-3.604638,276,3,19,93,1407600,100,25,200
1hii_ligand,-4.495875,188,4,19,93,958800,100,25,200
1hii_ligand,-4.175209,111,5,19,93,566100,100,25,200
1hii_ligand,-4.413724,197,6,19,93,1004700,100,25,200
1hii_ligand,-2.449081,324,7,19,93,1652400,100,25,200
1hii_ligand,-4.854478,500,8,19,93,2550000,100,25,200
1hii_ligand,-2.032598,258,9,19,93,1315800,100,25,200
1hii_ligand,7.464354,500,0,19,93,362500,100,25,25
1hii_ligand,4.268136,137,10,19,93,99325,100,25,25
1hii_ligand,12.729116,302,11,19,93,218950,100,25,25
1hii_ligand,3.961708,500,12,19,93,362500,100,25,25
1hii_ligand,-3.189205,244,13,19,93,176900,100,25,25
1hii_ligand,-1.737176,500,14,19,93,362500,100,25,25
1hii_ligand,-2.816878,325,1,19,93,235625,100,25,25
1hii_ligand,523.870056,258,2,19,93,187050,100,25,25
1hii_ligand,183.975281,433,3,19,93,313925,100,25,25
1hii_ligand,433.502716,500,4,19,93,362500,100,25,25
1hii_ligand,128.093399,500,5,19,93,362500,100,25,25
1hii_ligand,-1.938666,366,6,19,93,265350,100,25,25
1hii_ligand,-1.432998,263,7,19,93,190675,100,25,25
1hii_ligand,49.708389,232,8,19,93,168200,100,25,25
1hii_ligand,70.695503,326,9,19,93,236350,100,25,25
1hii_ligand,163.471375,323,0,19,93,436050,100,25,50
1hii_ligand,6.816526,213,10,19,93,287550,100,25,50
1hii_ligand,-2.614883,318,11,19,93,429300,100,25,50
1hii_ligand,0.426952,365,12,19,93,492750,100,25,50
1hii_ligand,-0.691745,418,13,19,93,564300,100,25,50
1hii_ligand,-0.897479,140,14,19,93,189000,100,25,50
1hii_ligand,-2.759039,221,1,19,93,298350,100,25,50
1hii_ligand,45.180489,500,2,19,93,675000,100,25,50
1hii_ligand,2.008275,137,3,19,93,184950,100,25,50
1hii_ligand,-3.594401,219,4,19,93,295650,100,25,50
1hii_ligand,127.023453,329,5,19,93,444150,100,25,50
1hii_ligand,-1.196438,396,6,19,93,534600,100,25,50
1hii_ligand,-0.725639,500,7,19,93,675000,100,25,50
1hii_ligand,40.701672,362,8,19,93,488700,100,25,50
1hii_ligand,-2.858664,500,9,19,93,675000,100,25,50
1hii_ligand,-3.482067,500,0,19,93,2550000,100,50,100
1hii_ligand,-2.931875,258,10,19,93,1315800,100,50,100
1hii_ligand,-1.192055,210,11,19,93,1071000,100,50,100
1hii_ligand,-3.173037,182,12,19,93,928200,100,50,100
1hii_ligand,-2.606101,212,13,19,93,1081200,100,50,100
1hii_ligand,-4.690765,238,14,19,93,1213800,100,50,100
1hii_ligand,-5.275513,253,1,19,93,1290300,100,50,100
1hii_ligand,-2.955600,291,2,19,93,1484100,100,50,100
1hii_ligand,-4.050859,107,3,19,93,545700,100,50,100
1hii_ligand,-4.194520,500,4,19,93,2550000,100,50,100
1hii_ligand,-2.676529,106,5,19,93,540600,100,50,100
1hii_ligand,-1.731477,272,6,19,93,1387200,100,50,100
1hii_ligand,-3.911406,470,7,19,93,2397000,100,50,100
1hii_ligand,7.548672,500,8,19,93,2550000,100,50,100
1hii_ligand,-3.658479,253,9,19,93,1290300,100,50,100
1hii_ligand,280.620239,500,0,19,93,300000,100,50,10
1hii_ligand,221.985748,500,10,19,93,300000,100,50,10
1hii_ligand,-14.353251,319,11,19,93,191400,100,50,10
1hii_ligand,22.187901,294,12,19,93,176400,100,50,10
1hii_ligand,556.673584,500,13,19,93,300000,100,50,10
1hii_ligand,-1.257232,500,14,19,93,300000,100,50,10
1hii_ligand,-0.705528,261,1,19,93,156600,100,50,10
1hii_ligand,782.736572,500,2,19,93,300000,100,50,10
1hii_ligand,1864.097778,500,3,19,93,300000,100,50,10
1hii_ligand,0.369067,324,4,19,93,194400,100,50,10
1hii_ligand,67.591911,488,5,19,93,292800,100,50,10
1hii_ligand,-1.572263,500,6,19,93,300000,100,50,10
1hii_ligand,1.425440,500,7,19,93,300000,100,50,10
1hii_ligand,23.489428,500,8,19,93,300000,100,50,10
1hii_ligand,0.110712,276,9,19,93,165600,100,50,10
1hii_ligand,-4.289988,444,0,19,93,4484400,100,50,200
1hii_ligand,-3.888035,233,10,19,93,2353300,100,50,200
1hii_ligand,-4.737274,360,11,19,93,3636000,100,50,200
1hii_ligand,-3.187662,77,12,19,93,777700,100,50,200
1hii_ligand,-1.398133,81,13,19,93,818100,100,50,200
1hii_ligand,-3.963627,403,14,19,93,4070300,100,50,200
1hii_ligand,-6.814664,500,1,19,93,5050000,100,50,200
1hii_ligand,-2.407676,184,2,19,93,1858400,100,50,200
1hii_ligand,-5.033657,270,3,19,93,2727000,100,50,200
1hii_ligand,-4.827097,424,4,19,93,4282400,100,50,200
1hii_ligand,-4.263707,272,5,19,93,2747200,100,50,200
1hii_ligand,-2.629753,388,6,19,93,3918800,100,50,200
1hii_ligand,-4.168570,327,7,19,93,3302700,100,50,200
1hii_ligand,9.806935,288,8,19,93,2908800,100,50,200
1hii_ligand,-3.042558,126,9,19,93,1272600,100,50,200
1hii_ligand,267.522186,346,0,19,93,467100,100,50,25
1hii_ligand,5.697370,310,10,19,93,418500,100,50,25
1hii_ligand,57.643883,478,11,19,93,645300,100,50,25
1hii_ligand,-0.335717,424,12,19,93,572400,100,50,25
1hii_ligand,-5.596025,290,13,19,93,391500,100,50,25
1hii_ligand,-0.785436,476,14,19,93,642600,100,50,25
1hii_ligand,-1.500174,211,1,19,93,284850,100,50,25
1hii_ligand,-0.124153,265,2,19,93,357750,100,50,25
1hii_ligand,-0.150351,500,3,19,93,675000,100,50,25
1hii_ligand,7.802370,500,4,19,93,675000,100,50,25
1hii_ligand,12.199922,262,5,19,93,353700,100,50,25
1hii_ligand,-0.963704,376,6,19,93,507600,100,50,25
1hii_ligand,1.561877,500,7,19,93,675000,100,50,25
1hii_ligand,36.553608,497,8,19,93,670950,100,50,25
1hii_ligand,35.679276,500,9,19,93,675000,100,50,25
1hii_ligand,76.166962,176,0,19,93,457600,100,50,50
1hii_ligand,4.954805,317,10,19,93,824200,100,50,50
1hii_ligand,-2.989011,207,11,19,93,538200,100,50,50
1hii_ligand,-3.089525,211,12,19,93,548600,100,50,50
1hii_ligand,-2.852983,178,13,19,93,462800,100,50,50
1hii_ligand,-3.087841,178,14,19,93,462800,100,50,50
1hii_ligand,-1.528004,143,1,19,93,371800,100,50,50
1hii_ligand,4.551353,233,2,19,93,605800,100,50,50
1hii_ligand,-8.371162,233,3,19,93,605800,100,50,50
1hii_ligand,-3.627645,162,4,19,93,421200,100,50,50
1hii_ligand,-1.145499,238,5,19,93,618800,100,50,50
1hii_ligand,-3.992163,451,6,19,93,1172600,100,50,50
1hii_ligand,2.114056,376,7,19,93,977600,100,50,50
1hii_ligand,27.518721,281,8,19,93,730600,100,50,50
1hii_ligand,-1.036058,146,9,19,93,379600,100,50,50
1hii_ligand,-6.258833,374,0,19,93,2842400,100,75,100
1hii_ligand,-3.969117,213,10,19,93,1618800,100,75,100
1hii_ligand,-2.372816,254,11,19,93,1930400,100,75,100
1hii_ligand,-3.199919,160,12,19,93,1216000,100,75,100
1hii_ligand,1.472921,215,13,19,93,1634000,100,75,100
1hii_ligand,-2.824825,308,14,19,93,2340800,100,75,100
1hii_ligand,-4.956485,174,1,19,93,1322400,100,75,100
1hii_ligand,-4.189497,210,2,19,93,1596000,100,75,100
1hii_ligand,-3.309276,258,3,19,93,1960800,100,75,100
1hii_ligand,-5.316202,194,4,19,93,1474400,100,75,100
1hii_ligand,-5.276399,252,5,19,93,1915200,100,75,100
1hii_ligand,-2.667542,394,6,19,93,2994400,100,75,100
1hii_ligand,-5.273964,354,7,19,93,2690400,100,75,100
1hii_ligand,7.727398,236,8,19,93,1793600,100,75,100
1hii_ligand,-3.067542,266,9,19,93,2021600,100,75,100
1hii_ligand,-0.605681,500,0,19,93,425000,100,75,10
1hii_ligand,580.627075,474,10,19,93,402900,100,75,10
1hii_ligand,0.371278,225,11,19,93,191250,100,75,10
1hii_ligand,19.644327,493,12,19,93,419050,100,75,10
1hii_ligand,130.675110,500,13,19,93,425000,100,75,10
1hii_ligand,-0.958242,202,14,19,93,171700,100,75,10
1hii_ligand,-0.076627,206,1,19,93,175100,100,75,10
1hii_ligand,28.418018,500,2,19,93,425000,100,75,10
1hii_ligand,36.071304,500,3,19,93,425000,100,75,10
1hii_ligand,404.160706,500,4,19,93,425000,100,75,10
1hii_ligand,80.890312,454,5,19,93,385900,100,75,10
1hii_ligand,-1.881309,460,6,19,93,391000,100,75,10
1hii_ligand,1.713933,500,7,19,93,425000,100,75,10
1hii_ligand,26.105408,456,8,19,93,387600,100,75,10
1hii_ligand,-2.085998,395,9,19,93,335750,100,75,10
1hii_ligand,-5.587378,180,0,19,93,2718000,100,75,200
1hii_ligand,-1.860126,344,10,19,93,5194400,100,75,200
1hii_ligand,-5.154327,203,11,19,93,3065300,100,75,200
1hii_ligand,-3.190147,183,12,19,93,2763300,100,75,200
1hii_ligand,-2.354039,362,13,19,93,5466200,100,75,200
1hii_ligand,-5.339156,420,14,19,93,6342000,100,75,200
1hii_ligand,-5.020111,264,1,19,93,3986400,100,75,200
1hii_ligand,-5.451515,129,2,19,93,1947900,100,75,200
1hii_ligand,-3.013586,96,3,19,93,1449600,100,75,200
1hii_ligand,-4.264319,188,4,19,93,2838800,100,75,200
1hii_ligand,-4.535888,286,5,19,93,4318600,100,75,200
1hii_ligand,-4.335183,218,6,19,93,3291800,100,75,200
1hii_ligand,-4.544600,198,7,19,93,2989800,100,75,200
1hii_ligand,-3.901464,422,8,19,93,6372200,100,75,200
1hii_ligand,-6.181092,500,9,19,93,7550000,100,75,200
1hii_ligand,-0.029800,500,0,19,93,987500,100,75,25
1hii_ligand,11.938010,170,10,19,93,335750,100,75,25
1hii_ligand,-2.871797,361,11,19,93,712975,100,75,25
1hii_ligand,-2.295853,338,12,19,93,667550,100,75,25
1hii_ligand,-5.244841,250,13,19,93,493750,100,75,25
1hii_ligand,-0.568386,168,14,19,93,331800,100,75,25
1hii_ligand,-0.922157,500,1,19,93,987500,100,75,25
1hii_ligand,16.430962,358,2,19,93,707050,100,75,25
1hii_ligand,183.321457,470,3,19,93,928250,100,75,25
1hii_ligand,-3.780783,249,4,19,93,491775,100,75,25
1hii_ligand,48.489014,412,5,19,93,813700,100,75,25
1hii_ligand,-1.002832,233,6,19,93,460175,100,75,25
1hii_ligand,-0.252993,120,7,19,93,237000,100,75,25
1hii_ligand,22.563749,351,8,19,93,693225,100,75,25
1hii_ligand,-1.667259,234,9,19,93,462150,100,75,25
1hii_ligand,-2.817586,430,0,19,93,1655500,100,75,50
1hii_ligand,5.335269,186,10,19,93,716100,100,75,50
1hii_ligand,-1.675988,333,11,19,93,1282050,100,75,50
1hii_ligand,-6.062268,251,12,19,93,966350,100,75,50
1hii_ligand,12.889260,290,13,19,93,1116500,100,75,50
1hii_ligand,-1.891365,292,14,19,93,1124200,100,75,50
1hii_ligand,-2.780843,128,1,19,93,492800,100,75,50
1hii_ligand,-1.063953,124,2,19,93,477400,100,75,50
1hii_ligand,-8.975613,213,3,19,93,820050,100,75,50
1hii_ligand,116.090408,125,4,19,93,481250,100,75,50
1hii_ligand,-1.333211,482,5,19,93,1855700,100,75,50
1hii_ligand,-0.543114,150,6,19,93,577500,100,75,50
1hii_ligand,-3.485602,119,7,19,93,458150,100,75,50
1hii_ligand,27.151146,500,8,19,93,1925000,100,75,50
1hii_ligand,-4.037048,226,9,19,93,870100,100,75,50
2ya6_ligand,-8.988735,98,0,6,36,989800,100,100,100
2ya6_ligand,-10.917662,133,10,6,36,1343300,100,100,100
2ya6_ligand,-6.013116,142,11,6,36,1434200,100,100,100
2ya6_ligand,-9.493955,64,12,6,36,646400,100,100,100
2ya6_ligand,-5.639053,156,13,6,36,1575600,100,100,100
2ya6_ligand,-9.769639,128,14,6,36,1292800,100,100,100
2ya6_ligand,-8.890232,132,1,6,36,1333200,100,100,100
2ya6_ligand,-9.005641,165,2,6,36,1666500,100,100,100
2ya6_ligand,-12.595600,219,3,6,36,2211900,100,100,100
2ya6_ligand,-6.214809,155,4,6,36,1565500,100,100,100
2ya6_ligand,-7.404627,102,5,6,36,1030200,100,100,100
2ya6_ligand,-8.987546,138,6,6,36,1393800,100,100,100
2ya6_ligand,-8.818722,148,7,6,36,1494800,100,100,100
2ya6_ligand,-9.850898,120,8,6,36,1212000,100,100,100
2ya6_ligand,-8.303313,218,9,6,36,2201800,100,100,100
2ya6_ligand,-2.960262,500,0,6,36,550000,100,100,10
2ya6_ligand,-9.734681,500,10,6,36,550000,100,100,10
2ya6_ligand,-6.844962,445,11,6,36,489500,100,100,10
2ya6_ligand,-13.256252,500,12,6,36,550000,100,100,10
2ya6_ligand,14.281203,500,13,6,36,550000,100,100,10
2ya6_ligand,-7.281619,240,14,6,36,264000,100,100,10
2ya6_ligand,-11.973675,450,1,6,36,495000,100,100,10
2ya6_ligand,-8.146617,500,2,6,36,550000,100,100,10
2ya6_ligand,-3.271490,323,3,6,36,355300,100,100,10
2ya6_ligand,-7.305286,267,4,6,36,293700,100,100,10
2ya6_ligand,-3.931563,500,5,6,36,550000,100,100,10
2ya6_ligand,-4.937632,316,6,6,36,347600,100,100,10
2ya6_ligand,-6.027300,345,7,6,36,379500,100,100,10
2ya6_ligand,-8.688075,177,8,6,36,194700,100,100,10
2ya6_ligand,-8.502802,361,9,6,36,397100,100,100,10
2ya6_ligand,-8.954889,120,0,6,36,2412000,100,100,200
2ya6_ligand,-10.495834,134,10,6,36,2693400,100,100,200
2ya6_ligand,-6.158667,72,11,6,36,1447200,100,100,200
2ya6_ligand,-8.947482,118,12,6,36,2371800,100,100,200
2ya6_ligand,-3.668353,164,13,6,36,3296400,100,100,200
2ya6_ligand,-10.172600,112,14,6,36,2251200,100,100,200
2ya6_ligand,-8.967768,112,1,6,36,2251200,100,100,200
2ya6_ligand,-8.968048,98,2,6,36,1969800,100,100,200
2ya6_ligand,-13.462290,142,3,6,36,2854200,100,100,200
2ya6_ligand,-6.658457,78,4,6,36,1567800,100,100,200
2ya6_ligand,-5.917857,88,5,6,36,1768800,100,100,200
2ya6_ligand,-8.965470,220,6,6,36,4422000,100,100,200
2ya6_ligand,-7.846241,114,7,6,36,2291400,100,100,200
2ya6_ligand,-9.168442,208,8,6,36,4180800,100,100,200
2ya6_ligand,-8.282842,63,9,6,36,1266300,100,100,200
2ya6_ligand,-3.093981,500,0,6,36,1300000,100,100,25
2ya6_ligand,-10.980360,225,10,6,36,585000,100,100,25
2ya6_ligand,-6.885431,153,11,6,36,397800,100,100,25
2ya6_ligand,-13.259320,398,12,6,36,1034800,100,100,25
2ya6_ligand,-4.395733,159,13,6,36,413400,100,100,25
2ya6_ligand,224.671967,154,14,6,36,400400,100,100,25
2ya6_ligand,-6.757870,257,1,6,36,668200,100,100,25
2ya6_ligand,-8.357725,309,2,6,36,803400,100,100,25
2ya6_ligand,-9.551301,212,3,6,36,551200,100,100,25
2ya6_ligand,-3.252952,207,4,6,36,538200,100,100,25
2ya6_ligand,-8.324341,447,5,6,36,1162200,100,100,25
2ya6_ligand,-4.488295,500,6,6,36,1300000,100,100,25
2ya6_ligand,-4.803405,164,7,6,36,426400,100,100,25
2ya6_ligand,-4.379205,436,8,6,36,1133600,100,100,25
2ya6_ligand,-7.590607,500,9,6,36,1300000,100,100,25
2ya6_ligand,-9.000926,175,0,6,36,892500,100,100,50
2ya6_ligand,-10.983631,135,10,6,36,688500,100,100,50
2ya6_ligand,-0.943739,163,11,6,36,831300,100,100,50
2ya6_ligand,-8.347963,157,12,6,36,800700,100,100,50
2ya6_ligand,-4.762394,138,13,6,36,703800,100,100,50
2ya6_ligand,-9.815330,129,14,6,36,657900,100,100,50
2ya6_ligand,-6.605407,500,1,6,36,2550000,100,100,50
2ya6_ligand,-3.434157,274,2,6,36,1397400,100,100,50
2ya6_ligand,-8.226015,500,3,6,36,2550000,100,100,50
2ya6_ligand,-4.405290,192,4,6,36,979200,100,100,50
2ya6_ligand,-4.265457,71,5,6,36,362100,100,100,50
2ya6_ligand,-4.573470,483,6,6,36,2463300,100,100,50
2ya6_ligand,-5.496941,112,7,6,36,571200,100,100,50
2ya6_ligand,-11.072927,263,8,6,36,1341300,100,100,50
2ya6_ligand,-8.338207,208,9,6,36,1060800,100,100,50
2ya6_ligand,-7.102337,246,0,6,36,270600,100,10,100
2ya6_ligand,-11.553881,180,10,6,36,198000,100,10,100
2ya6_ligand,-6.042066,199,11,6,36,218900,100,10,100
2ya6_ligand,-13.532124,445,12,6,36,489500,100,10,100
2ya6_ligand,-4.170573,236,13,6,36,259600,100,10,100
2ya6_ligand,1131.574585,500,14,6,36,550000,100,10,100
2ya6_ligand,-5.059649,129,1,6,36,141900,100,10,100
2ya6_ligand,-9.198333,307,2,6,36,337700,100,10,100
2ya6_ligand,-10.722046,500,3,6,36,550000,100,10,100
2ya6_ligand,-6.930941,163,4,6,36,179300,100,10,100
2ya6_ligand,-7.156731,281,5,6,36,309100,100,10,100
2ya6_ligand,-8.989154,376,6,6,36,413600,100,10,100
2ya6_ligand,-4.526134,236,7,6,36,259600,100,10,100
2ya6_ligand,-9.678490,305,8,6,36,335500,100,10,100
2ya6_ligand,-8.097661,268,9,6,36,294800,100,10,100
2ya6_ligand,-0.435210,500,0,6,36,100000,100,10,10
2ya6_ligand,42.610653,156,10,6,36,31200,100,10,10
2ya6_ligand,-3.810763,267,11,6,36,53400,100,10,10
2ya6_ligand,-9.878895,500,12,6,36,100000,100,10,10
2ya6_ligand,19.508898,367,13,6,36,73400,100,10,10
2ya6_ligand,1542.910278,500,14,6,36,100000,100,10,10
2ya6_ligand,-9.614762,500,1,6,36,100000,100,10,10
2ya6_ligand,-8.690431,250,2,6,36,50000,100,10,10
2ya6_ligand,0.459408,190,3,6,36,38000,100,10,10
2ya6_ligand,-7.139243,330,4,6,36,66000,100,10,10
2ya6_ligand,-3.150942,500,5,6,36,100000,100,10,10
2ya6_ligand,37.516506,349,6,6,36,69800,100,10,10
2ya6_ligand,2.750417,500,7,6,36,100000,100,10,10
2ya6_ligand,-9.225966,441,8,6,36,88200,100,10,10
2ya6_ligand,-4.655994,303,9,6,36,60600,100,10,10
2ya6_ligand,-4.481246,357,0,6,36,749700,100,10,200
2ya6_ligand,-10.664181,209,10,6,36,438900,100,10,200
2ya6_ligand,-6.108294,287,11,6,36,602700,100,10,200
2ya6_ligand,-13.888745,500,12,6,36,1050000,100,10,200
2ya6_ligand,-4.314878,125,13,6,36,262500,100,10,200
2ya6_ligand,932.543884,279,14,6,36,585900,100,10,200
2ya6_ligand,-10.007146,115,1,6,36,241500,100,10,200
2ya6_ligand,-9.264226,174,2,6,36,365400,100,10,200
2ya6_ligand,-6.495764,495,3,6,36,1039500,100,10,200
2ya6_ligand,-6.026479,203,4,6,36,426300,100,10,200
2ya6_ligand,-4.747621,100,5,6,36,210000,100,10,200
2ya6_ligand,-9.245798,276,6,6,36,579600,100,10,200
2ya6_ligand,-3.362854,134,7,6,36,281400,100,10,200
2ya6_ligand,-8.604908,93,8,6,36,195300,100,10,200
2ya6_ligand,-8.381077,240,9,6,36,504000,100,10,200
2ya6_ligand,3.814137,356,0,6,36,124600,100,10,25
2ya6_ligand,-3.594566,262,10,6,36,91700,100,10,25
2ya6_ligand,-5.482597,210,11,6,36,73500,100,10,25
2ya6_ligand,-9.849140,212,12,6,36,74200,100,10,25
2ya6_ligand,14.518955,267,13,6,36,93450,100,10,25
2ya6_ligand,45.822098,233,14,6,36,81550,100,10,25
2ya6_ligand,-9.702600,290,1,6,36,101500,100,10,25
2ya6_ligand,-7.908875,500,2,6,36,175000,100,10,25
2ya6_ligand,-0.287071,415,3,6,36,145250,100,10,25
2ya6_ligand,17.352726,250,4,6,36,87500,100,10,25
2ya6_ligand,27.697952,449,5,6,36,157150,100,10,25
2ya6_ligand,-7.552095,337,6,6,36,117950,100,10,25
2ya6_ligand,3.667094,500,7,6,36,175000,100,10,25
2ya6_ligand,-9.226358,275,8,6,36,96250,100,10,25
2ya6_ligand,-10.546398,500,9,6,36,175000,100,10,25
2ya6_ligand,-7.585441,254,0,6,36,152400,100,10,50
2ya6_ligand,-10.477560,216,10,6,36,129600,100,10,50
2ya6_ligand,-5.467062,218,11,6,36,130800,100,10,50
2ya6_ligand,-9.550152,129,12,6,36,77400,100,10,50
2ya6_ligand,13.671378,308,13,6,36,184800,100,10,50
2ya6_ligand,33.715721,280,14,6,36,168000,100,10,50
2ya6_ligand,-0.891498,138,1,6,36,82800,100,10,50
2ya6_ligand,-9.176723,381,2,6,36,228600,100,10,50
2ya6_ligand,-13.271886,500,3,6,36,300000,100,10,50
2ya6_ligand,0.186641,221,4,6,36,132600,100,10,50
2ya6_ligand,-4.923309,278,5,6,36,166800,100,10,50
2ya6_ligand,-1.876060,244,6,6,36,146400,100,10,50
2ya6_ligand,5.120370,500,7,6,36,300000,100,10,50
2ya6_ligand,-9.694156,381,8,6,36,228600,100,10,50
2ya6_ligand,-6.704374,149,9,6,36,89400,100,10,50
2ya6_ligand,-3.261318,254,0,6,36,660400,100,25,100
2ya6_ligand,-10.459206,156,10,6,36,405600,100,25,100
2ya6_ligand,-6.043447,266,11,6,36,691600,100,25,100
2ya6_ligand,-11.878335,467,12,6,36,1214200,100,25,100
2ya6_ligand,-5.075362,301,13,6,36,782600,100,25,100
2ya6_ligand,228.748749,147,14,6,36,382200,100,25,100
2ya6_ligand,-9.071972,111,1,6,36,288600,100,25,100
2ya6_ligand,-8.324281,291,2,6,36,756600,100,25,100
2ya6_ligand,-8.168047,234,3,6,36,608400,100,25,100
2ya6_ligand,-4.848129,144,4,6,36,374400,100,25,100
2ya6_ligand,-6.708479,193,5,6,36,501800,100,25,100
2ya6_ligand,-5.534957,174,6,6,36,452400,100,25,100
2ya6_ligand,-4.792892,177,7,6,36,460200,100,25,100
2ya6_ligand,-8.826087,305,8,6,36,793000,100,25,100
2ya6_ligand,-8.266013,219,9,6,36,569400,100,25,100
2ya6_ligand,2.301767,433,0,6,36,151550,100,25,10
2ya6_ligand,-10.184638,307,10,6,36,107450,100,25,10
2ya6_ligand,-3.082971,237,11,6,36,82950,100,25,10
2ya6_ligand,-12.491812,229,12,6,36,80150,100,25,10
2ya6_ligand,16.538410,500,13,6,36,175000,100,25,10
2ya6_ligand,227.992584,500,14,6,36,175000,100,25,10
2ya6_ligand,3.978149,500,1,6,36,175000,100,25,10
2ya6_ligand,-8.238744,382,2,6,36,133700,100,25,10
2ya6_ligand,1041.685181,500,3,6,36,175000,100,25,10
2ya6_ligand,0.159981,271,4,6,36,94850,100,25,10
2ya6_ligand,2.136071,500,5,6,36,175000,100,25,10
2ya6_ligand,32.469963,348,6,6,36,121800,100,25,10
2ya6_ligand,3.840891,431,7,6,36,150850,100,25,10
2ya6_ligand,5.472459,291,8,6,36,101850,100,25,10
2ya6_ligand,-7.526675,379,9,6,36,132650,100,25,10
2ya6_ligand,-5.549591,245,0,6,36,1249500,100,25,200
2ya6_ligand,-10.479803,156,10,6,36,795600,100,25,200
2ya6_ligand,-6.131435,325,11,6,36,1657500,100,25,200
2ya6_ligand,-13.121157,190,12,6,36,969000,100,25,200
2ya6_ligand,-4.609204,411,13,6,36,2096100,100,25,200
2ya6_ligand,-5.774888,322,14,6,36,1642200,100,25,200
2ya6_ligand,-12.186777,255,1,6,36,1300500,100,25,200
2ya6_ligand,-8.668365,126,2,6,36,642600,100,25,200
2ya6_ligand,-12.665082,255,3,6,36,1300500,100,25,200
2ya6_ligand,-5.666760,133,4,6,36,678300,100,25,200
2ya6_ligand,-4.602294,91,5,6,36,464100,100,25,200
2ya6_ligand,-4.134783,254,6,6,36,1295400,100,25,200
2ya6_ligand,-4.071076,282,7,6,36,1438200,100,25,200
2ya6_ligand,-6.813798,90,8,6,36,459000,100,25,200
2ya6_ligand,-8.287865,283,9,6,36,1443300,100,25,200
2ya6_ligand,-4.986613,211,0,6,36,152975,100,25,25
2ya6_ligand,-10.178214,371,10,6,36,268975,100,25,25
2ya6_ligand,-4.736135,235,11,6,36,170375,100,25,25
2ya6_ligand,-13.112320,219,12,6,36,158775,100,25,25
2ya6_ligand,23.518723,500,13,6,36,362500,100,25,25
2ya6_ligand,242.011627,279,14,6,36,202275,100,25,25
2ya6_ligand,-8.745832,185,1,6,36,134125,100,25,25
2ya6_ligand,-8.439611,500,2,6,36,362500,100,25,25
2ya6_ligand,1055.628052,438,3,6,36,317550,100,25,25
2ya6_ligand,-5.006979,500,4,6,36,362500,100,25,25
2ya6_ligand,-8.900050,197,5,6,36,142825,100,25,25
2ya6_ligand,24.242313,289,6,6,36,209525,100,25,25
2ya6_ligand,-4.202997,297,7,6,36,215325,100,25,25
2ya6_ligand,-8.452098,194,8,6,36,140650,100,25,25
2ya6_ligand,-7.743199,155,9,6,36,112375,100,25,25
2ya6_ligand,-2.784072,357,0,6,36,481950,100,25,50
2ya6_ligand,-10.548288,155,10,6,36,209250,100,25,50
2ya6_ligand,-5.623802,109,11,6,36,147150,100,25,50
2ya6_ligand,-13.098716,270,12,6,36,364500,100,25,50
2ya6_ligand,13.154530,125,13,6,36,168750,100,25,50
2ya6_ligand,-6.137496,296,14,6,36,399600,100,25,50
2ya6_ligand,-8.747515,155,1,6,36,209250,100,25,50
2ya6_ligand,-4.249474,156,2,6,36,210600,100,25,50
2ya6_ligand,-7.760708,137,3,6,36,184950,100,25,50
2ya6_ligand,-5.210648,215,4,6,36,290250,100,25,50
2ya6_ligand,-5.452074,135,5,6,36,182250,100,25,50
2ya6_ligand,-9.370958,393,6,6,36,530550,100,25,50
2ya6_ligand,-5.414443,226,7,6,36,305100,100,25,50
2ya6_ligand,-8.743988,143,8,6,36,193050,100,25,50
2ya6_ligand,-3.768774,86,9,6,36,116100,100,25,50
2ya6_ligand,-8.086837,246,0,6,36,1254600,100,50,100
2ya6_ligand,-10.621803,216,10,6,36,1101600,100,50,100
2ya6_ligand,-6.048818,146,11,6,36,744600,100,50,100
2ya6_ligand,-8.892713,135,12,6,36,688500,100,50,100
2ya6_ligand,-5.269478,92,13,6,36,469200,100,50,100
2ya6_ligand,-7.290264,190,14,6,36,969000,100,50,100
2ya6_ligand,-9.089724,113,1,6,36,576300,100,50,100
2ya6_ligand,-8.695731,366,2,6,36,1866600,100,50,100
2ya6_ligand,-8.141198,110,3,6,36,561000,100,50,100
2ya6_ligand,-5.243282,137,4,6,36,698700,100,50,100
2ya6_ligand,-4.806193,240,5,6,36,1224000,100,50,100
2ya6_ligand,-4.466625,177,6,6,36,902700,100,50,100
2ya6_ligand,-7.266713,426,7,6,36,2172600,100,50,100
2ya6_ligand,-9.075158,274,8,6,36,1397400,100,50,100
2ya6_ligand,-8.016626,133,9,6,36,678300,100,50,100
2ya6_ligand,-3.545477,500,0,6,36,300000,100,50,10
2ya6_ligand,1.542514,284,10,6,36,170400,100,50,10
2ya6_ligand,-4.126748,225,11,6,36,135000,100,50,10
2ya6_ligand,-12.868514,205,12,6,36,123000,100,50,10
2ya6_ligand,13.935379,500,13,6,36,300000,100,50,10
2ya6_ligand,244.800034,398,14,6,36,238800,100,50,10
2ya6_ligand,-11.912451,494,1,6,36,296400,100,50,10
2ya6_ligand,-8.539850,500,2,6,36,300000,100,50,10
2ya6_ligand,-8.415762,458,3,6,36,274800,100,50,10
2ya6_ligand,-6.162446,163,4,6,36,97800,100,50,10
2ya6_ligand,-3.620450,364,5,6,36,218400,100,50,10
2ya6_ligand,1.376477,221,6,6,36,132600,100,50,10
2ya6_ligand,1.920586,500,7,6,36,300000,100,50,10
2ya6_ligand,-6.390241,397,8,6,36,238200,100,50,10
2ya6_ligand,-10.468911,361,9,6,36,216600,100,50,10
2ya6_ligand,-8.101549,246,0,6,36,2484600,100,50,200
2ya6_ligand,-10.501828,186,10,6,36,1878600,100,50,200
2ya6_ligand,-6.947422,141,11,6,36,1424100,100,50,200
2ya6_ligand,-13.217295,135,12,6,36,1363500,100,50,200
2ya6_ligand,-5.240060,132,13,6,36,1333200,100,50,200
2ya6_ligand,-8.790525,120,14,6,36,1212000,100,50,200
2ya6_ligand,-11.073897,266,1,6,36,2686600,100,50,200
2ya6_ligand,-8.656265,194,2,6,36,1959400,100,50,200
2ya6_ligand,-12.872501,500,3,6,36,5050000,100,50,200
2ya6_ligand,-4.507226,57,4,6,36,575700,100,50,200
2ya6_ligand,-8.765290,243,5,6,36,2454300,100,50,200
2ya6_ligand,-8.557931,390,6,6,36,3939000,100,50,200
2ya6_ligand,-7.859750,134,7,6,36,1353400,100,50,200
2ya6_ligand,-10.647463,115,8,6,36,1161500,100,50,200
2ya6_ligand,-8.413710,164,9,6,36,1656400,100,50,200
2ya6_ligand,-9.009667,135,0,6,36,182250,100,50,25
2ya6_ligand,-10.972301,500,10,6,36,675000,100,50,25
2ya6_ligand,-4.720407,133,11,6,36,179550,100,50,25
2ya6_ligand,-8.880577,500,12,6,36,675000,100,50,25
2ya6_ligand,-4.773176,323,13,6,36,436050,100,50,25
2ya6_ligand,220.553696,181,14,6,36,244350,100,50,25
2ya6_ligand,-8.958017,389,1,6,36,525150,100,50,25
2ya6_ligand,-8.713344,500,2,6,36,675000,100,50,25
2ya6_ligand,-8.134287,185,3,6,36,249750,100,50,25
2ya6_ligand,-4.212219,288,4,6,36,388800,100,50,25
2ya6_ligand,-8.341192,171,5,6,36,230850,100,50,25
2ya6_ligand,4.381998,216,6,6,36,291600,100,50,25
2ya6_ligand,-3.450852,206,7,6,36,278100,100,50,25
2ya6_ligand,-8.518110,169,8,6,36,228150,100,50,25
2ya6_ligand,-8.147733,387,9,6,36,522450,100,50,25
2ya6_ligand,-4.906818,237,0,6,36,616200,100,50,50
2ya6_ligand,-10.515639,187,10,6,36,486200,100,50,50
2ya6_ligand,-6.055193,178,11,6,36,462800,100,50,50
2ya6_ligand,-8.303041,220,12,6,36,572000,100,50,50
2ya6_ligand,-4.721509,301,13,6,36,782600,100,50,50
2ya6_ligand,227.007156,190,14,6,36,494000,100,50,50
2ya6_ligand,-9.035367,251,1,6,36,652600,100,50,50
2ya6_ligand,-0.859420,205,2,6,36,533000,100,50,50
2ya6_ligand,-8.203790,327,3,6,36,850200,100,50,50
2ya6_ligand,-4.596905,222,4,6,36,577200,100,50,50
2ya6_ligand,-4.796320,254,5,6,36,660400,100,50,50
2ya6_ligand,-4.609428,229,6,6,36,595400,100,50,50
2ya6_ligand,-4.105238,179,7,6,36,465400,100,50,50
2ya6_ligand,-9.182132,362,8,6,36,941200,100,50,50
2ya6_ligand,-8.500201,205,9,6,36,533000,100,50,50
2ya6_ligand,-9.016310,154,0,6,36,1170400,100,75,100
2ya6_ligand,-10.275961,160,10,6,36,1216000,100,75,100
2ya6_ligand,-6.141973,186,11,6,36,1413600,100,75,100
2ya6_ligand,-8.224863,162,12,6,36,1231200,100,75,100
2ya6_ligand,-5.314849,125,13,6,36,950000,100,75,100
2ya6_ligand,-9.845775,384,14,6,36,2918400,100,75,100
2ya6_ligand,-9.061997,209,1,6,36,1588400,100,75,100
2ya6_ligand,-8.792502,214,2,6,36,1626400,100,75,100
2ya6_ligand,-8.186669,332,3,6,36,2523200,100,75,100
2ya6_ligand,-6.703136,218,4,6,36,1656800,100,75,100
2ya6_ligand,-4.803782,178,5,6,36,1352800,100,75,100
2ya6_ligand,-5.565963,138,6,6,36,1048800,100,75,100
2ya6_ligand,-6.975269,271,7,6,36,2059600,100,75,100
2ya6_ligand,-9.849066,404,8,6,36,3070400,100,75,100
2ya6_ligand,-8.131672,234,9,6,36,1778400,100,75,100
2ya6_ligand,-0.093741,156,0,6,36,132600,100,75,10
2ya6_ligand,17.022690,208,10,6,36,176800,100,75,10
2ya6_ligand,-4.200969,116,11,6,36,98600,100,75,10
2ya6_ligand,-13.244572,358,12,6,36,304300,100,75,10
2ya6_ligand,13.410265,500,13,6,36,425000,100,75,10
2ya6_ligand,222.153549,472,14,6,36,401200,100,75,10
2ya6_ligand,-8.972686,361,1,6,36,306850,100,75,10
2ya6_ligand,-8.246607,419,2,6,36,356150,100,75,10
2ya6_ligand,-6.757777,307,3,6,36,260950,100,75,10
2ya6_ligand,-6.067273,274,4,6,36,232900,100,75,10
2ya6_ligand,-2.865505,244,5,6,36,207400,100,75,10
2ya6_ligand,-4.470602,197,6,6,36,167450,100,75,10
2ya6_ligand,5.858047,422,7,6,36,358700,100,75,10
2ya6_ligand,-3.917804,500,8,6,36,425000,100,75,10
2ya6_ligand,-7.455897,302,9,6,36,256700,100,75,10
2ya6_ligand,-9.017387,220,0,6,36,3322000,100,75,200
2ya6_ligand,-10.532951,116,10,6,36,1751600,100,75,200
2ya6_ligand,-6.124909,86,11,6,36,1298600,100,75,200
2ya6_ligand,-9.689802,234,12,6,36,3533400,100,75,200
2ya6_ligand,-3.419733,138,13,6,36,2083800,100,75,200
2ya6_ligand,-9.836579,190,14,6,36,2869000,100,75,200
2ya6_ligand,-8.751459,85,1,6,36,1283500,100,75,200
2ya6_ligand,-9.018505,196,2,6,36,2959600,100,75,200
2ya6_ligand,-12.709555,242,3,6,36,3654200,100,75,200
2ya6_ligand,-6.676850,124,4,6,36,1872400,100,75,200
2ya6_ligand,-8.002746,81,5,6,36,1223100,100,75,200
2ya6_ligand,-10.600464,271,6,6,36,4092100,100,75,200
2ya6_ligand,-8.862443,183,7,6,36,2763300,100,75,200
2ya6_ligand,-11.095461,294,8,6,36,4439400,100,75,200
2ya6_ligand,-8.273691,340,9,6,36,5134000,100,75,200
2ya6_ligand,-2.763735,477,0,6,36,942075,100,75,25
2ya6_ligand,-9.691401,429,10,6,36,847275,100,75,25
2ya6_ligand,-3.930308,500,11,6,36,987500,100,75,25
2ya6_ligand,-7.921751,472,12,6,36,932200,100,75,25
2ya6_ligand,9.627736,344,13,6,36,679400,100,75,25
2ya6_ligand,221.025833,384,14,6,36,758400,100,75,25
2ya6_ligand,-4.860945,315,1,6,36,622125,100,75,25
2ya6_ligand,-8.645370,124,2,6,36,244900,100,75,25
2ya6_ligand,-10.232826,154,3,6,36,304150,100,75,25
2ya6_ligand,-4.702090,205,4,6,36,404875,100,75,25
2ya6_ligand,-7.747814,278,5,6,36,549050,100,75,25
2ya6_ligand,-5.089386,465,6,6,36,918375,100,75,25
2ya6_ligand,-4.829325,394,7,6,36,778150,100,75,25
2ya6_ligand,-7.886509,305,8,6,36,602375,100,75,25
2ya6_ligand,-7.918566,500,9,6,36,987500,100,75,25
2ya6_ligand,-9.005439,151,0,6,36,581350,100,75,50
2ya6_ligand,-11.662343,119,10,6,36,458150,100,75,50
2ya6_ligand,-4.784760,188,11,6,36,723800,100,75,50
2ya6_ligand,-8.062639,127,12,6,36,488950,100,75,50
2ya6_ligand,-4.992735,217,13,6,36,835450,100,75,50
2ya6_ligand,-9.705688,352,14,6,36,1355200,100,75,50
2ya6_ligand,-9.056548,159,1,6,36,612150,100,75,50
2ya6_ligand,-3.442538,224,2,6,36,862400,100,75,50
2ya6_ligand,-13.086424,285,3,6,36,1097250,100,75,50
2ya6_ligand,-3.963800,144,4,6,36,554400,100,75,50
2ya6_ligand,-4.819957,182,5,6,36,700700,100,75,50
2ya6_ligand,-9.012148,326,6,6,36,1255100,100,75,50
2ya6_ligand,-5.509784,112,7,6,36,431200,100,75,50
2ya6_ligand,-8.877897,250,8,6,36,962500,100,75,50
2ya6_ligand,-7.904011,129,9,6,36,496650,100,75,50
3udd_ligand,-8.004150,67,0,7,48,676700,100,100,100
3udd_ligand,-7.769708,100,10,7,48,1010000,100,100,100
3udd_ligand,-8.125478,154,11,7,48,1555400,100,100,100
3udd_ligand,-6.664806,158,12,7,48,1595800,100,100,100
3udd_ligand,-6.904570,159,13,7,48,1605900,100,100,100
3udd_ligand,-6.935523,199,14,7,48,2009900,100,100,100
3udd_ligand,-11.411904,239,1,7,48,2413900,100,100,100
3udd_ligand,-7.765212,210,2,7,48,2121000,100,100,100
3udd_ligand,-5.142058,106,3,7,48,1070600,100,100,100
3udd_ligand,-7.984025,500,4,7,48,5050000,100,100,100
3udd_ligand,-7.505132,172,5,7,48,1737200,100,100,100
3udd_ligand,-7.500284,212,6,7,48,2141200,100,100,100
3udd_ligand,-9.665172,112,7,7,48,1131200,100,100,100
3udd_ligand,-7.578522,122,8,7,48,1232200,100,100,100
3udd_ligand,-12.726335,94,9,7,48,949400,100,100,100
3udd_ligand,-5.920454,413,0,7,48,454300,100,100,10
3udd_ligand,-5.254071,500,10,7,48,550000,100,100,10
3udd_ligand,-5.497399,283,11,7,48,311300,100,100,10
3udd_ligand,-6.357615,500,12,7,48,550000,100,100,10
3udd_ligand,-5.730133,500,13,7,48,550000,100,100,10
3udd_ligand,-5.897176,500,14,7,48,550000,100,100,10
3udd_ligand,-5.217606,500,1,7,48,550000,100,100,10
3udd_ligand,-5.712741,500,2,7,48,550000,100,100,10
3udd_ligand,-12.308679,336,3,7,48,369600,100,100,10
3udd_ligand,-6.791311,436,4,7,48,479600,100,100,10
3udd_ligand,-6.585666,500,5,7,48,550000,100,100,10
3udd_ligand,-8.749534,441,6,7,48,485100,100,100,10
3udd_ligand,-5.569123,211,7,7,48,232100,100,100,10
3udd_ligand,-5.769927,500,8,7,48,550000,100,100,10
3udd_ligand,-5.300417,393,9,7,48,432300,100,100,10
3udd_ligand,-8.000393,67,0,7,48,1346700,100,100,200
3udd_ligand,-7.354273,60,10,7,48,1206000,100,100,200
3udd_ligand,-7.029172,106,11,7,48,2130600,100,100,200
3udd_ligand,-9.949301,252,12,7,48,5065200,100,100,200
3udd_ligand,-7.189363,170,13,7,48,3417000,100,100,200
3udd_ligand,-6.923192,58,14,7,48,1165800,100,100,200
3udd_ligand,-11.450796,126,1,7,48,2532600,100,100,200
3udd_ligand,-13.253774,333,2,7,48,6693300,100,100,200
3udd_ligand,-6.636046,116,3,7,48,2331600,100,100,200
3udd_ligand,-7.931986,139,4,7,48,2793900,100,100,200
3udd_ligand,-8.283892,140,5,7,48,2814000,100,100,200
3udd_ligand,-11.234462,164,6,7,48,3296400,100,100,200
3udd_ligand,-9.657146,88,7,7,48,1768800,100,100,200
3udd_ligand,-9.302750,124,8,7,48,2492400,100,100,200
3udd_ligand,-13.185278,146,9,7,48,2934600,100,100,200
3udd_ligand,-6.572514,252,0,7,48,655200,100,100,25
3udd_ligand,-5.989939,253,10,7,48,657800,100,100,25
3udd_ligand,-6.908275,211,11,7,48,548600,100,100,25
3udd_ligand,-8.011240,313,12,7,48,813800,100,100,25
3udd_ligand,-5.384747,173,13,7,48,449800,100,100,25
3udd_ligand,-6.044526,247,14,7,48,642200,100,100,25
3udd_ligand,-5.358125,260,1,7,48,676000,100,100,25
3udd_ligand,-5.718752,352,2,7,48,915200,100,100,25
3udd_ligand,-12.526884,500,3,7,48,1300000,100,100,25
3udd_ligand,-8.107322,200,4,7,48,520000,100,100,25
3udd_ligand,-8.284026,427,5,7,48,1110200,100,100,25
3udd_ligand,-8.108135,198,6,7,48,514800,100,100,25
3udd_ligand,-6.091386,115,7,7,48,299000,100,100,25
3udd_ligand,-6.723347,486,8,7,48,1263600,100,100,25
3udd_ligand,-6.050956,240,9,7,48,624000,100,100,25
3udd_ligand,-7.973320,204,0,7,48,1040400,100,100,50
3udd_ligand,-7.733232,134,10,7,48,683400,100,100,50
3udd_ligand,-5.837411,228,11,7,48,1162800,100,100,50
3udd_ligand,-6.100371,150,12,7,48,765000,100,100,50
3udd_ligand,-5.333282,193,13,7,48,984300,100,100,50
3udd_ligand,-7.586478,201,14,7,48,1025100,100,100,50
3udd_ligand,-6.571741,228,1,7,48,1162800,100,100,50
3udd_ligand,-6.014408,337,2,7,48,1718700,100,100,50
3udd_ligand,-5.593432,220,3,7,48,1122000,100,100,50
3udd_ligand,-6.924716,388,4,7,48,1978800,100,100,50
3udd_ligand,-8.264872,239,5,7,48,1218900,100,100,50
3udd_ligand,-8.124571,186,6,7,48,948600,100,100,50
3udd_ligand,-6.207564,241,7,7,48,1229100,100,100,50
3udd_ligand,-8.522140,221,8,7,48,1127100,100,100,50
3udd_ligand,-12.248611,143,9,7,48,729300,100,100,50
3udd_ligand,-8.038644,360,0,7,48,396000,100,10,100
3udd_ligand,-5.936717,155,10,7,48,170500,100,10,100
3udd_ligand,-9.777055,477,11,7,48,524700,100,10,100
3udd_ligand,-6.340006,157,12,7,48,172700,100,10,100
3udd_ligand,-5.373395,134,13,7,48,147400,100,10,100
3udd_ligand,-7.113113,187,14,7,48,205700,100,10,100
3udd_ligand,-6.660025,356,1,7,48,391600,100,10,100
3udd_ligand,-5.098433,500,2,7,48,550000,100,10,100
3udd_ligand,-6.679667,267,3,7,48,293700,100,10,100
3udd_ligand,-5.573424,215,4,7,48,236500,100,10,100
3udd_ligand,-6.193602,131,5,7,48,144100,100,10,100
3udd_ligand,-5.445482,234,6,7,48,257400,100,10,100
3udd_ligand,-6.960773,290,7,7,48,319000,100,10,100
3udd_ligand,-6.933176,127,8,7,48,139700,100,10,100
3udd_ligand,-12.645456,168,9,7,48,184800,100,10,100
3udd_ligand,-6.383929,355,0,7,48,71000,100,10,10
3udd_ligand,-6.380030,390,10,7,48,78000,100,10,10
3udd_ligand,-5.502930,197,11,7,48,39400,100,10,10
3udd_ligand,-5.513417,500,12,7,48,100000,100,10,10
3udd_ligand,-5.332852,331,13,7,48,66200,100,10,10
3udd_ligand,-5.404019,500,14,7,48,100000,100,10,10
3udd_ligand,-5.167176,500,1,7,48,100000,100,10,10
3udd_ligand,-4.481102,466,2,7,48,93200,100,10,10
3udd_ligand,-3.625946,449,3,7,48,89800,100,10,10
3udd_ligand,-5.908309,500,4,7,48,100000,100,10,10
3udd_ligand,-4.903065,194,5,7,48,38800,100,10,10
3udd_ligand,-5.180722,500,6,7,48,100000,100,10,10
3udd_ligand,-4.753774,139,7,7,48,27800,100,10,10
3udd_ligand,-4.669872,129,8,7,48,25800,100,10,10
3udd_ligand,-4.596060,500,9,7,48,100000,100,10,10
3udd_ligand,-8.036710,201,0,7,48,422100,100,10,200
3udd_ligand,-5.421913,117,10,7,48,245700,100,10,200
3udd_ligand,-9.765186,137,11,7,48,287700,100,10,200
3udd_ligand,-10.527368,231,12,7,48,485100,100,10,200
3udd_ligand,-6.028471,78,13,7,48,163800,100,10,200
3udd_ligand,-7.202321,279,14,7,48,585900,100,10,200
3udd_ligand,-5.316885,214,1,7,48,449400,100,10,200
3udd_ligand,-5.280907,212,2,7,48,445200,100,10,200
3udd_ligand,-6.678356,267,3,7,48,560700,100,10,200
3udd_ligand,-5.470927,330,4,7,48,693000,100,10,200
3udd_ligand,-8.324349,329,5,7,48,690900,100,10,200
3udd_ligand,-9.347254,171,6,7,48,359100,100,10,200
3udd_ligand,-8.243619,133,7,7,48,279300,100,10,200
3udd_ligand,-8.264862,282,8,7,48,592200,100,10,200
3udd_ligand,-12.699884,141,9,7,48,296100,100,10,200
3udd_ligand,-6.441425,159,0,7,48,55650,100,10,25
3udd_ligand,-5.352511,225,10,7,48,78750,100,10,25
3udd_ligand,-5.468732,264,11,7,48,92400,100,10,25
3udd_ligand,-6.870997,385,12,7,48,134750,100,10,25
3udd_ligand,-5.165171,200,13,7,48,70000,100,10,25
3udd_ligand,-5.774968,196,14,7,48,68600,100,10,25
3udd_ligand,-5.612788,335,1,7,48,117250,100,10,25
3udd_ligand,-3.565199,327,2,7,48,114450,100,10,25
3udd_ligand,-6.201656,278,3,7,48,97300,100,10,25
3udd_ligand,-6.157595,500,4,7,48,175000,100,10,25
3udd_ligand,-7.483348,311,5,7,48,108850,100,10,25
3udd_ligand,-8.106075,333,6,7,48,116550,100,10,25
3udd_ligand,-5.458819,376,7,7,48,131600,100,10,25
3udd_ligand,-4.013486,129,8,7,48,45150,100,10,25
3udd_ligand,-12.410786,277,9,7,48,96950,100,10,25
3udd_ligand,-5.421092,103,0,7,48,61800,100,10,50
3udd_ligand,-5.959462,319,10,7,48,191400,100,10,50
3udd_ligand,-5.636144,166,11,7,48,99600,100,10,50
3udd_ligand,-5.984293,228,12,7,48,136800,100,10,50
3udd_ligand,-5.998146,159,13,7,48,95400,100,10,50
3udd_ligand,-5.237442,171,14,7,48,102600,100,10,50
3udd_ligand,-5.224426,442,1,7,48,265200,100,10,50
3udd_ligand,-5.573934,500,2,7,48,300000,100,10,50
3udd_ligand,-5.945725,163,3,7,48,97800,100,10,50
3udd_ligand,-6.166238,219,4,7,48,131400,100,10,50
3udd_ligand,-7.509116,333,5,7,48,199800,100,10,50
3udd_ligand,-8.127288,189,6,7,48,113400,100,10,50
3udd_ligand,-5.913444,249,7,7,48,149400,100,10,50
3udd_ligand,-6.718231,293,8,7,48,175800,100,10,50
3udd_ligand,-12.481711,445,9,7,48,267000,100,10,50
3udd_ligand,-8.051985,328,0,7,48,852800,100,25,100
3udd_ligand,-7.797085,327,10,7,48,850200,100,25,100
3udd_ligand,-9.738046,76,11,7,48,197600,100,25,100
3udd_ligand,-5.869859,112,12,7,48,291200,100,25,100
3udd_ligand,-5.374605,96,13,7,48,249600,100,25,100
3udd_ligand,-7.343870,285,14,7,48,741000,100,25,100
3udd_ligand,-6.629352,127,1,7,48,330200,100,25,100
3udd_ligand,-5.998475,212,2,7,48,551200,100,25,100
3udd_ligand,-5.642542,196,3,7,48,509600,100,25,100
3udd_ligand,-7.580431,132,4,7,48,343200,100,25,100
3udd_ligand,-4.990414,113,5,7,48,293800,100,25,100
3udd_ligand,-7.358810,244,6,7,48,634400,100,25,100
3udd_ligand,-9.526178,417,7,7,48,1084200,100,25,100
3udd_ligand,-6.924740,301,8,7,48,782600,100,25,100
3udd_ligand,-12.736678,396,9,7,48,1029600,100,25,100
3udd_ligand,-5.731539,500,0,7,48,175000,100,25,10
3udd_ligand,-4.496041,297,10,7,48,103950,100,25,10
3udd_ligand,-5.313063,150,11,7,48,52500,100,25,10
3udd_ligand,-5.534193,279,12,7,48,97650,100,25,10
3udd_ligand,-5.342567,185,13,7,48,64750,100,25,10
3udd_ligand,-5.671537,261,14,7,48,91350,100,25,10
3udd_ligand,-3.045135,186,1,7,48,65100,100,25,10
3udd_ligand,-3.553091,145,2,7,48,50750,100,25,10
3udd_ligand,-4.106079,217,3,7,48,75950,100,25,10
3udd_ligand,-6.658521,500,4,7,48,175000,100,25,10
3udd_ligand,-4.866759,235,5,7,48,82250,100,25,10
3udd_ligand,-5.648244,269,6,7,48,94150,100,25,10
3udd_ligand,-4.694923,261,7,7,48,91350,100,25,10
3udd_ligand,-4.940794,182,8,7,48,63700,100,25,10
3udd_ligand,-5.238188,148,9,7,48,51800,100,25,10
3udd_ligand,-8.039270,121,0,7,48,617100,100,25,200
3udd_ligand,-7.561892,120,10,7,48,612000,100,25,200
3udd_ligand,-7.945012,448,11,7,48,2284800,100,25,200
3udd_ligand,-10.530457,253,12,7,48,1290300,100,25,200
3udd_ligand,-6.341908,274,13,7,48,1397400,100,25,200
3udd_ligand,-13.174891,207,14,7,48,1055700,100,25,200
3udd_ligand,-6.742101,265,1,7,48,1351500,100,25,200
3udd_ligand,-5.848452,153,2,7,48,780300,100,25,200
3udd_ligand,-6.316602,131,3,7,48,668100,100,25,200
3udd_ligand,-7.603209,183,4,7,48,933300,100,25,200
3udd_ligand,-5.930815,97,5,7,48,494700,100,25,200
3udd_ligand,-10.033130,145,6,7,48,739500,100,25,200
3udd_ligand,-8.175506,107,7,7,48,545700,100,25,200
3udd_ligand,-8.322572,159,8,7,48,810900,100,25,200
3udd_ligand,-12.755383,500,9,7,48,2550000,100,25,200
3udd_ligand,-6.618919,265,0,7,48,192125,100,25,25
3udd_ligand,-4.778464,221,10,7,48,160225,100,25,25
3udd_ligand,-5.501096,231,11,7,48,167475,100,25,25
3udd_ligand,-6.924995,261,12,7,48,189225,100,25,25
3udd_ligand,-5.498233,168,13,7,48,121800,100,25,25
3udd_ligand,-7.114645,270,14,7,48,195750,100,25,25
3udd_ligand,-5.987463,157,1,7,48,113825,100,25,25
3udd_ligand,-5.025142,231,2,7,48,167475,100,25,25
3udd_ligand,26.897314,480,3,7,48,348000,100,25,25
3udd_ligand,-5.482623,139,4,7,48,100775,100,25,25
3udd_ligand,-4.942615,275,5,7,48,199375,100,25,25
3udd_ligand,-8.560665,298,6,7,48,216050,100,25,25
3udd_ligand,-6.628987,135,7,7,48,97875,100,25,25
3udd_ligand,-5.052146,142,8,7,48,102950,100,25,25
3udd_ligand,-5.114511,246,9,7,48,178350,100,25,25
3udd_ligand,-5.589054,155,0,7,48,209250,100,25,50
3udd_ligand,-6.328064,250,10,7,48,337500,100,25,50
3udd_ligand,-5.619767,159,11,7,48,214650,100,25,50
3udd_ligand,-6.574914,163,12,7,48,220050,100,25,50
3udd_ligand,-6.840654,316,13,7,48,426600,100,25,50
3udd_ligand,-6.903849,408,14,7,48,550800,100,25,50
3udd_ligand,-6.500003,435,1,7,48,587250,100,25,50
3udd_ligand,-5.166795,145,2,7,48,195750,100,25,50
3udd_ligand,-5.840579,141,3,7,48,190350,100,25,50
3udd_ligand,-5.435531,158,4,7,48,213300,100,25,50
3udd_ligand,-4.959554,250,5,7,48,337500,100,25,50
3udd_ligand,-8.040029,150,6,7,48,202500,100,25,50
3udd_ligand,-6.519901,151,7,7,48,203850,100,25,50
3udd_ligand,-6.193259,293,8,7,48,395550,100,25,50
3udd_ligand,-12.652956,485,9,7,48,654750,100,25,50
3udd_ligand,-8.045346,220,0,7,48,1122000,100,50,100
3udd_ligand,-7.800228,314,10,7,48,1601400,100,50,100
3udd_ligand,-8.130233,366,11,7,48,1866600,100,50,100
3udd_ligand,-7.323689,228,12,7,48,1162800,100,50,100
3udd_ligand,-6.321434,72,13,7,48,367200,100,50,100
3udd_ligand,-7.183514,227,14,7,48,1157700,100,50,100
3udd_ligand,-6.640410,127,1,7,48,647700,100,50,100
3udd_ligand,-6.635643,233,2,7,48,1188300,100,50,100
3udd_ligand,-12.325636,165,3,7,48,841500,100,50,100
3udd_ligand,-8.540245,95,4,7,48,484500,100,50,100
3udd_ligand,-7.572794,308,5,7,48,1570800,100,50,100
3udd_ligand,-8.826825,298,6,7,48,1519800,100,50,100
3udd_ligand,-9.678364,257,7,7,48,1310700,100,50,100
3udd_ligand,-8.561048,132,8,7,48,673200,100,50,100
3udd_ligand,-12.709167,158,9,7,48,805800,100,50,100
3udd_ligand,-6.077485,206,0,7,48,123600,100,50,10
3udd_ligand,-5.821749,272,10,7,48,163200,100,50,10
3udd_ligand,-5.642152,287,11,7,48,172200,100,50,10
3udd_ligand,-5.774390,302,12,7,48,181200,100,50,10
3udd_ligand,-6.767477,144,13,7,48,86400,100,50,10
3udd_ligand,-6.202698,278,14,7,48,166800,100,50,10
3udd_ligand,-4.495785,193,1,7,48,115800,100,50,10
3udd_ligand,-4.502728,205,2,7,48,123000,100,50,10
3udd_ligand,-10.332060,173,3,7,48,103800,100,50,10
3udd_ligand,-6.883031,437,4,7,48,262200,100,50,10
3udd_ligand,-6.455729,427,5,7,48,256200,100,50,10
3udd_ligand,-7.677623,164,6,7,48,98400,100,50,10
3udd_ligand,-5.062043,259,7,7,48,155400,100,50,10
3udd_ligand,-5.059517,279,8,7,48,167400,100,50,10
3udd_ligand,-5.259896,328,9,7,48,196800,100,50,10
3udd_ligand,-8.052454,78,0,7,48,787800,100,50,200
3udd_ligand,-11.126630,307,10,7,48,3100700,100,50,200
3udd_ligand,-9.586493,366,11,7,48,3696600,100,50,200
3udd_ligand,-10.550913,200,12,7,48,2020000,100,50,200
3udd_ligand,-6.979346,210,13,7,48,2121000,100,50,200
3udd_ligand,-7.195641,186,14,7,48,1878600,100,50,200
3udd_ligand,-6.716565,109,1,7,48,1100900,100,50,200
3udd_ligand,-5.968870,92,2,7,48,929200,100,50,200
3udd_ligand,-5.363654,99,3,7,48,999900,100,50,200
3udd_ligand,-7.617093,130,4,7,48,1313000,100,50,200
3udd_ligand,-7.975272,158,5,7,48,1595800,100,50,200
3udd_ligand,-8.810983,298,6,7,48,3009800,100,50,200
3udd_ligand,-9.691383,274,7,7,48,2767400,100,50,200
3udd_ligand,-6.622366,254,8,7,48,2565400,100,50,200
3udd_ligand,-12.733078,106,9,7,48,1070600,100,50,200
3udd_ligand,-6.756174,176,0,7,48,237600,100,50,25
3udd_ligand,-4.938206,99,10,7,48,133650,100,50,25
3udd_ligand,-5.650347,203,11,7,48,274050,100,50,25
3udd_ligand,-5.553208,272,12,7,48,367200,100,50,25
3udd_ligand,-5.504929,130,13,7,48,175500,100,50,25
3udd_ligand,-7.140921,459,14,7,48,619650,100,50,25
3udd_ligand,-5.346198,209,1,7,48,282150,100,50,25
3udd_ligand,-5.098271,140,2,7,48,189000,100,50,25
3udd_ligand,-10.775948,500,3,7,48,675000,100,50,25
3udd_ligand,-5.803288,269,4,7,48,363150,100,50,25
3udd_ligand,-4.993998,269,5,7,48,363150,100,50,25
3udd_ligand,-8.006725,298,6,7,48,402300,100,50,25
3udd_ligand,-3.738158,191,7,7,48,257850,100,50,25
3udd_ligand,-6.178806,293,8,7,48,395550,100,50,25
3udd_ligand,-5.974626,146,9,7,48,197100,100,50,25
3udd_ligand,-6.744013,266,0,7,48,691600,100,50,50
3udd_ligand,-5.250324,500,10,7,48,1300000,100,50,50
3udd_ligand,-5.716399,397,11,7,48,1032200,100,50,50
3udd_ligand,-5.965938,248,12,7,48,644800,100,50,50
3udd_ligand,-6.041959,147,13,7,48,382200,100,50,50
3udd_ligand,-7.345415,285,14,7,48,741000,100,50,50
3udd_ligand,-5.289204,152,1,7,48,395200,100,50,50
3udd_ligand,-5.749001,380,2,7,48,988000,100,50,50
3udd_ligand,-6.071906,267,3,7,48,694200,100,50,50
3udd_ligand,-8.215522,500,4,7,48,1300000,100,50,50
3udd_ligand,-7.498518,252,5,7,48,655200,100,50,50
3udd_ligand,-8.123202,169,6,7,48,439400,100,50,50
3udd_ligand,-7.681110,226,7,7,48,587600,100,50,50
3udd_ligand,-6.913359,293,8,7,48,761800,100,50,50
3udd_ligand,-12.724766,255,9,7,48,663000,100,50,50
3udd_ligand,-8.052488,198,0,7,48,1504800,100,75,100
3udd_ligand,-7.926568,240,10,7,48,1824000,100,75,100
3udd_ligand,-8.124090,243,11,7,48,1846800,100,75,100
3udd_ligand,-6.267882,134,12,7,48,1018400,100,75,100
3udd_ligand,-6.936146,136,13,7,48,1033600,100,75,100
3udd_ligand,-6.987790,216,14,7,48,1641600,100,75,100
3udd_ligand,-10.789262,421,1,7,48,3199600,100,75,100
3udd_ligand,-5.180318,92,2,7,48,699200,100,75,100
3udd_ligand,-12.445841,434,3,7,48,3298400,100,75,100
3udd_ligand,-7.644043,130,4,7,48,988000,100,75,100
3udd_ligand,-7.461011,232,5,7,48,1763200,100,75,100
3udd_ligand,-7.024102,240,6,7,48,1824000,100,75,100
3udd_ligand,-8.250621,255,7,7,48,1938000,100,75,100
3udd_ligand,-6.997850,316,8,7,48,2401600,100,75,100
3udd_ligand,-12.749278,180,9,7,48,1368000,100,75,100
3udd_ligand,-4.082365,141,0,7,48,119850,100,75,10
3udd_ligand,-5.000179,500,10,7,48,425000,100,75,10
3udd_ligand,-5.651856,266,11,7,48,226100,100,75,10
3udd_ligand,-5.316136,122,12,7,48,103700,100,75,10
3udd_ligand,-5.739657,321,13,7,48,272850,100,75,10
3udd_ligand,-5.841748,139,14,7,48,118150,100,75,10
3udd_ligand,-5.249729,335,1,7,48,284750,100,75,10
3udd_ligand,-5.364019,279,2,7,48,237150,100,75,10
3udd_ligand,-10.712475,329,3,7,48,279650,100,75,10
3udd_ligand,-6.751056,203,4,7,48,172550,100,75,10
3udd_ligand,-5.224067,153,5,7,48,130050,100,75,10
3udd_ligand,-7.960567,447,6,7,48,379950,100,75,10
3udd_ligand,-5.417218,500,7,7,48,425000,100,75,10
3udd_ligand,-4.991433,126,8,7,48,107100,100,75,10
3udd_ligand,-4.222658,349,9,7,48,296650,100,75,10
3udd_ligand,-8.038735,152,0,7,48,2295200,100,75,200
3udd_ligand,-7.741442,131,10,7,48,1978100,100,75,200
3udd_ligand,-7.965540,209,11,7,48,3155900,100,75,200
3udd_ligand,-7.404407,302,12,7,48,4560200,100,75,200
3udd_ligand,-7.002971,196,13,7,48,2959600,100,75,200
3udd_ligand,-7.626008,356,14,7,48,5375600,100,75,200
3udd_ligand,-11.436302,440,1,7,48,6644000,100,75,200
3udd_ligand,-14.708511,264,2,7,48,3986400,100,75,200
3udd_ligand,-5.373451,99,3,7,48,1494900,100,75,200
3udd_ligand,-7.700612,236,4,7,48,3563600,100,75,200
3udd_ligand,-8.317810,173,5,7,48,2612300,100,75,200
3udd_ligand,-11.107512,373,6,7,48,5632300,100,75,200
3udd_ligand,-9.692592,122,7,7,48,1842200,100,75,200
3udd_ligand,-8.961688,174,8,7,48,2627400,100,75,200
3udd_ligand,-13.137518,279,9,7,48,4212900,100,75,200
3udd_ligand,-6.763809,146,0,7,48,288350,100,75,25
3udd_ligand,-6.427282,244,10,7,48,481900,100,75,25
3udd_ligand,-5.282793,153,11,7,48,302175,100,75,25
3udd_ligand,-6.202730,161,12,7,48,317975,100,75,25
3udd_ligand,-5.342492,162,13,7,48,319950,100,75,25
3udd_ligand,-5.201191,282,14,7,48,556950,100,75,25
3udd_ligand,-5.335113,374,1,7,48,738650,100,75,25
3udd_ligand,-5.248649,277,2,7,48,547075,100,75,25
3udd_ligand,-11.999709,246,3,7,48,485850,100,75,25
3udd_ligand,-6.603713,322,4,7,48,635950,100,75,25
3udd_ligand,-5.221438,373,5,7,48,736675,100,75,25
3udd_ligand,-7.810456,256,6,7,48,505600,100,75,25
3udd_ligand,-5.831298,188,7,7,48,371300,100,75,25
3udd_ligand,-6.171152,292,8,7,48,576700,100,75,25
3udd_ligand,-6.005527,181,9,7,48,357475,100,75,25
3udd_ligand,-5.649457,362,0,7,48,1393700,100,75,50
3udd_ligand,-6.023418,356,10,7,48,1370600,100,75,50
3udd_ligand,-5.675508,201,11,7,48,773850,100,75,50
3udd_ligand,-7.227798,97,12,7,48,373450,100,75,50
3udd_ligand,-5.373888,296,13,7,48,1139600,100,75,50
3udd_ligand,-7.203042,229,14,7,48,881650,100,75,50
3udd_ligand,-5.401629,254,1,7,48,977900,100,75,50
3udd_ligand,-5.778099,232,2,7,48,893200,100,75,50
3udd_ligand,-12.274470,319,3,7,48,1228150,100,75,50
3udd_ligand,-8.054602,278,4,7,48,1070300,100,75,50
3udd_ligand,-7.500609,121,5,7,48,465850,100,75,50
3udd_ligand,-8.129305,118,6,7,48,454300,100,75,50
3udd_ligand,-5.395627,203,7,7,48,781550,100,75,50
3udd_ligand,-8.535504,243,8,7,48,935550,100,75,50
3udd_ligand,-12.295699,272,9,7,48,1047200,100,75,50
4few_ligand,-6.023178,57,0,2,37,575700,100,100,100
4few_ligand,-6.401182,116,10,2,37,1171600,100,100,100
4few_ligand,-6.195476,66,11,2,37,666600,100,100,100
4few_ligand,-6.338057,88,12,2,37,888800,100,100,100
4few_ligand,-6.988363,76,13,2,37,767600,100,100,100
4few_ligand,-6.251645,78,14,2,37,787800,100,100,100
4few_ligand,-7.103995,88,1,2,37,888800,100,100,100
4few_ligand,-7.458006,184,2,2,37,1858400,100,100,100
4few_ligand,-6.796588,106,3,2,37,1070600,100,100,100
4few_ligand,-7.678083,60,4,2,37,606000,100,100,100
4few_ligand,-7.315832,126,5,2,37,1272600,100,100,100
4few_ligand,-7.259553,86,6,2,37,868600,100,100,100
4few_ligand,-5.986248,164,7,2,37,1656400,100,100,100
4few_ligand,-8.310373,73,8,2,37,737300,100,100,100
4few_ligand,-6.356426,73,9,2,37,737300,100,100,100
4few_ligand,-5.009793,164,0,2,37,180400,100,100,10
4few_ligand,-4.930882,121,10,2,37,133100,100,100,10
4few_ligand,-5.333953,188,11,2,37,206800,100,100,10
4few_ligand,-6.221717,124,12,2,37,136400,100,100,10
4few_ligand,-5.173155,246,13,2,37,270600,100,100,10
4few_ligand,-5.100760,248,14,2,37,272800,100,100,10
4few_ligand,-6.421638,144,1,2,37,158400,100,100,10
4few_ligand,-5.929271,447,2,2,37,491700,100,100,10
4few_ligand,-6.684280,127,3,2,37,139700,100,100,10
4few_ligand,-8.771235,211,4,2,37,232100,100,100,10
4few_ligand,-4.969149,56,5,2,37,61600,100,100,10
4few_ligand,-4.913653,179,6,2,37,196900,100,100,10
4few_ligand,-6.075286,142,7,2,37,156200,100,100,10
4few_ligand,-5.669426,151,8,2,37,166100,100,100,10
4few_ligand,-4.916286,160,9,2,37,176000,100,100,10
4few_ligand,-7.191270,121,0,2,37,2432100,100,100,200
4few_ligand,-7.686214,92,10,2,37,1849200,100,100,200
4few_ligand,-7.406924,112,11,2,37,2251200,100,100,200
4few_ligand,-6.679846,114,12,2,37,2291400,100,100,200
4few_ligand,-8.749045,110,13,2,37,2211000,100,100,200
4few_ligand,-8.096357,68,14,2,37,1366800,100,100,200
4few_ligand,-8.685454,117,1,2,37,2351700,100,100,200
4few_ligand,-6.661954,174,2,2,37,3497400,100,100,200
4few_ligand,-6.663705,66,3,2,37,1326600,100,100,200
4few_ligand,-7.702838,98,4,2,37,1969800,100,100,200
4few_ligand,-7.319638,58,5,2,37,1165800,100,100,200
4few_ligand,-7.270519,62,6,2,37,1246200,100,100,200
4few_ligand,-6.515436,78,7,2,37,1567800,100,100,200
4few_ligand,-7.972946,70,8,2,37,1407000,100,100,200
4few_ligand,-7.483504,70,9,2,37,1407000,100,100,200
4few_ligand,-5.241027,147,0,2,37,382200,100,100,25
4few_ligand,-5.032937,145,10,2,37,377000,100,100,25
4few_ligand,-5.818717,125,11,2,37,325000,100,100,25
4few_ligand,-6.454064,124,12,2,37,322400,100,100,25
4few_ligand,-8.769388,98,13,2,37,254800,100,100,25
4few_ligand,-5.078794,168,14,2,37,436800,100,100,25
4few_ligand,-5.179873,60,1,2,37,156000,100,100,25
4few_ligand,-5.074630,87,2,2,37,226200,100,100,25
4few_ligand,-6.562884,109,3,2,37,283400,100,100,25
4few_ligand,-7.695268,184,4,2,37,478400,100,100,25
4few_ligand,-5.669315,106,5,2,37,275600,100,100,25
4few_ligand,-4.865917,84,6,2,37,218400,100,100,25
4few_ligand,-6.040553,101,7,2,37,262600,100,100,25
4few_ligand,-6.884847,119,8,2,37,309400,100,100,25
4few_ligand,-4.896086,99,9,2,37,257400,100,100,25
4few_ligand,-4.786287,96,0,2,37,489600,100,100,50
4few_ligand,-6.502418,84,10,2,37,428400,100,100,50
4few_ligand,-6.720219,136,11,2,37,693600,100,100,50
4few_ligand,-6.304390,220,12,2,37,1122000,100,100,50
4few_ligand,-8.765511,128,13,2,37,652800,100,100,50
4few_ligand,-5.075698,140,14,2,37,714000,100,100,50
4few_ligand,-7.090829,193,1,2,37,984300,100,100,50
4few_ligand,-5.891589,132,2,2,37,673200,100,100,50
4few_ligand,-6.670611,88,3,2,37,448800,100,100,50
4few_ligand,-7.776759,76,4,2,37,387600,100,100,50
4few_ligand,-8.751360,93,5,2,37,474300,100,100,50
4few_ligand,-4.891450,112,6,2,37,571200,100,100,50
4few_ligand,-5.879041,126,7,2,37,642600,100,100,50
4few_ligand,-6.340646,66,8,2,37,336600,100,100,50
4few_ligand,-4.867656,90,9,2,37,459000,100,100,50
4few_ligand,-6.680002,136,0,2,37,149600,100,10,100
4few_ligand,-6.120251,109,10,2,37,119900,100,10,100
4few_ligand,-8.314193,153,11,2,37,168300,100,10,100
4few_ligand,-6.224622,74,12,2,37,81400,100,10,100
4few_ligand,-5.140644,271,13,2,37,298100,100,10,100
4few_ligand,-5.136137,140,14,2,37,154000,100,10,100
4few_ligand,-6.431743,175,1,2,37,192500,100,10,100
4few_ligand,-5.042762,367,2,2,37,403700,100,10,100
4few_ligand,-5.901265,76,3,2,37,83600,100,10,100
4few_ligand,-7.277523,117,4,2,37,128700,100,10,100
4few_ligand,-8.330666,56,5,2,37,61600,100,10,100
4few_ligand,-4.916670,239,6,2,37,262900,100,10,100
4few_ligand,-5.887791,88,7,2,37,96800,100,10,100
4few_ligand,-8.343855,38,8,2,37,41800,100,10,100
4few_ligand,-4.917610,118,9,2,37,129800,100,10,100
4few_ligand,-5.009840,296,0,2,37,59200,100,10,10
4few_ligand,-4.461618,257,10,2,37,51400,100,10,10
4few_ligand,-4.977203,189,11,2,37,37800,100,10,10
4few_ligand,-6.192699,124,12,2,37,24800,100,10,10
4few_ligand,-5.124486,425,13,2,37,85000,100,10,10
4few_ligand,-4.534448,231,14,2,37,46200,100,10,10
4few_ligand,-4.726291,310,1,2,37,62000,100,10,10
4few_ligand,-4.914000,180,2,2,37,36000,100,10,10
4few_ligand,-5.077834,40,3,2,37,8000,100,10,10
4few_ligand,-7.686311,163,4,2,37,32600,100,10,10
4few_ligand,-4.861113,56,5,2,37,11200,100,10,10
4few_ligand,-3.451269,216,6,2,37,43200,100,10,10
4few_ligand,-5.347044,213,7,2,37,42600,100,10,10
4few_ligand,-5.773580,253,8,2,37,50600,100,10,10
4few_ligand,-4.496203,226,9,2,37,45200,100,10,10
4few_ligand,-5.250754,80,0,2,37,168000,100,10,200
4few_ligand,-5.611858,104,10,2,37,218400,100,10,200
4few_ligand,-8.331037,133,11,2,37,279300,100,10,200
4few_ligand,-7.273165,124,12,2,37,260400,100,10,200
4few_ligand,-6.060033,112,13,2,37,235200,100,10,200
4few_ligand,-6.317013,197,14,2,37,413700,100,10,200
4few_ligand,-7.115143,87,1,2,37,182700,100,10,200
4few_ligand,-5.064594,298,2,2,37,625800,100,10,200
4few_ligand,-5.628028,40,3,2,37,84000,100,10,200
4few_ligand,-7.254448,68,4,2,37,142800,100,10,200
4few_ligand,-8.297800,56,5,2,37,117600,100,10,200
4few_ligand,-4.887282,55,6,2,37,115500,100,10,200
4few_ligand,-5.876812,66,7,2,37,138600,100,10,200
4few_ligand,-7.894379,73,8,2,37,153300,100,10,200
4few_ligand,-5.957283,196,9,2,37,411600,100,10,200
4few_ligand,-5.086989,126,0,2,37,44100,100,10,25
4few_ligand,-4.558141,133,10,2,37,46550,100,10,25
4few_ligand,-5.215408,136,11,2,37,47600,100,10,25
4few_ligand,-6.125794,100,12,2,37,35000,100,10,25
4few_ligand,-4.190308,92,13,2,37,32200,100,10,25
4few_ligand,-4.313136,140,14,2,37,49000,100,10,25
4few_ligand,-3.449502,386,1,2,37,135100,100,10,25
4few_ligand,-4.926931,231,2,2,37,80850,100,10,25
4few_ligand,-6.646077,40,3,2,37,14000,100,10,25
4few_ligand,-3.208847,124,4,2,37,43400,100,10,25
4few_ligand,-5.330977,56,5,2,37,19600,100,10,25
4few_ligand,-4.913164,281,6,2,37,98350,100,10,25
4few_ligand,-6.057318,93,7,2,37,32550,100,10,25
4few_ligand,-5.750626,197,8,2,37,68950,100,10,25
4few_ligand,-4.914691,198,9,2,37,69300,100,10,25
4few_ligand,-5.135488,199,0,2,37,119400,100,10,50
4few_ligand,-4.204503,127,10,2,37,76200,100,10,50
4few_ligand,-5.286039,153,11,2,37,91800,100,10,50
4few_ligand,-6.179979,116,12,2,37,69600,100,10,50
4few_ligand,-5.147262,106,13,2,37,63600,100,10,50
4few_ligand,-6.090649,360,14,2,37,216000,100,10,50
4few_ligand,-6.748447,134,1,2,37,80400,100,10,50
4few_ligand,-5.026322,324,2,2,37,194400,100,10,50
4few_ligand,-5.805593,40,3,2,37,24000,100,10,50
4few_ligand,-7.740679,112,4,2,37,67200,100,10,50
4few_ligand,-5.353387,56,5,2,37,33600,100,10,50
4few_ligand,-4.911458,150,6,2,37,90000,100,10,50
4few_ligand,-5.885102,153,7,2,37,91800,100,10,50
4few_ligand,-5.755060,213,8,2,37,127800,100,10,50
4few_ligand,-4.866625,118,9,2,37,70800,100,10,50
4few_ligand,-5.992595,113,0,2,37,293800,100,25,100
4few_ligand,-6.405892,170,10,2,37,442000,100,25,100
4few_ligand,-8.325632,153,11,2,37,397800,100,25,100
4few_ligand,-7.338459,124,12,2,37,322400,100,25,100
4few_ligand,-7.774586,334,13,2,37,868400,100,25,100
4few_ligand,-5.134706,140,14,2,37,364000,100,25,100
4few_ligand,-7.114695,111,1,2,37,288600,100,25,100
4few_ligand,-7.348898,324,2,2,37,842400,100,25,100
4few_ligand,-5.910437,94,3,2,37,244400,100,25,100
4few_ligand,-7.280877,71,4,2,37,184600,100,25,100
4few_ligand,-7.321184,146,5,2,37,379600,100,25,100
4few_ligand,-4.897017,150,6,2,37,390000,100,25,100
4few_ligand,-5.847373,71,7,2,37,184600,100,25,100
4few_ligand,-8.282961,38,8,2,37,98800,100,25,100
4few_ligand,-5.921724,73,9,2,37,189800,100,25,100
4few_ligand,-5.008681,189,0,2,37,66150,100,25,10
4few_ligand,-4.465552,405,10,2,37,141750,100,25,10
4few_ligand,-5.185336,397,11,2,37,138950,100,25,10
4few_ligand,-6.134472,124,12,2,37,43400,100,25,10
4few_ligand,-5.153275,312,13,2,37,109200,100,25,10
4few_ligand,-4.985684,140,14,2,37,49000,100,25,10
4few_ligand,-4.285804,500,1,2,37,175000,100,25,10
4few_ligand,-4.804322,179,2,2,37,62650,100,25,10
4few_ligand,-4.852130,40,3,2,37,14000,100,25,10
4few_ligand,-8.203816,500,4,2,37,175000,100,25,10
4few_ligand,-4.828457,56,5,2,37,19600,100,25,10
4few_ligand,-4.835349,361,6,2,37,126350,100,25,10
4few_ligand,-5.544500,306,7,2,37,107100,100,25,10
4few_ligand,-5.754657,145,8,2,37,50750,100,25,10
4few_ligand,-4.909892,121,9,2,37,42350,100,25,10
4few_ligand,-6.029572,72,0,2,37,367200,100,25,200
4few_ligand,-5.418789,237,10,2,37,1208700,100,25,200
4few_ligand,-8.301514,74,11,2,37,377400,100,25,200
4few_ligand,-7.255814,101,12,2,37,515100,100,25,200
4few_ligand,-7.736793,112,13,2,37,571200,100,25,200
4few_ligand,-7.984447,219,14,2,37,1116900,100,25,200
4few_ligand,-7.773108,98,1,2,37,499800,100,25,200
4few_ligand,-6.356516,74,2,2,37,377400,100,25,200
4few_ligand,-8.312325,162,3,2,37,826200,100,25,200
4few_ligand,-8.776356,124,4,2,37,632400,100,25,200
4few_ligand,-8.770351,116,5,2,37,591600,100,25,200
4few_ligand,-7.319222,94,6,2,37,479400,100,25,200
4few_ligand,-5.906104,169,7,2,37,861900,100,25,200
4few_ligand,-8.408258,428,8,2,37,2182800,100,25,200
4few_ligand,-6.844198,214,9,2,37,1091400,100,25,200
4few_ligand,-5.107092,286,0,2,37,207350,100,25,25
4few_ligand,-4.644018,104,10,2,37,75400,100,25,25
4few_ligand,-5.311782,153,11,2,37,110925,100,25,25
4few_ligand,-6.194620,99,12,2,37,71775,100,25,25
4few_ligand,-5.156398,271,13,2,37,196475,100,25,25
4few_ligand,-5.154699,130,14,2,37,94250,100,25,25
4few_ligand,-5.248166,185,1,2,37,134125,100,25,25
4few_ligand,-4.864936,245,2,2,37,177625,100,25,25
4few_ligand,-6.662067,40,3,2,37,29000,100,25,25
4few_ligand,-5.626001,265,4,2,37,192125,100,25,25
4few_ligand,-5.674034,56,5,2,37,40600,100,25,25
4few_ligand,-4.877329,229,6,2,37,166025,100,25,25
4few_ligand,-6.103927,279,7,2,37,202275,100,25,25
4few_ligand,-5.759915,246,8,2,37,178350,100,25,25
4few_ligand,-4.855975,98,9,2,37,71050,100,25,25
4few_ligand,-4.987432,111,0,2,37,149850,100,25,50
4few_ligand,-5.133634,113,10,2,37,152550,100,25,50
4few_ligand,-5.313047,69,11,2,37,93150,100,25,50
4few_ligand,-6.170973,65,12,2,37,87750,100,25,50
4few_ligand,-5.168784,271,13,2,37,365850,100,25,50
4few_ligand,-6.630979,219,14,2,37,295650,100,25,50
4few_ligand,-5.223769,98,1,2,37,132300,100,25,50
4few_ligand,-7.010074,162,2,2,37,218700,100,25,50
4few_ligand,-6.003815,260,3,2,37,351000,100,25,50
4few_ligand,-7.782243,124,4,2,37,167400,100,25,50
4few_ligand,-5.351972,56,5,2,37,75600,100,25,50
4few_ligand,-4.887383,64,6,2,37,86400,100,25,50
4few_ligand,-5.885396,252,7,2,37,340200,100,25,50
4few_ligand,-4.294047,77,8,2,37,103950,100,25,50
4few_ligand,-4.878074,149,9,2,37,201150,100,25,50
4few_ligand,-6.330703,164,0,2,37,836400,100,50,100
4few_ligand,-7.293517,126,10,2,37,642600,100,50,100
4few_ligand,-8.403143,136,11,2,37,693600,100,50,100
4few_ligand,-6.456380,102,12,2,37,520200,100,50,100
4few_ligand,-5.973726,172,13,2,37,877200,100,50,100
4few_ligand,-6.298104,100,14,2,37,510000,100,50,100
4few_ligand,-7.110841,117,1,2,37,596700,100,50,100
4few_ligand,-5.901699,84,2,2,37,428400,100,50,100
4few_ligand,-6.769749,40,3,2,37,204000,100,50,100
4few_ligand,-7.826369,110,4,2,37,561000,100,50,100
4few_ligand,-8.774585,118,5,2,37,601800,100,50,100
4few_ligand,-7.303116,119,6,2,37,606900,100,50,100
4few_ligand,-6.017606,251,7,2,37,1280100,100,50,100
4few_ligand,-8.310558,136,8,2,37,693600,100,50,100
4few_ligand,-6.374521,216,9,2,37,1101600,100,50,100
4few_ligand,-5.006174,147,0,2,37,88200,100,50,10
4few_ligand,-4.260789,189,10,2,37,113400,100,50,10
4few_ligand,-5.112664,107,11,2,37,64200,100,50,10
4few_ligand,-6.143717,124,12,2,37,74400,100,50,10
4few_ligand,-5.074220,157,13,2,37,94200,100,50,10
4few_ligand,-5.013955,140,14,2,37,84000,100,50,10
4few_ligand,-6.413244,204,1,2,37,122400,100,50,10
4few_ligand,-5.029481,368,2,2,37,220800,100,50,10
4few_ligand,-6.399865,40,3,2,37,24000,100,50,10
4few_ligand,-8.733248,429,4,2,37,257400,100,50,10
4few_ligand,-4.845173,56,5,2,37,33600,100,50,10
4few_ligand,-3.906074,245,6,2,37,147000,100,50,10
4few_ligand,-6.079909,123,7,2,37,73800,100,50,10
4few_ligand,-5.753881,81,8,2,37,48600,100,50,10
4few_ligand,-4.903873,183,9,2,37,109800,100,50,10
4few_ligand,-7.185311,136,0,2,37,1373600,100,50,200
4few_ligand,-6.451263,188,10,2,37,1898800,100,50,200
4few_ligand,-8.311876,73,11,2,37,737300,100,50,200
4few_ligand,-6.464725,124,12,2,37,1252400,100,50,200
4few_ligand,-8.774306,75,13,2,37,757500,100,50,200
4few_ligand,-7.137362,181,14,2,37,1828100,100,50,200
4few_ligand,-7.781378,100,1,2,37,1010000,100,50,200
4few_ligand,-5.892874,63,2,2,37,636300,100,50,200
4few_ligand,-6.765565,40,3,2,37,404000,100,50,200
4few_ligand,-7.333182,189,4,2,37,1908900,100,50,200
4few_ligand,-8.771101,171,5,2,37,1727100,100,50,200
4few_ligand,-7.364318,94,6,2,37,949400,100,50,200
4few_ligand,-6.530261,201,7,2,37,2030100,100,50,200
4few_ligand,-8.309313,65,8,2,37,656500,100,50,200
4few_ligand,-8.300679,223,9,2,37,2252300,100,50,200
4few_ligand,-4.998478,90,0,2,37,121500,100,50,25
4few_ligand,-5.556761,207,10,2,37,279450,100,50,25
4few_ligand,-8.411047,339,11,2,37,457650,100,50,25
4few_ligand,-6.445915,422,12,2,37,569700,100,50,25
4few_ligand,-5.221423,122,13,2,37,164700,100,50,25
4few_ligand,-5.161769,87,14,2,37,117450,100,50,25
4few_ligand,-5.177298,84,1,2,37,113400,100,50,25
4few_ligand,-5.147040,119,2,2,37,160650,100,50,25
4few_ligand,-6.690101,40,3,2,37,54000,100,50,25
4few_ligand,-6.512156,232,4,2,37,313200,100,50,25
4few_ligand,-5.818584,56,5,2,37,75600,100,50,25
4few_ligand,-4.887667,281,6,2,37,379350,100,50,25
4few_ligand,-5.690911,122,7,2,37,164700,100,50,25
4few_ligand,-6.649156,157,8,2,37,211950,100,50,25
4few_ligand,-4.915570,207,9,2,37,279450,100,50,25
4few_ligand,-5.331387,99,0,2,37,257400,100,50,50
4few_ligand,-6.953523,170,10,2,37,442000,100,50,50
4few_ligand,-5.311365,141,11,2,37,366600,100,50,50
4few_ligand,-6.217170,124,12,2,37,322400,100,50,50
4few_ligand,-5.165585,303,13,2,37,787800,100,50,50
4few_ligand,-8.009838,181,14,2,37,470600,100,50,50
4few_ligand,-5.233249,86,1,2,37,223600,100,50,50
4few_ligand,-5.903042,224,2,2,37,582400,100,50,50
4few_ligand,-6.683920,40,3,2,37,104000,100,50,50
4few_ligand,-7.675059,96,4,2,37,249600,100,50,50
4few_ligand,-5.679179,56,5,2,37,145600,100,50,50
4few_ligand,-4.882522,73,6,2,37,189800,100,50,50
4few_ligand,-5.896668,102,7,2,37,265200,100,50,50
4few_ligand,-5.208531,372,8,2,37,967200,100,50,50
4few_ligand,-4.897796,61,9,2,37,158600,100,50,50
4few_ligand,-6.029745,96,0,2,37,729600,100,75,100
4few_ligand,-7.364272,140,10,2,37,1064000,100,75,100
4few_ligand,-6.116332,174,11,2,37,1322400,100,75,100
4few_ligand,-6.313351,124,12,2,37,942400,100,75,100
4few_ligand,-7.020076,194,13,2,37,1474400,100,75,100
4few_ligand,-6.287545,140,14,2,37,1064000,100,75,100
4few_ligand,-8.317244,86,1,2,37,653600,100,75,100
4few_ligand,-5.910025,84,2,2,37,638400,100,75,100
4few_ligand,-6.773907,40,3,2,37,304000,100,75,100
4few_ligand,-7.704440,118,4,2,37,896800,100,75,100
4few_ligand,-7.284693,67,5,2,37,509200,100,75,100
4few_ligand,-7.305832,151,6,2,37,1147600,100,75,100
4few_ligand,-6.021755,108,7,2,37,820800,100,75,100
4few_ligand,-8.318577,132,8,2,37,1003200,100,75,100
4few_ligand,-6.302646,212,9,2,37,1611200,100,75,100
4few_ligand,-5.154654,296,0,2,37,251600,100,75,10
4few_ligand,-4.919238,263,10,2,37,223550,100,75,10
4few_ligand,-5.140561,125,11,2,37,106250,100,75,10
4few_ligand,-6.159901,124,12,2,37,105400,100,75,10
4few_ligand,-5.216393,122,13,2,37,103700,100,75,10
4few_ligand,-4.990861,181,14,2,37,153850,100,75,10
4few_ligand,-6.378393,151,1,2,37,128350,100,75,10
4few_ligand,-4.958811,451,2,2,37,383350,100,75,10
4few_ligand,-6.598687,40,3,2,37,34000,100,75,10
4few_ligand,-8.836090,247,4,2,37,209950,100,75,10
4few_ligand,-4.862352,56,5,2,37,47600,100,75,10
4few_ligand,-4.940369,327,6,2,37,277950,100,75,10
4few_ligand,-5.866433,274,7,2,37,232900,100,75,10
4few_ligand,-5.761138,104,8,2,37,88400,100,75,10
4few_ligand,-4.907681,171,9,2,37,145350,100,75,10
4few_ligand,-7.202346,274,0,2,37,4137400,100,75,200
4few_ligand,-7.345121,238,10,2,37,3593800,100,75,200
4few_ligand,-7.433497,98,11,2,37,1479800,100,75,200
4few_ligand,-6.466296,124,12,2,37,1872400,100,75,200
4few_ligand,-8.777479,132,13,2,37,1993200,100,75,200
4few_ligand,-8.188114,114,14,2,37,1721400,100,75,200
4few_ligand,-8.142568,202,1,2,37,3050200,100,75,200
4few_ligand,-5.912300,94,2,2,37,1419400,100,75,200
4few_ligand,-6.796642,40,3,2,37,604000,100,75,200
4few_ligand,-7.743999,124,4,2,37,1872400,100,75,200
4few_ligand,-8.772123,138,5,2,37,2083800,100,75,200
4few_ligand,-7.366704,58,6,2,37,875800,100,75,200
4few_ligand,-6.529361,153,7,2,37,2310300,100,75,200
4few_ligand,-8.336407,193,8,2,37,2914300,100,75,200
4few_ligand,-8.280063,140,9,2,37,2114000,100,75,200
4few_ligand,-5.349816,210,0,2,37,414750,100,75,25
4few_ligand,-4.930258,144,10,2,37,284400,100,75,25
4few_ligand,-8.411050,148,11,2,37,292300,100,75,25
4few_ligand,-6.447923,124,12,2,37,244900,100,75,25
4few_ligand,-5.132391,181,13,2,37,357475,100,75,25
4few_ligand,-5.139307,220,14,2,37,434500,100,75,25
4few_ligand,-5.233380,74,1,2,37,146150,100,75,25
4few_ligand,-5.106931,153,2,2,37,302175,100,75,25
4few_ligand,-6.602480,40,3,2,37,79000,100,75,25
4few_ligand,-6.476554,125,4,2,37,246875,100,75,25
4few_ligand,-5.842588,208,5,2,37,410800,100,75,25
4few_ligand,-4.906197,112,6,2,37,221200,100,75,25
4few_ligand,-5.710964,163,7,2,37,321925,100,75,25
4few_ligand,-6.357210,234,8,2,37,462150,100,75,25
4few_ligand,-4.917148,118,9,2,37,233050,100,75,25
4few_ligand,-4.808568,158,0,2,37,608300,100,75,50
4few_ligand,-7.034850,235,10,2,37,904750,100,75,50
4few_ligand,-5.302103,215,11,2,37,827750,100,75,50
4few_ligand,-6.304737,124,12,2,37,477400,100,75,50
4few_ligand,-4.780040,141,13,2,37,542850,100,75,50
4few_ligand,-6.653354,118,14,2,37,454300,100,75,50
4few_ligand,-7.117549,175,1,2,37,673750,100,75,50
4few_ligand,-5.901418,172,2,2,37,662200,100,75,50
4few_ligand,-6.782156,40,3,2,37,154000,100,75,50
4few_ligand,-7.706381,95,4,2,37,365750,100,75,50
4few_ligand,-7.305183,282,5,2,37,1085700,100,75,50
4few_ligand,-4.900883,78,6,2,37,300300,100,75,50
4few_ligand,-5.882610,168,7,2,37,646800,100,75,50
4few_ligand,-8.315948,260,8,2,37,1001000,100,75,50
4few_ligand,-4.886005,156,9,2,37,600600,100,75,50
5cst_ligand,-6.424410,138,0,6,37,1393800,100,100,100
5cst_ligand,-5.018340,68,10,6,37,686800,100,100,100
5cst_ligand,-5.126976,106,11,6,37,1070600,100,100,100
5cst_ligand,-6.336752,84,12,6,37,848400,100,100,100
5cst_ligand,-5.524651,266,13,6,37,2686600,100,100,100
5cst_ligand,-11.668103,132,14,6,37,1333200,100,100,100
5cst_ligand,-7.354443,112,1,6,37,1131200,100,100,100
5cst_ligand,-5.489437,103,2,6,37,1040300,100,100,100
5cst_ligand,-6.388871,206,3,6,37,2080600,100,100,100
5cst_ligand,-5.618389,174,4,6,37,1757400,100,100,100
5cst_ligand,-5.519731,80,5,6,37,808000,100,100,100
5cst_ligand,-5.723828,102,6,6,37,1030200,100,100,100
5cst_ligand,-6.253487,160,7,6,37,1616000,100,100,100
5cst_ligand,-5.489664,236,8,6,37,2383600,100,100,100
5cst_ligand,-10.237959,183,9,6,37,1848300,100,100,100
5cst_ligand,-4.067831,357,0,6,37,392700,100,100,10
5cst_ligand,-4.261908,305,10,6,37,335500,100,100,10
5cst_ligand,5.978096,500,11,6,37,550000,100,100,10
5cst_ligand,-4.901038,500,12,6,37,550000,100,100,10
5cst_ligand,-4.456218,235,13,6,37,258500,100,100,10
5cst_ligand,-5.686669,390,14,6,37,429000,100,100,10
5cst_ligand,-3.656641,344,1,6,37,378400,100,100,10
5cst_ligand,-6.060862,500,2,6,37,550000,100,100,10
5cst_ligand,295.254791,500,3,6,37,550000,100,100,10
5cst_ligand,-4.333385,500,4,6,37,550000,100,100,10
5cst_ligand,-8.195412,500,5,6,37,550000,100,100,10
5cst_ligand,-0.145510,500,6,6,37,550000,100,100,10
5cst_ligand,-2.841618,173,7,6,37,190300,100,100,10
5cst_ligand,-4.300972,373,8,6,37,410300,100,100,10
5cst_ligand,-2.311785,191,9,6,37,210100,100,100,10
5cst_ligand,-10.388207,162,0,6,37,3256200,100,100,200
5cst_ligand,-5.024889,72,10,6,37,1447200,100,100,200
5cst_ligand,-6.471323,74,11,6,37,1487400,100,100,200
5cst_ligand,-7.024520,138,12,6,37,2773800,100,100,200
5cst_ligand,-8.280411,84,13,6,37,1688400,100,100,200
5cst_ligand,-11.724796,110,14,6,37,2211000,100,100,200
5cst_ligand,-5.952706,190,1,6,37,3819000,100,100,200
5cst_ligand,-6.086374,92,2,6,37,1849200,100,100,200
5cst_ligand,-7.241265,122,3,6,37,2452200,100,100,200
5cst_ligand,-7.056600,94,4,6,37,1889400,100,100,200
5cst_ligand,-8.713516,144,5,6,37,2894400,100,100,200
5cst_ligand,-7.572536,116,6,6,37,2331600,100,100,200
5cst_ligand,-5.566312,110,7,6,37,2211000,100,100,200
5cst_ligand,-7.093069,144,8,6,37,2894400,100,100,200
5cst_ligand,-10.747937,171,9,6,37,3437100,100,100,200
5cst_ligand,-10.205555,103,0,6,37,267800,100,100,25
5cst_ligand,-4.396181,160,10,6,37,416000,100,100,25
5cst_ligand,-3.722616,152,11,6,37,395200,100,100,25
5cst_ligand,-5.272652,119,12,6,37,309400,100,100,25
5cst_ligand,-3.463140,328,13,6,37,852800,100,100,25
5cst_ligand,-4.615885,187,14,6,37,486200,100,100,25
5cst_ligand,-6.682673,282,1,6,37,733200,100,100,25
5cst_ligand,-9.154787,500,2,6,37,1300000,100,100,25
5cst_ligand,-4.271560,106,3,6,37,275600,100,100,25
5cst_ligand,-5.574542,131,4,6,37,340600,100,100,25
5cst_ligand,-7.315238,101,5,6,37,262600,100,100,25
5cst_ligand,-2.130312,256,6,6,37,665600,100,100,25
5cst_ligand,-3.443138,162,7,6,37,421200,100,100,25
5cst_ligand,-4.320090,374,8,6,37,972400,100,100,25
5cst_ligand,-3.320030,136,9,6,37,353600,100,100,25
5cst_ligand,-11.381154,108,0,6,37,550800,100,100,50
5cst_ligand,-5.042403,160,10,6,37,816000,100,100,50
5cst_ligand,-3.445135,500,11,6,37,2550000,100,100,50
5cst_ligand,-6.368353,186,12,6,37,948600,100,100,50
5cst_ligand,-9.449152,395,13,6,37,2014500,100,100,50
5cst_ligand,-4.313246,150,14,6,37,765000,100,100,50
5cst_ligand,-7.252240,141,1,6,37,719100,100,100,50
5cst_ligand,-6.323158,430,2,6,37,2193000,100,100,50
5cst_ligand,-4.586033,142,3,6,37,724200,100,100,50
5cst_ligand,-6.224301,398,4,6,37,2029800,100,100,50
5cst_ligand,-5.746933,491,5,6,37,2504100,100,100,50
5cst_ligand,-5.217675,210,6,6,37,1071000,100,100,50
5cst_ligand,-5.628785,131,7,6,37,668100,100,100,50
5cst_ligand,-5.633543,268,8,6,37,1366800,100,100,50
5cst_ligand,-10.264310,350,9,6,37,1785000,100,100,50
5cst_ligand,-6.272291,142,0,6,37,156200,100,10,100
5cst_ligand,-4.831197,209,10,6,37,229900,100,10,100
5cst_ligand,-5.261030,296,11,6,37,325600,100,10,100
5cst_ligand,-5.380104,270,12,6,37,297000,100,10,100
5cst_ligand,-5.741962,309,13,6,37,339900,100,10,100
5cst_ligand,-11.417055,395,14,6,37,434500,100,10,100
5cst_ligand,-6.153633,268,1,6,37,294800,100,10,100
5cst_ligand,-5.492685,237,2,6,37,260700,100,10,100
5cst_ligand,-9.077720,375,3,6,37,412500,100,10,100
5cst_ligand,-5.248817,83,4,6,37,91300,100,10,100
5cst_ligand,-3.387620,105,5,6,37,115500,100,10,100
5cst_ligand,-5.211665,252,6,6,37,277200,100,10,100
5cst_ligand,-5.071636,214,7,6,37,235400,100,10,100
5cst_ligand,-5.397526,273,8,6,37,300300,100,10,100
5cst_ligand,-4.471586,242,9,6,37,266200,100,10,100
5cst_ligand,-4.083760,250,0,6,37,50000,100,10,10
5cst_ligand,-3.769379,174,10,6,37,34800,100,10,10
5cst_ligand,62.076927,92,11,6,37,18400,100,10,10
5cst_ligand,-4.657945,500,12,6,37,100000,100,10,10
5cst_ligand,-3.371044,84,13,6,37,16800,100,10,10
5cst_ligand,-7.744948,316,14,6,37,63200,100,10,10
5cst_ligand,-2.395882,135,1,6,37,27000,100,10,10
5cst_ligand,-5.630102,128,2,6,37,25600,100,10,10
5cst_ligand,60.200241,243,3,6,37,48600,100,10,10
5cst_ligand,-4.644596,309,4,6,37,61800,100,10,10
5cst_ligand,-1.618795,199,5,6,37,39800,100,10,10
5cst_ligand,8.732274,148,6,6,37,29600,100,10,10
5cst_ligand,-5.070952,219,7,6,37,43800,100,10,10
5cst_ligand,-4.256780,337,8,6,37,67400,100,10,10
5cst_ligand,-1.290892,356,9,6,37,71200,100,10,10
5cst_ligand,-10.375929,229,0,6,37,480900,100,10,200
5cst_ligand,-4.943066,189,10,6,37,396900,100,10,200
5cst_ligand,-6.684370,146,11,6,37,306600,100,10,200
5cst_ligand,-10.881373,164,12,6,37,344400,100,10,200
5cst_ligand,-6.325939,210,13,6,37,441000,100,10,200
5cst_ligand,-11.756419,147,14,6,37,308700,100,10,200
5cst_ligand,-7.434675,94,1,6,37,197400,100,10,200
5cst_ligand,-3.391448,107,2,6,37,224700,100,10,200
5cst_ligand,-4.982289,246,3,6,37,516600,100,10,200
5cst_ligand,-5.254846,260,4,6,37,546000,100,10,200
5cst_ligand,-5.370642,242,5,6,37,508200,100,10,200
5cst_ligand,-5.260211,283,6,6,37,594300,100,10,200
5cst_ligand,-6.366042,310,7,6,37,651000,100,10,200
5cst_ligand,-5.650537,75,8,6,37,157500,100,10,200
5cst_ligand,-11.127766,161,9,6,37,338100,100,10,200
5cst_ligand,-5.596679,354,0,6,37,123900,100,10,25
5cst_ligand,-4.380645,131,10,6,37,45850,100,10,25
5cst_ligand,52.810879,190,11,6,37,66500,100,10,25
5cst_ligand,-5.398712,500,12,6,37,175000,100,10,25
5cst_ligand,-2.370040,144,13,6,37,50400,100,10,25
5cst_ligand,-4.442811,234,14,6,37,81900,100,10,25
5cst_ligand,-6.565080,191,1,6,37,66850,100,10,25
5cst_ligand,-3.697855,231,2,6,37,80850,100,10,25
5cst_ligand,-3.184578,371,3,6,37,129850,100,10,25
5cst_ligand,-5.037948,246,4,6,37,86100,100,10,25
5cst_ligand,-4.386034,121,5,6,37,42350,100,10,25
5cst_ligand,-0.270067,500,6,6,37,175000,100,10,25
5cst_ligand,-5.049201,310,7,6,37,108500,100,10,25
5cst_ligand,-4.263680,265,8,6,37,92750,100,10,25
5cst_ligand,-1.705407,151,9,6,37,52850,100,10,25
5cst_ligand,-4.157619,258,0,6,37,154800,100,10,50
5cst_ligand,-4.742068,127,10,6,37,76200,100,10,50
5cst_ligand,-2.520031,109,11,6,37,65400,100,10,50
5cst_ligand,-6.278726,135,12,6,37,81000,100,10,50
5cst_ligand,-4.622125,100,13,6,37,60000,100,10,50
5cst_ligand,-4.517939,269,14,6,37,161400,100,10,50
5cst_ligand,-7.259640,337,1,6,37,202200,100,10,50
5cst_ligand,-2.879442,231,2,6,37,138600,100,10,50
5cst_ligand,-4.909688,247,3,6,37,148200,100,10,50
5cst_ligand,-4.588367,87,4,6,37,52200,100,10,50
5cst_ligand,-4.684175,240,5,6,37,144000,100,10,50
5cst_ligand,-0.537475,265,6,6,37,159000,100,10,50
5cst_ligand,-3.573894,81,7,6,37,48600,100,10,50
5cst_ligand,-5.430517,305,8,6,37,183000,100,10,50
5cst_ligand,-9.728088,360,9,6,37,216000,100,10,50
5cst_ligand,-5.081795,152,0,6,37,395200,100,25,100
5cst_ligand,-4.926157,83,10,6,37,215800,100,25,100
5cst_ligand,-1.441836,159,11,6,37,413400,100,25,100
5cst_ligand,-5.686497,118,12,6,37,306800,100,25,100
5cst_ligand,-3.986457,147,13,6,37,382200,100,25,100
5cst_ligand,-11.315618,123,14,6,37,319800,100,25,100
5cst_ligand,-3.014780,224,1,6,37,582400,100,25,100
5cst_ligand,-6.080732,125,2,6,37,325000,100,25,100
5cst_ligand,-6.758589,336,3,6,37,873600,100,25,100
5cst_ligand,-5.324475,188,4,6,37,488800,100,25,100
5cst_ligand,-3.982890,110,5,6,37,286000,100,25,100
5cst_ligand,-5.953115,74,6,6,37,192400,100,25,100
5cst_ligand,-5.062497,84,7,6,37,218400,100,25,100
5cst_ligand,-5.325674,305,8,6,37,793000,100,25,100
5cst_ligand,-9.734290,360,9,6,37,936000,100,25,100
5cst_ligand,-3.826824,281,0,6,37,98350,100,25,10
5cst_ligand,-4.299167,441,10,6,37,154350,100,25,10
5cst_ligand,49.789036,187,11,6,37,65450,100,25,10
5cst_ligand,-5.296545,261,12,6,37,91350,100,25,10
5cst_ligand,-4.399429,163,13,6,37,57050,100,25,10
5cst_ligand,-7.842196,267,14,6,37,93450,100,25,10
5cst_ligand,-2.248158,199,1,6,37,69650,100,25,10
5cst_ligand,-2.446097,143,2,6,37,50050,100,25,10
5cst_ligand,53.873722,169,3,6,37,59150,100,25,10
5cst_ligand,-5.200641,500,4,6,37,175000,100,25,10
5cst_ligand,17.786028,174,5,6,37,60900,100,25,10
5cst_ligand,0.010362,293,6,6,37,102550,100,25,10
5cst_ligand,-5.146599,419,7,6,37,146650,100,25,10
5cst_ligand,-4.213215,337,8,6,37,117950,100,25,10
5cst_ligand,-3.075528,239,9,6,37,83650,100,25,10
5cst_ligand,-10.385633,154,0,6,37,785400,100,25,200
5cst_ligand,-5.865430,214,10,6,37,1091400,100,25,200
5cst_ligand,-7.203998,262,11,6,37,1336200,100,25,200
5cst_ligand,-6.438544,124,12,6,37,632400,100,25,200
5cst_ligand,-5.262609,154,13,6,37,785400,100,25,200
5cst_ligand,-11.769718,147,14,6,37,749700,100,25,200
5cst_ligand,-7.481274,153,1,6,37,780300,100,25,200
5cst_ligand,-5.733051,170,2,6,37,867000,100,25,200
5cst_ligand,-7.956674,380,3,6,37,1938000,100,25,200
5cst_ligand,-7.094927,133,4,6,37,678300,100,25,200
5cst_ligand,-8.107508,181,5,6,37,923100,100,25,200
5cst_ligand,-7.216306,65,6,6,37,331500,100,25,200
5cst_ligand,-5.046542,94,7,6,37,479400,100,25,200
5cst_ligand,-6.922261,294,8,6,37,1499400,100,25,200
5cst_ligand,-9.733719,302,9,6,37,1540200,100,25,200
5cst_ligand,-3.702435,168,0,6,37,121800,100,25,25
5cst_ligand,-4.386397,131,10,6,37,94975,100,25,25
5cst_ligand,-4.695439,294,11,6,37,213150,100,25,25
5cst_ligand,-5.702691,166,12,6,37,120350,100,25,25
5cst_ligand,-2.806767,84,13,6,37,60900,100,25,25
5cst_ligand,-4.596431,500,14,6,37,362500,100,25,25
5cst_ligand,-6.625593,136,1,6,37,98600,100,25,25
5cst_ligand,-3.616056,179,2,6,37,129775,100,25,25
5cst_ligand,6.225040,229,3,6,37,166025,100,25,25
5cst_ligand,-5.027608,245,4,6,37,177625,100,25,25
5cst_ligand,3.534369,481,5,6,37,348725,100,25,25
5cst_ligand,0.203897,433,6,6,37,313925,100,25,25
5cst_ligand,-5.153276,301,7,6,37,218225,100,25,25
5cst_ligand,-4.174976,194,8,6,37,140650,100,25,25
5cst_ligand,-2.187565,364,9,6,37,263900,100,25,25
5cst_ligand,-8.202643,258,0,6,37,348300,100,25,50
5cst_ligand,-4.206387,126,10,6,37,170100,100,25,50
5cst_ligand,-2.466786,143,11,6,37,193050,100,25,50
5cst_ligand,-6.196636,277,12,6,37,373950,100,25,50
5cst_ligand,-4.709126,124,13,6,37,167400,100,25,50
5cst_ligand,-10.551582,247,14,6,37,333450,100,25,50
5cst_ligand,-7.312885,268,1,6,37,361800,100,25,50
5cst_ligand,-7.460238,305,2,6,37,411750,100,25,50
5cst_ligand,-4.932278,412,3,6,37,556200,100,25,50
5cst_ligand,-5.078731,144,4,6,37,194400,100,25,50
5cst_ligand,-3.215580,87,5,6,37,117450,100,25,50
5cst_ligand,-4.178271,108,6,6,37,145800,100,25,50
5cst_ligand,-5.303719,410,7,6,37,553500,100,25,50
5cst_ligand,-5.148147,86,8,6,37,116100,100,25,50
5cst_ligand,-9.687855,362,9,6,37,488700,100,25,50
5cst_ligand,-11.543334,394,0,6,37,2009400,100,50,100
5cst_ligand,-4.950693,182,10,6,37,928200,100,50,100
5cst_ligand,-5.170392,147,11,6,37,749700,100,50,100
5cst_ligand,-7.068276,231,12,6,37,1178100,100,50,100
5cst_ligand,-5.642592,301,13,6,37,1535100,100,50,100
5cst_ligand,-11.771842,260,14,6,37,1326000,100,50,100
5cst_ligand,-3.564260,153,1,6,37,780300,100,50,100
5cst_ligand,-4.037019,237,2,6,37,1208700,100,50,100
5cst_ligand,-5.659838,234,3,6,37,1193400,100,50,100
5cst_ligand,-5.352770,72,4,6,37,367200,100,50,100
5cst_ligand,-7.448006,224,5,6,37,1142400,100,50,100
5cst_ligand,-5.726601,208,6,6,37,1060800,100,50,100
5cst_ligand,-6.556116,156,7,6,37,795600,100,50,100
5cst_ligand,-5.234371,169,8,6,37,861900,100,50,100
5cst_ligand,-9.732313,144,9,6,37,734400,100,50,100
5cst_ligand,-4.667084,173,0,6,37,103800,100,50,10
5cst_ligand,-4.458512,423,10,6,37,253800,100,50,10
5cst_ligand,-2.506413,350,11,6,37,210000,100,50,10
5cst_ligand,-4.795506,195,12,6,37,117000,100,50,10
5cst_ligand,-3.489995,84,13,6,37,50400,100,50,10
5cst_ligand,-7.965437,289,14,6,37,173400,100,50,10
5cst_ligand,-2.178764,237,1,6,37,142200,100,50,10
5cst_ligand,-4.790551,475,2,6,37,285000,100,50,10
5cst_ligand,-4.898627,500,3,6,37,300000,100,50,10
5cst_ligand,-5.008872,237,4,6,37,142200,100,50,10
5cst_ligand,-7.272328,497,5,6,37,298200,100,50,10
5cst_ligand,0.068184,168,6,6,37,100800,100,50,10
5cst_ligand,-3.060086,500,7,6,37,300000,100,50,10
5cst_ligand,-4.241240,225,8,6,37,135000,100,50,10
5cst_ligand,-2.532255,113,9,6,37,67800,100,50,10
5cst_ligand,-10.399014,202,0,6,37,2040200,100,50,200
5cst_ligand,-4.927751,214,10,6,37,2161400,100,50,200
5cst_ligand,-6.810866,378,11,6,37,3817800,100,50,200
5cst_ligand,-7.055951,162,12,6,37,1636200,100,50,200
5cst_ligand,-8.143180,150,13,6,37,1515000,100,50,200
5cst_ligand,-11.736878,102,14,6,37,1030200,100,50,200
5cst_ligand,-9.169724,70,1,6,37,707000,100,50,200
5cst_ligand,-8.229915,118,2,6,37,1191800,100,50,200
5cst_ligand,-8.259463,284,3,6,37,2868400,100,50,200
5cst_ligand,-7.105787,175,4,6,37,1767500,100,50,200
5cst_ligand,-11.241975,370,5,6,37,3737000,100,50,200
5cst_ligand,-7.538118,320,6,6,37,3232000,100,50,200
5cst_ligand,-5.581186,99,7,6,37,999900,100,50,200
5cst_ligand,-6.997269,337,8,6,37,3403700,100,50,200
5cst_ligand,-10.603372,129,9,6,37,1302900,100,50,200
5cst_ligand,-8.218504,145,0,6,37,195750,100,50,25
5cst_ligand,-4.288360,128,10,6,37,172800,100,50,25
5cst_ligand,-2.763832,146,11,6,37,197100,100,50,25
5cst_ligand,-6.183414,180,12,6,37,243000,100,50,25
5cst_ligand,-3.870838,84,13,6,37,113400,100,50,25
5cst_ligand,-4.484103,143,14,6,37,193050,100,50,25
5cst_ligand,-6.185535,129,1,6,37,174150,100,50,25
5cst_ligand,-3.521005,121,2,6,37,163350,100,50,25
5cst_ligand,-5.668097,500,3,6,37,675000,100,50,25
5cst_ligand,-5.069711,115,4,6,37,155250,100,50,25
5cst_ligand,-4.535671,322,5,6,37,434700,100,50,25
5cst_ligand,-4.317577,170,6,6,37,229500,100,50,25
5cst_ligand,-3.424992,156,7,6,37,210600,100,50,25
5cst_ligand,-4.001863,263,8,6,37,355050,100,50,25
5cst_ligand,-1.834662,341,9,6,37,460350,100,50,25
5cst_ligand,-8.190091,245,0,6,37,637000,100,50,50
5cst_ligand,-4.708369,267,10,6,37,694200,100,50,50
5cst_ligand,-3.064069,266,11,6,37,691600,100,50,50
5cst_ligand,-7.058335,108,12,6,37,280800,100,50,50
5cst_ligand,-7.731491,84,13,6,37,218400,100,50,50
5cst_ligand,-3.926158,190,14,6,37,494000,100,50,50
5cst_ligand,-7.197123,118,1,6,37,306800,100,50,50
5cst_ligand,-3.845594,329,2,6,37,855400,100,50,50
5cst_ligand,-5.097638,299,3,6,37,777400,100,50,50
5cst_ligand,-5.007417,75,4,6,37,195000,100,50,50
5cst_ligand,-6.107188,298,5,6,37,774800,100,50,50
5cst_ligand,-3.872861,167,6,6,37,434200,100,50,50
5cst_ligand,-4.163904,90,7,6,37,234000,100,50,50
5cst_ligand,-5.215651,169,8,6,37,439400,100,50,50
5cst_ligand,-10.397654,237,9,6,37,616200,100,50,50
5cst_ligand,-9.933727,289,0,6,37,2196400,100,75,100
5cst_ligand,-5.061482,152,10,6,37,1155200,100,75,100
5cst_ligand,-5.168504,378,11,6,37,2872800,100,75,100
5cst_ligand,-6.366982,182,12,6,37,1383200,100,75,100
5cst_ligand,-7.866331,270,13,6,37,2052000,100,75,100
5cst_ligand,-11.813562,172,14,6,37,1307200,100,75,100
5cst_ligand,-7.903392,500,1,6,37,3800000,100,75,100
5cst_ligand,-6.295275,146,2,6,37,1109600,100,75,100
5cst_ligand,-5.732035,206,3,6,37,1565600,100,75,100
5cst_ligand,-5.291580,106,4,6,37,805600,100,75,100
5cst_ligand,-7.827107,164,5,6,37,1246400,100,75,100
5cst_ligand,-5.732697,160,6,6,37,1216000,100,75,100
5cst_ligand,-5.538665,208,7,6,37,1580800,100,75,100
5cst_ligand,-5.321969,212,8,6,37,1611200,100,75,100
5cst_ligand,-10.209445,211,9,6,37,1603600,100,75,100
5cst_ligand,-3.912014,328,0,6,37,278800,100,75,10
5cst_ligand,-4.214757,221,10,6,37,187850,100,75,10
5cst_ligand,0.096557,290,11,6,37,246500,100,75,10
5cst_ligand,-5.277221,281,12,6,37,238850,100,75,10
5cst_ligand,-4.153670,309,13,6,37,262650,100,75,10
5cst_ligand,-7.752946,276,14,6,37,234600,100,75,10
5cst_ligand,-3.538328,225,1,6,37,191250,100,75,10
5cst_ligand,-3.557146,148,2,6,37,125800,100,75,10
5cst_ligand,-3.374130,277,3,6,37,235450,100,75,10
5cst_ligand,-4.315715,261,4,6,37,221850,100,75,10
5cst_ligand,-7.681020,487,5,6,37,413950,100,75,10
5cst_ligand,-2.907032,340,6,6,37,289000,100,75,10
5cst_ligand,-2.839855,277,7,6,37,235450,100,75,10
5cst_ligand,-4.029844,161,8,6,37,136850,100,75,10
5cst_ligand,-2.472908,181,9,6,37,153850,100,75,10
5cst_ligand,-10.401155,188,0,6,37,2838800,100,75,200
5cst_ligand,-5.043274,249,10,6,37,3759900,100,75,200
5cst_ligand,-7.298163,118,11,6,37,1781800,100,75,200
5cst_ligand,-7.064369,180,12,6,37,2718000,100,75,200
5cst_ligand,-8.285421,116,13,6,37,1751600,100,75,200
5cst_ligand,-11.801506,181,14,6,37,2733100,100,75,200
5cst_ligand,-8.155148,170,1,6,37,2567000,100,75,200
5cst_ligand,-8.302759,131,2,6,37,1978100,100,75,200
5cst_ligand,-7.442609,234,3,6,37,3533400,100,75,200
5cst_ligand,-11.184052,151,4,6,37,2280100,100,75,200
5cst_ligand,-11.502367,314,5,6,37,4741400,100,75,200
5cst_ligand,-7.587015,470,6,6,37,7097000,100,75,200
5cst_ligand,-5.571967,240,7,6,37,3624000,100,75,200
5cst_ligand,-6.922496,326,8,6,37,4922600,100,75,200
5cst_ligand,-10.200594,120,9,6,37,1812000,100,75,200
5cst_ligand,-10.802438,346,0,6,37,683350,100,75,25
5cst_ligand,-4.975714,130,10,6,37,256750,100,75,25
5cst_ligand,-3.613892,187,11,6,37,369325,100,75,25
5cst_ligand,-4.878294,178,12,6,37,351550,100,75,25
5cst_ligand,-4.601852,202,13,6,37,398950,100,75,25
5cst_ligand,-8.277795,264,14,6,37,521400,100,75,25
5cst_ligand,-1.677640,186,1,6,37,367350,100,75,25
5cst_ligand,-3.888103,354,2,6,37,699150,100,75,25
5cst_ligand,-5.052308,175,3,6,37,345625,100,75,25
5cst_ligand,-4.982895,231,4,6,37,456225,100,75,25
5cst_ligand,-5.071316,273,5,6,37,539175,100,75,25
5cst_ligand,-3.824250,116,6,6,37,229100,100,75,25
5cst_ligand,-3.462071,122,7,6,37,240950,100,75,25
5cst_ligand,-3.421422,339,8,6,37,669525,100,75,25
5cst_ligand,-3.667808,234,9,6,37,462150,100,75,25
5cst_ligand,-11.134512,260,0,6,37,1001000,100,75,50
5cst_ligand,-4.183760,179,10,6,37,689150,100,75,50
5cst_ligand,-3.320655,350,11,6,37,1347500,100,75,50
5cst_ligand,-7.074946,274,12,6,37,1054900,100,75,50
5cst_ligand,-7.849908,84,13,6,37,323400,100,75,50
5cst_ligand,-3.088179,306,14,6,37,1178100,100,75,50
5cst_ligand,-1.810081,124,1,6,37,477400,100,75,50
5cst_ligand,-7.253784,194,2,6,37,746900,100,75,50
5cst_ligand,-5.646612,326,3,6,37,1255100,100,75,50
5cst_ligand,-5.052207,118,4,6,37,454300,100,75,50
5cst_ligand,-8.631763,440,5,6,37,1694000,100,75,50
5cst_ligand,-4.296603,128,6,6,37,492800,100,75,50
5cst_ligand,-5.496708,230,7,6,37,885500,100,75,50
5cst_ligand,-5.028597,184,8,6,37,708400,100,75,50
5cst_ligand,-9.817601,231,9,6,37,889350,100,75,50
5uez_ligand,-4.866413,144,0,4,39,1454400,100,100,100
5uez_ligand,-4.399347,90,10,4,39,909000,100,100,100
5uez_ligand,-4.634959,87,11,4,39,878700,100,100,100
5uez_ligand,-3.560772,94,12,4,39,949400,100,100,100
5uez_ligand,-4.109286,192,13,4,39,1939200,100,100,100
5uez_ligand,-4.450521,356,14,4,39,3595600,100,100,100
5uez_ligand,-3.566658,70,1,4,39,707000,100,100,100
5uez_ligand,-3.646763,122,2,4,39,1232200,100,100,100
5uez_ligand,-4.237811,100,3,4,39,1010000,100,100,100
5uez_ligand,-8.241499,134,4,4,39,1353400,100,100,100
5uez_ligand,-4.082343,114,5,4,39,1151400,100,100,100
5uez_ligand,-4.601793,108,6,4,39,1090800,100,100,100
5uez_ligand,-4.096847,90,7,4,39,909000,100,100,100
5uez_ligand,-5.297051,145,8,4,39,1464500,100,100,100
5uez_ligand,-3.653672,76,9,4,39,767600,100,100,100
5uez_ligand,-3.533576,184,0,4,39,202400,100,100,10
5uez_ligand,-4.366114,274,10,4,39,301400,100,100,10
5uez_ligand,-3.879324,108,11,4,39,118800,100,100,10
5uez_ligand,-3.103829,289,12,4,39,317900,100,100,10
5uez_ligand,-3.910612,500,13,4,39,550000,100,100,10
5uez_ligand,-3.817474,260,14,4,39,286000,100,100,10
5uez_ligand,-3.247467,256,1,4,39,281600,100,100,10
5uez_ligand,-3.780466,153,2,4,39,168300,100,100,10
5uez_ligand,-3.361119,148,3,4,39,162800,100,100,10
5uez_ligand,-3.347177,500,4,4,39,550000,100,100,10
5uez_ligand,-3.601442,412,5,4,39,453200,100,100,10
5uez_ligand,-3.295192,243,6,4,39,267300,100,100,10
5uez_ligand,-3.632531,199,7,4,39,218900,100,100,10
5uez_ligand,-4.038346,279,8,4,39,306900,100,100,10
5uez_ligand,-3.472793,474,9,4,39,521400,100,100,10
5uez_ligand,-4.875053,105,0,4,39,2110500,100,100,200
5uez_ligand,-4.389370,104,10,4,39,2090400,100,100,200
5uez_ligand,-4.573195,76,11,4,39,1527600,100,100,200
5uez_ligand,-4.952075,94,12,4,39,1889400,100,100,200
5uez_ligand,-4.119409,138,13,4,39,2773800,100,100,200
5uez_ligand,-3.946505,100,14,4,39,2010000,100,100,200
5uez_ligand,-4.457936,62,1,4,39,1246200,100,100,200
5uez_ligand,-4.901173,86,2,4,39,1728600,100,100,200
5uez_ligand,-5.645992,111,3,4,39,2231100,100,100,200
5uez_ligand,-8.240498,118,4,4,39,2371800,100,100,200
5uez_ligand,-4.077333,210,5,4,39,4221000,100,100,200
5uez_ligand,-4.269177,118,6,4,39,2371800,100,100,200
5uez_ligand,-3.700436,92,7,4,39,1849200,100,100,200
5uez_ligand,-4.093397,90,8,4,39,1809000,100,100,200
5uez_ligand,-3.734334,118,9,4,39,2371800,100,100,200
5uez_ligand,-3.916203,185,0,4,39,481000,100,100,25
5uez_ligand,-4.360164,106,10,4,39,275600,100,100,25
5uez_ligand,-3.838807,84,11,4,39,218400,100,100,25
5uez_ligand,-2.735890,125,12,4,39,325000,100,100,25
5uez_ligand,-3.313180,159,13,4,39,413400,100,100,25
5uez_ligand,-3.055912,137,14,4,39,356200,100,100,25
5uez_ligand,-3.559597,154,1,4,39,400400,100,100,25
5uez_ligand,-3.866732,237,2,4,39,616200,100,100,25
5uez_ligand,-3.533715,115,3,4,39,299000,100,100,25
5uez_ligand,-3.426927,126,4,4,39,327600,100,100,25
5uez_ligand,-4.040620,285,5,4,39,741000,100,100,25
5uez_ligand,-3.830437,249,6,4,39,647400,100,100,25
5uez_ligand,-3.710790,114,7,4,39,296400,100,100,25
5uez_ligand,-4.665803,298,8,4,39,774800,100,100,25
5uez_ligand,-3.467591,79,9,4,39,205400,100,100,25
5uez_ligand,-3.919581,102,0,4,39,520200,100,100,50
5uez_ligand,-4.585108,88,10,4,39,448800,100,100,50
5uez_ligand,-3.841875,126,11,4,39,642600,100,100,50
5uez_ligand,-3.526880,90,12,4,39,459000,100,100,50
5uez_ligand,-3.714911,154,13,4,39,785400,100,100,50
5uez_ligand,-3.039658,228,14,4,39,1162800,100,100,50
5uez_ligand,-3.552212,132,1,4,39,673200,100,100,50
5uez_ligand,-3.935776,84,2,4,39,428400,100,100,50
5uez_ligand,-3.583265,165,3,4,39,841500,100,100,50
5uez_ligand,-7.744547,89,4,4,39,453900,100,100,50
5uez_ligand,-3.727797,129,5,4,39,657900,100,100,50
5uez_ligand,-3.349874,78,6,4,39,397800,100,100,50
5uez_ligand,-4.072534,110,7,4,39,561000,100,100,50
5uez_ligand,-3.608508,74,8,4,39,377400,100,100,50
5uez_ligand,-3.632429,88,9,4,39,448800,100,100,50
5uez_ligand,-3.013640,190,0,4,39,209000,100,10,100
5uez_ligand,-3.601074,215,10,4,39,236500,100,10,100
5uez_ligand,-3.949037,97,11,4,39,106700,100,10,100
5uez_ligand,-2.783853,135,12,4,39,148500,100,10,100
5uez_ligand,-3.258322,111,13,4,39,122100,100,10,100
5uez_ligand,-3.292267,330,14,4,39,363000,100,10,100
5uez_ligand,-3.379772,182,1,4,39,200200,100,10,100
5uez_ligand,-3.436522,115,2,4,39,126500,100,10,100
5uez_ligand,-3.923666,216,3,4,39,237600,100,10,100
5uez_ligand,-8.259820,231,4,4,39,254100,100,10,100
5uez_ligand,-3.579619,95,5,4,39,104500,100,10,100
5uez_ligand,-3.938645,240,6,4,39,264000,100,10,100
5uez_ligand,-3.711871,206,7,4,39,226600,100,10,100
5uez_ligand,-3.889856,185,8,4,39,203500,100,10,100
5uez_ligand,-3.656381,64,9,4,39,70400,100,10,100
5uez_ligand,-3.527174,211,0,4,39,42200,100,10,10
5uez_ligand,-4.358954,217,10,4,39,43400,100,10,10
5uez_ligand,-3.536780,407,11,4,39,81400,100,10,10
5uez_ligand,-2.506335,222,12,4,39,44400,100,10,10
5uez_ligand,-3.764139,424,13,4,39,84800,100,10,10
5uez_ligand,-3.226209,401,14,4,39,80200,100,10,10
5uez_ligand,-3.212311,160,1,4,39,32000,100,10,10
5uez_ligand,-3.173512,278,2,4,39,55600,100,10,10
5uez_ligand,-3.468099,162,3,4,39,32400,100,10,10
5uez_ligand,-2.336889,223,4,4,39,44600,100,10,10
5uez_ligand,-3.602622,267,5,4,39,53400,100,10,10
5uez_ligand,-2.906792,91,6,4,39,18200,100,10,10
5uez_ligand,-2.354771,225,7,4,39,45000,100,10,10
5uez_ligand,-3.566156,376,8,4,39,75200,100,10,10
5uez_ligand,-3.469558,455,9,4,39,91000,100,10,10
5uez_ligand,-3.582593,301,0,4,39,632100,100,10,200
5uez_ligand,-3.600861,86,10,4,39,180600,100,10,200
5uez_ligand,-4.404086,160,11,4,39,336000,100,10,200
5uez_ligand,-3.621721,65,12,4,39,136500,100,10,200
5uez_ligand,-4.031219,276,13,4,39,579600,100,10,200
5uez_ligand,-3.277411,245,14,4,39,514500,100,10,200
5uez_ligand,-3.361989,88,1,4,39,184800,100,10,200
5uez_ligand,-3.936369,379,2,4,39,795900,100,10,200
5uez_ligand,-3.595506,139,3,4,39,291900,100,10,200
5uez_ligand,-8.258095,218,4,4,39,457800,100,10,200
5uez_ligand,-3.584219,95,5,4,39,199500,100,10,200
5uez_ligand,-3.924682,146,6,4,39,306600,100,10,200
5uez_ligand,-3.132885,137,7,4,39,287700,100,10,200
5uez_ligand,-3.338132,178,8,4,39,373800,100,10,200
5uez_ligand,-3.868570,64,9,4,39,134400,100,10,200
5uez_ligand,-4.456412,117,0,4,39,40950,100,10,25
5uez_ligand,-4.028711,130,10,4,39,45500,100,10,25
5uez_ligand,-3.847165,143,11,4,39,50050,100,10,25
5uez_ligand,-2.414170,174,12,4,39,60900,100,10,25
5uez_ligand,-3.076966,190,13,4,39,66500,100,10,25
5uez_ligand,-2.943477,130,14,4,39,45500,100,10,25
5uez_ligand,-3.242888,147,1,4,39,51450,100,10,25
5uez_ligand,-3.338679,225,2,4,39,78750,100,10,25
5uez_ligand,-2.984351,237,3,4,39,82950,100,10,25
5uez_ligand,-2.334847,95,4,4,39,33250,100,10,25
5uez_ligand,-3.283410,177,5,4,39,61950,100,10,25
5uez_ligand,-3.313941,151,6,4,39,52850,100,10,25
5uez_ligand,-2.994352,88,7,4,39,30800,100,10,25
5uez_ligand,-3.646519,175,8,4,39,61250,100,10,25
5uez_ligand,-3.458797,204,9,4,39,71400,100,10,25
5uez_ligand,-3.922825,194,0,4,39,116400,100,10,50
5uez_ligand,-4.589260,91,10,4,39,54600,100,10,50
5uez_ligand,-3.868044,230,11,4,39,138000,100,10,50
5uez_ligand,-2.827493,80,12,4,39,48000,100,10,50
5uez_ligand,-3.629381,123,13,4,39,73800,100,10,50
5uez_ligand,-3.076492,130,14,4,39,78000,100,10,50
5uez_ligand,-3.217506,108,1,4,39,64800,100,10,50
5uez_ligand,-3.334038,317,2,4,39,190200,100,10,50
5uez_ligand,-2.984721,102,3,4,39,61200,100,10,50
5uez_ligand,-8.155934,182,4,4,39,109200,100,10,50
5uez_ligand,-3.226082,147,5,4,39,88200,100,10,50
5uez_ligand,-4.042253,205,6,4,39,123000,100,10,50
5uez_ligand,-3.712876,267,7,4,39,160200,100,10,50
5uez_ligand,-2.840909,177,8,4,39,106200,100,10,50
5uez_ligand,-3.604306,143,9,4,39,85800,100,10,50
5uez_ligand,-4.059972,194,0,4,39,504400,100,25,100
5uez_ligand,-4.591932,141,10,4,39,366600,100,25,100
5uez_ligand,-4.651222,104,11,4,39,270400,100,25,100
5uez_ligand,-2.800336,75,12,4,39,195000,100,25,100
5uez_ligand,-3.693306,111,13,4,39,288600,100,25,100
5uez_ligand,-3.282111,72,14,4,39,187200,100,25,100
5uez_ligand,-3.575416,113,1,4,39,293800,100,25,100
5uez_ligand,-2.722269,214,2,4,39,556400,100,25,100
5uez_ligand,-3.640828,79,3,4,39,205400,100,25,100
5uez_ligand,-8.251883,179,4,4,39,465400,100,25,100
5uez_ligand,-4.535684,95,5,4,39,247000,100,25,100
5uez_ligand,-3.704276,205,6,4,39,533000,100,25,100
5uez_ligand,-3.706548,109,7,4,39,283400,100,25,100
5uez_ligand,-3.447759,74,8,4,39,192400,100,25,100
5uez_ligand,-3.322486,73,9,4,39,189800,100,25,100
5uez_ligand,-3.526438,133,0,4,39,46550,100,25,10
5uez_ligand,-4.582611,274,10,4,39,95900,100,25,10
5uez_ligand,-3.541999,215,11,4,39,75250,100,25,10
5uez_ligand,-3.196261,255,12,4,39,89250,100,25,10
5uez_ligand,-2.520884,181,13,4,39,63350,100,25,10
5uez_ligand,-3.728723,173,14,4,39,60550,100,25,10
5uez_ligand,-3.207035,213,1,4,39,74550,100,25,10
5uez_ligand,-3.669408,215,2,4,39,75250,100,25,10
5uez_ligand,-3.638108,243,3,4,39,85050,100,25,10
5uez_ligand,-3.346169,307,4,4,39,107450,100,25,10
5uez_ligand,-4.010572,202,5,4,39,70700,100,25,10
5uez_ligand,-1.212157,15,6,4,39,5250,100,25,10
5uez_ligand,-3.717318,143,7,4,39,50050,100,25,10
5uez_ligand,-3.874410,212,8,4,39,74200,100,25,10
5uez_ligand,-3.435117,356,9,4,39,124600,100,25,10
5uez_ligand,-4.405767,124,0,4,39,632400,100,25,200
5uez_ligand,-4.590088,91,10,4,39,464100,100,25,200
5uez_ligand,-4.656589,146,11,4,39,744600,100,25,200
5uez_ligand,-4.086776,176,12,4,39,897600,100,25,200
5uez_ligand,-3.630795,177,13,4,39,902700,100,25,200
5uez_ligand,-3.298669,203,14,4,39,1035300,100,25,200
5uez_ligand,-4.279731,129,1,4,39,657900,100,25,200
5uez_ligand,-4.194269,322,2,4,39,1642200,100,25,200
5uez_ligand,-3.772375,71,3,4,39,362100,100,25,200
5uez_ligand,-8.253369,154,4,4,39,785400,100,25,200
5uez_ligand,-3.619383,116,5,4,39,591600,100,25,200
5uez_ligand,-3.852452,162,6,4,39,826200,100,25,200
5uez_ligand,-3.711066,110,7,4,39,561000,100,25,200
5uez_ligand,-3.920999,99,8,4,39,504900,100,25,200
5uez_ligand,-3.957483,123,9,4,39,627300,100,25,200
5uez_ligand,-3.575770,264,0,4,39,191400,100,25,25
5uez_ligand,-4.593547,141,10,4,39,102225,100,25,25
5uez_ligand,-3.877184,268,11,4,39,194300,100,25,25
5uez_ligand,-3.069983,258,12,4,39,187050,100,25,25
5uez_ligand,-3.644080,163,13,4,39,118175,100,25,25
5uez_ligand,-2.942870,201,14,4,39,145725,100,25,25
5uez_ligand,-3.222143,147,1,4,39,106575,100,25,25
5uez_ligand,-3.351457,210,2,4,39,152250,100,25,25
5uez_ligand,-2.971361,108,3,4,39,78300,100,25,25
5uez_ligand,-4.044524,220,4,4,39,159500,100,25,25
5uez_ligand,-4.005389,126,5,4,39,91350,100,25,25
5uez_ligand,-3.313455,153,6,4,39,110925,100,25,25
5uez_ligand,-3.904960,132,7,4,39,95700,100,25,25
5uez_ligand,-2.115947,101,8,4,39,73225,100,25,25
5uez_ligand,-3.467217,124,9,4,39,89900,100,25,25
5uez_ligand,-3.942581,219,0,4,39,295650,100,25,50
5uez_ligand,-4.592245,91,10,4,39,122850,100,25,50
5uez_ligand,-3.815775,100,11,4,39,135000,100,25,50
5uez_ligand,-3.047699,95,12,4,39,128250,100,25,50
5uez_ligand,-3.685543,130,13,4,39,175500,100,25,50
5uez_ligand,-3.308190,164,14,4,39,221400,100,25,50
5uez_ligand,-3.575225,290,1,4,39,391500,100,25,50
5uez_ligand,-2.706228,225,2,4,39,303750,100,25,50
5uez_ligand,-3.054921,113,3,4,39,152550,100,25,50
5uez_ligand,-2.953969,73,4,4,39,98550,100,25,50
5uez_ligand,-3.948436,87,5,4,39,117450,100,25,50
5uez_ligand,-3.963991,237,6,4,39,319950,100,25,50
5uez_ligand,-3.712034,128,7,4,39,172800,100,25,50
5uez_ligand,-3.922025,216,8,4,39,291600,100,25,50
5uez_ligand,-3.668848,189,9,4,39,255150,100,25,50
5uez_ligand,-4.091391,218,0,4,39,1111800,100,50,100
5uez_ligand,-4.591372,78,10,4,39,397800,100,50,100
5uez_ligand,-4.327299,68,11,4,39,346800,100,50,100
5uez_ligand,-3.741831,76,12,4,39,387600,100,50,100
5uez_ligand,-3.677446,184,13,4,39,938400,100,50,100
5uez_ligand,-3.299453,110,14,4,39,561000,100,50,100
5uez_ligand,-4.169006,210,1,4,39,1071000,100,50,100
5uez_ligand,-3.796628,208,2,4,39,1060800,100,50,100
5uez_ligand,-4.247776,184,3,4,39,938400,100,50,100
5uez_ligand,-8.260670,377,4,4,39,1922700,100,50,100
5uez_ligand,-4.006394,80,5,4,39,408000,100,50,100
5uez_ligand,-4.012420,183,6,4,39,933300,100,50,100
5uez_ligand,-3.634274,123,7,4,39,627300,100,50,100
5uez_ligand,-3.528374,107,8,4,39,545700,100,50,100
5uez_ligand,-3.909383,64,9,4,39,326400,100,50,100
5uez_ligand,-3.531596,121,0,4,39,72600,100,50,10
5uez_ligand,-4.578318,134,10,4,39,80400,100,50,10
5uez_ligand,-3.540316,174,11,4,39,104400,100,50,10
5uez_ligand,-2.668251,153,12,4,39,91800,100,50,10
5uez_ligand,-2.961524,221,13,4,39,132600,100,50,10
5uez_ligand,-3.159736,252,14,4,39,151200,100,50,10
5uez_ligand,-3.226837,269,1,4,39,161400,100,50,10
5uez_ligand,-2.606926,307,2,4,39,184200,100,50,10
5uez_ligand,-3.531614,130,3,4,39,78000,100,50,10
5uez_ligand,-1.997230,129,4,4,39,77400,100,50,10
5uez_ligand,-3.894536,183,5,4,39,109800,100,50,10
5uez_ligand,-3.167963,233,6,4,39,139800,100,50,10
5uez_ligand,-2.530540,103,7,4,39,61800,100,50,10
5uez_ligand,-4.254450,214,8,4,39,128400,100,50,10
5uez_ligand,-3.321649,64,9,4,39,38400,100,50,10
5uez_ligand,-4.087216,164,0,4,39,1656400,100,50,200
5uez_ligand,-4.592122,236,10,4,39,2383600,100,50,200
5uez_ligand,-5.363423,84,11,4,39,848400,100,50,200
5uez_ligand,-4.912714,182,12,4,39,1838200,100,50,200
5uez_ligand,-4.222603,202,13,4,39,2040200,100,50,200
5uez_ligand,-3.288822,162,14,4,39,1636200,100,50,200
5uez_ligand,-4.470783,110,1,4,39,1111000,100,50,200
5uez_ligand,-3.847224,96,2,4,39,969600,100,50,200
5uez_ligand,-4.247582,216,3,4,39,2181600,100,50,200
5uez_ligand,-8.257532,211,4,4,39,2131100,100,50,200
5uez_ligand,-3.966395,74,5,4,39,747400,100,50,200
5uez_ligand,-4.000978,91,6,4,39,919100,100,50,200
5uez_ligand,-3.713231,137,7,4,39,1383700,100,50,200
5uez_ligand,-4.102363,104,8,4,39,1050400,100,50,200
5uez_ligand,-3.450751,94,9,4,39,949400,100,50,200
5uez_ligand,-4.475773,144,0,4,39,194400,100,50,25
5uez_ligand,-3.991703,109,10,4,39,147150,100,50,25
5uez_ligand,-3.849764,188,11,4,39,253800,100,50,25
5uez_ligand,-3.199650,132,12,4,39,178200,100,50,25
5uez_ligand,-3.190215,194,13,4,39,261900,100,50,25
5uez_ligand,-3.247044,251,14,4,39,338850,100,50,25
5uez_ligand,-3.236048,148,1,4,39,199800,100,50,25
5uez_ligand,-3.365055,193,2,4,39,260550,100,50,25
5uez_ligand,-3.008216,225,3,4,39,303750,100,50,25
5uez_ligand,-2.952947,195,4,4,39,263250,100,50,25
5uez_ligand,-3.020121,158,5,4,39,213300,100,50,25
5uez_ligand,-3.425082,153,6,4,39,206550,100,50,25
5uez_ligand,-4.077720,160,7,4,39,216000,100,50,25
5uez_ligand,-4.911142,278,8,4,39,375300,100,50,25
5uez_ligand,-3.395683,64,9,4,39,86400,100,50,25
5uez_ligand,-3.932271,110,0,4,39,286000,100,50,50
5uez_ligand,-4.592445,91,10,4,39,236600,100,50,50
5uez_ligand,-5.361721,248,11,4,39,644800,100,50,50
5uez_ligand,-3.047195,132,12,4,39,343200,100,50,50
5uez_ligand,-3.597722,128,13,4,39,332800,100,50,50
5uez_ligand,-3.304912,164,14,4,39,426400,100,50,50
5uez_ligand,-3.251318,274,1,4,39,712400,100,50,50
5uez_ligand,-3.741981,77,2,4,39,200200,100,50,50
5uez_ligand,-4.181209,183,3,4,39,475800,100,50,50
5uez_ligand,-8.254525,199,4,4,39,517400,100,50,50
5uez_ligand,-3.954021,95,5,4,39,247000,100,50,50
5uez_ligand,-3.587479,183,6,4,39,475800,100,50,50
5uez_ligand,-4.112253,122,7,4,39,317200,100,50,50
5uez_ligand,-4.121156,86,8,4,39,223600,100,50,50
5uez_ligand,-3.468027,94,9,4,39,244400,100,50,50
5uez_ligand,-4.077352,110,0,4,39,836000,100,75,100
5uez_ligand,-4.590504,90,10,4,39,684000,100,75,100
5uez_ligand,-4.657712,90,11,4,39,684000,100,75,100
5uez_ligand,-3.580230,240,12,4,39,1824000,100,75,100
5uez_ligand,-4.125276,246,13,4,39,1869600,100,75,100
5uez_ligand,-3.289569,130,14,4,39,988000,100,75,100
5uez_ligand,-4.201370,124,1,4,39,942400,100,75,100
5uez_ligand,-3.655412,76,2,4,39,577600,100,75,100
5uez_ligand,-4.245242,167,3,4,39,1269200,100,75,100
5uez_ligand,-3.791795,380,4,4,39,2888000,100,75,100
5uez_ligand,-4.091867,80,5,4,39,608000,100,75,100
5uez_ligand,-3.214836,112,6,4,39,851200,100,75,100
5uez_ligand,-4.136108,128,7,4,39,972800,100,75,100
5uez_ligand,-5.309514,124,8,4,39,942400,100,75,100
5uez_ligand,-3.473933,186,9,4,39,1413600,100,75,100
5uez_ligand,-3.215671,172,0,4,39,146200,100,75,10
5uez_ligand,-4.370024,191,10,4,39,162350,100,75,10
5uez_ligand,-3.673774,140,11,4,39,119000,100,75,10
5uez_ligand,-2.600194,257,12,4,39,218450,100,75,10
5uez_ligand,-2.801303,187,13,4,39,158950,100,75,10
5uez_ligand,-3.700950,257,14,4,39,218450,100,75,10
5uez_ligand,-3.226862,166,1,4,39,141100,100,75,10
5uez_ligand,-3.810717,282,2,4,39,239700,100,75,10
5uez_ligand,-3.492855,215,3,4,39,182750,100,75,10
5uez_ligand,-3.766762,500,4,4,39,425000,100,75,10
5uez_ligand,-3.022005,367,5,4,39,311950,100,75,10
5uez_ligand,-3.326013,189,6,4,39,160650,100,75,10
5uez_ligand,-3.637857,298,7,4,39,253300,100,75,10
5uez_ligand,-3.654415,282,8,4,39,239700,100,75,10
5uez_ligand,-3.441136,320,9,4,39,272000,100,75,10
5uez_ligand,-4.088388,246,0,4,39,3714600,100,75,200
5uez_ligand,-4.590327,116,10,4,39,1751600,100,75,200
5uez_ligand,-4.599256,106,11,4,39,1600600,100,75,200
5uez_ligand,-4.938610,96,12,4,39,1449600,100,75,200
5uez_ligand,-4.242916,120,13,4,39,1812000,100,75,200
5uez_ligand,-4.088400,140,14,4,39,2114000,100,75,200
5uez_ligand,-4.366354,138,1,4,39,2083800,100,75,200
5uez_ligand,-4.366717,132,2,4,39,1993200,100,75,200
5uez_ligand,-5.648588,114,3,4,39,1721400,100,75,200
5uez_ligand,-8.267354,238,4,4,39,3593800,100,75,200
5uez_ligand,-4.045552,93,5,4,39,1404300,100,75,200
5uez_ligand,-4.271843,162,6,4,39,2446200,100,75,200
5uez_ligand,-3.715029,231,7,4,39,3488100,100,75,200
5uez_ligand,-4.904614,160,8,4,39,2416000,100,75,200
5uez_ligand,-3.941302,180,9,4,39,2718000,100,75,200
5uez_ligand,-4.468903,93,0,4,39,183675,100,75,25
5uez_ligand,-4.592895,115,10,4,39,227125,100,75,25
5uez_ligand,-3.823703,102,11,4,39,201450,100,75,25
5uez_ligand,-3.216647,178,12,4,39,351550,100,75,25
5uez_ligand,-3.218051,403,13,4,39,795925,100,75,25
5uez_ligand,-3.795474,278,14,4,39,549050,100,75,25
5uez_ligand,-3.696570,148,1,4,39,292300,100,75,25
5uez_ligand,-3.365567,146,2,4,39,288350,100,75,25
5uez_ligand,-3.697184,272,3,4,39,537200,100,75,25
5uez_ligand,-4.285470,248,4,4,39,489800,100,75,25
5uez_ligand,-4.012563,385,5,4,39,760375,100,75,25
5uez_ligand,-3.635730,120,6,4,39,237000,100,75,25
5uez_ligand,-3.693328,138,7,4,39,272550,100,75,25
5uez_ligand,-4.602105,204,8,4,39,402900,100,75,25
5uez_ligand,-3.476850,124,9,4,39,244900,100,75,25
5uez_ligand,-4.622159,314,0,4,39,1208900,100,75,50
5uez_ligand,-3.993008,186,10,4,39,716100,100,75,50
5uez_ligand,-3.865781,98,11,4,39,377300,100,75,50
5uez_ligand,-3.581744,140,12,4,39,539000,100,75,50
5uez_ligand,-3.621172,166,13,4,39,639100,100,75,50
5uez_ligand,-3.240544,342,14,4,39,1316700,100,75,50
5uez_ligand,-3.371589,182,1,4,39,700700,100,75,50
5uez_ligand,-3.351966,203,2,4,39,781550,100,75,50
5uez_ligand,-4.182969,182,3,4,39,700700,100,75,50
5uez_ligand,-2.956134,195,4,4,39,750750,100,75,50
5uez_ligand,-4.144804,152,5,4,39,585200,100,75,50
5uez_ligand,-3.662267,222,6,4,39,854700,100,75,50
5uez_ligand,-4.076734,100,7,4,39,385000,100,75,50
5uez_ligand,-4.138462,110,8,4,39,423500,100,75,50
5uez_ligand,-3.466378,126,9,4,39,485100,100,75,50
5wuk_ligand,84.378716,96,0,5,41,969600,100,100,100
5wuk_ligand,1328.322021,101,10,5,41,1020100,100,100,100
5wuk_ligand,-3.477953,300,11,5,41,3030000,100,100,100
5wuk_ligand,139.219238,182,12,5,41,1838200,100,100,100
5wuk_ligand,-6.517159,168,13,5,41,1696800,100,100,100
5wuk_ligand,87.581535,297,14,5,41,2999700,100,100,100
5wuk_ligand,-4.478168,90,1,5,41,909000,100,100,100
5wuk_ligand,-6.158688,166,2,5,41,1676600,100,100,100
5wuk_ligand,-4.087723,166,3,5,41,1676600,100,100,100
5wuk_ligand,108.358490,122,4,5,41,1232200,100,100,100
5wuk_ligand,-3.681429,266,5,5,41,2686600,100,100,100
5wuk_ligand,-5.473019,300,6,5,41,3030000,100,100,100
5wuk_ligand,-3.406386,144,7,5,41,1454400,100,100,100
5wuk_ligand,-5.131989,118,8,5,41,1191800,100,100,100
5wuk_ligand,49.911480,134,9,5,41,1353400,100,100,100
5wuk_ligand,1472.643555,288,0,5,41,316800,100,100,10
5wuk_ligand,1271.933228,151,10,5,41,166100,100,100,10
5wuk_ligand,532.914307,346,11,5,41,380600,100,100,10
5wuk_ligand,155.290115,226,12,5,41,248600,100,100,10
5wuk_ligand,2218.729980,265,13,5,41,291500,100,100,10
5wuk_ligand,174.574402,500,14,5,41,550000,100,100,10
5wuk_ligand,19.794733,124,1,5,41,136400,100,100,10
5wuk_ligand,137.641998,500,2,5,41,550000,100,100,10
5wuk_ligand,361.466675,278,3,5,41,305800,100,100,10
5wuk_ligand,103.859398,292,4,5,41,321200,100,100,10
5wuk_ligand,112.044205,500,5,5,41,550000,100,100,10
5wuk_ligand,77.917427,360,6,5,41,396000,100,100,10
5wuk_ligand,1135.805298,57,7,5,41,62700,100,100,10
5wuk_ligand,222.453995,500,8,5,41,550000,100,100,10
5wuk_ligand,353.787415,500,9,5,41,550000,100,100,10
5wuk_ligand,-3.932456,120,0,5,41,2412000,100,100,200
5wuk_ligand,1354.245972,112,10,5,41,2251200,100,100,200
5wuk_ligand,-4.726124,126,11,5,41,2532600,100,100,200
5wuk_ligand,-4.518559,144,12,5,41,2894400,100,100,200
5wuk_ligand,-7.916603,152,13,5,41,3055200,100,100,200
5wuk_ligand,-6.313520,158,14,5,41,3175800,100,100,200
5wuk_ligand,-5.497616,114,1,5,41,2291400,100,100,200
5wuk_ligand,86.589821,203,2,5,41,4080300,100,100,200
5wuk_ligand,-5.173633,110,3,5,41,2211000,100,100,200
5wuk_ligand,-3.685888,114,4,5,41,2291400,100,100,200
5wuk_ligand,100.354446,76,5,5,41,1527600,100,100,200
5wuk_ligand,-4.604337,158,6,5,41,3175800,100,100,200
5wuk_ligand,-5.434257,478,7,5,41,9607800,100,100,200
5wuk_ligand,-5.910789,120,8,5,41,2412000,100,100,200
5wuk_ligand,-4.861083,120,9,5,41,2412000,100,100,200
5wuk_ligand,1500.416138,158,0,5,41,410800,100,100,25
5wuk_ligand,1313.256714,175,10,5,41,455000,100,100,25
5wuk_ligand,176.333023,500,11,5,41,1300000,100,100,25
5wuk_ligand,157.404480,150,12,5,41,390000,100,100,25
5wuk_ligand,62.834263,500,13,5,41,1300000,100,100,25
5wuk_ligand,83.582001,303,14,5,41,787800,100,100,25
5wuk_ligand,26.644997,267,1,5,41,694200,100,100,25
5wuk_ligand,131.017624,500,2,5,41,1300000,100,100,25
5wuk_ligand,410.348907,264,3,5,41,686400,100,100,25
5wuk_ligand,196.751312,247,4,5,41,642200,100,100,25
5wuk_ligand,99.480492,488,5,5,41,1268800,100,100,25
5wuk_ligand,90.235954,252,6,5,41,655200,100,100,25
5wuk_ligand,76.359474,500,7,5,41,1300000,100,100,25
5wuk_ligand,-3.743180,400,8,5,41,1040000,100,100,25
5wuk_ligand,355.723694,375,9,5,41,975000,100,100,25
5wuk_ligand,719.142822,145,0,5,41,739500,100,100,50
5wuk_ligand,1338.962891,108,10,5,41,550800,100,100,50
5wuk_ligand,71.678474,73,11,5,41,372300,100,100,50
5wuk_ligand,-3.946628,223,12,5,41,1137300,100,100,50
5wuk_ligand,-6.417809,500,13,5,41,2550000,100,100,50
5wuk_ligand,-3.804878,414,14,5,41,2111400,100,100,50
5wuk_ligand,-7.063532,434,1,5,41,2213400,100,100,50
5wuk_ligand,116.600479,500,2,5,41,2550000,100,100,50
5wuk_ligand,55.842220,120,3,5,41,612000,100,100,50
5wuk_ligand,-6.157131,320,4,5,41,1632000,100,100,50
5wuk_ligand,-4.418201,213,5,5,41,1086300,100,100,50
5wuk_ligand,-4.230041,500,6,5,41,2550000,100,100,50
5wuk_ligand,-4.003945,284,7,5,41,1448400,100,100,50
5wuk_ligand,187.651047,262,8,5,41,1336200,100,100,50
5wuk_ligand,-4.126098,474,9,5,41,2417400,100,100,50
5wuk_ligand,1809.730347,234,0,5,41,257400,100,10,100
5wuk_ligand,1369.626221,57,10,5,41,62700,100,10,100
5wuk_ligand,1158.955078,299,11,5,41,328900,100,10,100
5wuk_ligand,161.353531,130,12,5,41,143000,100,10,100
5wuk_ligand,1371.591064,288,13,5,41,316800,100,10,100
5wuk_ligand,692.359436,219,14,5,41,240900,100,10,100
5wuk_ligand,378.512695,354,1,5,41,389400,100,10,100
5wuk_ligand,6509.994141,55,2,5,41,60500,100,10,100
5wuk_ligand,338.516205,389,3,5,41,427900,100,10,100
5wuk_ligand,282.548615,233,4,5,41,256300,100,10,100
5wuk_ligand,3098.453613,155,5,5,41,170500,100,10,100
5wuk_ligand,-4.866555,254,6,5,41,279400,100,10,100
5wuk_ligand,784.211975,191,7,5,41,210100,100,10,100
5wuk_ligand,622.262756,133,8,5,41,146300,100,10,100
5wuk_ligand,243.447540,201,9,5,41,221100,100,10,100
5wuk_ligand,1578.578369,115,0,5,41,23000,100,10,10
5wuk_ligand,1329.131348,423,10,5,41,84600,100,10,10
5wuk_ligand,1328.590332,265,11,5,41,53000,100,10,10
5wuk_ligand,158.681885,275,12,5,41,55000,100,10,10
5wuk_ligand,3863.937744,320,13,5,41,64000,100,10,10
5wuk_ligand,692.608704,179,14,5,41,35800,100,10,10
5wuk_ligand,1048.866821,153,1,5,41,30600,100,10,10
5wuk_ligand,155.083923,244,2,5,41,48800,100,10,10
5wuk_ligand,516.602722,133,3,5,41,26600,100,10,10
5wuk_ligand,264.492157,103,4,5,41,20600,100,10,10
5wuk_ligand,3087.461670,182,5,5,41,36400,100,10,10
5wuk_ligand,143.631668,194,6,5,41,38800,100,10,10
5wuk_ligand,733.389099,195,7,5,41,39000,100,10,10
5wuk_ligand,1146.024048,89,8,5,41,17800,100,10,10
5wuk_ligand,383.807465,327,9,5,41,65400,100,10,10
5wuk_ligand,494.383545,220,0,5,41,462000,100,10,200
5wuk_ligand,1711.093750,53,10,5,41,111300,100,10,200
5wuk_ligand,1150.685669,240,11,5,41,504000,100,10,200
5wuk_ligand,151.270126,251,12,5,41,527100,100,10,200
5wuk_ligand,-4.241134,433,13,5,41,909300,100,10,200
5wuk_ligand,705.348816,377,14,5,41,791700,100,10,200
5wuk_ligand,166.903641,109,1,5,41,228900,100,10,200
5wuk_ligand,129.037598,127,2,5,41,266700,100,10,200
5wuk_ligand,354.218384,146,3,5,41,306600,100,10,200
5wuk_ligand,481.579590,113,4,5,41,237300,100,10,200
5wuk_ligand,3100.575439,258,5,5,41,541800,100,10,200
5wuk_ligand,63.179619,228,6,5,41,478800,100,10,200
5wuk_ligand,727.462158,367,7,5,41,770700,100,10,200
5wuk_ligand,454.585114,289,8,5,41,606900,100,10,200
5wuk_ligand,-4.396282,259,9,5,41,543900,100,10,200
5wuk_ligand,1526.322021,291,0,5,41,101850,100,10,25
5wuk_ligand,1352.246460,101,10,5,41,35350,100,10,25
5wuk_ligand,1160.133789,318,11,5,41,111300,100,10,25
5wuk_ligand,161.308533,116,12,5,41,40600,100,10,25
5wuk_ligand,612.185852,493,13,5,41,172550,100,10,25
5wuk_ligand,695.927917,177,14,5,41,61950,100,10,25
5wuk_ligand,862.162964,500,1,5,41,175000,100,10,25
5wuk_ligand,137.253937,318,2,5,41,111300,100,10,25
5wuk_ligand,444.105011,242,3,5,41,84700,100,10,25
5wuk_ligand,160.083176,278,4,5,41,97300,100,10,25
5wuk_ligand,915.137695,161,5,5,41,56350,100,10,25
5wuk_ligand,138.643906,311,6,5,41,108850,100,10,25
5wuk_ligand,766.239746,238,7,5,41,83300,100,10,25
5wuk_ligand,1402.289185,161,8,5,41,56350,100,10,25
5wuk_ligand,379.532532,316,9,5,41,110600,100,10,25
5wuk_ligand,1425.930542,136,0,5,41,81600,100,10,50
5wuk_ligand,1337.241089,57,10,5,41,34200,100,10,50
5wuk_ligand,1139.090332,272,11,5,41,163200,100,10,50
5wuk_ligand,153.353455,131,12,5,41,78600,100,10,50
5wuk_ligand,153.792023,226,13,5,41,135600,100,10,50
5wuk_ligand,694.702576,191,14,5,41,114600,100,10,50
5wuk_ligand,523.523438,113,1,5,41,67800,100,10,50
5wuk_ligand,137.192886,255,2,5,41,153000,100,10,50
5wuk_ligand,403.680542,254,3,5,41,152400,100,10,50
5wuk_ligand,114.830315,222,4,5,41,133200,100,10,50
5wuk_ligand,2977.572754,336,5,5,41,201600,100,10,50
5wuk_ligand,295.109650,142,6,5,41,85200,100,10,50
5wuk_ligand,783.957458,137,7,5,41,82200,100,10,50
5wuk_ligand,1446.469116,89,8,5,41,53400,100,10,50
5wuk_ligand,378.685852,128,9,5,41,76800,100,10,50
5wuk_ligand,1019.425720,125,0,5,41,325000,100,25,100
5wuk_ligand,1270.539795,216,10,5,41,561600,100,25,100
5wuk_ligand,-5.346405,332,11,5,41,863200,100,25,100
5wuk_ligand,-3.866355,464,12,5,41,1206400,100,25,100
5wuk_ligand,-3.319842,328,13,5,41,852800,100,25,100
5wuk_ligand,692.065613,177,14,5,41,460200,100,25,100
5wuk_ligand,63.617558,175,1,5,41,455000,100,25,100
5wuk_ligand,-4.404218,370,2,5,41,962000,100,25,100
5wuk_ligand,397.007019,189,3,5,41,491400,100,25,100
5wuk_ligand,445.639191,207,4,5,41,538200,100,25,100
5wuk_ligand,674.750732,88,5,5,41,228800,100,25,100
5wuk_ligand,85.259445,192,6,5,41,499200,100,25,100
5wuk_ligand,734.693298,230,7,5,41,598000,100,25,100
5wuk_ligand,423.908997,162,8,5,41,421200,100,25,100
5wuk_ligand,243.621445,257,9,5,41,668200,100,25,100
5wuk_ligand,1761.262451,248,0,5,41,86800,100,25,10
5wuk_ligand,1347.236694,85,10,5,41,29750,100,25,10
5wuk_ligand,1368.853394,331,11,5,41,115850,100,25,10
5wuk_ligand,152.456116,132,12,5,41,46200,100,25,10
5wuk_ligand,69.454208,210,13,5,41,73500,100,25,10
5wuk_ligand,606.308044,201,14,5,41,70350,100,25,10
5wuk_ligand,1037.158203,110,1,5,41,38500,100,25,10
5wuk_ligand,205.552780,262,2,5,41,91700,100,25,10
5wuk_ligand,526.339539,123,3,5,41,43050,100,25,10
5wuk_ligand,112.805046,500,4,5,41,175000,100,25,10
5wuk_ligand,2503.882080,385,5,5,41,134750,100,25,10
5wuk_ligand,1677.527100,288,6,5,41,100800,100,25,10
5wuk_ligand,793.750305,335,7,5,41,117250,100,25,10
5wuk_ligand,432.152924,443,8,5,41,155050,100,25,10
5wuk_ligand,374.038727,390,9,5,41,136500,100,25,10
5wuk_ligand,1160.345093,198,0,5,41,1009800,100,25,200
5wuk_ligand,1327.340698,84,10,5,41,428400,100,25,200
5wuk_ligand,-2.130701,127,11,5,41,647700,100,25,200
5wuk_ligand,151.744568,130,12,5,41,663000,100,25,200
5wuk_ligand,-6.481583,210,13,5,41,1071000,100,25,200
5wuk_ligand,701.025269,177,14,5,41,902700,100,25,200
5wuk_ligand,165.493774,96,1,5,41,489600,100,25,200
5wuk_ligand,-1.986913,75,2,5,41,382500,100,25,200
5wuk_ligand,350.092529,142,3,5,41,724200,100,25,200
5wuk_ligand,-4.956675,203,4,5,41,1035300,100,25,200
5wuk_ligand,-4.504550,295,5,5,41,1504500,100,25,200
5wuk_ligand,72.687012,500,6,5,41,2550000,100,25,200
5wuk_ligand,742.643494,238,7,5,41,1213800,100,25,200
5wuk_ligand,412.196930,161,8,5,41,821100,100,25,200
5wuk_ligand,-4.287687,104,9,5,41,530400,100,25,200
5wuk_ligand,1522.894897,121,0,5,41,87725,100,25,25
5wuk_ligand,1298.466064,433,10,5,41,313925,100,25,25
5wuk_ligand,236.152863,211,11,5,41,152975,100,25,25
5wuk_ligand,158.422241,307,12,5,41,222575,100,25,25
5wuk_ligand,68.945686,108,13,5,41,78300,100,25,25
5wuk_ligand,1551.464478,387,14,5,41,280575,100,25,25
5wuk_ligand,992.009155,185,1,5,41,134125,100,25,25
5wuk_ligand,206.647781,370,2,5,41,268250,100,25,25
5wuk_ligand,359.011475,158,3,5,41,114550,100,25,25
5wuk_ligand,1093.146606,246,4,5,41,178350,100,25,25
5wuk_ligand,1532.185303,178,5,5,41,129050,100,25,25
5wuk_ligand,117.525826,329,6,5,41,238525,100,25,25
5wuk_ligand,763.549377,157,7,5,41,113825,100,25,25
5wuk_ligand,398.334808,204,8,5,41,147900,100,25,25
5wuk_ligand,367.037048,500,9,5,41,362500,100,25,25
5wuk_ligand,1407.070312,439,0,5,41,592650,100,25,50
5wuk_ligand,1301.735840,380,10,5,41,513000,100,25,50
5wuk_ligand,206.702744,330,11,5,41,445500,100,25,50
5wuk_ligand,153.633881,101,12,5,41,136350,100,25,50
5wuk_ligand,-2.139062,300,13,5,41,405000,100,25,50
5wuk_ligand,762.069031,74,14,5,41,99900,100,25,50
5wuk_ligand,532.252380,111,1,5,41,149850,100,25,50
5wuk_ligand,194.259247,369,2,5,41,498150,100,25,50
5wuk_ligand,410.718750,138,3,5,41,186300,100,25,50
5wuk_ligand,977.853699,214,4,5,41,288900,100,25,50
5wuk_ligand,201.847565,240,5,5,41,324000,100,25,50
5wuk_ligand,131.307846,102,6,5,41,137700,100,25,50
5wuk_ligand,1347.160889,79,7,5,41,106650,100,25,50
5wuk_ligand,281.593658,126,8,5,41,170100,100,25,50
5wuk_ligand,376.580994,199,9,5,41,268650,100,25,50
5wuk_ligand,358.709869,109,0,5,41,555900,100,50,100
5wuk_ligand,-4.640143,246,10,5,41,1254600,100,50,100
5wuk_ligand,-4.960309,331,11,5,41,1688100,100,50,100
5wuk_ligand,149.618484,439,12,5,41,2238900,100,50,100
5wuk_ligand,-7.083956,170,13,5,41,867000,100,50,100
5wuk_ligand,759.939758,172,14,5,41,877200,100,50,100
5wuk_ligand,-4.084128,300,1,5,41,1530000,100,50,100
5wuk_ligand,-3.862807,92,2,5,41,469200,100,50,100
5wuk_ligand,-5.398085,249,3,5,41,1269900,100,50,100
5wuk_ligand,98.542656,258,4,5,41,1315800,100,50,100
5wuk_ligand,-4.736021,203,5,5,41,1035300,100,50,100
5wuk_ligand,99.893448,175,6,5,41,892500,100,50,100
5wuk_ligand,744.205383,55,7,5,41,280500,100,50,100
5wuk_ligand,424.691528,83,8,5,41,423300,100,50,100
5wuk_ligand,-4.774671,371,9,5,41,1892100,100,50,100
5wuk_ligand,1555.344604,302,0,5,41,181200,100,50,10
5wuk_ligand,1271.341431,207,10,5,41,124200,100,50,10
5wuk_ligand,662.062927,175,11,5,41,105000,100,50,10
5wuk_ligand,152.225708,331,12,5,41,198600,100,50,10
5wuk_ligand,2227.216553,445,13,5,41,267000,100,50,10
5wuk_ligand,399.116028,133,14,5,41,79800,100,50,10
5wuk_ligand,1016.725403,220,1,5,41,132000,100,50,10
5wuk_ligand,144.595276,305,2,5,41,183000,100,50,10
5wuk_ligand,335.011627,306,3,5,41,183600,100,50,10
5wuk_ligand,117.772430,245,4,5,41,147000,100,50,10
5wuk_ligand,122.592476,154,5,5,41,92400,100,50,10
5wuk_ligand,103.106415,151,6,5,41,90600,100,50,10
5wuk_ligand,745.354248,431,7,5,41,258600,100,50,10
5wuk_ligand,200.087921,500,8,5,41,300000,100,50,10
5wuk_ligand,378.439850,500,9,5,41,300000,100,50,10
5wuk_ligand,-5.187009,295,0,5,41,2979500,100,50,200
5wuk_ligand,1340.551025,70,10,5,41,707000,100,50,200
5wuk_ligand,46.899811,153,11,5,41,1545300,100,50,200
5wuk_ligand,-3.601354,251,12,5,41,2535100,100,50,200
5wuk_ligand,-6.241013,326,13,5,41,3292600,100,50,200
5wuk_ligand,695.685120,96,14,5,41,969600,100,50,200
5wuk_ligand,164.378113,111,1,5,41,1121100,100,50,200
5wuk_ligand,93.202942,426,2,5,41,4302600,100,50,200
5wuk_ligand,-2.804801,130,3,5,41,1313000,100,50,200
5wuk_ligand,106.836823,67,4,5,41,676700,100,50,200
5wuk_ligand,-3.467574,427,5,5,41,4312700,100,50,200
5wuk_ligand,-5.100327,226,6,5,41,2282600,100,50,200
5wuk_ligand,739.229797,205,7,5,41,2070500,100,50,200
5wuk_ligand,411.755280,173,8,5,41,1747300,100,50,200
5wuk_ligand,-6.132503,232,9,5,41,2343200,100,50,200
5wuk_ligand,71.871284,500,0,5,41,675000,100,50,25
5wuk_ligand,1331.584229,226,10,5,41,305100,100,50,25
5wuk_ligand,226.589615,218,11,5,41,294300,100,50,25
5wuk_ligand,160.422806,274,12,5,41,369900,100,50,25
5wuk_ligand,1853.809814,106,13,5,41,143100,100,50,25
5wuk_ligand,630.859253,248,14,5,41,334800,100,50,25
5wuk_ligand,537.709106,148,1,5,41,199800,100,50,25
5wuk_ligand,114.503014,136,2,5,41,183600,100,50,25
5wuk_ligand,428.154694,98,3,5,41,132300,100,50,25
5wuk_ligand,114.866226,472,4,5,41,637200,100,50,25
5wuk_ligand,419.967804,175,5,5,41,236250,100,50,25
5wuk_ligand,95.889786,254,6,5,41,342900,100,50,25
5wuk_ligand,717.476013,238,7,5,41,321300,100,50,25
5wuk_ligand,325.423645,294,8,5,41,396900,100,50,25
5wuk_ligand,361.712860,371,9,5,41,500850,100,50,25
5wuk_ligand,154.407150,279,0,5,41,725400,100,50,50
5wuk_ligand,1291.673950,223,10,5,41,579800,100,50,50
5wuk_ligand,166.699661,152,11,5,41,395200,100,50,50
5wuk_ligand,159.948593,142,12,5,41,369200,100,50,50
5wuk_ligand,-3.910836,463,13,5,41,1203800,100,50,50
5wuk_ligand,691.643677,166,14,5,41,431600,100,50,50
5wuk_ligand,531.729126,111,1,5,41,288600,100,50,50
5wuk_ligand,137.030151,92,2,5,41,239200,100,50,50
5wuk_ligand,58.995201,306,3,5,41,795600,100,50,50
5wuk_ligand,108.293098,275,4,5,41,715000,100,50,50
5wuk_ligand,-4.392409,368,5,5,41,956800,100,50,50
5wuk_ligand,101.011482,110,6,5,41,286000,100,50,50
5wuk_ligand,743.485657,358,7,5,41,930800,100,50,50
5wuk_ligand,268.539612,183,8,5,41,475800,100,50,50
5wuk_ligand,356.055481,224,9,5,41,582400,100,50,50
5wuk_ligand,67.986931,208,0,5,41,1580800,100,75,100
5wuk_ligand,1286.672119,197,10,5,41,1497200,100,75,100
5wuk_ligand,-5.219422,341,11,5,41,2591600,100,75,100
5wuk_ligand,135.689743,138,12,5,41,1048800,100,75,100
5wuk_ligand,-5.571821,190,13,5,41,1444000,100,75,100
5wuk_ligand,-3.459665,116,14,5,41,881600,100,75,100
5wuk_ligand,-7.358437,360,1,5,41,2736000,100,75,100
5wuk_ligand,116.595695,221,2,5,41,1679600,100,75,100
5wuk_ligand,-4.890269,478,3,5,41,3632800,100,75,100
5wuk_ligand,-4.311259,198,4,5,41,1504800,100,75,100
5wuk_ligand,237.083969,225,5,5,41,1710000,100,75,100
5wuk_ligand,-3.385163,500,6,5,41,3800000,100,75,100
5wuk_ligand,57.218365,116,7,5,41,881600,100,75,100
5wuk_ligand,275.016754,122,8,5,41,927200,100,75,100
5wuk_ligand,48.900192,257,9,5,41,1953200,100,75,100
5wuk_ligand,1493.430664,314,0,5,41,266900,100,75,10
5wuk_ligand,1294.670532,192,10,5,41,163200,100,75,10
5wuk_ligand,659.832520,500,11,5,41,425000,100,75,10
5wuk_ligand,156.604340,500,12,5,41,425000,100,75,10
5wuk_ligand,2038.835327,500,13,5,41,425000,100,75,10
5wuk_ligand,187.496872,445,14,5,41,378250,100,75,10
5wuk_ligand,22.099920,218,1,5,41,185300,100,75,10
5wuk_ligand,143.816788,500,2,5,41,425000,100,75,10
5wuk_ligand,349.852203,500,3,5,41,425000,100,75,10
5wuk_ligand,214.074738,260,4,5,41,221000,100,75,10
5wuk_ligand,523.054626,500,5,5,41,425000,100,75,10
5wuk_ligand,102.384911,318,6,5,41,270300,100,75,10
5wuk_ligand,1152.040649,117,7,5,41,99450,100,75,10
5wuk_ligand,233.322678,500,8,5,41,425000,100,75,10
5wuk_ligand,367.142242,500,9,5,41,425000,100,75,10
5wuk_ligand,-4.024610,198,0,5,41,2989800,100,75,200
5wuk_ligand,1272.960083,108,10,5,41,1630800,100,75,200
5wuk_ligand,1140.784302,122,11,5,41,1842200,100,75,200
5wuk_ligand,-6.467650,274,12,5,41,4137400,100,75,200
5wuk_ligand,-5.863257,158,13,5,41,2385800,100,75,200
5wuk_ligand,-2.032174,218,14,5,41,3291800,100,75,200
5wuk_ligand,-5.536340,300,1,5,41,4530000,100,75,200
5wuk_ligand,102.173553,150,2,5,41,2265000,100,75,200
5wuk_ligand,-5.192310,254,3,5,41,3835400,100,75,200
5wuk_ligand,-4.522742,290,4,5,41,4379000,100,75,200
5wuk_ligand,-3.793818,62,5,5,41,936200,100,75,200
5wuk_ligand,-3.799315,245,6,5,41,3699500,100,75,200
5wuk_ligand,-5.264667,182,7,5,41,2748200,100,75,200
5wuk_ligand,420.539154,202,8,5,41,3050200,100,75,200
5wuk_ligand,-5.957023,179,9,5,41,2702900,100,75,200
5wuk_ligand,1465.069214,372,0,5,41,734700,100,75,25
5wuk_ligand,1270.968384,290,10,5,41,572750,100,75,25
5wuk_ligand,171.549835,302,11,5,41,596450,100,75,25
5wuk_ligand,158.669632,338,12,5,41,667550,100,75,25
5wuk_ligand,1508.089600,220,13,5,41,434500,100,75,25
5wuk_ligand,191.210159,234,14,5,41,462150,100,75,25
5wuk_ligand,-5.123747,500,1,5,41,987500,100,75,25
5wuk_ligand,140.349060,254,2,5,41,501650,100,75,25
5wuk_ligand,363.354065,230,3,5,41,454250,100,75,25
5wuk_ligand,111.882225,210,4,5,41,414750,100,75,25
5wuk_ligand,97.654327,359,5,5,41,709025,100,75,25
5wuk_ligand,81.731903,210,6,5,41,414750,100,75,25
5wuk_ligand,145.254944,500,7,5,41,987500,100,75,25
5wuk_ligand,211.110611,180,8,5,41,355500,100,75,25
5wuk_ligand,363.536072,500,9,5,41,987500,100,75,25
5wuk_ligand,691.845337,300,0,5,41,1155000,100,75,50
5wuk_ligand,1296.571289,213,10,5,41,820050,100,75,50
5wuk_ligand,160.046921,113,11,5,41,435050,100,75,50
5wuk_ligand,159.220642,88,12,5,41,338800,100,75,50
5wuk_ligand,-5.941490,157,13,5,41,604450,100,75,50
5wuk_ligand,-5.401617,216,14,5,41,831600,100,75,50
5wuk_ligand,-5.607257,182,1,5,41,700700,100,75,50
5wuk_ligand,130.169556,154,2,5,41,592900,100,75,50
5wuk_ligand,-4.502675,485,3,5,41,1867250,100,75,50
5wuk_ligand,181.815201,129,4,5,41,496650,100,75,50
5wuk_ligand,83.733246,94,5,5,41,361900,100,75,50
5wuk_ligand,100.552795,150,6,5,41,577500,100,75,50
5wuk_ligand,94.721443,134,7,5,41,515900,100,75,50
5wuk_ligand,407.206543,156,8,5,41,600600,100,75,50
5wuk_ligand,59.602840,342,9,5,41,1316700,100,75,50
1fkb_ligand,-16.086983,1000,0,6,144,100000,100,N/A,N/A
1fkb_ligand,-2.651576,1000,10,6,144,100000,100,N/A,N/A
1fkb_ligand,-1.382522,1000,11,6,144,100000,100,N/A,N/A
1fkb_ligand,-2.933858,1000,12,6,144,100000,100,N/A,N/A
1fkb_ligand,-2.799416,1000,13,6,144,100000,100,N/A,N/A
1fkb_ligand,-3.457617,1000,14,6,144,100000,100,N/A,N/A
1fkb_ligand,3541.654785,1000,1,6,144,100000,100,N/A,N/A
1fkb_ligand,-2.644575,1000,2,6,144,100000,100,N/A,N/A
1fkb_ligand,-3.595166,1000,3,6,144,100000,100,N/A,N/A
1fkb_ligand,-6.698745,1000,4,6,144,100000,100,N/A,N/A
1fkb_ligand,-3.020337,1000,5,6,144,100000,100,N/A,N/A
1fkb_ligand,5642.757812,1000,6,6,144,100000,100,N/A,N/A
1fkb_ligand,-0.732335,1000,7,6,144,100000,100,N/A,N/A
1fkb_ligand,2819.813721,1000,8,6,144,100000,100,N/A,N/A
1fkb_ligand,-4.806486,1000,9,6,144,100000,100,N/A,N/A
1hii_ligand,6221.775879,1000,0,19,93,100000,100,N/A,N/A
1hii_ligand,14.206827,1000,10,19,93,100000,100,N/A,N/A
1hii_ligand,29.401957,1000,11,19,93,100000,100,N/A,N/A
1hii_ligand,2236.785889,1000,12,19,93,100000,100,N/A,N/A
1hii_ligand,12238.914062,1000,13,19,93,100000,100,N/A,N/A
1hii_ligand,86.719818,1000,14,19,93,100000,100,N/A,N/A
1hii_ligand,-1.957756,1000,1,19,93,100000,100,N/A,N/A
1hii_ligand,-1.915540,1000,2,19,93,100000,100,N/A,N/A
1hii_ligand,1869.164551,1000,3,19,93,100000,100,N/A,N/A
1hii_ligand,374.304871,1000,4,19,93,100000,100,N/A,N/A
1hii_ligand,108.515244,1000,5,19,93,100000,100,N/A,N/A
1hii_ligand,-0.190179,1000,6,19,93,100000,100,N/A,N/A
1hii_ligand,292.966095,1000,7,19,93,100000,100,N/A,N/A
1hii_ligand,128.492371,1000,8,19,93,100000,100,N/A,N/A
1hii_ligand,194.099442,1000,9,19,93,100000,100,N/A,N/A
2ya6_ligand,-2.975609,1000,0,6,36,100000,100,N/A,N/A
2ya6_ligand,228.103867,1000,10,6,36,100000,100,N/A,N/A
2ya6_ligand,-5.185452,1000,11,6,36,100000,100,N/A,N/A
2ya6_ligand,-11.949984,1000,12,6,36,100000,100,N/A,N/A
2ya6_ligand,12.558743,1000,13,6,36,100000,100,N/A,N/A
2ya6_ligand,2897.240234,1000,14,6,36,100000,100,N/A,N/A
2ya6_ligand,11.428214,1000,1,6,36,100000,100,N/A,N/A
2ya6_ligand,-3.985833,1000,2,6,36,100000,100,N/A,N/A
2ya6_ligand,520.629272,1000,3,6,36,100000,100,N/A,N/A
2ya6_ligand,16.569210,1000,4,6,36,100000,100,N/A,N/A
2ya6_ligand,5.424861,1000,5,6,36,100000,100,N/A,N/A
2ya6_ligand,-1.999371,1000,6,6,36,100000,100,N/A,N/A
2ya6_ligand,1658.388916,1000,7,6,36,100000,100,N/A,N/A
2ya6_ligand,10.846618,1000,8,6,36,100000,100,N/A,N/A
2ya6_ligand,-2.927582,1000,9,6,36,100000,100,N/A,N/A
3udd_ligand,-4.177388,1000,0,7,48,100000,100,N/A,N/A
3udd_ligand,-5.361724,1000,10,7,48,100000,100,N/A,N/A
3udd_ligand,-5.502842,1000,11,7,48,100000,100,N/A,N/A
3udd_ligand,-4.676107,1000,12,7,48,100000,100,N/A,N/A
3udd_ligand,-5.162314,1000,13,7,48,100000,100,N/A,N/A
3udd_ligand,-4.869081,1000,14,7,48,100000,100,N/A,N/A
3udd_ligand,-3.392489,1000,1,7,48,100000,100,N/A,N/A
3udd_ligand,-4.007353,1000,2,7,48,100000,100,N/A,N/A
3udd_ligand,236.717346,1000,3,7,48,100000,100,N/A,N/A
3udd_ligand,-6.494384,1000,4,7,48,100000,100,N/A,N/A
3udd_ligand,-4.009544,1000,5,7,48,100000,100,N/A,N/A
3udd_ligand,-5.070629,1000,6,7,48,100000,100,N/A,N/A
3udd_ligand,-6.138943,1000,7,7,48,100000,100,N/A,N/A
3udd_ligand,-4.423400,1000,8,7,48,100000,100,N/A,N/A
3udd_ligand,-3.201641,1000,9,7,48,100000,100,N/A,N/A
4few_ligand,-3.971842,1000,0,2,37,100000,100,N/A,N/A
4few_ligand,-3.989867,1000,10,2,37,100000,100,N/A,N/A
4few_ligand,-3.957734,1000,11,2,37,100000,100,N/A,N/A
4few_ligand,-3.540937,1000,12,2,37,100000,100,N/A,N/A
4few_ligand,-4.172298,1000,13,2,37,100000,100,N/A,N/A
4few_ligand,-4.020675,1000,14,2,37,100000,100,N/A,N/A
4few_ligand,-3.041730,1000,1,2,37,100000,100,N/A,N/A
4few_ligand,-4.367684,1000,2,2,37,100000,100,N/A,N/A
4few_ligand,-5.184454,1000,3,2,37,100000,100,N/A,N/A
4few_ligand,-4.324197,1000,4,2,37,100000,100,N/A,N/A
4few_ligand,-4.738206,1000,5,2,37,100000,100,N/A,N/A
4few_ligand,-3.431412,1000,6,2,37,100000,100,N/A,N/A
4few_ligand,-5.586961,1000,7,2,37,100000,100,N/A,N/A
4few_ligand,-2.360122,1000,8,2,37,100000,100,N/A,N/A
4few_ligand,-4.682465,1000,9,2,37,100000,100,N/A,N/A
5cst_ligand,-1.084909,1000,0,6,37,100000,100,N/A,N/A
5cst_ligand,-2.112228,1000,10,6,37,100000,100,N/A,N/A
5cst_ligand,-2.151527,1000,11,6,37,100000,100,N/A,N/A
5cst_ligand,-5.306509,1000,12,6,37,100000,100,N/A,N/A
5cst_ligand,-3.916450,1000,13,6,37,100000,100,N/A,N/A
5cst_ligand,-2.627488,1000,14,6,37,100000,100,N/A,N/A
5cst_ligand,-1.027141,1000,1,6,37,100000,100,N/A,N/A
5cst_ligand,-2.364672,1000,2,6,37,100000,100,N/A,N/A
5cst_ligand,20.195343,1000,3,6,37,100000,100,N/A,N/A
5cst_ligand,-2.832279,1000,4,6,37,100000,100,N/A,N/A
5cst_ligand,-6.644374,1000,5,6,37,100000,100,N/A,N/A
5cst_ligand,10.667975,1000,6,6,37,100000,100,N/A,N/A
5cst_ligand,-1.917397,1000,7,6,37,100000,100,N/A,N/A
5cst_ligand,-2.903415,1000,8,6,37,100000,100,N/A,N/A
5cst_ligand,-1.667969,1000,9,6,37,100000,100,N/A,N/A
5uez_ligand,-3.339457,1000,0,4,39,100000,100,N/A,N/A
5uez_ligand,-3.804888,1000,10,4,39,100000,100,N/A,N/A
5uez_ligand,-3.310272,1000,11,4,39,100000,100,N/A,N/A
5uez_ligand,-2.064424,1000,12,4,39,100000,100,N/A,N/A
5uez_ligand,-2.119377,1000,13,4,39,100000,100,N/A,N/A
5uez_ligand,-1.655267,1000,14,4,39,100000,100,N/A,N/A
5uez_ligand,-2.961294,1000,1,4,39,100000,100,N/A,N/A
5uez_ligand,-2.975648,1000,2,4,39,100000,100,N/A,N/A
5uez_ligand,-3.380835,1000,3,4,39,100000,100,N/A,N/A
5uez_ligand,-3.309367,1000,4,4,39,100000,100,N/A,N/A
5uez_ligand,-3.356063,1000,5,4,39,100000,100,N/A,N/A
5uez_ligand,-3.223111,1000,6,4,39,100000,100,N/A,N/A
5uez_ligand,-2.183753,1000,7,4,39,100000,100,N/A,N/A
5uez_ligand,-2.356697,1000,8,4,39,100000,100,N/A,N/A
5uez_ligand,-2.458491,1000,9,4,39,100000,100,N/A,N/A
5wuk_ligand,1618.031982,1000,0,5,41,100000,100,N/A,N/A
5wuk_ligand,7791.443359,1000,10,5,41,100000,100,N/A,N/A
5wuk_ligand,4097.511230,1000,11,5,41,100000,100,N/A,N/A
5wuk_ligand,150.173767,1000,12,5,41,100000,100,N/A,N/A
5wuk_ligand,2962.115234,1000,13,5,41,100000,100,N/A,N/A
5wuk_ligand,392.622620,1000,14,5,41,100000,100,N/A,N/A
5wuk_ligand,1388.535767,1000,1,5,41,100000,100,N/A,N/A
5wuk_ligand,202.057114,1000,2,5,41,100000,100,N/A,N/A
5wuk_ligand,1203.189331,1000,3,5,41,100000,100,N/A,N/A
5wuk_ligand,125.101906,1000,4,5,41,100000,100,N/A,N/A
5wuk_ligand,5036.032715,1000,5,5,41,100000,100,N/A,N/A
5wuk_ligand,99.373795,1000,6,5,41,100000,100,N/A,N/A
5wuk_ligand,827.446533,1000,7,5,41,100000,100,N/A,N/A
5wuk_ligand,1494.971069,1000,8,5,41,100000,100,N/A,N/A
5wuk_ligand,625.881042,1000,9,5,41,100000,100,N/A,N/A
