ligand,iteration,standalone_ls_score
2ya6_ligand,0,538076
2ya6_ligand,1,325227
2ya6_ligand,2,276720
2ya6_ligand,3,286641
2ya6_ligand,4,203425
2ya6_ligand,5,219382
2ya6_ligand,6,153911
2ya6_ligand,7,194714
2ya6_ligand,8,223613
2ya6_ligand,9,161716
2ya6_ligand,10,183114
2ya6_ligand,11,133656
2ya6_ligand,12,165123
2ya6_ligand,13,98680.3
2ya6_ligand,14,124641
2ya6_ligand,15,121360
2ya6_ligand,16,78994.5
2ya6_ligand,17,71224.3
2ya6_ligand,18,94853.6
2ya6_ligand,19,87444.6
2ya6_ligand,20,118600
2ya6_ligand,21,72240.2
2ya6_ligand,22,77256.6
2ya6_ligand,23,54986.5
2ya6_ligand,24,90073.1
2ya6_ligand,25,89282.3
2ya6_ligand,26,60377.6
2ya6_ligand,27,83063.5
2ya6_ligand,28,73537.4
2ya6_ligand,29,56463.4
2ya6_ligand,30,113739
2ya6_ligand,31,72651
2ya6_ligand,32,55037.4
2ya6_ligand,33,65639
2ya6_ligand,34,65074.2
2ya6_ligand,35,69312.5
2ya6_ligand,36,53450.8
2ya6_ligand,37,80886.9
2ya6_ligand,38,62757.1
2ya6_ligand,39,50663.7
2ya6_ligand,40,51866.3
2ya6_ligand,41,47427.1
2ya6_ligand,42,43612.9
2ya6_ligand,43,50392.6
2ya6_ligand,44,41637.3
2ya6_ligand,45,63853.9
2ya6_ligand,46,52353.7
2ya6_ligand,47,47769.3
2ya6_ligand,48,38801.5
2ya6_ligand,49,45910
2ya6_ligand,50,46918.7
2ya6_ligand,51,49674.7
2ya6_ligand,52,56235.1
2ya6_ligand,53,67428.5
2ya6_ligand,54,48310.5
2ya6_ligand,55,85502.7
2ya6_ligand,56,72492.7
2ya6_ligand,57,111737
2ya6_ligand,58,58505.4
2ya6_ligand,59,43585.8
2ya6_ligand,60,42527.5
2ya6_ligand,61,39562.1
2ya6_ligand,62,36802.6
2ya6_ligand,63,54043.8
2ya6_ligand,64,62236.1
2ya6_ligand,65,50817.7
2ya6_ligand,66,67911.9
2ya6_ligand,67,45417.6
2ya6_ligand,68,36752.4
2ya6_ligand,69,41262.3
2ya6_ligand,70,45498.9
2ya6_ligand,71,33498.7
2ya6_ligand,72,37181.7
2ya6_ligand,73,34086.1
2ya6_ligand,74,40857.4
2ya6_ligand,75,38185.4
2ya6_ligand,76,38583.8
2ya6_ligand,77,40843.4
2ya6_ligand,78,39330.4
2ya6_ligand,79,60431.1
2ya6_ligand,80,54547.5
2ya6_ligand,81,40469.2
2ya6_ligand,82,37207.5
2ya6_ligand,83,42019.1
2ya6_ligand,84,35784.3
2ya6_ligand,85,53815.6
2ya6_ligand,86,40660.5
2ya6_ligand,87,47408.6
2ya6_ligand,88,84280
2ya6_ligand,89,78678.7
2ya6_ligand,90,76273.8
2ya6_ligand,91,41286.7
2ya6_ligand,92,35383.8
2ya6_ligand,93,39856.9
2ya6_ligand,94,33512.7
2ya6_ligand,95,34152.5
2ya6_ligand,96,44466.3
2ya6_ligand,97,46146.8
2ya6_ligand,98,43248.2
2ya6_ligand,99,48348.4
2ya6_ligand,100,35541.2
2ya6_ligand,101,39165.5
2ya6_ligand,102,42713.4
2ya6_ligand,103,37288.4
2ya6_ligand,104,43277.8
2ya6_ligand,105,48094.6
2ya6_ligand,106,46956.7
2ya6_ligand,107,42685.4
2ya6_ligand,108,34986.7
2ya6_ligand,109,44130.8
2ya6_ligand,110,38037.4
2ya6_ligand,111,44042.2
2ya6_ligand,112,69028.2
2ya6_ligand,113,51231.2
2ya6_ligand,114,72817.5
2ya6_ligand,115,33018.9
2ya6_ligand,116,31305.1
2ya6_ligand,117,57194.5
2ya6_ligand,118,65155.6
2ya6_ligand,119,81869.2
2ya6_ligand,120,56821.1
2ya6_ligand,121,41390.7
2ya6_ligand,122,38193.6
2ya6_ligand,123,31469.3
2ya6_ligand,124,37080.8
2ya6_ligand,125,45641.6
2ya6_ligand,126,35929.1
2ya6_ligand,127,31420.9
2ya6_ligand,128,28272
2ya6_ligand,129,35015.9
2ya6_ligand,130,33667.8
2ya6_ligand,131,27011.1
2ya6_ligand,132,32732.4
2ya6_ligand,133,35787.9
2ya6_ligand,134,37383
2ya6_ligand,135,37229.9
2ya6_ligand,136,36511
2ya6_ligand,137,33896.6
2ya6_ligand,138,38400.9
2ya6_ligand,139,50152.1
2ya6_ligand,140,42440.4
2ya6_ligand,141,37981.3
2ya6_ligand,142,33956.2
2ya6_ligand,143,37144.3
2ya6_ligand,144,39606
2ya6_ligand,145,30841.1
2ya6_ligand,146,47020.1
2ya6_ligand,147,42315.6
2ya6_ligand,148,39536.5
2ya6_ligand,149,39617.4
2ya6_ligand,150,39653.4
2ya6_ligand,151,33699.2
2ya6_ligand,152,33420.5
2ya6_ligand,153,48187.5
2ya6_ligand,154,31734.5
2ya6_ligand,155,37059.1
2ya6_ligand,156,42603.7
2ya6_ligand,157,38488.5
2ya6_ligand,158,41400.6
2ya6_ligand,159,47567
2ya6_ligand,160,40046.7
2ya6_ligand,161,42101.8
2ya6_ligand,162,38179
2ya6_ligand,163,34761.2
2ya6_ligand,164,29657
2ya6_ligand,165,40085.8
2ya6_ligand,166,33402.4
2ya6_ligand,167,34917.3
2ya6_ligand,168,40418.1
2ya6_ligand,169,37918.5
2ya6_ligand,170,55112.5
2ya6_ligand,171,63414.2
2ya6_ligand,172,65336.1
2ya6_ligand,173,79761.9
2ya6_ligand,174,83635.7
2ya6_ligand,175,141890
2ya6_ligand,176,69454
2ya6_ligand,177,66768.9
2ya6_ligand,178,41232.6
2ya6_ligand,179,34179.2
2ya6_ligand,180,34394.2
2ya6_ligand,181,26586.8
2ya6_ligand,182,33640.8
2ya6_ligand,183,35247.4
2ya6_ligand,184,29755.5
2ya6_ligand,185,34487.1
2ya6_ligand,186,33544.3
2ya6_ligand,187,31111.6
2ya6_ligand,188,36063.2
2ya6_ligand,189,34350.4
2ya6_ligand,190,26890
2ya6_ligand,191,37192.2
2ya6_ligand,192,35603.2
2ya6_ligand,193,31170
2ya6_ligand,194,38561.8
2ya6_ligand,195,38581.7
2ya6_ligand,196,33704.2
2ya6_ligand,197,40339.6
2ya6_ligand,198,38942.8
2ya6_ligand,199,29106.8
2ya6_ligand,200,65112.1
2ya6_ligand,201,36074.7
2ya6_ligand,202,37259.5
2ya6_ligand,203,40626.1
2ya6_ligand,204,43954.1
2ya6_ligand,205,28737.6
2ya6_ligand,206,27161
2ya6_ligand,207,38322.8
2ya6_ligand,208,29774.4
2ya6_ligand,209,32986.2
2ya6_ligand,210,34117.2
2ya6_ligand,211,28029.1
2ya6_ligand,212,32678.7
2ya6_ligand,213,34457.9
2ya6_ligand,214,35045.5
2ya6_ligand,215,41883
2ya6_ligand,216,44070.4
2ya6_ligand,217,33538.6
2ya6_ligand,218,44496.2
2ya6_ligand,219,35146.2
2ya6_ligand,220,34156
2ya6_ligand,221,30987.4
2ya6_ligand,222,41717.6
2ya6_ligand,223,44325.1
2ya6_ligand,224,25495.7
2ya6_ligand,225,28511.3
2ya6_ligand,226,52679.6
2ya6_ligand,227,41044
2ya6_ligand,228,26332.4
2ya6_ligand,229,68140.7
2ya6_ligand,230,50135.7
2ya6_ligand,231,48722.2
2ya6_ligand,232,47456.2
2ya6_ligand,233,35040.6
2ya6_ligand,234,36523.5
2ya6_ligand,235,36903.3
2ya6_ligand,236,28934.3
2ya6_ligand,237,32072.6
2ya6_ligand,238,34551.5
2ya6_ligand,239,26360.2
2ya6_ligand,240,30679.8
2ya6_ligand,241,45844.5
2ya6_ligand,242,44949.9
2ya6_ligand,243,41232.2
2ya6_ligand,244,25913.8
2ya6_ligand,245,32095.8
2ya6_ligand,246,31859.6
2ya6_ligand,247,26166.3
2ya6_ligand,248,35925.3
2ya6_ligand,249,30683.2
2ya6_ligand,250,26501.8
2ya6_ligand,251,37627.3
2ya6_ligand,252,26830.1
2ya6_ligand,253,35766.3
2ya6_ligand,254,41679.8
2ya6_ligand,255,26542.1
2ya6_ligand,256,29243.5
2ya6_ligand,257,47692.5
2ya6_ligand,258,37852.8
2ya6_ligand,259,29178.3
2ya6_ligand,260,30191
2ya6_ligand,261,39916.3
2ya6_ligand,262,30927.1
2ya6_ligand,263,43637.6
2ya6_ligand,264,43845.5
2ya6_ligand,265,41108.3
2ya6_ligand,266,64929.9
2ya6_ligand,267,46980.3
2ya6_ligand,268,37446.8
2ya6_ligand,269,36086.1
2ya6_ligand,270,56217.3
2ya6_ligand,271,91057
2ya6_ligand,272,58095.5
2ya6_ligand,273,51759.1
2ya6_ligand,274,39935
2ya6_ligand,275,27724.5
2ya6_ligand,276,29805.7
2ya6_ligand,277,31257.1
2ya6_ligand,278,26112.9
2ya6_ligand,279,31901.8
2ya6_ligand,280,25442.1
2ya6_ligand,281,32579.9
2ya6_ligand,282,31531.4
2ya6_ligand,283,26116.5
2ya6_ligand,284,35711.5
2ya6_ligand,285,35430.5
2ya6_ligand,286,37489.6
2ya6_ligand,287,25718.2
2ya6_ligand,288,29661
2ya6_ligand,289,34878.8
2ya6_ligand,290,36235.8
2ya6_ligand,291,40243.4
2ya6_ligand,292,25524.1
2ya6_ligand,293,29679
2ya6_ligand,294,38540.9
2ya6_ligand,295,36519
2ya6_ligand,296,51267.4
2ya6_ligand,297,47110.8
2ya6_ligand,298,46048.1
2ya6_ligand,299,28827.1
2ya6_ligand,300,29507.4
2ya6_ligand,301,36531.8
2ya6_ligand,302,30019.6
2ya6_ligand,303,61573.4
2ya6_ligand,304,48214.2
2ya6_ligand,305,26655
2ya6_ligand,306,45506.5
2ya6_ligand,307,40953.5
2ya6_ligand,308,27433.7
2ya6_ligand,309,35225.6
2ya6_ligand,310,30596.5
2ya6_ligand,311,27341.8
2ya6_ligand,312,30743.1
2ya6_ligand,313,24622.1
2ya6_ligand,314,23902.5
2ya6_ligand,315,37117.6
2ya6_ligand,316,48744.6
2ya6_ligand,317,46623.7
2ya6_ligand,318,60900.5
2ya6_ligand,319,29861.6
2ya6_ligand,320,40747.5
2ya6_ligand,321,26248.9
2ya6_ligand,322,32838.8
2ya6_ligand,323,24747
2ya6_ligand,324,27690.1
2ya6_ligand,325,31641.9
2ya6_ligand,326,43104.7
2ya6_ligand,327,33549.7
2ya6_ligand,328,33486.2
2ya6_ligand,329,26036.5
2ya6_ligand,330,30568.1
2ya6_ligand,331,31846.6
2ya6_ligand,332,24806.9
2ya6_ligand,333,23938.2
2ya6_ligand,334,25744.7
2ya6_ligand,335,26537.6
2ya6_ligand,336,28149.2
2ya6_ligand,337,26062.5
2ya6_ligand,338,34066.5
2ya6_ligand,339,48980
2ya6_ligand,340,48627
2ya6_ligand,341,74232
2ya6_ligand,342,40996
2ya6_ligand,343,27665.6
2ya6_ligand,344,28406.2
2ya6_ligand,345,25715.7
2ya6_ligand,346,25633.7
2ya6_ligand,347,25650.2
2ya6_ligand,348,27032.1
2ya6_ligand,349,25290.8
2ya6_ligand,350,26460.4
2ya6_ligand,351,27519
2ya6_ligand,352,24049.7
2ya6_ligand,353,23684.3
2ya6_ligand,354,25135.6
2ya6_ligand,355,35581.1
2ya6_ligand,356,43784.9
2ya6_ligand,357,38303
2ya6_ligand,358,36209.4
2ya6_ligand,359,29108.8
2ya6_ligand,360,34662.2
2ya6_ligand,361,24259.4
2ya6_ligand,362,23998.5
2ya6_ligand,363,23790.3
2ya6_ligand,364,23584.4
2ya6_ligand,365,23984.5
2ya6_ligand,366,29781.5
2ya6_ligand,367,32716
2ya6_ligand,368,41604.8
2ya6_ligand,369,29340
2ya6_ligand,370,28425.5
2ya6_ligand,371,31916.4
2ya6_ligand,372,37792
2ya6_ligand,373,38704.1
2ya6_ligand,374,46148.3
2ya6_ligand,375,31139.5
2ya6_ligand,376,41469.9
2ya6_ligand,377,28562.7
2ya6_ligand,378,37324
2ya6_ligand,379,34021.6
2ya6_ligand,380,31888
2ya6_ligand,381,42058.6
2ya6_ligand,382,26791
2ya6_ligand,383,36585.8
2ya6_ligand,384,31138.5
2ya6_ligand,385,27404.2
2ya6_ligand,386,33978.4
2ya6_ligand,387,25349
2ya6_ligand,388,29890.2
2ya6_ligand,389,43256.1
2ya6_ligand,390,38315.4
2ya6_ligand,391,42519.3
2ya6_ligand,392,39650.6
2ya6_ligand,393,35984.1
2ya6_ligand,394,26771
2ya6_ligand,395,36163.2
2ya6_ligand,396,31736.3
2ya6_ligand,397,38122.1
2ya6_ligand,398,24361.7
2ya6_ligand,399,27630.3
2ya6_ligand,400,34628.1
2ya6_ligand,401,52563.6
2ya6_ligand,402,61713.3
2ya6_ligand,403,32117.5
2ya6_ligand,404,43204.7
2ya6_ligand,405,32969.4
2ya6_ligand,406,25779.7
2ya6_ligand,407,25181.7
2ya6_ligand,408,25746.3
2ya6_ligand,409,27091.5
2ya6_ligand,410,25068.1
2ya6_ligand,411,28900.3
2ya6_ligand,412,25898.3
2ya6_ligand,413,24780.9
2ya6_ligand,414,25193.3
2ya6_ligand,415,29866.5
2ya6_ligand,416,37823.7
2ya6_ligand,417,29292.7
2ya6_ligand,418,39673.3
2ya6_ligand,419,30274
2ya6_ligand,420,35011.2
2ya6_ligand,421,35722.6
2ya6_ligand,422,30983.7
2ya6_ligand,423,29565.5
2ya6_ligand,424,42292.7
2ya6_ligand,425,46032.9
2ya6_ligand,426,31484.4
2ya6_ligand,427,27552
2ya6_ligand,428,35497.7
2ya6_ligand,429,35887.8
2ya6_ligand,430,26373
2ya6_ligand,431,29440
2ya6_ligand,432,31526
2ya6_ligand,433,25225.7
2ya6_ligand,434,25110.4
2ya6_ligand,435,25438.8
2ya6_ligand,436,31346.7
2ya6_ligand,437,25886.2
2ya6_ligand,438,27804.2
2ya6_ligand,439,36057
2ya6_ligand,440,39113.6
2ya6_ligand,441,49237.6
2ya6_ligand,442,23653.5
2ya6_ligand,443,32595.4
2ya6_ligand,444,46886.1
2ya6_ligand,445,71363
2ya6_ligand,446,31719.6
2ya6_ligand,447,29425.2
2ya6_ligand,448,40188
2ya6_ligand,449,31946
2ya6_ligand,450,25388.8
2ya6_ligand,451,24261.5
2ya6_ligand,452,23116.4
2ya6_ligand,453,24583.1
2ya6_ligand,454,26313.7
2ya6_ligand,455,29185.5
2ya6_ligand,456,28172.1
2ya6_ligand,457,37866.9
2ya6_ligand,458,34457.6
2ya6_ligand,459,33139
2ya6_ligand,460,42026.5
2ya6_ligand,461,30676.1
2ya6_ligand,462,60442.5
2ya6_ligand,463,75299.9
2ya6_ligand,464,45046.4
2ya6_ligand,465,31232
2ya6_ligand,466,24486.2
2ya6_ligand,467,23882.3
2ya6_ligand,468,23935.1
2ya6_ligand,469,26115.9
2ya6_ligand,470,28911.7
2ya6_ligand,471,25722.4
2ya6_ligand,472,25319
2ya6_ligand,473,25401.4
2ya6_ligand,474,28900.1
2ya6_ligand,475,23388.8
2ya6_ligand,476,25805.8
2ya6_ligand,477,29439.6
2ya6_ligand,478,32843.1
2ya6_ligand,479,36055.2
2ya6_ligand,480,30192.3
2ya6_ligand,481,54411
2ya6_ligand,482,70852
2ya6_ligand,483,72010.3
2ya6_ligand,484,29857.5
2ya6_ligand,485,38408.7
2ya6_ligand,486,34419.8
2ya6_ligand,487,25294.8
2ya6_ligand,488,25136.2
2ya6_ligand,489,25813.1
2ya6_ligand,490,30998.8
2ya6_ligand,491,24867.2
2ya6_ligand,492,27786
2ya6_ligand,493,23481.4
2ya6_ligand,494,24301.7
2ya6_ligand,495,23547.5
2ya6_ligand,496,23441
2ya6_ligand,497,25103.7
2ya6_ligand,498,27528.4
2ya6_ligand,499,30160.5
2ya6_ligand,500,24898
2ya6_ligand,501,33770.1
2ya6_ligand,502,29418.1
2ya6_ligand,503,43228.9
2ya6_ligand,504,41286.9
2ya6_ligand,505,38941.1
2ya6_ligand,506,35737.1
2ya6_ligand,507,23436.1
2ya6_ligand,508,27711
2ya6_ligand,509,33550.3
2ya6_ligand,510,39164.3
2ya6_ligand,511,36985
2ya6_ligand,512,38657.8
2ya6_ligand,513,64000.2
2ya6_ligand,514,43546.3
2ya6_ligand,515,27567.4
2ya6_ligand,516,33527.8
2ya6_ligand,517,31953.9
2ya6_ligand,518,36729.9
2ya6_ligand,519,35598.2
2ya6_ligand,520,41014.9
2ya6_ligand,521,39290.5
2ya6_ligand,522,32405.6
2ya6_ligand,523,35729.7
2ya6_ligand,524,30867.8
2ya6_ligand,525,39821.7
2ya6_ligand,526,38223.9
2ya6_ligand,527,40158.6
2ya6_ligand,528,31976
2ya6_ligand,529,68119.8
2ya6_ligand,530,86148.7
2ya6_ligand,531,56104.2
2ya6_ligand,532,44296
2ya6_ligand,533,25384.2
2ya6_ligand,534,25150.5
2ya6_ligand,535,25406
2ya6_ligand,536,31237.4
2ya6_ligand,537,26142.8
2ya6_ligand,538,41104.4
2ya6_ligand,539,25650.5
2ya6_ligand,540,25706.2
2ya6_ligand,541,32138.3
2ya6_ligand,542,32201.1
2ya6_ligand,543,24814.2
2ya6_ligand,544,27462.1
2ya6_ligand,545,28494
2ya6_ligand,546,29663.7
2ya6_ligand,547,37220.3
2ya6_ligand,548,27491.6
2ya6_ligand,549,29911.4
2ya6_ligand,550,37144.9
2ya6_ligand,551,40009.3
2ya6_ligand,552,59287.2
2ya6_ligand,553,30758.2
2ya6_ligand,554,50988.4
2ya6_ligand,555,24468.4
2ya6_ligand,556,23735.6
2ya6_ligand,557,27752.3
2ya6_ligand,558,31767.1
2ya6_ligand,559,33751.4
2ya6_ligand,560,36866.1
2ya6_ligand,561,27533.1
2ya6_ligand,562,33285.1
2ya6_ligand,563,35798.8
2ya6_ligand,564,54490.7
2ya6_ligand,565,65627.5
2ya6_ligand,566,51010.5
2ya6_ligand,567,34561.1
2ya6_ligand,568,25181.7
2ya6_ligand,569,24960.7
2ya6_ligand,570,25306.2
2ya6_ligand,571,27090.1
2ya6_ligand,572,24178.2
2ya6_ligand,573,23942.8
2ya6_ligand,574,25798.7
2ya6_ligand,575,27292
2ya6_ligand,576,28899.6
2ya6_ligand,577,26863.9
2ya6_ligand,578,34209.9
2ya6_ligand,579,25900.3
2ya6_ligand,580,26736.7
2ya6_ligand,581,32662.6
2ya6_ligand,582,35443.1
2ya6_ligand,583,36290.4
2ya6_ligand,584,32201.9
2ya6_ligand,585,30309.7
2ya6_ligand,586,27146.2
2ya6_ligand,587,32883
2ya6_ligand,588,34218.7
2ya6_ligand,589,52478.7
2ya6_ligand,590,44238.1
2ya6_ligand,591,29801.1
2ya6_ligand,592,25483
2ya6_ligand,593,26179.8
2ya6_ligand,594,32598.1
2ya6_ligand,595,33374.5
2ya6_ligand,596,40082.3
2ya6_ligand,597,36729
2ya6_ligand,598,36842.1
2ya6_ligand,599,36296.3
2ya6_ligand,600,30558.8
2ya6_ligand,601,26492.8
2ya6_ligand,602,28600.6
2ya6_ligand,603,30660.6
2ya6_ligand,604,27797.2
2ya6_ligand,605,38580.3
2ya6_ligand,606,30926.8
2ya6_ligand,607,38944.9
2ya6_ligand,608,38140.4
2ya6_ligand,609,24464
2ya6_ligand,610,31223.7
2ya6_ligand,611,36411.3
2ya6_ligand,612,50723.9
2ya6_ligand,613,24489.5
2ya6_ligand,614,26151.4
2ya6_ligand,615,38825.3
2ya6_ligand,616,35575.2
2ya6_ligand,617,25402.6
2ya6_ligand,618,32552.2
2ya6_ligand,619,38831.3
2ya6_ligand,620,24958.1
2ya6_ligand,621,33131.5
2ya6_ligand,622,45323.1
2ya6_ligand,623,56626.6
2ya6_ligand,624,57913.5
2ya6_ligand,625,23869.6
2ya6_ligand,626,23803.3
2ya6_ligand,627,23802.6
2ya6_ligand,628,23248
2ya6_ligand,629,25257.7
2ya6_ligand,630,27909.9
2ya6_ligand,631,36430
2ya6_ligand,632,30490.5
2ya6_ligand,633,34626.3
2ya6_ligand,634,35915.4
2ya6_ligand,635,29557.1
2ya6_ligand,636,27661.4
2ya6_ligand,637,30696.7
2ya6_ligand,638,34721.7
2ya6_ligand,639,26551.7
2ya6_ligand,640,33700.7
2ya6_ligand,641,39402.8
2ya6_ligand,642,23857.7
2ya6_ligand,643,31949.3
2ya6_ligand,644,44630.3
2ya6_ligand,645,38540.1
2ya6_ligand,646,36872
2ya6_ligand,647,36130.7
2ya6_ligand,648,40411.5
2ya6_ligand,649,29587.7
2ya6_ligand,650,29045.7
2ya6_ligand,651,25861.2
2ya6_ligand,652,34834.9
2ya6_ligand,653,45409.1
2ya6_ligand,654,73295.3
2ya6_ligand,655,83106.6
2ya6_ligand,656,81636.8
2ya6_ligand,657,51001.9
2ya6_ligand,658,39204.8
2ya6_ligand,659,27035.3
2ya6_ligand,660,26224.1
2ya6_ligand,661,34808.1
2ya6_ligand,662,29443.7
2ya6_ligand,663,25247.7
2ya6_ligand,664,27613.5
2ya6_ligand,665,25576.8
2ya6_ligand,666,27537.8
2ya6_ligand,667,24132.6
2ya6_ligand,668,24310.8
2ya6_ligand,669,23690.4
2ya6_ligand,670,23061.6
2ya6_ligand,671,25365.7
2ya6_ligand,672,28932.1
2ya6_ligand,673,35179.9
2ya6_ligand,674,24826.7
2ya6_ligand,675,25612.1
2ya6_ligand,676,26710.8
2ya6_ligand,677,32364.7
2ya6_ligand,678,23658.2
2ya6_ligand,679,24370.2
2ya6_ligand,680,26027.5
2ya6_ligand,681,37539.9
2ya6_ligand,682,33599.1
2ya6_ligand,683,30010.6
2ya6_ligand,684,24830.3
2ya6_ligand,685,26292.7
2ya6_ligand,686,30580.8
2ya6_ligand,687,48464.7
2ya6_ligand,688,86019.9
2ya6_ligand,689,64741.3
2ya6_ligand,690,32484
2ya6_ligand,691,27985.9
2ya6_ligand,692,30006.9
2ya6_ligand,693,26921.3
2ya6_ligand,694,23482.2
2ya6_ligand,695,25195.8
2ya6_ligand,696,26487.6
2ya6_ligand,697,24409.4
2ya6_ligand,698,23837.5
2ya6_ligand,699,28199.6
2ya6_ligand,700,31904.8
2ya6_ligand,701,25426.8
2ya6_ligand,702,28934
2ya6_ligand,703,31256.6
2ya6_ligand,704,27883.1
2ya6_ligand,705,27660.2
2ya6_ligand,706,30226.3
2ya6_ligand,707,29745.3
2ya6_ligand,708,35748
2ya6_ligand,709,31065
2ya6_ligand,710,43923.4
2ya6_ligand,711,65463.1
2ya6_ligand,712,47963.6
2ya6_ligand,713,37727.5
2ya6_ligand,714,27821
2ya6_ligand,715,28378.9
2ya6_ligand,716,28896.6
2ya6_ligand,717,24984.8
2ya6_ligand,718,28454.8
2ya6_ligand,719,26365.4
2ya6_ligand,720,23731.8
2ya6_ligand,721,25013
2ya6_ligand,722,24775.4
2ya6_ligand,723,23602.2
2ya6_ligand,724,25242.1
2ya6_ligand,725,28530.9
2ya6_ligand,726,24359.6
2ya6_ligand,727,24191.3
2ya6_ligand,728,31563.4
2ya6_ligand,729,32139.2
2ya6_ligand,730,24649.1
2ya6_ligand,731,24748
2ya6_ligand,732,27714.3
2ya6_ligand,733,41664.8
2ya6_ligand,734,70404.2
2ya6_ligand,735,61205.9
2ya6_ligand,736,46391
2ya6_ligand,737,27033.6
2ya6_ligand,738,26945.6
2ya6_ligand,739,33037.4
2ya6_ligand,740,29212.6
2ya6_ligand,741,24900.9
2ya6_ligand,742,25358.7
2ya6_ligand,743,24085.4
2ya6_ligand,744,23452
2ya6_ligand,745,24063.2
2ya6_ligand,746,23346.7
2ya6_ligand,747,23974.7
2ya6_ligand,748,27161.3
2ya6_ligand,749,34210.3
2ya6_ligand,750,25716.1
2ya6_ligand,751,30915.6
2ya6_ligand,752,29243.1
2ya6_ligand,753,50351.1
2ya6_ligand,754,48450.4
2ya6_ligand,755,31867.5
2ya6_ligand,756,33810.6
2ya6_ligand,757,39548.7
2ya6_ligand,758,34233.5
2ya6_ligand,759,32806.6
2ya6_ligand,760,24245.6
2ya6_ligand,761,23566.8
2ya6_ligand,762,23139.4
2ya6_ligand,763,23315
2ya6_ligand,764,26804
2ya6_ligand,765,41617
2ya6_ligand,766,32589
2ya6_ligand,767,27432.1
2ya6_ligand,768,27355.5
2ya6_ligand,769,30052.3
2ya6_ligand,770,23777.8
2ya6_ligand,771,28610.8
2ya6_ligand,772,28062.6
2ya6_ligand,773,32306.2
2ya6_ligand,774,36356.1
2ya6_ligand,775,36494.5
2ya6_ligand,776,23212.9
2ya6_ligand,777,25468.4
2ya6_ligand,778,29914.3
2ya6_ligand,779,42052.8
2ya6_ligand,780,53093.4
2ya6_ligand,781,40840.1
2ya6_ligand,782,25909.1
2ya6_ligand,783,31103.9
2ya6_ligand,784,24756.2
2ya6_ligand,785,28671.5
2ya6_ligand,786,32794
2ya6_ligand,787,41397.9
2ya6_ligand,788,25449.2
2ya6_ligand,789,25058.5
2ya6_ligand,790,24625
2ya6_ligand,791,25004.2
2ya6_ligand,792,30212.4
2ya6_ligand,793,28602.3
2ya6_ligand,794,38403.6
2ya6_ligand,795,28090.8
2ya6_ligand,796,45934.7
2ya6_ligand,797,66413.9
2ya6_ligand,798,30328.7
2ya6_ligand,799,25028
2ya6_ligand,800,23808.1
2ya6_ligand,801,23764.6
2ya6_ligand,802,24564.1
2ya6_ligand,803,24429.5
2ya6_ligand,804,24435
2ya6_ligand,805,28281.8
2ya6_ligand,806,26779
2ya6_ligand,807,29921.1
2ya6_ligand,808,37492.8
2ya6_ligand,809,37866.8
2ya6_ligand,810,26125.2
2ya6_ligand,811,24819.1
2ya6_ligand,812,29370.6
2ya6_ligand,813,27196.5
2ya6_ligand,814,40611.9
2ya6_ligand,815,40296.5
2ya6_ligand,816,30733.1
2ya6_ligand,817,24886.3
2ya6_ligand,818,24190.3
2ya6_ligand,819,23854.6
2ya6_ligand,820,28869.4
2ya6_ligand,821,27008.2
2ya6_ligand,822,24845.1
2ya6_ligand,823,34746.1
2ya6_ligand,824,30022.9
2ya6_ligand,825,42528.2
2ya6_ligand,826,39248.4
2ya6_ligand,827,35101.7
2ya6_ligand,828,36556.6
2ya6_ligand,829,23580.4
2ya6_ligand,830,25973.7
2ya6_ligand,831,23918.6
2ya6_ligand,832,35562.6
2ya6_ligand,833,30554.9
2ya6_ligand,834,39539.9
2ya6_ligand,835,39412.1
2ya6_ligand,836,38931.8
2ya6_ligand,837,62978.9
2ya6_ligand,838,61513.2
2ya6_ligand,839,42035.1
2ya6_ligand,840,27213.8
2ya6_ligand,841,26373.8
2ya6_ligand,842,26599.5
2ya6_ligand,843,23923.5
2ya6_ligand,844,25205.4
2ya6_ligand,845,31667.1
2ya6_ligand,846,28223.1
2ya6_ligand,847,28684.7
2ya6_ligand,848,41741.7
2ya6_ligand,849,34419.8
2ya6_ligand,850,26452.9
2ya6_ligand,851,25064.8
2ya6_ligand,852,25928
2ya6_ligand,853,27995.7
2ya6_ligand,854,33420.5
2ya6_ligand,855,43782.5
2ya6_ligand,856,37377
2ya6_ligand,857,37934.8
2ya6_ligand,858,28304.8
2ya6_ligand,859,38770.2
2ya6_ligand,860,28707.5
2ya6_ligand,861,24372
2ya6_ligand,862,25512.5
2ya6_ligand,863,27114.6
2ya6_ligand,864,36663.2
2ya6_ligand,865,29392.2
2ya6_ligand,866,35013.3
2ya6_ligand,867,36089.7
2ya6_ligand,868,30599
2ya6_ligand,869,25454.2
2ya6_ligand,870,25686.4
2ya6_ligand,871,29281.4
2ya6_ligand,872,37278.9
2ya6_ligand,873,39728.4
2ya6_ligand,874,40061.7
2ya6_ligand,875,31828.7
2ya6_ligand,876,49910.4
2ya6_ligand,877,47358.8
2ya6_ligand,878,28849.7
2ya6_ligand,879,29343.8
2ya6_ligand,880,28237.4
2ya6_ligand,881,39569.9
2ya6_ligand,882,24436.9
2ya6_ligand,883,24700.5
2ya6_ligand,884,33251.3
2ya6_ligand,885,52921.5
2ya6_ligand,886,38613.2
2ya6_ligand,887,37309.9
2ya6_ligand,888,25279.4
2ya6_ligand,889,24691.4
2ya6_ligand,890,24090.1
2ya6_ligand,891,25249.5
2ya6_ligand,892,25301.3
2ya6_ligand,893,24383.3
2ya6_ligand,894,25587.3
2ya6_ligand,895,28225.8
2ya6_ligand,896,33561.4
2ya6_ligand,897,28539.8
2ya6_ligand,898,35015.6
2ya6_ligand,899,29768
2ya6_ligand,900,24428.6
2ya6_ligand,901,29945.9
2ya6_ligand,902,36911.2
2ya6_ligand,903,47606.8
2ya6_ligand,904,27222.5
2ya6_ligand,905,31281.1
2ya6_ligand,906,27536.5
2ya6_ligand,907,27469.4
2ya6_ligand,908,27384
2ya6_ligand,909,28144.9
2ya6_ligand,910,50080.3
2ya6_ligand,911,65165.9
2ya6_ligand,912,100939
2ya6_ligand,913,54740.4
2ya6_ligand,914,52162.5
2ya6_ligand,915,28769.3
2ya6_ligand,916,30012.3
2ya6_ligand,917,29509.7
2ya6_ligand,918,27130.9
2ya6_ligand,919,28280
2ya6_ligand,920,28939.5
2ya6_ligand,921,24274.1
2ya6_ligand,922,24132.8
2ya6_ligand,923,24243.3
2ya6_ligand,924,23380.9
2ya6_ligand,925,23223.5
2ya6_ligand,926,28774.2
2ya6_ligand,927,26444.4
2ya6_ligand,928,31990.5
2ya6_ligand,929,28871.8
2ya6_ligand,930,37241.1
2ya6_ligand,931,27717.6
2ya6_ligand,932,34660.7
2ya6_ligand,933,31067.9
2ya6_ligand,934,59792.3
2ya6_ligand,935,57165.4
2ya6_ligand,936,28401.2
2ya6_ligand,937,33358.1
2ya6_ligand,938,27453.1
2ya6_ligand,939,23066
2ya6_ligand,940,26483.5
2ya6_ligand,941,34391
2ya6_ligand,942,29602.8
2ya6_ligand,943,47204.3
2ya6_ligand,944,31452.7
2ya6_ligand,945,24691.9
2ya6_ligand,946,24320.4
2ya6_ligand,947,24916
2ya6_ligand,948,23317
2ya6_ligand,949,24719.5
2ya6_ligand,950,29982.4
2ya6_ligand,951,27180.1
2ya6_ligand,952,38307.3
2ya6_ligand,953,32948.6
2ya6_ligand,954,36026.3
2ya6_ligand,955,28136.8
2ya6_ligand,956,27345.9
2ya6_ligand,957,35480.8
2ya6_ligand,958,58176
2ya6_ligand,959,57360.9
2ya6_ligand,960,30020.1
2ya6_ligand,961,31877.6
2ya6_ligand,962,26623.5
2ya6_ligand,963,23222.5
2ya6_ligand,964,24506.8
2ya6_ligand,965,23028
2ya6_ligand,966,25345.3
2ya6_ligand,967,27979
2ya6_ligand,968,32725.9
2ya6_ligand,969,25431.6
2ya6_ligand,970,33194
2ya6_ligand,971,26242.4
2ya6_ligand,972,25035
2ya6_ligand,973,47714.8
2ya6_ligand,974,75241.8
2ya6_ligand,975,49591.3
2ya6_ligand,976,28890.9
2ya6_ligand,977,33074
2ya6_ligand,978,25836.7
2ya6_ligand,979,24146.5
2ya6_ligand,980,23630.8
2ya6_ligand,981,24440.1
2ya6_ligand,982,27014.5
2ya6_ligand,983,24555.3
2ya6_ligand,984,23748.9
2ya6_ligand,985,24488.9
2ya6_ligand,986,29169.5
2ya6_ligand,987,25043.9
2ya6_ligand,988,23601.5
2ya6_ligand,989,24933.5
2ya6_ligand,990,29233.3
2ya6_ligand,991,25508.9
2ya6_ligand,992,25883.6
2ya6_ligand,993,29092.7
2ya6_ligand,994,26342.2
2ya6_ligand,995,24014.6
2ya6_ligand,996,29766
2ya6_ligand,997,47308.3
2ya6_ligand,998,49918.5
2ya6_ligand,999,50918.6
2ya6_ligand,1000,29952.4
2ya6_ligand,1001,25355.8
2ya6_ligand,1002,24550.3
2ya6_ligand,1003,24190.8
2ya6_ligand,1004,24404.9
2ya6_ligand,1005,26742.7
2ya6_ligand,1006,24964.2
2ya6_ligand,1007,28087.1
2ya6_ligand,1008,32546.1
2ya6_ligand,1009,28625
2ya6_ligand,1010,27339.6
2ya6_ligand,1011,27040
2ya6_ligand,1012,23867.3
2ya6_ligand,1013,22757.3
2ya6_ligand,1014,26214.7
2ya6_ligand,1015,33104.2
2ya6_ligand,1016,44839.1
2ya6_ligand,1017,30101.8
2ya6_ligand,1018,31821.6
2ya6_ligand,1019,24873.2
2ya6_ligand,1020,27956.6
2ya6_ligand,1021,31782.8
2ya6_ligand,1022,32082.3
2ya6_ligand,1023,40142.5
2ya6_ligand,1024,36281.7
2ya6_ligand,1025,31403
2ya6_ligand,1026,31267
2ya6_ligand,1027,30645.5
2ya6_ligand,1028,32264.5
2ya6_ligand,1029,31062.5
2ya6_ligand,1030,29896.9
2ya6_ligand,1031,43767
2ya6_ligand,1032,71343.7
2ya6_ligand,1033,78985.7
2ya6_ligand,1034,78937
2ya6_ligand,1035,35742.6
2ya6_ligand,1036,43271.2
2ya6_ligand,1037,25376.1
2ya6_ligand,1038,25290.7
2ya6_ligand,1039,25045.5
2ya6_ligand,1040,24457.5
2ya6_ligand,1041,23895
2ya6_ligand,1042,24486
2ya6_ligand,1043,24707.9
2ya6_ligand,1044,25063.4
2ya6_ligand,1045,26842.8
2ya6_ligand,1046,30659.7
2ya6_ligand,1047,31488.1
2ya6_ligand,1048,25634.2
2ya6_ligand,1049,27224.8
2ya6_ligand,1050,33581.7
2ya6_ligand,1051,26686.5
2ya6_ligand,1052,36109.3
2ya6_ligand,1053,47812.4
2ya6_ligand,1054,63569.2
2ya6_ligand,1055,71845.3
2ya6_ligand,1056,38517.1
2ya6_ligand,1057,39199.4
2ya6_ligand,1058,27038.2
2ya6_ligand,1059,26929.6
2ya6_ligand,1060,25580.3
2ya6_ligand,1061,28101.6
2ya6_ligand,1062,26291.8
2ya6_ligand,1063,25421.4
2ya6_ligand,1064,26287.6
2ya6_ligand,1065,26254.8
2ya6_ligand,1066,26943.4
2ya6_ligand,1067,33984.5
2ya6_ligand,1068,29109.2
2ya6_ligand,1069,23660.9
2ya6_ligand,1070,23136.6
2ya6_ligand,1071,23754.7
2ya6_ligand,1072,32581
2ya6_ligand,1073,28209.1
2ya6_ligand,1074,36051.9
2ya6_ligand,1075,34906.9
2ya6_ligand,1076,31444.2
2ya6_ligand,1077,36777.8
2ya6_ligand,1078,25503.1
2ya6_ligand,1079,24643
2ya6_ligand,1080,24121.3
2ya6_ligand,1081,22832.2
2ya6_ligand,1082,25877.7
2ya6_ligand,1083,29504.8
2ya6_ligand,1084,35372.6
2ya6_ligand,1085,46237.4
2ya6_ligand,1086,41863.6
2ya6_ligand,1087,26756.3
2ya6_ligand,1088,29090.8
2ya6_ligand,1089,25325.1
2ya6_ligand,1090,25147.8
2ya6_ligand,1091,24853.1
2ya6_ligand,1092,23871.2
2ya6_ligand,1093,22189.4
2ya6_ligand,1094,24876
2ya6_ligand,1095,29150.5
2ya6_ligand,1096,35149.1
2ya6_ligand,1097,28223.9
2ya6_ligand,1098,26674.3
2ya6_ligand,1099,30606.3
2ya6_ligand,1100,36250.6
2ya6_ligand,1101,43492.1
2ya6_ligand,1102,24506.4
2ya6_ligand,1103,23837.6
2ya6_ligand,1104,22953.6
2ya6_ligand,1105,24178
2ya6_ligand,1106,27974.1
2ya6_ligand,1107,38386.6
2ya6_ligand,1108,31338.9
2ya6_ligand,1109,47200
2ya6_ligand,1110,61257.8
2ya6_ligand,1111,32749.7
2ya6_ligand,1112,31808.3
2ya6_ligand,1113,26304.8
2ya6_ligand,1114,24105.2
2ya6_ligand,1115,23126.4
2ya6_ligand,1116,24201.9
2ya6_ligand,1117,26857.8
2ya6_ligand,1118,46303.7
2ya6_ligand,1119,32014
2ya6_ligand,1120,31983.1
2ya6_ligand,1121,25222
2ya6_ligand,1122,26796.5
2ya6_ligand,1123,29012.1
2ya6_ligand,1124,31896.4
2ya6_ligand,1125,34338.2
2ya6_ligand,1126,31992.3
2ya6_ligand,1127,25894.5
2ya6_ligand,1128,30907.3
2ya6_ligand,1129,27686.4
2ya6_ligand,1130,30626.5
2ya6_ligand,1131,28909.5
2ya6_ligand,1132,29215.1
2ya6_ligand,1133,34748
2ya6_ligand,1134,26581.1
2ya6_ligand,1135,37686.1
2ya6_ligand,1136,63540
2ya6_ligand,1137,27837.4
2ya6_ligand,1138,25796.6
2ya6_ligand,1139,25038.6
2ya6_ligand,1140,25556.5
2ya6_ligand,1141,29285
2ya6_ligand,1142,23371.2
2ya6_ligand,1143,23790.2
2ya6_ligand,1144,25114.5
2ya6_ligand,1145,27722.5
2ya6_ligand,1146,35105.3
2ya6_ligand,1147,30932.1
2ya6_ligand,1148,41775.8
2ya6_ligand,1149,46344.3
2ya6_ligand,1150,45851.2
2ya6_ligand,1151,56017.9
2ya6_ligand,1152,37186.5
2ya6_ligand,1153,44041
2ya6_ligand,1154,26192.5
2ya6_ligand,1155,30187.6
2ya6_ligand,1156,33240.5
2ya6_ligand,1157,30184.9
2ya6_ligand,1158,33495.2
2ya6_ligand,1159,30114.5
2ya6_ligand,1160,37859.1
2ya6_ligand,1161,36968.9
2ya6_ligand,1162,38655.4
2ya6_ligand,1163,51743.8
2ya6_ligand,1164,33823.4
2ya6_ligand,1165,27534.5
2ya6_ligand,1166,34678.9
2ya6_ligand,1167,26313.9
2ya6_ligand,1168,29006.4
2ya6_ligand,1169,37051.6
2ya6_ligand,1170,38201
2ya6_ligand,1171,39110.8
2ya6_ligand,1172,38433.6
2ya6_ligand,1173,32383.9
2ya6_ligand,1174,53297.6
2ya6_ligand,1175,60310.6
2ya6_ligand,1176,53719.7
2ya6_ligand,1177,40019.7
2ya6_ligand,1178,26504.5
2ya6_ligand,1179,28144.4
2ya6_ligand,1180,32316.3
2ya6_ligand,1181,23845.3
2ya6_ligand,1182,24042.1
2ya6_ligand,1183,26084.1
2ya6_ligand,1184,33100.2
2ya6_ligand,1185,30161.2
2ya6_ligand,1186,32997.5
2ya6_ligand,1187,33892.2
2ya6_ligand,1188,33297.6
2ya6_ligand,1189,29460.8
2ya6_ligand,1190,37821.6
2ya6_ligand,1191,25994.8
2ya6_ligand,1192,30218.1
2ya6_ligand,1193,48646.3
2ya6_ligand,1194,52900.9
2ya6_ligand,1195,37211.7
2ya6_ligand,1196,27008.8
2ya6_ligand,1197,31965.1
2ya6_ligand,1198,24233.1
2ya6_ligand,1199,23462.5
2ya6_ligand,1200,23842.1
2ya6_ligand,1201,24958.1
2ya6_ligand,1202,26494.3
2ya6_ligand,1203,35592.7
2ya6_ligand,1204,36076.7
2ya6_ligand,1205,45057.8
2ya6_ligand,1206,25837.8
2ya6_ligand,1207,30729.3
2ya6_ligand,1208,28790.1
2ya6_ligand,1209,47289.3
2ya6_ligand,1210,39236.4
2ya6_ligand,1211,31592.4
2ya6_ligand,1212,35666
2ya6_ligand,1213,26654.4
2ya6_ligand,1214,28834.7
2ya6_ligand,1215,31626.6
2ya6_ligand,1216,25872.6
2ya6_ligand,1217,30345.5
2ya6_ligand,1218,40185.6
2ya6_ligand,1219,64910
2ya6_ligand,1220,55449.8
2ya6_ligand,1221,49311
2ya6_ligand,1222,37496
2ya6_ligand,1223,49781.3
2ya6_ligand,1224,26767.3
2ya6_ligand,1225,34482.2
2ya6_ligand,1226,29335.8
2ya6_ligand,1227,26629
2ya6_ligand,1228,24795.8
2ya6_ligand,1229,24277.8
2ya6_ligand,1230,23457.2
2ya6_ligand,1231,24248.3
2ya6_ligand,1232,23243.5
2ya6_ligand,1233,30414.4
2ya6_ligand,1234,30637.2
2ya6_ligand,1235,43380.8
2ya6_ligand,1236,36101.7
2ya6_ligand,1237,26504.6
2ya6_ligand,1238,34472.9
2ya6_ligand,1239,23954.7
2ya6_ligand,1240,25199.8
2ya6_ligand,1241,23661.6
2ya6_ligand,1242,23809.4
2ya6_ligand,1243,26150.4
2ya6_ligand,1244,42565.6
2ya6_ligand,1245,25847.3
2ya6_ligand,1246,26662.4
2ya6_ligand,1247,33124
2ya6_ligand,1248,32825.4
2ya6_ligand,1249,36491.4
2ya6_ligand,1250,29827.4
2ya6_ligand,1251,28733.4
2ya6_ligand,1252,23769.7
2ya6_ligand,1253,28120.7
2ya6_ligand,1254,25181.7
2ya6_ligand,1255,23320.2
2ya6_ligand,1256,28285.5
2ya6_ligand,1257,24332.9
2ya6_ligand,1258,26998.5
2ya6_ligand,1259,23832.7
2ya6_ligand,1260,27484.6
2ya6_ligand,1261,25081.6
2ya6_ligand,1262,30408.7
2ya6_ligand,1263,39698.8
2ya6_ligand,1264,53185.2
2ya6_ligand,1265,35599.9
2ya6_ligand,1266,40961.7
2ya6_ligand,1267,26064.9
2ya6_ligand,1268,24814.6
2ya6_ligand,1269,25196
2ya6_ligand,1270,30101.6
2ya6_ligand,1271,24011.6
2ya6_ligand,1272,26070
2ya6_ligand,1273,24924.3
2ya6_ligand,1274,23789.4
2ya6_ligand,1275,22895
2ya6_ligand,1276,22749.6
2ya6_ligand,1277,25855.3
2ya6_ligand,1278,26177.3
2ya6_ligand,1279,29240.8
2ya6_ligand,1280,23938.2
2ya6_ligand,1281,24575.5
2ya6_ligand,1282,28455.1
2ya6_ligand,1283,25092.4
2ya6_ligand,1284,25546.8
2ya6_ligand,1285,30957.8
2ya6_ligand,1286,30499.4
2ya6_ligand,1287,42579.9
2ya6_ligand,1288,24081.4
2ya6_ligand,1289,22990.9
2ya6_ligand,1290,24398.9
2ya6_ligand,1291,27803.7
2ya6_ligand,1292,40292.9
2ya6_ligand,1293,45468.1
2ya6_ligand,1294,45124.7
2ya6_ligand,1295,37814.7
2ya6_ligand,1296,25672
2ya6_ligand,1297,24661.7
2ya6_ligand,1298,23433.7
2ya6_ligand,1299,25306.1
2ya6_ligand,1300,29027.1
2ya6_ligand,1301,24035.2
2ya6_ligand,1302,23291.2
2ya6_ligand,1303,25324.6
2ya6_ligand,1304,23514.5
2ya6_ligand,1305,26915.5
2ya6_ligand,1306,23689.6
2ya6_ligand,1307,23997
2ya6_ligand,1308,37425.5
2ya6_ligand,1309,31873.9
2ya6_ligand,1310,47637.2
2ya6_ligand,1311,29492.1
2ya6_ligand,1312,59297.6
2ya6_ligand,1313,66604.3
2ya6_ligand,1314,50223.7
2ya6_ligand,1315,45189.6
2ya6_ligand,1316,43181
2ya6_ligand,1317,27803
2ya6_ligand,1318,31048.1
2ya6_ligand,1319,28089
2ya6_ligand,1320,27480.3
2ya6_ligand,1321,28857.3
2ya6_ligand,1322,25174.3
2ya6_ligand,1323,24652
2ya6_ligand,1324,26557.9
2ya6_ligand,1325,24472.8
2ya6_ligand,1326,24053
2ya6_ligand,1327,30882.2
2ya6_ligand,1328,32044.1
2ya6_ligand,1329,49467
2ya6_ligand,1330,48391
2ya6_ligand,1331,32446.7
2ya6_ligand,1332,36453.3
2ya6_ligand,1333,30163
2ya6_ligand,1334,27696.4
2ya6_ligand,1335,25286.3
2ya6_ligand,1336,24605.1
2ya6_ligand,1337,23998.5
2ya6_ligand,1338,24943.6
2ya6_ligand,1339,24496
2ya6_ligand,1340,25767
2ya6_ligand,1341,25220.3
2ya6_ligand,1342,28785.7
2ya6_ligand,1343,25728.7
2ya6_ligand,1344,23870.2
2ya6_ligand,1345,23388.1
2ya6_ligand,1346,26343.7
2ya6_ligand,1347,25468.9
2ya6_ligand,1348,28200.4
2ya6_ligand,1349,53128.5
2ya6_ligand,1350,62803.2
2ya6_ligand,1351,48705.6
2ya6_ligand,1352,33335.5
2ya6_ligand,1353,24597.4
2ya6_ligand,1354,23477.5
2ya6_ligand,1355,23970.8
2ya6_ligand,1356,26720.4
2ya6_ligand,1357,24398.5
2ya6_ligand,1358,26211.2
2ya6_ligand,1359,27857.5
2ya6_ligand,1360,38843.6
2ya6_ligand,1361,28388.1
2ya6_ligand,1362,29995.8
2ya6_ligand,1363,31081.9
2ya6_ligand,1364,28319.3
2ya6_ligand,1365,34064.1
2ya6_ligand,1366,28653.4
2ya6_ligand,1367,30341.7
2ya6_ligand,1368,30224.5
2ya6_ligand,1369,28705.9
2ya6_ligand,1370,30800.4
2ya6_ligand,1371,29474.5
2ya6_ligand,1372,30184
2ya6_ligand,1373,33539.8
2ya6_ligand,1374,31027
2ya6_ligand,1375,52594.4
2ya6_ligand,1376,44185.1
2ya6_ligand,1377,46405.6
2ya6_ligand,1378,32857.6
2ya6_ligand,1379,45760.2
2ya6_ligand,1380,44407.3
2ya6_ligand,1381,31511.9
2ya6_ligand,1382,25650.9
2ya6_ligand,1383,25081.1
2ya6_ligand,1384,26132.8
2ya6_ligand,1385,28224.8
2ya6_ligand,1386,33359.3
2ya6_ligand,1387,26604.7
2ya6_ligand,1388,34953.1
2ya6_ligand,1389,28293.2
2ya6_ligand,1390,56457.5
2ya6_ligand,1391,57446.8
2ya6_ligand,1392,33484.1
2ya6_ligand,1393,40498.7
2ya6_ligand,1394,31599.1
2ya6_ligand,1395,24027.2
2ya6_ligand,1396,23476.5
2ya6_ligand,1397,23224.5
2ya6_ligand,1398,25108.1
2ya6_ligand,1399,27077.3
2ya6_ligand,1400,27369.5
2ya6_ligand,1401,25263.9
2ya6_ligand,1402,26568.1
2ya6_ligand,1403,29611.3
2ya6_ligand,1404,30405.6
2ya6_ligand,1405,38863.9
2ya6_ligand,1406,26685.8
2ya6_ligand,1407,28013.2
2ya6_ligand,1408,29001
2ya6_ligand,1409,29361.4
2ya6_ligand,1410,26914.9
2ya6_ligand,1411,25379.2
2ya6_ligand,1412,25867.6
2ya6_ligand,1413,25450.4
2ya6_ligand,1414,28842.8
2ya6_ligand,1415,24910.5
2ya6_ligand,1416,32986.3
2ya6_ligand,1417,55193.5
2ya6_ligand,1418,59685.3
2ya6_ligand,1419,69877.2
2ya6_ligand,1420,46549.7
2ya6_ligand,1421,36086.7
2ya6_ligand,1422,25473.7
2ya6_ligand,1423,24692.9
2ya6_ligand,1424,23985.8
2ya6_ligand,1425,23429
2ya6_ligand,1426,24577.6
2ya6_ligand,1427,24465.5
2ya6_ligand,1428,23627.1
2ya6_ligand,1429,23116.9
2ya6_ligand,1430,24690
2ya6_ligand,1431,26881.6
2ya6_ligand,1432,27746.9
2ya6_ligand,1433,24521.5
2ya6_ligand,1434,24940.7
2ya6_ligand,1435,30047.5
2ya6_ligand,1436,29285.8
2ya6_ligand,1437,35215.3
2ya6_ligand,1438,27864.1
2ya6_ligand,1439,41934.2
2ya6_ligand,1440,57943.4
2ya6_ligand,1441,29224.8
2ya6_ligand,1442,27964.8
2ya6_ligand,1443,28876
2ya6_ligand,1444,24025.6
2ya6_ligand,1445,23700.7
2ya6_ligand,1446,25036.1
2ya6_ligand,1447,24627.4
2ya6_ligand,1448,24147.5
2ya6_ligand,1449,25212.9
2ya6_ligand,1450,29665.1
2ya6_ligand,1451,27735
2ya6_ligand,1452,27205.4
2ya6_ligand,1453,27458.2
2ya6_ligand,1454,23339.7
2ya6_ligand,1455,27044.6
2ya6_ligand,1456,24511.2
2ya6_ligand,1457,34122.9
2ya6_ligand,1458,30176.6
2ya6_ligand,1459,35119.4
2ya6_ligand,1460,33542.7
2ya6_ligand,1461,26320.9
2ya6_ligand,1462,30023.2
2ya6_ligand,1463,24033.6
2ya6_ligand,1464,25483.2
2ya6_ligand,1465,35863.2
2ya6_ligand,1466,64753.2
2ya6_ligand,1467,34784.5
2ya6_ligand,1468,49154.1
2ya6_ligand,1469,24429.8
2ya6_ligand,1470,23447.4
2ya6_ligand,1471,25373.5
2ya6_ligand,1472,28458.7
2ya6_ligand,1473,24559.1
2ya6_ligand,1474,25316
2ya6_ligand,1475,37370
2ya6_ligand,1476,37894.1
2ya6_ligand,1477,29234.5
2ya6_ligand,1478,53536.3
2ya6_ligand,1479,50070.2
2ya6_ligand,1480,38553.5
2ya6_ligand,1481,30987.7
2ya6_ligand,1482,37468.4
2ya6_ligand,1483,24200.3
2ya6_ligand,1484,23468.6
2ya6_ligand,1485,27723.1
2ya6_ligand,1486,36672.8
2ya6_ligand,1487,27170.2
2ya6_ligand,1488,34649.2
2ya6_ligand,1489,26196.3
2ya6_ligand,1490,24908.6
2ya6_ligand,1491,25074.1
2ya6_ligand,1492,27063.1
2ya6_ligand,1493,36046.2
2ya6_ligand,1494,45859.3
2ya6_ligand,1495,40290.4
2ya6_ligand,1496,49479.7
2ya6_ligand,1497,38882.6
2ya6_ligand,1498,41405.4
2ya6_ligand,1499,37384.2
2ya6_ligand,1500,25656.8
2ya6_ligand,1501,30860
2ya6_ligand,1502,31035.8
2ya6_ligand,1503,37595.6
2ya6_ligand,1504,36376.7
2ya6_ligand,1505,32357.6
2ya6_ligand,1506,28933.2
2ya6_ligand,1507,24792.9
2ya6_ligand,1508,25329.2
2ya6_ligand,1509,30064.7
2ya6_ligand,1510,34271.9
2ya6_ligand,1511,42763.5
2ya6_ligand,1512,43566.8
2ya6_ligand,1513,30708.5
2ya6_ligand,1514,42502.4
2ya6_ligand,1515,26900.6
2ya6_ligand,1516,34987.1
2ya6_ligand,1517,29096.4
2ya6_ligand,1518,35326.8
2ya6_ligand,1519,35335.1
2ya6_ligand,1520,32199.1
2ya6_ligand,1521,39635.8
2ya6_ligand,1522,48467.3
2ya6_ligand,1523,70375.8
2ya6_ligand,1524,76982.8
2ya6_ligand,1525,65510.5
2ya6_ligand,1526,34858.2
2ya6_ligand,1527,41935.9
2ya6_ligand,1528,38805.1
2ya6_ligand,1529,25414.4
2ya6_ligand,1530,25235.6
2ya6_ligand,1531,25079.9
2ya6_ligand,1532,25290.7
2ya6_ligand,1533,28200.9
2ya6_ligand,1534,26644.7
2ya6_ligand,1535,26925.9
2ya6_ligand,1536,31984.8
2ya6_ligand,1537,30395
2ya6_ligand,1538,24493.2
2ya6_ligand,1539,23004.1
2ya6_ligand,1540,26341.6
2ya6_ligand,1541,26912.9
2ya6_ligand,1542,35974.1
2ya6_ligand,1543,27351.4
2ya6_ligand,1544,46776
2ya6_ligand,1545,38630
2ya6_ligand,1546,34861.4
2ya6_ligand,1547,34782.8
2ya6_ligand,1548,27015.2
2ya6_ligand,1549,24959.9
2ya6_ligand,1550,23752.8
2ya6_ligand,1551,25875.4
2ya6_ligand,1552,24066.1
2ya6_ligand,1553,23843.9
2ya6_ligand,1554,26659.6
2ya6_ligand,1555,35202.5
2ya6_ligand,1556,33033.2
2ya6_ligand,1557,48869.7
2ya6_ligand,1558,35527.7
2ya6_ligand,1559,27365.4
2ya6_ligand,1560,26576.7
2ya6_ligand,1561,24256.2
2ya6_ligand,1562,23828.2
2ya6_ligand,1563,24018.1
2ya6_ligand,1564,27497.9
2ya6_ligand,1565,23812.2
2ya6_ligand,1566,23343.5
2ya6_ligand,1567,26759.7
2ya6_ligand,1568,30740.2
2ya6_ligand,1569,35997.3
2ya6_ligand,1570,26035.9
2ya6_ligand,1571,36929.9
2ya6_ligand,1572,31926.9
2ya6_ligand,1573,33785.7
2ya6_ligand,1574,29184.6
2ya6_ligand,1575,31341.4
2ya6_ligand,1576,33152.5
2ya6_ligand,1577,59542.5
2ya6_ligand,1578,102897
2ya6_ligand,1579,78350.8
2ya6_ligand,1580,28067
2ya6_ligand,1581,25884.7
2ya6_ligand,1582,25996.2
2ya6_ligand,1583,36002.8
2ya6_ligand,1584,29923.9
2ya6_ligand,1585,25085.6
2ya6_ligand,1586,24797.3
2ya6_ligand,1587,31394.8
2ya6_ligand,1588,23992.1
2ya6_ligand,1589,23969.5
2ya6_ligand,1590,26674.3
2ya6_ligand,1591,32101.9
2ya6_ligand,1592,24922.9
2ya6_ligand,1593,34703.8
2ya6_ligand,1594,50823.6
2ya6_ligand,1595,26451
2ya6_ligand,1596,27144.8
2ya6_ligand,1597,28193
2ya6_ligand,1598,23990.3
2ya6_ligand,1599,24084.2
2ya6_ligand,1600,32346.5
2ya6_ligand,1601,29556.7
2ya6_ligand,1602,29060.6
2ya6_ligand,1603,29377.1
2ya6_ligand,1604,29212.5
2ya6_ligand,1605,29242
2ya6_ligand,1606,24224.1
2ya6_ligand,1607,26495.5
2ya6_ligand,1608,23753.2
2ya6_ligand,1609,24238.6
2ya6_ligand,1610,25753.8
2ya6_ligand,1611,30767.3
2ya6_ligand,1612,34891.5
2ya6_ligand,1613,34134.9
2ya6_ligand,1614,32318.4
2ya6_ligand,1615,40083.6
2ya6_ligand,1616,31788.4
2ya6_ligand,1617,46093.5
2ya6_ligand,1618,42155.1
2ya6_ligand,1619,49768.5
2ya6_ligand,1620,29328.8
2ya6_ligand,1621,47110.7
2ya6_ligand,1622,43139.8
2ya6_ligand,1623,36670
2ya6_ligand,1624,27533.4
2ya6_ligand,1625,37124.1
2ya6_ligand,1626,30878.1
2ya6_ligand,1627,25095.7
2ya6_ligand,1628,29633.8
2ya6_ligand,1629,34472.6
2ya6_ligand,1630,35282.2
2ya6_ligand,1631,25272.4
2ya6_ligand,1632,25400.8
2ya6_ligand,1633,30569.2
2ya6_ligand,1634,41365.8
2ya6_ligand,1635,71077.8
2ya6_ligand,1636,63246.1
2ya6_ligand,1637,35430.1
2ya6_ligand,1638,40945.5
2ya6_ligand,1639,31410
2ya6_ligand,1640,24582
2ya6_ligand,1641,25339.5
2ya6_ligand,1642,26682.5
2ya6_ligand,1643,28821.5
2ya6_ligand,1644,25252.1
2ya6_ligand,1645,23591.8
2ya6_ligand,1646,25000.8
2ya6_ligand,1647,38164.9
2ya6_ligand,1648,26778.5
2ya6_ligand,1649,24881.5
2ya6_ligand,1650,24738.1
2ya6_ligand,1651,24820.6
2ya6_ligand,1652,24167.6
2ya6_ligand,1653,24245.1
2ya6_ligand,1654,23807.5
2ya6_ligand,1655,25133.4
2ya6_ligand,1656,33107.4
2ya6_ligand,1657,29778
2ya6_ligand,1658,54651.7
2ya6_ligand,1659,41732.7
2ya6_ligand,1660,28873.6
2ya6_ligand,1661,27497
2ya6_ligand,1662,24362.8
2ya6_ligand,1663,24627.3
2ya6_ligand,1664,25481
2ya6_ligand,1665,29507.1
2ya6_ligand,1666,25630.1
2ya6_ligand,1667,23773.1
2ya6_ligand,1668,24497
2ya6_ligand,1669,31338.5
2ya6_ligand,1670,28744.7
2ya6_ligand,1671,25221
2ya6_ligand,1672,24454.2
2ya6_ligand,1673,26950.1
2ya6_ligand,1674,24507.3
2ya6_ligand,1675,24555.4
2ya6_ligand,1676,31091.5
2ya6_ligand,1677,26228.2
2ya6_ligand,1678,24792.4
2ya6_ligand,1679,24308
2ya6_ligand,1680,23506.5
2ya6_ligand,1681,27756.7
2ya6_ligand,1682,33266.2
2ya6_ligand,1683,35105.9
2ya6_ligand,1684,43359.5
2ya6_ligand,1685,52164.9
2ya6_ligand,1686,94049.1
2ya6_ligand,1687,45686
2ya6_ligand,1688,40888
2ya6_ligand,1689,29200
2ya6_ligand,1690,25694.8
2ya6_ligand,1691,25299.7
2ya6_ligand,1692,25609
2ya6_ligand,1693,25999.1
2ya6_ligand,1694,30508.2
2ya6_ligand,1695,25027.7
2ya6_ligand,1696,25130.4
2ya6_ligand,1697,24468.8
2ya6_ligand,1698,24940.6
2ya6_ligand,1699,24866.1
2ya6_ligand,1700,28158.8
2ya6_ligand,1701,25247.6
2ya6_ligand,1702,24137.5
2ya6_ligand,1703,24809.5
2ya6_ligand,1704,28652.9
2ya6_ligand,1705,30611.2
2ya6_ligand,1706,33608.8
2ya6_ligand,1707,34430
2ya6_ligand,1708,52183.6
2ya6_ligand,1709,72278.6
2ya6_ligand,1710,34552.3
2ya6_ligand,1711,26841.9
2ya6_ligand,1712,27398.4
2ya6_ligand,1713,25867.4
2ya6_ligand,1714,25755.7
2ya6_ligand,1715,26282.4
2ya6_ligand,1716,25263.3
2ya6_ligand,1717,24640.4
2ya6_ligand,1718,22943.4
2ya6_ligand,1719,25410.6
2ya6_ligand,1720,29959.7
2ya6_ligand,1721,37307
2ya6_ligand,1722,35934.8
2ya6_ligand,1723,30494.3
2ya6_ligand,1724,22631.3
2ya6_ligand,1725,25767.4
2ya6_ligand,1726,30516.4
2ya6_ligand,1727,37979.3
2ya6_ligand,1728,29540.4
2ya6_ligand,1729,32356.9
2ya6_ligand,1730,25071.5
2ya6_ligand,1731,24839.7
2ya6_ligand,1732,30279.9
2ya6_ligand,1733,30463.9
2ya6_ligand,1734,54639
2ya6_ligand,1735,57587.7
2ya6_ligand,1736,30569.6
2ya6_ligand,1737,28489.5
2ya6_ligand,1738,30418.1
2ya6_ligand,1739,24949.7
2ya6_ligand,1740,24483.5
2ya6_ligand,1741,25855.5
2ya6_ligand,1742,28723.2
2ya6_ligand,1743,29910.9
2ya6_ligand,1744,28670.4
2ya6_ligand,1745,25652.1
2ya6_ligand,1746,29632.5
2ya6_ligand,1747,26587.6
2ya6_ligand,1748,30658.2
2ya6_ligand,1749,26408.4
2ya6_ligand,1750,37864.6
2ya6_ligand,1751,34228.5
2ya6_ligand,1752,32802
2ya6_ligand,1753,36852.6
2ya6_ligand,1754,26113.7
2ya6_ligand,1755,27811.9
2ya6_ligand,1756,24389.1
2ya6_ligand,1757,23581.4
2ya6_ligand,1758,24443.6
2ya6_ligand,1759,35313.1
2ya6_ligand,1760,29241.7
2ya6_ligand,1761,53634.7
2ya6_ligand,1762,48535.7
2ya6_ligand,1763,30103.4
2ya6_ligand,1764,30211.5
2ya6_ligand,1765,24484.1
2ya6_ligand,1766,23858.4
2ya6_ligand,1767,23252.6
2ya6_ligand,1768,26430.1
2ya6_ligand,1769,28743.2
2ya6_ligand,1770,30846.2
2ya6_ligand,1771,24993.9
2ya6_ligand,1772,24860.6
2ya6_ligand,1773,25617.1
2ya6_ligand,1774,26526.1
2ya6_ligand,1775,30721.3
2ya6_ligand,1776,37012.4
2ya6_ligand,1777,26362.8
2ya6_ligand,1778,35695.4
2ya6_ligand,1779,34620.8
2ya6_ligand,1780,48657.2
2ya6_ligand,1781,24915.1
2ya6_ligand,1782,24641.8
2ya6_ligand,1783,23901.4
2ya6_ligand,1784,22877.4
2ya6_ligand,1785,24627.1
2ya6_ligand,1786,30618.4
2ya6_ligand,1787,41166.9
2ya6_ligand,1788,48744.1
2ya6_ligand,1789,52557.4
2ya6_ligand,1790,38483.7
2ya6_ligand,1791,42296.4
2ya6_ligand,1792,25331
2ya6_ligand,1793,25201.7
2ya6_ligand,1794,26091.5
2ya6_ligand,1795,29791.8
2ya6_ligand,1796,25085.3
2ya6_ligand,1797,25477.6
2ya6_ligand,1798,24443.1
2ya6_ligand,1799,24379.8
2ya6_ligand,1800,27100.6
2ya6_ligand,1801,24297.7
2ya6_ligand,1802,23165
2ya6_ligand,1803,26703.4
2ya6_ligand,1804,26792.2
2ya6_ligand,1805,32434.9
2ya6_ligand,1806,27738.7
2ya6_ligand,1807,33728
2ya6_ligand,1808,32855.6
2ya6_ligand,1809,30001.3
2ya6_ligand,1810,32170.2
2ya6_ligand,1811,32251.6
2ya6_ligand,1812,39377.6
2ya6_ligand,1813,33354.4
2ya6_ligand,1814,31121.2
2ya6_ligand,1815,31790.7
2ya6_ligand,1816,32828.1
2ya6_ligand,1817,69594.9
2ya6_ligand,1818,54447.1
2ya6_ligand,1819,36943.6
2ya6_ligand,1820,33194.9
2ya6_ligand,1821,28732.9
2ya6_ligand,1822,34783.2
2ya6_ligand,1823,33297.3
2ya6_ligand,1824,26224.4
2ya6_ligand,1825,27384.3
2ya6_ligand,1826,24317.4
2ya6_ligand,1827,24144.7
2ya6_ligand,1828,23305.4
2ya6_ligand,1829,26239.1
2ya6_ligand,1830,35123.4
2ya6_ligand,1831,34334.7
2ya6_ligand,1832,40432.4
2ya6_ligand,1833,23967.7
2ya6_ligand,1834,23362.7
2ya6_ligand,1835,28202.8
2ya6_ligand,1836,24746.8
2ya6_ligand,1837,28984.2
2ya6_ligand,1838,24855.1
2ya6_ligand,1839,25804.1
2ya6_ligand,1840,27837.4
2ya6_ligand,1841,40360
2ya6_ligand,1842,72318.1
2ya6_ligand,1843,54885
2ya6_ligand,1844,32481
2ya6_ligand,1845,28648.9
2ya6_ligand,1846,31937.3
2ya6_ligand,1847,25703.1
2ya6_ligand,1848,24607.9
2ya6_ligand,1849,24066
2ya6_ligand,1850,23252.7
2ya6_ligand,1851,23795.3
2ya6_ligand,1852,29629.9
2ya6_ligand,1853,28905.5
2ya6_ligand,1854,34711.8
2ya6_ligand,1855,24344.1
2ya6_ligand,1856,24247.2
2ya6_ligand,1857,23924.1
2ya6_ligand,1858,26440.8
2ya6_ligand,1859,32845.2
2ya6_ligand,1860,24277
2ya6_ligand,1861,27945.6
2ya6_ligand,1862,23962.8
2ya6_ligand,1863,22751.3
2ya6_ligand,1864,26504.6
2ya6_ligand,1865,40516.7
2ya6_ligand,1866,54383.9
2ya6_ligand,1867,35988.4
2ya6_ligand,1868,28129.1
2ya6_ligand,1869,33097.2
2ya6_ligand,1870,25051.6
2ya6_ligand,1871,24868.5
2ya6_ligand,1872,24088.1
2ya6_ligand,1873,25080.8
2ya6_ligand,1874,24219.2
2ya6_ligand,1875,22185.6
2ya6_ligand,1876,23032.8
2ya6_ligand,1877,26476.3
2ya6_ligand,1878,29135.8
2ya6_ligand,1879,35339.2
2ya6_ligand,1880,24048.4
2ya6_ligand,1881,24011.1
2ya6_ligand,1882,25128.1
2ya6_ligand,1883,45013.1
2ya6_ligand,1884,28475.4
2ya6_ligand,1885,31714.9
2ya6_ligand,1886,26475.2
2ya6_ligand,1887,29788.3
2ya6_ligand,1888,34412.7
2ya6_ligand,1889,50610.1
2ya6_ligand,1890,50351.5
2ya6_ligand,1891,34330.2
2ya6_ligand,1892,37025.7
2ya6_ligand,1893,26562
2ya6_ligand,1894,23585.9
2ya6_ligand,1895,23124.1
2ya6_ligand,1896,24179.2
2ya6_ligand,1897,28145.9
2ya6_ligand,1898,26040.5
2ya6_ligand,1899,24263.9
2ya6_ligand,1900,23114.9
2ya6_ligand,1901,26242.1
2ya6_ligand,1902,30962.4
2ya6_ligand,1903,28484.6
2ya6_ligand,1904,28605.9
2ya6_ligand,1905,27642
2ya6_ligand,1906,33616.2
2ya6_ligand,1907,26468
2ya6_ligand,1908,34477.7
2ya6_ligand,1909,29745.5
2ya6_ligand,1910,35770.7
2ya6_ligand,1911,27920.5
2ya6_ligand,1912,34369.3
2ya6_ligand,1913,64247.8
2ya6_ligand,1914,29910.3
2ya6_ligand,1915,28476.8
2ya6_ligand,1916,30041.5
2ya6_ligand,1917,30592
2ya6_ligand,1918,27555.7
2ya6_ligand,1919,24995.6
2ya6_ligand,1920,26272
2ya6_ligand,1921,31761.4
2ya6_ligand,1922,37440.6
2ya6_ligand,1923,44018.8
2ya6_ligand,1924,29615.2
2ya6_ligand,1925,28974.8
2ya6_ligand,1926,24805.1
2ya6_ligand,1927,36708.2
2ya6_ligand,1928,25159.1
2ya6_ligand,1929,25430.1
2ya6_ligand,1930,32867.9
2ya6_ligand,1931,34394.2
2ya6_ligand,1932,51111.8
2ya6_ligand,1933,55304.8
2ya6_ligand,1934,33730.1
2ya6_ligand,1935,28692.8
2ya6_ligand,1936,28786.3
2ya6_ligand,1937,26041
2ya6_ligand,1938,25592.7
2ya6_ligand,1939,26359.7
2ya6_ligand,1940,25460.1
2ya6_ligand,1941,24556.8
2ya6_ligand,1942,40405.9
2ya6_ligand,1943,31493.8
2ya6_ligand,1944,34093.1
2ya6_ligand,1945,36707.4
2ya6_ligand,1946,35409.4
2ya6_ligand,1947,32175
2ya6_ligand,1948,27248.8
2ya6_ligand,1949,30510.2
2ya6_ligand,1950,24195
2ya6_ligand,1951,24085.2
2ya6_ligand,1952,23382.7
2ya6_ligand,1953,24809.5
2ya6_ligand,1954,26596.5
2ya6_ligand,1955,24158.1
2ya6_ligand,1956,31852.2
2ya6_ligand,1957,34184.9
2ya6_ligand,1958,44994.5
2ya6_ligand,1959,28931.8
2ya6_ligand,1960,35842.4
2ya6_ligand,1961,41399.4
2ya6_ligand,1962,41064.2
2ya6_ligand,1963,37716.3
2ya6_ligand,1964,35115.9
2ya6_ligand,1965,41668.3
2ya6_ligand,1966,43056.9
2ya6_ligand,1967,90880.8
2ya6_ligand,1968,97325.1
2ya6_ligand,1969,94125.5
2ya6_ligand,1970,42706.6
2ya6_ligand,1971,29764.9
2ya6_ligand,1972,26457.2
2ya6_ligand,1973,26170.7
2ya6_ligand,1974,25224.2
2ya6_ligand,1975,23857.4
2ya6_ligand,1976,24577.6
2ya6_ligand,1977,23439.5
2ya6_ligand,1978,23485.5
2ya6_ligand,1979,25378.8
2ya6_ligand,1980,24463.9
2ya6_ligand,1981,22800.7
2ya6_ligand,1982,24771.5
2ya6_ligand,1983,28794.8
2ya6_ligand,1984,26580.1
2ya6_ligand,1985,29055
2ya6_ligand,1986,32631.7
2ya6_ligand,1987,32749
2ya6_ligand,1988,25187.4
2ya6_ligand,1989,24353.8
2ya6_ligand,1990,24028.5
2ya6_ligand,1991,26823
2ya6_ligand,1992,25829.7
2ya6_ligand,1993,31223.7
2ya6_ligand,1994,32373.1
2ya6_ligand,1995,37485.9
2ya6_ligand,1996,38517.5
2ya6_ligand,1997,60349
2ya6_ligand,1998,70720.4
2ya6_ligand,1999,47273.7
2ya6_ligand,2000,35301.6
2ya6_ligand,2001,35123.5
2ya6_ligand,2002,29959.6
2ya6_ligand,2003,25411.7
2ya6_ligand,2004,24600.5
2ya6_ligand,2005,24191.1
2ya6_ligand,2006,23154.2
2ya6_ligand,2007,23198
2ya6_ligand,2008,24396
2ya6_ligand,2009,28650.5
2ya6_ligand,2010,28333.8
2ya6_ligand,2011,26184.3
2ya6_ligand,2012,26308.6
2ya6_ligand,2013,24343.9
2ya6_ligand,2014,28542.6
2ya6_ligand,2015,27885.1
2ya6_ligand,2016,28624.8
2ya6_ligand,2017,33483.3
2ya6_ligand,2018,35310.4
2ya6_ligand,2019,25967.6
2ya6_ligand,2020,34781.3
2ya6_ligand,2021,35419.4
2ya6_ligand,2022,58838.1
2ya6_ligand,2023,55774.8
2ya6_ligand,2024,55716.6
2ya6_ligand,2025,28893.5
2ya6_ligand,2026,43429.9
2ya6_ligand,2027,25331.4
2ya6_ligand,2028,25005.9
2ya6_ligand,2029,26083.7
2ya6_ligand,2030,30045
2ya6_ligand,2031,29707.9
2ya6_ligand,2032,25088
2ya6_ligand,2033,28037.8
2ya6_ligand,2034,27263.3
2ya6_ligand,2035,31376.2
2ya6_ligand,2036,30219.4
2ya6_ligand,2037,24924.5
2ya6_ligand,2038,24563.8
2ya6_ligand,2039,26843.1
2ya6_ligand,2040,34433.1
2ya6_ligand,2041,34359.7
2ya6_ligand,2042,31978.7
2ya6_ligand,2043,29963.2
2ya6_ligand,2044,24373.5
2ya6_ligand,2045,23515.5
2ya6_ligand,2046,25037
2ya6_ligand,2047,31494.8
2ya6_ligand,2048,34850.5
2ya6_ligand,2049,30921.1
2ya6_ligand,2050,38718.3
2ya6_ligand,2051,42429.8
2ya6_ligand,2052,27312.1
2ya6_ligand,2053,50260.7
2ya6_ligand,2054,41451.4
2ya6_ligand,2055,30620.3
2ya6_ligand,2056,25212
2ya6_ligand,2057,24983.5
2ya6_ligand,2058,24780.7
2ya6_ligand,2059,30386.4
2ya6_ligand,2060,31702.7
2ya6_ligand,2061,35937.4
2ya6_ligand,2062,23024.6
2ya6_ligand,2063,27807.1
2ya6_ligand,2064,35552.4
2ya6_ligand,2065,54345.6
2ya6_ligand,2066,30758.9
2ya6_ligand,2067,48155.1
2ya6_ligand,2068,36739.6
2ya6_ligand,2069,27003.4
2ya6_ligand,2070,28405.1
2ya6_ligand,2071,24315.2
2ya6_ligand,2072,24041.1
2ya6_ligand,2073,22921.5
2ya6_ligand,2074,26491.4
2ya6_ligand,2075,32005.9
2ya6_ligand,2076,39673.9
2ya6_ligand,2077,26470.5
2ya6_ligand,2078,26412.4
2ya6_ligand,2079,28702.1
2ya6_ligand,2080,50291.2
2ya6_ligand,2081,60131.3
2ya6_ligand,2082,30759.3
2ya6_ligand,2083,32113.1
2ya6_ligand,2084,29140.9
2ya6_ligand,2085,27589.8
2ya6_ligand,2086,24891.1
2ya6_ligand,2087,24695.9
2ya6_ligand,2088,24586.8
2ya6_ligand,2089,23822.8
2ya6_ligand,2090,22421.8
2ya6_ligand,2091,25185.4
2ya6_ligand,2092,33487
2ya6_ligand,2093,32727.2
2ya6_ligand,2094,28940.4
2ya6_ligand,2095,25993
2ya6_ligand,2096,24404.1
2ya6_ligand,2097,24950.5
2ya6_ligand,2098,29489.6
2ya6_ligand,2099,29377.2
2ya6_ligand,2100,47378.9
2ya6_ligand,2101,40019.2
2ya6_ligand,2102,33362
2ya6_ligand,2103,24660.1
2ya6_ligand,2104,24095.9
2ya6_ligand,2105,26973.5
2ya6_ligand,2106,28796
2ya6_ligand,2107,29827
2ya6_ligand,2108,28277.6
2ya6_ligand,2109,38207.6
2ya6_ligand,2110,24094.4
2ya6_ligand,2111,26319.2
2ya6_ligand,2112,27475.8
2ya6_ligand,2113,33325.5
2ya6_ligand,2114,37839.2
2ya6_ligand,2115,34251.6
2ya6_ligand,2116,37286
2ya6_ligand,2117,41966.1
2ya6_ligand,2118,71911.6
2ya6_ligand,2119,55729.1
2ya6_ligand,2120,34328.2
2ya6_ligand,2121,29097.2
2ya6_ligand,2122,29658.6
2ya6_ligand,2123,25169
2ya6_ligand,2124,26498.7
2ya6_ligand,2125,23321.2
2ya6_ligand,2126,24186
2ya6_ligand,2127,25224.4
2ya6_ligand,2128,23453.9
2ya6_ligand,2129,23315.9
2ya6_ligand,2130,31546.8
2ya6_ligand,2131,29844.6
2ya6_ligand,2132,41361.9
2ya6_ligand,2133,28094.2
2ya6_ligand,2134,24683.1
2ya6_ligand,2135,24193.2
2ya6_ligand,2136,24342.2
2ya6_ligand,2137,33348
2ya6_ligand,2138,39306.3
2ya6_ligand,2139,55355.5
2ya6_ligand,2140,50833.2
2ya6_ligand,2141,31154.3
2ya6_ligand,2142,29602.3
2ya6_ligand,2143,25371.8
2ya6_ligand,2144,24737.6
2ya6_ligand,2145,26064.9
2ya6_ligand,2146,32116.5
2ya6_ligand,2147,28550.8
2ya6_ligand,2148,25389.4
2ya6_ligand,2149,26106.3
2ya6_ligand,2150,27731
2ya6_ligand,2151,39395.6
2ya6_ligand,2152,42468.1
2ya6_ligand,2153,58160.7
2ya6_ligand,2154,40598.3
2ya6_ligand,2155,26681.8
2ya6_ligand,2156,24286.2
2ya6_ligand,2157,23516.2
2ya6_ligand,2158,25910.3
2ya6_ligand,2159,24183.4
2ya6_ligand,2160,25741.8
2ya6_ligand,2161,24036
2ya6_ligand,2162,23458.6
2ya6_ligand,2163,24623.3
2ya6_ligand,2164,23628.1
2ya6_ligand,2165,27116.6
2ya6_ligand,2166,28408.7
2ya6_ligand,2167,25569.5
2ya6_ligand,2168,24703.5
2ya6_ligand,2169,24792.8
2ya6_ligand,2170,27118.1
2ya6_ligand,2171,35150.9
2ya6_ligand,2172,44571.7
2ya6_ligand,2173,46889.3
2ya6_ligand,2174,44676.9
2ya6_ligand,2175,26352.1
2ya6_ligand,2176,32870.6
2ya6_ligand,2177,33781.7
2ya6_ligand,2178,24832.8
2ya6_ligand,2179,24704
2ya6_ligand,2180,26826.6
2ya6_ligand,2181,28970.1
2ya6_ligand,2182,30488.8
2ya6_ligand,2183,22973.9
2ya6_ligand,2184,29025.2
2ya6_ligand,2185,35807.8
2ya6_ligand,2186,24001.9
2ya6_ligand,2187,25402.8
2ya6_ligand,2188,23960.9
2ya6_ligand,2189,23963.1
2ya6_ligand,2190,25646
2ya6_ligand,2191,27495.8
2ya6_ligand,2192,32826
2ya6_ligand,2193,31235
2ya6_ligand,2194,44048.7
2ya6_ligand,2195,28984.8
2ya6_ligand,2196,64193.9
2ya6_ligand,2197,62753.9
2ya6_ligand,2198,36110.5
2ya6_ligand,2199,27610
2ya6_ligand,2200,31639.3
2ya6_ligand,2201,26700.9
2ya6_ligand,2202,25154.6
2ya6_ligand,2203,24617.2
2ya6_ligand,2204,24565.2
2ya6_ligand,2205,23883.3
2ya6_ligand,2206,23341.2
2ya6_ligand,2207,24267.9
2ya6_ligand,2208,24825.5
2ya6_ligand,2209,23432.1
2ya6_ligand,2210,25869.3
2ya6_ligand,2211,27552.1
2ya6_ligand,2212,24017
2ya6_ligand,2213,24281
2ya6_ligand,2214,26848.2
2ya6_ligand,2215,32472.3
2ya6_ligand,2216,30069.8
2ya6_ligand,2217,36752.1
2ya6_ligand,2218,31498.4
2ya6_ligand,2219,33533
2ya6_ligand,2220,28970
2ya6_ligand,2221,44516.2
2ya6_ligand,2222,79003.9
2ya6_ligand,2223,28264.7
2ya6_ligand,2224,41137.7
2ya6_ligand,2225,51486.6
2ya6_ligand,2226,35255.9
2ya6_ligand,2227,41347.7
2ya6_ligand,2228,29131.1
2ya6_ligand,2229,25986
2ya6_ligand,2230,25222.5
2ya6_ligand,2231,25120.4
2ya6_ligand,2232,25501.3
2ya6_ligand,2233,32989.8
2ya6_ligand,2234,26935.1
2ya6_ligand,2235,29463.7
2ya6_ligand,2236,33051
2ya6_ligand,2237,29205.4
2ya6_ligand,2238,33052.3
2ya6_ligand,2239,27399.3
2ya6_ligand,2240,34447.2
2ya6_ligand,2241,25511.5
2ya6_ligand,2242,24821.2
2ya6_ligand,2243,24159.3
2ya6_ligand,2244,40193
2ya6_ligand,2245,50102.2
2ya6_ligand,2246,50043.9
2ya6_ligand,2247,48793.4
2ya6_ligand,2248,37783.2
2ya6_ligand,2249,30997.2
2ya6_ligand,2250,33481.1
2ya6_ligand,2251,31273.5
2ya6_ligand,2252,25983.7
2ya6_ligand,2253,24538.9
2ya6_ligand,2254,27213
2ya6_ligand,2255,35065.6
2ya6_ligand,2256,56987
2ya6_ligand,2257,48849.4
2ya6_ligand,2258,33505.5
2ya6_ligand,2259,27599.1
2ya6_ligand,2260,29909.5
2ya6_ligand,2261,24612.6
2ya6_ligand,2262,24024.9
2ya6_ligand,2263,25737.3
2ya6_ligand,2264,25680.8
2ya6_ligand,2265,24631.3
2ya6_ligand,2266,30604.3
2ya6_ligand,2267,27505.1
2ya6_ligand,2268,33103.3
2ya6_ligand,2269,30682
2ya6_ligand,2270,35785.6
2ya6_ligand,2271,32587.4
2ya6_ligand,2272,24121.1
2ya6_ligand,2273,26901.9
2ya6_ligand,2274,30536.4
2ya6_ligand,2275,38352.6
2ya6_ligand,2276,35534.9
2ya6_ligand,2277,37625.9
2ya6_ligand,2278,35940.3
2ya6_ligand,2279,33325.3
2ya6_ligand,2280,26289.2
2ya6_ligand,2281,29782.3
2ya6_ligand,2282,31107.2
2ya6_ligand,2283,34382.3
2ya6_ligand,2284,36748.3
2ya6_ligand,2285,32825.9
2ya6_ligand,2286,44689.2
2ya6_ligand,2287,49559.9
2ya6_ligand,2288,45390.2
2ya6_ligand,2289,43776.4
2ya6_ligand,2290,25101.6
2ya6_ligand,2291,25872.5
2ya6_ligand,2292,31507.6
2ya6_ligand,2293,26316
2ya6_ligand,2294,32644.4
2ya6_ligand,2295,32167.9
2ya6_ligand,2296,33523
2ya6_ligand,2297,40373.6
2ya6_ligand,2298,33175.9
2ya6_ligand,2299,38120
2ya6_ligand,2300,49609.6
2ya6_ligand,2301,39117.2
2ya6_ligand,2302,39794.4
2ya6_ligand,2303,31591.4
2ya6_ligand,2304,27741.4
2ya6_ligand,2305,34751.6
2ya6_ligand,2306,39839.6
2ya6_ligand,2307,57105.3
2ya6_ligand,2308,87208
2ya6_ligand,2309,82635.3
2ya6_ligand,2310,43016.2
2ya6_ligand,2311,36228.8
2ya6_ligand,2312,30239.3
2ya6_ligand,2313,35140.5
2ya6_ligand,2314,25549.6
2ya6_ligand,2315,24257.6
2ya6_ligand,2316,24906.2
2ya6_ligand,2317,27242.7
2ya6_ligand,2318,27633.7
2ya6_ligand,2319,25810.5
2ya6_ligand,2320,32709.8
2ya6_ligand,2321,26077.9
2ya6_ligand,2322,35127.2
2ya6_ligand,2323,36274.8
2ya6_ligand,2324,31068.9
2ya6_ligand,2325,30856.2
2ya6_ligand,2326,24735.6
2ya6_ligand,2327,34303.5
2ya6_ligand,2328,28893.4
2ya6_ligand,2329,47048.4
2ya6_ligand,2330,41749.4
2ya6_ligand,2331,27101.6
2ya6_ligand,2332,36165.3
2ya6_ligand,2333,26826.2
2ya6_ligand,2334,27138.3
2ya6_ligand,2335,25756.3
2ya6_ligand,2336,29063.5
2ya6_ligand,2337,24942.3
2ya6_ligand,2338,23522.9
2ya6_ligand,2339,22688.8
2ya6_ligand,2340,29478.1
2ya6_ligand,2341,35330.7
2ya6_ligand,2342,51551.5
2ya6_ligand,2343,41979.4
2ya6_ligand,2344,31849.2
2ya6_ligand,2345,26167.6
2ya6_ligand,2346,23800.8
2ya6_ligand,2347,23188.6
2ya6_ligand,2348,25438.1
2ya6_ligand,2349,31801.7
2ya6_ligand,2350,29133.9
2ya6_ligand,2351,24798
2ya6_ligand,2352,23854.9
2ya6_ligand,2353,24525.8
2ya6_ligand,2354,26206.8
2ya6_ligand,2355,25355.7
2ya6_ligand,2356,23748.6
2ya6_ligand,2357,23897.2
2ya6_ligand,2358,48400.7
2ya6_ligand,2359,26623.5
2ya6_ligand,2360,27791.4
2ya6_ligand,2361,30289.9
2ya6_ligand,2362,25381.6
2ya6_ligand,2363,26030.6
2ya6_ligand,2364,40720.8
2ya6_ligand,2365,27750.9
2ya6_ligand,2366,31280.9
2ya6_ligand,2367,23292.4
2ya6_ligand,2368,25941.4
2ya6_ligand,2369,34529.4
2ya6_ligand,2370,33987.3
2ya6_ligand,2371,33251.1
2ya6_ligand,2372,34402.6
2ya6_ligand,2373,29984.7
2ya6_ligand,2374,40444.1
2ya6_ligand,2375,31648.4
2ya6_ligand,2376,30973.9
2ya6_ligand,2377,24955.6
2ya6_ligand,2378,27309.7
2ya6_ligand,2379,34584.5
2ya6_ligand,2380,45488
2ya6_ligand,2381,47784
2ya6_ligand,2382,42779.2
2ya6_ligand,2383,48148.9
2ya6_ligand,2384,49053.5
2ya6_ligand,2385,43525
2ya6_ligand,2386,28155
2ya6_ligand,2387,24365.1
2ya6_ligand,2388,26092.2
2ya6_ligand,2389,25355.2
2ya6_ligand,2390,28074.9
2ya6_ligand,2391,24238.8
2ya6_ligand,2392,23446.3
2ya6_ligand,2393,25840.2
2ya6_ligand,2394,44399.5
2ya6_ligand,2395,26855
2ya6_ligand,2396,27014.4
2ya6_ligand,2397,29600.5
2ya6_ligand,2398,36956.8
2ya6_ligand,2399,35386.6
2ya6_ligand,2400,31498.8
2ya6_ligand,2401,39861.6
2ya6_ligand,2402,47963
2ya6_ligand,2403,37355.1
2ya6_ligand,2404,48268.5
2ya6_ligand,2405,31109.5
2ya6_ligand,2406,42774
2ya6_ligand,2407,42994.9
2ya6_ligand,2408,23789.2
2ya6_ligand,2409,23577.3
2ya6_ligand,2410,25731.8
2ya6_ligand,2411,35549.4
2ya6_ligand,2412,28055
2ya6_ligand,2413,35983.6
2ya6_ligand,2414,35698.4
2ya6_ligand,2415,49599.8
2ya6_ligand,2416,41947.2
2ya6_ligand,2417,32341.8
2ya6_ligand,2418,27037.5
2ya6_ligand,2419,35279.7
2ya6_ligand,2420,30054.1
2ya6_ligand,2421,37823.7
2ya6_ligand,2422,37040.4
2ya6_ligand,2423,44772.2
2ya6_ligand,2424,74431.5
2ya6_ligand,2425,33744.1
2ya6_ligand,2426,70180.5
2ya6_ligand,2427,31234
2ya6_ligand,2428,31964.6
2ya6_ligand,2429,32454.7
2ya6_ligand,2430,34181.6
2ya6_ligand,2431,25087.2
2ya6_ligand,2432,24634.3
2ya6_ligand,2433,24703.7
2ya6_ligand,2434,26052.9
2ya6_ligand,2435,37179.6
2ya6_ligand,2436,44982.4
2ya6_ligand,2437,34985.2
2ya6_ligand,2438,35288.5
2ya6_ligand,2439,25622.5
2ya6_ligand,2440,25416.2
2ya6_ligand,2441,25377.3
2ya6_ligand,2442,26007.4
2ya6_ligand,2443,31142.7
2ya6_ligand,2444,23308
2ya6_ligand,2445,31829
2ya6_ligand,2446,36260.7
2ya6_ligand,2447,26063
2ya6_ligand,2448,35286
2ya6_ligand,2449,52320.4
2ya6_ligand,2450,36346.2
2ya6_ligand,2451,31569.9
2ya6_ligand,2452,29110.4
2ya6_ligand,2453,30446.2
2ya6_ligand,2454,33147.5
2ya6_ligand,2455,40230.4
2ya6_ligand,2456,28793.5
2ya6_ligand,2457,33567.2
2ya6_ligand,2458,24732.5
2ya6_ligand,2459,27912.9
2ya6_ligand,2460,29216.6
2ya6_ligand,2461,40152.2
2ya6_ligand,2462,57152.8
2ya6_ligand,2463,37457.2
2ya6_ligand,2464,36873.1
2ya6_ligand,2465,24961.4
2ya6_ligand,2466,24466.4
2ya6_ligand,2467,26616.1
2ya6_ligand,2468,26423.2
2ya6_ligand,2469,27932.2
2ya6_ligand,2470,30637.7
2ya6_ligand,2471,27479
2ya6_ligand,2472,31096
2ya6_ligand,2473,28452.8
2ya6_ligand,2474,23100.1
2ya6_ligand,2475,23563.9
2ya6_ligand,2476,27558.8
2ya6_ligand,2477,42802.1
2ya6_ligand,2478,27182.5
2ya6_ligand,2479,30116.1
2ya6_ligand,2480,29931.7
2ya6_ligand,2481,28712.3
2ya6_ligand,2482,33585.6
2ya6_ligand,2483,36249.6
2ya6_ligand,2484,29479.7
2ya6_ligand,2485,28579.2
2ya6_ligand,2486,29295.7
2ya6_ligand,2487,33732.9
2ya6_ligand,2488,45756.5
2ya6_ligand,2489,48286.8
2ya6_ligand,2490,72056.4
2ya6_ligand,2491,45404.6
2ya6_ligand,2492,35833.1
2ya6_ligand,2493,25875.5
2ya6_ligand,2494,24455.7
2ya6_ligand,2495,24949.4
2ya6_ligand,2496,26299.5
2ya6_ligand,2497,25133.8
2ya6_ligand,2498,31416
2ya6_ligand,2499,30431.7
2ya6_ligand,2500,24680.2
2ya6_ligand,2501,23004
2ya6_ligand,2502,23360.7
2ya6_ligand,2503,24101.7
2ya6_ligand,2504,26818.4
2ya6_ligand,2505,27730
2ya6_ligand,2506,28766.8
2ya6_ligand,2507,31716.5
2ya6_ligand,2508,37536.1
2ya6_ligand,2509,26221
2ya6_ligand,2510,32165.3
2ya6_ligand,2511,28637.8
2ya6_ligand,2512,44487.6
2ya6_ligand,2513,59705.2
2ya6_ligand,2514,32334.3
2ya6_ligand,2515,37671
2ya6_ligand,2516,35757.7
2ya6_ligand,2517,31876.5
2ya6_ligand,2518,25859.8
2ya6_ligand,2519,25699.5
2ya6_ligand,2520,27477.7
2ya6_ligand,2521,24856.7
2ya6_ligand,2522,26922.8
2ya6_ligand,2523,24112.3
2ya6_ligand,2524,23410
2ya6_ligand,2525,26314.9
2ya6_ligand,2526,28184.7
2ya6_ligand,2527,32730.6
2ya6_ligand,2528,31688
2ya6_ligand,2529,35691.9
2ya6_ligand,2530,32567
2ya6_ligand,2531,30182.6
2ya6_ligand,2532,25215.9
2ya6_ligand,2533,25541.5
2ya6_ligand,2534,30015
2ya6_ligand,2535,23572
2ya6_ligand,2536,27816.7
2ya6_ligand,2537,37329.6
2ya6_ligand,2538,59444.6
2ya6_ligand,2539,29653.9
2ya6_ligand,2540,26078.5
2ya6_ligand,2541,25338.7
2ya6_ligand,2542,25614.2
2ya6_ligand,2543,28626.1
2ya6_ligand,2544,30775.5
2ya6_ligand,2545,24254.3
2ya6_ligand,2546,28077.3
2ya6_ligand,2547,36111.8
2ya6_ligand,2548,24314.9
2ya6_ligand,2549,25845.3
2ya6_ligand,2550,24714.3
2ya6_ligand,2551,22794.5
2ya6_ligand,2552,28489.6
2ya6_ligand,2553,35930.9
2ya6_ligand,2554,24785.5
2ya6_ligand,2555,23797.5
2ya6_ligand,2556,27374.8
2ya6_ligand,2557,24103.5
2ya6_ligand,2558,26473.5
2ya6_ligand,2559,42708.5
2ya6_ligand,2560,39913.1
2ya6_ligand,2561,36102.7
2ya6_ligand,2562,38484.1
2ya6_ligand,2563,27716.2
2ya6_ligand,2564,30571.1
2ya6_ligand,2565,30491.7
2ya6_ligand,2566,39334.8
2ya6_ligand,2567,27597.2
2ya6_ligand,2568,32119
2ya6_ligand,2569,35949.8
2ya6_ligand,2570,42980.2
2ya6_ligand,2571,37653.1
2ya6_ligand,2572,25696.3
2ya6_ligand,2573,29540.9
2ya6_ligand,2574,33223.7
2ya6_ligand,2575,25275.4
2ya6_ligand,2576,24373.7
2ya6_ligand,2577,24189.1
2ya6_ligand,2578,26852.5
2ya6_ligand,2579,27881.3
2ya6_ligand,2580,28596.8
2ya6_ligand,2581,26905.9
2ya6_ligand,2582,27903.9
2ya6_ligand,2583,48770.2
2ya6_ligand,2584,86506.8
2ya6_ligand,2585,50412.4
2ya6_ligand,2586,26348.8
2ya6_ligand,2587,26036.6
2ya6_ligand,2588,25716.5
2ya6_ligand,2589,23941.4
2ya6_ligand,2590,25052.1
2ya6_ligand,2591,27429.8
2ya6_ligand,2592,24366
2ya6_ligand,2593,22563.9
2ya6_ligand,2594,23564.3
2ya6_ligand,2595,28481.1
2ya6_ligand,2596,30424.5
2ya6_ligand,2597,40117.9
2ya6_ligand,2598,29972.3
2ya6_ligand,2599,26376.6
2ya6_ligand,2600,28554
2ya6_ligand,2601,31877.5
2ya6_ligand,2602,28249.9
2ya6_ligand,2603,34821.7
2ya6_ligand,2604,26058.5
2ya6_ligand,2605,29445.6
2ya6_ligand,2606,33069.3
2ya6_ligand,2607,23830.3
2ya6_ligand,2608,32673.2
2ya6_ligand,2609,36243.2
2ya6_ligand,2610,32039
2ya6_ligand,2611,25376.1
2ya6_ligand,2612,31166
2ya6_ligand,2613,40952
2ya6_ligand,2614,68357.7
2ya6_ligand,2615,57110.9
2ya6_ligand,2616,38071.8
2ya6_ligand,2617,26988.4
2ya6_ligand,2618,26803.6
2ya6_ligand,2619,25089.9
2ya6_ligand,2620,23510.1
2ya6_ligand,2621,25456.8
2ya6_ligand,2622,23388.7
2ya6_ligand,2623,24259.7
2ya6_ligand,2624,35953.8
2ya6_ligand,2625,27118
2ya6_ligand,2626,24703.1
2ya6_ligand,2627,25694
2ya6_ligand,2628,28933.6
2ya6_ligand,2629,29044.5
2ya6_ligand,2630,35813.5
2ya6_ligand,2631,31006
2ya6_ligand,2632,27204.9
2ya6_ligand,2633,28812.3
2ya6_ligand,2634,30128.1
2ya6_ligand,2635,38133.4
2ya6_ligand,2636,37436.8
2ya6_ligand,2637,25346.4
2ya6_ligand,2638,24255.2
2ya6_ligand,2639,28416.5
2ya6_ligand,2640,33667.3
2ya6_ligand,2641,34302.9
2ya6_ligand,2642,31588.6
2ya6_ligand,2643,41599.5
2ya6_ligand,2644,60929.2
2ya6_ligand,2645,31881.2
2ya6_ligand,2646,30250.5
2ya6_ligand,2647,32080.5
2ya6_ligand,2648,29556.7
2ya6_ligand,2649,36337.9
2ya6_ligand,2650,32816.8
2ya6_ligand,2651,25262.1
2ya6_ligand,2652,25872.7
2ya6_ligand,2653,28358.9
2ya6_ligand,2654,23986.3
2ya6_ligand,2655,25037.2
2ya6_ligand,2656,28595.2
2ya6_ligand,2657,32288.1
2ya6_ligand,2658,43855.6
2ya6_ligand,2659,49974.8
2ya6_ligand,2660,31512.2
2ya6_ligand,2661,45615.7
2ya6_ligand,2662,56453.9
2ya6_ligand,2663,30615.9
2ya6_ligand,2664,29891.4
2ya6_ligand,2665,33041.6
2ya6_ligand,2666,29688.9
2ya6_ligand,2667,24105.6
2ya6_ligand,2668,26056.7
2ya6_ligand,2669,26276.7
2ya6_ligand,2670,24743
2ya6_ligand,2671,23925.3
2ya6_ligand,2672,24658.9
2ya6_ligand,2673,24557.2
2ya6_ligand,2674,26624.4
2ya6_ligand,2675,24290.8
2ya6_ligand,2676,28420.8
2ya6_ligand,2677,30493.9
2ya6_ligand,2678,46672.8
2ya6_ligand,2679,29754.9
2ya6_ligand,2680,26325.8
2ya6_ligand,2681,26743.5
2ya6_ligand,2682,32169.2
2ya6_ligand,2683,34072
2ya6_ligand,2684,43191.4
2ya6_ligand,2685,45623.2
2ya6_ligand,2686,36687
2ya6_ligand,2687,31038.5
2ya6_ligand,2688,33518.1
2ya6_ligand,2689,31917.4
2ya6_ligand,2690,26483.8
2ya6_ligand,2691,29624.1
2ya6_ligand,2692,24933.2
2ya6_ligand,2693,25048.5
2ya6_ligand,2694,28296.6
2ya6_ligand,2695,28096
2ya6_ligand,2696,37493
2ya6_ligand,2697,35328.9
2ya6_ligand,2698,38283.2
2ya6_ligand,2699,23786.1
2ya6_ligand,2700,24465.1
2ya6_ligand,2701,37594.7
2ya6_ligand,2702,30545.2
2ya6_ligand,2703,41668.8
2ya6_ligand,2704,32988.9
2ya6_ligand,2705,28336.1
2ya6_ligand,2706,27572.4
2ya6_ligand,2707,24233.3
2ya6_ligand,2708,23465.6
2ya6_ligand,2709,30395.1
2ya6_ligand,2710,35471.9
2ya6_ligand,2711,26822.6
2ya6_ligand,2712,31397.3
2ya6_ligand,2713,37401.1
2ya6_ligand,2714,35576.3
2ya6_ligand,2715,28871.1
2ya6_ligand,2716,34184.6
2ya6_ligand,2717,28299.2
2ya6_ligand,2718,36180.2
2ya6_ligand,2719,26455
2ya6_ligand,2720,31558.8
2ya6_ligand,2721,77005.3
2ya6_ligand,2722,31681.9
2ya6_ligand,2723,51432.5
2ya6_ligand,2724,25188.3
2ya6_ligand,2725,25163.7
2ya6_ligand,2726,29176.3
2ya6_ligand,2727,24765.7
2ya6_ligand,2728,24027.4
2ya6_ligand,2729,25900.7
2ya6_ligand,2730,23589.6
2ya6_ligand,2731,24929.2
2ya6_ligand,2732,28291.8
2ya6_ligand,2733,28250.2
2ya6_ligand,2734,36019.5
2ya6_ligand,2735,33678.1
2ya6_ligand,2736,33216.9
2ya6_ligand,2737,38060.2
2ya6_ligand,2738,29712.3
2ya6_ligand,2739,32185.2
2ya6_ligand,2740,46823.1
2ya6_ligand,2741,52762.7
2ya6_ligand,2742,50212.4
2ya6_ligand,2743,98567.2
2ya6_ligand,2744,44256.9
2ya6_ligand,2745,31184.2
2ya6_ligand,2746,25588.7
2ya6_ligand,2747,26059
2ya6_ligand,2748,29272.6
2ya6_ligand,2749,25890.1
2ya6_ligand,2750,26229
2ya6_ligand,2751,23932.2
2ya6_ligand,2752,23979.9
2ya6_ligand,2753,23264.7
2ya6_ligand,2754,23865.1
2ya6_ligand,2755,28950.6
2ya6_ligand,2756,30472.2
2ya6_ligand,2757,29722.2
2ya6_ligand,2758,24643
2ya6_ligand,2759,24252
2ya6_ligand,2760,23881.5
2ya6_ligand,2761,24382.1
2ya6_ligand,2762,28184.7
2ya6_ligand,2763,24749.6
2ya6_ligand,2764,24278.8
2ya6_ligand,2765,26326
2ya6_ligand,2766,33099.5
2ya6_ligand,2767,42420.9
2ya6_ligand,2768,46384.4
2ya6_ligand,2769,38642.1
2ya6_ligand,2770,23859.3
2ya6_ligand,2771,25436.7
2ya6_ligand,2772,23896.4
2ya6_ligand,2773,23040.3
2ya6_ligand,2774,26805
2ya6_ligand,2775,29370.2
2ya6_ligand,2776,39764.4
2ya6_ligand,2777,31375.2
2ya6_ligand,2778,36467.6
2ya6_ligand,2779,39558.5
2ya6_ligand,2780,51157.6
2ya6_ligand,2781,57977.3
2ya6_ligand,2782,55233.2
2ya6_ligand,2783,40779.2
2ya6_ligand,2784,28416.6
2ya6_ligand,2785,38627.4
2ya6_ligand,2786,33267.6
2ya6_ligand,2787,24000.4
2ya6_ligand,2788,23266.1
2ya6_ligand,2789,23761.8
2ya6_ligand,2790,32989.5
2ya6_ligand,2791,29024
2ya6_ligand,2792,29934
2ya6_ligand,2793,31960.6
2ya6_ligand,2794,31188.5
2ya6_ligand,2795,33583.7
2ya6_ligand,2796,34617.2
2ya6_ligand,2797,29929.2
2ya6_ligand,2798,35571.7
2ya6_ligand,2799,31366.6
2ya6_ligand,2800,35017.6
2ya6_ligand,2801,34979
2ya6_ligand,2802,31205.8
2ya6_ligand,2803,27540.1
2ya6_ligand,2804,41241.5
2ya6_ligand,2805,41958.3
2ya6_ligand,2806,32194.8
2ya6_ligand,2807,43574.7
2ya6_ligand,2808,28943.2
2ya6_ligand,2809,45029.7
2ya6_ligand,2810,39687.6
2ya6_ligand,2811,41952.8
2ya6_ligand,2812,38850.3
2ya6_ligand,2813,40540.4
2ya6_ligand,2814,23817.8
2ya6_ligand,2815,24189.8
2ya6_ligand,2816,28357.4
2ya6_ligand,2817,24127.1
2ya6_ligand,2818,23916.5
2ya6_ligand,2819,25090.8
2ya6_ligand,2820,30569.8
2ya6_ligand,2821,34201.5
2ya6_ligand,2822,27192.6
2ya6_ligand,2823,24413.8
2ya6_ligand,2824,25288.8
2ya6_ligand,2825,28945.9
2ya6_ligand,2826,31454.5
2ya6_ligand,2827,35597.6
2ya6_ligand,2828,42337.8
2ya6_ligand,2829,29688.3
2ya6_ligand,2830,45702.5
2ya6_ligand,2831,57297.9
2ya6_ligand,2832,32961
2ya6_ligand,2833,27347
2ya6_ligand,2834,31070.6
2ya6_ligand,2835,26781.5
2ya6_ligand,2836,24268.8
2ya6_ligand,2837,25828.6
2ya6_ligand,2838,27029.1
2ya6_ligand,2839,31370.8
2ya6_ligand,2840,26271.1
2ya6_ligand,2841,25326.4
2ya6_ligand,2842,33790.3
2ya6_ligand,2843,57692.9
2ya6_ligand,2844,28548.1
2ya6_ligand,2845,26647.6
2ya6_ligand,2846,32775.9
2ya6_ligand,2847,29562.2
2ya6_ligand,2848,25071.3
2ya6_ligand,2849,24417.3
2ya6_ligand,2850,23841.5
2ya6_ligand,2851,22449.8
2ya6_ligand,2852,27492.5
2ya6_ligand,2853,35311.4
2ya6_ligand,2854,26777.3
2ya6_ligand,2855,34752.2
2ya6_ligand,2856,33116.7
2ya6_ligand,2857,24148.5
2ya6_ligand,2858,23743.1
2ya6_ligand,2859,23588.1
2ya6_ligand,2860,24246.7
2ya6_ligand,2861,29207.4
2ya6_ligand,2862,28763.5
2ya6_ligand,2863,29416.4
2ya6_ligand,2864,34192.5
2ya6_ligand,2865,33690.2
2ya6_ligand,2866,35422.3
2ya6_ligand,2867,28208.4
2ya6_ligand,2868,28603.5
2ya6_ligand,2869,25132.2
2ya6_ligand,2870,25620
2ya6_ligand,2871,28753.8
2ya6_ligand,2872,41673.1
2ya6_ligand,2873,68512.9
2ya6_ligand,2874,64091
2ya6_ligand,2875,44753.8
2ya6_ligand,2876,32932.1
2ya6_ligand,2877,33456.6
2ya6_ligand,2878,34294.8
2ya6_ligand,2879,24385.3
2ya6_ligand,2880,24076.8
2ya6_ligand,2881,23621.6
2ya6_ligand,2882,24127.4
2ya6_ligand,2883,23466
2ya6_ligand,2884,24181.3
2ya6_ligand,2885,23811.4
2ya6_ligand,2886,25649.1
2ya6_ligand,2887,29732.8
2ya6_ligand,2888,35304.2
2ya6_ligand,2889,24122.8
2ya6_ligand,2890,28023.3
2ya6_ligand,2891,34442.3
2ya6_ligand,2892,50643.9
2ya6_ligand,2893,50915.5
2ya6_ligand,2894,30592.7
2ya6_ligand,2895,33572.6
2ya6_ligand,2896,30078
2ya6_ligand,2897,23506.4
2ya6_ligand,2898,22859.4
2ya6_ligand,2899,22634
2ya6_ligand,2900,27078.3
2ya6_ligand,2901,33801.5
2ya6_ligand,2902,37346.8
2ya6_ligand,2903,29794.3
2ya6_ligand,2904,24106.9
2ya6_ligand,2905,26911.6
2ya6_ligand,2906,25798.5
2ya6_ligand,2907,31586
2ya6_ligand,2908,29295
2ya6_ligand,2909,27766.9
2ya6_ligand,2910,26595.6
2ya6_ligand,2911,23485.8
2ya6_ligand,2912,24020.7
2ya6_ligand,2913,27815
2ya6_ligand,2914,24045
2ya6_ligand,2915,23992.4
2ya6_ligand,2916,28071.2
2ya6_ligand,2917,34625.6
2ya6_ligand,2918,39308.4
2ya6_ligand,2919,34560.2
2ya6_ligand,2920,50113.7
2ya6_ligand,2921,58307.4
2ya6_ligand,2922,40265.4
2ya6_ligand,2923,35983
2ya6_ligand,2924,28972.2
2ya6_ligand,2925,34351.5
2ya6_ligand,2926,31840.5
2ya6_ligand,2927,25152
2ya6_ligand,2928,25454.2
2ya6_ligand,2929,31000.4
2ya6_ligand,2930,29774
2ya6_ligand,2931,34529.6
2ya6_ligand,2932,29732.4
2ya6_ligand,2933,27104.5
2ya6_ligand,2934,26841.4
2ya6_ligand,2935,23489.7
2ya6_ligand,2936,29981.7
2ya6_ligand,2937,40427.1
2ya6_ligand,2938,45831.1
2ya6_ligand,2939,67911.6
2ya6_ligand,2940,34753.7
2ya6_ligand,2941,37124.9
2ya6_ligand,2942,32261.3
2ya6_ligand,2943,24244.1
2ya6_ligand,2944,24185
2ya6_ligand,2945,28449.8
2ya6_ligand,2946,26178.4
2ya6_ligand,2947,24500.8
2ya6_ligand,2948,29039.8
2ya6_ligand,2949,30918.6
2ya6_ligand,2950,41002
2ya6_ligand,2951,33747
2ya6_ligand,2952,27323.5
2ya6_ligand,2953,32562.1
2ya6_ligand,2954,27987.6
2ya6_ligand,2955,23725.3
2ya6_ligand,2956,24115.3
2ya6_ligand,2957,28176.8
2ya6_ligand,2958,24634.2
2ya6_ligand,2959,24449.4
2ya6_ligand,2960,25248.5
2ya6_ligand,2961,46278
2ya6_ligand,2962,27255.2
2ya6_ligand,2963,42663.2
2ya6_ligand,2964,40107
2ya6_ligand,2965,29416
2ya6_ligand,2966,27227
2ya6_ligand,2967,27074
2ya6_ligand,2968,24927.6
2ya6_ligand,2969,28828.4
2ya6_ligand,2970,24465.3
2ya6_ligand,2971,24205.8
2ya6_ligand,2972,25759.6
2ya6_ligand,2973,24506.8
2ya6_ligand,2974,26186.6
2ya6_ligand,2975,34836.4
2ya6_ligand,2976,32055.6
2ya6_ligand,2977,44934.5
2ya6_ligand,2978,34860.4
2ya6_ligand,2979,40163.4
2ya6_ligand,2980,40134.4
2ya6_ligand,2981,28196.1
2ya6_ligand,2982,24524
2ya6_ligand,2983,30294.6
2ya6_ligand,2984,25083.6
2ya6_ligand,2985,27816.6
2ya6_ligand,2986,25111.6
2ya6_ligand,2987,27516.6
2ya6_ligand,2988,36947.9
2ya6_ligand,2989,66166.8
2ya6_ligand,2990,64255.8
2ya6_ligand,2991,41166.5
2ya6_ligand,2992,29271
2ya6_ligand,2993,33817.7
2ya6_ligand,2994,29523.7
2ya6_ligand,2995,24645.7
2ya6_ligand,2996,23387.5
2ya6_ligand,2997,26965.5
2ya6_ligand,2998,27300.3
2ya6_ligand,2999,25647.8
2ya6_ligand,3000,31809.7
2ya6_ligand,3001,33057.9
2ya6_ligand,3002,45696.2
2ya6_ligand,3003,30270.3
2ya6_ligand,3004,32168.1
2ya6_ligand,3005,26874.9
2ya6_ligand,3006,28082.4
2ya6_ligand,3007,29386
2ya6_ligand,3008,34721.4
2ya6_ligand,3009,27648.1
2ya6_ligand,3010,38988.1
2ya6_ligand,3011,66976.4
2ya6_ligand,3012,39847.6
2ya6_ligand,3013,47052.6
2ya6_ligand,3014,24534.7
2ya6_ligand,3015,28470.8
2ya6_ligand,3016,28386.9
2ya6_ligand,3017,39237.8
2ya6_ligand,3018,27772.1
2ya6_ligand,3019,32007.3
2ya6_ligand,3020,31028.4
2ya6_ligand,3021,40359
2ya6_ligand,3022,50982.5
2ya6_ligand,3023,34394.5
2ya6_ligand,3024,29220.5
2ya6_ligand,3025,34807.9
2ya6_ligand,3026,30855.4
2ya6_ligand,3027,40629.4
2ya6_ligand,3028,32309.5
2ya6_ligand,3029,31692.3
2ya6_ligand,3030,48102.5
2ya6_ligand,3031,49998.3
2ya6_ligand,3032,27810
2ya6_ligand,3033,47260.7
2ya6_ligand,3034,43206.9
2ya6_ligand,3035,37645.6
2ya6_ligand,3036,24764.2
2ya6_ligand,3037,23780.2
2ya6_ligand,3038,23495.4
2ya6_ligand,3039,25617.4
2ya6_ligand,3040,26056.5
2ya6_ligand,3041,24669.7
2ya6_ligand,3042,26455.3
2ya6_ligand,3043,29409.3
2ya6_ligand,3044,36380.1
2ya6_ligand,3045,37404.2
2ya6_ligand,3046,46058.9
2ya6_ligand,3047,26998.7
2ya6_ligand,3048,26104.6
2ya6_ligand,3049,25671.2
2ya6_ligand,3050,26212.8
2ya6_ligand,3051,32340.8
2ya6_ligand,3052,28330.6
2ya6_ligand,3053,31399.4
2ya6_ligand,3054,33550.8
2ya6_ligand,3055,27395
2ya6_ligand,3056,34538
2ya6_ligand,3057,30952
2ya6_ligand,3058,34585.2
2ya6_ligand,3059,34734
2ya6_ligand,3060,24343
2ya6_ligand,3061,31138.6
2ya6_ligand,3062,32237.3
2ya6_ligand,3063,36622.1
2ya6_ligand,3064,47796.7
2ya6_ligand,3065,27507.5
2ya6_ligand,3066,36264.6
2ya6_ligand,3067,37493.9
2ya6_ligand,3068,39999.8
2ya6_ligand,3069,28047.4
2ya6_ligand,3070,42873
2ya6_ligand,3071,89929.5
2ya6_ligand,3072,70263.8
2ya6_ligand,3073,73618.8
2ya6_ligand,3074,47444.6
2ya6_ligand,3075,36176.8
2ya6_ligand,3076,26403.3
2ya6_ligand,3077,33209.1
2ya6_ligand,3078,25699.8
2ya6_ligand,3079,25238.7
2ya6_ligand,3080,24553.4
2ya6_ligand,3081,24831.8
2ya6_ligand,3082,27322.6
2ya6_ligand,3083,27735.3
2ya6_ligand,3084,27448.4
2ya6_ligand,3085,31065.9
2ya6_ligand,3086,29495.1
2ya6_ligand,3087,26569.9
2ya6_ligand,3088,29090
2ya6_ligand,3089,25286.8
2ya6_ligand,3090,31985.5
2ya6_ligand,3091,27938.9
2ya6_ligand,3092,33847.7
2ya6_ligand,3093,24195.7
2ya6_ligand,3094,24842.4
2ya6_ligand,3095,30000
2ya6_ligand,3096,38180.7
2ya6_ligand,3097,31085
2ya6_ligand,3098,42995.2
2ya6_ligand,3099,39761
2ya6_ligand,3100,49380.1
2ya6_ligand,3101,57202
2ya6_ligand,3102,55373
2ya6_ligand,3103,42080.6
2ya6_ligand,3104,29981.8
2ya6_ligand,3105,38839.3
2ya6_ligand,3106,30313.4
2ya6_ligand,3107,25576.1
2ya6_ligand,3108,34008.9
2ya6_ligand,3109,30705.5
2ya6_ligand,3110,37611.8
2ya6_ligand,3111,30533.5
2ya6_ligand,3112,39524.3
2ya6_ligand,3113,28277.2
2ya6_ligand,3114,37367.2
2ya6_ligand,3115,43741
2ya6_ligand,3116,42250.8
2ya6_ligand,3117,45418.3
2ya6_ligand,3118,26723.9
2ya6_ligand,3119,23501.2
2ya6_ligand,3120,26816
2ya6_ligand,3121,32590.1
2ya6_ligand,3122,41422.4
2ya6_ligand,3123,50288.6
2ya6_ligand,3124,24156.4
2ya6_ligand,3125,24007.4
2ya6_ligand,3126,24286.1
2ya6_ligand,3127,27000.7
2ya6_ligand,3128,28746.1
2ya6_ligand,3129,38383.5
2ya6_ligand,3130,32714
2ya6_ligand,3131,35582.7
2ya6_ligand,3132,32266.1
2ya6_ligand,3133,30998.6
2ya6_ligand,3134,33222.1
2ya6_ligand,3135,37772.9
2ya6_ligand,3136,42117.4
2ya6_ligand,3137,31581.8
2ya6_ligand,3138,30335.8
2ya6_ligand,3139,32168.2
2ya6_ligand,3140,53293.9
2ya6_ligand,3141,77014.5
2ya6_ligand,3142,80871.9
2ya6_ligand,3143,54402.2
2ya6_ligand,3144,25351
2ya6_ligand,3145,24842.9
2ya6_ligand,3146,24386.2
2ya6_ligand,3147,23513.2
2ya6_ligand,3148,23466.1
2ya6_ligand,3149,24287.3
2ya6_ligand,3150,25805.2
2ya6_ligand,3151,26307.1
2ya6_ligand,3152,25654.8
2ya6_ligand,3153,29927.7
2ya6_ligand,3154,32282.6
2ya6_ligand,3155,26380.2
2ya6_ligand,3156,29519.2
2ya6_ligand,3157,30398.4
2ya6_ligand,3158,33674.9
2ya6_ligand,3159,34334.9
2ya6_ligand,3160,24940.8
2ya6_ligand,3161,25485.6
2ya6_ligand,3162,29296.7
2ya6_ligand,3163,33501.9
2ya6_ligand,3164,37718.6
2ya6_ligand,3165,33121.6
2ya6_ligand,3166,34726
2ya6_ligand,3167,33486.7
2ya6_ligand,3168,47681
2ya6_ligand,3169,60569.5
2ya6_ligand,3170,41601
2ya6_ligand,3171,41207.7
2ya6_ligand,3172,46458.2
2ya6_ligand,3173,31739.6
2ya6_ligand,3174,35760.7
2ya6_ligand,3175,26778.5
2ya6_ligand,3176,29766.8
2ya6_ligand,3177,24936
2ya6_ligand,3178,27201.3
2ya6_ligand,3179,27909.1
2ya6_ligand,3180,32434.7
2ya6_ligand,3181,34460.1
2ya6_ligand,3182,29138.6
2ya6_ligand,3183,27363.1
2ya6_ligand,3184,24788
2ya6_ligand,3185,23448.3
2ya6_ligand,3186,23071.2
2ya6_ligand,3187,26191
2ya6_ligand,3188,32489.2
2ya6_ligand,3189,29230.4
2ya6_ligand,3190,45477.3
2ya6_ligand,3191,31748.4
2ya6_ligand,3192,32865
2ya6_ligand,3193,25263.4
2ya6_ligand,3194,26441.1
2ya6_ligand,3195,31603.1
2ya6_ligand,3196,36018.5
2ya6_ligand,3197,55105.2
2ya6_ligand,3198,53053.9
2ya6_ligand,3199,34085.5
2ya6_ligand,3200,30130.2
2ya6_ligand,3201,28780.5
2ya6_ligand,3202,25677.1
2ya6_ligand,3203,25732.6
2ya6_ligand,3204,23920.3
2ya6_ligand,3205,23999.4
2ya6_ligand,3206,35643
2ya6_ligand,3207,30138.9
2ya6_ligand,3208,42125.6
2ya6_ligand,3209,25186.6
2ya6_ligand,3210,25176.4
2ya6_ligand,3211,28374.4
2ya6_ligand,3212,29027
2ya6_ligand,3213,38187.3
2ya6_ligand,3214,51503.1
2ya6_ligand,3215,38631.3
2ya6_ligand,3216,40543
2ya6_ligand,3217,29665.3
2ya6_ligand,3218,35859.8
2ya6_ligand,3219,37276.5
2ya6_ligand,3220,34760
2ya6_ligand,3221,28316.9
2ya6_ligand,3222,31895.5
2ya6_ligand,3223,29180.3
2ya6_ligand,3224,40347.1
2ya6_ligand,3225,29142.7
2ya6_ligand,3226,41227.7
2ya6_ligand,3227,44996.4
2ya6_ligand,3228,48528.9
2ya6_ligand,3229,42812.3
2ya6_ligand,3230,24880.9
2ya6_ligand,3231,23098.4
2ya6_ligand,3232,24542.4
2ya6_ligand,3233,23389.2
2ya6_ligand,3234,26282
2ya6_ligand,3235,29757.7
2ya6_ligand,3236,28175.2
2ya6_ligand,3237,28808.5
2ya6_ligand,3238,29021.2
2ya6_ligand,3239,31644.1
2ya6_ligand,3240,42885.9
2ya6_ligand,3241,54385.5
2ya6_ligand,3242,29399.8
2ya6_ligand,3243,33641.8
2ya6_ligand,3244,30067
2ya6_ligand,3245,25215.7
2ya6_ligand,3246,24739
2ya6_ligand,3247,25404.7
2ya6_ligand,3248,25968.4
2ya6_ligand,3249,35470.1
2ya6_ligand,3250,35681.5
2ya6_ligand,3251,26516.4
2ya6_ligand,3252,29061.6
2ya6_ligand,3253,28327.9
2ya6_ligand,3254,31677.5
2ya6_ligand,3255,34756.8
2ya6_ligand,3256,25068.9
2ya6_ligand,3257,31120.5
2ya6_ligand,3258,31249.2
2ya6_ligand,3259,42402.5
2ya6_ligand,3260,31257.9
2ya6_ligand,3261,41352.6
2ya6_ligand,3262,53880.3
2ya6_ligand,3263,45134.2
2ya6_ligand,3264,63026.7
2ya6_ligand,3265,78683.1
2ya6_ligand,3266,39724.2
2ya6_ligand,3267,25038.1
2ya6_ligand,3268,25154.4
2ya6_ligand,3269,25389.3
2ya6_ligand,3270,25590.3
2ya6_ligand,3271,29230.4
2ya6_ligand,3272,27370.1
2ya6_ligand,3273,32732.9
2ya6_ligand,3274,26875.4
2ya6_ligand,3275,33031.9
2ya6_ligand,3276,25484.4
2ya6_ligand,3277,28503.4
2ya6_ligand,3278,25719.7
2ya6_ligand,3279,33652.6
2ya6_ligand,3280,44531.4
2ya6_ligand,3281,41495.1
2ya6_ligand,3282,42904.1
2ya6_ligand,3283,33399.3
2ya6_ligand,3284,35885.7
2ya6_ligand,3285,23550
2ya6_ligand,3286,27225
2ya6_ligand,3287,30982.7
2ya6_ligand,3288,36509.9
2ya6_ligand,3289,35819.1
2ya6_ligand,3290,39748.1
2ya6_ligand,3291,36923.2
2ya6_ligand,3292,27092.9
2ya6_ligand,3293,33827.8
2ya6_ligand,3294,23569.8
2ya6_ligand,3295,25893.9
2ya6_ligand,3296,29796.4
2ya6_ligand,3297,32075.6
2ya6_ligand,3298,42254.9
2ya6_ligand,3299,75060.4
2ya6_ligand,3300,31911
2ya6_ligand,3301,27639.6
2ya6_ligand,3302,25624.2
2ya6_ligand,3303,25194.4
2ya6_ligand,3304,26754
2ya6_ligand,3305,33595.8
2ya6_ligand,3306,28260.4
2ya6_ligand,3307,33609.3
2ya6_ligand,3308,33599.9
2ya6_ligand,3309,36516.2
2ya6_ligand,3310,34207.9
2ya6_ligand,3311,38877
2ya6_ligand,3312,35556.8
2ya6_ligand,3313,22653
2ya6_ligand,3314,25315.2
2ya6_ligand,3315,34530.8
2ya6_ligand,3316,53655.9
2ya6_ligand,3317,33067
2ya6_ligand,3318,38632.8
2ya6_ligand,3319,38971.7
2ya6_ligand,3320,24673.8
2ya6_ligand,3321,24616.8
2ya6_ligand,3322,23390.9
2ya6_ligand,3323,23379.8
2ya6_ligand,3324,26169.4
2ya6_ligand,3325,23270.3
2ya6_ligand,3326,23933.6
2ya6_ligand,3327,26287.3
2ya6_ligand,3328,23086.9
2ya6_ligand,3329,26516.4
2ya6_ligand,3330,34371.9
2ya6_ligand,3331,44104.2
2ya6_ligand,3332,47685.2
2ya6_ligand,3333,27381.6
2ya6_ligand,3334,26324.4
2ya6_ligand,3335,26097
2ya6_ligand,3336,24379.7
2ya6_ligand,3337,23606.7
2ya6_ligand,3338,24049.5
2ya6_ligand,3339,25792.6
2ya6_ligand,3340,59275.1
2ya6_ligand,3341,27782.7
2ya6_ligand,3342,30659.1
2ya6_ligand,3343,30869.2
2ya6_ligand,3344,26905
2ya6_ligand,3345,29061.3
2ya6_ligand,3346,24134.5
2ya6_ligand,3347,24095.4
2ya6_ligand,3348,26475.2
2ya6_ligand,3349,23747.6
2ya6_ligand,3350,23290.1
2ya6_ligand,3351,22796.1
2ya6_ligand,3352,26916.9
2ya6_ligand,3353,36060.3
2ya6_ligand,3354,38377
2ya6_ligand,3355,43508.8
2ya6_ligand,3356,40658.3
2ya6_ligand,3357,41099.1
2ya6_ligand,3358,25638.5
2ya6_ligand,3359,34752.7
2ya6_ligand,3360,27483.2
2ya6_ligand,3361,33912.5
2ya6_ligand,3362,29188.8
2ya6_ligand,3363,39230.5
2ya6_ligand,3364,39780.2
2ya6_ligand,3365,33177.7
2ya6_ligand,3366,25986.4
2ya6_ligand,3367,24304.5
2ya6_ligand,3368,25525.7
2ya6_ligand,3369,35776.1
2ya6_ligand,3370,27657.8
2ya6_ligand,3371,31393.6
2ya6_ligand,3372,37327
2ya6_ligand,3373,64724.4
2ya6_ligand,3374,80863.7
2ya6_ligand,3375,91629.1
2ya6_ligand,3376,43530.2
2ya6_ligand,3377,37354.8
2ya6_ligand,3378,25637.7
2ya6_ligand,3379,28705.3
2ya6_ligand,3380,25992.3
2ya6_ligand,3381,25447.6
2ya6_ligand,3382,24062.5
2ya6_ligand,3383,24335.3
2ya6_ligand,3384,26269.6
2ya6_ligand,3385,27131.8
2ya6_ligand,3386,25248.2
2ya6_ligand,3387,31571.4
2ya6_ligand,3388,24334.7
2ya6_ligand,3389,24503.5
2ya6_ligand,3390,26798.3
2ya6_ligand,3391,33071.3
2ya6_ligand,3392,29331.8
2ya6_ligand,3393,41618.8
2ya6_ligand,3394,46176.5
2ya6_ligand,3395,29428.4
2ya6_ligand,3396,25132.6
2ya6_ligand,3397,25743.7
2ya6_ligand,3398,29410.3
2ya6_ligand,3399,28713.3
2ya6_ligand,3400,33974.4
2ya6_ligand,3401,29347.9
2ya6_ligand,3402,48334.6
2ya6_ligand,3403,44906
2ya6_ligand,3404,34868.4
2ya6_ligand,3405,38714.6
2ya6_ligand,3406,27410.8
2ya6_ligand,3407,26370.1
2ya6_ligand,3408,28847.6
2ya6_ligand,3409,35335.7
2ya6_ligand,3410,25677.5
2ya6_ligand,3411,32604.1
2ya6_ligand,3412,51406.1
2ya6_ligand,3413,36453.6
2ya6_ligand,3414,36043.3
2ya6_ligand,3415,25866.8
2ya6_ligand,3416,24460.3
2ya6_ligand,3417,24111.2
2ya6_ligand,3418,24241.6
2ya6_ligand,3419,25744.4
2ya6_ligand,3420,24933.8
2ya6_ligand,3421,25404.6
2ya6_ligand,3422,30152.1
2ya6_ligand,3423,45623
2ya6_ligand,3424,50076.9
2ya6_ligand,3425,75557.3
2ya6_ligand,3426,32094.4
2ya6_ligand,3427,26413.1
2ya6_ligand,3428,25045
2ya6_ligand,3429,24693.9
2ya6_ligand,3430,24552.1
2ya6_ligand,3431,24127.9
2ya6_ligand,3432,23968.4
2ya6_ligand,3433,25011.8
2ya6_ligand,3434,23791
2ya6_ligand,3435,22795.5
2ya6_ligand,3436,24781
2ya6_ligand,3437,26695.4
2ya6_ligand,3438,25263.2
2ya6_ligand,3439,23386.9
2ya6_ligand,3440,23349.9
2ya6_ligand,3441,33576.8
2ya6_ligand,3442,26745.8
2ya6_ligand,3443,29351.8
2ya6_ligand,3444,30637.1
2ya6_ligand,3445,31520.7
2ya6_ligand,3446,34972.7
2ya6_ligand,3447,33460.9
2ya6_ligand,3448,27874.4
2ya6_ligand,3449,28767.4
2ya6_ligand,3450,44953.1
2ya6_ligand,3451,74736
2ya6_ligand,3452,57527.1
2ya6_ligand,3453,63819.7
2ya6_ligand,3454,26712.5
2ya6_ligand,3455,37391.6
2ya6_ligand,3456,25672.1
2ya6_ligand,3457,29509.2
2ya6_ligand,3458,24182.6
2ya6_ligand,3459,23515.6
2ya6_ligand,3460,25982.7
2ya6_ligand,3461,26435.2
2ya6_ligand,3462,29607
2ya6_ligand,3463,25204.9
2ya6_ligand,3464,26381.5
2ya6_ligand,3465,27282.5
2ya6_ligand,3466,29431.9
2ya6_ligand,3467,26239.5
2ya6_ligand,3468,30866.5
2ya6_ligand,3469,35858.3
2ya6_ligand,3470,28239.4
2ya6_ligand,3471,43862.5
2ya6_ligand,3472,80797.4
2ya6_ligand,3473,53703.6
2ya6_ligand,3474,28253
2ya6_ligand,3475,26802.3
2ya6_ligand,3476,25980.8
2ya6_ligand,3477,25358.4
2ya6_ligand,3478,26541.5
2ya6_ligand,3479,35202.9
2ya6_ligand,3480,29880.5
2ya6_ligand,3481,26318.5
2ya6_ligand,3482,25822.1
2ya6_ligand,3483,24696.6
2ya6_ligand,3484,26608.9
2ya6_ligand,3485,27057.4
2ya6_ligand,3486,24802.1
2ya6_ligand,3487,23424.7
2ya6_ligand,3488,25968.2
2ya6_ligand,3489,29130.6
2ya6_ligand,3490,30043.9
2ya6_ligand,3491,28253.2
2ya6_ligand,3492,40814
2ya6_ligand,3493,45147.1
2ya6_ligand,3494,36913.3
2ya6_ligand,3495,40405.3
2ya6_ligand,3496,25968.6
2ya6_ligand,3497,26602
2ya6_ligand,3498,24304
2ya6_ligand,3499,24308
2ya6_ligand,3500,26390.2
2ya6_ligand,3501,26477.2
2ya6_ligand,3502,32304.5
2ya6_ligand,3503,30471.1
2ya6_ligand,3504,40653.1
2ya6_ligand,3505,35308.1
2ya6_ligand,3506,46205.4
2ya6_ligand,3507,60783.5
2ya6_ligand,3508,35095.9
2ya6_ligand,3509,29118.9
2ya6_ligand,3510,33908.1
2ya6_ligand,3511,29631
2ya6_ligand,3512,27543.2
2ya6_ligand,3513,24775.3
2ya6_ligand,3514,24544.3
2ya6_ligand,3515,24699.2
2ya6_ligand,3516,23925.8
2ya6_ligand,3517,27921.7
2ya6_ligand,3518,33936.4
2ya6_ligand,3519,31063.3
2ya6_ligand,3520,29086.4
2ya6_ligand,3521,34130.3
2ya6_ligand,3522,37334.6
2ya6_ligand,3523,30218.3
2ya6_ligand,3524,57628.9
2ya6_ligand,3525,64261.3
2ya6_ligand,3526,44225.7
2ya6_ligand,3527,34090.9
2ya6_ligand,3528,38248.8
2ya6_ligand,3529,25546.9
2ya6_ligand,3530,25788.6
2ya6_ligand,3531,31397.6
2ya6_ligand,3532,24964.1
2ya6_ligand,3533,24630.7
2ya6_ligand,3534,26027.1
2ya6_ligand,3535,31456.5
2ya6_ligand,3536,24943.6
2ya6_ligand,3537,25410.4
2ya6_ligand,3538,23729.3
2ya6_ligand,3539,27878.5
2ya6_ligand,3540,29337.8
2ya6_ligand,3541,40666.5
2ya6_ligand,3542,28697.7
2ya6_ligand,3543,31664.4
2ya6_ligand,3544,26358.5
2ya6_ligand,3545,32846.5
2ya6_ligand,3546,31316.2
2ya6_ligand,3547,39970.2
2ya6_ligand,3548,38051.6
2ya6_ligand,3549,80631.6
2ya6_ligand,3550,58247.6
2ya6_ligand,3551,61980.8
2ya6_ligand,3552,28373.5
2ya6_ligand,3553,24559
2ya6_ligand,3554,24001.4
2ya6_ligand,3555,23837.3
2ya6_ligand,3556,24357.6
2ya6_ligand,3557,23966.7
2ya6_ligand,3558,23534.8
2ya6_ligand,3559,23910
2ya6_ligand,3560,24384.1
2ya6_ligand,3561,23528.1
2ya6_ligand,3562,22875.4
2ya6_ligand,3563,25325.4
2ya6_ligand,3564,29460.8
2ya6_ligand,3565,26648.4
2ya6_ligand,3566,23273.9
2ya6_ligand,3567,22523.7
2ya6_ligand,3568,33092.3
2ya6_ligand,3569,28728.5
2ya6_ligand,3570,40454.3
2ya6_ligand,3571,28780.6
2ya6_ligand,3572,25505.1
2ya6_ligand,3573,29121.5
2ya6_ligand,3574,27841.3
2ya6_ligand,3575,33970.7
2ya6_ligand,3576,36375.2
2ya6_ligand,3577,31729.1
2ya6_ligand,3578,30664.4
2ya6_ligand,3579,27010.7
2ya6_ligand,3580,35818.5
2ya6_ligand,3581,57992.7
2ya6_ligand,3582,64922.3
2ya6_ligand,3583,65631.9
2ya6_ligand,3584,37336.9
2ya6_ligand,3585,39319.7
2ya6_ligand,3586,25083
2ya6_ligand,3587,24092.5
2ya6_ligand,3588,23962.9
2ya6_ligand,3589,24877.5
2ya6_ligand,3590,24609.6
2ya6_ligand,3591,26152.3
2ya6_ligand,3592,30822.1
2ya6_ligand,3593,25680.4
2ya6_ligand,3594,31480.2
2ya6_ligand,3595,28887.3
2ya6_ligand,3596,28893.8
2ya6_ligand,3597,29539.6
2ya6_ligand,3598,35882.1
2ya6_ligand,3599,30349.6
2ya6_ligand,3600,37436.7
2ya6_ligand,3601,29578.3
2ya6_ligand,3602,58744.6
2ya6_ligand,3603,73587.8
2ya6_ligand,3604,40997.1
2ya6_ligand,3605,46769.9
2ya6_ligand,3606,45172.7
2ya6_ligand,3607,38261.2
2ya6_ligand,3608,30072.9
2ya6_ligand,3609,34598
2ya6_ligand,3610,31362
2ya6_ligand,3611,24846.1
2ya6_ligand,3612,23725.5
2ya6_ligand,3613,24928.1
2ya6_ligand,3614,24408.3
2ya6_ligand,3615,25234.3
2ya6_ligand,3616,29369.3
2ya6_ligand,3617,26667.9
2ya6_ligand,3618,35584.8
2ya6_ligand,3619,24941.1
2ya6_ligand,3620,24980.9
2ya6_ligand,3621,23901.7
2ya6_ligand,3622,26519.9
2ya6_ligand,3623,25983.5
2ya6_ligand,3624,25365.6
2ya6_ligand,3625,34578.3
2ya6_ligand,3626,52281.9
2ya6_ligand,3627,62170.6
2ya6_ligand,3628,33143.9
2ya6_ligand,3629,27125.4
2ya6_ligand,3630,25908.4
2ya6_ligand,3631,25895.6
2ya6_ligand,3632,27152.9
2ya6_ligand,3633,25638.2
2ya6_ligand,3634,23934.6
2ya6_ligand,3635,24322.9
2ya6_ligand,3636,27996.1
2ya6_ligand,3637,26587
2ya6_ligand,3638,26630.6
2ya6_ligand,3639,30019.5
2ya6_ligand,3640,31500.8
2ya6_ligand,3641,27159.4
2ya6_ligand,3642,28753.5
2ya6_ligand,3643,35858.7
2ya6_ligand,3644,29149.3
2ya6_ligand,3645,26598.4
2ya6_ligand,3646,25896
2ya6_ligand,3647,33002
2ya6_ligand,3648,28840.6
2ya6_ligand,3649,33396.9
2ya6_ligand,3650,30803.3
2ya6_ligand,3651,29066.5
2ya6_ligand,3652,26468.3
2ya6_ligand,3653,23233.6
2ya6_ligand,3654,24427.2
2ya6_ligand,3655,27972.7
2ya6_ligand,3656,25044.5
2ya6_ligand,3657,34577.5
2ya6_ligand,3658,30038.7
2ya6_ligand,3659,40736.8
2ya6_ligand,3660,42849.4
2ya6_ligand,3661,58772
2ya6_ligand,3662,69033.8
2ya6_ligand,3663,39708.4
2ya6_ligand,3664,30259.9
2ya6_ligand,3665,23722.2
2ya6_ligand,3666,23055.7
2ya6_ligand,3667,31378.5
2ya6_ligand,3668,26032.3
2ya6_ligand,3669,33626.4
2ya6_ligand,3670,27237.6
2ya6_ligand,3671,25573.6
2ya6_ligand,3672,35468.7
2ya6_ligand,3673,58837.6
2ya6_ligand,3674,53289.7
2ya6_ligand,3675,39979.5
2ya6_ligand,3676,34789.4
2ya6_ligand,3677,31306.6
2ya6_ligand,3678,24447.4
2ya6_ligand,3679,27613.3
2ya6_ligand,3680,24969.6
2ya6_ligand,3681,23572.7
2ya6_ligand,3682,26108.1
2ya6_ligand,3683,23742.5
2ya6_ligand,3684,24920.1
2ya6_ligand,3685,34317
2ya6_ligand,3686,35304.9
2ya6_ligand,3687,34734.7
2ya6_ligand,3688,28307.6
2ya6_ligand,3689,26856
2ya6_ligand,3690,25122
2ya6_ligand,3691,24756.9
2ya6_ligand,3692,23033.5
2ya6_ligand,3693,32816.7
2ya6_ligand,3694,37384.9
2ya6_ligand,3695,28940.2
2ya6_ligand,3696,27516.2
2ya6_ligand,3697,30226.8
2ya6_ligand,3698,37700.9
2ya6_ligand,3699,40567.7
2ya6_ligand,3700,43778.3
2ya6_ligand,3701,46495.9
2ya6_ligand,3702,29352.1
2ya6_ligand,3703,37362.3
2ya6_ligand,3704,40598.8
2ya6_ligand,3705,28268.8
2ya6_ligand,3706,25264.6
2ya6_ligand,3707,25043.6
2ya6_ligand,3708,24656.4
2ya6_ligand,3709,29072.5
2ya6_ligand,3710,29410.2
2ya6_ligand,3711,27016
2ya6_ligand,3712,25680
2ya6_ligand,3713,31136.6
2ya6_ligand,3714,32207.4
2ya6_ligand,3715,38493.5
2ya6_ligand,3716,45284.7
2ya6_ligand,3717,30862.8
2ya6_ligand,3718,36881
2ya6_ligand,3719,32729.3
2ya6_ligand,3720,27247.6
2ya6_ligand,3721,35349.6
2ya6_ligand,3722,42614
2ya6_ligand,3723,39526.6
2ya6_ligand,3724,51052.1
2ya6_ligand,3725,37236.3
2ya6_ligand,3726,28599.8
2ya6_ligand,3727,29279.7
2ya6_ligand,3728,32323.8
2ya6_ligand,3729,38451
2ya6_ligand,3730,30683
2ya6_ligand,3731,35721.9
2ya6_ligand,3732,32256.8
2ya6_ligand,3733,31508.4
2ya6_ligand,3734,34747.8
2ya6_ligand,3735,37366.3
2ya6_ligand,3736,41277
2ya6_ligand,3737,36974.5
2ya6_ligand,3738,44584.3
2ya6_ligand,3739,53720.9
2ya6_ligand,3740,83481
2ya6_ligand,3741,100360
2ya6_ligand,3742,54036.4
2ya6_ligand,3743,48170.1
2ya6_ligand,3744,47533.1
2ya6_ligand,3745,54032.3
2ya6_ligand,3746,41254.9
2ya6_ligand,3747,31298.5
2ya6_ligand,3748,29061.4
2ya6_ligand,3749,30993.4
2ya6_ligand,3750,29758.5
2ya6_ligand,3751,30138.1
2ya6_ligand,3752,37033.5
2ya6_ligand,3753,31955.1
2ya6_ligand,3754,25513.5
2ya6_ligand,3755,29185.7
2ya6_ligand,3756,29629.8
2ya6_ligand,3757,33707
2ya6_ligand,3758,37611.2
2ya6_ligand,3759,32624.3
2ya6_ligand,3760,35730.5
2ya6_ligand,3761,34881.6
2ya6_ligand,3762,42027.9
2ya6_ligand,3763,53193.2
2ya6_ligand,3764,32215.5
2ya6_ligand,3765,55090.8
2ya6_ligand,3766,31524.3
2ya6_ligand,3767,51915.9
2ya6_ligand,3768,69754.8
2ya6_ligand,3769,89207.8
2ya6_ligand,3770,37449
2ya6_ligand,3771,26369.4
2ya6_ligand,3772,28418.6
2ya6_ligand,3773,31117.4
2ya6_ligand,3774,25534.8
2ya6_ligand,3775,25130.4
2ya6_ligand,3776,29048.2
2ya6_ligand,3777,27394.7
2ya6_ligand,3778,24977.8
2ya6_ligand,3779,28571.6
2ya6_ligand,3780,27159.7
2ya6_ligand,3781,31795.1
2ya6_ligand,3782,28699.8
2ya6_ligand,3783,28876.5
2ya6_ligand,3784,33862.4
2ya6_ligand,3785,35386.4
2ya6_ligand,3786,32316.9
2ya6_ligand,3787,34104.6
2ya6_ligand,3788,31913.6
2ya6_ligand,3789,26443.7
2ya6_ligand,3790,28015.8
2ya6_ligand,3791,35796.7
2ya6_ligand,3792,23908.2
2ya6_ligand,3793,34421.9
2ya6_ligand,3794,28115.1
2ya6_ligand,3795,25150.1
2ya6_ligand,3796,24827.4
2ya6_ligand,3797,31160.2
2ya6_ligand,3798,61378.9
2ya6_ligand,3799,79055.4
2ya6_ligand,3800,69564.7
2ya6_ligand,3801,37708.7
2ya6_ligand,3802,26476.9
2ya6_ligand,3803,30265.1
2ya6_ligand,3804,32179.4
2ya6_ligand,3805,25043.3
2ya6_ligand,3806,24795.8
2ya6_ligand,3807,25331.5
2ya6_ligand,3808,25970.9
2ya6_ligand,3809,24759.5
2ya6_ligand,3810,27217.7
2ya6_ligand,3811,29704.7
2ya6_ligand,3812,29940.2
2ya6_ligand,3813,28550.4
2ya6_ligand,3814,22915.9
2ya6_ligand,3815,22472.7
2ya6_ligand,3816,25102.5
2ya6_ligand,3817,26770.1
2ya6_ligand,3818,26468.7
2ya6_ligand,3819,40730.9
2ya6_ligand,3820,31369.1
2ya6_ligand,3821,28432.2
2ya6_ligand,3822,29937.9
2ya6_ligand,3823,46661.2
2ya6_ligand,3824,60486.4
2ya6_ligand,3825,35201.8
2ya6_ligand,3826,33024.1
2ya6_ligand,3827,27440.1
2ya6_ligand,3828,23372.7
2ya6_ligand,3829,23946.9
2ya6_ligand,3830,23607.9
2ya6_ligand,3831,23692.4
2ya6_ligand,3832,28829.7
2ya6_ligand,3833,25793.7
2ya6_ligand,3834,26924.4
2ya6_ligand,3835,24597.4
2ya6_ligand,3836,22892.1
2ya6_ligand,3837,23325.6
2ya6_ligand,3838,27076.1
2ya6_ligand,3839,29783.9
2ya6_ligand,3840,38366.9
2ya6_ligand,3841,28755
2ya6_ligand,3842,31787.1
2ya6_ligand,3843,32093.4
2ya6_ligand,3844,25229
2ya6_ligand,3845,32382.8
2ya6_ligand,3846,28841.3
2ya6_ligand,3847,41061
2ya6_ligand,3848,25808.1
2ya6_ligand,3849,28574.2
2ya6_ligand,3850,26172.5
2ya6_ligand,3851,29693
2ya6_ligand,3852,35459.3
2ya6_ligand,3853,71664
2ya6_ligand,3854,87773.5
2ya6_ligand,3855,56447.7
2ya6_ligand,3856,27882.6
2ya6_ligand,3857,27158.9
2ya6_ligand,3858,31978.3
2ya6_ligand,3859,32691.8
2ya6_ligand,3860,27832.6
2ya6_ligand,3861,29597.6
2ya6_ligand,3862,26657.9
2ya6_ligand,3863,27074.3
2ya6_ligand,3864,24943.6
2ya6_ligand,3865,25553.7
2ya6_ligand,3866,26352
2ya6_ligand,3867,23636.1
2ya6_ligand,3868,23701
2ya6_ligand,3869,23578.2
2ya6_ligand,3870,24634.4
2ya6_ligand,3871,25758.3
2ya6_ligand,3872,30264.9
2ya6_ligand,3873,36446.4
2ya6_ligand,3874,24271
2ya6_ligand,3875,25358.8
2ya6_ligand,3876,37044.6
2ya6_ligand,3877,37735.3
2ya6_ligand,3878,36924.6
2ya6_ligand,3879,64413.9
2ya6_ligand,3880,81842.8
2ya6_ligand,3881,62865.6
2ya6_ligand,3882,28229.3
2ya6_ligand,3883,26410.3
2ya6_ligand,3884,31594.6
2ya6_ligand,3885,37943.7
2ya6_ligand,3886,24973.5
2ya6_ligand,3887,24256.4
2ya6_ligand,3888,24212.4
2ya6_ligand,3889,24130.2
2ya6_ligand,3890,23857.2
2ya6_ligand,3891,23470.8
2ya6_ligand,3892,22857.7
2ya6_ligand,3893,25411.8
2ya6_ligand,3894,27787.4
2ya6_ligand,3895,28853.4
2ya6_ligand,3896,27719.2
2ya6_ligand,3897,25606.5
2ya6_ligand,3898,23878.7
2ya6_ligand,3899,23103.7
2ya6_ligand,3900,26183
2ya6_ligand,3901,26216.4
2ya6_ligand,3902,26060.3
2ya6_ligand,3903,24250.2
2ya6_ligand,3904,23721
2ya6_ligand,3905,27734.6
2ya6_ligand,3906,37668.3
2ya6_ligand,3907,50287.6
2ya6_ligand,3908,28687
2ya6_ligand,3909,72765.7
2ya6_ligand,3910,60380.4
2ya6_ligand,3911,35753.4
2ya6_ligand,3912,26672.1
2ya6_ligand,3913,27862
2ya6_ligand,3914,29139.7
2ya6_ligand,3915,29358.1
2ya6_ligand,3916,24294.2
2ya6_ligand,3917,23707.1
2ya6_ligand,3918,25482.1
2ya6_ligand,3919,24510.1
2ya6_ligand,3920,24066.5
2ya6_ligand,3921,28064.1
2ya6_ligand,3922,28538.8
2ya6_ligand,3923,35715
2ya6_ligand,3924,41221.9
2ya6_ligand,3925,27332
2ya6_ligand,3926,25926
2ya6_ligand,3927,28907.7
2ya6_ligand,3928,26440
2ya6_ligand,3929,28166.5
2ya6_ligand,3930,27882.3
2ya6_ligand,3931,24919.4
2ya6_ligand,3932,22857.8
2ya6_ligand,3933,25636.9
2ya6_ligand,3934,31105
2ya6_ligand,3935,29453.8
2ya6_ligand,3936,25552.9
2ya6_ligand,3937,23400.3
2ya6_ligand,3938,23754.2
2ya6_ligand,3939,47206.6
2ya6_ligand,3940,28665.9
2ya6_ligand,3941,34189.5
2ya6_ligand,3942,30244.7
2ya6_ligand,3943,34018.9
2ya6_ligand,3944,33965.6
2ya6_ligand,3945,30533.6
2ya6_ligand,3946,28117.5
2ya6_ligand,3947,24100.6
2ya6_ligand,3948,23773.2
2ya6_ligand,3949,23553.3
2ya6_ligand,3950,23402
2ya6_ligand,3951,25862.1
2ya6_ligand,3952,29892.3
2ya6_ligand,3953,32362.2
2ya6_ligand,3954,34352.1
2ya6_ligand,3955,43900.9
2ya6_ligand,3956,44415.9
2ya6_ligand,3957,39935
2ya6_ligand,3958,42510.1
2ya6_ligand,3959,29381
2ya6_ligand,3960,49454.7
2ya6_ligand,3961,42584.6
2ya6_ligand,3962,29464.4
2ya6_ligand,3963,40540.8
2ya6_ligand,3964,30283.3
2ya6_ligand,3965,37898.5
2ya6_ligand,3966,31132.1
2ya6_ligand,3967,27059.2
2ya6_ligand,3968,28761.3
2ya6_ligand,3969,25555.2
2ya6_ligand,3970,26493.2
2ya6_ligand,3971,34707.5
2ya6_ligand,3972,31365.9
2ya6_ligand,3973,34770.2
2ya6_ligand,3974,37015.1
2ya6_ligand,3975,32656.7
2ya6_ligand,3976,25373.6
2ya6_ligand,3977,26939.1
2ya6_ligand,3978,31269.4
2ya6_ligand,3979,53746.8
2ya6_ligand,3980,62073.1
2ya6_ligand,3981,49255.6
2ya6_ligand,3982,45426.1
2ya6_ligand,3983,25633.8
2ya6_ligand,3984,25831.9
2ya6_ligand,3985,24955.9
2ya6_ligand,3986,24637.9
2ya6_ligand,3987,23543.8
2ya6_ligand,3988,23796
2ya6_ligand,3989,26264.3
2ya6_ligand,3990,23578
2ya6_ligand,3991,23685.9
2ya6_ligand,3992,30362.8
2ya6_ligand,3993,26050.8
2ya6_ligand,3994,33667.6
2ya6_ligand,3995,25078.8
2ya6_ligand,3996,30503.7
2ya6_ligand,3997,34743.6
2ya6_ligand,3998,30847.8
2ya6_ligand,3999,40225.9
2ya6_ligand,4000,27234.7
2ya6_ligand,4001,33565.6
2ya6_ligand,4002,60185.1
2ya6_ligand,4003,67522.7
2ya6_ligand,4004,36376.3
2ya6_ligand,4005,25081.8
2ya6_ligand,4006,25577.4
2ya6_ligand,4007,34330.6
2ya6_ligand,4008,38497.1
2ya6_ligand,4009,34746.1
2ya6_ligand,4010,41600.4
2ya6_ligand,4011,24023.3
2ya6_ligand,4012,24159.6
2ya6_ligand,4013,24577.6
2ya6_ligand,4014,29716.6
2ya6_ligand,4015,29520.8
2ya6_ligand,4016,25641.3
2ya6_ligand,4017,28208.2
2ya6_ligand,4018,28360.4
2ya6_ligand,4019,30367
2ya6_ligand,4020,36050.4
2ya6_ligand,4021,34789
2ya6_ligand,4022,38286.8
2ya6_ligand,4023,30031.3
2ya6_ligand,4024,29084.1
2ya6_ligand,4025,25567.8
2ya6_ligand,4026,29572.3
2ya6_ligand,4027,33216.8
2ya6_ligand,4028,31412.3
2ya6_ligand,4029,32653.8
2ya6_ligand,4030,29496.8
2ya6_ligand,4031,25836.3
2ya6_ligand,4032,24553.4
2ya6_ligand,4033,27416.4
2ya6_ligand,4034,28281.2
2ya6_ligand,4035,32565.4
2ya6_ligand,4036,24184.3
2ya6_ligand,4037,33464.3
2ya6_ligand,4038,59512.1
2ya6_ligand,4039,59115
2ya6_ligand,4040,41102.9
2ya6_ligand,4041,32934.6
2ya6_ligand,4042,28437.8
2ya6_ligand,4043,31263.6
2ya6_ligand,4044,29064.7
2ya6_ligand,4045,23909.6
2ya6_ligand,4046,27028.3
2ya6_ligand,4047,30556.4
2ya6_ligand,4048,39855.9
2ya6_ligand,4049,29301.8
2ya6_ligand,4050,25855
2ya6_ligand,4051,24194.1
2ya6_ligand,4052,24906.8
2ya6_ligand,4053,29389.4
2ya6_ligand,4054,45031.1
2ya6_ligand,4055,35776.6
2ya6_ligand,4056,36093.3
2ya6_ligand,4057,27107.9
2ya6_ligand,4058,29213.2
2ya6_ligand,4059,25041.7
2ya6_ligand,4060,28982.1
2ya6_ligand,4061,23284.4
2ya6_ligand,4062,26647.2
2ya6_ligand,4063,29960.4
2ya6_ligand,4064,33141.1
2ya6_ligand,4065,34325.3
2ya6_ligand,4066,41594.9
2ya6_ligand,4067,42295.6
2ya6_ligand,4068,33926.6
2ya6_ligand,4069,26342.3
2ya6_ligand,4070,33964
2ya6_ligand,4071,30621.1
2ya6_ligand,4072,40076.8
2ya6_ligand,4073,31423.6
2ya6_ligand,4074,42676.4
2ya6_ligand,4075,36708.4
2ya6_ligand,4076,32872.4
2ya6_ligand,4077,30265.2
2ya6_ligand,4078,27165.8
2ya6_ligand,4079,41821
2ya6_ligand,4080,52178.5
2ya6_ligand,4081,43421.9
2ya6_ligand,4082,46870.9
2ya6_ligand,4083,92098.6
2ya6_ligand,4084,55589.1
2ya6_ligand,4085,40777.8
2ya6_ligand,4086,58339.5
2ya6_ligand,4087,52473.1
2ya6_ligand,4088,54135
2ya6_ligand,4089,36981.8
2ya6_ligand,4090,26921.7
2ya6_ligand,4091,26672.2
2ya6_ligand,4092,24291.7
2ya6_ligand,4093,23237
2ya6_ligand,4094,23262.4
2ya6_ligand,4095,23392.4
2ya6_ligand,4096,32593.8
2ya6_ligand,4097,35473.8
2ya6_ligand,4098,27169.9
2ya6_ligand,4099,30810.1
2ya6_ligand,4100,28619.9
2ya6_ligand,4101,24730.7
2ya6_ligand,4102,23256.6
2ya6_ligand,4103,26663.5
2ya6_ligand,4104,28531.3
2ya6_ligand,4105,33669.8
2ya6_ligand,4106,31420.4
2ya6_ligand,4107,24094.2
2ya6_ligand,4108,32219.4
2ya6_ligand,4109,41028.4
2ya6_ligand,4110,47084.3
2ya6_ligand,4111,47309.7
2ya6_ligand,4112,26846
2ya6_ligand,4113,31852.3
2ya6_ligand,4114,23754.1
2ya6_ligand,4115,26242.7
2ya6_ligand,4116,31265.6
2ya6_ligand,4117,45529.9
2ya6_ligand,4118,57594.5
2ya6_ligand,4119,71334.9
2ya6_ligand,4120,79461.3
2ya6_ligand,4121,32796
2ya6_ligand,4122,35973.8
2ya6_ligand,4123,36957
2ya6_ligand,4124,25192.4
2ya6_ligand,4125,24847.3
2ya6_ligand,4126,24380.6
2ya6_ligand,4127,24435.9
2ya6_ligand,4128,25187.5
2ya6_ligand,4129,26263
2ya6_ligand,4130,25150
2ya6_ligand,4131,26380.2
2ya6_ligand,4132,23544.7
2ya6_ligand,4133,23805.9
2ya6_ligand,4134,24316.7
2ya6_ligand,4135,24106.2
2ya6_ligand,4136,26796.1
2ya6_ligand,4137,30241.2
2ya6_ligand,4138,35175.4
2ya6_ligand,4139,33380.1
2ya6_ligand,4140,29553.8
2ya6_ligand,4141,31240.4
2ya6_ligand,4142,26400.6
2ya6_ligand,4143,36447.3
2ya6_ligand,4144,39732.7
2ya6_ligand,4145,62212.8
2ya6_ligand,4146,35107.9
2ya6_ligand,4147,55448.7
2ya6_ligand,4148,31544.4
2ya6_ligand,4149,23153.6
2ya6_ligand,4150,25828.6
2ya6_ligand,4151,28949.5
2ya6_ligand,4152,38883.4
2ya6_ligand,4153,44481.6
2ya6_ligand,4154,29713.9
2ya6_ligand,4155,25349.4
2ya6_ligand,4156,27857.2
2ya6_ligand,4157,34816.8
2ya6_ligand,4158,24471.1
2ya6_ligand,4159,28171.7
2ya6_ligand,4160,35910.4
2ya6_ligand,4161,36030.4
2ya6_ligand,4162,38589.9
2ya6_ligand,4163,35739.8
2ya6_ligand,4164,25904.1
2ya6_ligand,4165,25189.7
2ya6_ligand,4166,31887.9
2ya6_ligand,4167,33544
2ya6_ligand,4168,34424.7
2ya6_ligand,4169,46421.6
2ya6_ligand,4170,32850.7
2ya6_ligand,4171,25995.9
2ya6_ligand,4172,40916
2ya6_ligand,4173,24529.5
2ya6_ligand,4174,26269.1
2ya6_ligand,4175,31668.2
2ya6_ligand,4176,40592.6
2ya6_ligand,4177,72038.9
2ya6_ligand,4178,92702.7
2ya6_ligand,4179,83331.1
2ya6_ligand,4180,37409.7
2ya6_ligand,4181,38620.6
2ya6_ligand,4182,25204.5
2ya6_ligand,4183,24939.3
2ya6_ligand,4184,24574.7
2ya6_ligand,4185,24457.1
2ya6_ligand,4186,25559.7
2ya6_ligand,4187,29598.3
2ya6_ligand,4188,24580.9
2ya6_ligand,4189,26447.8
2ya6_ligand,4190,28003.1
2ya6_ligand,4191,26560.4
2ya6_ligand,4192,26464.4
2ya6_ligand,4193,31907.1
2ya6_ligand,4194,25352.1
2ya6_ligand,4195,33192.2
2ya6_ligand,4196,25157.4
2ya6_ligand,4197,29532.4
2ya6_ligand,4198,27788.9
2ya6_ligand,4199,37563
2ya6_ligand,4200,29822.7
2ya6_ligand,4201,30580.8
2ya6_ligand,4202,24717.4
2ya6_ligand,4203,35103.7
2ya6_ligand,4204,67869.6
2ya6_ligand,4205,30716.2
2ya6_ligand,4206,26422.3
2ya6_ligand,4207,25477.5
2ya6_ligand,4208,25494.1
2ya6_ligand,4209,33231.9
2ya6_ligand,4210,25326.4
2ya6_ligand,4211,27313.1
2ya6_ligand,4212,24967.6
2ya6_ligand,4213,25948.1
2ya6_ligand,4214,28365.9
2ya6_ligand,4215,29202.9
2ya6_ligand,4216,30021.9
2ya6_ligand,4217,27317.4
2ya6_ligand,4218,32191.5
2ya6_ligand,4219,31237
2ya6_ligand,4220,38775.3
2ya6_ligand,4221,25400.3
2ya6_ligand,4222,28498.9
2ya6_ligand,4223,34481.8
2ya6_ligand,4224,71189.5
2ya6_ligand,4225,58069.8
2ya6_ligand,4226,35303.3
2ya6_ligand,4227,34926.8
2ya6_ligand,4228,28192.3
2ya6_ligand,4229,31394.6
2ya6_ligand,4230,25481
2ya6_ligand,4231,26529.2
2ya6_ligand,4232,23767.6
2ya6_ligand,4233,24575.1
2ya6_ligand,4234,25055.7
2ya6_ligand,4235,23566.2
2ya6_ligand,4236,26911.6
2ya6_ligand,4237,34574.1
2ya6_ligand,4238,29416.2
2ya6_ligand,4239,24933.2
2ya6_ligand,4240,23906.4
2ya6_ligand,4241,24460.7
2ya6_ligand,4242,26870
2ya6_ligand,4243,33423.8
2ya6_ligand,4244,34114.4
2ya6_ligand,4245,36089.8
2ya6_ligand,4246,26790.8
2ya6_ligand,4247,33260.1
2ya6_ligand,4248,30230.2
2ya6_ligand,4249,23832.2
2ya6_ligand,4250,27823.1
2ya6_ligand,4251,24942.7
2ya6_ligand,4252,23462.4
2ya6_ligand,4253,26542.5
2ya6_ligand,4254,41464.7
2ya6_ligand,4255,43740.9
2ya6_ligand,4256,53650.4
2ya6_ligand,4257,47445
2ya6_ligand,4258,24180.9
2ya6_ligand,4259,24498.6
2ya6_ligand,4260,23980
2ya6_ligand,4261,24499.1
2ya6_ligand,4262,23556.8
2ya6_ligand,4263,25496.5
2ya6_ligand,4264,23672.2
2ya6_ligand,4265,23546.9
2ya6_ligand,4266,27511.6
2ya6_ligand,4267,31393.7
2ya6_ligand,4268,37778.7
2ya6_ligand,4269,24507.2
2ya6_ligand,4270,26467.3
2ya6_ligand,4271,23799.2
2ya6_ligand,4272,23965.8
2ya6_ligand,4273,26324.1
2ya6_ligand,4274,23498.8
2ya6_ligand,4275,25840.4
2ya6_ligand,4276,41328.8
2ya6_ligand,4277,37631.7
2ya6_ligand,4278,34642.8
2ya6_ligand,4279,32561.9
2ya6_ligand,4280,26955.8
2ya6_ligand,4281,31256
2ya6_ligand,4282,25452.2
2ya6_ligand,4283,24900.1
2ya6_ligand,4284,30268.4
2ya6_ligand,4285,52687.4
2ya6_ligand,4286,83387.6
2ya6_ligand,4287,35313.4
2ya6_ligand,4288,38893.4
2ya6_ligand,4289,35308.9
2ya6_ligand,4290,25591.3
2ya6_ligand,4291,26794.7
2ya6_ligand,4292,25563.3
2ya6_ligand,4293,26648.8
2ya6_ligand,4294,38476.1
2ya6_ligand,4295,53589.4
2ya6_ligand,4296,34756.3
2ya6_ligand,4297,32557.3
2ya6_ligand,4298,24837.9
2ya6_ligand,4299,23980.2
2ya6_ligand,4300,23143.2
2ya6_ligand,4301,24433.9
2ya6_ligand,4302,26676.6
2ya6_ligand,4303,25453.8
2ya6_ligand,4304,25618.8
2ya6_ligand,4305,25173
2ya6_ligand,4306,32618.9
2ya6_ligand,4307,27179.7
2ya6_ligand,4308,38040.6
2ya6_ligand,4309,33094.2
2ya6_ligand,4310,47531.8
2ya6_ligand,4311,54867.9
2ya6_ligand,4312,51496.9
2ya6_ligand,4313,31983.8
2ya6_ligand,4314,37350.2
2ya6_ligand,4315,32515.2
2ya6_ligand,4316,26943.3
2ya6_ligand,4317,26046
2ya6_ligand,4318,28564.1
2ya6_ligand,4319,29885
2ya6_ligand,4320,34186.5
2ya6_ligand,4321,37597.1
2ya6_ligand,4322,31794.1
2ya6_ligand,4323,25728.9
2ya6_ligand,4324,24785.2
2ya6_ligand,4325,25371.4
2ya6_ligand,4326,29801.9
2ya6_ligand,4327,30966.1
2ya6_ligand,4328,36353.3
2ya6_ligand,4329,32483.1
2ya6_ligand,4330,39792.1
2ya6_ligand,4331,39093.8
2ya6_ligand,4332,38856.4
2ya6_ligand,4333,26623
2ya6_ligand,4334,34300.1
2ya6_ligand,4335,31612.5
2ya6_ligand,4336,23492.6
2ya6_ligand,4337,31400.8
2ya6_ligand,4338,32680.7
2ya6_ligand,4339,43472.6
2ya6_ligand,4340,28375.1
2ya6_ligand,4341,40731.6
2ya6_ligand,4342,52483.1
2ya6_ligand,4343,29877.1
2ya6_ligand,4344,36605
2ya6_ligand,4345,28924.6
2ya6_ligand,4346,23121.9
2ya6_ligand,4347,26961.5
2ya6_ligand,4348,30135.7
2ya6_ligand,4349,30495.7
2ya6_ligand,4350,26621.7
2ya6_ligand,4351,30477.3
2ya6_ligand,4352,25800.7
2ya6_ligand,4353,33009.6
2ya6_ligand,4354,25792.5
2ya6_ligand,4355,34322.1
2ya6_ligand,4356,46323.6
2ya6_ligand,4357,46236.5
2ya6_ligand,4358,28378
2ya6_ligand,4359,37351.4
2ya6_ligand,4360,32471.2
2ya6_ligand,4361,24190.4
2ya6_ligand,4362,26295.8
2ya6_ligand,4363,29362.3
2ya6_ligand,4364,33564.7
2ya6_ligand,4365,32897.3
2ya6_ligand,4366,33649.1
2ya6_ligand,4367,33931.2
2ya6_ligand,4368,30557.7
2ya6_ligand,4369,25350.1
2ya6_ligand,4370,26772.3
2ya6_ligand,4371,29834.6
2ya6_ligand,4372,54411.5
2ya6_ligand,4373,65328.5
2ya6_ligand,4374,51719.2
2ya6_ligand,4375,47874.7
2ya6_ligand,4376,26433.9
2ya6_ligand,4377,32498.6
2ya6_ligand,4378,24322.3
2ya6_ligand,4379,23541
2ya6_ligand,4380,23426
2ya6_ligand,4381,25426
2ya6_ligand,4382,27461.1
2ya6_ligand,4383,27310.6
2ya6_ligand,4384,24373
2ya6_ligand,4385,23230.1
2ya6_ligand,4386,22962.7
2ya6_ligand,4387,25519.9
2ya6_ligand,4388,35707.9
2ya6_ligand,4389,25317.5
2ya6_ligand,4390,24130.5
2ya6_ligand,4391,24209.3
2ya6_ligand,4392,26813.3
2ya6_ligand,4393,26007.4
2ya6_ligand,4394,40837.7
2ya6_ligand,4395,31759.2
2ya6_ligand,4396,54270.1
2ya6_ligand,4397,34992.5
2ya6_ligand,4398,23289.3
2ya6_ligand,4399,24353
2ya6_ligand,4400,23940.6
2ya6_ligand,4401,33349.7
2ya6_ligand,4402,28338
2ya6_ligand,4403,42055.5
2ya6_ligand,4404,36360.8
2ya6_ligand,4405,48810.3
2ya6_ligand,4406,54349.2
2ya6_ligand,4407,34388.1
2ya6_ligand,4408,26713.1
2ya6_ligand,4409,25465.4
2ya6_ligand,4410,26974.7
2ya6_ligand,4411,34085.3
2ya6_ligand,4412,29052
2ya6_ligand,4413,33478.4
2ya6_ligand,4414,25029.7
2ya6_ligand,4415,25883.5
2ya6_ligand,4416,27507
2ya6_ligand,4417,29110.5
2ya6_ligand,4418,29417.9
2ya6_ligand,4419,35934.1
2ya6_ligand,4420,30120.7
2ya6_ligand,4421,34315.8
2ya6_ligand,4422,35291.3
2ya6_ligand,4423,45358.5
2ya6_ligand,4424,25635.5
2ya6_ligand,4425,26541.1
2ya6_ligand,4426,35633.3
2ya6_ligand,4427,30192.2
2ya6_ligand,4428,43364.6
2ya6_ligand,4429,41557.6
2ya6_ligand,4430,29912.6
2ya6_ligand,4431,38440.7
2ya6_ligand,4432,27600
2ya6_ligand,4433,37204.3
2ya6_ligand,4434,30160.9
2ya6_ligand,4435,29840
2ya6_ligand,4436,24624.1
2ya6_ligand,4437,26030.8
2ya6_ligand,4438,32089.5
2ya6_ligand,4439,34627
2ya6_ligand,4440,72173.1
2ya6_ligand,4441,98654.1
2ya6_ligand,4442,37797.2
2ya6_ligand,4443,26029.2
2ya6_ligand,4444,30252.4
2ya6_ligand,4445,28409.7
2ya6_ligand,4446,26710.3
2ya6_ligand,4447,24714.5
2ya6_ligand,4448,24875.9
2ya6_ligand,4449,25240.2
2ya6_ligand,4450,30989
2ya6_ligand,4451,23976.8
2ya6_ligand,4452,24030.7
2ya6_ligand,4453,22695.9
2ya6_ligand,4454,23628.2
2ya6_ligand,4455,27644.5
2ya6_ligand,4456,28187.4
2ya6_ligand,4457,27624
2ya6_ligand,4458,37117.8
2ya6_ligand,4459,30309.3
2ya6_ligand,4460,41780.9
2ya6_ligand,4461,54174
2ya6_ligand,4462,28768.3
2ya6_ligand,4463,32274.7
2ya6_ligand,4464,25627.8
2ya6_ligand,4465,26329.2
2ya6_ligand,4466,50014.8
2ya6_ligand,4467,27207.1
2ya6_ligand,4468,26479.9
2ya6_ligand,4469,26244.2
2ya6_ligand,4470,32453.7
2ya6_ligand,4471,28600.8
2ya6_ligand,4472,32446.2
2ya6_ligand,4473,35337.8
2ya6_ligand,4474,27344.1
2ya6_ligand,4475,29705.6
2ya6_ligand,4476,30866.4
2ya6_ligand,4477,30416.3
2ya6_ligand,4478,39116.4
2ya6_ligand,4479,25578.2
2ya6_ligand,4480,29017.3
2ya6_ligand,4481,29636.8
2ya6_ligand,4482,36394.6
2ya6_ligand,4483,35289.2
2ya6_ligand,4484,32208.1
2ya6_ligand,4485,44654.9
2ya6_ligand,4486,35360
2ya6_ligand,4487,68464.4
2ya6_ligand,4488,72714.8
2ya6_ligand,4489,52360.7
2ya6_ligand,4490,48222.5
2ya6_ligand,4491,53181.2
2ya6_ligand,4492,30215.1
2ya6_ligand,4493,40195.9
2ya6_ligand,4494,25444.5
2ya6_ligand,4495,25336
2ya6_ligand,4496,25272.2
2ya6_ligand,4497,25797
2ya6_ligand,4498,35073.5
2ya6_ligand,4499,24585.3
2ya6_ligand,4500,24399.5
2ya6_ligand,4501,27490.3
2ya6_ligand,4502,29329.4
2ya6_ligand,4503,26671.2
2ya6_ligand,4504,25363.6
2ya6_ligand,4505,30268.9
2ya6_ligand,4506,32803.3
2ya6_ligand,4507,37659.2
2ya6_ligand,4508,34864.7
2ya6_ligand,4509,24367.1
2ya6_ligand,4510,27020.9
2ya6_ligand,4511,31518
2ya6_ligand,4512,47566.4
2ya6_ligand,4513,30721.1
2ya6_ligand,4514,27849.1
2ya6_ligand,4515,25901.5
2ya6_ligand,4516,32781.8
2ya6_ligand,4517,36201.1
2ya6_ligand,4518,42797.4
2ya6_ligand,4519,49326.1
2ya6_ligand,4520,33738.4
2ya6_ligand,4521,26572
2ya6_ligand,4522,39032.8
2ya6_ligand,4523,30818.6
2ya6_ligand,4524,34645.3
2ya6_ligand,4525,38127.2
2ya6_ligand,4526,32852.5
2ya6_ligand,4527,32808.6
2ya6_ligand,4528,26214.2
2ya6_ligand,4529,31271.9
2ya6_ligand,4530,34232.8
2ya6_ligand,4531,42192.7
2ya6_ligand,4532,40941.2
2ya6_ligand,4533,48211.4
2ya6_ligand,4534,55948.1
2ya6_ligand,4535,60144
2ya6_ligand,4536,31204.1
2ya6_ligand,4537,34367.3
2ya6_ligand,4538,26059.9
2ya6_ligand,4539,35013.1
2ya6_ligand,4540,29779.1
2ya6_ligand,4541,33572.9
2ya6_ligand,4542,33669.8
2ya6_ligand,4543,25956.1
2ya6_ligand,4544,29018.1
2ya6_ligand,4545,24656.4
2ya6_ligand,4546,38052.2
2ya6_ligand,4547,60241.8
2ya6_ligand,4548,71500.5
2ya6_ligand,4549,70002.2
2ya6_ligand,4550,32623.9
2ya6_ligand,4551,37941.2
2ya6_ligand,4552,25408.6
2ya6_ligand,4553,25329.8
2ya6_ligand,4554,25229.6
2ya6_ligand,4555,25449.8
2ya6_ligand,4556,28436.2
2ya6_ligand,4557,24617.2
2ya6_ligand,4558,25669.8
2ya6_ligand,4559,27441.8
2ya6_ligand,4560,28845.3
2ya6_ligand,4561,41474.5
2ya6_ligand,4562,32386.5
2ya6_ligand,4563,28209.5
2ya6_ligand,4564,29301.3
2ya6_ligand,4565,26816.4
2ya6_ligand,4566,25309.5
2ya6_ligand,4567,25432.7
2ya6_ligand,4568,29447
2ya6_ligand,4569,23718.3
2ya6_ligand,4570,27194.1
2ya6_ligand,4571,29691.9
2ya6_ligand,4572,31157.6
2ya6_ligand,4573,33458.5
2ya6_ligand,4574,30400.9
2ya6_ligand,4575,23940.4
2ya6_ligand,4576,26090.5
2ya6_ligand,4577,24651.2
2ya6_ligand,4578,34612.3
2ya6_ligand,4579,77682.4
2ya6_ligand,4580,50853.4
2ya6_ligand,4581,27166.4
2ya6_ligand,4582,26718.2
2ya6_ligand,4583,25050.4
2ya6_ligand,4584,23757.3
2ya6_ligand,4585,24642.9
2ya6_ligand,4586,23173.5
2ya6_ligand,4587,24076.7
2ya6_ligand,4588,30948.5
2ya6_ligand,4589,30406.1
2ya6_ligand,4590,31127.4
2ya6_ligand,4591,25304.7
2ya6_ligand,4592,25467.8
2ya6_ligand,4593,25240.6
2ya6_ligand,4594,33336.5
2ya6_ligand,4595,43589.6
2ya6_ligand,4596,46356.3
2ya6_ligand,4597,59212.6
2ya6_ligand,4598,29016.7
2ya6_ligand,4599,27818.9
2ya6_ligand,4600,36216.6
2ya6_ligand,4601,25459.5
2ya6_ligand,4602,30311
2ya6_ligand,4603,25025.5
2ya6_ligand,4604,26367.6
2ya6_ligand,4605,33432.8
2ya6_ligand,4606,30427.3
2ya6_ligand,4607,33136.1
2ya6_ligand,4608,31896.9
2ya6_ligand,4609,32650.9
2ya6_ligand,4610,35778.1
2ya6_ligand,4611,29781.6
2ya6_ligand,4612,31987.8
2ya6_ligand,4613,44586.4
2ya6_ligand,4614,38379.6
2ya6_ligand,4615,45671.9
2ya6_ligand,4616,24896.1
2ya6_ligand,4617,27297.7
2ya6_ligand,4618,34184.2
2ya6_ligand,4619,31975.5
2ya6_ligand,4620,26151
2ya6_ligand,4621,32395.9
2ya6_ligand,4622,31984.8
2ya6_ligand,4623,24653.1
2ya6_ligand,4624,24359.9
2ya6_ligand,4625,30829.6
2ya6_ligand,4626,41243.7
2ya6_ligand,4627,38763.4
2ya6_ligand,4628,48357.2
2ya6_ligand,4629,51113.4
2ya6_ligand,4630,37445.9
2ya6_ligand,4631,28407.8
2ya6_ligand,4632,41255.8
2ya6_ligand,4633,40372.3
2ya6_ligand,4634,30061.1
2ya6_ligand,4635,28887.4
2ya6_ligand,4636,37466.4
2ya6_ligand,4637,31508.7
2ya6_ligand,4638,24934.2
2ya6_ligand,4639,30584.6
2ya6_ligand,4640,30194.2
2ya6_ligand,4641,27887.1
2ya6_ligand,4642,31626.7
2ya6_ligand,4643,24801
2ya6_ligand,4644,31495.2
2ya6_ligand,4645,33411.5
2ya6_ligand,4646,32868.8
2ya6_ligand,4647,33970.8
2ya6_ligand,4648,55945
2ya6_ligand,4649,52923.3
2ya6_ligand,4650,26317.1
2ya6_ligand,4651,24398.6
2ya6_ligand,4652,23962.6
2ya6_ligand,4653,33044
2ya6_ligand,4654,59369.6
2ya6_ligand,4655,62029.2
2ya6_ligand,4656,35836.7
2ya6_ligand,4657,37929.3
2ya6_ligand,4658,29778.3
2ya6_ligand,4659,24225.9
2ya6_ligand,4660,23753.8
2ya6_ligand,4661,23531.2
2ya6_ligand,4662,24499.3
2ya6_ligand,4663,25303
2ya6_ligand,4664,26044.5
2ya6_ligand,4665,25404.5
2ya6_ligand,4666,27084.9
2ya6_ligand,4667,33677
2ya6_ligand,4668,28499
2ya6_ligand,4669,34232.6
2ya6_ligand,4670,30721.8
2ya6_ligand,4671,28649.9
2ya6_ligand,4672,31691.2
2ya6_ligand,4673,36769.6
2ya6_ligand,4674,57614.6
2ya6_ligand,4675,43944.6
2ya6_ligand,4676,38943
2ya6_ligand,4677,29442.5
2ya6_ligand,4678,28812.8
2ya6_ligand,4679,24591.9
2ya6_ligand,4680,23469
2ya6_ligand,4681,24552.5
2ya6_ligand,4682,31967.2
2ya6_ligand,4683,30839.2
2ya6_ligand,4684,30598
2ya6_ligand,4685,24485.4
2ya6_ligand,4686,23376.1
2ya6_ligand,4687,23289.9
2ya6_ligand,4688,26569.4
2ya6_ligand,4689,30000.7
2ya6_ligand,4690,24514.4
2ya6_ligand,4691,23812.7
2ya6_ligand,4692,26048.8
2ya6_ligand,4693,52944.4
2ya6_ligand,4694,28325.9
2ya6_ligand,4695,25537.6
2ya6_ligand,4696,26767.7
2ya6_ligand,4697,32891.2
2ya6_ligand,4698,35233.2
2ya6_ligand,4699,37787.3
2ya6_ligand,4700,28117.6
2ya6_ligand,4701,26518.9
2ya6_ligand,4702,28397.3
2ya6_ligand,4703,41256
2ya6_ligand,4704,34903.9
2ya6_ligand,4705,30763.5
2ya6_ligand,4706,29868.6
2ya6_ligand,4707,33372.3
2ya6_ligand,4708,36120.6
2ya6_ligand,4709,51709.3
2ya6_ligand,4710,62915.6
2ya6_ligand,4711,41087.2
2ya6_ligand,4712,38927.4
2ya6_ligand,4713,27831.5
2ya6_ligand,4714,27939.9
2ya6_ligand,4715,25728.4
2ya6_ligand,4716,23945.7
2ya6_ligand,4717,24312.5
2ya6_ligand,4718,24911.2
2ya6_ligand,4719,27821.9
2ya6_ligand,4720,27346.1
2ya6_ligand,4721,33662.7
2ya6_ligand,4722,33448.3
2ya6_ligand,4723,34154.8
2ya6_ligand,4724,41656.8
2ya6_ligand,4725,48802.8
2ya6_ligand,4726,28902.7
2ya6_ligand,4727,25280.6
2ya6_ligand,4728,25457.8
2ya6_ligand,4729,26229.5
2ya6_ligand,4730,37523.2
2ya6_ligand,4731,64518.8
2ya6_ligand,4732,69602
2ya6_ligand,4733,73559.7
2ya6_ligand,4734,28215.9
2ya6_ligand,4735,26077.5
2ya6_ligand,4736,26760.2
2ya6_ligand,4737,26243.3
2ya6_ligand,4738,25965.6
2ya6_ligand,4739,35566.3
2ya6_ligand,4740,25416
2ya6_ligand,4741,25511.7
2ya6_ligand,4742,31753.5
2ya6_ligand,4743,24699.3
2ya6_ligand,4744,27577.9
2ya6_ligand,4745,24686.6
2ya6_ligand,4746,26589.6
2ya6_ligand,4747,24002
2ya6_ligand,4748,24728.3
2ya6_ligand,4749,27817.3
2ya6_ligand,4750,32432
2ya6_ligand,4751,25129.5
2ya6_ligand,4752,31358.7
2ya6_ligand,4753,50414
2ya6_ligand,4754,54799.4
2ya6_ligand,4755,40125.2
2ya6_ligand,4756,37538.9
2ya6_ligand,4757,35695.7
2ya6_ligand,4758,25007.6
2ya6_ligand,4759,25504.9
2ya6_ligand,4760,25462.3
2ya6_ligand,4761,27381.8
2ya6_ligand,4762,23784.3
2ya6_ligand,4763,25515.5
2ya6_ligand,4764,26448.2
2ya6_ligand,4765,25155.9
2ya6_ligand,4766,26574.2
2ya6_ligand,4767,29163.7
2ya6_ligand,4768,32900.6
2ya6_ligand,4769,27691.5
2ya6_ligand,4770,28777.5
2ya6_ligand,4771,28453.9
2ya6_ligand,4772,37514.9
2ya6_ligand,4773,26467.7
2ya6_ligand,4774,34474
2ya6_ligand,4775,27502
2ya6_ligand,4776,38037.6
2ya6_ligand,4777,28763.1
2ya6_ligand,4778,25066.5
2ya6_ligand,4779,24026.5
2ya6_ligand,4780,24272.1
2ya6_ligand,4781,27959.2
2ya6_ligand,4782,33287.3
2ya6_ligand,4783,48728.2
2ya6_ligand,4784,48103.2
2ya6_ligand,4785,30919.3
2ya6_ligand,4786,29500.1
2ya6_ligand,4787,24658.9
2ya6_ligand,4788,24522.9
2ya6_ligand,4789,25095.4
2ya6_ligand,4790,52249.5
2ya6_ligand,4791,27678.6
2ya6_ligand,4792,29094.1
2ya6_ligand,4793,28851.5
2ya6_ligand,4794,29867.2
2ya6_ligand,4795,24559.9
2ya6_ligand,4796,28694.3
2ya6_ligand,4797,29482.1
2ya6_ligand,4798,30824.8
2ya6_ligand,4799,33966.5
2ya6_ligand,4800,28550.4
2ya6_ligand,4801,30763.4
2ya6_ligand,4802,24428.6
2ya6_ligand,4803,24476.8
2ya6_ligand,4804,28801.1
2ya6_ligand,4805,40551
2ya6_ligand,4806,58095.3
2ya6_ligand,4807,48739
2ya6_ligand,4808,29095.6
2ya6_ligand,4809,29123.2
2ya6_ligand,4810,27242.5
2ya6_ligand,4811,23178.9
2ya6_ligand,4812,24566.2
2ya6_ligand,4813,29087.1
2ya6_ligand,4814,31743.3
2ya6_ligand,4815,41225.6
2ya6_ligand,4816,27802.5
2ya6_ligand,4817,27976.6
2ya6_ligand,4818,26161.8
2ya6_ligand,4819,24378
2ya6_ligand,4820,23707.9
2ya6_ligand,4821,25518.2
2ya6_ligand,4822,28453.5
2ya6_ligand,4823,24764.9
2ya6_ligand,4824,25229.1
2ya6_ligand,4825,27950.8
2ya6_ligand,4826,37903.3
2ya6_ligand,4827,56380.9
2ya6_ligand,4828,47495.1
2ya6_ligand,4829,31182.4
2ya6_ligand,4830,26771.3
2ya6_ligand,4831,27706.9
2ya6_ligand,4832,24328.9
2ya6_ligand,4833,23700.9
2ya6_ligand,4834,25388.9
2ya6_ligand,4835,34109.6
2ya6_ligand,4836,27205.1
2ya6_ligand,4837,25142.7
2ya6_ligand,4838,25052.4
2ya6_ligand,4839,24548.7
2ya6_ligand,4840,24749.1
2ya6_ligand,4841,33627.2
2ya6_ligand,4842,32460.4
2ya6_ligand,4843,41265.7
2ya6_ligand,4844,27172.1
2ya6_ligand,4845,29316.8
2ya6_ligand,4846,31366.8
2ya6_ligand,4847,31327.2
2ya6_ligand,4848,30589.4
2ya6_ligand,4849,26740.1
2ya6_ligand,4850,23589.6
2ya6_ligand,4851,27743.1
2ya6_ligand,4852,25290.5
2ya6_ligand,4853,37791.5
2ya6_ligand,4854,29195.2
2ya6_ligand,4855,48395.5
2ya6_ligand,4856,42457.9
2ya6_ligand,4857,27638.8
2ya6_ligand,4858,38840.2
2ya6_ligand,4859,51432.9
2ya6_ligand,4860,36595.9
2ya6_ligand,4861,30990.2
2ya6_ligand,4862,32125.6
2ya6_ligand,4863,60138
2ya6_ligand,4864,60472.5
2ya6_ligand,4865,32611.3
2ya6_ligand,4866,30253.4
2ya6_ligand,4867,27433.4
2ya6_ligand,4868,25249.6
2ya6_ligand,4869,26251.2
2ya6_ligand,4870,30846.7
2ya6_ligand,4871,37084.8
2ya6_ligand,4872,23987.5
2ya6_ligand,4873,25874.5
2ya6_ligand,4874,25627.1
2ya6_ligand,4875,30977.7
2ya6_ligand,4876,32178.7
2ya6_ligand,4877,43274.8
2ya6_ligand,4878,40635.1
2ya6_ligand,4879,36130
2ya6_ligand,4880,29372.6
2ya6_ligand,4881,32633.7
2ya6_ligand,4882,42759.8
2ya6_ligand,4883,34524.8
2ya6_ligand,4884,37638
2ya6_ligand,4885,49510.4
2ya6_ligand,4886,26904.8
2ya6_ligand,4887,31759.4
2ya6_ligand,4888,24459.9
2ya6_ligand,4889,37182.7
2ya6_ligand,4890,53518.6
2ya6_ligand,4891,95994.6
2ya6_ligand,4892,31625.9
2ya6_ligand,4893,26225.2
2ya6_ligand,4894,27061.2
2ya6_ligand,4895,25505
2ya6_ligand,4896,25276.5
2ya6_ligand,4897,25672.2
2ya6_ligand,4898,27405.8
2ya6_ligand,4899,34730.6
2ya6_ligand,4900,35729.5
2ya6_ligand,4901,25759.4
2ya6_ligand,4902,25314.1
2ya6_ligand,4903,32022.8
2ya6_ligand,4904,30103.4
2ya6_ligand,4905,40704.1
2ya6_ligand,4906,27816.1
2ya6_ligand,4907,29356.2
2ya6_ligand,4908,25865
2ya6_ligand,4909,26823.6
2ya6_ligand,4910,32199.8
2ya6_ligand,4911,27358.7
2ya6_ligand,4912,27431.1
2ya6_ligand,4913,26599
2ya6_ligand,4914,36059.9
2ya6_ligand,4915,39952.6
2ya6_ligand,4916,55647.4
2ya6_ligand,4917,47053.5
2ya6_ligand,4918,33458.2
2ya6_ligand,4919,31778.7
2ya6_ligand,4920,30919.8
2ya6_ligand,4921,24811.6
2ya6_ligand,4922,24543.7
2ya6_ligand,4923,26508.8
2ya6_ligand,4924,29415.6
2ya6_ligand,4925,28197.2
2ya6_ligand,4926,28367.2
2ya6_ligand,4927,25373.3
2ya6_ligand,4928,32953.4
2ya6_ligand,4929,27454.8
2ya6_ligand,4930,26934.6
2ya6_ligand,4931,30385.6
2ya6_ligand,4932,22937.7
2ya6_ligand,4933,26506.2
2ya6_ligand,4934,29702.5
2ya6_ligand,4935,29863.9
2ya6_ligand,4936,24958.5
2ya6_ligand,4937,23642.8
2ya6_ligand,4938,26999.2
2ya6_ligand,4939,24339.5
2ya6_ligand,4940,25470.8
2ya6_ligand,4941,39122.3
2ya6_ligand,4942,46747.6
2ya6_ligand,4943,67453.4
2ya6_ligand,4944,59222.8
2ya6_ligand,4945,40395.1
2ya6_ligand,4946,28261.9
2ya6_ligand,4947,25420.6
2ya6_ligand,4948,28331.4
2ya6_ligand,4949,29261.2
2ya6_ligand,4950,25382
2ya6_ligand,4951,27188.5
2ya6_ligand,4952,23996.7
2ya6_ligand,4953,23056.4
2ya6_ligand,4954,26150.8
2ya6_ligand,4955,26659
2ya6_ligand,4956,28025.3
2ya6_ligand,4957,24409.4
2ya6_ligand,4958,24532.8
2ya6_ligand,4959,26728
2ya6_ligand,4960,30691.2
2ya6_ligand,4961,30866.3
2ya6_ligand,4962,29880.5
2ya6_ligand,4963,28628.2
2ya6_ligand,4964,31696.7
2ya6_ligand,4965,31044.8
2ya6_ligand,4966,34325.4
2ya6_ligand,4967,32694.3
2ya6_ligand,4968,30890.3
2ya6_ligand,4969,48021.8
2ya6_ligand,4970,31751.6
2ya6_ligand,4971,48004.8
2ya6_ligand,4972,49226.1
2ya6_ligand,4973,32255.7
2ya6_ligand,4974,30853.2
2ya6_ligand,4975,33822.3
2ya6_ligand,4976,30541.6
2ya6_ligand,4977,48506.8
2ya6_ligand,4978,29149
2ya6_ligand,4979,36656.7
2ya6_ligand,4980,34969.9
2ya6_ligand,4981,29196.1
2ya6_ligand,4982,25790.8
2ya6_ligand,4983,25903.3
2ya6_ligand,4984,29033.5
2ya6_ligand,4985,29103.1
2ya6_ligand,4986,26003.1
2ya6_ligand,4987,31104.1
2ya6_ligand,4988,36669.6
2ya6_ligand,4989,37845
2ya6_ligand,4990,41674.9
2ya6_ligand,4991,41475.8
2ya6_ligand,4992,37691.4
2ya6_ligand,4993,44730.7
2ya6_ligand,4994,44471.8
2ya6_ligand,4995,29420.6
2ya6_ligand,4996,30647.1
2ya6_ligand,4997,55314.4
2ya6_ligand,4998,35162.9
2ya6_ligand,4999,35049.7
