ligand,iteration,com_distance
2ya6_ligand,0,0
2ya6_ligand,1,0.389636
2ya6_ligand,2,0.751326
2ya6_ligand,3,0.691565
2ya6_ligand,4,0.746926
2ya6_ligand,5,0.838158
2ya6_ligand,6,0.78032
2ya6_ligand,7,0.932161
2ya6_ligand,8,0.756749
2ya6_ligand,9,0.897169
2ya6_ligand,10,0.707388
2ya6_ligand,11,0.843289
2ya6_ligand,12,0.710702
2ya6_ligand,13,0.814744
2ya6_ligand,14,0.946722
2ya6_ligand,15,0.744895
2ya6_ligand,16,0.854812
2ya6_ligand,17,0.929352
2ya6_ligand,18,0.92738
2ya6_ligand,19,0.78627
2ya6_ligand,20,1.01725
2ya6_ligand,21,0.867943
2ya6_ligand,22,0.800328
2ya6_ligand,23,0.895783
2ya6_ligand,24,1.03109
2ya6_ligand,25,0.66332
2ya6_ligand,26,0.93196
2ya6_ligand,27,0.909978
2ya6_ligand,28,0.923237
2ya6_ligand,29,0.919345
2ya6_ligand,30,0.9733
2ya6_ligand,31,0.721382
2ya6_ligand,32,0.923685
2ya6_ligand,33,0.866679
2ya6_ligand,34,0.879612
2ya6_ligand,35,0.703031
2ya6_ligand,36,1.01345
2ya6_ligand,37,0.856186
2ya6_ligand,38,0.912765
2ya6_ligand,39,0.895621
2ya6_ligand,40,0.79782
2ya6_ligand,41,0.823074
2ya6_ligand,42,0.942528
2ya6_ligand,43,0.901644
2ya6_ligand,44,0.898281
2ya6_ligand,45,1.03039
2ya6_ligand,46,0.802519
2ya6_ligand,47,0.844811
2ya6_ligand,48,0.857738
2ya6_ligand,49,0.968697
2ya6_ligand,50,0.798887
2ya6_ligand,51,1.03636
2ya6_ligand,52,0.870974
2ya6_ligand,53,0.908593
2ya6_ligand,54,0.807729
2ya6_ligand,55,1.00602
2ya6_ligand,56,0.672475
2ya6_ligand,57,1.09972
2ya6_ligand,58,0.718882
2ya6_ligand,59,0.813666
2ya6_ligand,60,0.919682
2ya6_ligand,61,0.8727
2ya6_ligand,62,0.875385
2ya6_ligand,63,1.04142
2ya6_ligand,64,0.673816
2ya6_ligand,65,0.904079
2ya6_ligand,66,0.718545
2ya6_ligand,67,0.761677
2ya6_ligand,68,0.947277
2ya6_ligand,69,0.868477
2ya6_ligand,70,0.789713
2ya6_ligand,71,0.896366
2ya6_ligand,72,0.851313
2ya6_ligand,73,0.888045
2ya6_ligand,74,0.77837
2ya6_ligand,75,0.95773
2ya6_ligand,76,0.789145
2ya6_ligand,77,0.991788
2ya6_ligand,78,0.784654
2ya6_ligand,79,1.10454
2ya6_ligand,80,0.643157
2ya6_ligand,81,0.9289
2ya6_ligand,82,0.780112
2ya6_ligand,83,0.971539
2ya6_ligand,84,0.775573
2ya6_ligand,85,1.06123
2ya6_ligand,86,0.777065
2ya6_ligand,87,0.921357
2ya6_ligand,88,0.722154
2ya6_ligand,89,1.05267
2ya6_ligand,90,0.740988
2ya6_ligand,91,0.858126
2ya6_ligand,92,0.941839
2ya6_ligand,93,0.778463
2ya6_ligand,94,0.886006
2ya6_ligand,95,0.766161
2ya6_ligand,96,1.03605
2ya6_ligand,97,0.684696
2ya6_ligand,98,1.05977
2ya6_ligand,99,0.695295
2ya6_ligand,100,0.902559
2ya6_ligand,101,0.704621
2ya6_ligand,102,1.01958
2ya6_ligand,103,0.78033
2ya6_ligand,104,0.772414
2ya6_ligand,105,0.996866
2ya6_ligand,106,1.0384
2ya6_ligand,107,0.770516
2ya6_ligand,108,0.876381
2ya6_ligand,109,0.684869
2ya6_ligand,110,0.998307
2ya6_ligand,111,0.930386
2ya6_ligand,112,0.643001
2ya6_ligand,113,1.00123
2ya6_ligand,114,0.610869
2ya6_ligand,115,0.878789
2ya6_ligand,116,0.859842
2ya6_ligand,117,0.810978
2ya6_ligand,118,0.947924
2ya6_ligand,119,1.23672
2ya6_ligand,120,0.672902
2ya6_ligand,121,0.960301
2ya6_ligand,122,0.73228
2ya6_ligand,123,0.920627
2ya6_ligand,124,0.903063
2ya6_ligand,125,0.653475
2ya6_ligand,126,0.883667
2ya6_ligand,127,0.840877
2ya6_ligand,128,0.771626
2ya6_ligand,129,0.881552
2ya6_ligand,130,0.863381
2ya6_ligand,131,0.813397
2ya6_ligand,132,0.824787
2ya6_ligand,133,0.826465
2ya6_ligand,134,0.961484
2ya6_ligand,135,0.715806
2ya6_ligand,136,0.940975
2ya6_ligand,137,0.710175
2ya6_ligand,138,0.931194
2ya6_ligand,139,0.606364
2ya6_ligand,140,0.982507
2ya6_ligand,141,0.891238
2ya6_ligand,142,0.72946
2ya6_ligand,143,0.984232
2ya6_ligand,144,0.910995
2ya6_ligand,145,0.859779
2ya6_ligand,146,0.873129
2ya6_ligand,147,0.936967
2ya6_ligand,148,1.00317
2ya6_ligand,149,0.830309
2ya6_ligand,150,0.934414
2ya6_ligand,151,0.758367
2ya6_ligand,152,0.892967
2ya6_ligand,153,0.811814
2ya6_ligand,154,0.955061
2ya6_ligand,155,0.72556
2ya6_ligand,156,0.876142
2ya6_ligand,157,0.989573
2ya6_ligand,158,0.987702
2ya6_ligand,159,0.89473
2ya6_ligand,160,0.948417
2ya6_ligand,161,0.657125
2ya6_ligand,162,1.03145
2ya6_ligand,163,0.892428
2ya6_ligand,164,0.795704
2ya6_ligand,165,0.915271
2ya6_ligand,166,0.936333
2ya6_ligand,167,0.87152
2ya6_ligand,168,0.893339
2ya6_ligand,169,0.860105
2ya6_ligand,170,0.751609
2ya6_ligand,171,1.13915
2ya6_ligand,172,0.579297
2ya6_ligand,173,1.11593
2ya6_ligand,174,0.491683
2ya6_ligand,175,1.2991
2ya6_ligand,176,0.705057
2ya6_ligand,177,0.908601
2ya6_ligand,178,1.07185
2ya6_ligand,179,0.866316
2ya6_ligand,180,0.939142
2ya6_ligand,181,0.835324
2ya6_ligand,182,0.837089
2ya6_ligand,183,0.921758
2ya6_ligand,184,0.804539
2ya6_ligand,185,0.863182
2ya6_ligand,186,0.902953
2ya6_ligand,187,0.747229
2ya6_ligand,188,0.845627
2ya6_ligand,189,0.943305
2ya6_ligand,190,0.825902
2ya6_ligand,191,0.818093
2ya6_ligand,192,0.933195
2ya6_ligand,193,0.710342
2ya6_ligand,194,0.837634
2ya6_ligand,195,0.986395
2ya6_ligand,196,0.720525
2ya6_ligand,197,0.905609
2ya6_ligand,198,1.01625
2ya6_ligand,199,0.778221
2ya6_ligand,200,0.890589
2ya6_ligand,201,1.00071
2ya6_ligand,202,1.07036
2ya6_ligand,203,0.682842
2ya6_ligand,204,0.977561
2ya6_ligand,205,0.847085
2ya6_ligand,206,0.789806
2ya6_ligand,207,0.905617
2ya6_ligand,208,0.945365
2ya6_ligand,209,0.866127
2ya6_ligand,210,0.935665
2ya6_ligand,211,0.813316
2ya6_ligand,212,0.848754
2ya6_ligand,213,0.93658
2ya6_ligand,214,0.71876
2ya6_ligand,215,0.935474
2ya6_ligand,216,1.02358
2ya6_ligand,217,0.871191
2ya6_ligand,218,0.63728
2ya6_ligand,219,0.848511
2ya6_ligand,220,0.942692
2ya6_ligand,221,0.742602
2ya6_ligand,222,0.907884
2ya6_ligand,223,1.06489
2ya6_ligand,224,0.788895
2ya6_ligand,225,0.734672
2ya6_ligand,226,0.884487
2ya6_ligand,227,1.04006
2ya6_ligand,228,0.788584
2ya6_ligand,229,0.718837
2ya6_ligand,230,0.914201
2ya6_ligand,231,1.14421
2ya6_ligand,232,0.66165
2ya6_ligand,233,0.732855
2ya6_ligand,234,0.826463
2ya6_ligand,235,0.909069
2ya6_ligand,236,0.967238
2ya6_ligand,237,0.983009
2ya6_ligand,238,0.863955
2ya6_ligand,239,0.926996
2ya6_ligand,240,0.848891
2ya6_ligand,241,1.07482
2ya6_ligand,242,0.63423
2ya6_ligand,243,0.88086
2ya6_ligand,244,0.865986
2ya6_ligand,245,0.856696
2ya6_ligand,246,0.952576
2ya6_ligand,247,0.849096
2ya6_ligand,248,0.951983
2ya6_ligand,249,0.921103
2ya6_ligand,250,0.87606
2ya6_ligand,251,0.912039
2ya6_ligand,252,0.946217
2ya6_ligand,253,0.896631
2ya6_ligand,254,0.902602
2ya6_ligand,255,0.958076
2ya6_ligand,256,0.759313
2ya6_ligand,257,1.0477
2ya6_ligand,258,0.609995
2ya6_ligand,259,0.937203
2ya6_ligand,260,0.757167
2ya6_ligand,261,0.950342
2ya6_ligand,262,0.997364
2ya6_ligand,263,0.83664
2ya6_ligand,264,0.970612
2ya6_ligand,265,1.04805
2ya6_ligand,266,0.926016
2ya6_ligand,267,1.04984
2ya6_ligand,268,0.819494
2ya6_ligand,269,0.916339
2ya6_ligand,270,1.14252
2ya6_ligand,271,0.480685
2ya6_ligand,272,1.11229
2ya6_ligand,273,0.620349
2ya6_ligand,274,0.892378
2ya6_ligand,275,0.930194
2ya6_ligand,276,0.853318
2ya6_ligand,277,0.960042
2ya6_ligand,278,0.895942
2ya6_ligand,279,0.90905
2ya6_ligand,280,0.954016
2ya6_ligand,281,0.868112
2ya6_ligand,282,0.980891
2ya6_ligand,283,0.857755
2ya6_ligand,284,1.01279
2ya6_ligand,285,0.681507
2ya6_ligand,286,0.909187
2ya6_ligand,287,0.951898
2ya6_ligand,288,0.807379
2ya6_ligand,289,1.00472
2ya6_ligand,290,0.649076
2ya6_ligand,291,0.968314
2ya6_ligand,292,0.953899
2ya6_ligand,293,0.79366
2ya6_ligand,294,1.02003
2ya6_ligand,295,0.72628
2ya6_ligand,296,1.07676
2ya6_ligand,297,0.530803
2ya6_ligand,298,1.01151
2ya6_ligand,299,0.882816
2ya6_ligand,300,0.917704
2ya6_ligand,301,0.938661
2ya6_ligand,302,0.951729
2ya6_ligand,303,1.00254
2ya6_ligand,304,1.0618
2ya6_ligand,305,0.780271
2ya6_ligand,306,0.790769
2ya6_ligand,307,0.924633
2ya6_ligand,308,0.9281
2ya6_ligand,309,0.964721
2ya6_ligand,310,0.969518
2ya6_ligand,311,0.81884
2ya6_ligand,312,0.9632
2ya6_ligand,313,0.841815
2ya6_ligand,314,0.9175
2ya6_ligand,315,0.917528
2ya6_ligand,316,0.899326
2ya6_ligand,317,1.06594
2ya6_ligand,318,0.682674
2ya6_ligand,319,0.929643
2ya6_ligand,320,0.91816
2ya6_ligand,321,0.877881
2ya6_ligand,322,0.933083
2ya6_ligand,323,0.939057
2ya6_ligand,324,0.819581
2ya6_ligand,325,0.907093
2ya6_ligand,326,1.0654
2ya6_ligand,327,0.77133
2ya6_ligand,328,0.939345
2ya6_ligand,329,0.973675
2ya6_ligand,330,0.755496
2ya6_ligand,331,0.964569
2ya6_ligand,332,0.828459
2ya6_ligand,333,0.881871
2ya6_ligand,334,0.92219
2ya6_ligand,335,0.959626
2ya6_ligand,336,0.712575
2ya6_ligand,337,0.861138
2ya6_ligand,338,0.923409
2ya6_ligand,339,1.06994
2ya6_ligand,340,0.841009
2ya6_ligand,341,1.18537
2ya6_ligand,342,0.565432
2ya6_ligand,343,0.90559
2ya6_ligand,344,0.886617
2ya6_ligand,345,0.944732
2ya6_ligand,346,0.887673
2ya6_ligand,347,0.967101
2ya6_ligand,348,0.814361
2ya6_ligand,349,0.924276
2ya6_ligand,350,0.906373
2ya6_ligand,351,0.950379
2ya6_ligand,352,0.939415
2ya6_ligand,353,0.930727
2ya6_ligand,354,0.860385
2ya6_ligand,355,1.03397
2ya6_ligand,356,0.730251
2ya6_ligand,357,0.958232
2ya6_ligand,358,1.05785
2ya6_ligand,359,0.718179
2ya6_ligand,360,0.884846
2ya6_ligand,361,0.894642
2ya6_ligand,362,0.933702
2ya6_ligand,363,0.917561
2ya6_ligand,364,0.908735
2ya6_ligand,365,0.954349
2ya6_ligand,366,0.7899
2ya6_ligand,367,1.01584
2ya6_ligand,368,0.659516
2ya6_ligand,369,0.944984
2ya6_ligand,370,0.857289
2ya6_ligand,371,1.00914
2ya6_ligand,372,0.785985
2ya6_ligand,373,0.914029
2ya6_ligand,374,1.07756
2ya6_ligand,375,1.00874
2ya6_ligand,376,0.689831
2ya6_ligand,377,0.975635
2ya6_ligand,378,0.719421
2ya6_ligand,379,0.965313
2ya6_ligand,380,0.74896
2ya6_ligand,381,1.00998
2ya6_ligand,382,0.988062
2ya6_ligand,383,0.751661
2ya6_ligand,384,0.961676
2ya6_ligand,385,0.888763
2ya6_ligand,386,0.928554
2ya6_ligand,387,0.94279
2ya6_ligand,388,1.00488
2ya6_ligand,389,0.687132
2ya6_ligand,390,0.992535
2ya6_ligand,391,1.11157
2ya6_ligand,392,0.678893
2ya6_ligand,393,1.00643
2ya6_ligand,394,0.916477
2ya6_ligand,395,1.07527
2ya6_ligand,396,0.717742
2ya6_ligand,397,1.00187
2ya6_ligand,398,0.968115
2ya6_ligand,399,0.8676
2ya6_ligand,400,1.03792
2ya6_ligand,401,0.768258
2ya6_ligand,402,1.06336
2ya6_ligand,403,0.825574
2ya6_ligand,404,0.871195
2ya6_ligand,405,0.996709
2ya6_ligand,406,0.812079
2ya6_ligand,407,0.878246
2ya6_ligand,408,0.879194
2ya6_ligand,409,0.956001
2ya6_ligand,410,0.984811
2ya6_ligand,411,0.764564
2ya6_ligand,412,0.961058
2ya6_ligand,413,0.906864
2ya6_ligand,414,0.922103
2ya6_ligand,415,1.01282
2ya6_ligand,416,0.717777
2ya6_ligand,417,0.991754
2ya6_ligand,418,0.689816
2ya6_ligand,419,0.977394
2ya6_ligand,420,0.733853
2ya6_ligand,421,1.01289
2ya6_ligand,422,0.725366
2ya6_ligand,423,0.844254
2ya6_ligand,424,0.82468
2ya6_ligand,425,1.01512
2ya6_ligand,426,0.77831
2ya6_ligand,427,0.885128
2ya6_ligand,428,0.854306
2ya6_ligand,429,0.999768
2ya6_ligand,430,0.996863
2ya6_ligand,431,0.767763
2ya6_ligand,432,0.988256
2ya6_ligand,433,0.874689
2ya6_ligand,434,0.899048
2ya6_ligand,435,0.890973
2ya6_ligand,436,0.964684
2ya6_ligand,437,1.01138
2ya6_ligand,438,0.772765
2ya6_ligand,439,1.03078
2ya6_ligand,440,0.5943
2ya6_ligand,441,0.97027
2ya6_ligand,442,0.921753
2ya6_ligand,443,1.03528
2ya6_ligand,444,0.738772
2ya6_ligand,445,1.08436
2ya6_ligand,446,0.772448
2ya6_ligand,447,0.870481
2ya6_ligand,448,0.851061
2ya6_ligand,449,1.00412
2ya6_ligand,450,0.819876
2ya6_ligand,451,0.903664
2ya6_ligand,452,0.938854
2ya6_ligand,453,0.910832
2ya6_ligand,454,0.982049
2ya6_ligand,455,0.833616
2ya6_ligand,456,1.01449
2ya6_ligand,457,0.698071
2ya6_ligand,458,1.00129
2ya6_ligand,459,0.697232
2ya6_ligand,460,0.988059
2ya6_ligand,461,1.03322
2ya6_ligand,462,0.818352
2ya6_ligand,463,1.2305
2ya6_ligand,464,0.602907
2ya6_ligand,465,1.02234
2ya6_ligand,466,0.900548
2ya6_ligand,467,0.906097
2ya6_ligand,468,0.981496
2ya6_ligand,469,0.914392
2ya6_ligand,470,1.02379
2ya6_ligand,471,0.812463
2ya6_ligand,472,0.892508
2ya6_ligand,473,0.87899
2ya6_ligand,474,0.933994
2ya6_ligand,475,0.951023
2ya6_ligand,476,0.869401
2ya6_ligand,477,0.941935
2ya6_ligand,478,1.02426
2ya6_ligand,479,0.781584
2ya6_ligand,480,1.00654
2ya6_ligand,481,0.87849
2ya6_ligand,482,1.20798
2ya6_ligand,483,0.631973
2ya6_ligand,484,0.875284
2ya6_ligand,485,0.883538
2ya6_ligand,486,0.956421
2ya6_ligand,487,0.908466
2ya6_ligand,488,0.895312
2ya6_ligand,489,0.889152
2ya6_ligand,490,0.931889
2ya6_ligand,491,0.911095
2ya6_ligand,492,0.953622
2ya6_ligand,493,0.952097
2ya6_ligand,494,0.913659
2ya6_ligand,495,0.956864
2ya6_ligand,496,0.948793
2ya6_ligand,497,0.989747
2ya6_ligand,498,0.786923
2ya6_ligand,499,0.969189
2ya6_ligand,500,0.995914
2ya6_ligand,501,0.767954
2ya6_ligand,502,1.02103
2ya6_ligand,503,0.690317
2ya6_ligand,504,0.918994
2ya6_ligand,505,0.948994
2ya6_ligand,506,0.988947
2ya6_ligand,507,0.96166
2ya6_ligand,508,0.834195
2ya6_ligand,509,1.0318
2ya6_ligand,510,0.73071
2ya6_ligand,511,0.968696
2ya6_ligand,512,0.896951
2ya6_ligand,513,1.17872
2ya6_ligand,514,0.643456
2ya6_ligand,515,0.923389
2ya6_ligand,516,0.894553
2ya6_ligand,517,1.00012
2ya6_ligand,518,0.789325
2ya6_ligand,519,1.00798
2ya6_ligand,520,0.724078
2ya6_ligand,521,0.973177
2ya6_ligand,522,1.03761
2ya6_ligand,523,0.86308
2ya6_ligand,524,0.958146
2ya6_ligand,525,1.06613
2ya6_ligand,526,0.7495
2ya6_ligand,527,1.06367
2ya6_ligand,528,0.698848
2ya6_ligand,529,0.801212
2ya6_ligand,530,1.22791
2ya6_ligand,531,0.715962
2ya6_ligand,532,0.825644
2ya6_ligand,533,0.921984
2ya6_ligand,534,0.900197
2ya6_ligand,535,0.898127
2ya6_ligand,536,0.953144
2ya6_ligand,537,1.00203
2ya6_ligand,538,0.924332
2ya6_ligand,539,0.904909
2ya6_ligand,540,0.87492
2ya6_ligand,541,0.872039
2ya6_ligand,542,0.98307
2ya6_ligand,543,0.96434
2ya6_ligand,544,0.957024
2ya6_ligand,545,0.904346
2ya6_ligand,546,1.02396
2ya6_ligand,547,0.768116
2ya6_ligand,548,0.971466
2ya6_ligand,549,0.924979
2ya6_ligand,550,1.05715
2ya6_ligand,551,0.792458
2ya6_ligand,552,1.02992
2ya6_ligand,553,0.814945
2ya6_ligand,554,1.08953
2ya6_ligand,555,0.956468
2ya6_ligand,556,0.970434
2ya6_ligand,557,0.831249
2ya6_ligand,558,1.01623
2ya6_ligand,559,0.728377
2ya6_ligand,560,1.03198
2ya6_ligand,561,0.810811
2ya6_ligand,562,0.914058
2ya6_ligand,563,1.08281
2ya6_ligand,564,0.736421
2ya6_ligand,565,1.19596
2ya6_ligand,566,0.600493
2ya6_ligand,567,0.914866
2ya6_ligand,568,0.923315
2ya6_ligand,569,0.918855
2ya6_ligand,570,0.924368
2ya6_ligand,571,0.977224
2ya6_ligand,572,0.894606
2ya6_ligand,573,0.963002
2ya6_ligand,574,0.98918
2ya6_ligand,575,0.815532
2ya6_ligand,576,0.964251
2ya6_ligand,577,1.02904
2ya6_ligand,578,0.755726
2ya6_ligand,579,0.975468
2ya6_ligand,580,0.861918
2ya6_ligand,581,1.04077
2ya6_ligand,582,0.720853
2ya6_ligand,583,0.96438
2ya6_ligand,584,1.0565
2ya6_ligand,585,0.689275
2ya6_ligand,586,0.847685
2ya6_ligand,587,0.897459
2ya6_ligand,588,1.01506
2ya6_ligand,589,0.794121
2ya6_ligand,590,1.09184
2ya6_ligand,591,0.745586
2ya6_ligand,592,0.909523
2ya6_ligand,593,0.879981
2ya6_ligand,594,0.911891
2ya6_ligand,595,1.03872
2ya6_ligand,596,0.769201
2ya6_ligand,597,1.06647
2ya6_ligand,598,0.74801
2ya6_ligand,599,1.06541
2ya6_ligand,600,0.687511
2ya6_ligand,601,0.876025
2ya6_ligand,602,0.913766
2ya6_ligand,603,0.981954
2ya6_ligand,604,0.923084
2ya6_ligand,605,0.915805
2ya6_ligand,606,0.979516
2ya6_ligand,607,1.00788
2ya6_ligand,608,1.03913
2ya6_ligand,609,0.997738
2ya6_ligand,610,0.818655
2ya6_ligand,611,1.07838
2ya6_ligand,612,0.63144
2ya6_ligand,613,0.926737
2ya6_ligand,614,0.936294
2ya6_ligand,615,0.983086
2ya6_ligand,616,1.01751
2ya6_ligand,617,1.01003
2ya6_ligand,618,0.861512
2ya6_ligand,619,1.0076
2ya6_ligand,620,1
2ya6_ligand,621,0.761551
2ya6_ligand,622,1.09436
2ya6_ligand,623,0.575634
2ya6_ligand,624,1.05578
2ya6_ligand,625,0.931844
2ya6_ligand,626,0.949046
2ya6_ligand,627,0.948741
2ya6_ligand,628,0.965963
2ya6_ligand,629,0.89626
2ya6_ligand,630,1.02152
2ya6_ligand,631,0.737637
2ya6_ligand,632,0.997876
2ya6_ligand,633,0.763515
2ya6_ligand,634,1.03192
2ya6_ligand,635,0.815604
2ya6_ligand,636,0.983367
2ya6_ligand,637,0.85153
2ya6_ligand,638,1.0085
2ya6_ligand,639,1.01951
2ya6_ligand,640,0.882814
2ya6_ligand,641,1.01042
2ya6_ligand,642,0.983588
2ya6_ligand,643,0.841771
2ya6_ligand,644,1.13996
2ya6_ligand,645,0.694524
2ya6_ligand,646,1.04733
2ya6_ligand,647,0.673831
2ya6_ligand,648,0.981017
2ya6_ligand,649,1.04753
2ya6_ligand,650,0.724355
2ya6_ligand,651,0.896406
2ya6_ligand,652,0.893243
2ya6_ligand,653,1.03269
2ya6_ligand,654,0.854933
2ya6_ligand,655,1.25427
2ya6_ligand,656,0.602178
2ya6_ligand,657,0.843379
2ya6_ligand,658,1.08615
2ya6_ligand,659,0.75972
2ya6_ligand,660,0.802171
2ya6_ligand,661,0.815775
2ya6_ligand,662,0.93645
2ya6_ligand,663,0.930072
2ya6_ligand,664,0.974793
2ya6_ligand,665,0.919915
2ya6_ligand,666,0.970805
2ya6_ligand,667,0.979515
2ya6_ligand,668,0.920984
2ya6_ligand,669,0.961178
2ya6_ligand,670,0.957917
2ya6_ligand,671,0.893846
2ya6_ligand,672,1.02606
2ya6_ligand,673,0.789575
2ya6_ligand,674,0.96198
2ya6_ligand,675,0.907225
2ya6_ligand,676,0.881508
2ya6_ligand,677,0.97493
2ya6_ligand,678,0.95209
2ya6_ligand,679,0.911726
2ya6_ligand,680,1.01731
2ya6_ligand,681,0.772397
2ya6_ligand,682,1.06926
2ya6_ligand,683,0.712973
2ya6_ligand,684,0.92111
2ya6_ligand,685,0.913509
2ya6_ligand,686,0.902673
2ya6_ligand,687,1.05849
2ya6_ligand,688,0.827738
2ya6_ligand,689,1.18555
2ya6_ligand,690,0.651395
2ya6_ligand,691,0.766347
2ya6_ligand,692,0.835796
2ya6_ligand,693,0.927946
2ya6_ligand,694,0.928152
2ya6_ligand,695,0.987898
2ya6_ligand,696,0.802381
2ya6_ligand,697,0.913318
2ya6_ligand,698,0.917567
2ya6_ligand,699,1.01975
2ya6_ligand,700,0.771352
2ya6_ligand,701,0.954295
2ya6_ligand,702,0.998277
2ya6_ligand,703,0.863762
2ya6_ligand,704,0.983439
2ya6_ligand,705,0.927083
2ya6_ligand,706,0.880899
2ya6_ligand,707,0.985615
2ya6_ligand,708,0.767039
2ya6_ligand,709,0.994608
2ya6_ligand,710,0.72051
2ya6_ligand,711,1.0552
2ya6_ligand,712,0.736619
2ya6_ligand,713,0.988685
2ya6_ligand,714,1.01283
2ya6_ligand,715,0.766362
2ya6_ligand,716,0.943633
2ya6_ligand,717,0.989124
2ya6_ligand,718,0.811537
2ya6_ligand,719,0.936804
2ya6_ligand,720,0.958743
2ya6_ligand,721,0.864768
2ya6_ligand,722,0.953623
2ya6_ligand,723,0.950411
2ya6_ligand,724,0.979917
2ya6_ligand,725,0.733062
2ya6_ligand,726,0.905929
2ya6_ligand,727,0.928747
2ya6_ligand,728,1.0464
2ya6_ligand,729,0.692267
2ya6_ligand,730,0.916333
2ya6_ligand,731,0.920114
2ya6_ligand,732,0.921328
2ya6_ligand,733,1.06682
2ya6_ligand,734,0.8535
2ya6_ligand,735,1.18136
2ya6_ligand,736,0.628512
2ya6_ligand,737,0.89032
2ya6_ligand,738,0.925084
2ya6_ligand,739,0.870236
2ya6_ligand,740,0.944016
2ya6_ligand,741,0.913121
2ya6_ligand,742,0.950929
2ya6_ligand,743,0.935069
2ya6_ligand,744,0.938835
2ya6_ligand,745,0.885234
2ya6_ligand,746,0.944516
2ya6_ligand,747,0.883239
2ya6_ligand,748,0.998166
2ya6_ligand,749,0.766095
2ya6_ligand,750,0.944866
2ya6_ligand,751,0.874556
2ya6_ligand,752,0.978324
2ya6_ligand,753,0.781939
2ya6_ligand,754,1.05636
2ya6_ligand,755,0.840509
2ya6_ligand,756,0.859026
2ya6_ligand,757,1.0865
2ya6_ligand,758,0.679985
2ya6_ligand,759,0.938994
2ya6_ligand,760,0.922019
2ya6_ligand,761,0.952363
2ya6_ligand,762,0.947629
2ya6_ligand,763,0.976364
2ya6_ligand,764,0.880505
2ya6_ligand,765,1.12917
2ya6_ligand,766,0.749473
2ya6_ligand,767,0.985392
2ya6_ligand,768,0.851149
2ya6_ligand,769,0.949219
2ya6_ligand,770,0.927786
2ya6_ligand,771,1.02996
2ya6_ligand,772,0.789404
2ya6_ligand,773,1.02499
2ya6_ligand,774,0.659177
2ya6_ligand,775,0.959324
2ya6_ligand,776,0.922112
2ya6_ligand,777,1.0125
2ya6_ligand,778,0.802798
2ya6_ligand,779,1.07925
2ya6_ligand,780,0.596236
2ya6_ligand,781,0.943799
2ya6_ligand,782,0.978445
2ya6_ligand,783,0.824118
2ya6_ligand,784,0.941773
2ya6_ligand,785,0.992732
2ya6_ligand,786,0.883717
2ya6_ligand,787,1.09613
2ya6_ligand,788,0.896535
2ya6_ligand,789,0.90816
2ya6_ligand,790,0.929571
2ya6_ligand,791,0.922389
2ya6_ligand,792,0.886618
2ya6_ligand,793,0.994007
2ya6_ligand,794,0.727202
2ya6_ligand,795,0.951422
2ya6_ligand,796,0.846076
2ya6_ligand,797,1.1735
2ya6_ligand,798,0.717906
2ya6_ligand,799,0.862946
2ya6_ligand,800,0.94061
2ya6_ligand,801,0.972024
2ya6_ligand,802,0.875068
2ya6_ligand,803,0.938365
2ya6_ligand,804,0.935542
2ya6_ligand,805,0.961435
2ya6_ligand,806,0.924307
2ya6_ligand,807,0.992426
2ya6_ligand,808,0.865524
2ya6_ligand,809,1.08513
2ya6_ligand,810,0.855554
2ya6_ligand,811,0.978023
2ya6_ligand,812,0.943277
2ya6_ligand,813,0.994985
2ya6_ligand,814,0.727334
2ya6_ligand,815,1.00987
2ya6_ligand,816,0.762095
2ya6_ligand,817,0.939161
2ya6_ligand,818,0.941435
2ya6_ligand,819,0.959934
2ya6_ligand,820,0.989614
2ya6_ligand,821,0.841876
2ya6_ligand,822,0.991417
2ya6_ligand,823,0.725823
2ya6_ligand,824,1.01834
2ya6_ligand,825,0.684011
2ya6_ligand,826,0.966026
2ya6_ligand,827,0.901996
2ya6_ligand,828,0.986953
2ya6_ligand,829,0.949417
2ya6_ligand,830,0.851767
2ya6_ligand,831,0.9754
2ya6_ligand,832,0.700203
2ya6_ligand,833,0.998121
2ya6_ligand,834,0.699611
2ya6_ligand,835,0.987897
2ya6_ligand,836,1.1014
2ya6_ligand,837,0.656392
2ya6_ligand,838,1.0678
2ya6_ligand,839,0.76354
2ya6_ligand,840,0.921804
2ya6_ligand,841,0.932982
2ya6_ligand,842,0.899543
2ya6_ligand,843,0.966118
2ya6_ligand,844,0.983204
2ya6_ligand,845,0.745071
2ya6_ligand,846,0.966518
2ya6_ligand,847,0.845599
2ya6_ligand,848,1.08356
2ya6_ligand,849,0.61581
2ya6_ligand,850,0.849956
2ya6_ligand,851,0.940556
2ya6_ligand,852,0.918285
2ya6_ligand,853,0.906131
2ya6_ligand,854,1.01409
2ya6_ligand,855,0.786202
2ya6_ligand,856,1.06375
2ya6_ligand,857,0.624785
2ya6_ligand,858,0.909204
2ya6_ligand,859,0.844229
2ya6_ligand,860,0.970123
2ya6_ligand,861,0.994925
2ya6_ligand,862,0.876075
2ya6_ligand,863,1.01901
2ya6_ligand,864,0.713775
2ya6_ligand,865,0.992442
2ya6_ligand,866,0.764728
2ya6_ligand,867,1.04219
2ya6_ligand,868,0.756017
2ya6_ligand,869,0.914783
2ya6_ligand,870,0.859884
2ya6_ligand,871,0.939225
2ya6_ligand,872,1.04751
2ya6_ligand,873,0.765982
2ya6_ligand,874,1.07259
2ya6_ligand,875,0.682338
2ya6_ligand,876,0.824276
2ya6_ligand,877,1.03372
2ya6_ligand,878,0.928151
2ya6_ligand,879,1.01871
2ya6_ligand,880,0.845053
2ya6_ligand,881,0.961948
2ya6_ligand,882,0.96792
2ya6_ligand,883,0.914142
2ya6_ligand,884,1.09061
2ya6_ligand,885,0.67665
2ya6_ligand,886,1.02854
2ya6_ligand,887,0.962199
2ya6_ligand,888,0.921849
2ya6_ligand,889,0.914217
2ya6_ligand,890,0.916284
2ya6_ligand,891,0.962047
2ya6_ligand,892,0.935529
2ya6_ligand,893,0.982948
2ya6_ligand,894,0.856777
2ya6_ligand,895,1.03145
2ya6_ligand,896,0.750382
2ya6_ligand,897,1.02305
2ya6_ligand,898,0.702671
2ya6_ligand,899,0.964387
2ya6_ligand,900,0.989318
2ya6_ligand,901,0.825454
2ya6_ligand,902,1.08015
2ya6_ligand,903,0.65003
2ya6_ligand,904,0.897888
2ya6_ligand,905,1.00081
2ya6_ligand,906,0.93046
2ya6_ligand,907,0.971215
2ya6_ligand,908,0.936946
2ya6_ligand,909,0.995023
2ya6_ligand,910,0.892916
2ya6_ligand,911,1.23791
2ya6_ligand,912,0.841189
2ya6_ligand,913,1.18004
2ya6_ligand,914,0.701873
2ya6_ligand,915,0.965067
2ya6_ligand,916,0.952875
2ya6_ligand,917,0.8718
2ya6_ligand,918,0.934593
2ya6_ligand,919,0.890076
2ya6_ligand,920,0.954724
2ya6_ligand,921,0.923272
2ya6_ligand,922,0.960581
2ya6_ligand,923,0.879221
2ya6_ligand,924,0.92334
2ya6_ligand,925,0.962539
2ya6_ligand,926,0.796135
2ya6_ligand,927,0.98254
2ya6_ligand,928,0.805262
2ya6_ligand,929,1.00226
2ya6_ligand,930,0.757832
2ya6_ligand,931,0.968917
2ya6_ligand,932,0.798141
2ya6_ligand,933,1.004
2ya6_ligand,934,0.790984
2ya6_ligand,935,1.13039
2ya6_ligand,936,0.805416
2ya6_ligand,937,0.875707
2ya6_ligand,938,0.952655
2ya6_ligand,939,0.945999
2ya6_ligand,940,1.01639
2ya6_ligand,941,0.782618
2ya6_ligand,942,1.02937
2ya6_ligand,943,0.674563
2ya6_ligand,944,0.919793
2ya6_ligand,945,0.952681
2ya6_ligand,946,0.966238
2ya6_ligand,947,0.866996
2ya6_ligand,948,0.93736
2ya6_ligand,949,0.999927
2ya6_ligand,950,0.787509
2ya6_ligand,951,1.00146
2ya6_ligand,952,0.712207
2ya6_ligand,953,0.940224
2ya6_ligand,954,0.990824
2ya6_ligand,955,0.910821
2ya6_ligand,956,0.931955
2ya6_ligand,957,1.04146
2ya6_ligand,958,0.779044
2ya6_ligand,959,1.1434
2ya6_ligand,960,0.766357
2ya6_ligand,961,0.85126
2ya6_ligand,962,0.958981
2ya6_ligand,963,0.952711
2ya6_ligand,964,0.881684
2ya6_ligand,965,0.956169
2ya6_ligand,966,0.844838
2ya6_ligand,967,1.02379
2ya6_ligand,968,0.732859
2ya6_ligand,969,0.986043
2ya6_ligand,970,0.70141
2ya6_ligand,971,0.948394
2ya6_ligand,972,0.93256
2ya6_ligand,973,1.03569
2ya6_ligand,974,0.783562
2ya6_ligand,975,1.12439
2ya6_ligand,976,0.705312
2ya6_ligand,977,0.767187
2ya6_ligand,978,0.900365
2ya6_ligand,979,0.892035
2ya6_ligand,980,0.930615
2ya6_ligand,981,0.97373
2ya6_ligand,982,0.763387
2ya6_ligand,983,0.895188
2ya6_ligand,984,0.909824
2ya6_ligand,985,0.974847
2ya6_ligand,986,0.725134
2ya6_ligand,987,0.92719
2ya6_ligand,988,0.929126
2ya6_ligand,989,0.979006
2ya6_ligand,990,0.710574
2ya6_ligand,991,0.894648
2ya6_ligand,992,0.99816
2ya6_ligand,993,0.710795
2ya6_ligand,994,0.901438
2ya6_ligand,995,0.95108
2ya6_ligand,996,0.997885
2ya6_ligand,997,0.833974
2ya6_ligand,998,0.949059
2ya6_ligand,999,1.12844
2ya6_ligand,1000,0.697358
2ya6_ligand,1001,0.836478
2ya6_ligand,1002,0.884282
2ya6_ligand,1003,0.917677
2ya6_ligand,1004,0.939521
2ya6_ligand,1005,0.967505
2ya6_ligand,1006,0.940365
2ya6_ligand,1007,1.01965
2ya6_ligand,1008,0.751257
2ya6_ligand,1009,0.963473
2ya6_ligand,1010,1.01049
2ya6_ligand,1011,0.775678
2ya6_ligand,1012,0.911367
2ya6_ligand,1013,0.959193
2ya6_ligand,1014,0.872188
2ya6_ligand,1015,1.05921
2ya6_ligand,1016,0.698849
2ya6_ligand,1017,1.0178
2ya6_ligand,1018,0.720611
2ya6_ligand,1019,0.875057
2ya6_ligand,1020,0.912479
2ya6_ligand,1021,0.883453
2ya6_ligand,1022,1.01264
2ya6_ligand,1023,0.707975
2ya6_ligand,1024,0.956114
2ya6_ligand,1025,0.994305
2ya6_ligand,1026,0.918142
2ya6_ligand,1027,0.966915
2ya6_ligand,1028,0.955599
2ya6_ligand,1029,1.01571
2ya6_ligand,1030,0.836409
2ya6_ligand,1031,0.957665
2ya6_ligand,1032,1.17496
2ya6_ligand,1033,0.843977
2ya6_ligand,1034,1.20329
2ya6_ligand,1035,0.877867
2ya6_ligand,1036,0.928759
2ya6_ligand,1037,0.873408
2ya6_ligand,1038,0.876714
2ya6_ligand,1039,0.882538
2ya6_ligand,1040,0.881234
2ya6_ligand,1041,0.933603
2ya6_ligand,1042,0.920488
2ya6_ligand,1043,0.96719
2ya6_ligand,1044,0.954434
2ya6_ligand,1045,0.993508
2ya6_ligand,1046,0.875582
2ya6_ligand,1047,0.944946
2ya6_ligand,1048,0.896731
2ya6_ligand,1049,0.99387
2ya6_ligand,1050,0.802408
2ya6_ligand,1051,0.981437
2ya6_ligand,1052,0.78424
2ya6_ligand,1053,1.0237
2ya6_ligand,1054,0.821912
2ya6_ligand,1055,1.20772
2ya6_ligand,1056,0.602698
2ya6_ligand,1057,0.735516
2ya6_ligand,1058,0.894583
2ya6_ligand,1059,0.901412
2ya6_ligand,1060,0.979587
2ya6_ligand,1061,0.851519
2ya6_ligand,1062,0.946856
2ya6_ligand,1063,0.959847
2ya6_ligand,1064,0.938413
2ya6_ligand,1065,0.967117
2ya6_ligand,1066,0.987357
2ya6_ligand,1067,0.922403
2ya6_ligand,1068,0.99029
2ya6_ligand,1069,0.947636
2ya6_ligand,1070,0.939013
2ya6_ligand,1071,0.986698
2ya6_ligand,1072,0.818663
2ya6_ligand,1073,1.01521
2ya6_ligand,1074,0.792194
2ya6_ligand,1075,1.04164
2ya6_ligand,1076,0.703157
2ya6_ligand,1077,0.941006
2ya6_ligand,1078,0.984348
2ya6_ligand,1079,0.919395
2ya6_ligand,1080,0.937197
2ya6_ligand,1081,0.936627
2ya6_ligand,1082,1.01768
2ya6_ligand,1083,0.819574
2ya6_ligand,1084,1.06495
2ya6_ligand,1085,0.69497
2ya6_ligand,1086,0.997448
2ya6_ligand,1087,0.893797
2ya6_ligand,1088,0.866381
2ya6_ligand,1089,0.940391
2ya6_ligand,1090,0.889668
2ya6_ligand,1091,0.890572
2ya6_ligand,1092,0.910471
2ya6_ligand,1093,0.944429
2ya6_ligand,1094,0.92718
2ya6_ligand,1095,1.01664
2ya6_ligand,1096,0.737948
2ya6_ligand,1097,0.943557
2ya6_ligand,1098,0.999423
2ya6_ligand,1099,0.766751
2ya6_ligand,1100,1.05755
2ya6_ligand,1101,0.626166
2ya6_ligand,1102,0.901496
2ya6_ligand,1103,0.932531
2ya6_ligand,1104,0.92437
2ya6_ligand,1105,0.855956
2ya6_ligand,1106,0.991658
2ya6_ligand,1107,0.715515
2ya6_ligand,1108,0.925149
2ya6_ligand,1109,0.797104
2ya6_ligand,1110,1.07857
2ya6_ligand,1111,0.768242
2ya6_ligand,1112,0.850217
2ya6_ligand,1113,0.879737
2ya6_ligand,1114,0.951398
2ya6_ligand,1115,0.93831
2ya6_ligand,1116,0.87465
2ya6_ligand,1117,1.00359
2ya6_ligand,1118,0.733928
2ya6_ligand,1119,1.02946
2ya6_ligand,1120,0.717523
2ya6_ligand,1121,0.857518
2ya6_ligand,1122,0.953062
2ya6_ligand,1123,0.92096
2ya6_ligand,1124,1.02555
2ya6_ligand,1125,0.694984
2ya6_ligand,1126,0.923627
2ya6_ligand,1127,0.973685
2ya6_ligand,1128,0.904251
2ya6_ligand,1129,0.957625
2ya6_ligand,1130,0.911055
2ya6_ligand,1131,0.969685
2ya6_ligand,1132,0.92023
2ya6_ligand,1133,1.00528
2ya6_ligand,1134,0.893992
2ya6_ligand,1135,0.964069
2ya6_ligand,1136,1.12152
2ya6_ligand,1137,0.845967
2ya6_ligand,1138,0.946158
2ya6_ligand,1139,0.90508
2ya6_ligand,1140,0.898817
2ya6_ligand,1141,0.963254
2ya6_ligand,1142,0.962856
2ya6_ligand,1143,0.936852
2ya6_ligand,1144,0.92967
2ya6_ligand,1145,0.97674
2ya6_ligand,1146,0.743107
2ya6_ligand,1147,1.01831
2ya6_ligand,1148,0.715548
2ya6_ligand,1149,0.978772
2ya6_ligand,1150,0.839762
2ya6_ligand,1151,1.1408
2ya6_ligand,1152,0.624124
2ya6_ligand,1153,0.908674
2ya6_ligand,1154,0.993374
2ya6_ligand,1155,0.78899
2ya6_ligand,1156,1.00556
2ya6_ligand,1157,1.0499
2ya6_ligand,1158,0.768645
2ya6_ligand,1159,0.982854
2ya6_ligand,1160,0.757761
2ya6_ligand,1161,1.00738
2ya6_ligand,1162,0.767591
2ya6_ligand,1163,1.08296
2ya6_ligand,1164,0.995869
2ya6_ligand,1165,0.923405
2ya6_ligand,1166,0.96187
2ya6_ligand,1167,0.920736
2ya6_ligand,1168,1.01191
2ya6_ligand,1169,0.750855
2ya6_ligand,1170,1.0464
2ya6_ligand,1171,0.723264
2ya6_ligand,1172,1.05091
2ya6_ligand,1173,0.800996
2ya6_ligand,1174,0.929676
2ya6_ligand,1175,1.1673
2ya6_ligand,1176,0.754525
2ya6_ligand,1177,1.03644
2ya6_ligand,1178,0.922525
2ya6_ligand,1179,0.856183
2ya6_ligand,1180,0.959189
2ya6_ligand,1181,0.946019
2ya6_ligand,1182,0.929082
2ya6_ligand,1183,1.00596
2ya6_ligand,1184,0.763034
2ya6_ligand,1185,1.0167
2ya6_ligand,1186,0.706075
2ya6_ligand,1187,1.00245
2ya6_ligand,1188,0.955103
2ya6_ligand,1189,0.895185
2ya6_ligand,1190,0.940411
2ya6_ligand,1191,0.893902
2ya6_ligand,1192,1.04413
2ya6_ligand,1193,0.722085
2ya6_ligand,1194,1.11996
2ya6_ligand,1195,0.785845
2ya6_ligand,1196,0.837312
2ya6_ligand,1197,0.914878
2ya6_ligand,1198,0.88906
2ya6_ligand,1199,0.958728
2ya6_ligand,1200,0.967913
2ya6_ligand,1201,0.851499
2ya6_ligand,1202,1.00246
2ya6_ligand,1203,0.712831
2ya6_ligand,1204,1.05893
2ya6_ligand,1205,0.587463
2ya6_ligand,1206,0.851144
2ya6_ligand,1207,0.927866
2ya6_ligand,1208,1.00565
2ya6_ligand,1209,0.817348
2ya6_ligand,1210,1.08695
2ya6_ligand,1211,0.737961
2ya6_ligand,1212,0.97505
2ya6_ligand,1213,0.991157
2ya6_ligand,1214,0.931929
2ya6_ligand,1215,0.93886
2ya6_ligand,1216,0.922372
2ya6_ligand,1217,1.00914
2ya6_ligand,1218,0.895238
2ya6_ligand,1219,1.1911
2ya6_ligand,1220,0.580182
2ya6_ligand,1221,0.966468
2ya6_ligand,1222,0.884142
2ya6_ligand,1223,1.11261
2ya6_ligand,1224,0.799887
2ya6_ligand,1225,0.816662
2ya6_ligand,1226,0.942664
2ya6_ligand,1227,0.962257
2ya6_ligand,1228,0.991597
2ya6_ligand,1229,0.893038
2ya6_ligand,1230,0.959846
2ya6_ligand,1231,0.932911
2ya6_ligand,1232,0.985828
2ya6_ligand,1233,0.827988
2ya6_ligand,1234,1.05078
2ya6_ligand,1235,0.75598
2ya6_ligand,1236,1.02035
2ya6_ligand,1237,0.809059
2ya6_ligand,1238,0.991736
2ya6_ligand,1239,0.97639
2ya6_ligand,1240,0.857855
2ya6_ligand,1241,0.961476
2ya6_ligand,1242,0.9464
2ya6_ligand,1243,1.01941
2ya6_ligand,1244,0.795778
2ya6_ligand,1245,0.99389
2ya6_ligand,1246,0.956896
2ya6_ligand,1247,0.910991
2ya6_ligand,1248,1.0414
2ya6_ligand,1249,0.729137
2ya6_ligand,1250,0.965029
2ya6_ligand,1251,1.00403
2ya6_ligand,1252,0.915159
2ya6_ligand,1253,1.04712
2ya6_ligand,1254,0.862432
2ya6_ligand,1255,0.974598
2ya6_ligand,1256,0.780223
2ya6_ligand,1257,0.982832
2ya6_ligand,1258,0.788872
2ya6_ligand,1259,0.971174
2ya6_ligand,1260,0.776231
2ya6_ligand,1261,0.986238
2ya6_ligand,1262,0.729547
2ya6_ligand,1263,0.904198
2ya6_ligand,1264,1.1211
2ya6_ligand,1265,0.777916
2ya6_ligand,1266,0.978559
2ya6_ligand,1267,0.973332
2ya6_ligand,1268,0.89766
2ya6_ligand,1269,0.989897
2ya6_ligand,1270,0.817081
2ya6_ligand,1271,0.98094
2ya6_ligand,1272,0.811045
2ya6_ligand,1273,0.945154
2ya6_ligand,1274,0.928505
2ya6_ligand,1275,0.960778
2ya6_ligand,1276,0.962045
2ya6_ligand,1277,0.965665
2ya6_ligand,1278,1.0051
2ya6_ligand,1279,0.747607
2ya6_ligand,1280,0.930071
2ya6_ligand,1281,0.983287
2ya6_ligand,1282,0.765103
2ya6_ligand,1283,0.956829
2ya6_ligand,1284,0.932872
2ya6_ligand,1285,0.98207
2ya6_ligand,1286,0.90574
2ya6_ligand,1287,1.08632
2ya6_ligand,1288,0.94474
2ya6_ligand,1289,0.943787
2ya6_ligand,1290,0.904547
2ya6_ligand,1291,1.0307
2ya6_ligand,1292,0.73532
2ya6_ligand,1293,1.11951
2ya6_ligand,1294,0.660936
2ya6_ligand,1295,0.937558
2ya6_ligand,1296,0.982089
2ya6_ligand,1297,0.855615
2ya6_ligand,1298,0.936263
2ya6_ligand,1299,0.98638
2ya6_ligand,1300,0.72733
2ya6_ligand,1301,0.889523
2ya6_ligand,1302,0.948814
2ya6_ligand,1303,0.826613
2ya6_ligand,1304,0.955128
2ya6_ligand,1305,0.77469
2ya6_ligand,1306,0.914847
2ya6_ligand,1307,0.969676
2ya6_ligand,1308,0.701155
2ya6_ligand,1309,1.01962
2ya6_ligand,1310,0.588
2ya6_ligand,1311,0.955302
2ya6_ligand,1312,0.801154
2ya6_ligand,1313,1.18954
2ya6_ligand,1314,0.589177
2ya6_ligand,1315,0.777791
2ya6_ligand,1316,0.947248
2ya6_ligand,1317,0.929719
2ya6_ligand,1318,0.955431
2ya6_ligand,1319,0.995994
2ya6_ligand,1320,0.783346
2ya6_ligand,1321,0.916833
2ya6_ligand,1322,0.942963
2ya6_ligand,1323,0.979751
2ya6_ligand,1324,0.781475
2ya6_ligand,1325,0.866015
2ya6_ligand,1326,0.901982
2ya6_ligand,1327,0.926332
2ya6_ligand,1328,0.992016
2ya6_ligand,1329,0.794692
2ya6_ligand,1330,1.03515
2ya6_ligand,1331,0.821344
2ya6_ligand,1332,0.812986
2ya6_ligand,1333,1.00002
2ya6_ligand,1334,0.780494
2ya6_ligand,1335,0.923027
2ya6_ligand,1336,0.906725
2ya6_ligand,1337,0.91388
2ya6_ligand,1338,0.947585
2ya6_ligand,1339,0.975942
2ya6_ligand,1340,0.823228
2ya6_ligand,1341,0.97565
2ya6_ligand,1342,0.760207
2ya6_ligand,1343,0.960716
2ya6_ligand,1344,0.903618
2ya6_ligand,1345,0.954345
2ya6_ligand,1346,0.797975
2ya6_ligand,1347,0.953894
2ya6_ligand,1348,0.884466
2ya6_ligand,1349,1.05975
2ya6_ligand,1350,0.820931
2ya6_ligand,1351,1.1163
2ya6_ligand,1352,0.694388
2ya6_ligand,1353,0.86683
2ya6_ligand,1354,0.935099
2ya6_ligand,1355,0.971169
2ya6_ligand,1356,0.782816
2ya6_ligand,1357,0.881656
2ya6_ligand,1358,0.89952
2ya6_ligand,1359,0.988668
2ya6_ligand,1360,0.762781
2ya6_ligand,1361,0.986676
2ya6_ligand,1362,0.754499
2ya6_ligand,1363,0.950035
2ya6_ligand,1364,1.01501
2ya6_ligand,1365,0.704603
2ya6_ligand,1366,0.921236
2ya6_ligand,1367,0.965827
2ya6_ligand,1368,0.862938
2ya6_ligand,1369,0.965242
2ya6_ligand,1370,0.868203
2ya6_ligand,1371,0.97735
2ya6_ligand,1372,0.850395
2ya6_ligand,1373,0.988869
2ya6_ligand,1374,0.836936
2ya6_ligand,1375,1.06216
2ya6_ligand,1376,1.0787
2ya6_ligand,1377,0.650264
2ya6_ligand,1378,1.00665
2ya6_ligand,1379,0.832656
2ya6_ligand,1380,1.09237
2ya6_ligand,1381,0.671299
2ya6_ligand,1382,0.813734
2ya6_ligand,1383,0.87603
2ya6_ligand,1384,0.898792
2ya6_ligand,1385,0.993323
2ya6_ligand,1386,0.81051
2ya6_ligand,1387,0.981703
2ya6_ligand,1388,0.80092
2ya6_ligand,1389,1.01275
2ya6_ligand,1390,0.815708
2ya6_ligand,1391,1.17177
2ya6_ligand,1392,0.707812
2ya6_ligand,1393,0.764299
2ya6_ligand,1394,0.966154
2ya6_ligand,1395,0.952451
2ya6_ligand,1396,0.936041
2ya6_ligand,1397,0.945585
2ya6_ligand,1398,0.989097
2ya6_ligand,1399,0.969142
2ya6_ligand,1400,0.967029
2ya6_ligand,1401,0.924053
2ya6_ligand,1402,1.01309
2ya6_ligand,1403,0.808083
2ya6_ligand,1404,1.02533
2ya6_ligand,1405,0.700852
2ya6_ligand,1406,0.941322
2ya6_ligand,1407,0.964793
2ya6_ligand,1408,0.953145
2ya6_ligand,1409,1.00145
2ya6_ligand,1410,0.858449
2ya6_ligand,1411,0.9721
2ya6_ligand,1412,0.838662
2ya6_ligand,1413,0.986958
2ya6_ligand,1414,0.751397
2ya6_ligand,1415,0.95056
2ya6_ligand,1416,0.88895
2ya6_ligand,1417,1.06632
2ya6_ligand,1418,0.839607
2ya6_ligand,1419,1.19665
2ya6_ligand,1420,0.558225
2ya6_ligand,1421,0.812845
2ya6_ligand,1422,0.833352
2ya6_ligand,1423,0.859531
2ya6_ligand,1424,0.89782
2ya6_ligand,1425,0.925662
2ya6_ligand,1426,0.980688
2ya6_ligand,1427,0.87767
2ya6_ligand,1428,0.919924
2ya6_ligand,1429,0.955823
2ya6_ligand,1430,0.880331
2ya6_ligand,1431,1.01275
2ya6_ligand,1432,0.789663
2ya6_ligand,1433,0.89915
2ya6_ligand,1434,0.906889
2ya6_ligand,1435,0.921485
2ya6_ligand,1436,0.996709
2ya6_ligand,1437,0.769228
2ya6_ligand,1438,0.972135
2ya6_ligand,1439,0.881713
2ya6_ligand,1440,1.16358
2ya6_ligand,1441,0.752619
2ya6_ligand,1442,0.846811
2ya6_ligand,1443,0.875585
2ya6_ligand,1444,0.931847
2ya6_ligand,1445,0.970766
2ya6_ligand,1446,0.859564
2ya6_ligand,1447,0.930632
2ya6_ligand,1448,0.921991
2ya6_ligand,1449,0.984947
2ya6_ligand,1450,0.805187
2ya6_ligand,1451,0.997847
2ya6_ligand,1452,0.880261
2ya6_ligand,1453,0.971457
2ya6_ligand,1454,0.95829
2ya6_ligand,1455,0.82256
2ya6_ligand,1456,0.978416
2ya6_ligand,1457,0.733278
2ya6_ligand,1458,1.00116
2ya6_ligand,1459,0.696142
2ya6_ligand,1460,0.99136
2ya6_ligand,1461,0.968253
2ya6_ligand,1462,0.790335
2ya6_ligand,1463,0.929967
2ya6_ligand,1464,0.937967
2ya6_ligand,1465,1.00102
2ya6_ligand,1466,1.00472
2ya6_ligand,1467,0.812975
2ya6_ligand,1468,1.04709
2ya6_ligand,1469,0.872178
2ya6_ligand,1470,0.939392
2ya6_ligand,1471,0.994759
2ya6_ligand,1472,0.73106
2ya6_ligand,1473,0.884885
2ya6_ligand,1474,0.933604
2ya6_ligand,1475,1.07396
2ya6_ligand,1476,0.751917
2ya6_ligand,1477,0.985626
2ya6_ligand,1478,0.722072
2ya6_ligand,1479,1.0782
2ya6_ligand,1480,0.778631
2ya6_ligand,1481,0.818184
2ya6_ligand,1482,1.04783
2ya6_ligand,1483,0.95974
2ya6_ligand,1484,0.935199
2ya6_ligand,1485,1.02759
2ya6_ligand,1486,0.743752
2ya6_ligand,1487,1.02653
2ya6_ligand,1488,0.715289
2ya6_ligand,1489,0.989011
2ya6_ligand,1490,0.929955
2ya6_ligand,1491,0.922182
2ya6_ligand,1492,0.917307
2ya6_ligand,1493,1.05301
2ya6_ligand,1494,0.812011
2ya6_ligand,1495,1.108
2ya6_ligand,1496,0.674521
2ya6_ligand,1497,1.07392
2ya6_ligand,1498,0.734849
2ya6_ligand,1499,1.0517
2ya6_ligand,1500,0.821988
2ya6_ligand,1501,0.854555
2ya6_ligand,1502,1.0229
2ya6_ligand,1503,0.685629
2ya6_ligand,1504,0.975904
2ya6_ligand,1505,1.06863
2ya6_ligand,1506,0.722664
2ya6_ligand,1507,0.88621
2ya6_ligand,1508,0.909073
2ya6_ligand,1509,0.959829
2ya6_ligand,1510,1.06352
2ya6_ligand,1511,0.746756
2ya6_ligand,1512,1.07071
2ya6_ligand,1513,0.729279
2ya6_ligand,1514,0.995827
2ya6_ligand,1515,1.00385
2ya6_ligand,1516,0.798022
2ya6_ligand,1517,1.01298
2ya6_ligand,1518,0.772635
2ya6_ligand,1519,1.04542
2ya6_ligand,1520,0.762316
2ya6_ligand,1521,1.03515
2ya6_ligand,1522,1.06558
2ya6_ligand,1523,0.806837
2ya6_ligand,1524,1.24367
2ya6_ligand,1525,0.547343
2ya6_ligand,1526,1.10868
2ya6_ligand,1527,0.618665
2ya6_ligand,1528,0.78177
2ya6_ligand,1529,0.861112
2ya6_ligand,1530,0.887733
2ya6_ligand,1531,0.892649
2ya6_ligand,1532,0.902516
2ya6_ligand,1533,0.944632
2ya6_ligand,1534,0.908699
2ya6_ligand,1535,0.957471
2ya6_ligand,1536,0.976926
2ya6_ligand,1537,1.00725
2ya6_ligand,1538,0.872413
2ya6_ligand,1539,0.956449
2ya6_ligand,1540,0.859651
2ya6_ligand,1541,1.01075
2ya6_ligand,1542,0.764954
2ya6_ligand,1543,0.970448
2ya6_ligand,1544,0.907674
2ya6_ligand,1545,1.0552
2ya6_ligand,1546,0.683342
2ya6_ligand,1547,0.773032
2ya6_ligand,1548,0.972321
2ya6_ligand,1549,0.924214
2ya6_ligand,1550,0.969286
2ya6_ligand,1551,0.820705
2ya6_ligand,1552,0.93096
2ya6_ligand,1553,0.94537
2ya6_ligand,1554,1.02042
2ya6_ligand,1555,0.770094
2ya6_ligand,1556,1.05658
2ya6_ligand,1557,0.68342
2ya6_ligand,1558,0.944513
2ya6_ligand,1559,1.01401
2ya6_ligand,1560,0.798238
2ya6_ligand,1561,0.906361
2ya6_ligand,1562,0.941502
2ya6_ligand,1563,0.977354
2ya6_ligand,1564,0.764399
2ya6_ligand,1565,0.910949
2ya6_ligand,1566,0.970855
2ya6_ligand,1567,0.852546
2ya6_ligand,1568,1.05341
2ya6_ligand,1569,0.710059
2ya6_ligand,1570,0.992625
2ya6_ligand,1571,0.69281
2ya6_ligand,1572,0.939048
2ya6_ligand,1573,0.998662
2ya6_ligand,1574,0.907557
2ya6_ligand,1575,0.958997
2ya6_ligand,1576,0.977573
2ya6_ligand,1577,0.943727
2ya6_ligand,1578,1.28387
2ya6_ligand,1579,0.703394
2ya6_ligand,1580,0.958133
2ya6_ligand,1581,0.898808
2ya6_ligand,1582,0.935185
2ya6_ligand,1583,0.882283
2ya6_ligand,1584,0.958462
2ya6_ligand,1585,0.925295
2ya6_ligand,1586,0.970773
2ya6_ligand,1587,0.860369
2ya6_ligand,1588,0.961994
2ya6_ligand,1589,0.887418
2ya6_ligand,1590,0.981718
2ya6_ligand,1591,0.838132
2ya6_ligand,1592,0.961078
2ya6_ligand,1593,0.873309
2ya6_ligand,1594,1.08656
2ya6_ligand,1595,0.835337
2ya6_ligand,1596,0.924575
2ya6_ligand,1597,0.882576
2ya6_ligand,1598,0.954377
2ya6_ligand,1599,0.976972
2ya6_ligand,1600,0.819026
2ya6_ligand,1601,1.03633
2ya6_ligand,1602,0.764177
2ya6_ligand,1603,0.886985
2ya6_ligand,1604,0.893241
2ya6_ligand,1605,0.993366
2ya6_ligand,1606,0.992951
2ya6_ligand,1607,0.803274
2ya6_ligand,1608,0.942648
2ya6_ligand,1609,0.984147
2ya6_ligand,1610,0.832975
2ya6_ligand,1611,1.01326
2ya6_ligand,1612,0.75719
2ya6_ligand,1613,1.01353
2ya6_ligand,1614,0.73785
2ya6_ligand,1615,0.995257
2ya6_ligand,1616,1.02029
2ya6_ligand,1617,0.788186
2ya6_ligand,1618,1.09119
2ya6_ligand,1619,0.604843
2ya6_ligand,1620,0.870634
2ya6_ligand,1621,0.932474
2ya6_ligand,1622,1.10547
2ya6_ligand,1623,0.644833
2ya6_ligand,1624,0.900991
2ya6_ligand,1625,0.882654
2ya6_ligand,1626,1.01904
2ya6_ligand,1627,0.884701
2ya6_ligand,1628,1.00056
2ya6_ligand,1629,0.750516
2ya6_ligand,1630,1.03012
2ya6_ligand,1631,0.852713
2ya6_ligand,1632,0.908025
2ya6_ligand,1633,0.904194
2ya6_ligand,1634,1.06044
2ya6_ligand,1635,0.801136
2ya6_ligand,1636,1.18352
2ya6_ligand,1637,0.673298
2ya6_ligand,1638,0.734433
2ya6_ligand,1639,0.92821
2ya6_ligand,1640,0.945531
2ya6_ligand,1641,0.895018
2ya6_ligand,1642,1.0093
2ya6_ligand,1643,0.824001
2ya6_ligand,1644,0.952041
2ya6_ligand,1645,0.939114
2ya6_ligand,1646,1.0053
2ya6_ligand,1647,0.83064
2ya6_ligand,1648,0.984104
2ya6_ligand,1649,0.918507
2ya6_ligand,1650,0.912952
2ya6_ligand,1651,0.886021
2ya6_ligand,1652,0.925802
2ya6_ligand,1653,0.95142
2ya6_ligand,1654,0.909372
2ya6_ligand,1655,0.995847
2ya6_ligand,1656,0.77253
2ya6_ligand,1657,1.0214
2ya6_ligand,1658,0.735981
2ya6_ligand,1659,1.071
2ya6_ligand,1660,0.751025
2ya6_ligand,1661,0.851058
2ya6_ligand,1662,0.938683
2ya6_ligand,1663,0.940356
2ya6_ligand,1664,0.986644
2ya6_ligand,1665,0.732839
2ya6_ligand,1666,0.960847
2ya6_ligand,1667,0.932482
2ya6_ligand,1668,0.980163
2ya6_ligand,1669,0.716272
2ya6_ligand,1670,1.00222
2ya6_ligand,1671,0.851177
2ya6_ligand,1672,0.97835
2ya6_ligand,1673,0.778578
2ya6_ligand,1674,0.957477
2ya6_ligand,1675,0.978562
2ya6_ligand,1676,0.689282
2ya6_ligand,1677,0.959959
2ya6_ligand,1678,0.855998
2ya6_ligand,1679,0.9687
2ya6_ligand,1680,0.953181
2ya6_ligand,1681,0.760948
2ya6_ligand,1682,1.00713
2ya6_ligand,1683,0.711899
2ya6_ligand,1684,0.947396
2ya6_ligand,1685,1.07491
2ya6_ligand,1686,0.723187
2ya6_ligand,1687,1.03056
2ya6_ligand,1688,0.8062
2ya6_ligand,1689,0.801781
2ya6_ligand,1690,0.882236
2ya6_ligand,1691,0.85599
2ya6_ligand,1692,0.86936
2ya6_ligand,1693,0.866573
2ya6_ligand,1694,0.915655
2ya6_ligand,1695,0.915749
2ya6_ligand,1696,0.90922
2ya6_ligand,1697,0.953778
2ya6_ligand,1698,0.913742
2ya6_ligand,1699,0.977079
2ya6_ligand,1700,0.749525
2ya6_ligand,1701,0.938338
2ya6_ligand,1702,0.901763
2ya6_ligand,1703,0.916409
2ya6_ligand,1704,0.971955
2ya6_ligand,1705,0.788756
2ya6_ligand,1706,0.961419
2ya6_ligand,1707,0.956475
2ya6_ligand,1708,0.892936
2ya6_ligand,1709,1.1881
2ya6_ligand,1710,0.672196
2ya6_ligand,1711,0.831443
2ya6_ligand,1712,0.894166
2ya6_ligand,1713,0.97201
2ya6_ligand,1714,0.8139
2ya6_ligand,1715,0.951193
2ya6_ligand,1716,0.98075
2ya6_ligand,1717,0.850524
2ya6_ligand,1718,0.933644
2ya6_ligand,1719,0.994757
2ya6_ligand,1720,0.847342
2ya6_ligand,1721,1.06171
2ya6_ligand,1722,0.68421
2ya6_ligand,1723,0.964749
2ya6_ligand,1724,0.945649
2ya6_ligand,1725,0.86361
2ya6_ligand,1726,1.04332
2ya6_ligand,1727,0.704587
2ya6_ligand,1728,1.02658
2ya6_ligand,1729,0.662086
2ya6_ligand,1730,0.83381
2ya6_ligand,1731,0.930034
2ya6_ligand,1732,0.967428
2ya6_ligand,1733,0.963709
2ya6_ligand,1734,0.841825
2ya6_ligand,1735,1.15985
2ya6_ligand,1736,0.692997
2ya6_ligand,1737,0.820647
2ya6_ligand,1738,0.866266
2ya6_ligand,1739,0.938288
2ya6_ligand,1740,0.914476
2ya6_ligand,1741,1.0066
2ya6_ligand,1742,0.833081
2ya6_ligand,1743,1.03312
2ya6_ligand,1744,0.739819
2ya6_ligand,1745,0.86856
2ya6_ligand,1746,0.874426
2ya6_ligand,1747,0.966485
2ya6_ligand,1748,0.847327
2ya6_ligand,1749,1.00551
2ya6_ligand,1750,0.790018
2ya6_ligand,1751,1.06394
2ya6_ligand,1752,0.716988
2ya6_ligand,1753,0.93402
2ya6_ligand,1754,0.992132
2ya6_ligand,1755,0.75335
2ya6_ligand,1756,0.868676
2ya6_ligand,1757,0.939496
2ya6_ligand,1758,0.963369
2ya6_ligand,1759,0.791108
2ya6_ligand,1760,1.00387
2ya6_ligand,1761,0.783154
2ya6_ligand,1762,1.10941
2ya6_ligand,1763,0.768871
2ya6_ligand,1764,0.862185
2ya6_ligand,1765,0.970515
2ya6_ligand,1766,0.901977
2ya6_ligand,1767,0.964015
2ya6_ligand,1768,0.849545
2ya6_ligand,1769,1.02985
2ya6_ligand,1770,0.717
2ya6_ligand,1771,0.922983
2ya6_ligand,1772,0.877714
2ya6_ligand,1773,0.911567
2ya6_ligand,1774,0.890693
2ya6_ligand,1775,1.03817
2ya6_ligand,1776,0.761397
2ya6_ligand,1777,1.01411
2ya6_ligand,1778,0.747109
2ya6_ligand,1779,1.05907
2ya6_ligand,1780,0.584804
2ya6_ligand,1781,0.892903
2ya6_ligand,1782,0.917956
2ya6_ligand,1783,0.894332
2ya6_ligand,1784,0.948704
2ya6_ligand,1785,0.876539
2ya6_ligand,1786,1.04841
2ya6_ligand,1787,0.748431
2ya6_ligand,1788,1.10835
2ya6_ligand,1789,0.601614
2ya6_ligand,1790,0.84247
2ya6_ligand,1791,1.03616
2ya6_ligand,1792,0.858859
2ya6_ligand,1793,0.874813
2ya6_ligand,1794,0.870055
2ya6_ligand,1795,0.927489
2ya6_ligand,1796,0.934874
2ya6_ligand,1797,0.930079
2ya6_ligand,1798,0.9747
2ya6_ligand,1799,0.974957
2ya6_ligand,1800,0.780941
2ya6_ligand,1801,0.932799
2ya6_ligand,1802,0.950323
2ya6_ligand,1803,0.880227
2ya6_ligand,1804,0.989028
2ya6_ligand,1805,0.726186
2ya6_ligand,1806,0.990593
2ya6_ligand,1807,0.675553
2ya6_ligand,1808,0.917097
2ya6_ligand,1809,0.939192
2ya6_ligand,1810,0.996935
2ya6_ligand,1811,0.788796
2ya6_ligand,1812,1.03794
2ya6_ligand,1813,0.729879
2ya6_ligand,1814,0.826897
2ya6_ligand,1815,0.878583
2ya6_ligand,1816,1.0747
2ya6_ligand,1817,0.664481
2ya6_ligand,1818,1.11634
2ya6_ligand,1819,0.649087
2ya6_ligand,1820,0.780035
2ya6_ligand,1821,1.01422
2ya6_ligand,1822,0.673391
2ya6_ligand,1823,0.921889
2ya6_ligand,1824,0.995757
2ya6_ligand,1825,0.749335
2ya6_ligand,1826,0.891606
2ya6_ligand,1827,0.933773
2ya6_ligand,1828,0.948813
2ya6_ligand,1829,0.843453
2ya6_ligand,1830,1.04615
2ya6_ligand,1831,0.61367
2ya6_ligand,1832,0.886819
2ya6_ligand,1833,0.907289
2ya6_ligand,1834,0.971138
2ya6_ligand,1835,0.852413
2ya6_ligand,1836,0.987807
2ya6_ligand,1837,0.726995
2ya6_ligand,1838,0.910028
2ya6_ligand,1839,0.926609
2ya6_ligand,1840,0.897427
2ya6_ligand,1841,1.0532
2ya6_ligand,1842,0.821775
2ya6_ligand,1843,1.15366
2ya6_ligand,1844,0.641746
2ya6_ligand,1845,0.751294
2ya6_ligand,1846,0.800715
2ya6_ligand,1847,0.939619
2ya6_ligand,1848,0.955918
2ya6_ligand,1849,0.902602
2ya6_ligand,1850,0.945442
2ya6_ligand,1851,0.974602
2ya6_ligand,1852,0.791074
2ya6_ligand,1853,1.01503
2ya6_ligand,1854,0.718796
2ya6_ligand,1855,0.91858
2ya6_ligand,1856,0.897205
2ya6_ligand,1857,0.908871
2ya6_ligand,1858,0.994727
2ya6_ligand,1859,0.750053
2ya6_ligand,1860,0.964347
2ya6_ligand,1861,0.746118
2ya6_ligand,1862,0.876209
2ya6_ligand,1863,0.948856
2ya6_ligand,1864,0.896853
2ya6_ligand,1865,1.0751
2ya6_ligand,1866,0.673012
2ya6_ligand,1867,0.953474
2ya6_ligand,1868,1.01955
2ya6_ligand,1869,0.70994
2ya6_ligand,1870,0.943465
2ya6_ligand,1871,0.893822
2ya6_ligand,1872,0.93713
2ya6_ligand,1873,0.92192
2ya6_ligand,1874,0.907434
2ya6_ligand,1875,0.917754
2ya6_ligand,1876,0.953252
2ya6_ligand,1877,0.838511
2ya6_ligand,1878,1.00553
2ya6_ligand,1879,0.725061
2ya6_ligand,1880,0.965462
2ya6_ligand,1881,0.871791
2ya6_ligand,1882,0.996117
2ya6_ligand,1883,0.725834
2ya6_ligand,1884,0.998954
2ya6_ligand,1885,0.708042
2ya6_ligand,1886,0.868795
2ya6_ligand,1887,0.941455
2ya6_ligand,1888,1.06464
2ya6_ligand,1889,0.794508
2ya6_ligand,1890,1.14426
2ya6_ligand,1891,0.645724
2ya6_ligand,1892,0.78107
2ya6_ligand,1893,0.966397
2ya6_ligand,1894,0.96172
2ya6_ligand,1895,0.95125
2ya6_ligand,1896,0.925455
2ya6_ligand,1897,1.02984
2ya6_ligand,1898,0.81191
2ya6_ligand,1899,0.901159
2ya6_ligand,1900,0.933682
2ya6_ligand,1901,1.00995
2ya6_ligand,1902,0.800051
2ya6_ligand,1903,0.997458
2ya6_ligand,1904,0.870254
2ya6_ligand,1905,1.0081
2ya6_ligand,1906,0.772414
2ya6_ligand,1907,1.00064
2ya6_ligand,1908,0.736004
2ya6_ligand,1909,0.955628
2ya6_ligand,1910,1.02983
2ya6_ligand,1911,0.894739
2ya6_ligand,1912,0.953
2ya6_ligand,1913,1.12182
2ya6_ligand,1914,0.884528
2ya6_ligand,1915,1.01074
2ya6_ligand,1916,0.946876
2ya6_ligand,1917,0.885536
2ya6_ligand,1918,0.986832
2ya6_ligand,1919,0.957689
2ya6_ligand,1920,1.01775
2ya6_ligand,1921,0.775517
2ya6_ligand,1922,1.07996
2ya6_ligand,1923,0.680621
2ya6_ligand,1924,0.951
2ya6_ligand,1925,1.00811
2ya6_ligand,1926,0.916894
2ya6_ligand,1927,1.10059
2ya6_ligand,1928,0.846552
2ya6_ligand,1929,0.908366
2ya6_ligand,1930,0.927125
2ya6_ligand,1931,1.0615
2ya6_ligand,1932,0.745336
2ya6_ligand,1933,1.14731
2ya6_ligand,1934,0.800065
2ya6_ligand,1935,0.892904
2ya6_ligand,1936,0.937746
2ya6_ligand,1937,0.899759
2ya6_ligand,1938,0.958013
2ya6_ligand,1939,0.995667
2ya6_ligand,1940,0.84947
2ya6_ligand,1941,0.980876
2ya6_ligand,1942,0.762114
2ya6_ligand,1943,1.03916
2ya6_ligand,1944,0.793542
2ya6_ligand,1945,1.07705
2ya6_ligand,1946,0.6791
2ya6_ligand,1947,0.973086
2ya6_ligand,1948,1.0288
2ya6_ligand,1949,0.732069
2ya6_ligand,1950,0.936062
2ya6_ligand,1951,0.963514
2ya6_ligand,1952,0.934626
2ya6_ligand,1953,1.01099
2ya6_ligand,1954,0.803674
2ya6_ligand,1955,0.971958
2ya6_ligand,1956,0.755064
2ya6_ligand,1957,1.05619
2ya6_ligand,1958,0.623981
2ya6_ligand,1959,0.987189
2ya6_ligand,1960,0.829895
2ya6_ligand,1961,1.06613
2ya6_ligand,1962,0.70897
2ya6_ligand,1963,1.01463
2ya6_ligand,1964,0.7354
2ya6_ligand,1965,1.03556
2ya6_ligand,1966,1.06589
2ya6_ligand,1967,0.818126
2ya6_ligand,1968,1.28998
2ya6_ligand,1969,0.494641
2ya6_ligand,1970,0.988659
2ya6_ligand,1971,1.01565
2ya6_ligand,1972,0.863841
2ya6_ligand,1973,0.941222
2ya6_ligand,1974,0.961782
2ya6_ligand,1975,0.970181
2ya6_ligand,1976,0.873775
2ya6_ligand,1977,0.92642
2ya6_ligand,1978,0.989328
2ya6_ligand,1979,0.842821
2ya6_ligand,1980,0.952037
2ya6_ligand,1981,0.961672
2ya6_ligand,1982,0.927338
2ya6_ligand,1983,1.03479
2ya6_ligand,1984,0.811999
2ya6_ligand,1985,1.00224
2ya6_ligand,1986,0.773712
2ya6_ligand,1987,1.00944
2ya6_ligand,1988,0.870395
2ya6_ligand,1989,0.911517
2ya6_ligand,1990,0.97522
2ya6_ligand,1991,0.799249
2ya6_ligand,1992,0.990351
2ya6_ligand,1993,0.733996
2ya6_ligand,1994,1.00502
2ya6_ligand,1995,0.756187
2ya6_ligand,1996,1.02033
2ya6_ligand,1997,1.18706
2ya6_ligand,1998,0.583519
2ya6_ligand,1999,0.917295
2ya6_ligand,2000,0.897028
2ya6_ligand,2001,1.05392
2ya6_ligand,2002,0.796938
2ya6_ligand,2003,0.923627
2ya6_ligand,2004,0.912549
2ya6_ligand,2005,0.97007
2ya6_ligand,2006,0.950869
2ya6_ligand,2007,0.95637
2ya6_ligand,2008,0.942312
2ya6_ligand,2009,1.00149
2ya6_ligand,2010,0.879828
2ya6_ligand,2011,0.94116
2ya6_ligand,2012,0.897382
2ya6_ligand,2013,0.967826
2ya6_ligand,2014,0.779078
2ya6_ligand,2015,0.975342
2ya6_ligand,2016,0.835635
2ya6_ligand,2017,1.03125
2ya6_ligand,2018,0.748687
2ya6_ligand,2019,0.990926
2ya6_ligand,2020,0.785795
2ya6_ligand,2021,1.00414
2ya6_ligand,2022,0.799516
2ya6_ligand,2023,1.15253
2ya6_ligand,2024,0.668604
2ya6_ligand,2025,0.852625
2ya6_ligand,2026,1.0266
2ya6_ligand,2027,0.910297
2ya6_ligand,2028,0.889922
2ya6_ligand,2029,0.905733
2ya6_ligand,2030,0.876574
2ya6_ligand,2031,0.990827
2ya6_ligand,2032,0.986022
2ya6_ligand,2033,0.805878
2ya6_ligand,2034,0.991795
2ya6_ligand,2035,0.756623
2ya6_ligand,2036,0.976697
2ya6_ligand,2037,0.896898
2ya6_ligand,2038,0.912351
2ya6_ligand,2039,0.981444
2ya6_ligand,2040,0.732886
2ya6_ligand,2041,0.969534
2ya6_ligand,2042,1.04557
2ya6_ligand,2043,0.698363
2ya6_ligand,2044,0.879155
2ya6_ligand,2045,0.929503
2ya6_ligand,2046,0.982755
2ya6_ligand,2047,0.702864
2ya6_ligand,2048,1.01074
2ya6_ligand,2049,0.958679
2ya6_ligand,2050,0.747247
2ya6_ligand,2051,0.999955
2ya6_ligand,2052,0.994074
2ya6_ligand,2053,0.774942
2ya6_ligand,2054,1.06507
2ya6_ligand,2055,0.701157
2ya6_ligand,2056,0.868538
2ya6_ligand,2057,0.908326
2ya6_ligand,2058,0.895593
2ya6_ligand,2059,0.960572
2ya6_ligand,2060,0.937958
2ya6_ligand,2061,0.965082
2ya6_ligand,2062,0.94986
2ya6_ligand,2063,0.809396
2ya6_ligand,2064,1.06429
2ya6_ligand,2065,0.655424
2ya6_ligand,2066,1.02821
2ya6_ligand,2067,0.706663
2ya6_ligand,2068,1.00115
2ya6_ligand,2069,1.01993
2ya6_ligand,2070,0.731938
2ya6_ligand,2071,0.889376
2ya6_ligand,2072,0.932564
2ya6_ligand,2073,0.952585
2ya6_ligand,2074,0.850897
2ya6_ligand,2075,1.04326
2ya6_ligand,2076,0.671022
2ya6_ligand,2077,0.953914
2ya6_ligand,2078,0.941091
2ya6_ligand,2079,0.961856
2ya6_ligand,2080,0.80723
2ya6_ligand,2081,1.15421
2ya6_ligand,2082,0.707617
2ya6_ligand,2083,0.813156
2ya6_ligand,2084,0.869906
2ya6_ligand,2085,0.944159
2ya6_ligand,2086,0.911424
2ya6_ligand,2087,0.978068
2ya6_ligand,2088,0.864589
2ya6_ligand,2089,0.914785
2ya6_ligand,2090,0.942526
2ya6_ligand,2091,0.885502
2ya6_ligand,2092,1.06619
2ya6_ligand,2093,0.754144
2ya6_ligand,2094,0.993246
2ya6_ligand,2095,0.839854
2ya6_ligand,2096,0.956377
2ya6_ligand,2097,0.951725
2ya6_ligand,2098,0.989183
2ya6_ligand,2099,0.862862
2ya6_ligand,2100,1.01375
2ya6_ligand,2101,1.0632
2ya6_ligand,2102,0.704239
2ya6_ligand,2103,0.905731
2ya6_ligand,2104,0.914901
2ya6_ligand,2105,0.903468
2ya6_ligand,2106,1.03144
2ya6_ligand,2107,0.794677
2ya6_ligand,2108,1.01226
2ya6_ligand,2109,0.691949
2ya6_ligand,2110,0.951645
2ya6_ligand,2111,0.839157
2ya6_ligand,2112,0.963032
2ya6_ligand,2113,0.826019
2ya6_ligand,2114,1.046
2ya6_ligand,2115,0.750059
2ya6_ligand,2116,0.993586
2ya6_ligand,2117,1.01261
2ya6_ligand,2118,0.789587
2ya6_ligand,2119,1.14476
2ya6_ligand,2120,0.798533
2ya6_ligand,2121,0.856075
2ya6_ligand,2122,0.939066
2ya6_ligand,2123,0.909919
2ya6_ligand,2124,0.946339
2ya6_ligand,2125,0.954788
2ya6_ligand,2126,0.970938
2ya6_ligand,2127,0.834941
2ya6_ligand,2128,0.93467
2ya6_ligand,2129,0.977341
2ya6_ligand,2130,0.767027
2ya6_ligand,2131,1.03164
2ya6_ligand,2132,0.665233
2ya6_ligand,2133,1.00177
2ya6_ligand,2134,0.860891
2ya6_ligand,2135,0.949581
2ya6_ligand,2136,0.952115
2ya6_ligand,2137,0.817691
2ya6_ligand,2138,1.04108
2ya6_ligand,2139,0.790374
2ya6_ligand,2140,1.1122
2ya6_ligand,2141,0.793558
2ya6_ligand,2142,0.850389
2ya6_ligand,2143,0.944975
2ya6_ligand,2144,0.910587
2ya6_ligand,2145,1.00834
2ya6_ligand,2146,0.746426
2ya6_ligand,2147,1.01016
2ya6_ligand,2148,0.864295
2ya6_ligand,2149,0.952405
2ya6_ligand,2150,1.01779
2ya6_ligand,2151,0.758307
2ya6_ligand,2152,1.09585
2ya6_ligand,2153,0.642278
2ya6_ligand,2154,0.92158
2ya6_ligand,2155,0.975627
2ya6_ligand,2156,0.95183
2ya6_ligand,2157,0.965069
2ya6_ligand,2158,0.845738
2ya6_ligand,2159,0.973063
2ya6_ligand,2160,0.81391
2ya6_ligand,2161,0.929514
2ya6_ligand,2162,0.949007
2ya6_ligand,2163,0.862
2ya6_ligand,2164,0.957638
2ya6_ligand,2165,0.987729
2ya6_ligand,2166,0.799223
2ya6_ligand,2167,0.949073
2ya6_ligand,2168,0.908401
2ya6_ligand,2169,0.908406
2ya6_ligand,2170,0.911906
2ya6_ligand,2171,1.06947
2ya6_ligand,2172,0.856619
2ya6_ligand,2173,1.13962
2ya6_ligand,2174,0.618685
2ya6_ligand,2175,0.897766
2ya6_ligand,2176,0.844038
2ya6_ligand,2177,1.02986
2ya6_ligand,2178,0.970823
2ya6_ligand,2179,0.924015
2ya6_ligand,2180,0.980762
2ya6_ligand,2181,0.813205
2ya6_ligand,2182,0.930329
2ya6_ligand,2183,0.934959
2ya6_ligand,2184,1.01353
2ya6_ligand,2185,0.782189
2ya6_ligand,2186,0.967732
2ya6_ligand,2187,0.830398
2ya6_ligand,2188,0.91661
2ya6_ligand,2189,0.935085
2ya6_ligand,2190,0.965122
2ya6_ligand,2191,0.98296
2ya6_ligand,2192,0.761059
2ya6_ligand,2193,1.02099
2ya6_ligand,2194,0.651325
2ya6_ligand,2195,1.002
2ya6_ligand,2196,0.833808
2ya6_ligand,2197,1.18702
2ya6_ligand,2198,0.645016
2ya6_ligand,2199,0.79836
2ya6_ligand,2200,0.843646
2ya6_ligand,2201,0.934253
2ya6_ligand,2202,0.951894
2ya6_ligand,2203,0.985804
2ya6_ligand,2204,0.870447
2ya6_ligand,2205,0.91634
2ya6_ligand,2206,0.942717
2ya6_ligand,2207,0.976074
2ya6_ligand,2208,0.854098
2ya6_ligand,2209,0.943934
2ya6_ligand,2210,0.956083
2ya6_ligand,2211,0.815765
2ya6_ligand,2212,0.920384
2ya6_ligand,2213,0.928415
2ya6_ligand,2214,0.970529
2ya6_ligand,2215,0.894118
2ya6_ligand,2216,1.00713
2ya6_ligand,2217,0.805003
2ya6_ligand,2218,0.943301
2ya6_ligand,2219,1.00356
2ya6_ligand,2220,0.865416
2ya6_ligand,2221,1.08867
2ya6_ligand,2222,0.616527
2ya6_ligand,2223,0.94314
2ya6_ligand,2224,0.851532
2ya6_ligand,2225,1.13821
2ya6_ligand,2226,0.672412
2ya6_ligand,2227,0.941086
2ya6_ligand,2228,1.05003
2ya6_ligand,2229,0.818143
2ya6_ligand,2230,0.871511
2ya6_ligand,2231,0.881795
2ya6_ligand,2232,0.893186
2ya6_ligand,2233,0.972982
2ya6_ligand,2234,1.02471
2ya6_ligand,2235,0.833771
2ya6_ligand,2236,1.01265
2ya6_ligand,2237,0.921505
2ya6_ligand,2238,1.00328
2ya6_ligand,2239,0.800883
2ya6_ligand,2240,1.00902
2ya6_ligand,2241,0.835317
2ya6_ligand,2242,0.895352
2ya6_ligand,2243,0.91021
2ya6_ligand,2244,1.01567
2ya6_ligand,2245,0.784175
2ya6_ligand,2246,1.11065
2ya6_ligand,2247,0.770116
2ya6_ligand,2248,1.03561
2ya6_ligand,2249,0.956491
2ya6_ligand,2250,0.837499
2ya6_ligand,2251,0.987786
2ya6_ligand,2252,0.840817
2ya6_ligand,2253,0.94836
2ya6_ligand,2254,0.891299
2ya6_ligand,2255,1.07991
2ya6_ligand,2256,0.69409
2ya6_ligand,2257,1.02393
2ya6_ligand,2258,0.942994
2ya6_ligand,2259,0.860728
2ya6_ligand,2260,0.940409
2ya6_ligand,2261,0.928631
2ya6_ligand,2262,0.934149
2ya6_ligand,2263,0.942141
2ya6_ligand,2264,0.940139
2ya6_ligand,2265,0.9883
2ya6_ligand,2266,0.782162
2ya6_ligand,2267,1.00545
2ya6_ligand,2268,0.735684
2ya6_ligand,2269,1.02284
2ya6_ligand,2270,0.673681
2ya6_ligand,2271,0.98585
2ya6_ligand,2272,0.979165
2ya6_ligand,2273,0.859452
2ya6_ligand,2274,1.06686
2ya6_ligand,2275,0.742774
2ya6_ligand,2276,1.04596
2ya6_ligand,2277,0.744347
2ya6_ligand,2278,1.04914
2ya6_ligand,2279,0.639851
2ya6_ligand,2280,0.82992
2ya6_ligand,2281,0.874296
2ya6_ligand,2282,1.01104
2ya6_ligand,2283,0.719248
2ya6_ligand,2284,1.00309
2ya6_ligand,2285,1.06005
2ya6_ligand,2286,0.804554
2ya6_ligand,2287,1.14548
2ya6_ligand,2288,0.615133
2ya6_ligand,2289,1.01973
2ya6_ligand,2290,0.900467
2ya6_ligand,2291,0.904229
2ya6_ligand,2292,0.981369
2ya6_ligand,2293,1.02928
2ya6_ligand,2294,0.790447
2ya6_ligand,2295,1.02477
2ya6_ligand,2296,0.732024
2ya6_ligand,2297,1.04034
2ya6_ligand,2298,0.742192
2ya6_ligand,2299,0.90954
2ya6_ligand,2300,1.11859
2ya6_ligand,2301,0.739823
2ya6_ligand,2302,1.07544
2ya6_ligand,2303,0.657477
2ya6_ligand,2304,0.838798
2ya6_ligand,2305,0.908293
2ya6_ligand,2306,1.05731
2ya6_ligand,2307,0.822852
2ya6_ligand,2308,1.25783
2ya6_ligand,2309,0.479146
2ya6_ligand,2310,1.04104
2ya6_ligand,2311,1.07255
2ya6_ligand,2312,0.757025
2ya6_ligand,2313,0.95055
2ya6_ligand,2314,0.966943
2ya6_ligand,2315,0.930831
2ya6_ligand,2316,0.91716
2ya6_ligand,2317,0.957136
2ya6_ligand,2318,0.907226
2ya6_ligand,2319,1.00099
2ya6_ligand,2320,0.85608
2ya6_ligand,2321,0.988509
2ya6_ligand,2322,0.857471
2ya6_ligand,2323,1.03163
2ya6_ligand,2324,0.827655
2ya6_ligand,2325,0.979274
2ya6_ligand,2326,1.00732
2ya6_ligand,2327,0.78012
2ya6_ligand,2328,1.03938
2ya6_ligand,2329,0.689351
2ya6_ligand,2330,1.0367
2ya6_ligand,2331,0.911703
2ya6_ligand,2332,0.841669
2ya6_ligand,2333,0.973716
2ya6_ligand,2334,0.913896
2ya6_ligand,2335,1.00258
2ya6_ligand,2336,0.744631
2ya6_ligand,2337,0.958906
2ya6_ligand,2338,0.958501
2ya6_ligand,2339,0.944418
2ya6_ligand,2340,0.827484
2ya6_ligand,2341,1.05822
2ya6_ligand,2342,0.641112
2ya6_ligand,2343,0.94041
2ya6_ligand,2344,1.02615
2ya6_ligand,2345,0.803727
2ya6_ligand,2346,0.934655
2ya6_ligand,2347,0.965899
2ya6_ligand,2348,0.865232
2ya6_ligand,2349,1.0619
2ya6_ligand,2350,0.754216
2ya6_ligand,2351,0.932612
2ya6_ligand,2352,0.937157
2ya6_ligand,2353,0.987972
2ya6_ligand,2354,0.810518
2ya6_ligand,2355,0.977043
2ya6_ligand,2356,0.89394
2ya6_ligand,2357,0.990508
2ya6_ligand,2358,0.764465
2ya6_ligand,2359,0.990622
2ya6_ligand,2360,0.862389
2ya6_ligand,2361,0.975435
2ya6_ligand,2362,0.956066
2ya6_ligand,2363,0.999073
2ya6_ligand,2364,0.691632
2ya6_ligand,2365,0.952957
2ya6_ligand,2366,1.01976
2ya6_ligand,2367,0.926494
2ya6_ligand,2368,1.02067
2ya6_ligand,2369,0.7735
2ya6_ligand,2370,1.07294
2ya6_ligand,2371,0.697622
2ya6_ligand,2372,0.989243
2ya6_ligand,2373,1.04976
2ya6_ligand,2374,0.726434
2ya6_ligand,2375,1.05428
2ya6_ligand,2376,0.683599
2ya6_ligand,2377,0.91116
2ya6_ligand,2378,0.923255
2ya6_ligand,2379,0.886528
2ya6_ligand,2380,1.06154
2ya6_ligand,2381,0.762022
2ya6_ligand,2382,1.08241
2ya6_ligand,2383,0.588486
2ya6_ligand,2384,0.891836
2ya6_ligand,2385,1.06596
2ya6_ligand,2386,1.04019
2ya6_ligand,2387,0.960125
2ya6_ligand,2388,0.989239
2ya6_ligand,2389,0.893611
2ya6_ligand,2390,0.955178
2ya6_ligand,2391,0.975058
2ya6_ligand,2392,0.909302
2ya6_ligand,2393,1.03176
2ya6_ligand,2394,0.785947
2ya6_ligand,2395,0.974754
2ya6_ligand,2396,0.882119
2ya6_ligand,2397,0.995845
2ya6_ligand,2398,0.69204
2ya6_ligand,2399,0.982208
2ya6_ligand,2400,1.06749
2ya6_ligand,2401,0.735233
2ya6_ligand,2402,1.06205
2ya6_ligand,2403,0.699923
2ya6_ligand,2404,1.00207
2ya6_ligand,2405,1.08136
2ya6_ligand,2406,0.574706
2ya6_ligand,2407,0.919397
2ya6_ligand,2408,0.93306
2ya6_ligand,2409,0.922168
2ya6_ligand,2410,0.976597
2ya6_ligand,2411,0.799525
2ya6_ligand,2412,0.970603
2ya6_ligand,2413,0.776018
2ya6_ligand,2414,1.01746
2ya6_ligand,2415,0.767052
2ya6_ligand,2416,1.08437
2ya6_ligand,2417,0.648695
2ya6_ligand,2418,0.827386
2ya6_ligand,2419,0.867206
2ya6_ligand,2420,0.993576
2ya6_ligand,2421,0.795319
2ya6_ligand,2422,1.06257
2ya6_ligand,2423,0.754428
2ya6_ligand,2424,1.11352
2ya6_ligand,2425,0.773729
2ya6_ligand,2426,1.07546
2ya6_ligand,2427,0.958197
2ya6_ligand,2428,1.0471
2ya6_ligand,2429,0.7345
2ya6_ligand,2430,1.02182
2ya6_ligand,2431,0.864115
2ya6_ligand,2432,0.92306
2ya6_ligand,2433,0.952615
2ya6_ligand,2434,1.00594
2ya6_ligand,2435,0.8041
2ya6_ligand,2436,1.08604
2ya6_ligand,2437,0.73234
2ya6_ligand,2438,1.02939
2ya6_ligand,2439,0.898158
2ya6_ligand,2440,0.895295
2ya6_ligand,2441,0.873086
2ya6_ligand,2442,0.905712
2ya6_ligand,2443,0.958408
2ya6_ligand,2444,0.971883
2ya6_ligand,2445,0.919726
2ya6_ligand,2446,1.04874
2ya6_ligand,2447,0.891751
2ya6_ligand,2448,0.920964
2ya6_ligand,2449,1.14272
2ya6_ligand,2450,0.733756
2ya6_ligand,2451,0.901162
2ya6_ligand,2452,0.906446
2ya6_ligand,2453,0.991226
2ya6_ligand,2454,0.845643
2ya6_ligand,2455,1.0148
2ya6_ligand,2456,0.807187
2ya6_ligand,2457,0.977664
2ya6_ligand,2458,0.983617
2ya6_ligand,2459,0.846146
2ya6_ligand,2460,1.02675
2ya6_ligand,2461,0.755044
2ya6_ligand,2462,1.11831
2ya6_ligand,2463,0.632262
2ya6_ligand,2464,0.895483
2ya6_ligand,2465,0.871445
2ya6_ligand,2466,0.878611
2ya6_ligand,2467,0.958727
2ya6_ligand,2468,0.931573
2ya6_ligand,2469,0.983948
2ya6_ligand,2470,0.973246
2ya6_ligand,2471,0.932566
2ya6_ligand,2472,0.865098
2ya6_ligand,2473,0.978448
2ya6_ligand,2474,0.971076
2ya6_ligand,2475,0.898431
2ya6_ligand,2476,1.04439
2ya6_ligand,2477,0.794537
2ya6_ligand,2478,1.00218
2ya6_ligand,2479,0.738849
2ya6_ligand,2480,0.892611
2ya6_ligand,2481,0.914089
2ya6_ligand,2482,1.04022
2ya6_ligand,2483,0.697818
2ya6_ligand,2484,0.966758
2ya6_ligand,2485,1.01798
2ya6_ligand,2486,0.825233
2ya6_ligand,2487,0.91856
2ya6_ligand,2488,1.09167
2ya6_ligand,2489,0.80758
2ya6_ligand,2490,1.19968
2ya6_ligand,2491,0.589845
2ya6_ligand,2492,0.932862
2ya6_ligand,2493,0.982193
2ya6_ligand,2494,0.926341
2ya6_ligand,2495,0.930253
2ya6_ligand,2496,0.961877
2ya6_ligand,2497,0.976188
2ya6_ligand,2498,0.944663
2ya6_ligand,2499,1.00257
2ya6_ligand,2500,0.86687
2ya6_ligand,2501,0.949485
2ya6_ligand,2502,0.956028
2ya6_ligand,2503,0.936125
2ya6_ligand,2504,0.98429
2ya6_ligand,2505,0.964778
2ya6_ligand,2506,0.897121
2ya6_ligand,2507,1.02179
2ya6_ligand,2508,0.754372
2ya6_ligand,2509,0.994485
2ya6_ligand,2510,0.762955
2ya6_ligand,2511,1.01588
2ya6_ligand,2512,0.725235
2ya6_ligand,2513,1.05147
2ya6_ligand,2514,0.758605
2ya6_ligand,2515,0.807248
2ya6_ligand,2516,1.04967
2ya6_ligand,2517,0.675429
2ya6_ligand,2518,0.811749
2ya6_ligand,2519,0.908988
2ya6_ligand,2520,0.903463
2ya6_ligand,2521,0.991085
2ya6_ligand,2522,0.780516
2ya6_ligand,2523,0.90783
2ya6_ligand,2524,0.960128
2ya6_ligand,2525,0.829553
2ya6_ligand,2526,0.994057
2ya6_ligand,2527,0.756902
2ya6_ligand,2528,0.974595
2ya6_ligand,2529,1.0881
2ya6_ligand,2530,0.737074
2ya6_ligand,2531,0.98961
2ya6_ligand,2532,0.902849
2ya6_ligand,2533,0.887464
2ya6_ligand,2534,0.968791
2ya6_ligand,2535,0.95837
2ya6_ligand,2536,0.84879
2ya6_ligand,2537,0.927811
2ya6_ligand,2538,1.13487
2ya6_ligand,2539,0.82531
2ya6_ligand,2540,0.92843
2ya6_ligand,2541,0.885682
2ya6_ligand,2542,0.89369
2ya6_ligand,2543,0.882931
2ya6_ligand,2544,0.965671
2ya6_ligand,2545,0.932024
2ya6_ligand,2546,1.01898
2ya6_ligand,2547,0.778836
2ya6_ligand,2548,0.981929
2ya6_ligand,2549,0.831031
2ya6_ligand,2550,0.959533
2ya6_ligand,2551,0.955738
2ya6_ligand,2552,0.907234
2ya6_ligand,2553,1.08538
2ya6_ligand,2554,0.868944
2ya6_ligand,2555,0.96408
2ya6_ligand,2556,0.804535
2ya6_ligand,2557,0.973639
2ya6_ligand,2558,0.995728
2ya6_ligand,2559,0.708069
2ya6_ligand,2560,1.02217
2ya6_ligand,2561,0.767914
2ya6_ligand,2562,1.0552
2ya6_ligand,2563,0.778727
2ya6_ligand,2564,0.913851
2ya6_ligand,2565,1.04057
2ya6_ligand,2566,0.722178
2ya6_ligand,2567,1.03356
2ya6_ligand,2568,0.733633
2ya6_ligand,2569,1.04563
2ya6_ligand,2570,0.570253
2ya6_ligand,2571,0.954139
2ya6_ligand,2572,1.01514
2ya6_ligand,2573,0.745395
2ya6_ligand,2574,1.01754
2ya6_ligand,2575,0.86082
2ya6_ligand,2576,0.909405
2ya6_ligand,2577,0.977915
2ya6_ligand,2578,0.905839
2ya6_ligand,2579,1.01607
2ya6_ligand,2580,0.746305
2ya6_ligand,2581,0.943219
2ya6_ligand,2582,0.913137
2ya6_ligand,2583,1.09582
2ya6_ligand,2584,0.805012
2ya6_ligand,2585,1.13429
2ya6_ligand,2586,0.810591
2ya6_ligand,2587,0.901799
2ya6_ligand,2588,0.887302
2ya6_ligand,2589,0.940955
2ya6_ligand,2590,0.99596
2ya6_ligand,2591,0.786968
2ya6_ligand,2592,0.934197
2ya6_ligand,2593,0.934253
2ya6_ligand,2594,0.984884
2ya6_ligand,2595,0.824196
2ya6_ligand,2596,1.03588
2ya6_ligand,2597,0.710346
2ya6_ligand,2598,0.928459
2ya6_ligand,2599,0.986726
2ya6_ligand,2600,0.81747
2ya6_ligand,2601,0.915636
2ya6_ligand,2602,1.01507
2ya6_ligand,2603,0.753615
2ya6_ligand,2604,0.999657
2ya6_ligand,2605,0.733851
2ya6_ligand,2606,0.986499
2ya6_ligand,2607,0.964253
2ya6_ligand,2608,0.796724
2ya6_ligand,2609,1.04525
2ya6_ligand,2610,0.664668
2ya6_ligand,2611,0.85197
2ya6_ligand,2612,0.923352
2ya6_ligand,2613,1.02835
2ya6_ligand,2614,0.799574
2ya6_ligand,2615,1.17163
2ya6_ligand,2616,0.719151
2ya6_ligand,2617,0.831681
2ya6_ligand,2618,0.930007
2ya6_ligand,2619,0.969675
2ya6_ligand,2620,0.961868
2ya6_ligand,2621,0.831986
2ya6_ligand,2622,0.9354
2ya6_ligand,2623,1.00077
2ya6_ligand,2624,0.783637
2ya6_ligand,2625,0.995666
2ya6_ligand,2626,0.909032
2ya6_ligand,2627,0.907625
2ya6_ligand,2628,0.88412
2ya6_ligand,2629,1.00831
2ya6_ligand,2630,0.714853
2ya6_ligand,2631,0.954657
2ya6_ligand,2632,1.01068
2ya6_ligand,2633,0.769828
2ya6_ligand,2634,1.00296
2ya6_ligand,2635,0.680663
2ya6_ligand,2636,0.923399
2ya6_ligand,2637,0.965504
2ya6_ligand,2638,0.966278
2ya6_ligand,2639,0.737742
2ya6_ligand,2640,0.956352
2ya6_ligand,2641,1.05412
2ya6_ligand,2642,0.751094
2ya6_ligand,2643,0.866248
2ya6_ligand,2644,1.11323
2ya6_ligand,2645,0.797067
2ya6_ligand,2646,0.895022
2ya6_ligand,2647,0.9133
2ya6_ligand,2648,1.01969
2ya6_ligand,2649,0.718939
2ya6_ligand,2650,0.984714
2ya6_ligand,2651,0.907989
2ya6_ligand,2652,0.892673
2ya6_ligand,2653,0.951154
2ya6_ligand,2654,0.965396
2ya6_ligand,2655,0.883909
2ya6_ligand,2656,1.01889
2ya6_ligand,2657,0.733393
2ya6_ligand,2658,1.07435
2ya6_ligand,2659,0.553757
2ya6_ligand,2660,0.742494
2ya6_ligand,2661,0.862298
2ya6_ligand,2662,1.14317
2ya6_ligand,2663,0.707081
2ya6_ligand,2664,0.800869
2ya6_ligand,2665,0.848678
2ya6_ligand,2666,0.935135
2ya6_ligand,2667,0.93599
2ya6_ligand,2668,0.930614
2ya6_ligand,2669,0.967865
2ya6_ligand,2670,0.912052
2ya6_ligand,2671,0.907917
2ya6_ligand,2672,0.92019
2ya6_ligand,2673,0.967565
2ya6_ligand,2674,0.835559
2ya6_ligand,2675,0.950289
2ya6_ligand,2676,0.794528
2ya6_ligand,2677,1.01712
2ya6_ligand,2678,0.681058
2ya6_ligand,2679,1.0112
2ya6_ligand,2680,0.859563
2ya6_ligand,2681,0.964415
2ya6_ligand,2682,0.912893
2ya6_ligand,2683,1.0343
2ya6_ligand,2684,0.730881
2ya6_ligand,2685,1.04418
2ya6_ligand,2686,0.797772
2ya6_ligand,2687,0.825517
2ya6_ligand,2688,1.03583
2ya6_ligand,2689,0.654255
2ya6_ligand,2690,0.793578
2ya6_ligand,2691,0.876086
2ya6_ligand,2692,0.970115
2ya6_ligand,2693,0.898565
2ya6_ligand,2694,1.03056
2ya6_ligand,2695,0.851622
2ya6_ligand,2696,1.06777
2ya6_ligand,2697,0.644163
2ya6_ligand,2698,0.93297
2ya6_ligand,2699,0.91763
2ya6_ligand,2700,1.00672
2ya6_ligand,2701,0.784698
2ya6_ligand,2702,1.02435
2ya6_ligand,2703,0.83702
2ya6_ligand,2704,1.01148
2ya6_ligand,2705,1.04361
2ya6_ligand,2706,0.776704
2ya6_ligand,2707,0.950399
2ya6_ligand,2708,0.919114
2ya6_ligand,2709,1.06001
2ya6_ligand,2710,0.761664
2ya6_ligand,2711,1.00439
2ya6_ligand,2712,0.791529
2ya6_ligand,2713,1.05548
2ya6_ligand,2714,0.591636
2ya6_ligand,2715,1.02945
2ya6_ligand,2716,0.739379
2ya6_ligand,2717,0.950412
2ya6_ligand,2718,1.03101
2ya6_ligand,2719,0.925558
2ya6_ligand,2720,0.96635
2ya6_ligand,2721,1.09098
2ya6_ligand,2722,0.810812
2ya6_ligand,2723,1.0471
2ya6_ligand,2724,0.924429
2ya6_ligand,2725,0.903355
2ya6_ligand,2726,0.955863
2ya6_ligand,2727,0.971853
2ya6_ligand,2728,0.968464
2ya6_ligand,2729,0.818895
2ya6_ligand,2730,0.933702
2ya6_ligand,2731,1.01356
2ya6_ligand,2732,0.789889
2ya6_ligand,2733,1.02506
2ya6_ligand,2734,0.737103
2ya6_ligand,2735,1.01743
2ya6_ligand,2736,0.71414
2ya6_ligand,2737,0.98965
2ya6_ligand,2738,1.03708
2ya6_ligand,2739,0.813291
2ya6_ligand,2740,1.1024
2ya6_ligand,2741,0.51248
2ya6_ligand,2742,1.15895
2ya6_ligand,2743,0.43099
2ya6_ligand,2744,0.975851
2ya6_ligand,2745,1.01655
2ya6_ligand,2746,0.829697
2ya6_ligand,2747,0.864037
2ya6_ligand,2748,0.866389
2ya6_ligand,2749,0.931701
2ya6_ligand,2750,0.900117
2ya6_ligand,2751,0.94389
2ya6_ligand,2752,0.971804
2ya6_ligand,2753,0.918071
2ya6_ligand,2754,0.992839
2ya6_ligand,2755,0.83294
2ya6_ligand,2756,1.04108
2ya6_ligand,2757,0.721824
2ya6_ligand,2758,0.8664
2ya6_ligand,2759,0.92697
2ya6_ligand,2760,0.931808
2ya6_ligand,2761,0.971603
2ya6_ligand,2762,0.787468
2ya6_ligand,2763,0.930628
2ya6_ligand,2764,0.930611
2ya6_ligand,2765,0.925554
2ya6_ligand,2766,1.03423
2ya6_ligand,2767,0.855318
2ya6_ligand,2768,1.12278
2ya6_ligand,2769,0.708034
2ya6_ligand,2770,0.962198
2ya6_ligand,2771,0.833537
2ya6_ligand,2772,0.914696
2ya6_ligand,2773,0.955242
2ya6_ligand,2774,0.847718
2ya6_ligand,2775,1.01189
2ya6_ligand,2776,0.732547
2ya6_ligand,2777,0.98665
2ya6_ligand,2778,0.789438
2ya6_ligand,2779,1.02873
2ya6_ligand,2780,0.7854
2ya6_ligand,2781,1.13758
2ya6_ligand,2782,0.765295
2ya6_ligand,2783,1.048
2ya6_ligand,2784,0.808794
2ya6_ligand,2785,0.86877
2ya6_ligand,2786,0.976924
2ya6_ligand,2787,0.967472
2ya6_ligand,2788,0.957762
2ya6_ligand,2789,0.976792
2ya6_ligand,2790,0.961401
2ya6_ligand,2791,0.990256
2ya6_ligand,2792,0.94041
2ya6_ligand,2793,0.900045
2ya6_ligand,2794,1.02404
2ya6_ligand,2795,0.710874
2ya6_ligand,2796,0.978966
2ya6_ligand,2797,1.0463
2ya6_ligand,2798,0.749415
2ya6_ligand,2799,1.0157
2ya6_ligand,2800,0.74656
2ya6_ligand,2801,1.03017
2ya6_ligand,2802,0.720434
2ya6_ligand,2803,0.874018
2ya6_ligand,2804,0.854063
2ya6_ligand,2805,1.06623
2ya6_ligand,2806,0.722754
2ya6_ligand,2807,0.999192
2ya6_ligand,2808,1.01419
2ya6_ligand,2809,0.901768
2ya6_ligand,2810,1.05875
2ya6_ligand,2811,0.793877
2ya6_ligand,2812,0.980529
2ya6_ligand,2813,1.03666
2ya6_ligand,2814,0.930424
2ya6_ligand,2815,1.00005
2ya6_ligand,2816,0.763996
2ya6_ligand,2817,0.967831
2ya6_ligand,2818,0.934496
2ya6_ligand,2819,1.00251
2ya6_ligand,2820,0.71719
2ya6_ligand,2821,1.01729
2ya6_ligand,2822,0.792697
2ya6_ligand,2823,0.967961
2ya6_ligand,2824,0.898049
2ya6_ligand,2825,1.03517
2ya6_ligand,2826,0.717063
2ya6_ligand,2827,1.04074
2ya6_ligand,2828,0.574836
2ya6_ligand,2829,0.907906
2ya6_ligand,2830,0.930062
2ya6_ligand,2831,1.16507
2ya6_ligand,2832,0.638465
2ya6_ligand,2833,0.788261
2ya6_ligand,2834,0.872222
2ya6_ligand,2835,0.951755
2ya6_ligand,2836,0.939523
2ya6_ligand,2837,0.983705
2ya6_ligand,2838,0.940096
2ya6_ligand,2839,0.909138
2ya6_ligand,2840,0.901681
2ya6_ligand,2841,0.965883
2ya6_ligand,2842,0.839628
2ya6_ligand,2843,1.0705
2ya6_ligand,2844,0.846638
2ya6_ligand,2845,0.938767
2ya6_ligand,2846,0.843882
2ya6_ligand,2847,0.964217
2ya6_ligand,2848,0.923955
2ya6_ligand,2849,0.971473
2ya6_ligand,2850,0.967219
2ya6_ligand,2851,0.924556
2ya6_ligand,2852,1.06071
2ya6_ligand,2853,0.751027
2ya6_ligand,2854,0.998808
2ya6_ligand,2855,0.7752
2ya6_ligand,2856,0.969916
2ya6_ligand,2857,0.93709
2ya6_ligand,2858,0.953318
2ya6_ligand,2859,0.927084
2ya6_ligand,2860,0.974638
2ya6_ligand,2861,0.775338
2ya6_ligand,2862,0.971284
2ya6_ligand,2863,0.828291
2ya6_ligand,2864,1.03427
2ya6_ligand,2865,0.74047
2ya6_ligand,2866,0.976155
2ya6_ligand,2867,1.0225
2ya6_ligand,2868,0.747066
2ya6_ligand,2869,0.935035
2ya6_ligand,2870,0.9196
2ya6_ligand,2871,0.91059
2ya6_ligand,2872,1.05984
2ya6_ligand,2873,0.833571
2ya6_ligand,2874,1.18444
2ya6_ligand,2875,0.610234
2ya6_ligand,2876,0.830305
2ya6_ligand,2877,0.836065
2ya6_ligand,2878,1.01501
2ya6_ligand,2879,0.952813
2ya6_ligand,2880,0.922058
2ya6_ligand,2881,0.961444
2ya6_ligand,2882,0.890748
2ya6_ligand,2883,0.958232
2ya6_ligand,2884,0.917424
2ya6_ligand,2885,0.973458
2ya6_ligand,2886,0.878967
2ya6_ligand,2887,1.03579
2ya6_ligand,2888,0.760856
2ya6_ligand,2889,0.970117
2ya6_ligand,2890,0.931541
2ya6_ligand,2891,1.02556
2ya6_ligand,2892,0.850543
2ya6_ligand,2893,1.14817
2ya6_ligand,2894,0.782085
2ya6_ligand,2895,0.946261
2ya6_ligand,2896,0.981728
2ya6_ligand,2897,0.94101
2ya6_ligand,2898,0.957204
2ya6_ligand,2899,0.964964
2ya6_ligand,2900,0.930341
2ya6_ligand,2901,1.05973
2ya6_ligand,2902,0.76863
2ya6_ligand,2903,0.989701
2ya6_ligand,2904,0.977689
2ya6_ligand,2905,0.857452
2ya6_ligand,2906,0.992697
2ya6_ligand,2907,0.75518
2ya6_ligand,2908,0.972515
2ya6_ligand,2909,1.01525
2ya6_ligand,2910,0.79152
2ya6_ligand,2911,0.934103
2ya6_ligand,2912,0.978996
2ya6_ligand,2913,0.782641
2ya6_ligand,2914,0.936348
2ya6_ligand,2915,0.956626
2ya6_ligand,2916,0.82605
2ya6_ligand,2917,1.05686
2ya6_ligand,2918,0.73227
2ya6_ligand,2919,0.989119
2ya6_ligand,2920,0.795854
2ya6_ligand,2921,1.14416
2ya6_ligand,2922,0.758308
2ya6_ligand,2923,1.0068
2ya6_ligand,2924,1.00597
2ya6_ligand,2925,0.924585
2ya6_ligand,2926,0.933907
2ya6_ligand,2927,0.888921
2ya6_ligand,2928,0.9795
2ya6_ligand,2929,0.792065
2ya6_ligand,2930,1.03225
2ya6_ligand,2931,0.731705
2ya6_ligand,2932,0.9905
2ya6_ligand,2933,0.928249
2ya6_ligand,2934,0.946567
2ya6_ligand,2935,0.933131
2ya6_ligand,2936,1.03195
2ya6_ligand,2937,0.85024
2ya6_ligand,2938,1.13204
2ya6_ligand,2939,0.665804
2ya6_ligand,2940,1.04196
2ya6_ligand,2941,0.8397
2ya6_ligand,2942,0.982663
2ya6_ligand,2943,0.968528
2ya6_ligand,2944,0.964594
2ya6_ligand,2945,0.996044
2ya6_ligand,2946,0.865264
2ya6_ligand,2947,0.985696
2ya6_ligand,2948,0.799412
2ya6_ligand,2949,1.01417
2ya6_ligand,2950,0.688937
2ya6_ligand,2951,0.984454
2ya6_ligand,2952,0.878252
2ya6_ligand,2953,1.0068
2ya6_ligand,2954,0.76273
2ya6_ligand,2955,0.937928
2ya6_ligand,2956,0.995532
2ya6_ligand,2957,0.763426
2ya6_ligand,2958,0.968402
2ya6_ligand,2959,0.90982
2ya6_ligand,2960,0.993688
2ya6_ligand,2961,0.665562
2ya6_ligand,2962,0.973
2ya6_ligand,2963,0.837667
2ya6_ligand,2964,1.07982
2ya6_ligand,2965,0.714437
2ya6_ligand,2966,0.865476
2ya6_ligand,2967,0.912024
2ya6_ligand,2968,0.989135
2ya6_ligand,2969,0.72378
2ya6_ligand,2970,0.907235
2ya6_ligand,2971,0.935612
2ya6_ligand,2972,0.980557
2ya6_ligand,2973,0.943828
2ya6_ligand,2974,0.992418
2ya6_ligand,2975,0.730951
2ya6_ligand,2976,0.999716
2ya6_ligand,2977,0.734082
2ya6_ligand,2978,1.0313
2ya6_ligand,2979,0.591278
2ya6_ligand,2980,0.925244
2ya6_ligand,2981,0.968645
2ya6_ligand,2982,0.989541
2ya6_ligand,2983,0.728272
2ya6_ligand,2984,0.982479
2ya6_ligand,2985,0.759797
2ya6_ligand,2986,0.937841
2ya6_ligand,2987,0.914906
2ya6_ligand,2988,1.07346
2ya6_ligand,2989,0.807656
2ya6_ligand,2990,1.1885
2ya6_ligand,2991,0.586083
2ya6_ligand,2992,0.846028
2ya6_ligand,2993,0.876903
2ya6_ligand,2994,0.946933
2ya6_ligand,2995,0.916035
2ya6_ligand,2996,0.921509
2ya6_ligand,2997,1.02956
2ya6_ligand,2998,0.828996
2ya6_ligand,2999,1.0039
2ya6_ligand,3000,0.761468
2ya6_ligand,3001,1.05099
2ya6_ligand,3002,0.622879
2ya6_ligand,3003,0.845106
2ya6_ligand,3004,0.90981
2ya6_ligand,3005,0.97017
2ya6_ligand,3006,0.99906
2ya6_ligand,3007,0.818213
2ya6_ligand,3008,0.927298
2ya6_ligand,3009,0.992422
2ya6_ligand,3010,0.736861
2ya6_ligand,3011,1.01303
2ya6_ligand,3012,0.810086
2ya6_ligand,3013,1.07151
2ya6_ligand,3014,0.965374
2ya6_ligand,3015,0.814686
2ya6_ligand,3016,1.00261
2ya6_ligand,3017,0.701743
2ya6_ligand,3018,0.950078
2ya6_ligand,3019,0.967866
2ya6_ligand,3020,1.01645
2ya6_ligand,3021,0.706079
2ya6_ligand,3022,1.02938
2ya6_ligand,3023,0.747862
2ya6_ligand,3024,0.894594
2ya6_ligand,3025,0.92825
2ya6_ligand,3026,1.04103
2ya6_ligand,3027,0.701129
2ya6_ligand,3028,0.976299
2ya6_ligand,3029,0.859379
2ya6_ligand,3030,1.14328
2ya6_ligand,3031,0.554328
2ya6_ligand,3032,0.818639
2ya6_ligand,3033,0.849968
2ya6_ligand,3034,1.04729
2ya6_ligand,3035,1.08649
2ya6_ligand,3036,0.936091
2ya6_ligand,3037,0.93162
2ya6_ligand,3038,0.972117
2ya6_ligand,3039,0.929167
2ya6_ligand,3040,1.00149
2ya6_ligand,3041,0.943293
2ya6_ligand,3042,0.922178
2ya6_ligand,3043,1.04055
2ya6_ligand,3044,0.805061
2ya6_ligand,3045,1.07559
2ya6_ligand,3046,0.715121
2ya6_ligand,3047,0.941867
2ya6_ligand,3048,0.864658
2ya6_ligand,3049,0.961748
2ya6_ligand,3050,0.929285
2ya6_ligand,3051,0.889413
2ya6_ligand,3052,1.00353
2ya6_ligand,3053,0.741021
2ya6_ligand,3054,0.981759
2ya6_ligand,3055,1.02573
2ya6_ligand,3056,0.740196
2ya6_ligand,3057,1.02722
2ya6_ligand,3058,0.689067
2ya6_ligand,3059,0.984616
2ya6_ligand,3060,0.997551
2ya6_ligand,3061,0.761783
2ya6_ligand,3062,1.03376
2ya6_ligand,3063,0.637363
2ya6_ligand,3064,1.01193
2ya6_ligand,3065,0.8757
2ya6_ligand,3066,1.00905
2ya6_ligand,3067,0.751432
2ya6_ligand,3068,1.05923
2ya6_ligand,3069,0.857406
2ya6_ligand,3070,0.908959
2ya6_ligand,3071,1.20975
2ya6_ligand,3072,0.811622
2ya6_ligand,3073,1.21802
2ya6_ligand,3074,0.640499
2ya6_ligand,3075,0.988563
2ya6_ligand,3076,0.903032
2ya6_ligand,3077,0.953075
2ya6_ligand,3078,0.954395
2ya6_ligand,3079,0.895323
2ya6_ligand,3080,0.903487
2ya6_ligand,3081,0.941596
2ya6_ligand,3082,0.965739
2ya6_ligand,3083,0.918324
2ya6_ligand,3084,1.03002
2ya6_ligand,3085,0.79436
2ya6_ligand,3086,0.989075
2ya6_ligand,3087,0.91533
2ya6_ligand,3088,0.974594
2ya6_ligand,3089,1.00789
2ya6_ligand,3090,0.861658
2ya6_ligand,3091,0.903816
2ya6_ligand,3092,0.936033
2ya6_ligand,3093,0.958134
2ya6_ligand,3094,0.924462
2ya6_ligand,3095,1.04771
2ya6_ligand,3096,0.754741
2ya6_ligand,3097,1.01073
2ya6_ligand,3098,0.729032
2ya6_ligand,3099,1.00334
2ya6_ligand,3100,0.792108
2ya6_ligand,3101,1.15368
2ya6_ligand,3102,0.737044
2ya6_ligand,3103,1.03243
2ya6_ligand,3104,0.918144
2ya6_ligand,3105,0.839696
2ya6_ligand,3106,0.971871
2ya6_ligand,3107,1.00628
2ya6_ligand,3108,0.805147
2ya6_ligand,3109,1.03286
2ya6_ligand,3110,0.763285
2ya6_ligand,3111,1.03905
2ya6_ligand,3112,0.727146
2ya6_ligand,3113,0.998157
2ya6_ligand,3114,0.808377
2ya6_ligand,3115,1.03347
2ya6_ligand,3116,0.756656
2ya6_ligand,3117,1.08205
2ya6_ligand,3118,1.03826
2ya6_ligand,3119,0.934067
2ya6_ligand,3120,1.029
2ya6_ligand,3121,0.756061
2ya6_ligand,3122,1.09035
2ya6_ligand,3123,0.547943
2ya6_ligand,3124,0.968115
2ya6_ligand,3125,0.944742
2ya6_ligand,3126,0.989142
2ya6_ligand,3127,0.856537
2ya6_ligand,3128,1.02292
2ya6_ligand,3129,0.68702
2ya6_ligand,3130,0.936417
2ya6_ligand,3131,1.02864
2ya6_ligand,3132,0.89621
2ya6_ligand,3133,0.986407
2ya6_ligand,3134,1.00617
2ya6_ligand,3135,0.772649
2ya6_ligand,3136,1.08057
2ya6_ligand,3137,0.689353
2ya6_ligand,3138,0.855128
2ya6_ligand,3139,0.88852
2ya6_ligand,3140,1.01291
2ya6_ligand,3141,0.812816
2ya6_ligand,3142,1.23339
2ya6_ligand,3143,0.525391
2ya6_ligand,3144,0.881421
2ya6_ligand,3145,0.882617
2ya6_ligand,3146,0.907153
2ya6_ligand,3147,0.935408
2ya6_ligand,3148,0.943402
2ya6_ligand,3149,0.966723
2ya6_ligand,3150,0.924601
2ya6_ligand,3151,0.954936
2ya6_ligand,3152,0.927146
2ya6_ligand,3153,1.01547
2ya6_ligand,3154,0.80068
2ya6_ligand,3155,0.968648
2ya6_ligand,3156,0.930003
2ya6_ligand,3157,1.03326
2ya6_ligand,3158,0.904468
2ya6_ligand,3159,0.985333
2ya6_ligand,3160,0.926831
2ya6_ligand,3161,0.980085
2ya6_ligand,3162,0.810955
2ya6_ligand,3163,1.04348
2ya6_ligand,3164,0.758019
2ya6_ligand,3165,1.01019
2ya6_ligand,3166,0.800108
2ya6_ligand,3167,1.05942
2ya6_ligand,3168,0.762424
2ya6_ligand,3169,1.17817
2ya6_ligand,3170,0.795194
2ya6_ligand,3171,1.05721
2ya6_ligand,3172,0.766358
2ya6_ligand,3173,0.927715
2ya6_ligand,3174,0.948155
2ya6_ligand,3175,0.898636
2ya6_ligand,3176,0.946479
2ya6_ligand,3177,0.941715
2ya6_ligand,3178,0.972193
2ya6_ligand,3179,0.928283
2ya6_ligand,3180,1.03962
2ya6_ligand,3181,0.785988
2ya6_ligand,3182,0.953117
2ya6_ligand,3183,1.01593
2ya6_ligand,3184,0.875921
2ya6_ligand,3185,0.957889
2ya6_ligand,3186,0.945394
2ya6_ligand,3187,1.01528
2ya6_ligand,3188,0.77051
2ya6_ligand,3189,1.0465
2ya6_ligand,3190,0.684147
2ya6_ligand,3191,1.03946
2ya6_ligand,3192,0.679401
2ya6_ligand,3193,0.862133
2ya6_ligand,3194,0.916571
2ya6_ligand,3195,0.907917
2ya6_ligand,3196,1.0423
2ya6_ligand,3197,0.779713
2ya6_ligand,3198,1.15151
2ya6_ligand,3199,0.77236
2ya6_ligand,3200,0.843535
2ya6_ligand,3201,0.933702
2ya6_ligand,3202,0.90608
2ya6_ligand,3203,0.949936
2ya6_ligand,3204,0.951848
2ya6_ligand,3205,0.988814
2ya6_ligand,3206,0.756651
2ya6_ligand,3207,1.04621
2ya6_ligand,3208,0.635532
2ya6_ligand,3209,0.933348
2ya6_ligand,3210,0.92115
2ya6_ligand,3211,0.899018
2ya6_ligand,3212,1.01049
2ya6_ligand,3213,0.730434
2ya6_ligand,3214,0.993842
2ya6_ligand,3215,0.771176
2ya6_ligand,3216,1.03771
2ya6_ligand,3217,0.996912
2ya6_ligand,3218,0.752907
2ya6_ligand,3219,1.05368
2ya6_ligand,3220,0.612681
2ya6_ligand,3221,0.819779
2ya6_ligand,3222,0.899152
2ya6_ligand,3223,1.0175
2ya6_ligand,3224,0.701778
2ya6_ligand,3225,0.978041
2ya6_ligand,3226,0.822088
2ya6_ligand,3227,1.12833
2ya6_ligand,3228,0.525065
2ya6_ligand,3229,1.04089
2ya6_ligand,3230,0.870998
2ya6_ligand,3231,0.96558
2ya6_ligand,3232,0.916794
2ya6_ligand,3233,0.983729
2ya6_ligand,3234,0.942022
2ya6_ligand,3235,1.02911
2ya6_ligand,3236,0.788056
2ya6_ligand,3237,0.902831
2ya6_ligand,3238,0.903887
2ya6_ligand,3239,1.02004
2ya6_ligand,3240,0.765084
2ya6_ligand,3241,1.08908
2ya6_ligand,3242,0.841165
2ya6_ligand,3243,0.879675
2ya6_ligand,3244,0.980856
2ya6_ligand,3245,0.924217
2ya6_ligand,3246,0.965274
2ya6_ligand,3247,0.981554
2ya6_ligand,3248,0.881521
2ya6_ligand,3249,1.09633
2ya6_ligand,3250,0.760594
2ya6_ligand,3251,1.01888
2ya6_ligand,3252,0.767408
2ya6_ligand,3253,0.999092
2ya6_ligand,3254,0.759932
2ya6_ligand,3255,1.00387
2ya6_ligand,3256,1.00065
2ya6_ligand,3257,0.768873
2ya6_ligand,3258,1.04207
2ya6_ligand,3259,0.636186
2ya6_ligand,3260,0.997796
2ya6_ligand,3261,0.776361
2ya6_ligand,3262,1.07982
2ya6_ligand,3263,0.828681
2ya6_ligand,3264,1.15965
2ya6_ligand,3265,0.431412
2ya6_ligand,3266,1.07838
2ya6_ligand,3267,0.9591
2ya6_ligand,3268,0.957159
2ya6_ligand,3269,0.945587
2ya6_ligand,3270,1.01381
2ya6_ligand,3271,0.816397
2ya6_ligand,3272,1.02166
2ya6_ligand,3273,0.775082
2ya6_ligand,3274,0.995351
2ya6_ligand,3275,0.818118
2ya6_ligand,3276,0.971145
2ya6_ligand,3277,0.986604
2ya6_ligand,3278,0.987324
2ya6_ligand,3279,0.857641
2ya6_ligand,3280,1.11109
2ya6_ligand,3281,0.676123
2ya6_ligand,3282,1.047
2ya6_ligand,3283,0.81617
2ya6_ligand,3284,0.973295
2ya6_ligand,3285,0.965394
2ya6_ligand,3286,0.840928
2ya6_ligand,3287,1.00978
2ya6_ligand,3288,0.770893
2ya6_ligand,3289,1.02783
2ya6_ligand,3290,0.713764
2ya6_ligand,3291,0.993453
2ya6_ligand,3292,0.878533
2ya6_ligand,3293,0.985543
2ya6_ligand,3294,0.969787
2ya6_ligand,3295,0.918653
2ya6_ligand,3296,1.02105
2ya6_ligand,3297,0.824172
2ya6_ligand,3298,0.949602
2ya6_ligand,3299,1.2113
2ya6_ligand,3300,0.735507
2ya6_ligand,3301,0.965642
2ya6_ligand,3302,0.860916
2ya6_ligand,3303,0.88137
2ya6_ligand,3304,0.898254
2ya6_ligand,3305,0.884965
2ya6_ligand,3306,0.976376
2ya6_ligand,3307,0.813151
2ya6_ligand,3308,1.0324
2ya6_ligand,3309,0.771359
2ya6_ligand,3310,1.00225
2ya6_ligand,3311,0.892429
2ya6_ligand,3312,0.994179
2ya6_ligand,3313,0.956099
2ya6_ligand,3314,0.893113
2ya6_ligand,3315,1.09643
2ya6_ligand,3316,0.695022
2ya6_ligand,3317,0.99094
2ya6_ligand,3318,0.868744
2ya6_ligand,3319,1.01584
2ya6_ligand,3320,0.987109
2ya6_ligand,3321,0.866205
2ya6_ligand,3322,0.917977
2ya6_ligand,3323,0.969926
2ya6_ligand,3324,0.822808
2ya6_ligand,3325,0.919781
2ya6_ligand,3326,0.979369
2ya6_ligand,3327,0.820709
2ya6_ligand,3328,0.960731
2ya6_ligand,3329,0.856751
2ya6_ligand,3330,1.05388
2ya6_ligand,3331,0.778393
2ya6_ligand,3332,1.08719
2ya6_ligand,3333,0.787225
2ya6_ligand,3334,0.917544
2ya6_ligand,3335,0.892774
2ya6_ligand,3336,0.943643
2ya6_ligand,3337,0.955246
2ya6_ligand,3338,0.890946
2ya6_ligand,3339,1.02016
2ya6_ligand,3340,0.776192
2ya6_ligand,3341,1.01565
2ya6_ligand,3342,0.762115
2ya6_ligand,3343,0.997061
2ya6_ligand,3344,1.02128
2ya6_ligand,3345,0.733767
2ya6_ligand,3346,0.930485
2ya6_ligand,3347,0.97672
2ya6_ligand,3348,0.793114
2ya6_ligand,3349,0.94185
2ya6_ligand,3350,0.940619
2ya6_ligand,3351,0.965673
2ya6_ligand,3352,0.864958
2ya6_ligand,3353,1.0912
2ya6_ligand,3354,0.734295
2ya6_ligand,3355,1.01486
2ya6_ligand,3356,0.71563
2ya6_ligand,3357,1.00561
2ya6_ligand,3358,0.997043
2ya6_ligand,3359,0.725627
2ya6_ligand,3360,0.976527
2ya6_ligand,3361,0.757031
2ya6_ligand,3362,0.991866
2ya6_ligand,3363,0.782982
2ya6_ligand,3364,1.07544
2ya6_ligand,3365,0.621981
2ya6_ligand,3366,0.803651
2ya6_ligand,3367,0.913679
2ya6_ligand,3368,0.9359
2ya6_ligand,3369,1.02424
2ya6_ligand,3370,0.882185
2ya6_ligand,3371,0.932996
2ya6_ligand,3372,1.0765
2ya6_ligand,3373,0.847143
2ya6_ligand,3374,1.24257
2ya6_ligand,3375,0.607243
2ya6_ligand,3376,0.817504
2ya6_ligand,3377,1.03737
2ya6_ligand,3378,0.831514
2ya6_ligand,3379,0.855801
2ya6_ligand,3380,0.943671
2ya6_ligand,3381,0.955088
2ya6_ligand,3382,0.982843
2ya6_ligand,3383,0.894097
2ya6_ligand,3384,1.01174
2ya6_ligand,3385,0.837053
2ya6_ligand,3386,0.978178
2ya6_ligand,3387,0.831251
2ya6_ligand,3388,0.97423
2ya6_ligand,3389,0.865624
2ya6_ligand,3390,0.993374
2ya6_ligand,3391,0.815971
2ya6_ligand,3392,1.02256
2ya6_ligand,3393,0.850205
2ya6_ligand,3394,1.12405
2ya6_ligand,3395,0.723154
2ya6_ligand,3396,0.894947
2ya6_ligand,3397,0.89658
2ya6_ligand,3398,0.882512
2ya6_ligand,3399,0.998401
2ya6_ligand,3400,0.830675
2ya6_ligand,3401,0.974633
2ya6_ligand,3402,0.919056
2ya6_ligand,3403,1.09388
2ya6_ligand,3404,0.667963
2ya6_ligand,3405,0.769364
2ya6_ligand,3406,0.97398
2ya6_ligand,3407,0.9195
2ya6_ligand,3408,1.00645
2ya6_ligand,3409,0.782217
2ya6_ligand,3410,0.990559
2ya6_ligand,3411,0.886796
2ya6_ligand,3412,1.14176
2ya6_ligand,3413,0.659873
2ya6_ligand,3414,0.927932
2ya6_ligand,3415,0.983637
2ya6_ligand,3416,0.92419
2ya6_ligand,3417,0.954088
2ya6_ligand,3418,0.98662
2ya6_ligand,3419,0.829115
2ya6_ligand,3420,0.913884
2ya6_ligand,3421,0.913091
2ya6_ligand,3422,0.947525
2ya6_ligand,3423,1.04161
2ya6_ligand,3424,0.892801
2ya6_ligand,3425,1.21668
2ya6_ligand,3426,0.688616
2ya6_ligand,3427,0.800511
2ya6_ligand,3428,0.866297
2ya6_ligand,3429,0.891284
2ya6_ligand,3430,0.912106
2ya6_ligand,3431,0.901152
2ya6_ligand,3432,0.92881
2ya6_ligand,3433,0.995112
2ya6_ligand,3434,0.899622
2ya6_ligand,3435,0.957945
2ya6_ligand,3436,0.928989
2ya6_ligand,3437,1.00529
2ya6_ligand,3438,0.838293
2ya6_ligand,3439,0.92105
2ya6_ligand,3440,0.977544
2ya6_ligand,3441,0.835911
2ya6_ligand,3442,0.972926
2ya6_ligand,3443,0.965773
2ya6_ligand,3444,0.908735
2ya6_ligand,3445,1.01756
2ya6_ligand,3446,0.733768
2ya6_ligand,3447,0.952261
2ya6_ligand,3448,0.976039
2ya6_ligand,3449,0.882687
2ya6_ligand,3450,0.923862
2ya6_ligand,3451,1.20836
2ya6_ligand,3452,0.770668
2ya6_ligand,3453,1.12425
2ya6_ligand,3454,0.870352
2ya6_ligand,3455,0.903565
2ya6_ligand,3456,0.869338
2ya6_ligand,3457,0.931519
2ya6_ligand,3458,0.914451
2ya6_ligand,3459,0.943182
2ya6_ligand,3460,0.974524
2ya6_ligand,3461,0.923741
2ya6_ligand,3462,0.908557
2ya6_ligand,3463,0.913822
2ya6_ligand,3464,0.97481
2ya6_ligand,3465,0.906196
2ya6_ligand,3466,0.953089
2ya6_ligand,3467,0.886729
2ya6_ligand,3468,1.01549
2ya6_ligand,3469,0.758251
2ya6_ligand,3470,0.981468
2ya6_ligand,3471,0.91735
2ya6_ligand,3472,1.23073
2ya6_ligand,3473,0.67429
2ya6_ligand,3474,0.892949
2ya6_ligand,3475,0.926314
2ya6_ligand,3476,0.8958
2ya6_ligand,3477,0.879088
2ya6_ligand,3478,0.873533
2ya6_ligand,3479,0.856053
2ya6_ligand,3480,0.942402
2ya6_ligand,3481,0.911293
2ya6_ligand,3482,0.965016
2ya6_ligand,3483,0.951951
2ya6_ligand,3484,0.962681
2ya6_ligand,3485,0.987857
2ya6_ligand,3486,0.903037
2ya6_ligand,3487,0.973484
2ya6_ligand,3488,0.876712
2ya6_ligand,3489,1.04644
2ya6_ligand,3490,0.814667
2ya6_ligand,3491,1.01215
2ya6_ligand,3492,0.75112
2ya6_ligand,3493,1.02741
2ya6_ligand,3494,0.774967
2ya6_ligand,3495,1.04298
2ya6_ligand,3496,1.00923
2ya6_ligand,3497,0.804472
2ya6_ligand,3498,0.921538
2ya6_ligand,3499,0.960244
2ya6_ligand,3500,0.964864
2ya6_ligand,3501,1.00581
2ya6_ligand,3502,0.768616
2ya6_ligand,3503,1.03594
2ya6_ligand,3504,0.729246
2ya6_ligand,3505,1.00396
2ya6_ligand,3506,0.81997
2ya6_ligand,3507,1.17872
2ya6_ligand,3508,0.629581
2ya6_ligand,3509,0.831509
2ya6_ligand,3510,0.850778
2ya6_ligand,3511,0.966364
2ya6_ligand,3512,1.00808
2ya6_ligand,3513,0.883854
2ya6_ligand,3514,0.926016
2ya6_ligand,3515,0.925666
2ya6_ligand,3516,0.992312
2ya6_ligand,3517,0.895297
2ya6_ligand,3518,1.05371
2ya6_ligand,3519,0.861069
2ya6_ligand,3520,0.926517
2ya6_ligand,3521,1.04578
2ya6_ligand,3522,0.773557
2ya6_ligand,3523,1.03471
2ya6_ligand,3524,0.79013
2ya6_ligand,3525,1.19201
2ya6_ligand,3526,0.665691
2ya6_ligand,3527,0.875498
2ya6_ligand,3528,0.919835
2ya6_ligand,3529,0.865622
2ya6_ligand,3530,0.885182
2ya6_ligand,3531,0.945557
2ya6_ligand,3532,0.921387
2ya6_ligand,3533,0.930326
2ya6_ligand,3534,0.981546
2ya6_ligand,3535,0.848713
2ya6_ligand,3536,0.994706
2ya6_ligand,3537,0.843746
2ya6_ligand,3538,0.976612
2ya6_ligand,3539,0.820523
2ya6_ligand,3540,1.03507
2ya6_ligand,3541,0.697648
2ya6_ligand,3542,1.0269
2ya6_ligand,3543,0.682466
2ya6_ligand,3544,0.863104
2ya6_ligand,3545,0.921758
2ya6_ligand,3546,1.02456
2ya6_ligand,3547,0.724121
2ya6_ligand,3548,0.995894
2ya6_ligand,3549,0.778838
2ya6_ligand,3550,1.17429
2ya6_ligand,3551,0.534886
2ya6_ligand,3552,1.03322
2ya6_ligand,3553,0.871706
2ya6_ligand,3554,0.938127
2ya6_ligand,3555,0.968473
2ya6_ligand,3556,0.89317
2ya6_ligand,3557,0.922693
2ya6_ligand,3558,0.948451
2ya6_ligand,3559,0.970168
2ya6_ligand,3560,0.871019
2ya6_ligand,3561,0.935061
2ya6_ligand,3562,0.964963
2ya6_ligand,3563,0.900105
2ya6_ligand,3564,1.04148
2ya6_ligand,3565,0.805231
2ya6_ligand,3566,0.943376
2ya6_ligand,3567,0.963001
2ya6_ligand,3568,0.81193
2ya6_ligand,3569,1.01352
2ya6_ligand,3570,0.732931
2ya6_ligand,3571,0.943933
2ya6_ligand,3572,0.964705
2ya6_ligand,3573,0.905593
2ya6_ligand,3574,0.929982
2ya6_ligand,3575,1.03786
2ya6_ligand,3576,0.743973
2ya6_ligand,3577,0.955265
2ya6_ligand,3578,0.982243
2ya6_ligand,3579,0.877936
2ya6_ligand,3580,0.933552
2ya6_ligand,3581,1.08884
2ya6_ligand,3582,0.779112
2ya6_ligand,3583,1.14926
2ya6_ligand,3584,0.801211
2ya6_ligand,3585,1.01262
2ya6_ligand,3586,0.945579
2ya6_ligand,3587,0.920012
2ya6_ligand,3588,0.955522
2ya6_ligand,3589,0.991682
2ya6_ligand,3590,0.888401
2ya6_ligand,3591,0.989259
2ya6_ligand,3592,0.8275
2ya6_ligand,3593,0.989845
2ya6_ligand,3594,0.806931
2ya6_ligand,3595,0.950963
2ya6_ligand,3596,1.03282
2ya6_ligand,3597,0.821559
2ya6_ligand,3598,0.95284
2ya6_ligand,3599,1.02644
2ya6_ligand,3600,0.743577
2ya6_ligand,3601,1.00839
2ya6_ligand,3602,0.872808
2ya6_ligand,3603,1.21997
2ya6_ligand,3604,0.642534
2ya6_ligand,3605,0.875719
2ya6_ligand,3606,1.09807
2ya6_ligand,3607,0.619854
2ya6_ligand,3608,0.848011
2ya6_ligand,3609,0.875479
2ya6_ligand,3610,0.966384
2ya6_ligand,3611,0.946762
2ya6_ligand,3612,0.934728
2ya6_ligand,3613,0.977924
2ya6_ligand,3614,0.947775
2ya6_ligand,3615,1.00879
2ya6_ligand,3616,0.825288
2ya6_ligand,3617,1.02107
2ya6_ligand,3618,0.775577
2ya6_ligand,3619,0.991684
2ya6_ligand,3620,0.860203
2ya6_ligand,3621,0.980586
2ya6_ligand,3622,0.869165
2ya6_ligand,3623,0.985779
2ya6_ligand,3624,0.933779
2ya6_ligand,3625,1.02777
2ya6_ligand,3626,0.883443
2ya6_ligand,3627,1.18294
2ya6_ligand,3628,0.65614
2ya6_ligand,3629,0.776254
2ya6_ligand,3630,0.841708
2ya6_ligand,3631,0.853999
2ya6_ligand,3632,0.909358
2ya6_ligand,3633,0.920484
2ya6_ligand,3634,0.957133
2ya6_ligand,3635,0.982871
2ya6_ligand,3636,0.821307
2ya6_ligand,3637,0.934007
2ya6_ligand,3638,0.949912
2ya6_ligand,3639,1.0115
2ya6_ligand,3640,0.800501
2ya6_ligand,3641,0.958552
2ya6_ligand,3642,0.98958
2ya6_ligand,3643,0.872699
2ya6_ligand,3644,1.01612
2ya6_ligand,3645,0.840646
2ya6_ligand,3646,0.944427
2ya6_ligand,3647,0.899711
2ya6_ligand,3648,1.00311
2ya6_ligand,3649,0.746767
2ya6_ligand,3650,0.966842
2ya6_ligand,3651,1.01189
2ya6_ligand,3652,0.861867
2ya6_ligand,3653,0.939977
2ya6_ligand,3654,0.987426
2ya6_ligand,3655,0.781146
2ya6_ligand,3656,0.988557
2ya6_ligand,3657,0.710967
2ya6_ligand,3658,0.991158
2ya6_ligand,3659,0.729263
2ya6_ligand,3660,0.997105
2ya6_ligand,3661,0.64128
2ya6_ligand,3662,1.03967
2ya6_ligand,3663,0.912596
2ya6_ligand,3664,0.943081
2ya6_ligand,3665,0.917997
2ya6_ligand,3666,0.96724
2ya6_ligand,3667,0.735054
2ya6_ligand,3668,0.995452
2ya6_ligand,3669,0.675176
2ya6_ligand,3670,0.920579
2ya6_ligand,3671,0.923462
2ya6_ligand,3672,1.02515
2ya6_ligand,3673,0.760303
2ya6_ligand,3674,1.0801
2ya6_ligand,3675,0.802025
2ya6_ligand,3676,0.719624
2ya6_ligand,3677,0.9408
2ya6_ligand,3678,0.97022
2ya6_ligand,3679,0.803057
2ya6_ligand,3680,0.956918
2ya6_ligand,3681,0.960147
2ya6_ligand,3682,0.809317
2ya6_ligand,3683,0.945787
2ya6_ligand,3684,0.992853
2ya6_ligand,3685,0.822882
2ya6_ligand,3686,1.05802
2ya6_ligand,3687,0.65422
2ya6_ligand,3688,0.96019
2ya6_ligand,3689,0.844788
2ya6_ligand,3690,0.949516
2ya6_ligand,3691,0.912751
2ya6_ligand,3692,0.924412
2ya6_ligand,3693,1.08376
2ya6_ligand,3694,0.698063
2ya6_ligand,3695,0.925552
2ya6_ligand,3696,0.883467
2ya6_ligand,3697,0.99256
2ya6_ligand,3698,0.766335
2ya6_ligand,3699,0.946631
2ya6_ligand,3700,0.975509
2ya6_ligand,3701,1.09606
2ya6_ligand,3702,0.743145
2ya6_ligand,3703,0.816449
2ya6_ligand,3704,1.04393
2ya6_ligand,3705,0.770296
2ya6_ligand,3706,0.891048
2ya6_ligand,3707,0.891949
2ya6_ligand,3708,0.903005
2ya6_ligand,3709,0.955549
2ya6_ligand,3710,1.01887
2ya6_ligand,3711,0.875458
2ya6_ligand,3712,0.994131
2ya6_ligand,3713,0.767677
2ya6_ligand,3714,1.02493
2ya6_ligand,3715,0.668118
2ya6_ligand,3716,1.03657
2ya6_ligand,3717,0.7898
2ya6_ligand,3718,1.05032
2ya6_ligand,3719,0.648496
2ya6_ligand,3720,0.82544
2ya6_ligand,3721,0.881998
2ya6_ligand,3722,1.05765
2ya6_ligand,3723,0.806476
2ya6_ligand,3724,1.13668
2ya6_ligand,3725,0.603544
2ya6_ligand,3726,1.02056
2ya6_ligand,3727,0.889425
2ya6_ligand,3728,1.02945
2ya6_ligand,3729,0.758924
2ya6_ligand,3730,1.02442
2ya6_ligand,3731,0.811114
2ya6_ligand,3732,0.975047
2ya6_ligand,3733,0.914088
2ya6_ligand,3734,1.03155
2ya6_ligand,3735,0.787554
2ya6_ligand,3736,1.07356
2ya6_ligand,3737,0.763446
2ya6_ligand,3738,1.08032
2ya6_ligand,3739,0.706771
2ya6_ligand,3740,1.20841
2ya6_ligand,3741,0.484216
2ya6_ligand,3742,1.07978
2ya6_ligand,3743,1.12588
2ya6_ligand,3744,0.607692
2ya6_ligand,3745,0.78698
2ya6_ligand,3746,1.07515
2ya6_ligand,3747,0.858959
2ya6_ligand,3748,0.920074
2ya6_ligand,3749,0.999328
2ya6_ligand,3750,0.92823
2ya6_ligand,3751,1.00536
2ya6_ligand,3752,0.998901
2ya6_ligand,3753,1.03391
2ya6_ligand,3754,0.872132
2ya6_ligand,3755,0.986959
2ya6_ligand,3756,0.904371
2ya6_ligand,3757,1.02466
2ya6_ligand,3758,0.75928
2ya6_ligand,3759,1.00019
2ya6_ligand,3760,0.799102
2ya6_ligand,3761,1.04812
2ya6_ligand,3762,0.763541
2ya6_ligand,3763,1.10398
2ya6_ligand,3764,0.815883
2ya6_ligand,3765,1.08444
2ya6_ligand,3766,0.981801
2ya6_ligand,3767,1.11339
2ya6_ligand,3768,0.798395
2ya6_ligand,3769,1.23792
2ya6_ligand,3770,0.666551
2ya6_ligand,3771,0.868776
2ya6_ligand,3772,0.892538
2ya6_ligand,3773,0.962616
2ya6_ligand,3774,0.963997
2ya6_ligand,3775,0.903943
2ya6_ligand,3776,0.990525
2ya6_ligand,3777,0.93693
2ya6_ligand,3778,0.993471
2ya6_ligand,3779,0.863808
2ya6_ligand,3780,1.03048
2ya6_ligand,3781,0.79532
2ya6_ligand,3782,0.996724
2ya6_ligand,3783,0.922422
2ya6_ligand,3784,1.04819
2ya6_ligand,3785,0.773917
2ya6_ligand,3786,1.033
2ya6_ligand,3787,0.81065
2ya6_ligand,3788,0.984824
2ya6_ligand,3789,0.914917
2ya6_ligand,3790,0.838783
2ya6_ligand,3791,0.967643
2ya6_ligand,3792,0.94565
2ya6_ligand,3793,1.06918
2ya6_ligand,3794,0.748341
2ya6_ligand,3795,0.936353
2ya6_ligand,3796,0.93455
2ya6_ligand,3797,0.975718
2ya6_ligand,3798,0.998656
2ya6_ligand,3799,0.855897
2ya6_ligand,3800,1.19848
2ya6_ligand,3801,0.640857
2ya6_ligand,3802,0.806782
2ya6_ligand,3803,0.836341
2ya6_ligand,3804,0.923525
2ya6_ligand,3805,0.915269
2ya6_ligand,3806,0.917121
2ya6_ligand,3807,0.946888
2ya6_ligand,3808,0.961136
2ya6_ligand,3809,0.953164
2ya6_ligand,3810,0.928028
2ya6_ligand,3811,1.0332
2ya6_ligand,3812,0.899812
2ya6_ligand,3813,0.977447
2ya6_ligand,3814,0.955392
2ya6_ligand,3815,0.926922
2ya6_ligand,3816,1.01109
2ya6_ligand,3817,0.984092
2ya6_ligand,3818,0.983124
2ya6_ligand,3819,0.733073
2ya6_ligand,3820,0.970673
2ya6_ligand,3821,0.886932
2ya6_ligand,3822,1.04288
2ya6_ligand,3823,0.78409
2ya6_ligand,3824,1.15832
2ya6_ligand,3825,0.700016
2ya6_ligand,3826,0.76741
2ya6_ligand,3827,0.954196
2ya6_ligand,3828,0.960953
2ya6_ligand,3829,0.963541
2ya6_ligand,3830,0.925924
2ya6_ligand,3831,0.989057
2ya6_ligand,3832,0.820641
2ya6_ligand,3833,1.00569
2ya6_ligand,3834,0.792718
2ya6_ligand,3835,0.935759
2ya6_ligand,3836,0.935313
2ya6_ligand,3837,0.98573
2ya6_ligand,3838,0.836501
2ya6_ligand,3839,1.0399
2ya6_ligand,3840,0.742777
2ya6_ligand,3841,0.9916
2ya6_ligand,3842,0.765743
2ya6_ligand,3843,0.995412
2ya6_ligand,3844,1.01029
2ya6_ligand,3845,0.789224
2ya6_ligand,3846,1.0381
2ya6_ligand,3847,0.691231
2ya6_ligand,3848,1.00418
2ya6_ligand,3849,0.75243
2ya6_ligand,3850,0.920257
2ya6_ligand,3851,0.893393
2ya6_ligand,3852,1.05203
2ya6_ligand,3853,0.854716
2ya6_ligand,3854,1.25582
2ya6_ligand,3855,0.602699
2ya6_ligand,3856,0.873622
2ya6_ligand,3857,0.90386
2ya6_ligand,3858,0.862322
2ya6_ligand,3859,0.931158
2ya6_ligand,3860,0.889233
2ya6_ligand,3861,0.939222
2ya6_ligand,3862,0.906288
2ya6_ligand,3863,0.957143
2ya6_ligand,3864,0.940234
2ya6_ligand,3865,1.00132
2ya6_ligand,3866,0.815548
2ya6_ligand,3867,0.924994
2ya6_ligand,3868,0.974103
2ya6_ligand,3869,0.924791
2ya6_ligand,3870,1.01046
2ya6_ligand,3871,0.860476
2ya6_ligand,3872,1.04126
2ya6_ligand,3873,0.73178
2ya6_ligand,3874,0.973113
2ya6_ligand,3875,0.926108
2ya6_ligand,3876,1.04858
2ya6_ligand,3877,0.760382
2ya6_ligand,3878,0.98648
2ya6_ligand,3879,0.865906
2ya6_ligand,3880,1.23658
2ya6_ligand,3881,0.636338
2ya6_ligand,3882,0.846097
2ya6_ligand,3883,0.897853
2ya6_ligand,3884,0.847747
2ya6_ligand,3885,1.02964
2ya6_ligand,3886,0.947075
2ya6_ligand,3887,0.949253
2ya6_ligand,3888,0.934057
2ya6_ligand,3889,0.961896
2ya6_ligand,3890,0.947353
2ya6_ligand,3891,0.937158
2ya6_ligand,3892,0.944563
2ya6_ligand,3893,0.992228
2ya6_ligand,3894,0.809924
2ya6_ligand,3895,0.973458
2ya6_ligand,3896,1.01317
2ya6_ligand,3897,0.823564
2ya6_ligand,3898,0.917636
2ya6_ligand,3899,0.957979
2ya6_ligand,3900,0.906747
2ya6_ligand,3901,0.988493
2ya6_ligand,3902,0.825576
2ya6_ligand,3903,0.963681
2ya6_ligand,3904,0.959532
2ya6_ligand,3905,0.787849
2ya6_ligand,3906,1.05348
2ya6_ligand,3907,0.627719
2ya6_ligand,3908,0.953517
2ya6_ligand,3909,0.82341
2ya6_ligand,3910,1.17491
2ya6_ligand,3911,0.635066
2ya6_ligand,3912,0.794179
2ya6_ligand,3913,0.862026
2ya6_ligand,3914,0.863673
2ya6_ligand,3915,0.947257
2ya6_ligand,3916,0.947243
2ya6_ligand,3917,0.947462
2ya6_ligand,3918,0.958089
2ya6_ligand,3919,0.936497
2ya6_ligand,3920,0.936656
2ya6_ligand,3921,0.943975
2ya6_ligand,3922,0.944801
2ya6_ligand,3923,0.920188
2ya6_ligand,3924,1.03895
2ya6_ligand,3925,0.813975
2ya6_ligand,3926,0.911841
2ya6_ligand,3927,0.870932
2ya6_ligand,3928,0.974838
2ya6_ligand,3929,1.02008
2ya6_ligand,3930,0.782038
2ya6_ligand,3931,0.964444
2ya6_ligand,3932,0.950015
2ya6_ligand,3933,0.88754
2ya6_ligand,3934,1.04627
2ya6_ligand,3935,0.747568
2ya6_ligand,3936,0.960079
2ya6_ligand,3937,0.915465
2ya6_ligand,3938,0.978369
2ya6_ligand,3939,0.784285
2ya6_ligand,3940,1.01374
2ya6_ligand,3941,0.891577
2ya6_ligand,3942,1.00723
2ya6_ligand,3943,0.71616
2ya6_ligand,3944,0.981451
2ya6_ligand,3945,1.05283
2ya6_ligand,3946,0.742995
2ya6_ligand,3947,0.910143
2ya6_ligand,3948,0.961317
2ya6_ligand,3949,0.945164
2ya6_ligand,3950,0.941438
2ya6_ligand,3951,0.997952
2ya6_ligand,3952,0.731438
2ya6_ligand,3953,0.981472
2ya6_ligand,3954,1.08254
2ya6_ligand,3955,0.729946
2ya6_ligand,3956,1.0229
2ya6_ligand,3957,0.694639
2ya6_ligand,3958,0.950054
2ya6_ligand,3959,1.02658
2ya6_ligand,3960,0.815279
2ya6_ligand,3961,1.11246
2ya6_ligand,3962,0.723489
2ya6_ligand,3963,0.966474
2ya6_ligand,3964,1.05723
2ya6_ligand,3965,0.783858
2ya6_ligand,3966,0.979528
2ya6_ligand,3967,0.802854
2ya6_ligand,3968,0.991904
2ya6_ligand,3969,0.837482
2ya6_ligand,3970,0.878571
2ya6_ligand,3971,0.899921
2ya6_ligand,3972,1.02054
2ya6_ligand,3973,0.762684
2ya6_ligand,3974,1.06192
2ya6_ligand,3975,0.642974
2ya6_ligand,3976,0.850814
2ya6_ligand,3977,0.896669
2ya6_ligand,3978,0.887189
2ya6_ligand,3979,1.01659
2ya6_ligand,3980,0.762154
2ya6_ligand,3981,1.11998
2ya6_ligand,3982,0.636039
2ya6_ligand,3983,0.858382
2ya6_ligand,3984,0.943403
2ya6_ligand,3985,0.899966
2ya6_ligand,3986,0.954272
2ya6_ligand,3987,0.921691
2ya6_ligand,3988,0.982972
2ya6_ligand,3989,0.794388
2ya6_ligand,3990,0.926256
2ya6_ligand,3991,0.985512
2ya6_ligand,3992,0.769825
2ya6_ligand,3993,1.00381
2ya6_ligand,3994,0.722326
2ya6_ligand,3995,0.987394
2ya6_ligand,3996,0.68668
2ya6_ligand,3997,0.91717
2ya6_ligand,3998,1.03102
2ya6_ligand,3999,0.637138
2ya6_ligand,4000,0.940709
2ya6_ligand,4001,0.796113
2ya6_ligand,4002,1.12888
2ya6_ligand,4003,0.5278
2ya6_ligand,4004,0.926665
2ya6_ligand,4005,0.903607
2ya6_ligand,4006,0.988731
2ya6_ligand,4007,0.811213
2ya6_ligand,4008,1.02329
2ya6_ligand,4009,0.768465
2ya6_ligand,4010,1.0031
2ya6_ligand,4011,0.975249
2ya6_ligand,4012,0.929468
2ya6_ligand,4013,0.99163
2ya6_ligand,4014,0.760761
2ya6_ligand,4015,0.986358
2ya6_ligand,4016,1.01261
2ya6_ligand,4017,0.787027
2ya6_ligand,4018,1.00167
2ya6_ligand,4019,0.817941
2ya6_ligand,4020,1.04878
2ya6_ligand,4021,0.716374
2ya6_ligand,4022,0.973415
2ya6_ligand,4023,1.04606
2ya6_ligand,4024,0.710249
2ya6_ligand,4025,0.877533
2ya6_ligand,4026,0.878664
2ya6_ligand,4027,1.00003
2ya6_ligand,4028,1.06292
2ya6_ligand,4029,0.746145
2ya6_ligand,4030,1.01418
2ya6_ligand,4031,0.805672
2ya6_ligand,4032,0.930152
2ya6_ligand,4033,0.946071
2ya6_ligand,4034,0.914617
2ya6_ligand,4035,0.942617
2ya6_ligand,4036,0.937157
2ya6_ligand,4037,0.968942
2ya6_ligand,4038,0.802603
2ya6_ligand,4039,1.14135
2ya6_ligand,4040,0.785736
2ya6_ligand,4041,1.0222
2ya6_ligand,4042,0.846124
2ya6_ligand,4043,0.917915
2ya6_ligand,4044,0.952663
2ya6_ligand,4045,0.975265
2ya6_ligand,4046,0.823339
2ya6_ligand,4047,1.04691
2ya6_ligand,4048,0.671066
2ya6_ligand,4049,1.00186
2ya6_ligand,4050,0.812034
2ya6_ligand,4051,0.937581
2ya6_ligand,4052,0.943354
2ya6_ligand,4053,1.01312
2ya6_ligand,4054,0.837709
2ya6_ligand,4055,1.00831
2ya6_ligand,4056,0.987322
2ya6_ligand,4057,0.85127
2ya6_ligand,4058,0.97827
2ya6_ligand,4059,0.976324
2ya6_ligand,4060,0.739439
2ya6_ligand,4061,0.938021
2ya6_ligand,4062,1.00088
2ya6_ligand,4063,0.711652
2ya6_ligand,4064,0.976737
2ya6_ligand,4065,1.07079
2ya6_ligand,4066,0.706755
2ya6_ligand,4067,1.00137
2ya6_ligand,4068,0.684505
2ya6_ligand,4069,0.840475
2ya6_ligand,4070,0.912203
2ya6_ligand,4071,1.02168
2ya6_ligand,4072,0.69615
2ya6_ligand,4073,0.954569
2ya6_ligand,4074,0.728219
2ya6_ligand,4075,1.0093
2ya6_ligand,4076,0.688837
2ya6_ligand,4077,0.934611
2ya6_ligand,4078,0.898776
2ya6_ligand,4079,1.01164
2ya6_ligand,4080,0.688218
2ya6_ligand,4081,0.966973
2ya6_ligand,4082,1.1151
2ya6_ligand,4083,0.537204
2ya6_ligand,4084,1.03584
2ya6_ligand,4085,1.06145
2ya6_ligand,4086,0.789833
2ya6_ligand,4087,1.03822
2ya6_ligand,4088,1.05389
2ya6_ligand,4089,0.735453
2ya6_ligand,4090,1.02309
2ya6_ligand,4091,0.805471
2ya6_ligand,4092,0.923985
2ya6_ligand,4093,0.938257
2ya6_ligand,4094,0.969637
2ya6_ligand,4095,0.934306
2ya6_ligand,4096,1.06467
2ya6_ligand,4097,0.741699
2ya6_ligand,4098,0.995658
2ya6_ligand,4099,0.744139
2ya6_ligand,4100,0.981299
2ya6_ligand,4101,0.858827
2ya6_ligand,4102,0.957415
2ya6_ligand,4103,0.816301
2ya6_ligand,4104,1.00057
2ya6_ligand,4105,0.697642
2ya6_ligand,4106,0.983273
2ya6_ligand,4107,0.979502
2ya6_ligand,4108,0.81643
2ya6_ligand,4109,1.07751
2ya6_ligand,4110,0.591322
2ya6_ligand,4111,0.981725
2ya6_ligand,4112,0.881567
2ya6_ligand,4113,0.957064
2ya6_ligand,4114,0.962531
2ya6_ligand,4115,0.862696
2ya6_ligand,4116,0.942407
2ya6_ligand,4117,1.08448
2ya6_ligand,4118,0.827917
2ya6_ligand,4119,1.20873
2ya6_ligand,4120,0.555891
2ya6_ligand,4121,0.862653
2ya6_ligand,4122,0.868776
2ya6_ligand,4123,0.95553
2ya6_ligand,4124,0.927099
2ya6_ligand,4125,0.919957
2ya6_ligand,4126,0.92295
2ya6_ligand,4127,0.939052
2ya6_ligand,4128,0.963592
2ya6_ligand,4129,0.927025
2ya6_ligand,4130,0.995084
2ya6_ligand,4131,0.813317
2ya6_ligand,4132,0.922328
2ya6_ligand,4133,0.963904
2ya6_ligand,4134,0.906385
2ya6_ligand,4135,0.974564
2ya6_ligand,4136,0.836435
2ya6_ligand,4137,1.01659
2ya6_ligand,4138,0.756555
2ya6_ligand,4139,0.975133
2ya6_ligand,4140,0.920641
2ya6_ligand,4141,0.949012
2ya6_ligand,4142,0.907025
2ya6_ligand,4143,1.04177
2ya6_ligand,4144,0.762145
2ya6_ligand,4145,1.052
2ya6_ligand,4146,0.776052
2ya6_ligand,4147,1.03684
2ya6_ligand,4148,1.03642
2ya6_ligand,4149,0.959597
2ya6_ligand,4150,0.873343
2ya6_ligand,4151,1.02176
2ya6_ligand,4152,0.747197
2ya6_ligand,4153,1.04572
2ya6_ligand,4154,0.77158
2ya6_ligand,4155,0.924469
2ya6_ligand,4156,0.861435
2ya6_ligand,4157,0.96354
2ya6_ligand,4158,0.943522
2ya6_ligand,4159,1.00138
2ya6_ligand,4160,0.758513
2ya6_ligand,4161,1.03344
2ya6_ligand,4162,0.7222
2ya6_ligand,4163,1.02156
2ya6_ligand,4164,0.911979
2ya6_ligand,4165,0.863205
2ya6_ligand,4166,0.867954
2ya6_ligand,4167,1.0167
2ya6_ligand,4168,0.748051
2ya6_ligand,4169,1.03622
2ya6_ligand,4170,0.999525
2ya6_ligand,4171,0.893377
2ya6_ligand,4172,0.915321
2ya6_ligand,4173,0.954108
2ya6_ligand,4174,0.943794
2ya6_ligand,4175,0.917519
2ya6_ligand,4176,1.06573
2ya6_ligand,4177,0.864861
2ya6_ligand,4178,1.25708
2ya6_ligand,4179,0.579374
2ya6_ligand,4180,0.895464
2ya6_ligand,4181,0.960982
2ya6_ligand,4182,0.912671
2ya6_ligand,4183,0.906722
2ya6_ligand,4184,0.909323
2ya6_ligand,4185,0.923122
2ya6_ligand,4186,0.968803
2ya6_ligand,4187,0.846075
2ya6_ligand,4188,0.961095
2ya6_ligand,4189,0.938337
2ya6_ligand,4190,1.02773
2ya6_ligand,4191,0.847021
2ya6_ligand,4192,0.983334
2ya6_ligand,4193,0.820254
2ya6_ligand,4194,0.969076
2ya6_ligand,4195,0.818298
2ya6_ligand,4196,0.97446
2ya6_ligand,4197,0.84318
2ya6_ligand,4198,1.02313
2ya6_ligand,4199,0.756316
2ya6_ligand,4200,1.03517
2ya6_ligand,4201,0.704288
2ya6_ligand,4202,0.868288
2ya6_ligand,4203,0.886419
2ya6_ligand,4204,1.09154
2ya6_ligand,4205,0.803178
2ya6_ligand,4206,0.933131
2ya6_ligand,4207,0.869078
2ya6_ligand,4208,0.877882
2ya6_ligand,4209,0.933531
2ya6_ligand,4210,0.940922
2ya6_ligand,4211,0.968201
2ya6_ligand,4212,0.95038
2ya6_ligand,4213,1.00029
2ya6_ligand,4214,0.768807
2ya6_ligand,4215,0.981814
2ya6_ligand,4216,1.04498
2ya6_ligand,4217,0.769726
2ya6_ligand,4218,0.966605
2ya6_ligand,4219,1.0481
2ya6_ligand,4220,0.706496
2ya6_ligand,4221,0.979752
2ya6_ligand,4222,0.864423
2ya6_ligand,4223,1.02775
2ya6_ligand,4224,0.77639
2ya6_ligand,4225,1.14214
2ya6_ligand,4226,0.780302
2ya6_ligand,4227,0.806742
2ya6_ligand,4228,0.864345
2ya6_ligand,4229,0.929721
2ya6_ligand,4230,0.914856
2ya6_ligand,4231,0.947367
2ya6_ligand,4232,0.941889
2ya6_ligand,4233,0.984512
2ya6_ligand,4234,0.857951
2ya6_ligand,4235,0.977512
2ya6_ligand,4236,0.860658
2ya6_ligand,4237,1.08009
2ya6_ligand,4238,0.74999
2ya6_ligand,4239,0.933084
2ya6_ligand,4240,0.93304
2ya6_ligand,4241,0.983885
2ya6_ligand,4242,0.80856
2ya6_ligand,4243,1.05087
2ya6_ligand,4244,0.681445
2ya6_ligand,4245,0.901209
2ya6_ligand,4246,1.00022
2ya6_ligand,4247,0.719851
2ya6_ligand,4248,0.991992
2ya6_ligand,4249,0.967866
2ya6_ligand,4250,0.847597
2ya6_ligand,4251,0.956296
2ya6_ligand,4252,0.948808
2ya6_ligand,4253,1.01489
2ya6_ligand,4254,0.738085
2ya6_ligand,4255,1.0885
2ya6_ligand,4256,0.613691
2ya6_ligand,4257,0.806524
2ya6_ligand,4258,0.911595
2ya6_ligand,4259,0.932851
2ya6_ligand,4260,0.972264
2ya6_ligand,4261,0.884866
2ya6_ligand,4262,0.958723
2ya6_ligand,4263,0.82555
2ya6_ligand,4264,0.921159
2ya6_ligand,4265,0.973446
2ya6_ligand,4266,0.851494
2ya6_ligand,4267,1.0502
2ya6_ligand,4268,0.714999
2ya6_ligand,4269,0.986044
2ya6_ligand,4270,0.802686
2ya6_ligand,4271,0.933763
2ya6_ligand,4272,0.972415
2ya6_ligand,4273,0.800448
2ya6_ligand,4274,0.951
2ya6_ligand,4275,0.996597
2ya6_ligand,4276,0.818455
2ya6_ligand,4277,1.07534
2ya6_ligand,4278,0.731265
2ya6_ligand,4279,0.999288
2ya6_ligand,4280,0.933376
2ya6_ligand,4281,0.88924
2ya6_ligand,4282,0.958313
2ya6_ligand,4283,0.966626
2ya6_ligand,4284,0.897281
2ya6_ligand,4285,1.15269
2ya6_ligand,4286,0.617222
2ya6_ligand,4287,0.949545
2ya6_ligand,4288,0.865493
2ya6_ligand,4289,0.963225
2ya6_ligand,4290,0.912151
2ya6_ligand,4291,0.970837
2ya6_ligand,4292,0.960308
2ya6_ligand,4293,0.970217
2ya6_ligand,4294,0.838171
2ya6_ligand,4295,1.09031
2ya6_ligand,4296,0.788023
2ya6_ligand,4297,0.981461
2ya6_ligand,4298,0.951175
2ya6_ligand,4299,0.90865
2ya6_ligand,4300,0.941937
2ya6_ligand,4301,0.969286
2ya6_ligand,4302,0.84419
2ya6_ligand,4303,0.968828
2ya6_ligand,4304,0.927293
2ya6_ligand,4305,0.983542
2ya6_ligand,4306,0.796964
2ya6_ligand,4307,0.996541
2ya6_ligand,4308,0.748406
2ya6_ligand,4309,0.953583
2ya6_ligand,4310,0.842981
2ya6_ligand,4311,1.15406
2ya6_ligand,4312,0.698512
2ya6_ligand,4313,0.856228
2ya6_ligand,4314,1.05089
2ya6_ligand,4315,0.629572
2ya6_ligand,4316,0.76187
2ya6_ligand,4317,0.852739
2ya6_ligand,4318,0.890461
2ya6_ligand,4319,0.994618
2ya6_ligand,4320,0.836386
2ya6_ligand,4321,1.06559
2ya6_ligand,4322,0.661332
2ya6_ligand,4323,0.815608
2ya6_ligand,4324,0.883779
2ya6_ligand,4325,0.896528
2ya6_ligand,4326,0.923876
2ya6_ligand,4327,1.02447
2ya6_ligand,4328,0.766876
2ya6_ligand,4329,0.977327
2ya6_ligand,4330,0.806376
2ya6_ligand,4331,1.06781
2ya6_ligand,4332,0.643137
2ya6_ligand,4333,0.910761
2ya6_ligand,4334,0.845715
2ya6_ligand,4335,0.980072
2ya6_ligand,4336,0.9868
2ya6_ligand,4337,0.777308
2ya6_ligand,4338,1.04773
2ya6_ligand,4339,0.65083
2ya6_ligand,4340,0.999232
2ya6_ligand,4341,0.827764
2ya6_ligand,4342,1.11838
2ya6_ligand,4343,0.802012
2ya6_ligand,4344,0.863542
2ya6_ligand,4345,0.963288
2ya6_ligand,4346,0.964489
2ya6_ligand,4347,0.865893
2ya6_ligand,4348,1.05764
2ya6_ligand,4349,0.711116
2ya6_ligand,4350,0.913548
2ya6_ligand,4351,0.851355
2ya6_ligand,4352,1.0064
2ya6_ligand,4353,0.809114
2ya6_ligand,4354,0.991106
2ya6_ligand,4355,0.869479
2ya6_ligand,4356,1.11376
2ya6_ligand,4357,0.609841
2ya6_ligand,4358,0.923516
2ya6_ligand,4359,0.926854
2ya6_ligand,4360,0.985434
2ya6_ligand,4361,0.987846
2ya6_ligand,4362,0.854904
2ya6_ligand,4363,1.00259
2ya6_ligand,4364,0.785227
2ya6_ligand,4365,1.02439
2ya6_ligand,4366,0.771832
2ya6_ligand,4367,1.03455
2ya6_ligand,4368,0.685311
2ya6_ligand,4369,0.847599
2ya6_ligand,4370,0.900931
2ya6_ligand,4371,0.921016
2ya6_ligand,4372,1.05835
2ya6_ligand,4373,0.775111
2ya6_ligand,4374,1.146
2ya6_ligand,4375,0.684262
2ya6_ligand,4376,0.82814
2ya6_ligand,4377,0.913074
2ya6_ligand,4378,0.923579
2ya6_ligand,4379,0.95873
2ya6_ligand,4380,0.958454
2ya6_ligand,4381,0.926461
2ya6_ligand,4382,1.02307
2ya6_ligand,4383,0.775175
2ya6_ligand,4384,0.919069
2ya6_ligand,4385,0.953629
2ya6_ligand,4386,0.966387
2ya6_ligand,4387,0.923052
2ya6_ligand,4388,1.08289
2ya6_ligand,4389,0.839678
2ya6_ligand,4390,0.939584
2ya6_ligand,4391,0.966697
2ya6_ligand,4392,0.793099
2ya6_ligand,4393,1.0007
2ya6_ligand,4394,0.67163
2ya6_ligand,4395,1.04408
2ya6_ligand,4396,0.568107
2ya6_ligand,4397,0.951593
2ya6_ligand,4398,0.950919
2ya6_ligand,4399,0.871131
2ya6_ligand,4400,0.985427
2ya6_ligand,4401,0.728843
2ya6_ligand,4402,1.02397
2ya6_ligand,4403,0.615133
2ya6_ligand,4404,0.861544
2ya6_ligand,4405,0.862468
2ya6_ligand,4406,1.14714
2ya6_ligand,4407,0.606781
2ya6_ligand,4408,0.766098
2ya6_ligand,4409,0.842363
2ya6_ligand,4410,0.871157
2ya6_ligand,4411,0.927993
2ya6_ligand,4412,0.940445
2ya6_ligand,4413,0.930821
2ya6_ligand,4414,0.971431
2ya6_ligand,4415,0.843523
2ya6_ligand,4416,0.980608
2ya6_ligand,4417,0.790057
2ya6_ligand,4418,0.945938
2ya6_ligand,4419,0.98837
2ya6_ligand,4420,0.88214
2ya6_ligand,4421,0.982015
2ya6_ligand,4422,0.942662
2ya6_ligand,4423,1.09278
2ya6_ligand,4424,0.92124
2ya6_ligand,4425,1.00022
2ya6_ligand,4426,0.718283
2ya6_ligand,4427,1.00118
2ya6_ligand,4428,0.691438
2ya6_ligand,4429,0.963082
2ya6_ligand,4430,0.987959
2ya6_ligand,4431,0.870298
2ya6_ligand,4432,0.983055
2ya6_ligand,4433,0.899408
2ya6_ligand,4434,1.03531
2ya6_ligand,4435,0.724241
2ya6_ligand,4436,0.933303
2ya6_ligand,4437,0.936332
2ya6_ligand,4438,0.995203
2ya6_ligand,4439,0.983277
2ya6_ligand,4440,0.895471
2ya6_ligand,4441,1.26941
2ya6_ligand,4442,0.654635
2ya6_ligand,4443,0.826522
2ya6_ligand,4444,0.856701
2ya6_ligand,4445,0.932473
2ya6_ligand,4446,0.904792
2ya6_ligand,4447,0.956863
2ya6_ligand,4448,0.944273
2ya6_ligand,4449,0.958873
2ya6_ligand,4450,0.855336
2ya6_ligand,4451,0.953704
2ya6_ligand,4452,0.87846
2ya6_ligand,4453,0.942498
2ya6_ligand,4454,0.90677
2ya6_ligand,4455,1.01785
2ya6_ligand,4456,0.822285
2ya6_ligand,4457,0.997193
2ya6_ligand,4458,0.766558
2ya6_ligand,4459,0.960538
2ya6_ligand,4460,0.850605
2ya6_ligand,4461,1.12592
2ya6_ligand,4462,0.836248
2ya6_ligand,4463,0.858022
2ya6_ligand,4464,0.9585
2ya6_ligand,4465,0.997045
2ya6_ligand,4466,0.803174
2ya6_ligand,4467,0.952035
2ya6_ligand,4468,0.879507
2ya6_ligand,4469,0.969286
2ya6_ligand,4470,0.899645
2ya6_ligand,4471,1.00064
2ya6_ligand,4472,0.716777
2ya6_ligand,4473,0.950246
2ya6_ligand,4474,1.01248
2ya6_ligand,4475,0.781067
2ya6_ligand,4476,1.00387
2ya6_ligand,4477,0.736511
2ya6_ligand,4478,0.979106
2ya6_ligand,4479,1.00418
2ya6_ligand,4480,0.819428
2ya6_ligand,4481,0.999062
2ya6_ligand,4482,0.741125
2ya6_ligand,4483,1.01277
2ya6_ligand,4484,0.731713
2ya6_ligand,4485,0.993542
2ya6_ligand,4486,1.02214
2ya6_ligand,4487,0.766076
2ya6_ligand,4488,1.16274
2ya6_ligand,4489,0.794741
2ya6_ligand,4490,1.11292
2ya6_ligand,4491,0.73291
2ya6_ligand,4492,0.954028
2ya6_ligand,4493,0.941152
2ya6_ligand,4494,0.903359
2ya6_ligand,4495,0.870328
2ya6_ligand,4496,0.88674
2ya6_ligand,4497,0.8632
2ya6_ligand,4498,0.945623
2ya6_ligand,4499,0.9192
2ya6_ligand,4500,0.929139
2ya6_ligand,4501,1.01003
2ya6_ligand,4502,0.872943
2ya6_ligand,4503,0.946419
2ya6_ligand,4504,0.994104
2ya6_ligand,4505,0.772298
2ya6_ligand,4506,1.03782
2ya6_ligand,4507,0.641678
2ya6_ligand,4508,0.979553
2ya6_ligand,4509,0.992766
2ya6_ligand,4510,0.841487
2ya6_ligand,4511,1.05154
2ya6_ligand,4512,0.656715
2ya6_ligand,4513,1.03235
2ya6_ligand,4514,0.789789
2ya6_ligand,4515,0.957026
2ya6_ligand,4516,0.919461
2ya6_ligand,4517,1.07475
2ya6_ligand,4518,0.703523
2ya6_ligand,4519,1.04359
2ya6_ligand,4520,0.718067
2ya6_ligand,4521,0.884204
2ya6_ligand,4522,0.871296
2ya6_ligand,4523,1.01901
2ya6_ligand,4524,0.662448
2ya6_ligand,4525,0.956922
2ya6_ligand,4526,1.06239
2ya6_ligand,4527,0.62878
2ya6_ligand,4528,0.813429
2ya6_ligand,4529,0.910881
2ya6_ligand,4530,1.03848
2ya6_ligand,4531,0.722447
2ya6_ligand,4532,1.00679
2ya6_ligand,4533,0.789436
2ya6_ligand,4534,1.12384
2ya6_ligand,4535,0.475515
2ya6_ligand,4536,1.06067
2ya6_ligand,4537,0.760333
2ya6_ligand,4538,0.955221
2ya6_ligand,4539,0.952785
2ya6_ligand,4540,1.01777
2ya6_ligand,4541,0.771116
2ya6_ligand,4542,1.00344
2ya6_ligand,4543,0.905367
2ya6_ligand,4544,0.947618
2ya6_ligand,4545,0.924698
2ya6_ligand,4546,1.0705
2ya6_ligand,4547,0.83963
2ya6_ligand,4548,1.2092
2ya6_ligand,4549,0.564767
2ya6_ligand,4550,0.842324
2ya6_ligand,4551,0.997696
2ya6_ligand,4552,0.880245
2ya6_ligand,4553,0.878948
2ya6_ligand,4554,0.880661
2ya6_ligand,4555,0.886283
2ya6_ligand,4556,0.932605
2ya6_ligand,4557,0.931476
2ya6_ligand,4558,0.970475
2ya6_ligand,4559,0.924905
2ya6_ligand,4560,1.0166
2ya6_ligand,4561,0.86267
2ya6_ligand,4562,0.99723
2ya6_ligand,4563,1.031
2ya6_ligand,4564,0.781105
2ya6_ligand,4565,0.954092
2ya6_ligand,4566,0.864479
2ya6_ligand,4567,0.896085
2ya6_ligand,4568,0.943654
2ya6_ligand,4569,0.939669
2ya6_ligand,4570,1.01505
2ya6_ligand,4571,0.774825
2ya6_ligand,4572,1.01997
2ya6_ligand,4573,0.707352
2ya6_ligand,4574,0.978244
2ya6_ligand,4575,0.960734
2ya6_ligand,4576,0.974477
2ya6_ligand,4577,0.910731
2ya6_ligand,4578,0.990111
2ya6_ligand,4579,0.823953
2ya6_ligand,4580,1.13161
2ya6_ligand,4581,0.793181
2ya6_ligand,4582,0.895355
2ya6_ligand,4583,0.903105
2ya6_ligand,4584,0.950699
2ya6_ligand,4585,0.855486
2ya6_ligand,4586,0.924287
2ya6_ligand,4587,0.99419
2ya6_ligand,4588,0.803196
2ya6_ligand,4589,1.03017
2ya6_ligand,4590,0.680088
2ya6_ligand,4591,0.851709
2ya6_ligand,4592,0.944056
2ya6_ligand,4593,0.919137
2ya6_ligand,4594,1.0536
2ya6_ligand,4595,0.861278
2ya6_ligand,4596,1.13051
2ya6_ligand,4597,0.70561
2ya6_ligand,4598,0.996756
2ya6_ligand,4599,0.855737
2ya6_ligand,4600,0.917171
2ya6_ligand,4601,0.897584
2ya6_ligand,4602,0.940226
2ya6_ligand,4603,0.933623
2ya6_ligand,4604,0.998576
2ya6_ligand,4605,0.774006
2ya6_ligand,4606,1.01121
2ya6_ligand,4607,0.760306
2ya6_ligand,4608,1.00794
2ya6_ligand,4609,0.730624
2ya6_ligand,4610,0.992578
2ya6_ligand,4611,1.03705
2ya6_ligand,4612,0.827638
2ya6_ligand,4613,1.10278
2ya6_ligand,4614,0.587945
2ya6_ligand,4615,0.889779
2ya6_ligand,4616,0.976537
2ya6_ligand,4617,0.924636
2ya6_ligand,4618,1.06838
2ya6_ligand,4619,0.678608
2ya6_ligand,4620,0.840972
2ya6_ligand,4621,0.863678
2ya6_ligand,4622,1.01299
2ya6_ligand,4623,0.863884
2ya6_ligand,4624,0.912735
2ya6_ligand,4625,1.01221
2ya6_ligand,4626,0.724167
2ya6_ligand,4627,0.991316
2ya6_ligand,4628,0.806771
2ya6_ligand,4629,1.12996
2ya6_ligand,4630,0.612637
2ya6_ligand,4631,0.872863
2ya6_ligand,4632,0.851736
2ya6_ligand,4633,1.05988
2ya6_ligand,4634,0.741389
2ya6_ligand,4635,0.887075
2ya6_ligand,4636,0.887331
2ya6_ligand,4637,1.01593
2ya6_ligand,4638,0.872034
2ya6_ligand,4639,0.973836
2ya6_ligand,4640,1.04626
2ya6_ligand,4641,0.793275
2ya6_ligand,4642,0.993649
2ya6_ligand,4643,0.854303
2ya6_ligand,4644,0.988334
2ya6_ligand,4645,1.0747
2ya6_ligand,4646,0.76022
2ya6_ligand,4647,1.0545
2ya6_ligand,4648,0.6305
2ya6_ligand,4649,1.07143
2ya6_ligand,4650,0.790872
2ya6_ligand,4651,0.953438
2ya6_ligand,4652,0.91368
2ya6_ligand,4653,1.07833
2ya6_ligand,4654,0.767872
2ya6_ligand,4655,1.18397
2ya6_ligand,4656,0.658497
2ya6_ligand,4657,0.740782
2ya6_ligand,4658,0.948046
2ya6_ligand,4659,0.945029
2ya6_ligand,4660,0.926654
2ya6_ligand,4661,0.93632
2ya6_ligand,4662,0.98248
2ya6_ligand,4663,0.86835
2ya6_ligand,4664,0.986297
2ya6_ligand,4665,0.898521
2ya6_ligand,4666,0.953545
2ya6_ligand,4667,0.971486
2ya6_ligand,4668,1.00661
2ya6_ligand,4669,0.760318
2ya6_ligand,4670,0.967882
2ya6_ligand,4671,1.02522
2ya6_ligand,4672,0.800837
2ya6_ligand,4673,1.07175
2ya6_ligand,4674,0.630516
2ya6_ligand,4675,0.953439
2ya6_ligand,4676,1.07814
2ya6_ligand,4677,0.748585
2ya6_ligand,4678,0.967246
2ya6_ligand,4679,0.919463
2ya6_ligand,4680,0.920791
2ya6_ligand,4681,0.994128
2ya6_ligand,4682,0.780645
2ya6_ligand,4683,1.01727
2ya6_ligand,4684,0.816629
2ya6_ligand,4685,0.953916
2ya6_ligand,4686,0.949937
2ya6_ligand,4687,0.925928
2ya6_ligand,4688,1.0044
2ya6_ligand,4689,0.736921
2ya6_ligand,4690,0.936853
2ya6_ligand,4691,0.9412
2ya6_ligand,4692,1.00063
2ya6_ligand,4693,0.706921
2ya6_ligand,4694,0.99908
2ya6_ligand,4695,0.871586
2ya6_ligand,4696,1.00228
2ya6_ligand,4697,0.929005
2ya6_ligand,4698,1.06169
2ya6_ligand,4699,0.703104
2ya6_ligand,4700,0.980137
2ya6_ligand,4701,0.90451
2ya6_ligand,4702,1.00657
2ya6_ligand,4703,0.698293
2ya6_ligand,4704,0.96024
2ya6_ligand,4705,1.03442
2ya6_ligand,4706,0.830785
2ya6_ligand,4707,0.930106
2ya6_ligand,4708,1.06539
2ya6_ligand,4709,0.727697
2ya6_ligand,4710,1.14252
2ya6_ligand,4711,0.741114
2ya6_ligand,4712,1.01614
2ya6_ligand,4713,0.965794
2ya6_ligand,4714,0.919569
2ya6_ligand,4715,0.993515
2ya6_ligand,4716,0.93756
2ya6_ligand,4717,0.920028
2ya6_ligand,4718,0.989015
2ya6_ligand,4719,0.835825
2ya6_ligand,4720,1.00491
2ya6_ligand,4721,0.705042
2ya6_ligand,4722,1.02534
2ya6_ligand,4723,0.73212
2ya6_ligand,4724,1.07574
2ya6_ligand,4725,0.537824
2ya6_ligand,4726,1.00022
2ya6_ligand,4727,0.84005
2ya6_ligand,4728,0.932686
2ya6_ligand,4729,0.929256
2ya6_ligand,4730,1.07281
2ya6_ligand,4731,0.875595
2ya6_ligand,4732,1.21367
2ya6_ligand,4733,0.651485
2ya6_ligand,4734,0.953166
2ya6_ligand,4735,0.882004
2ya6_ligand,4736,0.848132
2ya6_ligand,4737,0.935584
2ya6_ligand,4738,0.874708
2ya6_ligand,4739,0.93278
2ya6_ligand,4740,0.925014
2ya6_ligand,4741,0.904169
2ya6_ligand,4742,0.942048
2ya6_ligand,4743,0.926759
2ya6_ligand,4744,0.977704
2ya6_ligand,4745,0.998148
2ya6_ligand,4746,0.818042
2ya6_ligand,4747,0.94751
2ya6_ligand,4748,0.965984
2ya6_ligand,4749,0.900092
2ya6_ligand,4750,0.958082
2ya6_ligand,4751,0.929742
2ya6_ligand,4752,1.03234
2ya6_ligand,4753,0.852472
2ya6_ligand,4754,1.16976
2ya6_ligand,4755,0.673579
2ya6_ligand,4756,0.864437
2ya6_ligand,4757,1.04358
2ya6_ligand,4758,0.882148
2ya6_ligand,4759,0.907047
2ya6_ligand,4760,0.896662
2ya6_ligand,4761,0.943415
2ya6_ligand,4762,0.945142
2ya6_ligand,4763,0.997433
2ya6_ligand,4764,0.863734
2ya6_ligand,4765,0.964307
2ya6_ligand,4766,0.98687
2ya6_ligand,4767,0.856023
2ya6_ligand,4768,0.930794
2ya6_ligand,4769,1.02344
2ya6_ligand,4770,0.823994
2ya6_ligand,4771,1.02368
2ya6_ligand,4772,0.760018
2ya6_ligand,4773,1.01599
2ya6_ligand,4774,0.756517
2ya6_ligand,4775,1.01666
2ya6_ligand,4776,0.733059
2ya6_ligand,4777,1.0216
2ya6_ligand,4778,0.8636
2ya6_ligand,4779,0.949554
2ya6_ligand,4780,0.967439
2ya6_ligand,4781,0.848769
2ya6_ligand,4782,1.06878
2ya6_ligand,4783,0.767026
2ya6_ligand,4784,1.12681
2ya6_ligand,4785,0.811858
2ya6_ligand,4786,0.853865
2ya6_ligand,4787,0.94805
2ya6_ligand,4788,0.932562
2ya6_ligand,4789,0.997556
2ya6_ligand,4790,0.772345
2ya6_ligand,4791,0.940709
2ya6_ligand,4792,0.912643
2ya6_ligand,4793,0.881097
2ya6_ligand,4794,0.991712
2ya6_ligand,4795,0.97489
2ya6_ligand,4796,0.784231
2ya6_ligand,4797,1.00613
2ya6_ligand,4798,0.723028
2ya6_ligand,4799,0.961054
2ya6_ligand,4800,1.03811
2ya6_ligand,4801,0.71107
2ya6_ligand,4802,0.938787
2ya6_ligand,4803,0.956042
2ya6_ligand,4804,0.92629
2ya6_ligand,4805,1.07005
2ya6_ligand,4806,0.772125
2ya6_ligand,4807,1.11325
2ya6_ligand,4808,0.750982
2ya6_ligand,4809,0.845338
2ya6_ligand,4810,0.953957
2ya6_ligand,4811,0.938447
2ya6_ligand,4812,1.00901
2ya6_ligand,4813,0.8007
2ya6_ligand,4814,1.04548
2ya6_ligand,4815,0.626941
2ya6_ligand,4816,0.844916
2ya6_ligand,4817,0.934306
2ya6_ligand,4818,0.956013
2ya6_ligand,4819,0.882194
2ya6_ligand,4820,0.936781
2ya6_ligand,4821,0.995349
2ya6_ligand,4822,0.72425
2ya6_ligand,4823,0.893728
2ya6_ligand,4824,0.92282
2ya6_ligand,4825,0.902161
2ya6_ligand,4826,1.03767
2ya6_ligand,4827,0.785738
2ya6_ligand,4828,1.07566
2ya6_ligand,4829,0.83944
2ya6_ligand,4830,0.878457
2ya6_ligand,4831,0.876499
2ya6_ligand,4832,0.956159
2ya6_ligand,4833,0.947493
2ya6_ligand,4834,0.998782
2ya6_ligand,4835,0.715097
2ya6_ligand,4836,0.976588
2ya6_ligand,4837,0.850465
2ya6_ligand,4838,0.962357
2ya6_ligand,4839,0.939247
2ya6_ligand,4840,0.986494
2ya6_ligand,4841,0.736213
2ya6_ligand,4842,1.03694
2ya6_ligand,4843,0.636683
2ya6_ligand,4844,0.976019
2ya6_ligand,4845,0.858637
2ya6_ligand,4846,1.06344
2ya6_ligand,4847,0.726466
2ya6_ligand,4848,1.02656
2ya6_ligand,4849,0.816418
2ya6_ligand,4850,0.950116
2ya6_ligand,4851,0.812857
2ya6_ligand,4852,0.99904
2ya6_ligand,4853,0.713752
2ya6_ligand,4854,1.02413
2ya6_ligand,4855,0.611031
2ya6_ligand,4856,1.04678
2ya6_ligand,4857,0.851525
2ya6_ligand,4858,1.08432
2ya6_ligand,4859,0.590709
2ya6_ligand,4860,0.786217
2ya6_ligand,4861,0.911757
2ya6_ligand,4862,1.0142
2ya6_ligand,4863,0.795987
2ya6_ligand,4864,1.1578
2ya6_ligand,4865,0.778217
2ya6_ligand,4866,0.866178
2ya6_ligand,4867,0.95301
2ya6_ligand,4868,0.910328
2ya6_ligand,4869,0.976667
2ya6_ligand,4870,0.811679
2ya6_ligand,4871,1.03935
2ya6_ligand,4872,0.969223
2ya6_ligand,4873,0.838862
2ya6_ligand,4874,0.997802
2ya6_ligand,4875,0.764517
2ya6_ligand,4876,1.0472
2ya6_ligand,4877,0.616859
2ya6_ligand,4878,1.02687
2ya6_ligand,4879,0.708338
2ya6_ligand,4880,0.989223
2ya6_ligand,4881,1.074
2ya6_ligand,4882,0.68333
2ya6_ligand,4883,1.06895
2ya6_ligand,4884,0.595993
2ya6_ligand,4885,0.981592
2ya6_ligand,4886,0.805685
2ya6_ligand,4887,1.01626
2ya6_ligand,4888,0.991412
2ya6_ligand,4889,0.884337
2ya6_ligand,4890,1.16218
2ya6_ligand,4891,0.63326
2ya6_ligand,4892,1.03405
2ya6_ligand,4893,0.852117
2ya6_ligand,4894,0.953749
2ya6_ligand,4895,0.846965
2ya6_ligand,4896,0.830079
2ya6_ligand,4897,0.819591
2ya6_ligand,4898,0.943624
2ya6_ligand,4899,0.848823
2ya6_ligand,4900,0.971727
2ya6_ligand,4901,0.992149
2ya6_ligand,4902,0.907755
2ya6_ligand,4903,1.02364
2ya6_ligand,4904,0.77015
2ya6_ligand,4905,0.959525
2ya6_ligand,4906,1.04322
2ya6_ligand,4907,0.741387
2ya6_ligand,4908,0.92404
2ya6_ligand,4909,0.904947
2ya6_ligand,4910,0.989778
2ya6_ligand,4911,0.795424
2ya6_ligand,4912,1.01119
2ya6_ligand,4913,0.811727
2ya6_ligand,4914,0.939888
2ya6_ligand,4915,1.10269
2ya6_ligand,4916,0.721164
2ya6_ligand,4917,1.067
2ya6_ligand,4918,0.87516
2ya6_ligand,4919,0.885758
2ya6_ligand,4920,0.958906
2ya6_ligand,4921,0.921504
2ya6_ligand,4922,0.926034
2ya6_ligand,4923,0.996554
2ya6_ligand,4924,0.841249
2ya6_ligand,4925,0.955625
2ya6_ligand,4926,0.944624
2ya6_ligand,4927,1.00268
2ya6_ligand,4928,0.768461
2ya6_ligand,4929,0.985805
2ya6_ligand,4930,0.84994
2ya6_ligand,4931,0.962987
2ya6_ligand,4932,0.963577
2ya6_ligand,4933,0.892843
2ya6_ligand,4934,1.03675
2ya6_ligand,4935,0.744512
2ya6_ligand,4936,0.973485
2ya6_ligand,4937,0.962144
2ya6_ligand,4938,0.786513
2ya6_ligand,4939,0.965309
2ya6_ligand,4940,0.965117
2ya6_ligand,4941,0.775801
2ya6_ligand,4942,1.04582
2ya6_ligand,4943,0.796752
2ya6_ligand,4944,1.16646
2ya6_ligand,4945,0.648968
2ya6_ligand,4946,0.797654
2ya6_ligand,4947,0.988522
2ya6_ligand,4948,0.74622
2ya6_ligand,4949,0.927916
2ya6_ligand,4950,0.981614
2ya6_ligand,4951,0.775214
2ya6_ligand,4952,0.903951
2ya6_ligand,4953,0.958699
2ya6_ligand,4954,0.854969
2ya6_ligand,4955,1.01369
2ya6_ligand,4956,0.742245
2ya6_ligand,4957,0.897423
2ya6_ligand,4958,0.914598
2ya6_ligand,4959,0.973707
2ya6_ligand,4960,0.87453
2ya6_ligand,4961,0.972937
2ya6_ligand,4962,0.902347
2ya6_ligand,4963,0.9868
2ya6_ligand,4964,0.871646
2ya6_ligand,4965,1.01068
2ya6_ligand,4966,0.767029
2ya6_ligand,4967,0.97613
2ya6_ligand,4968,0.928101
2ya6_ligand,4969,1.15886
2ya6_ligand,4970,0.81215
2ya6_ligand,4971,1.13907
2ya6_ligand,4972,0.598572
2ya6_ligand,4973,0.867855
2ya6_ligand,4974,0.944682
2ya6_ligand,4975,1.00903
2ya6_ligand,4976,0.802274
2ya6_ligand,4977,1.02878
2ya6_ligand,4978,0.926755
2ya6_ligand,4979,1.0935
2ya6_ligand,4980,0.704453
2ya6_ligand,4981,0.992792
2ya6_ligand,4982,0.831664
2ya6_ligand,4983,0.943517
2ya6_ligand,4984,0.889462
2ya6_ligand,4985,0.982367
2ya6_ligand,4986,0.875013
2ya6_ligand,4987,1.01039
2ya6_ligand,4988,0.795295
2ya6_ligand,4989,1.03662
2ya6_ligand,4990,0.775765
2ya6_ligand,4991,1.05279
2ya6_ligand,4992,0.787291
2ya6_ligand,4993,1.08625
2ya6_ligand,4994,0.744848
2ya6_ligand,4995,0.9987
2ya6_ligand,4996,0.859577
2ya6_ligand,4997,0.978468
2ya6_ligand,4998,0.976786
2ya6_ligand,4999,1.07089
