name,gen,pop,rate,iter,evals,score,cry_score,rmsd_best_scoring_pose,rot,atoms,rho,epsilon,seed
2yki_ligand,136,100,100,200,2733600,-0.349036,-7.595546,24.839853,12,52,0.800000,0.000100,0
2yki_ligand,281,100,100,200,5648100,-1.344722,-7.595546,17.638960,12,52,0.800000,0.000100,10
2yki_ligand,113,100,100,200,2271300,-1.712874,-7.595546,26.346586,12,52,0.800000,0.000100,12
2yki_ligand,130,100,100,200,2613000,-1.153980,-7.595546,26.918564,12,52,0.800000,0.000100,13
2yki_ligand,144,100,100,200,2894400,-0.785485,-7.595546,21.775023,12,52,0.800000,0.000100,14
2yki_ligand,328,100,100,200,6592800,-1.559497,-7.595546,22.247919,12,52,0.800000,0.000100,15
2yki_ligand,226,100,100,200,4542600,-1.968632,-7.595546,24.314814,12,52,0.800000,0.000100,16
2yki_ligand,214,100,100,200,4301400,-1.928618,-7.595546,13.091495,12,52,0.800000,0.000100,17
2yki_ligand,205,100,100,200,4120500,0.148251,-7.595546,26.006624,12,52,0.800000,0.000100,18
2yki_ligand,142,100,100,200,2854200,-1.254733,-7.595546,17.382296,12,52,0.800000,0.000100,19
2yki_ligand,136,100,100,200,2733600,-0.701760,-7.595546,29.083847,12,52,0.800000,0.000100,1
2yki_ligand,158,100,100,200,3175800,-0.407950,-7.595546,20.716640,12,52,0.800000,0.000100,2
2yki_ligand,159,100,100,200,3195900,-2.107452,-7.595546,22.767824,12,52,0.800000,0.000100,3
2yki_ligand,225,100,100,200,4522500,-3.106822,-7.595546,25.666407,12,52,0.800000,0.000100,4
2yki_ligand,87,100,100,200,1748700,-1.552290,-7.595546,25.557207,12,52,0.800000,0.000100,5
2yki_ligand,321,100,100,200,6452100,-1.564820,-7.595546,11.091298,12,52,0.800000,0.000100,6
2yki_ligand,122,100,100,200,2452200,-1.397688,-7.595546,27.256659,12,52,0.800000,0.000100,7
2yki_ligand,134,100,100,200,2693400,0.164030,-7.595546,26.963516,12,52,0.800000,0.000100,8
2yki_ligand,171,100,100,200,3437100,-0.139372,-7.595546,29.071363,12,52,0.800000,0.000100,9
2yki_ligand,130,100,100,200,2613000,-1.953382,-7.595546,16.162220,12,52,0.800000,0.010000,0
2yki_ligand,154,100,100,200,3095400,-2.090619,-7.595546,16.154591,12,52,0.800000,0.010000,10
2yki_ligand,148,100,100,200,2974800,-1.034377,-7.595546,23.472326,12,52,0.800000,0.010000,11
2yki_ligand,68,100,100,200,1366800,-1.672663,-7.595546,26.332230,12,52,0.800000,0.010000,12
2yki_ligand,68,100,100,200,1366800,-0.385082,-7.595546,19.515221,12,52,0.800000,0.010000,13
2yki_ligand,250,100,100,200,5025000,-1.785299,-7.595546,10.010098,12,52,0.800000,0.010000,14
2yki_ligand,58,100,100,200,1165800,-1.024147,-7.595546,25.270647,12,52,0.800000,0.010000,15
2yki_ligand,131,100,100,200,2633100,-1.691184,-7.595546,24.891727,12,52,0.800000,0.010000,16
2yki_ligand,117,100,100,200,2351700,-0.583799,-7.595546,16.513569,12,52,0.800000,0.010000,17
2yki_ligand,78,100,100,200,1567800,-1.889666,-7.595546,23.234436,12,52,0.800000,0.010000,18
2yki_ligand,58,100,100,200,1165800,-1.132444,-7.595546,29.929914,12,52,0.800000,0.010000,19
2yki_ligand,74,100,100,200,1487400,-1.603398,-7.595546,26.892347,12,52,0.800000,0.010000,1
2yki_ligand,106,100,100,200,2130600,-1.111200,-7.595546,28.080162,12,52,0.800000,0.010000,3
2yki_ligand,74,100,100,200,1487400,-1.660867,-7.595546,16.882015,12,52,0.800000,0.010000,4
2yki_ligand,69,100,100,200,1386900,-1.583997,-7.595546,25.350807,12,52,0.800000,0.010000,5
2yki_ligand,76,100,100,200,1527600,-1.473971,-7.595546,9.663326,12,52,0.800000,0.010000,6
2yki_ligand,64,100,100,200,1286400,-0.997960,-7.595546,27.746704,12,52,0.800000,0.010000,7
2yki_ligand,224,100,100,200,4502400,-1.832988,-7.595546,26.472441,12,52,0.800000,0.010000,8
2yki_ligand,121,100,100,200,2432100,-3.167367,-7.595546,20.122238,12,52,0.800000,0.010000,9
2yki_ligand,178,100,100,200,3577800,0.413477,-7.595546,24.608610,12,52,0.900000,0.000100,0
2yki_ligand,191,100,100,200,3839100,-1.340473,-7.595546,17.640692,12,52,0.900000,0.000100,10
2yki_ligand,176,100,100,200,3537600,-1.652978,-7.595546,16.017759,12,52,0.900000,0.000100,11
2yki_ligand,85,100,100,200,1708500,-1.480994,-7.595546,24.612080,12,52,0.900000,0.000100,12
2yki_ligand,178,100,100,200,3577800,-1.007976,-7.595546,24.014757,12,52,0.900000,0.000100,13
2yki_ligand,187,100,100,200,3758700,-0.796985,-7.595546,21.767221,12,52,0.900000,0.000100,14
2yki_ligand,256,100,100,200,5145600,-0.929640,-7.595546,26.658195,12,52,0.900000,0.000100,15
2yki_ligand,140,100,100,200,2814000,-0.219295,-7.595546,30.167936,12,52,0.900000,0.000100,16
2yki_ligand,122,100,100,200,2452200,0.396231,-7.595546,30.050400,12,52,0.900000,0.000100,17
2yki_ligand,58,100,100,200,1165800,-0.538946,-7.595546,11.450126,12,52,0.900000,0.000100,19
2yki_ligand,264,100,100,200,5306400,-0.820737,-7.595546,29.172188,12,52,0.900000,0.000100,1
2yki_ligand,102,100,100,200,2050200,-1.070151,-7.595546,26.850176,12,52,0.900000,0.000100,2
2yki_ligand,66,100,100,200,1326600,-1.581083,-7.595546,25.761438,12,52,0.900000,0.000100,3
2yki_ligand,160,100,100,200,3216000,-1.273085,-7.595546,25.883228,12,52,0.900000,0.000100,4
2yki_ligand,244,100,100,200,4904400,-1.289910,-7.595546,25.602112,12,52,0.900000,0.000100,5
2yki_ligand,70,100,100,200,1407000,-0.364131,-7.595546,31.351130,12,52,0.900000,0.000100,6
2yki_ligand,150,100,100,200,3015000,-1.566213,-7.595546,27.214561,12,52,0.900000,0.000100,7
2yki_ligand,108,100,100,200,2170800,0.185487,-7.595546,32.902187,12,52,0.900000,0.000100,8
2yki_ligand,68,100,100,200,1366800,-1.011144,-7.595546,23.102158,12,52,0.900000,0.010000,0
2yki_ligand,64,100,100,200,1286400,-1.171685,-7.595546,17.648397,12,52,0.900000,0.010000,10
2yki_ligand,68,100,100,200,1366800,-0.803959,-7.595546,18.189722,12,52,0.900000,0.010000,11
2yki_ligand,73,100,100,200,1467300,-1.808665,-7.595546,25.153873,12,52,0.900000,0.010000,12
2yki_ligand,96,100,100,200,1929600,-1.715363,-7.595546,10.597064,12,52,0.900000,0.010000,13
2yki_ligand,114,100,100,200,2291400,-0.756439,-7.595546,21.824715,12,52,0.900000,0.010000,14
2yki_ligand,78,100,100,200,1567800,0.061244,-7.595546,22.139940,12,52,0.900000,0.010000,15
2yki_ligand,137,100,100,200,2753700,-0.569345,-7.595546,24.781721,12,52,0.900000,0.010000,16
2yki_ligand,124,100,100,200,2492400,0.388937,-7.595546,20.656132,12,52,0.900000,0.010000,17
2yki_ligand,100,100,100,200,2010000,-1.923555,-7.595546,23.251383,12,52,0.900000,0.010000,18
2yki_ligand,71,100,100,200,1427100,-0.754159,-7.595546,25.042496,12,52,0.900000,0.010000,19
2yki_ligand,162,100,100,200,3256200,-0.680144,-7.595546,28.897173,12,52,0.900000,0.010000,1
2yki_ligand,143,100,100,200,2874300,-1.686253,-7.595546,17.709417,12,52,0.900000,0.010000,2
2yki_ligand,192,100,100,200,3859200,-0.915996,-7.595546,22.602283,12,52,0.900000,0.010000,3
2yki_ligand,116,100,100,200,2331600,-2.657088,-7.595546,24.584568,12,52,0.900000,0.010000,4
2yki_ligand,104,100,100,200,2090400,-1.572585,-7.595546,25.183079,12,52,0.900000,0.010000,5
2yki_ligand,52,100,100,200,1045200,-0.461091,-7.595546,18.698517,12,52,0.900000,0.010000,6
2yki_ligand,118,100,100,200,2371800,-1.765725,-7.595546,27.594389,12,52,0.900000,0.010000,7
2yki_ligand,110,100,100,200,2211000,-1.830667,-7.595546,17.108902,12,52,0.900000,0.010000,8
2yki_ligand,82,100,100,200,1648200,-2.013408,-7.595546,22.406263,12,52,0.900000,0.010000,9
2yki_ligand,150,100,100,200,3015000,-1.011289,-7.595546,21.725071,12,52,0.950000,0.000100,0
2yki_ligand,252,100,100,200,5065200,-0.979049,-7.595546,16.328470,12,52,0.950000,0.000100,10
2yki_ligand,74,100,100,200,1487400,-1.713110,-7.595546,26.410036,12,52,0.950000,0.000100,12
2yki_ligand,220,100,100,200,4422000,-0.995431,-7.595546,23.920397,12,52,0.950000,0.000100,13
2yki_ligand,162,100,100,200,3256200,-0.578855,-7.595546,16.530994,12,52,0.950000,0.000100,14
2yki_ligand,102,100,100,200,2050200,-0.619288,-7.595546,27.456631,12,52,0.950000,0.000100,15
2yki_ligand,190,100,100,200,3819000,0.088134,-7.595546,22.008699,12,52,0.950000,0.000100,16
2yki_ligand,122,100,100,200,2452200,-1.472429,-7.595546,18.211018,12,52,0.950000,0.000100,17
2yki_ligand,238,100,100,200,4783800,0.149168,-7.595546,26.015717,12,52,0.950000,0.000100,18
2yki_ligand,166,100,100,200,3336600,-1.220923,-7.595546,17.637104,12,52,0.950000,0.000100,19
2yki_ligand,126,100,100,200,2532600,-0.785250,-7.595546,28.856239,12,52,0.950000,0.000100,1
2yki_ligand,93,100,100,200,1869300,-0.156455,-7.595546,26.601830,12,52,0.950000,0.000100,2
2yki_ligand,224,100,100,200,4502400,-1.579273,-7.595546,17.638887,12,52,0.950000,0.000100,3
2yki_ligand,96,100,100,200,1929600,-1.306602,-7.595546,25.525890,12,52,0.950000,0.000100,4
2yki_ligand,90,100,100,200,1809000,-1.853338,-7.595546,28.457472,12,52,0.950000,0.000100,5
2yki_ligand,162,100,100,200,3256200,-1.629086,-7.595546,28.962482,12,52,0.950000,0.000100,6
2yki_ligand,111,100,100,200,2231100,-0.283935,-7.595546,28.695120,12,52,0.950000,0.000100,7
2yki_ligand,131,100,100,200,2633100,-1.307112,-7.595546,18.983351,12,52,0.950000,0.000100,8
2yki_ligand,162,100,100,200,3256200,-0.141913,-7.595546,28.498791,12,52,0.950000,0.000100,9
2yki_ligand,81,100,100,200,1628100,0.031880,-7.595546,15.225309,12,52,0.950000,0.010000,0
2yki_ligand,62,100,100,200,1246200,-0.804287,-7.595546,26.304352,12,52,0.950000,0.010000,10
2yki_ligand,82,100,100,200,1648200,-1.520304,-7.595546,25.623463,12,52,0.950000,0.010000,12
2yki_ligand,130,100,100,200,2613000,0.179480,-7.595546,23.305908,12,52,0.950000,0.010000,13
2yki_ligand,92,100,100,200,1849200,-0.575828,-7.595546,27.865480,12,52,0.950000,0.010000,14
2yki_ligand,148,100,100,200,2974800,-1.534580,-7.595546,27.565042,12,52,0.950000,0.010000,15
2yki_ligand,204,100,100,200,4100400,-0.508809,-7.595546,30.199728,12,52,0.950000,0.010000,16
2yki_ligand,90,100,100,200,1809000,-1.967782,-7.595546,15.097984,12,52,0.950000,0.010000,17
2yki_ligand,116,100,100,200,2331600,-0.658650,-7.595546,22.235472,12,52,0.950000,0.010000,18
2yki_ligand,108,100,100,200,2170800,-0.629014,-7.595546,11.486154,12,52,0.950000,0.010000,19
2yki_ligand,136,100,100,200,2733600,-0.708000,-7.595546,14.619707,12,52,0.950000,0.010000,1
2yki_ligand,178,100,100,200,3577800,-2.871217,-7.595546,26.602144,12,52,0.950000,0.010000,2
2yki_ligand,120,100,100,200,2412000,-2.866804,-7.595546,26.569576,12,52,0.950000,0.010000,3
2yki_ligand,70,100,100,200,1407000,-1.229768,-7.595546,25.847382,12,52,0.950000,0.010000,4
2yki_ligand,222,100,100,200,4462200,-1.229944,-7.595546,23.484268,12,52,0.950000,0.010000,5
2yki_ligand,75,100,100,200,1507500,-0.657662,-7.595546,19.349409,12,52,0.950000,0.010000,6
2yki_ligand,166,100,100,200,3336600,-1.365613,-7.595546,30.667208,12,52,0.950000,0.010000,7
2yki_ligand,156,100,100,200,3135600,-1.674944,-7.595546,24.924343,12,52,0.950000,0.010000,8
2yki_ligand,92,100,100,200,1849200,-0.053808,-7.595546,25.741777,12,52,0.950000,0.010000,9
3ehy_ligand,95,100,100,200,1909500,-4.958853,-7.308385,24.663019,6,29,0.800000,0.000100,0
3ehy_ligand,297,100,100,200,5969700,-5.596649,-7.308385,20.542282,6,29,0.800000,0.000100,10
3ehy_ligand,14,100,100,200,281400,-6.386506,-7.308385,20.152355,6,29,0.800000,0.000100,11
3ehy_ligand,6,100,100,200,120600,-6.326165,-7.308385,3.821783,6,29,0.800000,0.000100,12
3ehy_ligand,225,100,100,200,4522500,-4.801752,-7.308385,21.177225,6,29,0.800000,0.000100,13
3ehy_ligand,38,100,100,200,763800,-6.310210,-7.308385,5.872231,6,29,0.800000,0.000100,14
3ehy_ligand,8,100,100,200,160800,-6.355332,-7.308385,2.357451,6,29,0.800000,0.000100,15
3ehy_ligand,8,100,100,200,160800,-6.340799,-7.308385,4.144721,6,29,0.800000,0.000100,16
3ehy_ligand,145,100,100,200,2914500,-5.535069,-7.308385,4.701287,6,29,0.800000,0.000100,17
3ehy_ligand,137,100,100,200,2753700,-5.678423,-7.308385,21.555840,6,29,0.800000,0.000100,18
3ehy_ligand,6,100,100,200,120600,-8.062822,-7.308385,1.443291,6,29,0.800000,0.000100,19
3ehy_ligand,10,100,100,200,201000,-6.470410,-7.308385,3.084867,6,29,0.800000,0.000100,1
3ehy_ligand,205,100,100,200,4120500,-6.075423,-7.308385,6.526200,6,29,0.800000,0.000100,2
3ehy_ligand,18,100,100,200,361800,-6.460547,-7.308385,1.652968,6,29,0.800000,0.000100,3
3ehy_ligand,296,100,100,200,5949600,-5.728968,-7.308385,6.221148,6,29,0.800000,0.000100,4
3ehy_ligand,20,100,100,200,402000,-6.959664,-7.308385,3.478433,6,29,0.800000,0.000100,5
3ehy_ligand,121,100,100,200,2432100,-6.322735,-7.308385,19.697737,6,29,0.800000,0.000100,6
3ehy_ligand,89,100,100,200,1788900,-5.321074,-7.308385,21.689911,6,29,0.800000,0.000100,7
3ehy_ligand,141,100,100,200,2834100,-4.836316,-7.308385,9.121669,6,29,0.800000,0.000100,8
3ehy_ligand,4,100,100,200,80400,-7.437309,-7.308385,5.182305,6,29,0.800000,0.000100,9
3ehy_ligand,131,100,100,200,2633100,-5.778067,-7.308385,24.244768,6,29,0.800000,0.010000,0
3ehy_ligand,96,100,100,200,1929600,-5.578739,-7.308385,20.498665,6,29,0.800000,0.010000,10
3ehy_ligand,2,100,100,200,40200,-6.758964,-7.308385,1.390645,6,29,0.800000,0.010000,11
3ehy_ligand,4,100,100,200,80400,-7.395658,-7.308385,4.188778,6,29,0.800000,0.010000,12
3ehy_ligand,8,100,100,200,160800,-6.311849,-7.308385,20.413931,6,29,0.800000,0.010000,13
3ehy_ligand,11,100,100,200,221100,-6.308750,-7.308385,5.878134,6,29,0.800000,0.010000,14
3ehy_ligand,4,100,100,200,80400,-7.152624,-7.308385,6.290872,6,29,0.800000,0.010000,15
3ehy_ligand,4,100,100,200,80400,-6.538815,-7.308385,4.079183,6,29,0.800000,0.010000,16
3ehy_ligand,6,100,100,200,120600,-6.842193,-7.308385,3.213649,6,29,0.800000,0.010000,17
3ehy_ligand,4,100,100,200,80400,-7.616882,-7.308385,3.655994,6,29,0.800000,0.010000,18
3ehy_ligand,2,100,100,200,40200,-7.552563,-7.308385,1.188895,6,29,0.800000,0.010000,19
3ehy_ligand,4,100,100,200,80400,-6.609189,-7.308385,3.336987,6,29,0.800000,0.010000,1
3ehy_ligand,10,100,100,200,201000,-6.310938,-7.308385,6.505249,6,29,0.800000,0.010000,2
3ehy_ligand,4,100,100,200,80400,-6.713212,-7.308385,3.929718,6,29,0.800000,0.010000,3
3ehy_ligand,209,100,100,200,4200900,-6.209518,-7.308385,5.514269,6,29,0.800000,0.010000,4
3ehy_ligand,6,100,100,200,120600,-6.355587,-7.308385,11.278934,6,29,0.800000,0.010000,5
3ehy_ligand,44,100,100,200,884400,-6.316473,-7.308385,19.703508,6,29,0.800000,0.010000,6
3ehy_ligand,59,100,100,200,1185900,-5.273121,-7.308385,21.712812,6,29,0.800000,0.010000,7
3ehy_ligand,103,100,100,200,2070300,-5.991547,-7.308385,10.877586,6,29,0.800000,0.010000,8
3ehy_ligand,2,100,100,200,40200,-7.018126,-7.308385,2.896423,6,29,0.800000,0.010000,9
3ehy_ligand,275,100,100,200,5527500,-5.086382,-7.308385,24.527910,6,29,0.900000,0.000100,0
3ehy_ligand,91,100,100,200,1829100,-5.534011,-7.308385,20.922237,6,29,0.900000,0.000100,10
3ehy_ligand,24,100,100,200,482400,-6.325335,-7.308385,20.169434,6,29,0.900000,0.000100,11
3ehy_ligand,159,100,100,200,3195900,-5.784743,-7.308385,6.405510,6,29,0.900000,0.000100,12
3ehy_ligand,158,100,100,200,3175800,-5.767548,-7.308385,20.736731,6,29,0.900000,0.000100,13
3ehy_ligand,127,100,100,200,2552700,-5.605399,-7.308385,9.034419,6,29,0.900000,0.000100,14
3ehy_ligand,12,100,100,200,241200,-6.459352,-7.308385,2.396595,6,29,0.900000,0.000100,15
3ehy_ligand,8,100,100,200,160800,-6.485237,-7.308385,4.905540,6,29,0.900000,0.000100,16
3ehy_ligand,22,100,100,200,442200,-6.606519,-7.308385,2.447241,6,29,0.900000,0.000100,17
3ehy_ligand,311,100,100,200,6251100,-5.504617,-7.308385,22.021416,6,29,0.900000,0.000100,18
3ehy_ligand,127,100,100,200,2552700,-4.668707,-7.308385,10.070296,6,29,0.900000,0.000100,19
3ehy_ligand,10,100,100,200,201000,-7.020987,-7.308385,3.592704,6,29,0.900000,0.000100,1
3ehy_ligand,213,100,100,200,4281300,-5.373641,-7.308385,6.078914,6,29,0.900000,0.000100,2
3ehy_ligand,22,100,100,200,442200,-6.464721,-7.308385,2.627529,6,29,0.900000,0.000100,3
3ehy_ligand,259,100,100,200,5205900,-6.051862,-7.308385,5.764075,6,29,0.900000,0.000100,4
3ehy_ligand,139,100,100,200,2793900,-6.064437,-7.308385,11.228045,6,29,0.900000,0.000100,5
3ehy_ligand,125,100,100,200,2512500,-4.220089,-7.308385,20.953201,6,29,0.900000,0.000100,6
3ehy_ligand,109,100,100,200,2190900,-5.672853,-7.308385,21.358715,6,29,0.900000,0.000100,7
3ehy_ligand,145,100,100,200,2914500,-4.779321,-7.308385,9.095039,6,29,0.900000,0.000100,8
3ehy_ligand,4,100,100,200,80400,-6.819770,-7.308385,5.238080,6,29,0.900000,0.000100,9
3ehy_ligand,87,100,100,200,1748700,-5.136883,-7.308385,24.267244,6,29,0.900000,0.010000,0
3ehy_ligand,82,100,100,200,1648200,-5.584886,-7.308385,20.506310,6,29,0.900000,0.010000,10
3ehy_ligand,4,100,100,200,80400,-7.639940,-7.308385,1.073743,6,29,0.900000,0.010000,11
3ehy_ligand,88,100,100,200,1768800,-6.067406,-7.308385,6.187961,6,29,0.900000,0.010000,12
3ehy_ligand,93,100,100,200,1869300,-5.698112,-7.308385,20.996668,6,29,0.900000,0.010000,13
3ehy_ligand,152,100,100,200,3055200,-6.135269,-7.308385,8.227268,6,29,0.900000,0.010000,14
3ehy_ligand,4,100,100,200,80400,-6.726424,-7.308385,6.678975,6,29,0.900000,0.010000,15
3ehy_ligand,4,100,100,200,80400,-6.391652,-7.308385,4.094044,6,29,0.900000,0.010000,16
3ehy_ligand,6,100,100,200,120600,-6.839819,-7.308385,23.597746,6,29,0.900000,0.010000,17
3ehy_ligand,4,100,100,200,80400,-7.082802,-7.308385,4.255380,6,29,0.900000,0.010000,18
3ehy_ligand,4,100,100,200,80400,-7.412700,-7.308385,1.288263,6,29,0.900000,0.010000,19
3ehy_ligand,6,100,100,200,120600,-7.128080,-7.308385,3.633206,6,29,0.900000,0.010000,1
3ehy_ligand,15,100,100,200,301500,-6.315234,-7.308385,6.086142,6,29,0.900000,0.010000,2
3ehy_ligand,6,100,100,200,120600,-7.333141,-7.308385,4.661796,6,29,0.900000,0.010000,3
3ehy_ligand,183,100,100,200,3678300,-6.003335,-7.308385,5.685346,6,29,0.900000,0.010000,4
3ehy_ligand,6,100,100,200,120600,-6.483270,-7.308385,6.966943,6,29,0.900000,0.010000,5
3ehy_ligand,136,100,100,200,2733600,-6.334815,-7.308385,19.687050,6,29,0.900000,0.010000,6
3ehy_ligand,91,100,100,200,1829100,-5.286140,-7.308385,21.718052,6,29,0.900000,0.010000,7
3ehy_ligand,257,100,100,200,5165700,-5.950319,-7.308385,10.920555,6,29,0.900000,0.010000,8
3ehy_ligand,4,100,100,200,80400,-8.338046,-7.308385,4.708573,6,29,0.900000,0.010000,9
3ehy_ligand,269,100,100,200,5406900,-5.128452,-7.308385,24.529064,6,29,0.950000,0.000100,0
3ehy_ligand,158,100,100,200,3175800,-5.458285,-7.308385,20.637604,6,29,0.950000,0.000100,10
3ehy_ligand,118,100,100,200,2371800,-4.167631,-7.308385,23.951500,6,29,0.950000,0.000100,11
3ehy_ligand,76,100,100,200,1527600,-6.180748,-7.308385,6.669612,6,29,0.950000,0.000100,12
3ehy_ligand,93,100,100,200,1869300,-5.600188,-7.308385,19.372368,6,29,0.950000,0.000100,13
3ehy_ligand,102,100,100,200,2050200,-6.017847,-7.308385,5.998953,6,29,0.950000,0.000100,14
3ehy_ligand,12,100,100,200,241200,-6.485907,-7.308385,2.375977,6,29,0.950000,0.000100,15
3ehy_ligand,176,100,100,200,3537600,-5.118639,-7.308385,21.228951,6,29,0.950000,0.000100,16
3ehy_ligand,87,100,100,200,1748700,-5.617129,-7.308385,5.014491,6,29,0.950000,0.000100,17
3ehy_ligand,147,100,100,200,2954700,-4.348469,-7.308385,21.820087,6,29,0.950000,0.000100,18
3ehy_ligand,115,100,100,200,2311500,-5.659585,-7.308385,10.642686,6,29,0.950000,0.000100,19
3ehy_ligand,10,100,100,200,201000,-6.852246,-7.308385,3.548271,6,29,0.950000,0.000100,1
3ehy_ligand,269,100,100,200,5406900,-5.372905,-7.308385,6.081708,6,29,0.950000,0.000100,2
3ehy_ligand,10,100,100,200,201000,-6.668624,-7.308385,4.341541,6,29,0.950000,0.000100,3
3ehy_ligand,121,100,100,200,2432100,-4.639323,-7.308385,7.135975,6,29,0.950000,0.000100,4
3ehy_ligand,179,100,100,200,3597900,-5.428963,-7.308385,12.898819,6,29,0.950000,0.000100,5
3ehy_ligand,145,100,100,200,2914500,-4.864849,-7.308385,20.248219,6,29,0.950000,0.000100,6
3ehy_ligand,83,100,100,200,1668300,-5.583620,-7.308385,21.351536,6,29,0.950000,0.000100,7
3ehy_ligand,142,100,100,200,2854200,-4.755810,-7.308385,9.105300,6,29,0.950000,0.000100,8
3ehy_ligand,6,100,100,200,120600,-7.389112,-7.308385,5.130755,6,29,0.950000,0.000100,9
3ehy_ligand,166,100,100,200,3336600,-5.968944,-7.308385,24.579891,6,29,0.950000,0.010000,0
3ehy_ligand,130,100,100,200,2613000,-5.157264,-7.308385,21.027777,6,29,0.950000,0.010000,10
3ehy_ligand,8,100,100,200,160800,-6.323818,-7.308385,20.471525,6,29,0.950000,0.010000,11
3ehy_ligand,6,100,100,200,120600,-7.200304,-7.308385,4.133928,6,29,0.950000,0.010000,12
3ehy_ligand,29,100,100,200,582900,-6.312471,-7.308385,20.550007,6,29,0.950000,0.010000,13
3ehy_ligand,18,100,100,200,361800,-6.312445,-7.308385,6.209145,6,29,0.950000,0.010000,14
3ehy_ligand,6,100,100,200,120600,-6.794142,-7.308385,6.873531,6,29,0.950000,0.010000,15
3ehy_ligand,8,100,100,200,160800,-7.610914,-7.308385,2.200329,6,29,0.950000,0.010000,16
3ehy_ligand,116,100,100,200,2331600,-6.305490,-7.308385,2.119666,6,29,0.950000,0.010000,17
3ehy_ligand,95,100,100,200,1909500,-5.374977,-7.308385,21.894077,6,29,0.950000,0.010000,18
3ehy_ligand,146,100,100,200,2934600,-6.004425,-7.308385,7.883090,6,29,0.950000,0.010000,19
3ehy_ligand,8,100,100,200,160800,-6.762972,-7.308385,3.488803,6,29,0.950000,0.010000,1
3ehy_ligand,18,100,100,200,361800,-6.309363,-7.308385,6.590930,6,29,0.950000,0.010000,2
3ehy_ligand,14,100,100,200,281400,-6.342599,-7.308385,18.330141,6,29,0.950000,0.010000,3
3ehy_ligand,95,100,100,200,1909500,-5.571509,-7.308385,5.346979,6,29,0.950000,0.010000,4
3ehy_ligand,750,100,100,200,15075000,-4.751457,-7.308385,23.017532,6,29,0.950000,0.010000,5
3ehy_ligand,96,100,100,200,1929600,-6.261212,-7.308385,19.708097,6,29,0.950000,0.010000,6
3ehy_ligand,212,100,100,200,4261200,-5.568406,-7.308385,21.413647,6,29,0.950000,0.010000,7
3ehy_ligand,611,100,100,200,12281100,-5.916698,-7.308385,10.932386,6,29,0.950000,0.010000,8
3ehy_ligand,4,100,100,200,80400,-7.767531,-7.308385,5.059268,6,29,0.950000,0.010000,9
3gy4_ligand,2,100,100,200,40200,-1.263040,-1.054222,5.984927,2,20,0.800000,0.000100,0
3gy4_ligand,4,100,100,200,80400,-0.131701,-1.054222,4.514220,2,20,0.800000,0.000100,10
3gy4_ligand,2,100,100,200,40200,-0.232715,-1.054222,6.581118,2,20,0.800000,0.000100,11
3gy4_ligand,2,100,100,200,40200,-1.385856,-1.054222,5.295536,2,20,0.800000,0.000100,12
3gy4_ligand,2,100,100,200,40200,-1.600263,-1.054222,5.527115,2,20,0.800000,0.000100,13
3gy4_ligand,4,100,100,200,80400,-0.090097,-1.054222,9.521842,2,20,0.800000,0.000100,14
3gy4_ligand,2,100,100,200,40200,-1.209657,-1.054222,5.038402,2,20,0.800000,0.000100,15
3gy4_ligand,2,100,100,200,40200,-1.444716,-1.054222,4.783164,2,20,0.800000,0.000100,16
3gy4_ligand,8,100,100,200,160800,-0.059413,-1.054222,3.977864,2,20,0.800000,0.000100,17
3gy4_ligand,2,100,100,200,40200,-1.140505,-1.054222,5.995677,2,20,0.800000,0.000100,18
3gy4_ligand,2,100,100,200,40200,-1.493250,-1.054222,5.467671,2,20,0.800000,0.000100,19
3gy4_ligand,2,100,100,200,40200,-1.370506,-1.054222,5.205213,2,20,0.800000,0.000100,1
3gy4_ligand,4,100,100,200,80400,-0.476463,-1.054222,10.112569,2,20,0.800000,0.000100,2
3gy4_ligand,2,100,100,200,40200,-0.237198,-1.054222,9.043809,2,20,0.800000,0.000100,3
3gy4_ligand,2,100,100,200,40200,-1.611069,-1.054222,5.530586,2,20,0.800000,0.000100,4
3gy4_ligand,2,100,100,200,40200,-1.825117,-1.054222,4.476160,2,20,0.800000,0.000100,5
3gy4_ligand,2,100,100,200,40200,-0.058152,-1.054222,7.118125,2,20,0.800000,0.000100,6
3gy4_ligand,4,100,100,200,80400,-1.430671,-1.054222,5.688029,2,20,0.800000,0.000100,7
3gy4_ligand,6,100,100,200,120600,-0.234542,-1.054222,11.600699,2,20,0.800000,0.000100,8
3gy4_ligand,2,100,100,200,40200,-0.170407,-1.054222,5.253462,2,20,0.800000,0.000100,9
3gy4_ligand,2,100,100,200,40200,-1.574551,-1.054222,5.963229,2,20,0.800000,0.010000,0
3gy4_ligand,4,100,100,200,80400,-1.222668,-1.054222,2.246335,2,20,0.800000,0.010000,10
3gy4_ligand,2,100,100,200,40200,-0.124260,-1.054222,6.779424,2,20,0.800000,0.010000,11
3gy4_ligand,2,100,100,200,40200,-1.715092,-1.054222,5.459120,2,20,0.800000,0.010000,12
3gy4_ligand,2,100,100,200,40200,-1.898512,-1.054222,5.433482,2,20,0.800000,0.010000,13
3gy4_ligand,2,100,100,200,40200,-0.237512,-1.054222,6.945360,2,20,0.800000,0.010000,14
3gy4_ligand,2,100,100,200,40200,-1.741645,-1.054222,5.571437,2,20,0.800000,0.010000,15
3gy4_ligand,2,100,100,200,40200,-1.421967,-1.054222,5.084742,2,20,0.800000,0.010000,16
3gy4_ligand,2,100,100,200,40200,-1.861837,-1.054222,0.955770,2,20,0.800000,0.010000,17
3gy4_ligand,2,100,100,200,40200,-1.405338,-1.054222,5.631286,2,20,0.800000,0.010000,18
3gy4_ligand,2,100,100,200,40200,-1.983889,-1.054222,5.271816,2,20,0.800000,0.010000,19
3gy4_ligand,2,100,100,200,40200,-1.475578,-1.054222,5.379873,2,20,0.800000,0.010000,1
3gy4_ligand,3,100,100,200,60300,-0.189542,-1.054222,10.388386,2,20,0.800000,0.010000,2
3gy4_ligand,2,100,100,200,40200,-0.464324,-1.054222,8.560084,2,20,0.800000,0.010000,3
3gy4_ligand,2,100,100,200,40200,-1.740346,-1.054222,5.478384,2,20,0.800000,0.010000,4
3gy4_ligand,2,100,100,200,40200,-1.974540,-1.054222,4.642673,2,20,0.800000,0.010000,5
3gy4_ligand,2,100,100,200,40200,-0.784652,-1.054222,6.458024,2,20,0.800000,0.010000,6
3gy4_ligand,2,100,100,200,40200,-1.153571,-1.054222,5.752433,2,20,0.800000,0.010000,7
3gy4_ligand,2,100,100,200,40200,-0.888734,-1.054222,0.658387,2,20,0.800000,0.010000,8
3gy4_ligand,2,100,100,200,40200,-1.102427,-1.054222,5.493152,2,20,0.800000,0.010000,9
3gy4_ligand,4,100,100,200,80400,-1.166176,-1.054222,5.807888,2,20,0.900000,0.000100,0
3gy4_ligand,6,100,100,200,120600,-0.115514,-1.054222,2.689505,2,20,0.900000,0.000100,10
3gy4_ligand,4,100,100,200,80400,-0.674965,-1.054222,6.896454,2,20,0.900000,0.000100,11
3gy4_ligand,4,100,100,200,80400,-1.613013,-1.054222,5.330306,2,20,0.900000,0.000100,12
3gy4_ligand,2,100,100,200,40200,-1.495503,-1.054222,5.494812,2,20,0.900000,0.000100,13
3gy4_ligand,6,100,100,200,120600,-0.148647,-1.054222,10.440435,2,20,0.900000,0.000100,14
3gy4_ligand,2,100,100,200,40200,-0.674041,-1.054222,5.569047,2,20,0.900000,0.000100,15
3gy4_ligand,2,100,100,200,40200,-0.779519,-1.054222,4.682595,2,20,0.900000,0.000100,16
3gy4_ligand,4,100,100,200,80400,-0.433803,-1.054222,1.288581,2,20,0.900000,0.000100,17
3gy4_ligand,2,100,100,200,40200,-0.856595,-1.054222,6.089142,2,20,0.900000,0.000100,18
3gy4_ligand,2,100,100,200,40200,-0.510125,-1.054222,5.707714,2,20,0.900000,0.000100,19
3gy4_ligand,2,100,100,200,40200,-1.082670,-1.054222,5.290385,2,20,0.900000,0.000100,1
3gy4_ligand,4,100,100,200,80400,-0.094468,-1.054222,10.781812,2,20,0.900000,0.000100,2
3gy4_ligand,4,100,100,200,80400,-0.253126,-1.054222,9.233847,2,20,0.900000,0.000100,3
3gy4_ligand,2,100,100,200,40200,-1.359928,-1.054222,5.752012,2,20,0.900000,0.000100,4
3gy4_ligand,2,100,100,200,40200,-0.828537,-1.054222,4.803146,2,20,0.900000,0.000100,5
3gy4_ligand,4,100,100,200,80400,-0.123159,-1.054222,8.191240,2,20,0.900000,0.000100,6
3gy4_ligand,4,100,100,200,80400,-0.891001,-1.054222,5.843684,2,20,0.900000,0.000100,7
3gy4_ligand,4,100,100,200,80400,-0.741075,-1.054222,10.336796,2,20,0.900000,0.000100,8
3gy4_ligand,4,100,100,200,80400,-0.096815,-1.054222,2.970835,2,20,0.900000,0.000100,9
3gy4_ligand,2,100,100,200,40200,-1.467205,-1.054222,5.938377,2,20,0.900000,0.010000,0
3gy4_ligand,4,100,100,200,80400,-1.194962,-1.054222,5.383469,2,20,0.900000,0.010000,10
3gy4_ligand,2,100,100,200,40200,-0.080553,-1.054222,6.797987,2,20,0.900000,0.010000,11
3gy4_ligand,2,100,100,200,40200,-0.980334,-1.054222,5.530891,2,20,0.900000,0.010000,12
3gy4_ligand,2,100,100,200,40200,-1.661241,-1.054222,5.485767,2,20,0.900000,0.010000,13
3gy4_ligand,2,100,100,200,40200,-0.424450,-1.054222,16.330864,2,20,0.900000,0.010000,14
3gy4_ligand,2,100,100,200,40200,-1.286297,-1.054222,5.419736,2,20,0.900000,0.010000,15
3gy4_ligand,2,100,100,200,40200,-1.427248,-1.054222,4.796184,2,20,0.900000,0.010000,16
3gy4_ligand,2,100,100,200,40200,-1.046643,-1.054222,1.037312,2,20,0.900000,0.010000,17
3gy4_ligand,2,100,100,200,40200,-1.293075,-1.054222,5.706580,2,20,0.900000,0.010000,18
3gy4_ligand,2,100,100,200,40200,-1.646632,-1.054222,5.406427,2,20,0.900000,0.010000,19
3gy4_ligand,2,100,100,200,40200,-1.367405,-1.054222,5.364151,2,20,0.900000,0.010000,1
3gy4_ligand,4,100,100,200,80400,-1.029687,-1.054222,6.530816,2,20,0.900000,0.010000,2
3gy4_ligand,2,100,100,200,40200,-0.438073,-1.054222,8.560030,2,20,0.900000,0.010000,3
3gy4_ligand,2,100,100,200,40200,-1.256560,-1.054222,5.806136,2,20,0.900000,0.010000,4
3gy4_ligand,2,100,100,200,40200,-1.930560,-1.054222,4.538967,2,20,0.900000,0.010000,5
3gy4_ligand,2,100,100,200,40200,-0.172118,-1.054222,6.641000,2,20,0.900000,0.010000,6
3gy4_ligand,2,100,100,200,40200,-0.148048,-1.054222,6.362265,2,20,0.900000,0.010000,7
3gy4_ligand,2,100,100,200,40200,-0.509083,-1.054222,9.699791,2,20,0.900000,0.010000,8
3gy4_ligand,2,100,100,200,40200,-0.964135,-1.054222,5.394717,2,20,0.900000,0.010000,9
3gy4_ligand,4,100,100,200,80400,-0.427774,-1.054222,6.675919,2,20,0.950000,0.000100,0
3gy4_ligand,8,100,100,200,160800,-0.323465,-1.054222,2.535306,2,20,0.950000,0.000100,10
3gy4_ligand,4,100,100,200,80400,-0.553521,-1.054222,6.861116,2,20,0.950000,0.000100,11
3gy4_ligand,4,100,100,200,80400,-1.098694,-1.054222,5.483790,2,20,0.950000,0.000100,12
3gy4_ligand,3,100,100,200,60300,-0.741614,-1.054222,5.520226,2,20,0.950000,0.000100,13
3gy4_ligand,6,100,100,200,120600,-0.142979,-1.054222,9.555927,2,20,0.950000,0.000100,14
3gy4_ligand,3,100,100,200,60300,-0.505992,-1.054222,5.731117,2,20,0.950000,0.000100,15
3gy4_ligand,4,100,100,200,80400,-1.411515,-1.054222,5.048622,2,20,0.950000,0.000100,16
3gy4_ligand,4,100,100,200,80400,-0.478208,-1.054222,1.284566,2,20,0.950000,0.000100,17
3gy4_ligand,4,100,100,200,80400,-1.143344,-1.054222,5.852718,2,20,0.950000,0.000100,18
3gy4_ligand,4,100,100,200,80400,-1.517077,-1.054222,5.450351,2,20,0.950000,0.000100,19
3gy4_ligand,6,100,100,200,120600,-0.431801,-1.054222,11.459900,2,20,0.950000,0.000100,1
3gy4_ligand,6,100,100,200,120600,-0.083273,-1.054222,9.174790,2,20,0.950000,0.000100,2
3gy4_ligand,6,100,100,200,120600,-0.479162,-1.054222,8.725832,2,20,0.950000,0.000100,3
3gy4_ligand,2,100,100,200,40200,-0.555382,-1.054222,6.239376,2,20,0.950000,0.000100,4
3gy4_ligand,4,100,100,200,80400,-1.909830,-1.054222,4.699891,2,20,0.950000,0.000100,5
3gy4_ligand,4,100,100,200,80400,-0.086148,-1.054222,8.167128,2,20,0.950000,0.000100,6
3gy4_ligand,4,100,100,200,80400,-0.109751,-1.054222,6.303457,2,20,0.950000,0.000100,7
3gy4_ligand,8,100,100,200,160800,-0.560769,-1.054222,11.435859,2,20,0.950000,0.000100,8
3gy4_ligand,6,100,100,200,120600,-0.169769,-1.054222,2.827456,2,20,0.950000,0.000100,9
3gy4_ligand,4,100,100,200,80400,-1.537510,-1.054222,4.843095,2,20,0.950000,0.010000,0
3gy4_ligand,4,100,100,200,80400,-0.214362,-1.054222,6.346611,2,20,0.950000,0.010000,10
3gy4_ligand,4,100,100,200,80400,-0.739992,-1.054222,6.975989,2,20,0.950000,0.010000,11
3gy4_ligand,2,100,100,200,40200,-0.262855,-1.054222,5.477752,2,20,0.950000,0.010000,12
3gy4_ligand,2,100,100,200,40200,-0.845243,-1.054222,5.512992,2,20,0.950000,0.010000,13
3gy4_ligand,4,100,100,200,80400,-0.222372,-1.054222,9.275565,2,20,0.950000,0.010000,14
3gy4_ligand,2,100,100,200,40200,-0.708427,-1.054222,4.811838,2,20,0.950000,0.010000,15
3gy4_ligand,2,100,100,200,40200,-0.708173,-1.054222,5.197379,2,20,0.950000,0.010000,16
3gy4_ligand,4,100,100,200,80400,-1.756775,-1.054222,1.024407,2,20,0.950000,0.010000,17
3gy4_ligand,2,100,100,200,40200,-0.875838,-1.054222,5.974846,2,20,0.950000,0.010000,18
3gy4_ligand,2,100,100,200,40200,-0.497314,-1.054222,5.709261,2,20,0.950000,0.010000,19
3gy4_ligand,2,100,100,200,40200,-0.140265,-1.054222,5.208570,2,20,0.950000,0.010000,1
3gy4_ligand,3,100,100,200,60300,-0.112908,-1.054222,6.111035,2,20,0.950000,0.010000,2
3gy4_ligand,3,100,100,200,60300,-0.364833,-1.054222,3.917649,2,20,0.950000,0.010000,3
3gy4_ligand,2,100,100,200,40200,-0.551138,-1.054222,6.246078,2,20,0.950000,0.010000,4
3gy4_ligand,2,100,100,200,40200,-0.735159,-1.054222,4.504636,2,20,0.950000,0.010000,5
3gy4_ligand,4,100,100,200,80400,-0.077871,-1.054222,8.233717,2,20,0.950000,0.010000,6
3gy4_ligand,4,100,100,200,80400,-0.630142,-1.054222,5.962298,2,20,0.950000,0.010000,7
3gy4_ligand,4,100,100,200,80400,-0.282800,-1.054222,10.131368,2,20,0.950000,0.010000,8
3gy4_ligand,4,100,100,200,80400,-0.206680,-1.054222,2.007064,2,20,0.950000,0.010000,9
3o9i_ligand,242,100,100,200,4864200,3.721040,-4.736212,22.967770,28,81,0.800000,0.000100,0
3o9i_ligand,164,100,100,200,3296400,3.097128,-4.736212,26.296581,28,81,0.800000,0.000100,10
3o9i_ligand,252,100,100,200,5065200,1.479994,-4.736212,18.274933,28,81,0.800000,0.000100,11
3o9i_ligand,318,100,100,200,6391800,-0.711797,-4.736212,15.534448,28,81,0.800000,0.000100,12
3o9i_ligand,108,100,100,200,2170800,2.666924,-4.736212,25.823797,28,81,0.800000,0.000100,13
3o9i_ligand,140,100,100,200,2814000,1.870493,-4.736212,16.862886,28,81,0.800000,0.000100,14
3o9i_ligand,227,100,100,200,4562700,-0.470241,-4.736212,14.280366,28,81,0.800000,0.000100,17
3o9i_ligand,102,100,100,200,2050200,3.129316,-4.736212,19.552887,28,81,0.800000,0.000100,18
3o9i_ligand,240,100,100,200,4824000,1.279370,-4.736212,19.600630,28,81,0.800000,0.000100,19
3o9i_ligand,192,100,100,200,3859200,3.147825,-4.736212,18.142368,28,81,0.800000,0.000100,1
3o9i_ligand,160,100,100,200,3216000,1.218880,-4.736212,25.232203,28,81,0.800000,0.000100,2
3o9i_ligand,236,100,100,200,4743600,2.796581,-4.736212,23.164898,28,81,0.800000,0.000100,4
3o9i_ligand,210,100,100,200,4221000,-0.728436,-4.736212,22.353302,28,81,0.800000,0.000100,5
3o9i_ligand,242,100,100,200,4864200,2.789852,-4.736212,17.170107,28,81,0.800000,0.000100,6
3o9i_ligand,274,100,100,200,5507400,1.560717,-4.736212,19.878040,28,81,0.800000,0.000100,7
3o9i_ligand,164,100,100,200,3296400,1.893062,-4.736212,21.232304,28,81,0.800000,0.000100,9
3o9i_ligand,72,100,100,200,1447200,1.707669,-4.736212,27.246670,28,81,0.800000,0.010000,0
3o9i_ligand,112,100,100,200,2251200,1.077504,-4.736212,15.490729,28,81,0.800000,0.010000,10
3o9i_ligand,192,100,100,200,3859200,2.176416,-4.736212,19.454370,28,81,0.800000,0.010000,11
3o9i_ligand,92,100,100,200,1849200,0.465389,-4.736212,25.476542,28,81,0.800000,0.010000,12
3o9i_ligand,122,100,100,200,2452200,1.872289,-4.736212,25.671700,28,81,0.800000,0.010000,13
3o9i_ligand,124,100,100,200,2492400,-0.047758,-4.736212,18.041874,28,81,0.800000,0.010000,14
3o9i_ligand,142,100,100,200,2854200,0.480864,-4.736212,17.841999,28,81,0.800000,0.010000,15
3o9i_ligand,222,100,100,200,4462200,-1.024321,-4.736212,24.108120,28,81,0.800000,0.010000,16
3o9i_ligand,112,100,100,200,2251200,1.077826,-4.736212,17.433386,28,81,0.800000,0.010000,17
3o9i_ligand,174,100,100,200,3497400,-0.338300,-4.736212,17.185886,28,81,0.800000,0.010000,18
3o9i_ligand,96,100,100,200,1929600,1.650766,-4.736212,15.459659,28,81,0.800000,0.010000,19
3o9i_ligand,126,100,100,200,2532600,1.596497,-4.736212,18.714655,28,81,0.800000,0.010000,1
3o9i_ligand,148,100,100,200,2974800,1.269203,-4.736212,19.255703,28,81,0.800000,0.010000,2
3o9i_ligand,92,100,100,200,1849200,0.532868,-4.736212,18.271881,28,81,0.800000,0.010000,3
3o9i_ligand,238,100,100,200,4783800,-1.231782,-4.736212,15.907911,28,81,0.800000,0.010000,4
3o9i_ligand,141,100,100,200,2834100,-0.096129,-4.736212,17.210791,28,81,0.800000,0.010000,5
3o9i_ligand,82,100,100,200,1648200,1.895918,-4.736212,15.314979,28,81,0.800000,0.010000,6
3o9i_ligand,101,100,100,200,2030100,0.260870,-4.736212,14.766551,28,81,0.800000,0.010000,7
3o9i_ligand,149,100,100,200,2994900,0.730814,-4.736212,14.557831,28,81,0.800000,0.010000,8
3o9i_ligand,90,100,100,200,1809000,0.842123,-4.736212,20.058952,28,81,0.800000,0.010000,9
3o9i_ligand,104,100,100,200,2090400,3.027361,-4.736212,28.186264,28,81,0.900000,0.000100,10
3o9i_ligand,226,100,100,200,4542600,1.202038,-4.736212,19.179146,28,81,0.900000,0.000100,11
3o9i_ligand,230,100,100,200,4623000,1.428086,-4.736212,21.028362,28,81,0.900000,0.000100,12
3o9i_ligand,188,100,100,200,3778800,3.096140,-4.736212,25.569191,28,81,0.900000,0.000100,13
3o9i_ligand,146,100,100,200,2934600,3.000302,-4.736212,18.467966,28,81,0.900000,0.000100,14
3o9i_ligand,96,100,100,200,1929600,1.325221,-4.736212,20.478474,28,81,0.900000,0.000100,15
3o9i_ligand,186,100,100,200,3738600,0.785238,-4.736212,13.813395,28,81,0.900000,0.000100,16
3o9i_ligand,136,100,100,200,2733600,2.400046,-4.736212,15.067863,28,81,0.900000,0.000100,17
3o9i_ligand,136,100,100,200,2733600,3.554087,-4.736212,17.390776,28,81,0.900000,0.000100,18
3o9i_ligand,218,100,100,200,4381800,1.125898,-4.736212,13.488946,28,81,0.900000,0.000100,19
3o9i_ligand,222,100,100,200,4462200,1.648595,-4.736212,16.854591,28,81,0.900000,0.000100,1
3o9i_ligand,252,100,100,200,5065200,1.647412,-4.736212,22.837339,28,81,0.900000,0.000100,2
3o9i_ligand,142,100,100,200,2854200,7.480330,-4.736212,28.167812,28,81,0.900000,0.000100,3
3o9i_ligand,164,100,100,200,3296400,-0.698380,-4.736212,17.326668,28,81,0.900000,0.000100,4
3o9i_ligand,184,100,100,200,3698400,1.935605,-4.736212,22.403341,28,81,0.900000,0.000100,5
3o9i_ligand,149,100,100,200,2994900,4.075599,-4.736212,31.770052,28,81,0.900000,0.000100,6
3o9i_ligand,84,100,100,200,1688400,3.051106,-4.736212,17.524557,28,81,0.900000,0.000100,7
3o9i_ligand,130,100,100,200,2613000,1.616663,-4.736212,22.798811,28,81,0.900000,0.000100,9
3o9i_ligand,122,100,100,200,2452200,-0.682104,-4.736212,20.419180,28,81,0.900000,0.010000,0
3o9i_ligand,92,100,100,200,1849200,1.191118,-4.736212,16.152409,28,81,0.900000,0.010000,10
3o9i_ligand,195,100,100,200,3919500,1.172023,-4.736212,18.791170,28,81,0.900000,0.010000,11
3o9i_ligand,116,100,100,200,2331600,0.390383,-4.736212,19.646719,28,81,0.900000,0.010000,12
3o9i_ligand,121,100,100,200,2432100,-0.595159,-4.736212,19.124578,28,81,0.900000,0.010000,13
3o9i_ligand,86,100,100,200,1728600,1.577913,-4.736212,21.823141,28,81,0.900000,0.010000,14
3o9i_ligand,105,100,100,200,2110500,-0.400476,-4.736212,17.779509,28,81,0.900000,0.010000,15
3o9i_ligand,200,100,100,200,4020000,-0.767246,-4.736212,27.788198,28,81,0.900000,0.010000,16
3o9i_ligand,68,100,100,200,1366800,2.685865,-4.736212,16.857679,28,81,0.900000,0.010000,17
3o9i_ligand,126,100,100,200,2532600,1.046865,-4.736212,17.971531,28,81,0.900000,0.010000,18
3o9i_ligand,78,100,100,200,1567800,0.649356,-4.736212,18.294773,28,81,0.900000,0.010000,19
3o9i_ligand,82,100,100,200,1648200,-0.321987,-4.736212,16.627645,28,81,0.900000,0.010000,1
3o9i_ligand,116,100,100,200,2331600,0.887533,-4.736212,22.230541,28,81,0.900000,0.010000,2
3o9i_ligand,78,100,100,200,1567800,0.086982,-4.736212,17.982237,28,81,0.900000,0.010000,3
3o9i_ligand,106,100,100,200,2130600,0.557087,-4.736212,18.705328,28,81,0.900000,0.010000,4
3o9i_ligand,192,100,100,200,3859200,1.230899,-4.736212,23.171434,28,81,0.900000,0.010000,5
3o9i_ligand,168,100,100,200,3376800,0.850017,-4.736212,14.955998,28,81,0.900000,0.010000,6
3o9i_ligand,108,100,100,200,2170800,1.308303,-4.736212,14.789797,28,81,0.900000,0.010000,7
3o9i_ligand,142,100,100,200,2854200,2.982590,-4.736212,17.294212,28,81,0.900000,0.010000,8
3o9i_ligand,82,100,100,200,1648200,1.280840,-4.736212,23.247818,28,81,0.900000,0.010000,9
3o9i_ligand,148,100,100,200,2974800,2.292458,-4.736212,21.748232,28,81,0.950000,0.000100,0
3o9i_ligand,166,100,100,200,3336600,3.505628,-4.736212,25.384552,28,81,0.950000,0.000100,10
3o9i_ligand,168,100,100,200,3376800,2.202090,-4.736212,17.880013,28,81,0.950000,0.000100,11
3o9i_ligand,340,100,100,200,6834000,-0.679146,-4.736212,19.133989,28,81,0.950000,0.000100,12
3o9i_ligand,256,100,100,200,5145600,0.814773,-4.736212,21.520391,28,81,0.950000,0.000100,13
3o9i_ligand,86,100,100,200,1728600,2.167873,-4.736212,16.275524,28,81,0.950000,0.000100,14
3o9i_ligand,136,100,100,200,2733600,1.095666,-4.736212,20.619431,28,81,0.950000,0.000100,15
3o9i_ligand,94,100,100,200,1889400,2.121355,-4.736212,16.633345,28,81,0.950000,0.000100,16
3o9i_ligand,142,100,100,200,2854200,-0.923916,-4.736212,22.650404,28,81,0.950000,0.000100,17
3o9i_ligand,84,100,100,200,1688400,3.318923,-4.736212,21.122129,28,81,0.950000,0.000100,18
3o9i_ligand,226,100,100,200,4542600,2.099190,-4.736212,16.707458,28,81,0.950000,0.000100,19
3o9i_ligand,254,100,100,200,5105400,2.104380,-4.736212,17.237356,28,81,0.950000,0.000100,1
3o9i_ligand,96,100,100,200,1929600,2.595703,-4.736212,25.140024,28,81,0.950000,0.000100,2
3o9i_ligand,186,100,100,200,3738600,3.202903,-4.736212,21.865234,28,81,0.950000,0.000100,3
3o9i_ligand,126,100,100,200,2532600,3.055611,-4.736212,28.380844,28,81,0.950000,0.000100,4
3o9i_ligand,110,100,100,200,2211000,0.980322,-4.736212,18.749241,28,81,0.950000,0.000100,5
3o9i_ligand,122,100,100,200,2452200,2.357705,-4.736212,25.739691,28,81,0.950000,0.000100,6
3o9i_ligand,182,100,100,200,3658200,1.953415,-4.736212,18.791506,28,81,0.950000,0.000100,7
3o9i_ligand,125,100,100,200,2512500,0.631318,-4.736212,18.842312,28,81,0.950000,0.000100,9
3o9i_ligand,228,100,100,200,4582800,2.713104,-4.736212,22.258335,28,81,0.950000,0.010000,0
3o9i_ligand,114,100,100,200,2291400,2.259494,-4.736212,20.371965,28,81,0.950000,0.010000,10
3o9i_ligand,202,100,100,200,4060200,1.107716,-4.736212,15.473821,28,81,0.950000,0.010000,11
3o9i_ligand,120,100,100,200,2412000,0.401351,-4.736212,25.679884,28,81,0.950000,0.010000,12
3o9i_ligand,140,100,100,200,2814000,1.349460,-4.736212,22.121748,28,81,0.950000,0.010000,13
3o9i_ligand,170,100,100,200,3417000,0.625046,-4.736212,20.645321,28,81,0.950000,0.010000,14
3o9i_ligand,144,100,100,200,2894400,2.257713,-4.736212,18.356874,28,81,0.950000,0.010000,15
3o9i_ligand,142,100,100,200,2854200,0.113836,-4.736212,18.840429,28,81,0.950000,0.010000,16
3o9i_ligand,396,100,100,200,7959600,1.078132,-4.736212,16.055803,28,81,0.950000,0.010000,17
3o9i_ligand,185,100,100,200,3718500,1.302375,-4.736212,16.005026,28,81,0.950000,0.010000,18
3o9i_ligand,116,100,100,200,2331600,1.299875,-4.736212,25.280163,28,81,0.950000,0.010000,19
3o9i_ligand,214,100,100,200,4301400,0.273394,-4.736212,27.273529,28,81,0.950000,0.010000,1
3o9i_ligand,168,100,100,200,3376800,1.537621,-4.736212,15.619072,28,81,0.950000,0.010000,2
3o9i_ligand,152,100,100,200,3055200,1.656626,-4.736212,26.316790,28,81,0.950000,0.010000,3
3o9i_ligand,120,100,100,200,2412000,3.098315,-4.736212,28.377245,28,81,0.950000,0.010000,4
3o9i_ligand,87,100,100,200,1748700,1.794377,-4.736212,18.191545,28,81,0.950000,0.010000,5
3o9i_ligand,158,100,100,200,3175800,2.626703,-4.736212,17.592169,28,81,0.950000,0.010000,6
3o9i_ligand,186,100,100,200,3738600,-0.707728,-4.736212,17.046499,28,81,0.950000,0.010000,7
3o9i_ligand,80,100,100,200,1608000,1.134807,-4.736212,14.543877,28,81,0.950000,0.010000,8
3o9i_ligand,358,100,100,200,7195800,-0.628620,-4.736212,12.050408,28,81,0.950000,0.010000,9
3oe5_ligand,50,100,100,200,1005000,-2.519599,-3.509636,9.379432,16,50,0.800000,0.000100,0
3oe5_ligand,14,100,100,200,281400,-2.590922,-3.509636,21.389294,16,50,0.800000,0.000100,10
3oe5_ligand,8,100,100,200,160800,-2.987665,-3.509636,14.259432,16,50,0.800000,0.000100,11
3oe5_ligand,14,100,100,200,281400,-2.541174,-3.509636,15.862662,16,50,0.800000,0.000100,12
3oe5_ligand,133,100,100,200,2673300,-1.178932,-3.509636,15.320547,16,50,0.800000,0.000100,13
3oe5_ligand,8,100,100,200,160800,-2.788022,-3.509636,15.061826,16,50,0.800000,0.000100,14
3oe5_ligand,10,100,100,200,201000,-2.514939,-3.509636,9.005645,16,50,0.800000,0.000100,15
3oe5_ligand,34,100,100,200,683400,-2.520356,-3.509636,21.293238,16,50,0.800000,0.000100,16
3oe5_ligand,4,100,100,200,80400,-2.544683,-3.509636,21.836679,16,50,0.800000,0.000100,17
3oe5_ligand,6,100,100,200,120600,-2.677914,-3.509636,17.349695,16,50,0.800000,0.000100,18
3oe5_ligand,8,100,100,200,160800,-2.641207,-3.509636,19.177202,16,50,0.800000,0.000100,19
3oe5_ligand,10,100,100,200,201000,-2.754727,-3.509636,11.221917,16,50,0.800000,0.000100,1
3oe5_ligand,4,100,100,200,80400,-3.268047,-3.509636,19.751465,16,50,0.800000,0.000100,2
3oe5_ligand,6,100,100,200,120600,-3.121076,-3.509636,21.287865,16,50,0.800000,0.000100,3
3oe5_ligand,177,100,100,200,3557700,-1.345935,-3.509636,19.266684,16,50,0.800000,0.000100,4
3oe5_ligand,12,100,100,200,241200,-2.533940,-3.509636,9.588874,16,50,0.800000,0.000100,5
3oe5_ligand,8,100,100,200,160800,-3.723525,-3.509636,19.525383,16,50,0.800000,0.000100,6
3oe5_ligand,26,100,100,200,522600,-2.549514,-3.509636,19.466696,16,50,0.800000,0.000100,7
3oe5_ligand,24,100,100,200,482400,-2.548510,-3.509636,10.435667,16,50,0.800000,0.000100,8
3oe5_ligand,102,100,100,200,2050200,-1.239152,-3.509636,27.131641,16,50,0.800000,0.000100,9
3oe5_ligand,4,100,100,200,80400,-2.519188,-3.509636,11.924023,16,50,0.800000,0.010000,0
3oe5_ligand,6,100,100,200,120600,-2.849359,-3.509636,21.068947,16,50,0.800000,0.010000,10
3oe5_ligand,4,100,100,200,80400,-3.072014,-3.509636,14.822228,16,50,0.800000,0.010000,11
3oe5_ligand,6,100,100,200,120600,-2.609364,-3.509636,9.761013,16,50,0.800000,0.010000,12
3oe5_ligand,38,100,100,200,763800,-2.633501,-3.509636,16.436140,16,50,0.800000,0.010000,13
3oe5_ligand,6,100,100,200,120600,-4.348535,-3.509636,10.176195,16,50,0.800000,0.010000,14
3oe5_ligand,4,100,100,200,80400,-2.977655,-3.509636,9.552237,16,50,0.800000,0.010000,15
3oe5_ligand,6,100,100,200,120600,-2.620333,-3.509636,15.891171,16,50,0.800000,0.010000,16
3oe5_ligand,2,100,100,200,40200,-3.325152,-3.509636,20.790968,16,50,0.800000,0.010000,17
3oe5_ligand,4,100,100,200,80400,-3.081070,-3.509636,17.467421,16,50,0.800000,0.010000,18
3oe5_ligand,4,100,100,200,80400,-2.647937,-3.509636,19.253729,16,50,0.800000,0.010000,19
3oe5_ligand,8,100,100,200,160800,-2.785374,-3.509636,11.381880,16,50,0.800000,0.010000,1
3oe5_ligand,4,100,100,200,80400,-3.803551,-3.509636,20.277483,16,50,0.800000,0.010000,2
3oe5_ligand,4,100,100,200,80400,-3.309071,-3.509636,21.585787,16,50,0.800000,0.010000,3
3oe5_ligand,6,100,100,200,120600,-2.918899,-3.509636,13.671550,16,50,0.800000,0.010000,4
3oe5_ligand,6,100,100,200,120600,-3.160033,-3.509636,13.795228,16,50,0.800000,0.010000,5
3oe5_ligand,4,100,100,200,80400,-4.652877,-3.509636,20.118435,16,50,0.800000,0.010000,6
3oe5_ligand,12,100,100,200,241200,-2.550812,-3.509636,19.001047,16,50,0.800000,0.010000,7
3oe5_ligand,6,100,100,200,120600,-2.743026,-3.509636,12.668684,16,50,0.800000,0.010000,8
3oe5_ligand,6,100,100,200,120600,-2.686228,-3.509636,23.020248,16,50,0.800000,0.010000,9
3oe5_ligand,56,100,100,200,1125600,-2.567836,-3.509636,9.368722,16,50,0.900000,0.000100,0
3oe5_ligand,12,100,100,200,241200,-2.723522,-3.509636,21.106815,16,50,0.900000,0.000100,10
3oe5_ligand,4,100,100,200,80400,-2.847622,-3.509636,14.449420,16,50,0.900000,0.000100,11
3oe5_ligand,10,100,100,200,201000,-2.620588,-3.509636,18.616028,16,50,0.900000,0.000100,12
3oe5_ligand,172,100,100,200,3457200,-1.181751,-3.509636,15.326088,16,50,0.900000,0.000100,13
3oe5_ligand,10,100,100,200,201000,-2.841301,-3.509636,18.774853,16,50,0.900000,0.000100,14
3oe5_ligand,10,100,100,200,201000,-2.550103,-3.509636,14.633208,16,50,0.900000,0.000100,15
3oe5_ligand,10,100,100,200,201000,-2.608581,-3.509636,19.713858,16,50,0.900000,0.000100,16
3oe5_ligand,4,100,100,200,80400,-3.544676,-3.509636,20.797321,16,50,0.900000,0.000100,17
3oe5_ligand,6,100,100,200,120600,-2.620895,-3.509636,17.399635,16,50,0.900000,0.000100,18
3oe5_ligand,8,100,100,200,160800,-2.777971,-3.509636,19.552845,16,50,0.900000,0.000100,19
3oe5_ligand,20,100,100,200,402000,-2.961946,-3.509636,8.428737,16,50,0.900000,0.000100,1
3oe5_ligand,8,100,100,200,160800,-3.717486,-3.509636,19.899477,16,50,0.900000,0.000100,2
3oe5_ligand,14,100,100,200,281400,-2.516227,-3.509636,20.889078,16,50,0.900000,0.000100,3
3oe5_ligand,10,100,100,200,201000,-2.716233,-3.509636,13.519873,16,50,0.900000,0.000100,4
3oe5_ligand,8,100,100,200,160800,-2.535633,-3.509636,19.962896,16,50,0.900000,0.000100,5
3oe5_ligand,406,100,100,200,8160600,-0.733297,-3.509636,16.406605,16,50,0.900000,0.000100,6
3oe5_ligand,20,100,100,200,402000,-2.549254,-3.509636,20.791376,16,50,0.900000,0.000100,7
3oe5_ligand,16,100,100,200,321600,-2.547006,-3.509636,12.536428,16,50,0.900000,0.000100,8
3oe5_ligand,12,100,100,200,241200,-2.628996,-3.509636,16.290827,16,50,0.900000,0.000100,9
3oe5_ligand,4,100,100,200,80400,-2.805518,-3.509636,10.376460,16,50,0.900000,0.010000,0
3oe5_ligand,6,100,100,200,120600,-3.058811,-3.509636,20.816971,16,50,0.900000,0.010000,10
3oe5_ligand,8,100,100,200,160800,-2.669256,-3.509636,19.805738,16,50,0.900000,0.010000,11
3oe5_ligand,14,100,100,200,281400,-2.517899,-3.509636,19.823137,16,50,0.900000,0.010000,12
3oe5_ligand,6,100,100,200,120600,-5.015999,-3.509636,8.904774,16,50,0.900000,0.010000,13
3oe5_ligand,8,100,100,200,160800,-2.616825,-3.509636,18.820396,16,50,0.900000,0.010000,14
3oe5_ligand,6,100,100,200,120600,-2.531896,-3.509636,8.929897,16,50,0.900000,0.010000,15
3oe5_ligand,6,100,100,200,120600,-3.021907,-3.509636,21.011126,16,50,0.900000,0.010000,16
3oe5_ligand,4,100,100,200,80400,-4.635266,-3.509636,20.598484,16,50,0.900000,0.010000,17
3oe5_ligand,6,100,100,200,120600,-2.510422,-3.509636,17.798399,16,50,0.900000,0.010000,18
3oe5_ligand,6,100,100,200,120600,-3.248031,-3.509636,14.910306,16,50,0.900000,0.010000,19
3oe5_ligand,10,100,100,200,201000,-2.638650,-3.509636,13.716608,16,50,0.900000,0.010000,1
3oe5_ligand,4,100,100,200,80400,-2.542775,-3.509636,13.590893,16,50,0.900000,0.010000,2
3oe5_ligand,4,100,100,200,80400,-3.607521,-3.509636,21.024817,16,50,0.900000,0.010000,3
3oe5_ligand,4,100,100,200,80400,-2.518135,-3.509636,13.468538,16,50,0.900000,0.010000,4
3oe5_ligand,6,100,100,200,120600,-2.898330,-3.509636,9.688838,16,50,0.900000,0.010000,5
3oe5_ligand,4,100,100,200,80400,-3.406574,-3.509636,19.139824,16,50,0.900000,0.010000,6
3oe5_ligand,6,100,100,200,120600,-4.280400,-3.509636,19.290579,16,50,0.900000,0.010000,7
3oe5_ligand,10,100,100,200,201000,-2.633572,-3.509636,16.655148,16,50,0.900000,0.010000,8
3oe5_ligand,10,100,100,200,201000,-2.793257,-3.509636,17.919453,16,50,0.900000,0.010000,9
3oe5_ligand,30,100,100,200,603000,-2.572707,-3.509636,9.558451,16,50,0.950000,0.000100,0
3oe5_ligand,14,100,100,200,281400,-3.150599,-3.509636,21.031561,16,50,0.950000,0.000100,10
3oe5_ligand,8,100,100,200,160800,-2.923711,-3.509636,20.766079,16,50,0.950000,0.000100,11
3oe5_ligand,18,100,100,200,361800,-2.607126,-3.509636,18.430389,16,50,0.950000,0.000100,12
3oe5_ligand,124,100,100,200,2492400,-1.132821,-3.509636,18.172920,16,50,0.950000,0.000100,13
3oe5_ligand,8,100,100,200,160800,-2.814625,-3.509636,12.193915,16,50,0.950000,0.000100,14
3oe5_ligand,352,100,100,200,7075200,-2.317459,-3.509636,12.970206,16,50,0.950000,0.000100,15
3oe5_ligand,12,100,100,200,241200,-4.191798,-3.509636,5.287006,16,50,0.950000,0.000100,16
3oe5_ligand,8,100,100,200,160800,-2.786895,-3.509636,9.165231,16,50,0.950000,0.000100,17
3oe5_ligand,8,100,100,200,160800,-3.248950,-3.509636,15.806413,16,50,0.950000,0.000100,18
3oe5_ligand,8,100,100,200,160800,-2.676528,-3.509636,19.228258,16,50,0.950000,0.000100,19
3oe5_ligand,36,100,100,200,723600,-2.549966,-3.509636,15.182405,16,50,0.950000,0.000100,1
3oe5_ligand,8,100,100,200,160800,-2.577746,-3.509636,13.667143,16,50,0.950000,0.000100,2
3oe5_ligand,10,100,100,200,201000,-2.601987,-3.509636,19.832825,16,50,0.950000,0.000100,3
3oe5_ligand,70,100,100,200,1407000,-2.512722,-3.509636,19.769028,16,50,0.950000,0.000100,4
3oe5_ligand,8,100,100,200,160800,-2.872977,-3.509636,20.261717,16,50,0.950000,0.000100,5
3oe5_ligand,210,100,100,200,4221000,-0.898360,-3.509636,20.808586,16,50,0.950000,0.000100,6
3oe5_ligand,58,100,100,200,1165800,-2.511313,-3.509636,20.226738,16,50,0.950000,0.000100,7
3oe5_ligand,16,100,100,200,321600,-2.594280,-3.509636,12.027370,16,50,0.950000,0.000100,8
3oe5_ligand,18,100,100,200,361800,-2.601924,-3.509636,16.370449,16,50,0.950000,0.000100,9
3oe5_ligand,6,100,100,200,120600,-2.750569,-3.509636,8.645478,16,50,0.950000,0.010000,0
3oe5_ligand,6,100,100,200,120600,-3.403828,-3.509636,17.199141,16,50,0.950000,0.010000,10
3oe5_ligand,6,100,100,200,120600,-3.101558,-3.509636,10.398175,16,50,0.950000,0.010000,11
3oe5_ligand,10,100,100,200,201000,-2.757740,-3.509636,18.666765,16,50,0.950000,0.010000,12
3oe5_ligand,66,100,100,200,1326600,-1.220631,-3.509636,18.090961,16,50,0.950000,0.010000,13
3oe5_ligand,8,100,100,200,160800,-2.520822,-3.509636,13.543709,16,50,0.950000,0.010000,14
3oe5_ligand,6,100,100,200,120600,-2.741304,-3.509636,10.128419,16,50,0.950000,0.010000,15
3oe5_ligand,8,100,100,200,160800,-2.628484,-3.509636,21.901091,16,50,0.950000,0.010000,16
3oe5_ligand,2,100,100,200,40200,-3.618034,-3.509636,20.715370,16,50,0.950000,0.010000,17
3oe5_ligand,7,100,100,200,140700,-2.537603,-3.509636,18.643732,16,50,0.950000,0.010000,18
3oe5_ligand,6,100,100,200,120600,-2.714801,-3.509636,14.886086,16,50,0.950000,0.010000,19
3oe5_ligand,16,100,100,200,321600,-3.153314,-3.509636,14.156199,16,50,0.950000,0.010000,1
3oe5_ligand,8,100,100,200,160800,-3.502601,-3.509636,20.677835,16,50,0.950000,0.010000,2
3oe5_ligand,4,100,100,200,80400,-3.564940,-3.509636,21.013153,16,50,0.950000,0.010000,3
3oe5_ligand,8,100,100,200,160800,-2.536670,-3.509636,13.596406,16,50,0.950000,0.010000,4
3oe5_ligand,4,100,100,200,80400,-2.958354,-3.509636,13.984397,16,50,0.950000,0.010000,5
3oe5_ligand,6,100,100,200,120600,-3.588512,-3.509636,18.895733,16,50,0.950000,0.010000,6
3oe5_ligand,30,100,100,200,603000,-2.583334,-3.509636,20.535696,16,50,0.950000,0.010000,7
3oe5_ligand,8,100,100,200,160800,-3.066100,-3.509636,11.431196,16,50,0.950000,0.010000,8
3oe5_ligand,12,100,100,200,241200,-3.443717,-3.509636,16.532997,16,50,0.950000,0.010000,9
3ryj_ligand,2,100,100,200,40200,-2.339914,-3.089948,1.788153,4,27,0.800000,0.000100,0
3ryj_ligand,2,100,100,200,40200,-2.268152,-3.089948,9.152474,4,27,0.800000,0.000100,10
3ryj_ligand,2,100,100,200,40200,-2.257394,-3.089948,8.248509,4,27,0.800000,0.000100,11
3ryj_ligand,2,100,100,200,40200,-2.093703,-3.089948,9.879985,4,27,0.800000,0.000100,12
3ryj_ligand,2,100,100,200,40200,-3.212547,-3.089948,11.056858,4,27,0.800000,0.000100,13
3ryj_ligand,2,100,100,200,40200,-2.368926,-3.089948,7.462399,4,27,0.800000,0.000100,14
3ryj_ligand,2,100,100,200,40200,-2.270132,-3.089948,9.816237,4,27,0.800000,0.000100,15
3ryj_ligand,2,100,100,200,40200,-2.582393,-3.089948,9.230985,4,27,0.800000,0.000100,16
3ryj_ligand,2,100,100,200,40200,-2.201758,-3.089948,7.386735,4,27,0.800000,0.000100,17
3ryj_ligand,4,100,100,200,80400,-3.617695,-3.089948,7.454607,4,27,0.800000,0.000100,18
3ryj_ligand,2,100,100,200,40200,-2.510051,-3.089948,8.937648,4,27,0.800000,0.000100,19
3ryj_ligand,2,100,100,200,40200,-2.479653,-3.089948,11.019238,4,27,0.800000,0.000100,1
3ryj_ligand,2,100,100,200,40200,-2.454549,-3.089948,7.804004,4,27,0.800000,0.000100,2
3ryj_ligand,2,100,100,200,40200,-2.956237,-3.089948,7.398485,4,27,0.800000,0.000100,3
3ryj_ligand,2,100,100,200,40200,-2.265145,-3.089948,8.172314,4,27,0.800000,0.000100,4
3ryj_ligand,2,100,100,200,40200,-2.678661,-3.089948,9.076634,4,27,0.800000,0.000100,5
3ryj_ligand,4,100,100,200,80400,-2.401126,-3.089948,8.692025,4,27,0.800000,0.000100,6
3ryj_ligand,2,100,100,200,40200,-2.797951,-3.089948,7.646497,4,27,0.800000,0.000100,7
3ryj_ligand,2,100,100,200,40200,-2.249116,-3.089948,8.845730,4,27,0.800000,0.000100,8
3ryj_ligand,2,100,100,200,40200,-2.679167,-3.089948,6.460486,4,27,0.800000,0.000100,9
3ryj_ligand,2,100,100,200,40200,-3.378040,-3.089948,2.620204,4,27,0.800000,0.010000,0
3ryj_ligand,2,100,100,200,40200,-3.317602,-3.089948,7.181972,4,27,0.800000,0.010000,10
3ryj_ligand,2,100,100,200,40200,-2.941223,-3.089948,7.021323,4,27,0.800000,0.010000,11
3ryj_ligand,2,100,100,200,40200,-2.883339,-3.089948,13.172306,4,27,0.800000,0.010000,12
3ryj_ligand,2,100,100,200,40200,-3.377153,-3.089948,7.669706,4,27,0.800000,0.010000,13
3ryj_ligand,2,100,100,200,40200,-2.729616,-3.089948,8.906095,4,27,0.800000,0.010000,14
3ryj_ligand,2,100,100,200,40200,-2.565980,-3.089948,10.438578,4,27,0.800000,0.010000,15
3ryj_ligand,2,100,100,200,40200,-2.935015,-3.089948,9.165009,4,27,0.800000,0.010000,16
3ryj_ligand,2,100,100,200,40200,-3.124551,-3.089948,7.965535,4,27,0.800000,0.010000,17
3ryj_ligand,2,100,100,200,40200,-3.741044,-3.089948,7.429500,4,27,0.800000,0.010000,18
3ryj_ligand,2,100,100,200,40200,-2.942502,-3.089948,8.697927,4,27,0.800000,0.010000,19
3ryj_ligand,2,100,100,200,40200,-3.395459,-3.089948,12.281281,4,27,0.800000,0.010000,1
3ryj_ligand,2,100,100,200,40200,-3.085559,-3.089948,8.176844,4,27,0.800000,0.010000,2
3ryj_ligand,2,100,100,200,40200,-3.500498,-3.089948,7.176113,4,27,0.800000,0.010000,3
3ryj_ligand,2,100,100,200,40200,-2.769435,-3.089948,7.649569,4,27,0.800000,0.010000,4
3ryj_ligand,2,100,100,200,40200,-3.060319,-3.089948,3.731171,4,27,0.800000,0.010000,5
3ryj_ligand,2,100,100,200,40200,-2.865965,-3.089948,7.475942,4,27,0.800000,0.010000,6
3ryj_ligand,2,100,100,200,40200,-3.806237,-3.089948,3.634949,4,27,0.800000,0.010000,7
3ryj_ligand,2,100,100,200,40200,-3.297310,-3.089948,10.796835,4,27,0.800000,0.010000,8
3ryj_ligand,2,100,100,200,40200,-3.142696,-3.089948,7.134672,4,27,0.800000,0.010000,9
3ryj_ligand,4,100,100,200,80400,-2.392070,-3.089948,8.667420,4,27,0.900000,0.000100,0
3ryj_ligand,4,100,100,200,80400,-3.509697,-3.089948,3.832766,4,27,0.900000,0.000100,10
3ryj_ligand,4,100,100,200,80400,-3.278872,-3.089948,7.853087,4,27,0.900000,0.000100,11
3ryj_ligand,4,100,100,200,80400,-2.505010,-3.089948,9.187610,4,27,0.900000,0.000100,12
3ryj_ligand,2,100,100,200,40200,-2.894072,-3.089948,10.650541,4,27,0.900000,0.000100,13
3ryj_ligand,4,100,100,200,80400,-2.881242,-3.089948,9.008338,4,27,0.900000,0.000100,14
3ryj_ligand,4,100,100,200,80400,-2.569645,-3.089948,6.716037,4,27,0.900000,0.000100,15
3ryj_ligand,2,100,100,200,40200,-2.820571,-3.089948,8.865627,4,27,0.900000,0.000100,16
3ryj_ligand,4,100,100,200,80400,-3.052639,-3.089948,8.227713,4,27,0.900000,0.000100,17
3ryj_ligand,4,100,100,200,80400,-3.291326,-3.089948,7.506784,4,27,0.900000,0.000100,18
3ryj_ligand,4,100,100,200,80400,-3.008788,-3.089948,8.784849,4,27,0.900000,0.000100,19
3ryj_ligand,2,100,100,200,40200,-2.141009,-3.089948,10.610123,4,27,0.900000,0.000100,1
3ryj_ligand,4,100,100,200,80400,-3.131724,-3.089948,8.141551,4,27,0.900000,0.000100,2
3ryj_ligand,2,100,100,200,40200,-2.902054,-3.089948,7.402393,4,27,0.900000,0.000100,3
3ryj_ligand,2,100,100,200,40200,-2.124321,-3.089948,8.851885,4,27,0.900000,0.000100,4
3ryj_ligand,2,100,100,200,40200,-2.708035,-3.089948,9.045966,4,27,0.900000,0.000100,5
3ryj_ligand,4,100,100,200,80400,-2.862753,-3.089948,8.632108,4,27,0.900000,0.000100,6
3ryj_ligand,2,100,100,200,40200,-2.652561,-3.089948,7.623546,4,27,0.900000,0.000100,7
3ryj_ligand,2,100,100,200,40200,-2.403510,-3.089948,9.019625,4,27,0.900000,0.000100,8
3ryj_ligand,4,100,100,200,80400,-2.920304,-3.089948,7.163630,4,27,0.900000,0.000100,9
3ryj_ligand,2,100,100,200,40200,-3.144339,-3.089948,2.597325,4,27,0.900000,0.010000,0
3ryj_ligand,2,100,100,200,40200,-2.211503,-3.089948,9.095712,4,27,0.900000,0.010000,10
3ryj_ligand,2,100,100,200,40200,-2.402838,-3.089948,8.483214,4,27,0.900000,0.010000,11
3ryj_ligand,2,100,100,200,40200,-2.320636,-3.089948,9.919784,4,27,0.900000,0.010000,12
3ryj_ligand,2,100,100,200,40200,-3.198557,-3.089948,11.000443,4,27,0.900000,0.010000,13
3ryj_ligand,4,100,100,200,80400,-2.969656,-3.089948,7.177866,4,27,0.900000,0.010000,14
3ryj_ligand,4,100,100,200,80400,-3.097295,-3.089948,10.753091,4,27,0.900000,0.010000,15
3ryj_ligand,2,100,100,200,40200,-3.274258,-3.089948,9.477156,4,27,0.900000,0.010000,16
3ryj_ligand,2,100,100,200,40200,-2.809468,-3.089948,7.930555,4,27,0.900000,0.010000,17
3ryj_ligand,4,100,100,200,80400,-3.663309,-3.089948,7.394831,4,27,0.900000,0.010000,18
3ryj_ligand,2,100,100,200,40200,-2.448585,-3.089948,8.977823,4,27,0.900000,0.010000,19
3ryj_ligand,2,100,100,200,40200,-2.462058,-3.089948,11.086895,4,27,0.900000,0.010000,1
3ryj_ligand,2,100,100,200,40200,-2.415118,-3.089948,7.852335,4,27,0.900000,0.010000,2
3ryj_ligand,2,100,100,200,40200,-3.228160,-3.089948,7.543700,4,27,0.900000,0.010000,3
3ryj_ligand,2,100,100,200,40200,-3.090226,-3.089948,9.452032,4,27,0.900000,0.010000,4
3ryj_ligand,2,100,100,200,40200,-2.686813,-3.089948,9.111226,4,27,0.900000,0.010000,5
3ryj_ligand,3,100,100,200,60300,-2.209079,-3.089948,5.763373,4,27,0.900000,0.010000,6
3ryj_ligand,2,100,100,200,40200,-3.049890,-3.089948,7.494832,4,27,0.900000,0.010000,7
3ryj_ligand,2,100,100,200,40200,-2.865679,-3.089948,8.466029,4,27,0.900000,0.010000,8
3ryj_ligand,2,100,100,200,40200,-2.709559,-3.089948,6.534187,4,27,0.900000,0.010000,9
3ryj_ligand,4,100,100,200,80400,-2.336940,-3.089948,8.693826,4,27,0.950000,0.000100,0
3ryj_ligand,6,100,100,200,120600,-2.220672,-3.089948,6.860007,4,27,0.950000,0.000100,10
3ryj_ligand,6,100,100,200,120600,-2.685400,-3.089948,7.338687,4,27,0.950000,0.000100,11
3ryj_ligand,7,100,100,200,140700,-2.148166,-3.089948,9.249017,4,27,0.950000,0.000100,12
3ryj_ligand,3,100,100,200,60300,-2.135211,-3.089948,8.602070,4,27,0.950000,0.000100,13
3ryj_ligand,4,100,100,200,80400,-2.821460,-3.089948,8.982650,4,27,0.950000,0.000100,14
3ryj_ligand,8,100,100,200,160800,-2.885751,-3.089948,8.878654,4,27,0.950000,0.000100,15
3ryj_ligand,2,100,100,200,40200,-2.834591,-3.089948,8.911577,4,27,0.950000,0.000100,16
3ryj_ligand,6,100,100,200,120600,-2.341524,-3.089948,9.606578,4,27,0.950000,0.000100,17
3ryj_ligand,4,100,100,200,80400,-2.265467,-3.089948,6.541327,4,27,0.950000,0.000100,18
3ryj_ligand,4,100,100,200,80400,-2.795364,-3.089948,8.917372,4,27,0.950000,0.000100,19
3ryj_ligand,2,100,100,200,40200,-2.125388,-3.089948,10.591095,4,27,0.950000,0.000100,1
3ryj_ligand,4,100,100,200,80400,-2.104117,-3.089948,9.064887,4,27,0.950000,0.000100,2
3ryj_ligand,4,100,100,200,80400,-2.975590,-3.089948,7.370967,4,27,0.950000,0.000100,3
3ryj_ligand,4,100,100,200,80400,-2.706758,-3.089948,10.280194,4,27,0.950000,0.000100,4
3ryj_ligand,2,100,100,200,40200,-2.700392,-3.089948,9.127715,4,27,0.950000,0.000100,5
3ryj_ligand,4,100,100,200,80400,-2.110821,-3.089948,5.510600,4,27,0.950000,0.000100,6
3ryj_ligand,4,100,100,200,80400,-2.681503,-3.089948,2.656749,4,27,0.950000,0.000100,7
3ryj_ligand,2,100,100,200,40200,-2.460621,-3.089948,9.017834,4,27,0.950000,0.000100,8
3ryj_ligand,6,100,100,200,120600,-2.240980,-3.089948,8.021485,4,27,0.950000,0.000100,9
3ryj_ligand,4,100,100,200,80400,-2.354165,-3.089948,8.787579,4,27,0.950000,0.010000,0
3ryj_ligand,4,100,100,200,80400,-2.191338,-3.089948,6.051575,4,27,0.950000,0.010000,10
3ryj_ligand,2,100,100,200,40200,-2.166799,-3.089948,9.126183,4,27,0.950000,0.010000,11
3ryj_ligand,4,100,100,200,80400,-2.836728,-3.089948,9.056133,4,27,0.950000,0.010000,12
3ryj_ligand,2,100,100,200,40200,-2.931599,-3.089948,10.677450,4,27,0.950000,0.010000,13
3ryj_ligand,4,100,100,200,80400,-3.395482,-3.089948,9.114200,4,27,0.950000,0.010000,14
3ryj_ligand,4,100,100,200,80400,-2.941354,-3.089948,6.490659,4,27,0.950000,0.010000,15
3ryj_ligand,2,100,100,200,40200,-2.907493,-3.089948,9.250440,4,27,0.950000,0.010000,16
3ryj_ligand,2,100,100,200,40200,-2.275909,-3.089948,9.641862,4,27,0.950000,0.010000,17
3ryj_ligand,4,100,100,200,80400,-2.395239,-3.089948,6.657288,4,27,0.950000,0.010000,18
3ryj_ligand,4,100,100,200,80400,-3.360524,-3.089948,8.115240,4,27,0.950000,0.010000,19
3ryj_ligand,2,100,100,200,40200,-2.232461,-3.089948,10.629927,4,27,0.950000,0.010000,1
3ryj_ligand,4,100,100,200,80400,-3.055480,-3.089948,8.297441,4,27,0.950000,0.010000,2
3ryj_ligand,2,100,100,200,40200,-2.213645,-3.089948,7.609503,4,27,0.950000,0.010000,3
3ryj_ligand,2,100,100,200,40200,-2.281399,-3.089948,9.413613,4,27,0.950000,0.010000,4
3ryj_ligand,2,100,100,200,40200,-2.497411,-3.089948,9.198383,4,27,0.950000,0.010000,5
3ryj_ligand,4,100,100,200,80400,-3.356510,-3.089948,4.419755,4,27,0.950000,0.010000,6
3ryj_ligand,4,100,100,200,80400,-2.927475,-3.089948,3.438398,4,27,0.950000,0.010000,7
3ryj_ligand,4,100,100,200,80400,-3.427018,-3.089948,8.297668,4,27,0.950000,0.010000,8
3ryj_ligand,4,100,100,200,80400,-2.815176,-3.089948,8.709172,4,27,0.950000,0.010000,9
3uri_ligand,246,100,100,200,4944600,-2.741093,-4.646878,35.362881,44,130,0.800000,0.000100,10
3uri_ligand,94,100,100,200,1889400,1.365369,-4.646878,25.088266,44,130,0.800000,0.000100,11
3uri_ligand,280,100,100,200,5628000,-1.464759,-4.646878,21.191223,44,130,0.800000,0.000100,12
3uri_ligand,240,100,100,200,4824000,-2.394525,-4.646878,23.883717,44,130,0.800000,0.000100,14
3uri_ligand,236,100,100,200,4743600,-3.558153,-4.646878,27.278217,44,130,0.800000,0.000100,16
3uri_ligand,206,100,100,200,4140600,-3.670642,-4.646878,26.361822,44,130,0.800000,0.000100,17
3uri_ligand,210,100,100,200,4221000,-0.189435,-4.646878,30.622700,44,130,0.800000,0.000100,19
3uri_ligand,136,100,100,200,2733600,-2.862826,-4.646878,11.036346,44,130,0.800000,0.000100,1
3uri_ligand,184,100,100,200,3698400,-3.422590,-4.646878,26.319965,44,130,0.800000,0.000100,2
3uri_ligand,83,100,100,200,1668300,0.961263,-4.646878,33.197430,44,130,0.800000,0.000100,3
3uri_ligand,250,100,100,200,5025000,-3.659971,-4.646878,33.541992,44,130,0.800000,0.000100,4
3uri_ligand,134,100,100,200,2693400,-3.347716,-4.646878,25.798128,44,130,0.800000,0.000100,5
3uri_ligand,134,100,100,200,2693400,-1.888217,-4.646878,33.325970,44,130,0.800000,0.000100,8
3uri_ligand,14,100,100,200,281400,-3.876265,-4.646878,21.962795,44,130,0.800000,0.010000,0
3uri_ligand,85,100,100,200,1708500,-0.543374,-4.646878,24.282122,44,130,0.800000,0.010000,11
3uri_ligand,26,100,100,200,522600,-3.832267,-4.646878,21.973444,44,130,0.800000,0.010000,14
3uri_ligand,76,100,100,200,1527600,-2.378047,-4.646878,36.159828,44,130,0.800000,0.010000,15
3uri_ligand,122,100,100,200,2452200,-2.520648,-4.646878,28.349590,44,130,0.800000,0.010000,16
3uri_ligand,106,100,100,200,2130600,-2.783002,-4.646878,29.049238,44,130,0.800000,0.010000,19
3uri_ligand,12,100,100,200,241200,-4.480925,-4.646878,20.275946,44,130,0.800000,0.010000,1
3uri_ligand,18,100,100,200,361800,-3.809900,-4.646878,27.768799,44,130,0.800000,0.010000,2
3uri_ligand,86,100,100,200,1728600,-1.289598,-4.646878,26.795021,44,130,0.800000,0.010000,3
3uri_ligand,16,100,100,200,321600,-3.852340,-4.646878,26.397547,44,130,0.800000,0.010000,4
3uri_ligand,62,100,100,200,1246200,-1.960627,-4.646878,29.540173,44,130,0.800000,0.010000,6
3uri_ligand,10,100,100,200,201000,-3.897276,-4.646878,17.297644,44,130,0.800000,0.010000,7
3uri_ligand,32,100,100,200,643200,-3.688213,-4.646878,28.975527,44,130,0.800000,0.010000,8
3uri_ligand,143,100,100,200,2874300,-0.668785,-4.646878,34.657707,44,130,0.900000,0.000100,10
3uri_ligand,144,100,100,200,2894400,-0.003088,-4.646878,21.993237,44,130,0.900000,0.000100,11
3uri_ligand,157,100,100,200,3155700,0.070652,-4.646878,28.227612,44,130,0.900000,0.000100,12
3uri_ligand,129,100,100,200,2592900,-1.799883,-4.646878,32.373714,44,130,0.900000,0.000100,16
3uri_ligand,244,100,100,200,4904400,-1.549229,-4.646878,29.301168,44,130,0.900000,0.000100,19
3uri_ligand,244,100,100,200,4904400,-0.887341,-4.646878,26.013540,44,130,0.900000,0.000100,3
3uri_ligand,212,100,100,200,4261200,-0.404913,-4.646878,33.021935,44,130,0.900000,0.000100,4
3uri_ligand,102,100,100,200,2050200,-0.877189,-4.646878,27.631933,44,130,0.900000,0.000100,5
3uri_ligand,597,100,100,200,11999700,-0.280723,-4.646878,38.519638,44,130,0.900000,0.000100,8
3uri_ligand,156,100,100,200,3135600,-2.935207,-4.646878,22.408381,44,130,0.900000,0.010000,0
3uri_ligand,20,100,100,200,402000,-3.838033,-4.646878,16.314705,44,130,0.900000,0.010000,10
3uri_ligand,96,100,100,200,1929600,0.326143,-4.646878,30.252689,44,130,0.900000,0.010000,11
3uri_ligand,148,100,100,200,2974800,-1.118301,-4.646878,18.208755,44,130,0.900000,0.010000,12
3uri_ligand,82,100,100,200,1648200,-2.014034,-4.646878,25.036484,44,130,0.900000,0.010000,13
3uri_ligand,24,100,100,200,482400,-3.697657,-4.646878,25.594587,44,130,0.900000,0.010000,14
3uri_ligand,68,100,100,200,1366800,-3.714847,-4.646878,19.444857,44,130,0.900000,0.010000,15
3uri_ligand,20,100,100,200,402000,-3.738640,-4.646878,35.931702,44,130,0.900000,0.010000,16
3uri_ligand,16,100,100,200,321600,-3.648550,-4.646878,24.572790,44,130,0.900000,0.010000,17
3uri_ligand,263,100,100,200,5286300,-3.253179,-4.646878,18.568851,44,130,0.900000,0.010000,18
3uri_ligand,204,100,100,200,4100400,-2.936289,-4.646878,17.516710,44,130,0.900000,0.010000,19
3uri_ligand,74,100,100,200,1487400,-2.643480,-4.646878,27.685722,44,130,0.900000,0.010000,1
3uri_ligand,194,100,100,200,3899400,-1.698286,-4.646878,24.598810,44,130,0.900000,0.010000,3
3uri_ligand,150,100,100,200,3015000,-3.777725,-4.646878,34.561474,44,130,0.900000,0.010000,4
3uri_ligand,104,100,100,200,2090400,-2.697580,-4.646878,31.123730,44,130,0.900000,0.010000,5
3uri_ligand,154,100,100,200,3095400,-0.654871,-4.646878,33.748775,44,130,0.900000,0.010000,6
3uri_ligand,24,100,100,200,482400,-3.665282,-4.646878,27.898619,44,130,0.900000,0.010000,8
3uri_ligand,84,100,100,200,1688400,-2.379512,-4.646878,20.857698,44,130,0.900000,0.010000,9
3uri_ligand,498,100,100,200,10009800,-3.681899,-4.646878,24.158283,44,130,0.950000,0.000100,0
3uri_ligand,512,100,100,200,10291200,-1.836273,-4.646878,23.490170,44,130,0.950000,0.000100,11
3uri_ligand,112,100,100,200,2251200,-3.854940,-4.646878,29.924820,44,130,0.950000,0.000100,12
3uri_ligand,237,100,100,200,4763700,-0.656971,-4.646878,35.535255,44,130,0.950000,0.000100,13
3uri_ligand,238,100,100,200,4783800,-2.914991,-4.646878,28.943958,44,130,0.950000,0.000100,16
3uri_ligand,362,100,100,200,7276200,-3.665488,-4.646878,36.417126,44,130,0.950000,0.000100,17
3uri_ligand,103,100,100,200,2070300,-0.183449,-4.646878,20.501953,44,130,0.950000,0.000100,19
3uri_ligand,262,100,100,200,5266200,-1.493795,-4.646878,23.554811,44,130,0.950000,0.000100,1
3uri_ligand,126,100,100,200,2532600,-0.959980,-4.646878,25.699171,44,130,0.950000,0.000100,3
3uri_ligand,208,100,100,200,4180800,-3.314159,-4.646878,18.927811,44,130,0.950000,0.000100,4
3uri_ligand,122,100,100,200,2452200,-0.513139,-4.646878,38.696785,44,130,0.950000,0.000100,5
3uri_ligand,186,100,100,200,3738600,-2.470229,-4.646878,32.243668,44,130,0.950000,0.000100,8
3uri_ligand,194,100,100,200,3899400,-3.757381,-4.646878,33.314896,44,130,0.950000,0.010000,0
3uri_ligand,318,100,100,200,6391800,-0.363963,-4.646878,32.008583,44,130,0.950000,0.010000,11
3uri_ligand,28,100,100,200,562800,-3.778186,-4.646878,25.511126,44,130,0.950000,0.010000,12
3uri_ligand,158,100,100,200,3175800,-2.548903,-4.646878,30.748066,44,130,0.950000,0.010000,13
3uri_ligand,111,100,100,200,2231100,-3.093970,-4.646878,36.317245,44,130,0.950000,0.010000,14
3uri_ligand,108,100,100,200,2170800,-2.079363,-4.646878,30.275331,44,130,0.950000,0.010000,15
3uri_ligand,78,100,100,200,1567800,-2.949237,-4.646878,31.505375,44,130,0.950000,0.010000,16
3uri_ligand,94,100,100,200,1889400,-1.737896,-4.646878,35.242443,44,130,0.950000,0.010000,17
3uri_ligand,94,100,100,200,1889400,-1.612885,-4.646878,27.745222,44,130,0.950000,0.010000,19
3uri_ligand,142,100,100,200,2854200,-2.493957,-4.646878,26.415482,44,130,0.950000,0.010000,2
3uri_ligand,214,100,100,200,4301400,-3.137658,-4.646878,20.653610,44,130,0.950000,0.010000,3
3uri_ligand,204,100,100,200,4100400,-1.263860,-4.646878,34.966473,44,130,0.950000,0.010000,4
3uri_ligand,108,100,100,200,2170800,-1.810300,-4.646878,37.026596,44,130,0.950000,0.010000,5
3uri_ligand,88,100,100,200,1768800,-2.401989,-4.646878,23.494614,44,130,0.950000,0.010000,6
3uri_ligand,126,100,100,200,2532600,-3.142421,-4.646878,15.216068,44,130,0.950000,0.010000,7
3uri_ligand,110,100,100,200,2211000,-2.205272,-4.646878,36.536907,44,130,0.950000,0.010000,8
3uri_ligand,122,100,100,200,2452200,-3.063315,-4.646878,30.661604,44,130,0.950000,0.010000,9
4de1_ligand,138,100,100,200,2773800,-1.687631,-2.891916,20.042727,8,34,0.800000,0.000100,0
4de1_ligand,242,100,100,200,4864200,-1.840793,-2.891916,35.611435,8,34,0.800000,0.000100,10
4de1_ligand,191,100,100,200,3839100,-0.604766,-2.891916,28.552998,8,34,0.800000,0.000100,11
4de1_ligand,159,100,100,200,3195900,-1.876365,-2.891916,13.460475,8,34,0.800000,0.000100,12
4de1_ligand,64,100,100,200,1286400,-1.936531,-2.891916,32.223999,8,34,0.800000,0.000100,13
4de1_ligand,20,100,100,200,402000,-1.892804,-2.891916,14.507759,8,34,0.800000,0.000100,14
4de1_ligand,16,100,100,200,321600,-1.909712,-2.891916,34.193241,8,34,0.800000,0.000100,15
4de1_ligand,326,100,100,200,6552600,-1.790681,-2.891916,31.081537,8,34,0.800000,0.000100,16
4de1_ligand,79,100,100,200,1587900,-1.907574,-2.891916,19.566416,8,34,0.800000,0.000100,17
4de1_ligand,120,100,100,200,2412000,-1.480659,-2.891916,28.139038,8,34,0.800000,0.000100,18
4de1_ligand,64,100,100,200,1286400,-1.906907,-2.891916,24.257252,8,34,0.800000,0.000100,19
4de1_ligand,146,100,100,200,2934600,-1.271883,-2.891916,8.253433,8,34,0.800000,0.000100,1
4de1_ligand,8,100,100,200,160800,-2.215803,-2.891916,10.646088,8,34,0.800000,0.000100,2
4de1_ligand,10,100,100,200,201000,-2.078847,-2.891916,34.752041,8,34,0.800000,0.000100,3
4de1_ligand,109,100,100,200,2190900,-0.501344,-2.891916,25.862396,8,34,0.800000,0.000100,4
4de1_ligand,10,100,100,200,201000,-1.947817,-2.891916,9.840447,8,34,0.800000,0.000100,5
4de1_ligand,139,100,100,200,2793900,-1.692834,-2.891916,19.146549,8,34,0.800000,0.000100,6
4de1_ligand,12,100,100,200,241200,-1.999162,-2.891916,18.672693,8,34,0.800000,0.000100,7
4de1_ligand,20,100,100,200,402000,-1.897651,-2.891916,31.599480,8,34,0.800000,0.000100,8
4de1_ligand,136,100,100,200,2733600,-1.838212,-2.891916,20.751902,8,34,0.800000,0.000100,9
4de1_ligand,6,100,100,200,120600,-3.240125,-2.891916,25.493572,8,34,0.800000,0.010000,0
4de1_ligand,4,100,100,200,80400,-1.942785,-2.891916,20.681181,8,34,0.800000,0.010000,10
4de1_ligand,56,100,100,200,1125600,-1.915099,-2.891916,15.260154,8,34,0.800000,0.010000,11
4de1_ligand,8,100,100,200,160800,-2.072936,-2.891916,13.692364,8,34,0.800000,0.010000,12
4de1_ligand,20,100,100,200,402000,-2.052542,-2.891916,32.313606,8,34,0.800000,0.010000,13
4de1_ligand,12,100,100,200,241200,-2.156283,-2.891916,19.859386,8,34,0.800000,0.010000,14
4de1_ligand,6,100,100,200,120600,-1.917331,-2.891916,35.155060,8,34,0.800000,0.010000,15
4de1_ligand,20,100,100,200,402000,-1.898826,-2.891916,33.009598,8,34,0.800000,0.010000,16
4de1_ligand,39,100,100,200,783900,-1.910244,-2.891916,18.644918,8,34,0.800000,0.010000,17
4de1_ligand,133,100,100,200,2673300,-1.672378,-2.891916,21.362381,8,34,0.800000,0.010000,18
4de1_ligand,174,100,100,200,3497400,-1.900150,-2.891916,17.063494,8,34,0.800000,0.010000,19
4de1_ligand,10,100,100,200,201000,-2.005084,-2.891916,23.484453,8,34,0.800000,0.010000,1
4de1_ligand,6,100,100,200,120600,-2.434162,-2.891916,10.842069,8,34,0.800000,0.010000,2
4de1_ligand,6,100,100,200,120600,-2.099880,-2.891916,34.848011,8,34,0.800000,0.010000,3
4de1_ligand,26,100,100,200,522600,-1.895236,-2.891916,31.860241,8,34,0.800000,0.010000,4
4de1_ligand,88,100,100,200,1768800,-1.831439,-2.891916,14.569250,8,34,0.800000,0.010000,5
4de1_ligand,14,100,100,200,281400,-2.039604,-2.891916,25.151445,8,34,0.800000,0.010000,6
4de1_ligand,82,100,100,200,1648200,-1.759320,-2.891916,29.838184,8,34,0.800000,0.010000,7
4de1_ligand,10,100,100,200,201000,-2.031222,-2.891916,31.414263,8,34,0.800000,0.010000,8
4de1_ligand,63,100,100,200,1266300,-1.608471,-2.891916,21.363361,8,34,0.800000,0.010000,9
4de1_ligand,12,100,100,200,241200,-1.928302,-2.891916,15.222607,8,34,0.900000,0.000100,0
4de1_ligand,394,100,100,200,7919400,-1.837482,-2.891916,35.690109,8,34,0.900000,0.000100,10
4de1_ligand,171,100,100,200,3437100,-1.755302,-2.891916,20.215336,8,34,0.900000,0.000100,11
4de1_ligand,108,100,100,200,2170800,-1.877860,-2.891916,13.463080,8,34,0.900000,0.000100,12
4de1_ligand,12,100,100,200,241200,-1.963796,-2.891916,29.490456,8,34,0.900000,0.000100,13
4de1_ligand,199,100,100,200,3999900,-1.367797,-2.891916,36.225651,8,34,0.900000,0.000100,14
4de1_ligand,248,100,100,200,4984800,-1.791289,-2.891916,35.637238,8,34,0.900000,0.000100,15
4de1_ligand,212,100,100,200,4261200,-1.563854,-2.891916,34.191654,8,34,0.900000,0.000100,16
4de1_ligand,16,100,100,200,321600,-1.920228,-2.891916,22.080126,8,34,0.900000,0.000100,17
4de1_ligand,8,100,100,200,160800,-2.558654,-2.891916,19.893673,8,34,0.900000,0.000100,18
4de1_ligand,98,100,100,200,1969800,-0.176975,-2.891916,23.545866,8,34,0.900000,0.000100,19
4de1_ligand,338,100,100,200,6793800,-1.519838,-2.891916,25.364937,8,34,0.900000,0.000100,1
4de1_ligand,10,100,100,200,201000,-2.359080,-2.891916,10.839645,8,34,0.900000,0.000100,2
4de1_ligand,40,100,100,200,804000,-1.928365,-2.891916,24.040707,8,34,0.900000,0.000100,3
4de1_ligand,116,100,100,200,2331600,-1.336319,-2.891916,31.038860,8,34,0.900000,0.000100,4
4de1_ligand,15,100,100,200,301500,-1.892048,-2.891916,9.832006,8,34,0.900000,0.000100,5
4de1_ligand,92,100,100,200,1849200,-0.996952,-2.891916,20.250679,8,34,0.900000,0.000100,6
4de1_ligand,10,100,100,200,201000,-2.034445,-2.891916,10.236684,8,34,0.900000,0.000100,7
4de1_ligand,84,100,100,200,1688400,-1.202256,-2.891916,36.864239,8,34,0.900000,0.000100,8
4de1_ligand,126,100,100,200,2532600,-1.842476,-2.891916,20.761684,8,34,0.900000,0.000100,9
4de1_ligand,16,100,100,200,321600,-1.928312,-2.891916,33.757412,8,34,0.900000,0.010000,0
4de1_ligand,87,100,100,200,1748700,-1.707413,-2.891916,35.641781,8,34,0.900000,0.010000,10
4de1_ligand,16,100,100,200,321600,-1.903377,-2.891916,27.235319,8,34,0.900000,0.010000,11
4de1_ligand,10,100,100,200,201000,-2.455451,-2.891916,12.799621,8,34,0.900000,0.010000,12
4de1_ligand,22,100,100,200,442200,-1.940876,-2.891916,32.379353,8,34,0.900000,0.010000,13
4de1_ligand,12,100,100,200,241200,-1.925999,-2.891916,22.125305,8,34,0.900000,0.010000,14
4de1_ligand,10,100,100,200,201000,-1.926602,-2.891916,35.092800,8,34,0.900000,0.010000,15
4de1_ligand,7,100,100,200,140700,-1.904866,-2.891916,30.015791,8,34,0.900000,0.010000,16
4de1_ligand,8,100,100,200,160800,-2.212722,-2.891916,19.643784,8,34,0.900000,0.010000,17
4de1_ligand,105,100,100,200,2110500,-1.695809,-2.891916,29.778740,8,34,0.900000,0.010000,18
4de1_ligand,72,100,100,200,1447200,-1.785344,-2.891916,9.044977,8,34,0.900000,0.010000,19
4de1_ligand,30,100,100,200,603000,-1.895751,-2.891916,16.526066,8,34,0.900000,0.010000,1
4de1_ligand,10,100,100,200,201000,-1.985859,-2.891916,21.640089,8,34,0.900000,0.010000,2
4de1_ligand,6,100,100,200,120600,-2.018698,-2.891916,34.418140,8,34,0.900000,0.010000,3
4de1_ligand,10,100,100,200,201000,-1.921684,-2.891916,22.850798,8,34,0.900000,0.010000,4
4de1_ligand,6,100,100,200,120600,-1.891954,-2.891916,9.856558,8,34,0.900000,0.010000,5
4de1_ligand,8,100,100,200,160800,-1.892813,-2.891916,26.563753,8,34,0.900000,0.010000,6
4de1_ligand,10,100,100,200,201000,-1.970839,-2.891916,25.090185,8,34,0.900000,0.010000,7
4de1_ligand,10,100,100,200,201000,-2.103320,-2.891916,29.024031,8,34,0.900000,0.010000,8
4de1_ligand,66,100,100,200,1326600,-1.650068,-2.891916,21.485100,8,34,0.900000,0.010000,9
4de1_ligand,16,100,100,200,321600,-1.997228,-2.891916,15.214149,8,34,0.950000,0.000100,0
4de1_ligand,259,100,100,200,5205900,-1.430691,-2.891916,12.024221,8,34,0.950000,0.000100,10
4de1_ligand,12,100,100,200,241200,-1.907716,-2.891916,18.208849,8,34,0.950000,0.000100,11
4de1_ligand,94,100,100,200,1889400,-1.870430,-2.891916,13.464444,8,34,0.950000,0.000100,12
4de1_ligand,24,100,100,200,482400,-1.967279,-2.891916,29.956047,8,34,0.950000,0.000100,13
4de1_ligand,28,100,100,200,562800,-1.918128,-2.891916,32.815128,8,34,0.950000,0.000100,14
4de1_ligand,208,100,100,200,4180800,-1.716043,-2.891916,36.245888,8,34,0.950000,0.000100,15
4de1_ligand,192,100,100,200,3859200,-1.560466,-2.891916,34.230286,8,34,0.950000,0.000100,16
4de1_ligand,100,100,100,200,2010000,-0.442816,-2.891916,19.491686,8,34,0.950000,0.000100,17
4de1_ligand,156,100,100,200,3135600,-1.593395,-2.891916,28.458401,8,34,0.950000,0.000100,18
4de1_ligand,190,100,100,200,3819000,-1.120108,-2.891916,12.407210,8,34,0.950000,0.000100,19
4de1_ligand,358,100,100,200,7195800,-0.361526,-2.891916,15.898222,8,34,0.950000,0.000100,1
4de1_ligand,53,100,100,200,1065300,-1.898198,-2.891916,22.399462,8,34,0.950000,0.000100,2
4de1_ligand,272,100,100,200,5467200,-0.830767,-2.891916,23.347187,8,34,0.950000,0.000100,3
4de1_ligand,8,100,100,200,160800,-1.902742,-2.891916,31.888845,8,34,0.950000,0.000100,4
4de1_ligand,144,100,100,200,2894400,-1.831004,-2.891916,27.126324,8,34,0.950000,0.000100,5
4de1_ligand,277,100,100,200,5567700,-1.689334,-2.891916,19.153389,8,34,0.950000,0.000100,6
4de1_ligand,52,100,100,200,1045200,-0.009330,-2.891916,17.147213,8,34,0.950000,0.000100,7
4de1_ligand,186,100,100,200,3738600,-1.228501,-2.891916,36.830349,8,34,0.950000,0.000100,8
4de1_ligand,202,100,100,200,4060200,-1.834154,-2.891916,20.758305,8,34,0.950000,0.000100,9
4de1_ligand,10,100,100,200,201000,-1.918502,-2.891916,15.476425,8,34,0.950000,0.010000,0
4de1_ligand,86,100,100,200,1728600,-1.496624,-2.891916,35.757656,8,34,0.950000,0.010000,10
4de1_ligand,22,100,100,200,442200,-1.917737,-2.891916,16.053886,8,34,0.950000,0.010000,11
4de1_ligand,10,100,100,200,201000,-2.372212,-2.891916,14.662575,8,34,0.950000,0.010000,12
4de1_ligand,14,100,100,200,281400,-1.953103,-2.891916,30.463266,8,34,0.950000,0.010000,13
4de1_ligand,34,100,100,200,683400,-1.904300,-2.891916,34.816761,8,34,0.950000,0.010000,14
4de1_ligand,10,100,100,200,201000,-1.971350,-2.891916,34.990574,8,34,0.950000,0.010000,15
4de1_ligand,167,100,100,200,3356700,-1.491807,-2.891916,34.841614,8,34,0.950000,0.010000,16
4de1_ligand,10,100,100,200,201000,-2.174845,-2.891916,19.605528,8,34,0.950000,0.010000,17
4de1_ligand,14,100,100,200,281400,-2.414476,-2.891916,22.952936,8,34,0.950000,0.010000,18
4de1_ligand,6,100,100,200,120600,-1.953661,-2.891916,13.091657,8,34,0.950000,0.010000,19
4de1_ligand,12,100,100,200,241200,-2.216064,-2.891916,19.037897,8,34,0.950000,0.010000,1
4de1_ligand,6,100,100,200,120600,-2.388052,-2.891916,21.974453,8,34,0.950000,0.010000,2
4de1_ligand,32,100,100,200,643200,-2.048977,-2.891916,24.043413,8,34,0.950000,0.010000,3
4de1_ligand,91,100,100,200,1829100,-1.407132,-2.891916,24.073940,8,34,0.950000,0.010000,4
4de1_ligand,76,100,100,200,1527600,-1.752289,-2.891916,27.196686,8,34,0.950000,0.010000,5
4de1_ligand,10,100,100,200,201000,-1.901536,-2.891916,21.759958,8,34,0.950000,0.010000,6
4de1_ligand,12,100,100,200,241200,-1.957059,-2.891916,14.340265,8,34,0.950000,0.010000,7
4de1_ligand,18,100,100,200,361800,-1.938520,-2.891916,34.302715,8,34,0.950000,0.010000,8
4de1_ligand,14,100,100,200,281400,-2.581414,-2.891916,14.798149,8,34,0.950000,0.010000,9
4lzs_ligand,4,100,100,200,80400,-1.150788,-1.826324,17.846487,10,31,0.800000,0.000100,0
4lzs_ligand,95,100,100,200,1909500,-0.162258,-1.826324,18.930384,10,31,0.800000,0.000100,10
4lzs_ligand,14,100,100,200,281400,-0.860221,-1.826324,17.866247,10,31,0.800000,0.000100,11
4lzs_ligand,4,100,100,200,80400,-1.076951,-1.826324,10.086184,10,31,0.800000,0.000100,12
4lzs_ligand,121,100,100,200,2432100,-0.767320,-1.826324,19.518356,10,31,0.800000,0.000100,13
4lzs_ligand,10,100,100,200,201000,-0.829379,-1.826324,19.755575,10,31,0.800000,0.000100,14
4lzs_ligand,6,100,100,200,120600,-0.920769,-1.826324,19.137358,10,31,0.800000,0.000100,15
4lzs_ligand,4,100,100,200,80400,-1.582106,-1.826324,17.658028,10,31,0.800000,0.000100,16
4lzs_ligand,169,100,100,200,3396900,-0.708981,-1.826324,25.348701,10,31,0.800000,0.000100,17
4lzs_ligand,16,100,100,200,321600,-0.971179,-1.826324,17.403469,10,31,0.800000,0.000100,18
4lzs_ligand,12,100,100,200,241200,-1.073322,-1.826324,18.189152,10,31,0.800000,0.000100,19
4lzs_ligand,82,100,100,200,1648200,-0.770887,-1.826324,17.765869,10,31,0.800000,0.000100,1
4lzs_ligand,4,100,100,200,80400,-0.902237,-1.826324,17.612762,10,31,0.800000,0.000100,2
4lzs_ligand,8,100,100,200,160800,-0.986203,-1.826324,18.216825,10,31,0.800000,0.000100,3
4lzs_ligand,14,100,100,200,281400,-0.848499,-1.826324,18.442520,10,31,0.800000,0.000100,4
4lzs_ligand,4,100,100,200,80400,-1.489329,-1.826324,18.340252,10,31,0.800000,0.000100,5
4lzs_ligand,113,100,100,200,2271300,-0.402858,-1.826324,21.089056,10,31,0.800000,0.000100,6
4lzs_ligand,4,100,100,200,80400,-1.379051,-1.826324,17.963911,10,31,0.800000,0.000100,7
4lzs_ligand,6,100,100,200,120600,-0.909836,-1.826324,18.814915,10,31,0.800000,0.000100,8
4lzs_ligand,8,100,100,200,160800,-1.112301,-1.826324,25.986004,10,31,0.800000,0.000100,9
4lzs_ligand,4,100,100,200,80400,-1.370216,-1.826324,17.608437,10,31,0.800000,0.010000,0
4lzs_ligand,12,100,100,200,241200,-0.956226,-1.826324,16.802691,10,31,0.800000,0.010000,10
4lzs_ligand,4,100,100,200,80400,-0.939765,-1.826324,18.204161,10,31,0.800000,0.010000,11
4lzs_ligand,4,100,100,200,80400,-1.450439,-1.826324,18.280531,10,31,0.800000,0.010000,12
4lzs_ligand,4,100,100,200,80400,-1.521052,-1.826324,17.058683,10,31,0.800000,0.010000,13
4lzs_ligand,5,100,100,200,100500,-0.877749,-1.826324,19.221249,10,31,0.800000,0.010000,14
4lzs_ligand,4,100,100,200,80400,-1.588161,-1.826324,17.828671,10,31,0.800000,0.010000,15
4lzs_ligand,4,100,100,200,80400,-1.641033,-1.826324,18.027786,10,31,0.800000,0.010000,16
4lzs_ligand,6,100,100,200,120600,-0.879303,-1.826324,25.749647,10,31,0.800000,0.010000,17
4lzs_ligand,3,100,100,200,60300,-0.838879,-1.826324,19.710777,10,31,0.800000,0.010000,18
4lzs_ligand,4,100,100,200,80400,-1.238690,-1.826324,16.971159,10,31,0.800000,0.010000,19
4lzs_ligand,4,100,100,200,80400,-1.134260,-1.826324,17.879322,10,31,0.800000,0.010000,1
4lzs_ligand,2,100,100,200,40200,-0.927651,-1.826324,17.879000,10,31,0.800000,0.010000,2
4lzs_ligand,4,100,100,200,80400,-0.936267,-1.826324,20.793415,10,31,0.800000,0.010000,3
4lzs_ligand,8,100,100,200,160800,-0.863489,-1.826324,21.740757,10,31,0.800000,0.010000,4
4lzs_ligand,2,100,100,200,40200,-1.454205,-1.826324,18.240015,10,31,0.800000,0.010000,5
4lzs_ligand,4,100,100,200,80400,-1.493350,-1.826324,17.599503,10,31,0.800000,0.010000,6
4lzs_ligand,2,100,100,200,40200,-1.179909,-1.826324,18.409584,10,31,0.800000,0.010000,7
4lzs_ligand,4,100,100,200,80400,-1.009192,-1.826324,17.638380,10,31,0.800000,0.010000,8
4lzs_ligand,2,100,100,200,40200,-0.859253,-1.826324,26.025751,10,31,0.800000,0.010000,9
4lzs_ligand,8,100,100,200,160800,-0.958524,-1.826324,17.778790,10,31,0.900000,0.000100,0
4lzs_ligand,111,100,100,200,2231100,-0.160900,-1.826324,18.932390,10,31,0.900000,0.000100,10
4lzs_ligand,10,100,100,200,201000,-0.882761,-1.826324,17.982172,10,31,0.900000,0.000100,11
4lzs_ligand,4,100,100,200,80400,-1.132130,-1.826324,10.174755,10,31,0.900000,0.000100,12
4lzs_ligand,80,100,100,200,1608000,-0.179248,-1.826324,24.899708,10,31,0.900000,0.000100,13
4lzs_ligand,8,100,100,200,160800,-0.870648,-1.826324,17.967079,10,31,0.900000,0.000100,14
4lzs_ligand,123,100,100,200,2472300,-0.026124,-1.826324,19.244183,10,31,0.900000,0.000100,15
4lzs_ligand,4,100,100,200,80400,-1.399189,-1.826324,17.700443,10,31,0.900000,0.000100,16
4lzs_ligand,255,100,100,200,5125500,-0.709136,-1.826324,25.352554,10,31,0.900000,0.000100,17
4lzs_ligand,46,100,100,200,924600,-0.978364,-1.826324,17.431873,10,31,0.900000,0.000100,18
4lzs_ligand,6,100,100,200,120600,-0.987009,-1.826324,18.362274,10,31,0.900000,0.000100,19
4lzs_ligand,10,100,100,200,201000,-0.850469,-1.826324,18.721701,10,31,0.900000,0.000100,1
4lzs_ligand,8,100,100,200,160800,-1.102718,-1.826324,18.472008,10,31,0.900000,0.000100,2
4lzs_ligand,12,100,100,200,241200,-0.933086,-1.826324,18.362852,10,31,0.900000,0.000100,3
4lzs_ligand,8,100,100,200,160800,-0.932011,-1.826324,21.003345,10,31,0.900000,0.000100,4
4lzs_ligand,4,100,100,200,80400,-1.428907,-1.826324,18.276598,10,31,0.900000,0.000100,5
4lzs_ligand,79,100,100,200,1587900,-0.394802,-1.826324,21.075344,10,31,0.900000,0.000100,6
4lzs_ligand,4,100,100,200,80400,-0.974631,-1.826324,18.037994,10,31,0.900000,0.000100,7
4lzs_ligand,10,100,100,200,201000,-1.087797,-1.826324,18.116972,10,31,0.900000,0.000100,8
4lzs_ligand,6,100,100,200,120600,-1.184358,-1.826324,25.612526,10,31,0.900000,0.000100,9
4lzs_ligand,4,100,100,200,80400,-1.539733,-1.826324,17.604908,10,31,0.900000,0.010000,0
4lzs_ligand,101,100,100,200,2030100,-0.563510,-1.826324,17.829062,10,31,0.900000,0.010000,10
4lzs_ligand,8,100,100,200,160800,-0.920742,-1.826324,18.600876,10,31,0.900000,0.010000,11
4lzs_ligand,6,100,100,200,120600,-1.594942,-1.826324,18.471025,10,31,0.900000,0.010000,12
4lzs_ligand,6,100,100,200,120600,-1.409387,-1.826324,18.083904,10,31,0.900000,0.010000,13
4lzs_ligand,6,100,100,200,120600,-0.881731,-1.826324,19.726690,10,31,0.900000,0.010000,14
4lzs_ligand,4,100,100,200,80400,-1.313423,-1.826324,18.143402,10,31,0.900000,0.010000,15
4lzs_ligand,4,100,100,200,80400,-2.003324,-1.826324,17.833010,10,31,0.900000,0.010000,16
4lzs_ligand,6,100,100,200,120600,-0.996334,-1.826324,25.939592,10,31,0.900000,0.010000,17
4lzs_ligand,6,100,100,200,120600,-1.487019,-1.826324,17.271563,10,31,0.900000,0.010000,18
4lzs_ligand,4,100,100,200,80400,-1.084883,-1.826324,16.852079,10,31,0.900000,0.010000,19
4lzs_ligand,4,100,100,200,80400,-0.868103,-1.826324,18.090933,10,31,0.900000,0.010000,1
4lzs_ligand,4,100,100,200,80400,-1.557085,-1.826324,17.382771,10,31,0.900000,0.010000,2
4lzs_ligand,6,100,100,200,120600,-1.305245,-1.826324,18.092073,10,31,0.900000,0.010000,3
4lzs_ligand,6,100,100,200,120600,-0.977541,-1.826324,21.050501,10,31,0.900000,0.010000,4
4lzs_ligand,2,100,100,200,40200,-1.187970,-1.826324,18.282671,10,31,0.900000,0.010000,5
4lzs_ligand,4,100,100,200,80400,-1.666606,-1.826324,17.703829,10,31,0.900000,0.010000,6
4lzs_ligand,4,100,100,200,80400,-1.683224,-1.826324,17.934740,10,31,0.900000,0.010000,7
4lzs_ligand,4,100,100,200,80400,-1.029465,-1.826324,17.587721,10,31,0.900000,0.010000,8
4lzs_ligand,4,100,100,200,80400,-1.251280,-1.826324,25.528719,10,31,0.900000,0.010000,9
4lzs_ligand,4,100,100,200,80400,-0.842717,-1.826324,17.718279,10,31,0.950000,0.000100,0
4lzs_ligand,115,100,100,200,2311500,-0.083802,-1.826324,26.316099,10,31,0.950000,0.000100,10
4lzs_ligand,133,100,100,200,2673300,-0.414621,-1.826324,14.429662,10,31,0.950000,0.000100,11
4lzs_ligand,252,100,100,200,5065200,-0.712839,-1.826324,18.890043,10,31,0.950000,0.000100,12
4lzs_ligand,6,100,100,200,120600,-1.602144,-1.826324,17.807350,10,31,0.950000,0.000100,13
4lzs_ligand,8,100,100,200,160800,-0.834654,-1.826324,19.807697,10,31,0.950000,0.000100,14
4lzs_ligand,22,100,100,200,442200,-1.171859,-1.826324,17.429762,10,31,0.950000,0.000100,15
4lzs_ligand,6,100,100,200,120600,-1.201761,-1.826324,18.024523,10,31,0.950000,0.000100,16
4lzs_ligand,233,100,100,200,4683300,-0.708080,-1.826324,25.341661,10,31,0.950000,0.000100,17
4lzs_ligand,8,100,100,200,160800,-0.948158,-1.826324,17.442898,10,31,0.950000,0.000100,18
4lzs_ligand,131,100,100,200,2633100,-0.748759,-1.826324,19.815809,10,31,0.950000,0.000100,19
4lzs_ligand,196,100,100,200,3939600,-0.705829,-1.826324,25.360777,10,31,0.950000,0.000100,1
4lzs_ligand,8,100,100,200,160800,-1.136873,-1.826324,17.488008,10,31,0.950000,0.000100,2
4lzs_ligand,63,100,100,200,1266300,-0.748654,-1.826324,20.238964,10,31,0.950000,0.000100,3
4lzs_ligand,8,100,100,200,160800,-0.981345,-1.826324,21.016775,10,31,0.950000,0.000100,4
4lzs_ligand,6,100,100,200,120600,-1.439142,-1.826324,18.287407,10,31,0.950000,0.000100,5
4lzs_ligand,40,100,100,200,804000,-0.892522,-1.826324,17.659315,10,31,0.950000,0.000100,6
4lzs_ligand,6,100,100,200,120600,-1.327275,-1.826324,17.989775,10,31,0.950000,0.000100,7
4lzs_ligand,6,100,100,200,120600,-1.302676,-1.826324,16.236143,10,31,0.950000,0.000100,8
4lzs_ligand,4,100,100,200,80400,-0.833576,-1.826324,26.040287,10,31,0.950000,0.000100,9
4lzs_ligand,4,100,100,200,80400,-0.936621,-1.826324,18.428436,10,31,0.950000,0.010000,0
4lzs_ligand,54,100,100,200,1085400,-0.961582,-1.826324,16.919199,10,31,0.950000,0.010000,10
4lzs_ligand,8,100,100,200,160800,-0.883998,-1.826324,18.499477,10,31,0.950000,0.010000,11
4lzs_ligand,5,100,100,200,100500,-0.851419,-1.826324,10.427426,10,31,0.950000,0.010000,12
4lzs_ligand,4,100,100,200,80400,-1.199431,-1.826324,18.060818,10,31,0.950000,0.010000,13
4lzs_ligand,6,100,100,200,120600,-1.173607,-1.826324,18.600765,10,31,0.950000,0.010000,14
4lzs_ligand,4,100,100,200,80400,-1.291103,-1.826324,18.023497,10,31,0.950000,0.010000,15
4lzs_ligand,4,100,100,200,80400,-1.872044,-1.826324,17.929541,10,31,0.950000,0.010000,16
4lzs_ligand,174,100,100,200,3497400,-0.653295,-1.826324,25.439154,10,31,0.950000,0.010000,17
4lzs_ligand,6,100,100,200,120600,-1.063356,-1.826324,26.704155,10,31,0.950000,0.010000,18
4lzs_ligand,28,100,100,200,562800,-0.918241,-1.826324,18.299732,10,31,0.950000,0.010000,19
4lzs_ligand,4,100,100,200,80400,-0.901706,-1.826324,18.855358,10,31,0.950000,0.010000,1
4lzs_ligand,4,100,100,200,80400,-0.914619,-1.826324,18.096418,10,31,0.950000,0.010000,2
4lzs_ligand,8,100,100,200,160800,-0.832804,-1.826324,18.450760,10,31,0.950000,0.010000,3
4lzs_ligand,8,100,100,200,160800,-0.852750,-1.826324,21.574251,10,31,0.950000,0.010000,4
4lzs_ligand,4,100,100,200,80400,-1.390486,-1.826324,18.373150,10,31,0.950000,0.010000,5
4lzs_ligand,105,100,100,200,2110500,-0.688740,-1.826324,17.565319,10,31,0.950000,0.010000,6
4lzs_ligand,4,100,100,200,80400,-1.605349,-1.826324,18.031839,10,31,0.950000,0.010000,7
4lzs_ligand,4,100,100,200,80400,-1.078468,-1.826324,18.002069,10,31,0.950000,0.010000,8
4lzs_ligand,4,100,100,200,80400,-1.120673,-1.826324,25.724245,10,31,0.950000,0.010000,9
4ty7_ligand,167,100,100,200,3356700,1.893370,-3.464769,20.896654,20,66,0.800000,0.000100,0
4ty7_ligand,138,100,100,200,2773800,2.123609,-3.464769,18.294701,20,66,0.800000,0.000100,10
4ty7_ligand,154,100,100,200,3095400,-0.063179,-3.464769,26.551430,20,66,0.800000,0.000100,11
4ty7_ligand,180,100,100,200,3618000,1.517005,-3.464769,20.399637,20,66,0.800000,0.000100,12
4ty7_ligand,130,100,100,200,2613000,-0.577768,-3.464769,17.208170,20,66,0.800000,0.000100,13
4ty7_ligand,164,100,100,200,3296400,1.753165,-3.464769,30.164349,20,66,0.800000,0.000100,14
4ty7_ligand,122,100,100,200,2452200,2.193564,-3.464769,22.569952,20,66,0.800000,0.000100,16
4ty7_ligand,320,100,100,200,6432000,-0.081039,-3.464769,10.436756,20,66,0.800000,0.000100,17
4ty7_ligand,130,100,100,200,2613000,2.375747,-3.464769,22.156179,20,66,0.800000,0.000100,18
4ty7_ligand,122,100,100,200,2452200,0.722085,-3.464769,21.688118,20,66,0.800000,0.000100,1
4ty7_ligand,321,100,100,200,6452100,1.399380,-3.464769,12.650991,20,66,0.800000,0.000100,2
4ty7_ligand,118,100,100,200,2371800,1.216550,-3.464769,25.294952,20,66,0.800000,0.000100,3
4ty7_ligand,132,100,100,200,2653200,0.848334,-3.464769,22.456104,20,66,0.800000,0.000100,4
4ty7_ligand,108,100,100,200,2170800,1.812271,-3.464769,19.510370,20,66,0.800000,0.000100,5
4ty7_ligand,82,100,100,200,1648200,0.835461,-3.464769,11.512284,20,66,0.800000,0.000100,6
4ty7_ligand,189,100,100,200,3798900,1.424561,-3.464769,17.297028,20,66,0.800000,0.000100,7
4ty7_ligand,127,100,100,200,2552700,0.532606,-3.464769,22.698652,20,66,0.800000,0.000100,9
4ty7_ligand,90,100,100,200,1809000,0.382353,-3.464769,24.338652,20,66,0.800000,0.010000,0
4ty7_ligand,108,100,100,200,2170800,-0.401479,-3.464769,29.394957,20,66,0.800000,0.010000,10
4ty7_ligand,91,100,100,200,1829100,-0.682483,-3.464769,28.341763,20,66,0.800000,0.010000,11
4ty7_ligand,102,100,100,200,2050200,0.953551,-3.464769,26.046419,20,66,0.800000,0.010000,12
4ty7_ligand,116,100,100,200,2331600,1.578493,-3.464769,12.058259,20,66,0.800000,0.010000,13
4ty7_ligand,172,100,100,200,3457200,0.336103,-3.464769,27.955471,20,66,0.800000,0.010000,14
4ty7_ligand,126,100,100,200,2532600,0.184117,-3.464769,25.745018,20,66,0.800000,0.010000,15
4ty7_ligand,92,100,100,200,1849200,0.530313,-3.464769,24.336145,20,66,0.800000,0.010000,16
4ty7_ligand,72,100,100,200,1447200,0.236415,-3.464769,17.143616,20,66,0.800000,0.010000,17
4ty7_ligand,102,100,100,200,2050200,2.218744,-3.464769,20.969887,20,66,0.800000,0.010000,18
4ty7_ligand,92,100,100,200,1849200,-0.844312,-3.464769,22.561005,20,66,0.800000,0.010000,1
4ty7_ligand,70,100,100,200,1407000,0.165377,-3.464769,24.100191,20,66,0.800000,0.010000,2
4ty7_ligand,117,100,100,200,2351700,-0.810256,-3.464769,18.350542,20,66,0.800000,0.010000,3
4ty7_ligand,54,100,100,200,1085400,1.982498,-3.464769,32.687412,20,66,0.800000,0.010000,4
4ty7_ligand,73,100,100,200,1467300,-0.711527,-3.464769,18.918837,20,66,0.800000,0.010000,5
4ty7_ligand,78,100,100,200,1567800,0.018466,-3.464769,17.264290,20,66,0.800000,0.010000,6
4ty7_ligand,163,100,100,200,3276300,0.856803,-3.464769,19.122587,20,66,0.800000,0.010000,7
4ty7_ligand,126,100,100,200,2532600,-2.098142,-3.464769,20.589956,20,66,0.800000,0.010000,8
4ty7_ligand,149,100,100,200,2994900,-0.790541,-3.464769,20.718845,20,66,0.800000,0.010000,9
4ty7_ligand,123,100,100,200,2472300,1.340390,-3.464769,17.246061,20,66,0.900000,0.000100,0
4ty7_ligand,122,100,100,200,2452200,2.608946,-3.464769,14.091748,20,66,0.900000,0.000100,10
4ty7_ligand,164,100,100,200,3296400,-0.057961,-3.464769,28.269617,20,66,0.900000,0.000100,11
4ty7_ligand,110,100,100,200,2211000,2.621393,-3.464769,18.160313,20,66,0.900000,0.000100,12
4ty7_ligand,134,100,100,200,2693400,-0.796836,-3.464769,17.625828,20,66,0.900000,0.000100,13
4ty7_ligand,248,100,100,200,4984800,1.732709,-3.464769,30.419992,20,66,0.900000,0.000100,14
4ty7_ligand,200,100,100,200,4020000,0.160858,-3.464769,16.188139,20,66,0.900000,0.000100,15
4ty7_ligand,150,100,100,200,3015000,2.330370,-3.464769,22.755417,20,66,0.900000,0.000100,16
4ty7_ligand,94,100,100,200,1889400,-0.449490,-3.464769,5.980927,20,66,0.900000,0.000100,17
4ty7_ligand,210,100,100,200,4221000,1.634971,-3.464769,20.892239,20,66,0.900000,0.000100,18
4ty7_ligand,111,100,100,200,2231100,-0.027989,-3.464769,34.894264,20,66,0.900000,0.000100,19
4ty7_ligand,82,100,100,200,1648200,1.083582,-3.464769,18.780535,20,66,0.900000,0.000100,1
4ty7_ligand,306,100,100,200,6150600,-0.823309,-3.464769,10.733506,20,66,0.900000,0.000100,2
4ty7_ligand,208,100,100,200,4180800,0.900441,-3.464769,27.589426,20,66,0.900000,0.000100,3
4ty7_ligand,100,100,100,200,2010000,-0.270404,-3.464769,21.626499,20,66,0.900000,0.000100,4
4ty7_ligand,86,100,100,200,1728600,1.837363,-3.464769,19.528679,20,66,0.900000,0.000100,5
4ty7_ligand,110,100,100,200,2211000,1.124641,-3.464769,25.504942,20,66,0.900000,0.000100,6
4ty7_ligand,166,100,100,200,3336600,0.962264,-3.464769,24.690516,20,66,0.900000,0.000100,7
4ty7_ligand,270,100,100,200,5427000,0.305347,-3.464769,22.764315,20,66,0.900000,0.000100,8
4ty7_ligand,146,100,100,200,2934600,-0.742905,-3.464769,26.170834,20,66,0.900000,0.000100,9
4ty7_ligand,104,100,100,200,2090400,0.182634,-3.464769,17.669556,20,66,0.900000,0.010000,0
4ty7_ligand,107,100,100,200,2150700,-0.402373,-3.464769,29.422113,20,66,0.900000,0.010000,10
4ty7_ligand,87,100,100,200,1748700,-0.031202,-3.464769,28.375486,20,66,0.900000,0.010000,11
4ty7_ligand,100,100,100,200,2010000,-0.204427,-3.464769,18.553396,20,66,0.900000,0.010000,12
4ty7_ligand,92,100,100,200,1849200,0.487338,-3.464769,29.298304,20,66,0.900000,0.010000,13
4ty7_ligand,131,100,100,200,2633100,-0.210079,-3.464769,26.888811,20,66,0.900000,0.010000,14
4ty7_ligand,152,100,100,200,3055200,0.130552,-3.464769,15.985734,20,66,0.900000,0.010000,15
4ty7_ligand,106,100,100,200,2130600,0.450079,-3.464769,21.438574,20,66,0.900000,0.010000,16
4ty7_ligand,206,100,100,200,4140600,0.281692,-3.464769,17.220778,20,66,0.900000,0.010000,17
4ty7_ligand,112,100,100,200,2251200,0.637758,-3.464769,21.234011,20,66,0.900000,0.010000,18
4ty7_ligand,78,100,100,200,1567800,0.901497,-3.464769,32.601654,20,66,0.900000,0.010000,19
4ty7_ligand,114,100,100,200,2291400,-0.469929,-3.464769,26.585226,20,66,0.900000,0.010000,2
4ty7_ligand,68,100,100,200,1366800,-0.475733,-3.464769,22.621264,20,66,0.900000,0.010000,3
4ty7_ligand,128,100,100,200,2572800,0.445179,-3.464769,21.464769,20,66,0.900000,0.010000,4
4ty7_ligand,122,100,100,200,2452200,-0.398539,-3.464769,19.194906,20,66,0.900000,0.010000,5
4ty7_ligand,126,100,100,200,2532600,-0.220433,-3.464769,27.698528,20,66,0.900000,0.010000,6
4ty7_ligand,84,100,100,200,1688400,2.152755,-3.464769,25.992405,20,66,0.900000,0.010000,7
4ty7_ligand,160,100,100,200,3216000,-0.143593,-3.464769,27.196226,20,66,0.900000,0.010000,8
4ty7_ligand,194,100,100,200,3899400,-0.878016,-3.464769,22.839401,20,66,0.900000,0.010000,9
4ty7_ligand,112,100,100,200,2251200,2.785415,-3.464769,19.033728,20,66,0.950000,0.000100,0
4ty7_ligand,136,100,100,200,2733600,2.103684,-3.464769,18.263901,20,66,0.950000,0.000100,10
4ty7_ligand,502,100,100,200,10090200,1.099314,-3.464769,17.794785,20,66,0.950000,0.000100,11
4ty7_ligand,182,100,100,200,3658200,3.180102,-3.464769,23.743105,20,66,0.950000,0.000100,12
4ty7_ligand,175,100,100,200,3517500,1.301135,-3.464769,29.790628,20,66,0.950000,0.000100,13
4ty7_ligand,88,100,100,200,1768800,0.665042,-3.464769,28.310709,20,66,0.950000,0.000100,14
4ty7_ligand,146,100,100,200,2934600,0.975473,-3.464769,31.758867,20,66,0.950000,0.000100,15
4ty7_ligand,408,100,100,200,8200800,0.799392,-3.464769,18.598188,20,66,0.950000,0.000100,16
4ty7_ligand,400,100,100,200,8040000,0.929230,-3.464769,32.417717,20,66,0.950000,0.000100,17
4ty7_ligand,119,100,100,200,2391900,1.731795,-3.464769,20.907593,20,66,0.950000,0.000100,18
4ty7_ligand,206,100,100,200,4140600,0.209135,-3.464769,35.056522,20,66,0.950000,0.000100,19
4ty7_ligand,103,100,100,200,2070300,1.634807,-3.464769,18.647373,20,66,0.950000,0.000100,1
4ty7_ligand,158,100,100,200,3175800,0.361317,-3.464769,11.801609,20,66,0.950000,0.000100,2
4ty7_ligand,78,100,100,200,1567800,1.895993,-3.464769,27.131376,20,66,0.950000,0.000100,3
4ty7_ligand,126,100,100,200,2532600,0.595279,-3.464769,23.204241,20,66,0.950000,0.000100,5
4ty7_ligand,110,100,100,200,2211000,1.869497,-3.464769,25.542347,20,66,0.950000,0.000100,6
4ty7_ligand,146,100,100,200,2934600,0.964848,-3.464769,24.693695,20,66,0.950000,0.000100,7
4ty7_ligand,102,100,100,200,2050200,-0.347870,-3.464769,27.448915,20,66,0.950000,0.000100,8
4ty7_ligand,162,100,100,200,3256200,0.700813,-3.464769,23.688498,20,66,0.950000,0.000100,9
4ty7_ligand,114,100,100,200,2291400,0.789772,-3.464769,15.122457,20,66,0.950000,0.010000,0
4ty7_ligand,180,100,100,200,3618000,-0.602014,-3.464769,17.265572,20,66,0.950000,0.010000,10
4ty7_ligand,142,100,100,200,2854200,0.635933,-3.464769,30.533716,20,66,0.950000,0.010000,11
4ty7_ligand,140,100,100,200,2814000,-1.239630,-3.464769,20.303230,20,66,0.950000,0.010000,13
4ty7_ligand,120,100,100,200,2412000,0.309710,-3.464769,27.974550,20,66,0.950000,0.010000,14
4ty7_ligand,238,100,100,200,4783800,0.759736,-3.464769,31.675556,20,66,0.950000,0.010000,15
4ty7_ligand,268,100,100,200,5386800,1.696452,-3.464769,28.339064,20,66,0.950000,0.010000,16
4ty7_ligand,208,100,100,200,4180800,-0.635907,-3.464769,21.704500,20,66,0.950000,0.010000,17
4ty7_ligand,200,100,100,200,4020000,1.559748,-3.464769,23.179558,20,66,0.950000,0.010000,18
4ty7_ligand,200,100,100,200,4020000,0.140654,-3.464769,33.967064,20,66,0.950000,0.010000,19
4ty7_ligand,392,100,100,200,7879200,0.049104,-3.464769,8.757515,20,66,0.950000,0.010000,1
4ty7_ligand,116,100,100,200,2331600,0.477677,-3.464769,11.339643,20,66,0.950000,0.010000,2
4ty7_ligand,112,100,100,200,2251200,0.467535,-3.464769,20.059671,20,66,0.950000,0.010000,3
4ty7_ligand,136,100,100,200,2733600,1.363329,-3.464769,24.369316,20,66,0.950000,0.010000,4
4ty7_ligand,272,100,100,200,5467200,-1.412107,-3.464769,20.354458,20,66,0.950000,0.010000,5
4ty7_ligand,224,100,100,200,4502400,0.844898,-3.464769,25.955227,20,66,0.950000,0.010000,6
4ty7_ligand,224,100,100,200,4502400,1.916321,-3.464769,24.730791,20,66,0.950000,0.010000,7
4ty7_ligand,174,100,100,200,3497400,-0.261409,-3.464769,27.425734,20,66,0.950000,0.010000,8
4ty7_ligand,58,100,100,200,1165800,1.946442,-3.464769,17.168518,20,66,0.950000,0.010000,9
