ligand,iteration,standalone_ls_score
1hii_ligand,0,1.32493e+06
1hii_ligand,1,1.10863e+06
1hii_ligand,2,1.09775e+06
1hii_ligand,3,1.11781e+06
1hii_ligand,4,1.09177e+06
1hii_ligand,5,1.07194e+06
1hii_ligand,6,1.05142e+06
1hii_ligand,7,1.07206e+06
1hii_ligand,8,1.01397e+06
1hii_ligand,9,1.04029e+06
1hii_ligand,10,1.03679e+06
1hii_ligand,11,1.01484e+06
1hii_ligand,12,957081
1hii_ligand,13,970835
1hii_ligand,14,928353
1hii_ligand,15,953237
1hii_ligand,16,962468
1hii_ligand,17,928089
1hii_ligand,18,941450
1hii_ligand,19,952537
1hii_ligand,20,870211
1hii_ligand,21,1.00614e+06
1hii_ligand,22,986128
1hii_ligand,23,873583
1hii_ligand,24,1.02602e+06
1hii_ligand,25,832956
1hii_ligand,26,936213
1hii_ligand,27,874127
1hii_ligand,28,908765
1hii_ligand,29,903952
1hii_ligand,30,858230
1hii_ligand,31,607830
1hii_ligand,32,620946
1hii_ligand,33,667885
1hii_ligand,34,585767
1hii_ligand,35,575748
1hii_ligand,36,588462
1hii_ligand,37,626618
1hii_ligand,38,547599
1hii_ligand,39,606976
1hii_ligand,40,573483
1hii_ligand,41,658567
1hii_ligand,42,531438
1hii_ligand,43,566235
1hii_ligand,44,516532
1hii_ligand,45,606166
1hii_ligand,46,539767
1hii_ligand,47,648507
1hii_ligand,48,540625
1hii_ligand,49,620944
1hii_ligand,50,553080
1hii_ligand,51,606604
1hii_ligand,52,546133
1hii_ligand,53,579127
1hii_ligand,54,527638
1hii_ligand,55,526056
1hii_ligand,56,496293
1hii_ligand,57,590880
1hii_ligand,58,487968
1hii_ligand,59,585334
1hii_ligand,60,557313
1hii_ligand,61,650414
1hii_ligand,62,553004
1hii_ligand,63,594043
1hii_ligand,64,569512
1hii_ligand,65,511620
1hii_ligand,66,453157
1hii_ligand,67,572668
1hii_ligand,68,488794
1hii_ligand,69,628123
1hii_ligand,70,555393
1hii_ligand,71,629331
1hii_ligand,72,631588
1hii_ligand,73,531385
1hii_ligand,74,517995
1hii_ligand,75,536568
1hii_ligand,76,528047
1hii_ligand,77,585931
1hii_ligand,78,548089
1hii_ligand,79,583295
1hii_ligand,80,601142
1hii_ligand,81,542541
1hii_ligand,82,570300
1hii_ligand,83,598030
1hii_ligand,84,593224
1hii_ligand,85,614042
1hii_ligand,86,525826
1hii_ligand,87,551147
1hii_ligand,88,560861
1hii_ligand,89,501850
1hii_ligand,90,602820
1hii_ligand,91,578742
1hii_ligand,92,491227
1hii_ligand,93,613130
1hii_ligand,94,609636
1hii_ligand,95,561877
1hii_ligand,96,548674
1hii_ligand,97,492931
1hii_ligand,98,492565
1hii_ligand,99,624268
1hii_ligand,100,526528
1hii_ligand,101,584230
1hii_ligand,102,618508
1hii_ligand,103,534884
1hii_ligand,104,560332
1hii_ligand,105,628774
1hii_ligand,106,613563
1hii_ligand,107,589340
1hii_ligand,108,627370
1hii_ligand,109,519511
1hii_ligand,110,515043
1hii_ligand,111,566153
1hii_ligand,112,600761
1hii_ligand,113,572613
1hii_ligand,114,591639
1hii_ligand,115,655332
1hii_ligand,116,638962
1hii_ligand,117,482285
1hii_ligand,118,464842
1hii_ligand,119,427952
1hii_ligand,120,484713
1hii_ligand,121,573380
1hii_ligand,122,555630
1hii_ligand,123,648945
1hii_ligand,124,471042
1hii_ligand,125,603499
1hii_ligand,126,594810
1hii_ligand,127,552086
1hii_ligand,128,644333
1hii_ligand,129,617038
1hii_ligand,130,478076
1hii_ligand,131,499704
1hii_ligand,132,503505
1hii_ligand,133,603925
1hii_ligand,134,526259
1hii_ligand,135,652909
1hii_ligand,136,443810
1hii_ligand,137,518656
1hii_ligand,138,592370
1hii_ligand,139,624568
1hii_ligand,140,462027
1hii_ligand,141,543127
1hii_ligand,142,503082
1hii_ligand,143,454235
1hii_ligand,144,520872
1hii_ligand,145,478282
1hii_ligand,146,463702
1hii_ligand,147,453570
1hii_ligand,148,484238
1hii_ligand,149,549117
1hii_ligand,150,540543
1hii_ligand,151,542593
1hii_ligand,152,484847
1hii_ligand,153,398510
1hii_ligand,154,440158
1hii_ligand,155,487558
1hii_ligand,156,550622
1hii_ligand,157,506906
1hii_ligand,158,450606
1hii_ligand,159,433928
1hii_ligand,160,522301
1hii_ligand,161,525867
1hii_ligand,162,516930
1hii_ligand,163,433040
1hii_ligand,164,465834
1hii_ligand,165,535408
1hii_ligand,166,507184
1hii_ligand,167,468619
1hii_ligand,168,424839
1hii_ligand,169,638860
1hii_ligand,170,600605
1hii_ligand,171,501736
1hii_ligand,172,462838
1hii_ligand,173,477010
1hii_ligand,174,510842
1hii_ligand,175,444666
1hii_ligand,176,541399
1hii_ligand,177,566915
1hii_ligand,178,585878
1hii_ligand,179,489981
1hii_ligand,180,430874
1hii_ligand,181,424175
1hii_ligand,182,446932
1hii_ligand,183,542734
1hii_ligand,184,547859
1hii_ligand,185,525376
1hii_ligand,186,447344
1hii_ligand,187,391533
1hii_ligand,188,467260
1hii_ligand,189,445659
1hii_ligand,190,508931
1hii_ligand,191,517668
1hii_ligand,192,494635
1hii_ligand,193,382222
1hii_ligand,194,428470
1hii_ligand,195,515877
1hii_ligand,196,448816
1hii_ligand,197,441582
1hii_ligand,198,434854
1hii_ligand,199,574915
1hii_ligand,200,514868
1hii_ligand,201,447257
1hii_ligand,202,399786
1hii_ligand,203,477274
1hii_ligand,204,484825
1hii_ligand,205,511846
1hii_ligand,206,452105
1hii_ligand,207,490127
1hii_ligand,208,510768
1hii_ligand,209,496096
1hii_ligand,210,436833
1hii_ligand,211,477117
1hii_ligand,212,490736
1hii_ligand,213,451353
1hii_ligand,214,565655
1hii_ligand,215,426547
1hii_ligand,216,541436
1hii_ligand,217,472809
1hii_ligand,218,416187
1hii_ligand,219,393226
1hii_ligand,220,424326
1hii_ligand,221,449112
1hii_ligand,222,477420
1hii_ligand,223,465121
1hii_ligand,224,546026
1hii_ligand,225,520631
1hii_ligand,226,405276
1hii_ligand,227,426385
1hii_ligand,228,522859
1hii_ligand,229,467480
1hii_ligand,230,545102
1hii_ligand,231,471073
1hii_ligand,232,469751
1hii_ligand,233,509087
1hii_ligand,234,516356
1hii_ligand,235,471025
1hii_ligand,236,480843
1hii_ligand,237,481841
1hii_ligand,238,502558
1hii_ligand,239,481674
1hii_ligand,240,521000
1hii_ligand,241,431287
1hii_ligand,242,478108
1hii_ligand,243,514518
1hii_ligand,244,453960
1hii_ligand,245,501539
1hii_ligand,246,484475
1hii_ligand,247,748598
1hii_ligand,248,524199
1hii_ligand,249,412427
1hii_ligand,250,380163
1hii_ligand,251,443242
1hii_ligand,252,430830
1hii_ligand,253,547282
1hii_ligand,254,450088
1hii_ligand,255,439792
1hii_ligand,256,460749
1hii_ligand,257,442086
1hii_ligand,258,468828
1hii_ligand,259,528069
1hii_ligand,260,498570
1hii_ligand,261,517106
1hii_ligand,262,427632
1hii_ligand,263,476996
1hii_ligand,264,440441
1hii_ligand,265,501626
1hii_ligand,266,489952
1hii_ligand,267,503532
1hii_ligand,268,510444
1hii_ligand,269,503098
1hii_ligand,270,390364
1hii_ligand,271,383076
1hii_ligand,272,442814
1hii_ligand,273,446575
1hii_ligand,274,650544
1hii_ligand,275,555324
1hii_ligand,276,505434
1hii_ligand,277,444443
1hii_ligand,278,450197
1hii_ligand,279,467044
1hii_ligand,280,520053
1hii_ligand,281,572489
1hii_ligand,282,415586
1hii_ligand,283,407385
1hii_ligand,284,464527
1hii_ligand,285,483197
1hii_ligand,286,500084
1hii_ligand,287,409082
1hii_ligand,288,505546
1hii_ligand,289,462882
1hii_ligand,290,510591
1hii_ligand,291,428440
1hii_ligand,292,498642
1hii_ligand,293,484144
1hii_ligand,294,386676
1hii_ligand,295,447566
1hii_ligand,296,405736
1hii_ligand,297,443487
1hii_ligand,298,454388
1hii_ligand,299,513029
1hii_ligand,300,431900
1hii_ligand,301,429252
1hii_ligand,302,424158
1hii_ligand,303,463219
1hii_ligand,304,474662
1hii_ligand,305,496900
1hii_ligand,306,447308
1hii_ligand,307,465984
1hii_ligand,308,470685
1hii_ligand,309,513330
1hii_ligand,310,418773
1hii_ligand,311,464726
1hii_ligand,312,501193
1hii_ligand,313,542304
1hii_ligand,314,440450
1hii_ligand,315,510649
1hii_ligand,316,449433
1hii_ligand,317,463725
1hii_ligand,318,532714
1hii_ligand,319,528668
1hii_ligand,320,432496
1hii_ligand,321,480315
1hii_ligand,322,490248
1hii_ligand,323,521476
1hii_ligand,324,404493
1hii_ligand,325,393527
1hii_ligand,326,510019
1hii_ligand,327,495685
1hii_ligand,328,530596
1hii_ligand,329,566067
1hii_ligand,330,433104
1hii_ligand,331,512331
1hii_ligand,332,495406
1hii_ligand,333,534307
1hii_ligand,334,439967
1hii_ligand,335,498858
1hii_ligand,336,471829
1hii_ligand,337,532582
1hii_ligand,338,419528
1hii_ligand,339,483867
1hii_ligand,340,483268
1hii_ligand,341,594974
1hii_ligand,342,472041
1hii_ligand,343,388956
1hii_ligand,344,533022
1hii_ligand,345,597950
1hii_ligand,346,473699
1hii_ligand,347,460802
1hii_ligand,348,519014
1hii_ligand,349,593841
1hii_ligand,350,448689
1hii_ligand,351,386118
1hii_ligand,352,622650
1hii_ligand,353,625062
1hii_ligand,354,449369
1hii_ligand,355,425876
1hii_ligand,356,575569
1hii_ligand,357,559910
1hii_ligand,358,413013
1hii_ligand,359,429461
1hii_ligand,360,561243
1hii_ligand,361,483269
1hii_ligand,362,473389
1hii_ligand,363,406237
1hii_ligand,364,598229
1hii_ligand,365,585653
1hii_ligand,366,424063
1hii_ligand,367,435842
1hii_ligand,368,517346
1hii_ligand,369,557425
1hii_ligand,370,473586
1hii_ligand,371,463548
1hii_ligand,372,580524
1hii_ligand,373,523509
1hii_ligand,374,563570
1hii_ligand,375,594478
1hii_ligand,376,513679
1hii_ligand,377,536007
1hii_ligand,378,461005
1hii_ligand,379,462179
1hii_ligand,380,428506
1hii_ligand,381,471352
1hii_ligand,382,556706
1hii_ligand,383,610146
1hii_ligand,384,491840
1hii_ligand,385,446942
1hii_ligand,386,607249
1hii_ligand,387,509207
1hii_ligand,388,613580
1hii_ligand,389,565457
1hii_ligand,390,565406
1hii_ligand,391,437923
1hii_ligand,392,479738
1hii_ligand,393,493780
1hii_ligand,394,454465
1hii_ligand,395,431501
1hii_ligand,396,557386
1hii_ligand,397,485410
1hii_ligand,398,378674
1hii_ligand,399,399119
1hii_ligand,400,545992
1hii_ligand,401,421659
1hii_ligand,402,483825
1hii_ligand,403,509098
1hii_ligand,404,693715
1hii_ligand,405,408012
1hii_ligand,406,408981
1hii_ligand,407,402018
1hii_ligand,408,584098
1hii_ligand,409,406589
1hii_ligand,410,440324
1hii_ligand,411,682454
1hii_ligand,412,395624
1hii_ligand,413,356183
1hii_ligand,414,380321
1hii_ligand,415,382532
1hii_ligand,416,451300
1hii_ligand,417,423240
1hii_ligand,418,479837
1hii_ligand,419,411942
1hii_ligand,420,389764
1hii_ligand,421,344570
1hii_ligand,422,507448
1hii_ligand,423,411985
1hii_ligand,424,590919
1hii_ligand,425,449294
1hii_ligand,426,442913
1hii_ligand,427,427814
1hii_ligand,428,572960
1hii_ligand,429,469993
1hii_ligand,430,343121
1hii_ligand,431,477576
1hii_ligand,432,574726
1hii_ligand,433,479487
1hii_ligand,434,482906
1hii_ligand,435,450405
1hii_ligand,436,389778
1hii_ligand,437,471711
1hii_ligand,438,496252
1hii_ligand,439,475508
1hii_ligand,440,486436
1hii_ligand,441,512736
1hii_ligand,442,481226
1hii_ligand,443,497139
1hii_ligand,444,481816
1hii_ligand,445,498267
1hii_ligand,446,494569
1hii_ligand,447,529599
1hii_ligand,448,525955
1hii_ligand,449,551430
1hii_ligand,450,411247
1hii_ligand,451,388520
1hii_ligand,452,503326
1hii_ligand,453,555607
1hii_ligand,454,444405
1hii_ligand,455,414082
1hii_ligand,456,608384
1hii_ligand,457,518266
1hii_ligand,458,436697
1hii_ligand,459,545890
1hii_ligand,460,564688
1hii_ligand,461,477093
1hii_ligand,462,480025
1hii_ligand,463,416756
1hii_ligand,464,455611
1hii_ligand,465,520449
1hii_ligand,466,475818
1hii_ligand,467,480859
1hii_ligand,468,513500
1hii_ligand,469,436650
1hii_ligand,470,447257
1hii_ligand,471,510404
1hii_ligand,472,424973
1hii_ligand,473,459151
1hii_ligand,474,589242
1hii_ligand,475,470453
1hii_ligand,476,452769
1hii_ligand,477,445871
1hii_ligand,478,562660
1hii_ligand,479,492959
1hii_ligand,480,411770
1hii_ligand,481,395962
1hii_ligand,482,567448
1hii_ligand,483,491731
1hii_ligand,484,527914
1hii_ligand,485,471694
1hii_ligand,486,452341
1hii_ligand,487,491927
1hii_ligand,488,579795
1hii_ligand,489,418975
1hii_ligand,490,453700
1hii_ligand,491,484881
1hii_ligand,492,641749
1hii_ligand,493,465046
1hii_ligand,494,376725
1hii_ligand,495,428074
1hii_ligand,496,403339
1hii_ligand,497,439708
1hii_ligand,498,564705
1hii_ligand,499,529174
1hii_ligand,500,494950
1hii_ligand,501,466684
1hii_ligand,502,529536
1hii_ligand,503,552512
1hii_ligand,504,560902
1hii_ligand,505,447943
1hii_ligand,506,416571
1hii_ligand,507,485566
1hii_ligand,508,587640
1hii_ligand,509,399242
1hii_ligand,510,365131
1hii_ligand,511,378265
1hii_ligand,512,427381
1hii_ligand,513,478712
1hii_ligand,514,459833
1hii_ligand,515,603243
1hii_ligand,516,504452
1hii_ligand,517,409431
1hii_ligand,518,408963
1hii_ligand,519,424961
1hii_ligand,520,407283
1hii_ligand,521,356359
1hii_ligand,522,427387
1hii_ligand,523,453274
1hii_ligand,524,490537
1hii_ligand,525,463850
1hii_ligand,526,494271
1hii_ligand,527,415856
1hii_ligand,528,393777
1hii_ligand,529,580082
1hii_ligand,530,463439
1hii_ligand,531,438882
1hii_ligand,532,483811
1hii_ligand,533,380083
1hii_ligand,534,395764
1hii_ligand,535,565437
1hii_ligand,536,556731
1hii_ligand,537,357764
1hii_ligand,538,413667
1hii_ligand,539,483933
1hii_ligand,540,423544
1hii_ligand,541,444431
1hii_ligand,542,497983
1hii_ligand,543,445016
1hii_ligand,544,474519
1hii_ligand,545,401743
1hii_ligand,546,471868
1hii_ligand,547,492241
1hii_ligand,548,462938
1hii_ligand,549,453630
1hii_ligand,550,462165
1hii_ligand,551,513378
1hii_ligand,552,525214
1hii_ligand,553,333345
1hii_ligand,554,329695
1hii_ligand,555,381499
1hii_ligand,556,377962
1hii_ligand,557,402928
1hii_ligand,558,446358
1hii_ligand,559,494504
1hii_ligand,560,354539
1hii_ligand,561,433436
1hii_ligand,562,485231
1hii_ligand,563,451697
1hii_ligand,564,430397
1hii_ligand,565,391957
1hii_ligand,566,467045
1hii_ligand,567,456177
1hii_ligand,568,411022
1hii_ligand,569,454636
1hii_ligand,570,313516
1hii_ligand,571,337232
1hii_ligand,572,412365
1hii_ligand,573,462830
1hii_ligand,574,315434
1hii_ligand,575,408454
1hii_ligand,576,488428
1hii_ligand,577,439963
1hii_ligand,578,405778
1hii_ligand,579,450808
1hii_ligand,580,305966
1hii_ligand,581,350342
1hii_ligand,582,444820
1hii_ligand,583,419137
1hii_ligand,584,370507
1hii_ligand,585,433011
1hii_ligand,586,420644
1hii_ligand,587,312345
1hii_ligand,588,320781
1hii_ligand,589,312467
1hii_ligand,590,350259
1hii_ligand,591,361932
1hii_ligand,592,391332
1hii_ligand,593,404667
1hii_ligand,594,396059
1hii_ligand,595,328605
1hii_ligand,596,327442
1hii_ligand,597,304310
1hii_ligand,598,341616
1hii_ligand,599,393292
1hii_ligand,600,335260
1hii_ligand,601,293891
1hii_ligand,602,303827
1hii_ligand,603,314828
1hii_ligand,604,305247
1hii_ligand,605,345469
1hii_ligand,606,315836
1hii_ligand,607,347823
1hii_ligand,608,286282
1hii_ligand,609,293283
1hii_ligand,610,291663
1hii_ligand,611,357098
1hii_ligand,612,378527
1hii_ligand,613,383663
1hii_ligand,614,410948
1hii_ligand,615,386251
1hii_ligand,616,372209
1hii_ligand,617,370910
1hii_ligand,618,381855
1hii_ligand,619,374679
1hii_ligand,620,317501
1hii_ligand,621,299246
1hii_ligand,622,282912
1hii_ligand,623,279515
1hii_ligand,624,278430
1hii_ligand,625,315604
1hii_ligand,626,313637
1hii_ligand,627,277630
1hii_ligand,628,316667
1hii_ligand,629,327166
1hii_ligand,630,278283
1hii_ligand,631,279391
1hii_ligand,632,347347
1hii_ligand,633,331667
1hii_ligand,634,381477
1hii_ligand,635,348415
1hii_ligand,636,301589
1hii_ligand,637,301007
1hii_ligand,638,340142
1hii_ligand,639,286169
1hii_ligand,640,277193
1hii_ligand,641,295236
1hii_ligand,642,295212
1hii_ligand,643,297507
1hii_ligand,644,277049
1hii_ligand,645,276185
1hii_ligand,646,279269
1hii_ligand,647,331332
1hii_ligand,648,321259
1hii_ligand,649,319563
1hii_ligand,650,375736
1hii_ligand,651,348043
1hii_ligand,652,314565
1hii_ligand,653,307179
1hii_ligand,654,276281
1hii_ligand,655,273720
1hii_ligand,656,300684
1hii_ligand,657,282413
1hii_ligand,658,340526
1hii_ligand,659,297523
1hii_ligand,660,280477
1hii_ligand,661,295398
1hii_ligand,662,319723
1hii_ligand,663,329249
1hii_ligand,664,349660
1hii_ligand,665,310473
1hii_ligand,666,292193
1hii_ligand,667,330269
1hii_ligand,668,289962
1hii_ligand,669,275401
1hii_ligand,670,279556
1hii_ligand,671,275959
1hii_ligand,672,321511
1hii_ligand,673,282469
1hii_ligand,674,329158
1hii_ligand,675,294075
1hii_ligand,676,282479
1hii_ligand,677,294704
1hii_ligand,678,275107
1hii_ligand,679,273116
1hii_ligand,680,299102
1hii_ligand,681,283787
1hii_ligand,682,376848
1hii_ligand,683,346832
1hii_ligand,684,345726
1hii_ligand,685,343264
1hii_ligand,686,298137
1hii_ligand,687,275780
1hii_ligand,688,309630
1hii_ligand,689,358496
1hii_ligand,690,309293
1hii_ligand,691,288827
1hii_ligand,692,290833
1hii_ligand,693,284618
1hii_ligand,694,317928
1hii_ligand,695,391207
1hii_ligand,696,374327
1hii_ligand,697,330029
1hii_ligand,698,315527
1hii_ligand,699,277450
1hii_ligand,700,278598
1hii_ligand,701,275031
1hii_ligand,702,296262
1hii_ligand,703,274166
1hii_ligand,704,271064
1hii_ligand,705,272603
1hii_ligand,706,309897
1hii_ligand,707,288658
1hii_ligand,708,308473
1hii_ligand,709,304241
1hii_ligand,710,275191
1hii_ligand,711,271659
1hii_ligand,712,271168
1hii_ligand,713,325320
1hii_ligand,714,295842
1hii_ligand,715,319246
1hii_ligand,716,294187
1hii_ligand,717,282236
1hii_ligand,718,312917
1hii_ligand,719,288407
1hii_ligand,720,291589
1hii_ligand,721,402647
1hii_ligand,722,383224
1hii_ligand,723,320893
1hii_ligand,724,337173
1hii_ligand,725,348493
1hii_ligand,726,305434
1hii_ligand,727,272248
1hii_ligand,728,295366
1hii_ligand,729,295622
1hii_ligand,730,313447
1hii_ligand,731,275204
1hii_ligand,732,274163
1hii_ligand,733,270361
1hii_ligand,734,272527
1hii_ligand,735,299909
1hii_ligand,736,300909
1hii_ligand,737,359211
1hii_ligand,738,330061
1hii_ligand,739,292190
1hii_ligand,740,297810
1hii_ligand,741,323186
1hii_ligand,742,296779
1hii_ligand,743,278100
1hii_ligand,744,289818
1hii_ligand,745,272370
1hii_ligand,746,282662
1hii_ligand,747,273183
1hii_ligand,748,313523
1hii_ligand,749,299227
1hii_ligand,750,279020
1hii_ligand,751,309204
1hii_ligand,752,291926
1hii_ligand,753,280847
1hii_ligand,754,325260
1hii_ligand,755,283843
1hii_ligand,756,276716
1hii_ligand,757,277318
1hii_ligand,758,317773
1hii_ligand,759,302465
1hii_ligand,760,285446
1hii_ligand,761,323455
1hii_ligand,762,377681
1hii_ligand,763,353895
1hii_ligand,764,337435
1hii_ligand,765,296679
1hii_ligand,766,283170
1hii_ligand,767,320423
1hii_ligand,768,317237
1hii_ligand,769,332688
1hii_ligand,770,341304
1hii_ligand,771,324457
1hii_ligand,772,302672
1hii_ligand,773,385545
1hii_ligand,774,313475
1hii_ligand,775,349447
1hii_ligand,776,299903
1hii_ligand,777,316405
1hii_ligand,778,280722
1hii_ligand,779,327627
1hii_ligand,780,335994
1hii_ligand,781,332041
1hii_ligand,782,283699
1hii_ligand,783,281563
1hii_ligand,784,284285
1hii_ligand,785,282975
1hii_ligand,786,309013
1hii_ligand,787,279436
1hii_ligand,788,277070
1hii_ligand,789,331601
1hii_ligand,790,274504
1hii_ligand,791,269446
1hii_ligand,792,276029
1hii_ligand,793,307370
1hii_ligand,794,328998
1hii_ligand,795,288283
1hii_ligand,796,280062
1hii_ligand,797,314788
1hii_ligand,798,339452
1hii_ligand,799,327609
1hii_ligand,800,290029
1hii_ligand,801,290429
1hii_ligand,802,284536
1hii_ligand,803,306134
1hii_ligand,804,296392
1hii_ligand,805,368046
1hii_ligand,806,340385
1hii_ligand,807,307201
1hii_ligand,808,362247
1hii_ligand,809,367159
1hii_ligand,810,315494
1hii_ligand,811,311467
1hii_ligand,812,329477
1hii_ligand,813,295294
1hii_ligand,814,280585
1hii_ligand,815,290717
1hii_ligand,816,269131
1hii_ligand,817,295894
1hii_ligand,818,305842
1hii_ligand,819,286157
1hii_ligand,820,313149
1hii_ligand,821,329450
1hii_ligand,822,283829
1hii_ligand,823,278970
1hii_ligand,824,298985
1hii_ligand,825,282116
1hii_ligand,826,305048
1hii_ligand,827,355301
1hii_ligand,828,312227
1hii_ligand,829,315101
1hii_ligand,830,314753
1hii_ligand,831,288793
1hii_ligand,832,274960
1hii_ligand,833,273860
1hii_ligand,834,289726
1hii_ligand,835,273929
1hii_ligand,836,310767
1hii_ligand,837,273048
1hii_ligand,838,268699
1hii_ligand,839,300798
1hii_ligand,840,315041
1hii_ligand,841,279053
1hii_ligand,842,271012
1hii_ligand,843,274076
1hii_ligand,844,332577
1hii_ligand,845,395714
1hii_ligand,846,355868
1hii_ligand,847,295117
1hii_ligand,848,283078
1hii_ligand,849,294397
1hii_ligand,850,279272
1hii_ligand,851,303158
1hii_ligand,852,268012
1hii_ligand,853,278484
1hii_ligand,854,309686
1hii_ligand,855,270732
1hii_ligand,856,267636
1hii_ligand,857,271901
1hii_ligand,858,327996
1hii_ligand,859,277836
1hii_ligand,860,329318
1hii_ligand,861,301581
1hii_ligand,862,283480
1hii_ligand,863,342327
1hii_ligand,864,290138
1hii_ligand,865,274070
1hii_ligand,866,306310
1hii_ligand,867,294706
1hii_ligand,868,339024
1hii_ligand,869,345997
1hii_ligand,870,413505
1hii_ligand,871,357543
1hii_ligand,872,347142
1hii_ligand,873,361482
1hii_ligand,874,289299
1hii_ligand,875,281687
1hii_ligand,876,275742
1hii_ligand,877,283441
1hii_ligand,878,347013
1hii_ligand,879,299846
1hii_ligand,880,284110
1hii_ligand,881,301942
1hii_ligand,882,284102
1hii_ligand,883,298876
1hii_ligand,884,276519
1hii_ligand,885,347289
1hii_ligand,886,291855
1hii_ligand,887,285544
1hii_ligand,888,283227
1hii_ligand,889,319794
1hii_ligand,890,322513
1hii_ligand,891,370488
1hii_ligand,892,300568
1hii_ligand,893,277865
1hii_ligand,894,269616
1hii_ligand,895,275192
1hii_ligand,896,311132
1hii_ligand,897,338312
1hii_ligand,898,275225
1hii_ligand,899,285500
1hii_ligand,900,319043
1hii_ligand,901,275310
1hii_ligand,902,274402
1hii_ligand,903,309648
1hii_ligand,904,321747
1hii_ligand,905,289232
1hii_ligand,906,346707
1hii_ligand,907,312892
1hii_ligand,908,327597
1hii_ligand,909,277544
1hii_ligand,910,269043
1hii_ligand,911,286302
1hii_ligand,912,304247
1hii_ligand,913,365366
1hii_ligand,914,288035
1hii_ligand,915,320501
1hii_ligand,916,313595
1hii_ligand,917,271895
1hii_ligand,918,283200
1hii_ligand,919,282761
1hii_ligand,920,301153
1hii_ligand,921,339824
1hii_ligand,922,318955
1hii_ligand,923,312889
1hii_ligand,924,383362
1hii_ligand,925,323647
1hii_ligand,926,276409
1hii_ligand,927,277334
1hii_ligand,928,291321
1hii_ligand,929,275861
1hii_ligand,930,290601
1hii_ligand,931,332740
1hii_ligand,932,316637
1hii_ligand,933,314181
1hii_ligand,934,294062
1hii_ligand,935,317649
1hii_ligand,936,274645
1hii_ligand,937,283000
1hii_ligand,938,317516
1hii_ligand,939,361621
1hii_ligand,940,393001
1hii_ligand,941,316865
1hii_ligand,942,304994
1hii_ligand,943,312856
1hii_ligand,944,274529
1hii_ligand,945,276094
1hii_ligand,946,270187
1hii_ligand,947,273343
1hii_ligand,948,295686
1hii_ligand,949,301949
1hii_ligand,950,323441
1hii_ligand,951,288765
1hii_ligand,952,275749
1hii_ligand,953,308350
1hii_ligand,954,296043
1hii_ligand,955,323539
1hii_ligand,956,275691
1hii_ligand,957,271610
1hii_ligand,958,293339
1hii_ligand,959,319269
1hii_ligand,960,351344
1hii_ligand,961,305650
1hii_ligand,962,317806
1hii_ligand,963,376416
1hii_ligand,964,307215
1hii_ligand,965,325463
1hii_ligand,966,330833
1hii_ligand,967,313598
1hii_ligand,968,323221
1hii_ligand,969,326960
1hii_ligand,970,287424
1hii_ligand,971,284880
1hii_ligand,972,306648
1hii_ligand,973,292291
1hii_ligand,974,321702
1hii_ligand,975,405351
1hii_ligand,976,417746
1hii_ligand,977,315657
1hii_ligand,978,285415
1hii_ligand,979,271736
1hii_ligand,980,273618
1hii_ligand,981,269882
1hii_ligand,982,276971
1hii_ligand,983,313112
1hii_ligand,984,269034
1hii_ligand,985,287209
1hii_ligand,986,346194
1hii_ligand,987,302750
1hii_ligand,988,285337
1hii_ligand,989,303497
1hii_ligand,990,283596
1hii_ligand,991,301387
1hii_ligand,992,267241
1hii_ligand,993,265653
1hii_ligand,994,266892
1hii_ligand,995,297089
1hii_ligand,996,289933
1hii_ligand,997,276510
1hii_ligand,998,320257
1hii_ligand,999,297439
1hii_ligand,1000,280096
1hii_ligand,1001,318719
1hii_ligand,1002,316922
1hii_ligand,1003,312783
1hii_ligand,1004,414690
1hii_ligand,1005,305515
1hii_ligand,1006,296282
1hii_ligand,1007,281786
1hii_ligand,1008,312860
1hii_ligand,1009,358246
1hii_ligand,1010,377335
1hii_ligand,1011,348837
1hii_ligand,1012,335311
1hii_ligand,1013,340720
1hii_ligand,1014,275486
1hii_ligand,1015,271167
1hii_ligand,1016,272881
1hii_ligand,1017,269226
1hii_ligand,1018,266386
1hii_ligand,1019,275930
1hii_ligand,1020,304626
1hii_ligand,1021,269592
1hii_ligand,1022,266678
1hii_ligand,1023,316130
1hii_ligand,1024,338307
1hii_ligand,1025,358017
1hii_ligand,1026,286420
1hii_ligand,1027,273041
1hii_ligand,1028,276845
1hii_ligand,1029,311644
1hii_ligand,1030,287388
1hii_ligand,1031,282213
1hii_ligand,1032,292412
1hii_ligand,1033,329802
1hii_ligand,1034,291094
1hii_ligand,1035,273050
1hii_ligand,1036,290059
1hii_ligand,1037,270587
1hii_ligand,1038,307968
1hii_ligand,1039,276477
1hii_ligand,1040,269437
1hii_ligand,1041,303638
1hii_ligand,1042,321675
1hii_ligand,1043,359459
1hii_ligand,1044,287810
1hii_ligand,1045,283936
1hii_ligand,1046,277512
1hii_ligand,1047,335225
1hii_ligand,1048,276036
1hii_ligand,1049,271653
1hii_ligand,1050,302794
1hii_ligand,1051,299179
1hii_ligand,1052,280742
1hii_ligand,1053,338977
1hii_ligand,1054,318889
1hii_ligand,1055,303723
1hii_ligand,1056,343975
1hii_ligand,1057,311876
1hii_ligand,1058,411774
1hii_ligand,1059,293026
1hii_ligand,1060,328180
1hii_ligand,1061,302322
1hii_ligand,1062,286000
1hii_ligand,1063,319047
1hii_ligand,1064,371126
1hii_ligand,1065,279551
1hii_ligand,1066,288798
1hii_ligand,1067,304814
1hii_ligand,1068,384656
1hii_ligand,1069,335629
1hii_ligand,1070,320126
1hii_ligand,1071,317872
1hii_ligand,1072,284047
1hii_ligand,1073,280497
1hii_ligand,1074,287339
1hii_ligand,1075,294442
1hii_ligand,1076,357958
1hii_ligand,1077,305560
1hii_ligand,1078,272894
1hii_ligand,1079,264539
1hii_ligand,1080,267171
1hii_ligand,1081,286898
1hii_ligand,1082,313197
1hii_ligand,1083,377602
1hii_ligand,1084,334261
1hii_ligand,1085,309335
1hii_ligand,1086,331055
1hii_ligand,1087,311177
1hii_ligand,1088,310513
1hii_ligand,1089,271635
1hii_ligand,1090,295433
1hii_ligand,1091,379185
1hii_ligand,1092,274892
1hii_ligand,1093,274906
1hii_ligand,1094,279503
1hii_ligand,1095,283775
1hii_ligand,1096,340260
1hii_ligand,1097,292873
1hii_ligand,1098,277129
1hii_ligand,1099,300273
1hii_ligand,1100,273431
1hii_ligand,1101,307809
1hii_ligand,1102,334660
1hii_ligand,1103,311695
1hii_ligand,1104,317633
1hii_ligand,1105,319980
1hii_ligand,1106,309788
1hii_ligand,1107,317222
1hii_ligand,1108,318732
1hii_ligand,1109,275065
1hii_ligand,1110,283241
1hii_ligand,1111,274649
1hii_ligand,1112,347763
1hii_ligand,1113,311314
1hii_ligand,1114,287658
1hii_ligand,1115,309178
1hii_ligand,1116,327050
1hii_ligand,1117,268274
1hii_ligand,1118,265761
1hii_ligand,1119,297636
1hii_ligand,1120,328530
1hii_ligand,1121,345550
1hii_ligand,1122,288022
1hii_ligand,1123,267186
1hii_ligand,1124,271312
1hii_ligand,1125,281190
1hii_ligand,1126,286481
1hii_ligand,1127,311805
1hii_ligand,1128,290181
1hii_ligand,1129,294224
1hii_ligand,1130,384850
1hii_ligand,1131,354581
1hii_ligand,1132,290984
1hii_ligand,1133,268589
1hii_ligand,1134,263441
1hii_ligand,1135,272229
1hii_ligand,1136,309849
1hii_ligand,1137,266947
1hii_ligand,1138,267484
1hii_ligand,1139,283895
1hii_ligand,1140,303718
1hii_ligand,1141,324128
1hii_ligand,1142,286639
1hii_ligand,1143,275246
1hii_ligand,1144,305510
1hii_ligand,1145,297197
1hii_ligand,1146,279709
1hii_ligand,1147,320695
1hii_ligand,1148,274486
1hii_ligand,1149,283682
1hii_ligand,1150,344313
1hii_ligand,1151,357638
1hii_ligand,1152,335007
1hii_ligand,1153,281183
1hii_ligand,1154,284198
1hii_ligand,1155,276188
1hii_ligand,1156,280013
1hii_ligand,1157,284004
1hii_ligand,1158,310649
1hii_ligand,1159,286139
1hii_ligand,1160,292845
1hii_ligand,1161,315366
1hii_ligand,1162,327353
1hii_ligand,1163,359457
1hii_ligand,1164,294913
1hii_ligand,1165,281744
1hii_ligand,1166,287820
1hii_ligand,1167,328722
1hii_ligand,1168,300509
1hii_ligand,1169,292100
1hii_ligand,1170,316985
1hii_ligand,1171,287719
1hii_ligand,1172,304507
1hii_ligand,1173,303142
1hii_ligand,1174,339775
1hii_ligand,1175,291267
1hii_ligand,1176,273719
1hii_ligand,1177,286047
1hii_ligand,1178,303532
1hii_ligand,1179,356189
1hii_ligand,1180,271366
1hii_ligand,1181,295906
1hii_ligand,1182,303535
1hii_ligand,1183,274749
1hii_ligand,1184,271589
1hii_ligand,1185,287318
1hii_ligand,1186,301423
1hii_ligand,1187,335645
1hii_ligand,1188,283756
1hii_ligand,1189,270301
1hii_ligand,1190,293397
1hii_ligand,1191,334597
1hii_ligand,1192,281824
1hii_ligand,1193,273924
1hii_ligand,1194,295120
1hii_ligand,1195,300082
1hii_ligand,1196,333474
1hii_ligand,1197,303776
1hii_ligand,1198,444865
1hii_ligand,1199,330310
1hii_ligand,1200,376368
1hii_ligand,1201,302077
1hii_ligand,1202,313136
1hii_ligand,1203,273969
1hii_ligand,1204,292163
1hii_ligand,1205,269026
1hii_ligand,1206,264715
1hii_ligand,1207,264327
1hii_ligand,1208,287804
1hii_ligand,1209,291305
1hii_ligand,1210,357144
1hii_ligand,1211,290311
1hii_ligand,1212,368099
1hii_ligand,1213,300993
1hii_ligand,1214,268833
1hii_ligand,1215,269348
1hii_ligand,1216,291891
1hii_ligand,1217,272419
1hii_ligand,1218,353566
1hii_ligand,1219,320301
1hii_ligand,1220,366948
1hii_ligand,1221,295750
1hii_ligand,1222,271152
1hii_ligand,1223,268255
1hii_ligand,1224,335555
1hii_ligand,1225,265957
1hii_ligand,1226,272693
1hii_ligand,1227,343984
1hii_ligand,1228,271439
1hii_ligand,1229,308845
1hii_ligand,1230,265281
1hii_ligand,1231,263617
1hii_ligand,1232,261264
1hii_ligand,1233,301191
1hii_ligand,1234,347460
1hii_ligand,1235,350430
1hii_ligand,1236,290344
1hii_ligand,1237,272019
1hii_ligand,1238,267448
1hii_ligand,1239,268751
1hii_ligand,1240,321332
1hii_ligand,1241,305659
1hii_ligand,1242,373334
1hii_ligand,1243,333813
1hii_ligand,1244,295613
1hii_ligand,1245,352150
1hii_ligand,1246,298024
1hii_ligand,1247,334023
1hii_ligand,1248,284789
1hii_ligand,1249,269588
1hii_ligand,1250,298382
1hii_ligand,1251,326194
1hii_ligand,1252,307550
1hii_ligand,1253,352289
1hii_ligand,1254,325854
1hii_ligand,1255,352316
1hii_ligand,1256,292850
1hii_ligand,1257,333146
1hii_ligand,1258,426264
1hii_ligand,1259,358960
1hii_ligand,1260,283227
1hii_ligand,1261,319227
1hii_ligand,1262,273729
1hii_ligand,1263,268670
1hii_ligand,1264,279633
1hii_ligand,1265,292226
1hii_ligand,1266,348931
1hii_ligand,1267,294993
1hii_ligand,1268,269137
1hii_ligand,1269,272353
1hii_ligand,1270,328347
1hii_ligand,1271,314217
1hii_ligand,1272,296592
1hii_ligand,1273,327045
1hii_ligand,1274,277513
1hii_ligand,1275,266213
1hii_ligand,1276,285794
1hii_ligand,1277,296799
1hii_ligand,1278,361960
1hii_ligand,1279,305613
1hii_ligand,1280,275201
1hii_ligand,1281,278067
1hii_ligand,1282,322513
1hii_ligand,1283,310331
1hii_ligand,1284,281703
1hii_ligand,1285,287186
1hii_ligand,1286,270886
1hii_ligand,1287,305133
1hii_ligand,1288,269906
1hii_ligand,1289,271552
1hii_ligand,1290,340719
1hii_ligand,1291,309966
1hii_ligand,1292,294083
1hii_ligand,1293,350088
1hii_ligand,1294,400784
1hii_ligand,1295,301980
1hii_ligand,1296,275710
1hii_ligand,1297,270762
1hii_ligand,1298,288388
1hii_ligand,1299,278417
1hii_ligand,1300,323988
1hii_ligand,1301,324231
1hii_ligand,1302,288786
1hii_ligand,1303,329677
1hii_ligand,1304,321476
1hii_ligand,1305,307235
1hii_ligand,1306,295097
1hii_ligand,1307,372121
1hii_ligand,1308,326813
1hii_ligand,1309,290186
1hii_ligand,1310,357728
1hii_ligand,1311,305521
1hii_ligand,1312,391212
1hii_ligand,1313,283238
1hii_ligand,1314,282678
1hii_ligand,1315,303866
1hii_ligand,1316,381929
1hii_ligand,1317,302660
1hii_ligand,1318,288077
1hii_ligand,1319,287442
1hii_ligand,1320,344499
1hii_ligand,1321,292915
1hii_ligand,1322,329452
1hii_ligand,1323,310881
1hii_ligand,1324,379000
1hii_ligand,1325,309792
1hii_ligand,1326,315050
1hii_ligand,1327,369005
1hii_ligand,1328,322484
1hii_ligand,1329,343229
1hii_ligand,1330,294155
1hii_ligand,1331,291676
1hii_ligand,1332,313460
1hii_ligand,1333,353437
1hii_ligand,1334,273002
1hii_ligand,1335,262257
1hii_ligand,1336,298800
1hii_ligand,1337,337557
1hii_ligand,1338,389113
1hii_ligand,1339,295974
1hii_ligand,1340,272425
1hii_ligand,1341,269866
1hii_ligand,1342,263802
1hii_ligand,1343,266712
1hii_ligand,1344,288952
1hii_ligand,1345,325886
1hii_ligand,1346,376945
1hii_ligand,1347,301083
1hii_ligand,1348,274788
1hii_ligand,1349,284365
1hii_ligand,1350,305715
1hii_ligand,1351,375056
1hii_ligand,1352,291861
1hii_ligand,1353,300972
1hii_ligand,1354,359748
1hii_ligand,1355,304818
1hii_ligand,1356,311828
1hii_ligand,1357,319646
1hii_ligand,1358,270676
1hii_ligand,1359,304497
1hii_ligand,1360,338006
1hii_ligand,1361,271252
1hii_ligand,1362,274450
1hii_ligand,1363,287612
1hii_ligand,1364,311063
1hii_ligand,1365,328629
1hii_ligand,1366,332639
1hii_ligand,1367,377226
1hii_ligand,1368,350943
1hii_ligand,1369,318745
1hii_ligand,1370,296551
1hii_ligand,1371,301487
1hii_ligand,1372,344875
1hii_ligand,1373,274112
1hii_ligand,1374,294938
1hii_ligand,1375,297252
1hii_ligand,1376,366426
1hii_ligand,1377,322013
1hii_ligand,1378,284137
1hii_ligand,1379,282905
1hii_ligand,1380,310434
1hii_ligand,1381,322467
1hii_ligand,1382,282298
1hii_ligand,1383,271599
1hii_ligand,1384,293961
1hii_ligand,1385,343279
1hii_ligand,1386,359078
1hii_ligand,1387,297298
1hii_ligand,1388,288443
1hii_ligand,1389,316041
1hii_ligand,1390,293921
1hii_ligand,1391,310577
1hii_ligand,1392,303372
1hii_ligand,1393,350762
1hii_ligand,1394,300860
1hii_ligand,1395,288151
1hii_ligand,1396,312387
1hii_ligand,1397,360569
1hii_ligand,1398,286882
1hii_ligand,1399,275635
1hii_ligand,1400,314591
1hii_ligand,1401,284725
1hii_ligand,1402,339334
1hii_ligand,1403,294987
1hii_ligand,1404,357490
1hii_ligand,1405,322163
1hii_ligand,1406,416529
1hii_ligand,1407,321681
1hii_ligand,1408,345034
1hii_ligand,1409,281535
1hii_ligand,1410,291750
1hii_ligand,1411,277421
1hii_ligand,1412,360909
1hii_ligand,1413,292708
1hii_ligand,1414,264311
1hii_ligand,1415,330018
1hii_ligand,1416,286001
1hii_ligand,1417,368089
1hii_ligand,1418,309606
1hii_ligand,1419,334649
1hii_ligand,1420,411834
1hii_ligand,1421,343308
1hii_ligand,1422,314176
1hii_ligand,1423,347171
1hii_ligand,1424,299974
1hii_ligand,1425,313902
1hii_ligand,1426,375956
1hii_ligand,1427,318373
1hii_ligand,1428,278199
1hii_ligand,1429,290999
1hii_ligand,1430,330060
1hii_ligand,1431,377950
1hii_ligand,1432,300573
1hii_ligand,1433,290720
1hii_ligand,1434,330214
1hii_ligand,1435,277595
1hii_ligand,1436,296517
1hii_ligand,1437,368466
1hii_ligand,1438,310656
1hii_ligand,1439,283110
1hii_ligand,1440,307885
1hii_ligand,1441,288552
1hii_ligand,1442,296961
1hii_ligand,1443,271445
1hii_ligand,1444,263961
1hii_ligand,1445,278977
1hii_ligand,1446,284199
1hii_ligand,1447,304757
1hii_ligand,1448,370095
1hii_ligand,1449,274707
1hii_ligand,1450,284549
1hii_ligand,1451,286509
1hii_ligand,1452,302783
1hii_ligand,1453,347923
1hii_ligand,1454,323379
1hii_ligand,1455,337056
1hii_ligand,1456,295983
1hii_ligand,1457,342877
1hii_ligand,1458,306821
1hii_ligand,1459,295620
1hii_ligand,1460,350564
1hii_ligand,1461,294155
1hii_ligand,1462,340524
1hii_ligand,1463,293219
1hii_ligand,1464,285818
1hii_ligand,1465,314603
1hii_ligand,1466,358634
1hii_ligand,1467,317194
1hii_ligand,1468,280963
1hii_ligand,1469,308942
1hii_ligand,1470,286723
1hii_ligand,1471,304898
1hii_ligand,1472,261263
1hii_ligand,1473,270882
1hii_ligand,1474,304209
1hii_ligand,1475,269139
1hii_ligand,1476,277075
1hii_ligand,1477,329344
1hii_ligand,1478,280016
1hii_ligand,1479,363781
1hii_ligand,1480,317945
1hii_ligand,1481,353016
1hii_ligand,1482,281334
1hii_ligand,1483,264484
1hii_ligand,1484,272892
1hii_ligand,1485,351143
1hii_ligand,1486,299283
1hii_ligand,1487,267060
1hii_ligand,1488,270261
1hii_ligand,1489,346087
1hii_ligand,1490,298128
1hii_ligand,1491,290553
1hii_ligand,1492,275001
1hii_ligand,1493,284985
1hii_ligand,1494,356254
1hii_ligand,1495,307671
1hii_ligand,1496,287884
1hii_ligand,1497,315143
1hii_ligand,1498,281228
1hii_ligand,1499,309515
1hii_ligand,1500,265102
1hii_ligand,1501,266926
1hii_ligand,1502,364218
1hii_ligand,1503,306290
1hii_ligand,1504,329691
1hii_ligand,1505,283548
1hii_ligand,1506,334209
1hii_ligand,1507,332379
1hii_ligand,1508,393089
1hii_ligand,1509,303385
1hii_ligand,1510,301552
1hii_ligand,1511,355218
1hii_ligand,1512,284489
1hii_ligand,1513,294969
1hii_ligand,1514,336887
1hii_ligand,1515,277251
1hii_ligand,1516,329357
1hii_ligand,1517,279978
1hii_ligand,1518,353034
1hii_ligand,1519,298942
1hii_ligand,1520,286034
1hii_ligand,1521,332218
1hii_ligand,1522,386533
1hii_ligand,1523,317251
1hii_ligand,1524,316461
1hii_ligand,1525,406580
1hii_ligand,1526,301378
1hii_ligand,1527,299872
1hii_ligand,1528,358105
1hii_ligand,1529,302128
1hii_ligand,1530,271056
1hii_ligand,1531,286337
1hii_ligand,1532,332089
1hii_ligand,1533,395714
1hii_ligand,1534,303601
1hii_ligand,1535,306765
1hii_ligand,1536,315684
1hii_ligand,1537,393895
1hii_ligand,1538,312500
1hii_ligand,1539,270982
1hii_ligand,1540,271621
1hii_ligand,1541,303711
1hii_ligand,1542,270144
1hii_ligand,1543,277555
1hii_ligand,1544,312021
1hii_ligand,1545,271598
1hii_ligand,1546,272317
1hii_ligand,1547,283027
1hii_ligand,1548,294997
1hii_ligand,1549,365724
1hii_ligand,1550,312564
1hii_ligand,1551,282655
1hii_ligand,1552,291936
1hii_ligand,1553,306710
1hii_ligand,1554,331160
1hii_ligand,1555,264611
1hii_ligand,1556,270128
1hii_ligand,1557,339217
1hii_ligand,1558,268810
1hii_ligand,1559,303008
1hii_ligand,1560,287642
1hii_ligand,1561,367753
1hii_ligand,1562,315977
1hii_ligand,1563,277116
1hii_ligand,1564,275787
1hii_ligand,1565,314672
1hii_ligand,1566,301289
1hii_ligand,1567,351480
1hii_ligand,1568,284832
1hii_ligand,1569,281787
1hii_ligand,1570,326213
1hii_ligand,1571,295297
1hii_ligand,1572,317063
1hii_ligand,1573,381343
1hii_ligand,1574,319035
1hii_ligand,1575,291298
1hii_ligand,1576,349632
1hii_ligand,1577,282342
1hii_ligand,1578,303554
1hii_ligand,1579,284078
1hii_ligand,1580,285057
1hii_ligand,1581,329029
1hii_ligand,1582,280892
1hii_ligand,1583,277917
1hii_ligand,1584,284451
1hii_ligand,1585,322010
1hii_ligand,1586,292710
1hii_ligand,1587,292995
1hii_ligand,1588,322872
1hii_ligand,1589,297782
1hii_ligand,1590,301429
1hii_ligand,1591,360102
1hii_ligand,1592,294561
1hii_ligand,1593,292476
1hii_ligand,1594,333729
1hii_ligand,1595,307527
1hii_ligand,1596,321160
1hii_ligand,1597,267581
1hii_ligand,1598,274776
1hii_ligand,1599,324673
1hii_ligand,1600,284304
1hii_ligand,1601,337667
1hii_ligand,1602,268935
1hii_ligand,1603,289136
1hii_ligand,1604,285945
1hii_ligand,1605,302092
1hii_ligand,1606,317740
1hii_ligand,1607,286109
1hii_ligand,1608,296172
1hii_ligand,1609,296054
1hii_ligand,1610,342857
1hii_ligand,1611,346233
1hii_ligand,1612,309459
1hii_ligand,1613,350835
1hii_ligand,1614,387194
1hii_ligand,1615,301991
1hii_ligand,1616,291636
1hii_ligand,1617,326198
1hii_ligand,1618,324957
1hii_ligand,1619,298089
1hii_ligand,1620,343350
1hii_ligand,1621,273089
1hii_ligand,1622,266169
1hii_ligand,1623,285322
1hii_ligand,1624,280465
1hii_ligand,1625,336229
1hii_ligand,1626,303453
1hii_ligand,1627,281340
1hii_ligand,1628,261094
1hii_ligand,1629,270008
1hii_ligand,1630,262560
1hii_ligand,1631,289740
1hii_ligand,1632,324760
1hii_ligand,1633,365626
1hii_ligand,1634,319891
1hii_ligand,1635,290072
1hii_ligand,1636,304164
1hii_ligand,1637,385424
1hii_ligand,1638,277293
1hii_ligand,1639,305165
1hii_ligand,1640,302007
1hii_ligand,1641,323951
1hii_ligand,1642,320017
1hii_ligand,1643,272054
1hii_ligand,1644,270124
1hii_ligand,1645,306408
1hii_ligand,1646,321346
1hii_ligand,1647,349823
1hii_ligand,1648,284197
1hii_ligand,1649,271572
1hii_ligand,1650,263779
1hii_ligand,1651,318617
1hii_ligand,1652,306697
1hii_ligand,1653,278481
1hii_ligand,1654,295034
1hii_ligand,1655,294489
1hii_ligand,1656,345022
1hii_ligand,1657,327167
1hii_ligand,1658,347812
1hii_ligand,1659,308942
1hii_ligand,1660,361097
1hii_ligand,1661,267913
1hii_ligand,1662,270693
1hii_ligand,1663,302808
1hii_ligand,1664,279843
1hii_ligand,1665,319176
1hii_ligand,1666,271303
1hii_ligand,1667,300957
1hii_ligand,1668,263656
1hii_ligand,1669,291850
1hii_ligand,1670,284272
1hii_ligand,1671,357551
1hii_ligand,1672,274224
1hii_ligand,1673,270578
1hii_ligand,1674,333054
1hii_ligand,1675,334965
1hii_ligand,1676,388435
1hii_ligand,1677,305741
1hii_ligand,1678,293817
1hii_ligand,1679,291810
1hii_ligand,1680,279188
1hii_ligand,1681,332055
1hii_ligand,1682,269140
1hii_ligand,1683,305792
1hii_ligand,1684,302081
1hii_ligand,1685,366458
1hii_ligand,1686,332995
1hii_ligand,1687,297854
1hii_ligand,1688,331981
1hii_ligand,1689,268997
1hii_ligand,1690,279737
1hii_ligand,1691,298478
1hii_ligand,1692,389565
1hii_ligand,1693,297447
1hii_ligand,1694,283917
1hii_ligand,1695,305210
1hii_ligand,1696,351573
1hii_ligand,1697,387364
1hii_ligand,1698,305898
1hii_ligand,1699,292902
1hii_ligand,1700,335226
1hii_ligand,1701,265855
1hii_ligand,1702,266862
1hii_ligand,1703,297557
1hii_ligand,1704,295522
1hii_ligand,1705,339500
1hii_ligand,1706,283685
1hii_ligand,1707,265388
1hii_ligand,1708,269468
1hii_ligand,1709,298674
1hii_ligand,1710,281862
1hii_ligand,1711,267968
1hii_ligand,1712,266770
1hii_ligand,1713,328567
1hii_ligand,1714,273467
1hii_ligand,1715,278125
1hii_ligand,1716,301713
1hii_ligand,1717,369215
1hii_ligand,1718,282232
1hii_ligand,1719,293876
1hii_ligand,1720,291654
1hii_ligand,1721,321899
1hii_ligand,1722,284978
1hii_ligand,1723,266875
1hii_ligand,1724,269432
1hii_ligand,1725,318367
1hii_ligand,1726,333548
1hii_ligand,1727,283835
1hii_ligand,1728,263668
1hii_ligand,1729,272824
1hii_ligand,1730,349925
1hii_ligand,1731,265468
1hii_ligand,1732,275874
1hii_ligand,1733,276733
1hii_ligand,1734,285883
1hii_ligand,1735,314169
1hii_ligand,1736,291614
1hii_ligand,1737,372260
1hii_ligand,1738,301773
1hii_ligand,1739,277766
1hii_ligand,1740,268100
1hii_ligand,1741,306227
1hii_ligand,1742,368562
1hii_ligand,1743,270502
1hii_ligand,1744,278062
1hii_ligand,1745,310085
1hii_ligand,1746,314550
1hii_ligand,1747,345342
1hii_ligand,1748,292887
1hii_ligand,1749,262949
1hii_ligand,1750,265117
1hii_ligand,1751,317118
1hii_ligand,1752,311384
1hii_ligand,1753,365329
1hii_ligand,1754,293592
1hii_ligand,1755,288949
1hii_ligand,1756,340596
1hii_ligand,1757,397352
1hii_ligand,1758,303113
1hii_ligand,1759,268455
1hii_ligand,1760,265204
1hii_ligand,1761,313690
1hii_ligand,1762,270011
1hii_ligand,1763,284733
1hii_ligand,1764,284393
1hii_ligand,1765,340605
1hii_ligand,1766,320752
1hii_ligand,1767,346602
1hii_ligand,1768,301637
1hii_ligand,1769,317288
1hii_ligand,1770,287589
1hii_ligand,1771,340952
1hii_ligand,1772,274478
1hii_ligand,1773,310482
1hii_ligand,1774,324426
1hii_ligand,1775,283307
1hii_ligand,1776,342839
1hii_ligand,1777,319719
1hii_ligand,1778,355640
1hii_ligand,1779,292773
1hii_ligand,1780,303516
1hii_ligand,1781,267062
1hii_ligand,1782,355713
1hii_ligand,1783,306884
1hii_ligand,1784,360862
1hii_ligand,1785,309364
1hii_ligand,1786,350667
1hii_ligand,1787,269187
1hii_ligand,1788,283113
1hii_ligand,1789,300215
1hii_ligand,1790,363979
1hii_ligand,1791,278259
1hii_ligand,1792,281940
1hii_ligand,1793,351710
1hii_ligand,1794,290357
1hii_ligand,1795,317982
1hii_ligand,1796,412697
1hii_ligand,1797,334492
1hii_ligand,1798,276083
1hii_ligand,1799,288937
1hii_ligand,1800,351662
1hii_ligand,1801,291616
1hii_ligand,1802,310792
1hii_ligand,1803,334754
1hii_ligand,1804,285677
1hii_ligand,1805,307680
1hii_ligand,1806,277588
1hii_ligand,1807,313098
1hii_ligand,1808,280656
1hii_ligand,1809,326394
1hii_ligand,1810,317921
1hii_ligand,1811,372359
1hii_ligand,1812,307392
1hii_ligand,1813,297743
1hii_ligand,1814,348214
1hii_ligand,1815,274646
1hii_ligand,1816,279876
1hii_ligand,1817,385794
1hii_ligand,1818,300697
1hii_ligand,1819,301073
1hii_ligand,1820,289742
1hii_ligand,1821,329112
1hii_ligand,1822,339309
1hii_ligand,1823,284352
1hii_ligand,1824,313568
1hii_ligand,1825,334038
1hii_ligand,1826,365895
1hii_ligand,1827,299928
1hii_ligand,1828,282219
1hii_ligand,1829,280144
1hii_ligand,1830,310309
1hii_ligand,1831,309080
1hii_ligand,1832,350432
1hii_ligand,1833,318106
1hii_ligand,1834,305151
1hii_ligand,1835,346038
1hii_ligand,1836,279847
1hii_ligand,1837,282784
1hii_ligand,1838,294921
1hii_ligand,1839,364319
1hii_ligand,1840,302234
1hii_ligand,1841,290229
1hii_ligand,1842,312303
1hii_ligand,1843,273034
1hii_ligand,1844,283326
1hii_ligand,1845,355120
1hii_ligand,1846,328416
1hii_ligand,1847,262511
1hii_ligand,1848,273966
1hii_ligand,1849,338143
1hii_ligand,1850,266545
1hii_ligand,1851,282128
1hii_ligand,1852,309066
1hii_ligand,1853,368425
1hii_ligand,1854,285489
1hii_ligand,1855,284821
1hii_ligand,1856,296515
1hii_ligand,1857,335587
1hii_ligand,1858,286014
1hii_ligand,1859,331392
1hii_ligand,1860,269409
1hii_ligand,1861,348247
1hii_ligand,1862,271011
1hii_ligand,1863,278026
1hii_ligand,1864,319925
1hii_ligand,1865,307708
1hii_ligand,1866,332254
1hii_ligand,1867,285229
1hii_ligand,1868,320302
1hii_ligand,1869,313511
1hii_ligand,1870,354687
1hii_ligand,1871,272626
1hii_ligand,1872,271532
1hii_ligand,1873,299602
1hii_ligand,1874,344404
1hii_ligand,1875,315261
1hii_ligand,1876,394978
1hii_ligand,1877,309866
1hii_ligand,1878,393014
1hii_ligand,1879,308441
1hii_ligand,1880,282258
1hii_ligand,1881,284433
1hii_ligand,1882,289551
1hii_ligand,1883,292864
1hii_ligand,1884,341226
1hii_ligand,1885,281860
1hii_ligand,1886,287331
1hii_ligand,1887,284863
1hii_ligand,1888,287906
1hii_ligand,1889,343693
1hii_ligand,1890,282006
1hii_ligand,1891,289195
1hii_ligand,1892,336529
1hii_ligand,1893,275095
1hii_ligand,1894,298185
1hii_ligand,1895,339199
1hii_ligand,1896,291548
1hii_ligand,1897,309453
1hii_ligand,1898,299384
1hii_ligand,1899,276086
1hii_ligand,1900,296509
1hii_ligand,1901,398971
1hii_ligand,1902,268930
1hii_ligand,1903,272783
1hii_ligand,1904,287697
1hii_ligand,1905,298600
1hii_ligand,1906,365289
1hii_ligand,1907,285520
1hii_ligand,1908,263951
1hii_ligand,1909,259575
1hii_ligand,1910,293919
1hii_ligand,1911,272946
1hii_ligand,1912,311702
1hii_ligand,1913,271129
1hii_ligand,1914,354122
1hii_ligand,1915,270599
1hii_ligand,1916,305415
1hii_ligand,1917,268674
1hii_ligand,1918,274282
1hii_ligand,1919,316331
1hii_ligand,1920,291847
1hii_ligand,1921,340248
1hii_ligand,1922,295019
1hii_ligand,1923,342332
1hii_ligand,1924,278407
1hii_ligand,1925,316872
1hii_ligand,1926,277507
1hii_ligand,1927,342882
1hii_ligand,1928,293257
1hii_ligand,1929,331409
1hii_ligand,1930,312798
1hii_ligand,1931,323892
1hii_ligand,1932,313177
1hii_ligand,1933,370870
1hii_ligand,1934,307426
1hii_ligand,1935,273473
1hii_ligand,1936,290520
1hii_ligand,1937,285978
1hii_ligand,1938,345170
1hii_ligand,1939,352099
1hii_ligand,1940,403866
1hii_ligand,1941,336985
1hii_ligand,1942,314301
1hii_ligand,1943,360554
1hii_ligand,1944,297173
1hii_ligand,1945,278574
1hii_ligand,1946,292541
1hii_ligand,1947,327482
1hii_ligand,1948,369168
1hii_ligand,1949,288690
1hii_ligand,1950,310842
1hii_ligand,1951,290574
1hii_ligand,1952,335842
1hii_ligand,1953,294693
1hii_ligand,1954,289535
1hii_ligand,1955,275510
1hii_ligand,1956,315290
1hii_ligand,1957,300166
1hii_ligand,1958,344422
1hii_ligand,1959,299275
1hii_ligand,1960,315476
1hii_ligand,1961,269471
1hii_ligand,1962,296330
1hii_ligand,1963,302618
1hii_ligand,1964,360780
1hii_ligand,1965,310372
1hii_ligand,1966,412143
1hii_ligand,1967,346764
1hii_ligand,1968,346326
1hii_ligand,1969,387159
1hii_ligand,1970,346532
1hii_ligand,1971,305383
1hii_ligand,1972,367248
1hii_ligand,1973,318748
1hii_ligand,1974,284672
1hii_ligand,1975,303817
1hii_ligand,1976,342838
1hii_ligand,1977,302001
1hii_ligand,1978,264650
1hii_ligand,1979,286176
1hii_ligand,1980,328195
1hii_ligand,1981,341141
1hii_ligand,1982,309397
1hii_ligand,1983,289725
1hii_ligand,1984,266737
1hii_ligand,1985,255064
1hii_ligand,1986,271832
1hii_ligand,1987,319327
1hii_ligand,1988,328359
1hii_ligand,1989,291632
1hii_ligand,1990,254849
1hii_ligand,1991,277892
1hii_ligand,1992,262257
1hii_ligand,1993,293406
1hii_ligand,1994,305768
1hii_ligand,1995,264101
1hii_ligand,1996,251410
1hii_ligand,1997,249584
1hii_ligand,1998,276139
1hii_ligand,1999,308456
1hii_ligand,2000,345688
1hii_ligand,2001,299836
1hii_ligand,2002,378579
1hii_ligand,2003,286344
1hii_ligand,2004,277213
1hii_ligand,2005,256939
1hii_ligand,2006,294008
1hii_ligand,2007,286673
1hii_ligand,2008,284731
1hii_ligand,2009,276687
1hii_ligand,2010,305394
1hii_ligand,2011,327589
1hii_ligand,2012,285748
1hii_ligand,2013,273936
1hii_ligand,2014,283398
1hii_ligand,2015,293458
1hii_ligand,2016,263899
1hii_ligand,2017,262026
1hii_ligand,2018,257521
1hii_ligand,2019,296328
1hii_ligand,2020,296019
1hii_ligand,2021,301191
1hii_ligand,2022,284633
1hii_ligand,2023,322352
1hii_ligand,2024,305122
1hii_ligand,2025,410021
1hii_ligand,2026,341991
1hii_ligand,2027,306662
1hii_ligand,2028,292131
1hii_ligand,2029,338347
1hii_ligand,2030,343701
1hii_ligand,2031,361434
1hii_ligand,2032,341025
1hii_ligand,2033,290464
1hii_ligand,2034,386535
1hii_ligand,2035,362315
1hii_ligand,2036,308347
1hii_ligand,2037,298569
1hii_ligand,2038,264709
1hii_ligand,2039,279448
1hii_ligand,2040,258595
1hii_ligand,2041,279386
1hii_ligand,2042,277486
1hii_ligand,2043,328380
1hii_ligand,2044,397219
1hii_ligand,2045,322049
1hii_ligand,2046,287963
1hii_ligand,2047,280659
1hii_ligand,2048,260430
1hii_ligand,2049,257816
1hii_ligand,2050,279694
1hii_ligand,2051,329104
1hii_ligand,2052,277109
1hii_ligand,2053,300316
1hii_ligand,2054,283253
1hii_ligand,2055,301654
1hii_ligand,2056,298810
1hii_ligand,2057,330642
1hii_ligand,2058,305110
1hii_ligand,2059,320084
1hii_ligand,2060,339253
1hii_ligand,2061,352316
1hii_ligand,2062,301070
1hii_ligand,2063,304283
1hii_ligand,2064,329431
1hii_ligand,2065,341255
1hii_ligand,2066,347927
1hii_ligand,2067,331168
1hii_ligand,2068,307896
1hii_ligand,2069,311469
1hii_ligand,2070,396207
1hii_ligand,2071,343031
1hii_ligand,2072,290110
1hii_ligand,2073,354739
1hii_ligand,2074,355693
1hii_ligand,2075,331785
1hii_ligand,2076,293988
1hii_ligand,2077,277963
1hii_ligand,2078,273798
1hii_ligand,2079,290051
1hii_ligand,2080,298814
1hii_ligand,2081,338289
1hii_ligand,2082,393457
1hii_ligand,2083,325044
1hii_ligand,2084,327972
1hii_ligand,2085,385027
1hii_ligand,2086,392048
1hii_ligand,2087,303037
1hii_ligand,2088,286899
1hii_ligand,2089,305662
1hii_ligand,2090,283789
1hii_ligand,2091,288967
1hii_ligand,2092,331692
1hii_ligand,2093,402502
1hii_ligand,2094,281651
1hii_ligand,2095,283190
1hii_ligand,2096,312379
1hii_ligand,2097,352144
1hii_ligand,2098,294499
1hii_ligand,2099,317602
1hii_ligand,2100,334984
1hii_ligand,2101,356189
1hii_ligand,2102,277987
1hii_ligand,2103,285333
1hii_ligand,2104,341115
1hii_ligand,2105,404970
1hii_ligand,2106,333384
1hii_ligand,2107,331373
1hii_ligand,2108,326898
1hii_ligand,2109,316398
1hii_ligand,2110,289948
1hii_ligand,2111,282549
1hii_ligand,2112,294074
1hii_ligand,2113,324799
1hii_ligand,2114,279512
1hii_ligand,2115,289119
1hii_ligand,2116,289748
1hii_ligand,2117,350161
1hii_ligand,2118,277752
1hii_ligand,2119,305604
1hii_ligand,2120,287244
1hii_ligand,2121,343221
1hii_ligand,2122,277455
1hii_ligand,2123,325782
1hii_ligand,2124,316573
1hii_ligand,2125,335145
1hii_ligand,2126,348383
1hii_ligand,2127,404710
1hii_ligand,2128,313564
1hii_ligand,2129,344610
1hii_ligand,2130,391731
1hii_ligand,2131,320355
1hii_ligand,2132,302821
1hii_ligand,2133,369961
1hii_ligand,2134,293648
1hii_ligand,2135,281455
1hii_ligand,2136,366241
1hii_ligand,2137,366671
1hii_ligand,2138,311132
1hii_ligand,2139,284246
1hii_ligand,2140,323536
1hii_ligand,2141,316361
1hii_ligand,2142,364009
1hii_ligand,2143,270684
1hii_ligand,2144,292110
1hii_ligand,2145,302353
1hii_ligand,2146,315239
1hii_ligand,2147,355019
1hii_ligand,2148,277310
1hii_ligand,2149,302762
1hii_ligand,2150,277723
1hii_ligand,2151,358415
1hii_ligand,2152,286194
1hii_ligand,2153,285355
1hii_ligand,2154,323470
1hii_ligand,2155,382850
1hii_ligand,2156,305765
1hii_ligand,2157,313340
1hii_ligand,2158,360445
1hii_ligand,2159,284703
1hii_ligand,2160,267925
1hii_ligand,2161,284339
1hii_ligand,2162,287554
1hii_ligand,2163,344886
1hii_ligand,2164,262561
1hii_ligand,2165,260689
1hii_ligand,2166,265347
1hii_ligand,2167,261681
1hii_ligand,2168,300563
1hii_ligand,2169,368827
1hii_ligand,2170,367305
1hii_ligand,2171,273731
1hii_ligand,2172,265185
1hii_ligand,2173,262247
1hii_ligand,2174,277901
1hii_ligand,2175,293355
1hii_ligand,2176,342185
1hii_ligand,2177,300372
1hii_ligand,2178,319020
1hii_ligand,2179,309498
1hii_ligand,2180,375692
1hii_ligand,2181,271643
1hii_ligand,2182,312745
1hii_ligand,2183,266747
1hii_ligand,2184,347665
1hii_ligand,2185,303558
1hii_ligand,2186,333955
1hii_ligand,2187,320294
1hii_ligand,2188,390104
1hii_ligand,2189,285478
1hii_ligand,2190,294401
1hii_ligand,2191,369864
1hii_ligand,2192,275593
1hii_ligand,2193,285807
1hii_ligand,2194,305881
1hii_ligand,2195,358564
1hii_ligand,2196,283457
1hii_ligand,2197,278054
1hii_ligand,2198,272932
1hii_ligand,2199,352693
1hii_ligand,2200,279822
1hii_ligand,2201,286662
1hii_ligand,2202,331227
1hii_ligand,2203,397601
1hii_ligand,2204,306344
1hii_ligand,2205,293239
1hii_ligand,2206,333595
1hii_ligand,2207,279205
1hii_ligand,2208,286918
1hii_ligand,2209,303924
1hii_ligand,2210,399413
1hii_ligand,2211,321540
1hii_ligand,2212,334685
1hii_ligand,2213,296449
1hii_ligand,2214,350931
1hii_ligand,2215,278979
1hii_ligand,2216,286323
1hii_ligand,2217,298999
1hii_ligand,2218,320559
1hii_ligand,2219,304049
1hii_ligand,2220,372206
1hii_ligand,2221,275969
1hii_ligand,2222,288311
1hii_ligand,2223,331212
1hii_ligand,2224,387590
1hii_ligand,2225,295353
1hii_ligand,2226,303209
1hii_ligand,2227,352668
1hii_ligand,2228,270193
1hii_ligand,2229,284810
1hii_ligand,2230,348411
1hii_ligand,2231,381347
1hii_ligand,2232,279344
1hii_ligand,2233,275964
1hii_ligand,2234,266656
1hii_ligand,2235,317446
1hii_ligand,2236,335939
1hii_ligand,2237,275301
1hii_ligand,2238,334948
1hii_ligand,2239,301310
1hii_ligand,2240,375457
1hii_ligand,2241,296762
1hii_ligand,2242,297438
1hii_ligand,2243,341953
1hii_ligand,2244,371807
1hii_ligand,2245,282342
1hii_ligand,2246,286846
1hii_ligand,2247,289440
1hii_ligand,2248,341381
1hii_ligand,2249,267730
1hii_ligand,2250,286663
1hii_ligand,2251,303212
1hii_ligand,2252,350456
1hii_ligand,2253,262023
1hii_ligand,2254,301041
1hii_ligand,2255,303794
1hii_ligand,2256,340046
1hii_ligand,2257,291609
1hii_ligand,2258,344700
1hii_ligand,2259,298215
1hii_ligand,2260,372273
1hii_ligand,2261,290994
1hii_ligand,2262,320919
1hii_ligand,2263,301052
1hii_ligand,2264,354554
1hii_ligand,2265,263158
1hii_ligand,2266,277755
1hii_ligand,2267,299884
1hii_ligand,2268,394438
1hii_ligand,2269,271588
1hii_ligand,2270,280734
1hii_ligand,2271,385291
1hii_ligand,2272,295486
1hii_ligand,2273,289753
1hii_ligand,2274,355337
1hii_ligand,2275,381166
1hii_ligand,2276,281367
1hii_ligand,2277,293300
1hii_ligand,2278,327156
1hii_ligand,2279,304449
1hii_ligand,2280,312595
1hii_ligand,2281,337357
1hii_ligand,2282,394584
1hii_ligand,2283,281060
1hii_ligand,2284,336601
1hii_ligand,2285,353162
1hii_ligand,2286,289281
1hii_ligand,2287,304327
1hii_ligand,2288,323024
1hii_ligand,2289,379194
1hii_ligand,2290,267438
1hii_ligand,2291,293314
1hii_ligand,2292,336195
1hii_ligand,2293,393007
1hii_ligand,2294,306001
1hii_ligand,2295,309719
1hii_ligand,2296,293958
1hii_ligand,2297,357410
1hii_ligand,2298,286963
1hii_ligand,2299,304016
1hii_ligand,2300,291146
1hii_ligand,2301,326433
1hii_ligand,2302,288523
1hii_ligand,2303,327084
1hii_ligand,2304,361207
1hii_ligand,2305,407769
1hii_ligand,2306,302467
1hii_ligand,2307,454256
1hii_ligand,2308,414447
1hii_ligand,2309,305394
1hii_ligand,2310,289045
1hii_ligand,2311,307216
1hii_ligand,2312,308909
1hii_ligand,2313,332678
1hii_ligand,2314,273350
1hii_ligand,2315,312244
1hii_ligand,2316,301728
1hii_ligand,2317,382950
1hii_ligand,2318,277554
1hii_ligand,2319,303322
1hii_ligand,2320,305151
1hii_ligand,2321,307058
1hii_ligand,2322,379064
1hii_ligand,2323,259333
1hii_ligand,2324,276323
1hii_ligand,2325,313772
1hii_ligand,2326,291077
1hii_ligand,2327,361107
1hii_ligand,2328,274212
1hii_ligand,2329,298479
1hii_ligand,2330,299358
1hii_ligand,2331,388812
1hii_ligand,2332,295232
1hii_ligand,2333,304286
1hii_ligand,2334,334722
1hii_ligand,2335,397615
1hii_ligand,2336,334243
1hii_ligand,2337,335076
1hii_ligand,2338,357082
1hii_ligand,2339,284908
1hii_ligand,2340,267998
1hii_ligand,2341,302321
1hii_ligand,2342,369578
1hii_ligand,2343,286600
1hii_ligand,2344,330289
1hii_ligand,2345,379378
1hii_ligand,2346,268841
1hii_ligand,2347,326564
1hii_ligand,2348,360330
1hii_ligand,2349,273817
1hii_ligand,2350,278053
1hii_ligand,2351,350873
1hii_ligand,2352,266538
1hii_ligand,2353,314273
1hii_ligand,2354,309975
1hii_ligand,2355,416427
1hii_ligand,2356,341129
1hii_ligand,2357,323554
1hii_ligand,2358,316066
1hii_ligand,2359,290620
1hii_ligand,2360,348911
1hii_ligand,2361,273833
1hii_ligand,2362,284193
1hii_ligand,2363,284498
1hii_ligand,2364,358897
1hii_ligand,2365,294518
1hii_ligand,2366,315196
1hii_ligand,2367,310037
1hii_ligand,2368,351597
1hii_ligand,2369,279536
1hii_ligand,2370,331221
1hii_ligand,2371,359000
1hii_ligand,2372,401822
1hii_ligand,2373,314873
1hii_ligand,2374,322250
1hii_ligand,2375,325705
1hii_ligand,2376,297283
1hii_ligand,2377,356332
1hii_ligand,2378,286206
1hii_ligand,2379,301202
1hii_ligand,2380,345864
1hii_ligand,2381,364802
1hii_ligand,2382,282666
1hii_ligand,2383,272078
1hii_ligand,2384,314181
1hii_ligand,2385,325669
1hii_ligand,2386,393981
1hii_ligand,2387,305491
1hii_ligand,2388,273269
1hii_ligand,2389,281048
1hii_ligand,2390,290565
1hii_ligand,2391,371746
1hii_ligand,2392,298902
1hii_ligand,2393,270371
1hii_ligand,2394,340537
1hii_ligand,2395,285893
1hii_ligand,2396,313035
1hii_ligand,2397,298987
1hii_ligand,2398,400054
1hii_ligand,2399,283836
1hii_ligand,2400,300732
1hii_ligand,2401,365481
1hii_ligand,2402,290266
1hii_ligand,2403,261624
1hii_ligand,2404,266360
1hii_ligand,2405,306666
1hii_ligand,2406,315668
1hii_ligand,2407,334628
1hii_ligand,2408,294934
1hii_ligand,2409,378835
1hii_ligand,2410,274720
1hii_ligand,2411,271885
1hii_ligand,2412,295412
1hii_ligand,2413,322218
1hii_ligand,2414,404101
1hii_ligand,2415,270185
1hii_ligand,2416,285371
1hii_ligand,2417,288011
1hii_ligand,2418,362528
1hii_ligand,2419,306600
1hii_ligand,2420,271051
1hii_ligand,2421,301228
1hii_ligand,2422,298513
1hii_ligand,2423,308102
1hii_ligand,2424,371870
1hii_ligand,2425,293944
1hii_ligand,2426,344291
1hii_ligand,2427,358467
1hii_ligand,2428,374909
1hii_ligand,2429,301300
1hii_ligand,2430,327699
1hii_ligand,2431,313426
1hii_ligand,2432,370290
1hii_ligand,2433,304976
1hii_ligand,2434,362519
1hii_ligand,2435,326547
1hii_ligand,2436,341783
1hii_ligand,2437,414603
1hii_ligand,2438,341850
1hii_ligand,2439,335968
1hii_ligand,2440,389498
1hii_ligand,2441,327111
1hii_ligand,2442,377530
1hii_ligand,2443,311401
1hii_ligand,2444,290704
1hii_ligand,2445,316532
1hii_ligand,2446,279998
1hii_ligand,2447,312209
1hii_ligand,2448,294914
1hii_ligand,2449,380891
1hii_ligand,2450,314291
1hii_ligand,2451,273708
1hii_ligand,2452,299962
1hii_ligand,2453,352516
1hii_ligand,2454,360766
1hii_ligand,2455,274697
1hii_ligand,2456,272439
1hii_ligand,2457,278825
1hii_ligand,2458,346503
1hii_ligand,2459,300132
1hii_ligand,2460,356657
1hii_ligand,2461,297115
1hii_ligand,2462,301318
1hii_ligand,2463,302098
1hii_ligand,2464,367812
1hii_ligand,2465,295827
1hii_ligand,2466,285996
1hii_ligand,2467,323896
1hii_ligand,2468,304968
1hii_ligand,2469,368200
1hii_ligand,2470,305767
1hii_ligand,2471,366991
1hii_ligand,2472,292306
1hii_ligand,2473,336920
1hii_ligand,2474,310530
1hii_ligand,2475,318055
1hii_ligand,2476,305396
1hii_ligand,2477,373431
1hii_ligand,2478,300887
1hii_ligand,2479,315802
1hii_ligand,2480,394682
1hii_ligand,2481,309934
1hii_ligand,2482,321581
1hii_ligand,2483,382548
1hii_ligand,2484,306392
1hii_ligand,2485,292073
1hii_ligand,2486,328773
1hii_ligand,2487,309528
1hii_ligand,2488,330790
1hii_ligand,2489,317420
1hii_ligand,2490,379538
1hii_ligand,2491,291522
1hii_ligand,2492,303620
1hii_ligand,2493,310662
1hii_ligand,2494,418960
1hii_ligand,2495,336451
1hii_ligand,2496,305776
1hii_ligand,2497,373686
1hii_ligand,2498,311837
1hii_ligand,2499,275887
1hii_ligand,2500,324983
1hii_ligand,2501,321229
1hii_ligand,2502,302260
1hii_ligand,2503,368471
1hii_ligand,2504,278415
1hii_ligand,2505,308298
1hii_ligand,2506,348691
1hii_ligand,2507,296782
1hii_ligand,2508,297964
1hii_ligand,2509,332896
1hii_ligand,2510,336010
1hii_ligand,2511,294575
1hii_ligand,2512,345831
1hii_ligand,2513,359976
1hii_ligand,2514,367277
1hii_ligand,2515,292127
1hii_ligand,2516,319043
1hii_ligand,2517,408147
1hii_ligand,2518,339757
1hii_ligand,2519,329102
1hii_ligand,2520,386531
1hii_ligand,2521,317232
1hii_ligand,2522,429810
1hii_ligand,2523,388298
1hii_ligand,2524,379751
1hii_ligand,2525,373671
1hii_ligand,2526,434901
1hii_ligand,2527,335844
1hii_ligand,2528,291700
1hii_ligand,2529,270739
1hii_ligand,2530,268216
1hii_ligand,2531,258356
1hii_ligand,2532,279739
1hii_ligand,2533,303650
1hii_ligand,2534,286996
1hii_ligand,2535,320301
1hii_ligand,2536,287033
1hii_ligand,2537,309293
1hii_ligand,2538,285384
1hii_ligand,2539,322873
1hii_ligand,2540,312890
1hii_ligand,2541,337142
1hii_ligand,2542,267502
1hii_ligand,2543,263844
1hii_ligand,2544,295179
1hii_ligand,2545,372799
1hii_ligand,2546,264849
1hii_ligand,2547,267227
1hii_ligand,2548,289877
1hii_ligand,2549,383646
1hii_ligand,2550,303686
1hii_ligand,2551,278212
1hii_ligand,2552,358986
1hii_ligand,2553,375392
1hii_ligand,2554,271852
1hii_ligand,2555,289474
1hii_ligand,2556,279241
1hii_ligand,2557,266976
1hii_ligand,2558,332355
1hii_ligand,2559,353315
1hii_ligand,2560,350103
1hii_ligand,2561,283896
1hii_ligand,2562,270218
1hii_ligand,2563,323402
1hii_ligand,2564,278990
1hii_ligand,2565,279299
1hii_ligand,2566,372511
1hii_ligand,2567,377048
1hii_ligand,2568,298320
1hii_ligand,2569,254898
1hii_ligand,2570,292853
1hii_ligand,2571,350358
1hii_ligand,2572,352044
1hii_ligand,2573,271580
1hii_ligand,2574,297069
1hii_ligand,2575,328052
1hii_ligand,2576,337880
1hii_ligand,2577,330145
1hii_ligand,2578,288794
1hii_ligand,2579,289359
1hii_ligand,2580,310710
1hii_ligand,2581,344985
1hii_ligand,2582,355772
1hii_ligand,2583,300142
1hii_ligand,2584,355847
1hii_ligand,2585,289507
1hii_ligand,2586,304621
1hii_ligand,2587,298539
1hii_ligand,2588,274398
1hii_ligand,2589,272805
1hii_ligand,2590,300079
1hii_ligand,2591,414061
1hii_ligand,2592,368895
1hii_ligand,2593,275105
1hii_ligand,2594,290567
1hii_ligand,2595,301587
1hii_ligand,2596,287724
1hii_ligand,2597,356880
1hii_ligand,2598,310891
1hii_ligand,2599,280143
1hii_ligand,2600,308304
1hii_ligand,2601,373647
1hii_ligand,2602,263976
1hii_ligand,2603,289391
1hii_ligand,2604,294092
1hii_ligand,2605,295311
1hii_ligand,2606,303124
1hii_ligand,2607,374651
1hii_ligand,2608,296547
1hii_ligand,2609,308631
1hii_ligand,2610,351721
1hii_ligand,2611,364511
1hii_ligand,2612,271205
1hii_ligand,2613,287974
1hii_ligand,2614,327024
1hii_ligand,2615,414622
1hii_ligand,2616,337553
1hii_ligand,2617,321917
1hii_ligand,2618,426796
1hii_ligand,2619,347656
1hii_ligand,2620,300131
1hii_ligand,2621,347642
1hii_ligand,2622,311147
1hii_ligand,2623,289890
1hii_ligand,2624,295639
1hii_ligand,2625,370680
1hii_ligand,2626,297932
1hii_ligand,2627,290863
1hii_ligand,2628,317161
1hii_ligand,2629,364692
1hii_ligand,2630,276149
1hii_ligand,2631,267829
1hii_ligand,2632,327772
1hii_ligand,2633,410059
1hii_ligand,2634,327268
1hii_ligand,2635,296668
1hii_ligand,2636,294033
1hii_ligand,2637,343738
1hii_ligand,2638,353276
1hii_ligand,2639,271740
1hii_ligand,2640,291149
1hii_ligand,2641,283263
1hii_ligand,2642,329910
1hii_ligand,2643,283774
1hii_ligand,2644,323915
1hii_ligand,2645,288826
1hii_ligand,2646,363944
1hii_ligand,2647,321428
1hii_ligand,2648,323878
1hii_ligand,2649,325187
1hii_ligand,2650,359485
1hii_ligand,2651,262611
1hii_ligand,2652,249697
1hii_ligand,2653,255353
1hii_ligand,2654,250681
1hii_ligand,2655,310591
1hii_ligand,2656,334162
1hii_ligand,2657,363138
1hii_ligand,2658,287585
1hii_ligand,2659,283063
1hii_ligand,2660,339802
1hii_ligand,2661,338299
1hii_ligand,2662,277733
1hii_ligand,2663,300961
1hii_ligand,2664,348908
1hii_ligand,2665,340982
1hii_ligand,2666,286350
1hii_ligand,2667,296200
1hii_ligand,2668,325681
1hii_ligand,2669,361313
1hii_ligand,2670,275263
1hii_ligand,2671,313736
1hii_ligand,2672,311062
1hii_ligand,2673,321040
1hii_ligand,2674,310971
1hii_ligand,2675,281439
1hii_ligand,2676,311792
1hii_ligand,2677,397454
1hii_ligand,2678,312415
1hii_ligand,2679,276344
1hii_ligand,2680,311465
1hii_ligand,2681,307622
1hii_ligand,2682,316648
1hii_ligand,2683,291609
1hii_ligand,2684,339631
1hii_ligand,2685,289574
1hii_ligand,2686,368699
1hii_ligand,2687,349879
1hii_ligand,2688,375711
1hii_ligand,2689,287096
1hii_ligand,2690,455280
1hii_ligand,2691,382584
1hii_ligand,2692,340595
1hii_ligand,2693,363563
1hii_ligand,2694,372757
1hii_ligand,2695,317280
1hii_ligand,2696,285012
1hii_ligand,2697,254331
1hii_ligand,2698,274685
1hii_ligand,2699,362025
1hii_ligand,2700,294945
1hii_ligand,2701,299226
1hii_ligand,2702,288478
1hii_ligand,2703,323694
1hii_ligand,2704,284825
1hii_ligand,2705,343015
1hii_ligand,2706,332818
1hii_ligand,2707,371291
1hii_ligand,2708,300471
1hii_ligand,2709,304320
1hii_ligand,2710,287937
1hii_ligand,2711,261600
1hii_ligand,2712,263100
1hii_ligand,2713,301325
1hii_ligand,2714,365170
1hii_ligand,2715,346553
1hii_ligand,2716,270302
1hii_ligand,2717,294409
1hii_ligand,2718,346989
1hii_ligand,2719,334773
1hii_ligand,2720,252622
1hii_ligand,2721,267832
1hii_ligand,2722,305873
1hii_ligand,2723,311884
1hii_ligand,2724,352253
1hii_ligand,2725,276849
1hii_ligand,2726,313514
1hii_ligand,2727,382127
1hii_ligand,2728,283978
1hii_ligand,2729,308750
1hii_ligand,2730,280214
1hii_ligand,2731,306680
1hii_ligand,2732,309387
1hii_ligand,2733,370701
1hii_ligand,2734,304855
1hii_ligand,2735,265476
1hii_ligand,2736,309044
1hii_ligand,2737,309660
1hii_ligand,2738,371800
1hii_ligand,2739,280285
1hii_ligand,2740,316988
1hii_ligand,2741,335138
1hii_ligand,2742,294513
1hii_ligand,2743,291128
1hii_ligand,2744,354259
1hii_ligand,2745,350093
1hii_ligand,2746,248242
1hii_ligand,2747,259349
1hii_ligand,2748,312787
1hii_ligand,2749,372080
1hii_ligand,2750,367968
1hii_ligand,2751,275302
1hii_ligand,2752,276416
1hii_ligand,2753,295044
1hii_ligand,2754,302845
1hii_ligand,2755,317288
1hii_ligand,2756,349750
1hii_ligand,2757,349555
1hii_ligand,2758,270791
1hii_ligand,2759,273883
1hii_ligand,2760,336303
1hii_ligand,2761,282804
1hii_ligand,2762,350742
1hii_ligand,2763,261455
1hii_ligand,2764,243744
1hii_ligand,2765,250644
1hii_ligand,2766,247336
1hii_ligand,2767,324042
1hii_ligand,2768,356306
1hii_ligand,2769,317665
1hii_ligand,2770,333576
1hii_ligand,2771,300819
1hii_ligand,2772,296622
1hii_ligand,2773,310791
1hii_ligand,2774,295570
1hii_ligand,2775,323431
1hii_ligand,2776,285827
1hii_ligand,2777,324727
1hii_ligand,2778,291903
1hii_ligand,2779,352147
1hii_ligand,2780,290305
1hii_ligand,2781,363893
1hii_ligand,2782,321410
1hii_ligand,2783,348068
1hii_ligand,2784,279625
1hii_ligand,2785,268855
1hii_ligand,2786,319249
1hii_ligand,2787,416504
1hii_ligand,2788,357011
1hii_ligand,2789,348500
1hii_ligand,2790,374613
1hii_ligand,2791,308874
1hii_ligand,2792,303226
1hii_ligand,2793,301332
1hii_ligand,2794,288026
1hii_ligand,2795,314265
1hii_ligand,2796,336687
1hii_ligand,2797,348401
1hii_ligand,2798,270540
1hii_ligand,2799,348841
1hii_ligand,2800,303720
1hii_ligand,2801,346225
1hii_ligand,2802,418886
1hii_ligand,2803,327742
1hii_ligand,2804,311487
1hii_ligand,2805,329763
1hii_ligand,2806,284762
1hii_ligand,2807,351574
1hii_ligand,2808,240762
1hii_ligand,2809,282626
1hii_ligand,2810,316248
1hii_ligand,2811,326855
1hii_ligand,2812,348380
1hii_ligand,2813,271785
1hii_ligand,2814,334441
1hii_ligand,2815,246932
1hii_ligand,2816,244047
1hii_ligand,2817,332891
1hii_ligand,2818,361405
1hii_ligand,2819,263502
1hii_ligand,2820,275756
1hii_ligand,2821,361137
1hii_ligand,2822,246105
1hii_ligand,2823,250487
1hii_ligand,2824,243263
1hii_ligand,2825,318792
1hii_ligand,2826,337087
1hii_ligand,2827,278815
1hii_ligand,2828,354756
1hii_ligand,2829,279082
1hii_ligand,2830,280188
1hii_ligand,2831,330482
1hii_ligand,2832,232711
1hii_ligand,2833,264888
1hii_ligand,2834,380098
1hii_ligand,2835,285836
1hii_ligand,2836,331152
1hii_ligand,2837,275732
1hii_ligand,2838,315356
1hii_ligand,2839,309324
1hii_ligand,2840,357082
1hii_ligand,2841,268134
1hii_ligand,2842,294283
1hii_ligand,2843,350529
1hii_ligand,2844,274032
1hii_ligand,2845,295500
1hii_ligand,2846,303562
1hii_ligand,2847,320212
1hii_ligand,2848,342353
1hii_ligand,2849,349804
1hii_ligand,2850,251137
1hii_ligand,2851,301552
1hii_ligand,2852,346910
1hii_ligand,2853,267979
1hii_ligand,2854,280138
1hii_ligand,2855,327893
1hii_ligand,2856,254639
1hii_ligand,2857,287931
1hii_ligand,2858,300067
1hii_ligand,2859,352816
1hii_ligand,2860,255408
1hii_ligand,2861,265676
1hii_ligand,2862,320686
1hii_ligand,2863,264516
1hii_ligand,2864,291070
1hii_ligand,2865,293583
1hii_ligand,2866,353247
1hii_ligand,2867,315981
1hii_ligand,2868,311358
1hii_ligand,2869,351460
1hii_ligand,2870,249002
1hii_ligand,2871,247943
1hii_ligand,2872,322772
1hii_ligand,2873,285852
1hii_ligand,2874,399642
1hii_ligand,2875,239746
1hii_ligand,2876,238977
1hii_ligand,2877,273797
1hii_ligand,2878,255388
1hii_ligand,2879,341595
1hii_ligand,2880,422072
1hii_ligand,2881,270716
1hii_ligand,2882,298859
1hii_ligand,2883,283052
1hii_ligand,2884,310226
1hii_ligand,2885,374148
1hii_ligand,2886,313169
1hii_ligand,2887,333941
1hii_ligand,2888,366624
1hii_ligand,2889,300086
1hii_ligand,2890,312129
1hii_ligand,2891,287477
1hii_ligand,2892,342077
1hii_ligand,2893,235481
1hii_ligand,2894,228023
1hii_ligand,2895,302590
1hii_ligand,2896,401326
1hii_ligand,2897,255611
1hii_ligand,2898,299395
1hii_ligand,2899,349935
1hii_ligand,2900,232955
1hii_ligand,2901,222664
1hii_ligand,2902,235874
1hii_ligand,2903,261760
1hii_ligand,2904,376912
1hii_ligand,2905,339932
1hii_ligand,2906,294366
1hii_ligand,2907,311606
1hii_ligand,2908,278935
1hii_ligand,2909,317781
1hii_ligand,2910,222903
1hii_ligand,2911,221181
1hii_ligand,2912,255932
1hii_ligand,2913,304399
1hii_ligand,2914,304693
1hii_ligand,2915,318773
1hii_ligand,2916,329929
1hii_ligand,2917,262397
1hii_ligand,2918,286378
1hii_ligand,2919,311200
1hii_ligand,2920,344304
1hii_ligand,2921,277440
1hii_ligand,2922,227734
1hii_ligand,2923,269783
1hii_ligand,2924,325256
1hii_ligand,2925,275592
1hii_ligand,2926,309738
1hii_ligand,2927,288076
1hii_ligand,2928,342815
1hii_ligand,2929,283227
1hii_ligand,2930,227508
1hii_ligand,2931,254848
1hii_ligand,2932,334395
1hii_ligand,2933,342513
1hii_ligand,2934,265016
1hii_ligand,2935,235280
1hii_ligand,2936,246736
1hii_ligand,2937,276811
1hii_ligand,2938,350584
1hii_ligand,2939,267881
1hii_ligand,2940,249722
1hii_ligand,2941,262756
1hii_ligand,2942,294547
1hii_ligand,2943,272412
1hii_ligand,2944,337742
1hii_ligand,2945,299651
1hii_ligand,2946,369700
1hii_ligand,2947,261665
1hii_ligand,2948,316212
1hii_ligand,2949,279372
1hii_ligand,2950,270200
1hii_ligand,2951,305450
1hii_ligand,2952,293703
1hii_ligand,2953,362709
1hii_ligand,2954,281892
1hii_ligand,2955,300929
1hii_ligand,2956,270643
1hii_ligand,2957,288799
1hii_ligand,2958,313770
1hii_ligand,2959,276310
1hii_ligand,2960,285699
1hii_ligand,2961,314533
1hii_ligand,2962,351826
1hii_ligand,2963,231284
1hii_ligand,2964,258183
1hii_ligand,2965,320224
1hii_ligand,2966,349047
1hii_ligand,2967,276292
1hii_ligand,2968,310412
1hii_ligand,2969,289882
1hii_ligand,2970,300477
1hii_ligand,2971,331819
1hii_ligand,2972,230609
1hii_ligand,2973,242205
1hii_ligand,2974,362667
1hii_ligand,2975,269580
1hii_ligand,2976,273560
1hii_ligand,2977,303097
1hii_ligand,2978,278182
1hii_ligand,2979,346950
1hii_ligand,2980,266073
1hii_ligand,2981,233336
1hii_ligand,2982,259536
1hii_ligand,2983,343364
1hii_ligand,2984,336191
1hii_ligand,2985,260647
1hii_ligand,2986,236230
1hii_ligand,2987,263523
1hii_ligand,2988,330566
1hii_ligand,2989,374070
1hii_ligand,2990,277219
1hii_ligand,2991,292180
1hii_ligand,2992,344425
1hii_ligand,2993,259360
1hii_ligand,2994,250534
1hii_ligand,2995,291991
1hii_ligand,2996,344005
1hii_ligand,2997,259915
1hii_ligand,2998,245443
1hii_ligand,2999,291184
1hii_ligand,3000,308824
1hii_ligand,3001,301261
1hii_ligand,3002,332300
1hii_ligand,3003,247276
1hii_ligand,3004,246699
1hii_ligand,3005,296645
1hii_ligand,3006,298270
1hii_ligand,3007,274986
1hii_ligand,3008,262834
1hii_ligand,3009,268806
1hii_ligand,3010,330389
1hii_ligand,3011,318673
1hii_ligand,3012,369894
1hii_ligand,3013,263320
1hii_ligand,3014,274994
1hii_ligand,3015,310716
1hii_ligand,3016,285760
1hii_ligand,3017,297221
1hii_ligand,3018,306604
1hii_ligand,3019,292011
1hii_ligand,3020,262966
1hii_ligand,3021,323605
1hii_ligand,3022,293259
1hii_ligand,3023,295976
1hii_ligand,3024,259850
1hii_ligand,3025,284122
1hii_ligand,3026,262391
1hii_ligand,3027,262104
1hii_ligand,3028,267361
1hii_ligand,3029,287484
1hii_ligand,3030,316777
1hii_ligand,3031,328040
1hii_ligand,3032,291846
1hii_ligand,3033,324420
1hii_ligand,3034,261933
1hii_ligand,3035,281849
1hii_ligand,3036,286577
1hii_ligand,3037,298210
1hii_ligand,3038,318560
1hii_ligand,3039,333241
1hii_ligand,3040,241877
1hii_ligand,3041,246906
1hii_ligand,3042,277726
1hii_ligand,3043,300140
1hii_ligand,3044,333346
1hii_ligand,3045,240165
1hii_ligand,3046,233304
1hii_ligand,3047,288633
1hii_ligand,3048,331520
1hii_ligand,3049,237738
1hii_ligand,3050,256810
1hii_ligand,3051,235483
1hii_ligand,3052,276328
1hii_ligand,3053,327640
1hii_ligand,3054,376235
1hii_ligand,3055,228973
1hii_ligand,3056,196025
1hii_ligand,3057,215548
1hii_ligand,3058,196948
1hii_ligand,3059,262169
1hii_ligand,3060,302692
1hii_ligand,3061,282342
1hii_ligand,3062,293607
1hii_ligand,3063,283523
1hii_ligand,3064,339595
1hii_ligand,3065,309302
1hii_ligand,3066,513030
1hii_ligand,3067,368438
1hii_ligand,3068,322871
1hii_ligand,3069,363133
1hii_ligand,3070,306564
1hii_ligand,3071,347571
1hii_ligand,3072,329866
1hii_ligand,3073,355773
1hii_ligand,3074,316732
1hii_ligand,3075,266916
1hii_ligand,3076,349111
1hii_ligand,3077,280493
1hii_ligand,3078,381220
1hii_ligand,3079,392724
1hii_ligand,3080,250390
1hii_ligand,3081,287667
1hii_ligand,3082,268244
1hii_ligand,3083,304300
1hii_ligand,3084,323694
1hii_ligand,3085,290071
1hii_ligand,3086,272617
1hii_ligand,3087,295031
1hii_ligand,3088,263400
1hii_ligand,3089,296440
1hii_ligand,3090,297782
1hii_ligand,3091,305137
1hii_ligand,3092,333198
1hii_ligand,3093,280884
1hii_ligand,3094,303297
1hii_ligand,3095,340520
1hii_ligand,3096,299828
1hii_ligand,3097,285530
1hii_ligand,3098,282439
1hii_ligand,3099,277644
1hii_ligand,3100,277765
1hii_ligand,3101,278250
1hii_ligand,3102,257743
1hii_ligand,3103,281446
1hii_ligand,3104,309217
1hii_ligand,3105,304347
1hii_ligand,3106,362297
1hii_ligand,3107,255390
1hii_ligand,3108,287214
1hii_ligand,3109,297872
1hii_ligand,3110,323808
1hii_ligand,3111,249242
1hii_ligand,3112,221397
1hii_ligand,3113,261665
1hii_ligand,3114,254628
1hii_ligand,3115,335094
1hii_ligand,3116,284680
1hii_ligand,3117,282764
1hii_ligand,3118,221395
1hii_ligand,3119,243241
1hii_ligand,3120,242527
1hii_ligand,3121,315923
1hii_ligand,3122,246626
1hii_ligand,3123,316865
1hii_ligand,3124,336596
1hii_ligand,3125,322417
1hii_ligand,3126,341345
1hii_ligand,3127,243941
1hii_ligand,3128,277480
1hii_ligand,3129,290426
1hii_ligand,3130,357122
1hii_ligand,3131,256396
1hii_ligand,3132,303334
1hii_ligand,3133,340219
1hii_ligand,3134,353638
1hii_ligand,3135,248681
1hii_ligand,3136,232327
1hii_ligand,3137,311069
1hii_ligand,3138,289627
1hii_ligand,3139,316833
1hii_ligand,3140,349567
1hii_ligand,3141,300340
1hii_ligand,3142,333841
1hii_ligand,3143,236117
1hii_ligand,3144,245653
1hii_ligand,3145,258772
1hii_ligand,3146,296514
1hii_ligand,3147,337360
1hii_ligand,3148,219773
1hii_ligand,3149,220772
1hii_ligand,3150,288871
1hii_ligand,3151,231970
1hii_ligand,3152,306384
1hii_ligand,3153,366174
1hii_ligand,3154,203048
1hii_ligand,3155,236327
1hii_ligand,3156,246091
1hii_ligand,3157,320951
1hii_ligand,3158,387222
1hii_ligand,3159,239437
1hii_ligand,3160,245084
1hii_ligand,3161,297019
1hii_ligand,3162,278127
1hii_ligand,3163,294436
1hii_ligand,3164,286989
1hii_ligand,3165,361128
1hii_ligand,3166,286689
1hii_ligand,3167,288168
1hii_ligand,3168,277614
1hii_ligand,3169,402544
1hii_ligand,3170,344721
1hii_ligand,3171,291260
1hii_ligand,3172,247098
1hii_ligand,3173,282596
1hii_ligand,3174,236781
1hii_ligand,3175,281832
1hii_ligand,3176,239558
1hii_ligand,3177,337085
1hii_ligand,3178,349363
1hii_ligand,3179,273642
1hii_ligand,3180,257873
1hii_ligand,3181,322762
1hii_ligand,3182,248769
1hii_ligand,3183,359868
1hii_ligand,3184,290835
1hii_ligand,3185,304181
1hii_ligand,3186,295167
1hii_ligand,3187,350498
1hii_ligand,3188,404964
1hii_ligand,3189,236016
1hii_ligand,3190,267531
1hii_ligand,3191,250692
1hii_ligand,3192,233725
1hii_ligand,3193,255296
1hii_ligand,3194,305911
1hii_ligand,3195,255865
1hii_ligand,3196,258515
1hii_ligand,3197,261333
1hii_ligand,3198,278386
1hii_ligand,3199,292718
1hii_ligand,3200,248893
1hii_ligand,3201,299044
1hii_ligand,3202,233538
1hii_ligand,3203,230164
1hii_ligand,3204,319604
1hii_ligand,3205,356828
1hii_ligand,3206,195005
1hii_ligand,3207,219936
1hii_ligand,3208,300452
1hii_ligand,3209,241496
1hii_ligand,3210,243406
1hii_ligand,3211,287868
1hii_ligand,3212,291710
1hii_ligand,3213,295157
1hii_ligand,3214,259787
1hii_ligand,3215,223597
1hii_ligand,3216,277098
1hii_ligand,3217,286950
1hii_ligand,3218,349361
1hii_ligand,3219,314315
1hii_ligand,3220,243809
1hii_ligand,3221,251206
1hii_ligand,3222,298702
1hii_ligand,3223,267898
1hii_ligand,3224,225619
1hii_ligand,3225,334173
1hii_ligand,3226,354045
1hii_ligand,3227,236191
1hii_ligand,3228,208782
1hii_ligand,3229,245301
1hii_ligand,3230,266638
1hii_ligand,3231,310408
1hii_ligand,3232,260654
1hii_ligand,3233,283016
1hii_ligand,3234,259961
1hii_ligand,3235,324267
1hii_ligand,3236,350452
1hii_ligand,3237,273161
1hii_ligand,3238,203479
1hii_ligand,3239,289401
1hii_ligand,3240,350942
1hii_ligand,3241,299185
1hii_ligand,3242,261331
1hii_ligand,3243,278948
1hii_ligand,3244,281001
1hii_ligand,3245,268341
1hii_ligand,3246,255397
1hii_ligand,3247,288801
1hii_ligand,3248,317013
1hii_ligand,3249,257839
1hii_ligand,3250,275271
1hii_ligand,3251,260873
1hii_ligand,3252,293734
1hii_ligand,3253,242667
1hii_ligand,3254,254739
1hii_ligand,3255,256469
1hii_ligand,3256,334363
1hii_ligand,3257,230546
1hii_ligand,3258,214389
1hii_ligand,3259,259993
1hii_ligand,3260,339202
1hii_ligand,3261,223403
1hii_ligand,3262,222639
1hii_ligand,3263,267395
1hii_ligand,3264,349482
1hii_ligand,3265,229916
1hii_ligand,3266,261447
1hii_ligand,3267,325683
1hii_ligand,3268,279489
1hii_ligand,3269,218126
1hii_ligand,3270,220666
1hii_ligand,3271,234745
1hii_ligand,3272,305148
1hii_ligand,3273,251256
1hii_ligand,3274,337504
1hii_ligand,3275,293514
1hii_ligand,3276,282397
1hii_ligand,3277,245745
1hii_ligand,3278,305966
1hii_ligand,3279,211008
1hii_ligand,3280,249270
1hii_ligand,3281,199566
1hii_ligand,3282,244972
1hii_ligand,3283,234184
1hii_ligand,3284,310819
1hii_ligand,3285,283324
1hii_ligand,3286,171201
1hii_ligand,3287,250125
1hii_ligand,3288,248287
1hii_ligand,3289,295871
1hii_ligand,3290,388107
1hii_ligand,3291,297137
1hii_ligand,3292,318538
1hii_ligand,3293,212839
1hii_ligand,3294,281927
1hii_ligand,3295,198786
1hii_ligand,3296,235787
1hii_ligand,3297,210899
1hii_ligand,3298,283062
1hii_ligand,3299,212554
1hii_ligand,3300,342515
1hii_ligand,3301,196210
1hii_ligand,3302,310460
1hii_ligand,3303,220470
1hii_ligand,3304,252025
1hii_ligand,3305,259790
1hii_ligand,3306,369184
1hii_ligand,3307,248060
1hii_ligand,3308,408390
1hii_ligand,3309,319392
1hii_ligand,3310,348665
1hii_ligand,3311,271198
1hii_ligand,3312,391746
1hii_ligand,3313,309308
1hii_ligand,3314,398769
1hii_ligand,3315,200227
1hii_ligand,3316,266296
1hii_ligand,3317,205655
1hii_ligand,3318,246325
1hii_ligand,3319,230995
1hii_ligand,3320,256999
1hii_ligand,3321,240319
1hii_ligand,3322,262391
1hii_ligand,3323,260394
1hii_ligand,3324,354756
1hii_ligand,3325,221779
1hii_ligand,3326,301750
1hii_ligand,3327,212823
1hii_ligand,3328,305456
1hii_ligand,3329,220050
1hii_ligand,3330,330751
1hii_ligand,3331,235237
1hii_ligand,3332,357298
1hii_ligand,3333,248128
1hii_ligand,3334,332473
1hii_ligand,3335,229567
1hii_ligand,3336,332895
1hii_ligand,3337,297122
1hii_ligand,3338,377210
1hii_ligand,3339,264372
1hii_ligand,3340,426122
1hii_ligand,3341,288398
1hii_ligand,3342,392520
1hii_ligand,3343,286232
1hii_ligand,3344,342696
1hii_ligand,3345,226376
1hii_ligand,3346,300293
1hii_ligand,3347,198176
1hii_ligand,3348,281671
1hii_ligand,3349,288977
1hii_ligand,3350,247736
1hii_ligand,3351,262058
1hii_ligand,3352,218461
1hii_ligand,3353,204286
1hii_ligand,3354,259060
1hii_ligand,3355,236164
1hii_ligand,3356,360984
1hii_ligand,3357,212372
1hii_ligand,3358,261049
1hii_ligand,3359,219064
1hii_ligand,3360,322730
1hii_ligand,3361,300082
1hii_ligand,3362,374917
1hii_ligand,3363,260584
1hii_ligand,3364,330212
1hii_ligand,3365,188740
1hii_ligand,3366,270091
1hii_ligand,3367,300487
1hii_ligand,3368,390384
1hii_ligand,3369,318886
1hii_ligand,3370,406509
1hii_ligand,3371,177599
1hii_ligand,3372,161386
1hii_ligand,3373,176542
1hii_ligand,3374,267880
1hii_ligand,3375,208108
1hii_ligand,3376,315388
1hii_ligand,3377,195758
1hii_ligand,3378,273729
1hii_ligand,3379,214734
1hii_ligand,3380,271505
1hii_ligand,3381,270912
1hii_ligand,3382,190459
1hii_ligand,3383,313124
1hii_ligand,3384,208063
1hii_ligand,3385,254183
1hii_ligand,3386,250618
1hii_ligand,3387,309647
1hii_ligand,3388,245389
1hii_ligand,3389,280293
1hii_ligand,3390,230645
1hii_ligand,3391,254126
1hii_ligand,3392,279426
1hii_ligand,3393,285059
1hii_ligand,3394,273172
1hii_ligand,3395,323578
1hii_ligand,3396,245921
1hii_ligand,3397,361608
1hii_ligand,3398,262053
1hii_ligand,3399,386119
1hii_ligand,3400,248017
1hii_ligand,3401,379623
1hii_ligand,3402,322423
1hii_ligand,3403,453942
1hii_ligand,3404,367047
1hii_ligand,3405,438667
1hii_ligand,3406,177195
1hii_ligand,3407,286120
1hii_ligand,3408,203492
1hii_ligand,3409,325666
1hii_ligand,3410,194974
1hii_ligand,3411,226580
1hii_ligand,3412,194920
1hii_ligand,3413,317696
1hii_ligand,3414,201119
1hii_ligand,3415,240917
1hii_ligand,3416,220685
1hii_ligand,3417,258173
1hii_ligand,3418,232776
1hii_ligand,3419,328047
1hii_ligand,3420,190312
1hii_ligand,3421,263875
1hii_ligand,3422,239486
1hii_ligand,3423,290513
1hii_ligand,3424,285622
1hii_ligand,3425,266299
1hii_ligand,3426,292195
1hii_ligand,3427,281671
1hii_ligand,3428,256532
1hii_ligand,3429,322835
1hii_ligand,3430,231043
1hii_ligand,3431,270219
1hii_ligand,3432,301051
1hii_ligand,3433,388866
1hii_ligand,3434,281906
1hii_ligand,3435,314342
1hii_ligand,3436,269058
1hii_ligand,3437,305863
1hii_ligand,3438,274683
1hii_ligand,3439,448020
1hii_ligand,3440,305028
1hii_ligand,3441,453199
1hii_ligand,3442,326531
1hii_ligand,3443,530410
1hii_ligand,3444,408146
1hii_ligand,3445,550020
1hii_ligand,3446,232196
1hii_ligand,3447,247453
1hii_ligand,3448,195026
1hii_ligand,3449,276129
1hii_ligand,3450,234322
1hii_ligand,3451,317922
1hii_ligand,3452,241983
1hii_ligand,3453,333077
1hii_ligand,3454,190743
1hii_ligand,3455,277346
1hii_ligand,3456,228769
1hii_ligand,3457,289809
1hii_ligand,3458,257664
1hii_ligand,3459,244742
1hii_ligand,3460,240648
1hii_ligand,3461,220775
1hii_ligand,3462,201755
1hii_ligand,3463,225207
1hii_ligand,3464,211946
1hii_ligand,3465,238518
1hii_ligand,3466,273823
1hii_ligand,3467,290653
1hii_ligand,3468,263245
1hii_ligand,3469,416761
1hii_ligand,3470,251914
1hii_ligand,3471,432710
1hii_ligand,3472,233488
1hii_ligand,3473,257447
1hii_ligand,3474,227190
1hii_ligand,3475,310273
1hii_ligand,3476,242139
1hii_ligand,3477,334999
1hii_ligand,3478,225481
1hii_ligand,3479,360339
1hii_ligand,3480,242321
1hii_ligand,3481,443335
1hii_ligand,3482,247955
1hii_ligand,3483,377782
1hii_ligand,3484,273556
1hii_ligand,3485,262056
1hii_ligand,3486,260493
1hii_ligand,3487,300612
1hii_ligand,3488,254429
1hii_ligand,3489,410495
1hii_ligand,3490,290949
1hii_ligand,3491,365846
1hii_ligand,3492,226550
1hii_ligand,3493,337875
1hii_ligand,3494,214046
1hii_ligand,3495,284613
1hii_ligand,3496,233073
1hii_ligand,3497,309645
1hii_ligand,3498,272465
1hii_ligand,3499,393344
1hii_ligand,3500,217306
1hii_ligand,3501,344164
1hii_ligand,3502,245036
1hii_ligand,3503,359166
1hii_ligand,3504,311472
1hii_ligand,3505,459932
1hii_ligand,3506,449511
1hii_ligand,3507,563412
1hii_ligand,3508,352517
1hii_ligand,3509,324044
1hii_ligand,3510,213792
1hii_ligand,3511,279695
1hii_ligand,3512,265286
1hii_ligand,3513,337792
1hii_ligand,3514,196150
1hii_ligand,3515,299864
1hii_ligand,3516,184201
1hii_ligand,3517,266108
1hii_ligand,3518,209625
1hii_ligand,3519,292578
1hii_ligand,3520,173123
1hii_ligand,3521,254536
1hii_ligand,3522,247587
1hii_ligand,3523,367116
1hii_ligand,3524,276493
1hii_ligand,3525,352431
1hii_ligand,3526,211679
1hii_ligand,3527,337800
1hii_ligand,3528,254523
1hii_ligand,3529,361981
1hii_ligand,3530,196271
1hii_ligand,3531,336742
1hii_ligand,3532,259595
1hii_ligand,3533,252988
1hii_ligand,3534,199998
1hii_ligand,3535,260612
1hii_ligand,3536,224198
1hii_ligand,3537,358964
1hii_ligand,3538,199687
1hii_ligand,3539,221517
1hii_ligand,3540,232413
1hii_ligand,3541,307704
1hii_ligand,3542,222653
1hii_ligand,3543,301008
1hii_ligand,3544,246473
1hii_ligand,3545,302974
1hii_ligand,3546,234140
1hii_ligand,3547,302299
1hii_ligand,3548,241740
1hii_ligand,3549,303417
1hii_ligand,3550,253564
1hii_ligand,3551,383791
1hii_ligand,3552,379610
1hii_ligand,3553,494672
1hii_ligand,3554,327762
1hii_ligand,3555,342195
1hii_ligand,3556,242009
1hii_ligand,3557,374052
1hii_ligand,3558,238190
1hii_ligand,3559,356052
1hii_ligand,3560,231411
1hii_ligand,3561,379191
1hii_ligand,3562,227501
1hii_ligand,3563,381452
1hii_ligand,3564,266445
1hii_ligand,3565,363218
1hii_ligand,3566,192805
1hii_ligand,3567,268317
1hii_ligand,3568,189881
1hii_ligand,3569,291866
1hii_ligand,3570,226089
1hii_ligand,3571,298395
1hii_ligand,3572,220488
1hii_ligand,3573,326779
1hii_ligand,3574,177798
1hii_ligand,3575,247937
1hii_ligand,3576,230386
1hii_ligand,3577,314546
1hii_ligand,3578,230236
1hii_ligand,3579,255208
1hii_ligand,3580,227580
1hii_ligand,3581,366618
1hii_ligand,3582,317781
1hii_ligand,3583,458806
1hii_ligand,3584,344886
1hii_ligand,3585,513121
1hii_ligand,3586,255464
1hii_ligand,3587,293667
1hii_ligand,3588,191302
1hii_ligand,3589,297404
1hii_ligand,3590,249857
1hii_ligand,3591,158726
1hii_ligand,3592,209730
1hii_ligand,3593,283769
1hii_ligand,3594,212723
1hii_ligand,3595,328455
1hii_ligand,3596,202404
1hii_ligand,3597,286255
1hii_ligand,3598,240102
1hii_ligand,3599,364799
1hii_ligand,3600,278944
1hii_ligand,3601,417060
1hii_ligand,3602,216952
1hii_ligand,3603,288102
1hii_ligand,3604,175306
1hii_ligand,3605,257711
1hii_ligand,3606,208116
1hii_ligand,3607,330171
1hii_ligand,3608,241680
1hii_ligand,3609,449232
1hii_ligand,3610,213115
1hii_ligand,3611,254973
1hii_ligand,3612,204991
1hii_ligand,3613,291391
1hii_ligand,3614,216217
1hii_ligand,3615,334163
1hii_ligand,3616,197998
1hii_ligand,3617,212195
1hii_ligand,3618,243768
1hii_ligand,3619,303966
1hii_ligand,3620,189713
1hii_ligand,3621,290766
1hii_ligand,3622,242569
1hii_ligand,3623,347232
1hii_ligand,3624,218172
1hii_ligand,3625,367938
1hii_ligand,3626,281034
1hii_ligand,3627,446598
1hii_ligand,3628,211248
1hii_ligand,3629,285648
1hii_ligand,3630,224360
1hii_ligand,3631,329048
1hii_ligand,3632,300464
1hii_ligand,3633,379974
1hii_ligand,3634,185669
1hii_ligand,3635,222531
1hii_ligand,3636,258232
1hii_ligand,3637,305429
1hii_ligand,3638,200489
1hii_ligand,3639,270192
1hii_ligand,3640,208331
1hii_ligand,3641,324787
1hii_ligand,3642,268185
1hii_ligand,3643,293599
1hii_ligand,3644,256151
1hii_ligand,3645,286340
1hii_ligand,3646,234842
1hii_ligand,3647,346646
1hii_ligand,3648,316527
1hii_ligand,3649,439437
1hii_ligand,3650,209590
1hii_ligand,3651,273619
1hii_ligand,3652,325552
1hii_ligand,3653,285873
1hii_ligand,3654,194441
1hii_ligand,3655,302831
1hii_ligand,3656,194323
1hii_ligand,3657,252842
1hii_ligand,3658,209724
1hii_ligand,3659,342909
1hii_ligand,3660,250139
1hii_ligand,3661,327225
1hii_ligand,3662,222630
1hii_ligand,3663,355316
1hii_ligand,3664,267704
1hii_ligand,3665,321687
1hii_ligand,3666,207779
1hii_ligand,3667,291965
1hii_ligand,3668,222904
1hii_ligand,3669,268549
1hii_ligand,3670,376490
1hii_ligand,3671,318440
1hii_ligand,3672,173445
1hii_ligand,3673,208699
1hii_ligand,3674,197031
1hii_ligand,3675,293619
1hii_ligand,3676,203894
1hii_ligand,3677,228517
1hii_ligand,3678,260073
1hii_ligand,3679,292997
1hii_ligand,3680,268589
1hii_ligand,3681,380467
1hii_ligand,3682,185623
1hii_ligand,3683,290101
1hii_ligand,3684,226700
1hii_ligand,3685,333947
1hii_ligand,3686,198884
1hii_ligand,3687,239211
1hii_ligand,3688,251699
1hii_ligand,3689,335775
1hii_ligand,3690,230838
1hii_ligand,3691,349277
1hii_ligand,3692,263403
1hii_ligand,3693,368370
1hii_ligand,3694,205244
1hii_ligand,3695,262707
1hii_ligand,3696,211852
1hii_ligand,3697,296358
1hii_ligand,3698,253774
1hii_ligand,3699,279003
1hii_ligand,3700,282758
1hii_ligand,3701,455554
1hii_ligand,3702,199884
1hii_ligand,3703,271983
1hii_ligand,3704,231026
1hii_ligand,3705,405266
1hii_ligand,3706,212775
1hii_ligand,3707,305192
1hii_ligand,3708,201427
1hii_ligand,3709,303235
1hii_ligand,3710,198089
1hii_ligand,3711,292625
1hii_ligand,3712,230591
1hii_ligand,3713,325532
1hii_ligand,3714,235072
1hii_ligand,3715,374250
1hii_ligand,3716,208985
1hii_ligand,3717,261164
1hii_ligand,3718,249025
1hii_ligand,3719,340046
1hii_ligand,3720,244061
1hii_ligand,3721,319534
1hii_ligand,3722,246762
1hii_ligand,3723,284660
1hii_ligand,3724,226155
1hii_ligand,3725,303252
1hii_ligand,3726,213397
1hii_ligand,3727,269091
1hii_ligand,3728,270584
1hii_ligand,3729,278931
1hii_ligand,3730,260255
1hii_ligand,3731,302006
1hii_ligand,3732,280823
1hii_ligand,3733,343656
1hii_ligand,3734,329251
1hii_ligand,3735,351928
1hii_ligand,3736,337693
1hii_ligand,3737,391034
1hii_ligand,3738,272632
1hii_ligand,3739,514936
1hii_ligand,3740,356544
1hii_ligand,3741,645990
1hii_ligand,3742,299005
1hii_ligand,3743,456071
1hii_ligand,3744,281163
1hii_ligand,3745,358685
1hii_ligand,3746,451353
1hii_ligand,3747,495861
1hii_ligand,3748,417436
1hii_ligand,3749,333194
1hii_ligand,3750,301895
1hii_ligand,3751,224767
1hii_ligand,3752,233114
1hii_ligand,3753,276792
1hii_ligand,3754,251913
1hii_ligand,3755,278708
1hii_ligand,3756,248737
1hii_ligand,3757,284518
1hii_ligand,3758,246379
1hii_ligand,3759,340289
1hii_ligand,3760,304050
1hii_ligand,3761,407607
1hii_ligand,3762,292123
1hii_ligand,3763,396404
1hii_ligand,3764,301571
1hii_ligand,3765,256053
1hii_ligand,3766,212855
1hii_ligand,3767,270166
1hii_ligand,3768,251829
1hii_ligand,3769,266445
1hii_ligand,3770,288025
1hii_ligand,3771,248548
1hii_ligand,3772,293497
1hii_ligand,3773,248254
1hii_ligand,3774,304712
1hii_ligand,3775,239220
1hii_ligand,3776,251808
1hii_ligand,3777,313912
1hii_ligand,3778,251164
1hii_ligand,3779,262327
1hii_ligand,3780,256442
1hii_ligand,3781,326374
1hii_ligand,3782,300235
1hii_ligand,3783,377758
1hii_ligand,3784,283442
1hii_ligand,3785,426180
1hii_ligand,3786,271820
1hii_ligand,3787,420483
1hii_ligand,3788,299320
1hii_ligand,3789,344866
1hii_ligand,3790,217307
1hii_ligand,3791,305541
1hii_ligand,3792,207680
1hii_ligand,3793,300490
1hii_ligand,3794,360217
1hii_ligand,3795,356767
1hii_ligand,3796,265239
1hii_ligand,3797,159920
1hii_ligand,3798,253354
1hii_ligand,3799,247172
1hii_ligand,3800,281773
1hii_ligand,3801,233551
1hii_ligand,3802,224124
1hii_ligand,3803,271077
1hii_ligand,3804,313494
1hii_ligand,3805,280093
1hii_ligand,3806,367029
1hii_ligand,3807,234325
1hii_ligand,3808,329982
1hii_ligand,3809,288597
1hii_ligand,3810,388138
1hii_ligand,3811,278428
1hii_ligand,3812,408853
1hii_ligand,3813,212273
1hii_ligand,3814,327819
1hii_ligand,3815,229063
1hii_ligand,3816,420229
1hii_ligand,3817,198514
1hii_ligand,3818,276384
1hii_ligand,3819,204700
1hii_ligand,3820,297690
1hii_ligand,3821,252580
1hii_ligand,3822,378100
1hii_ligand,3823,209286
1hii_ligand,3824,287273
1hii_ligand,3825,302061
1hii_ligand,3826,282570
1hii_ligand,3827,287162
1hii_ligand,3828,318430
1hii_ligand,3829,265764
1hii_ligand,3830,308334
1hii_ligand,3831,274692
1hii_ligand,3832,369654
1hii_ligand,3833,300304
1hii_ligand,3834,406879
1hii_ligand,3835,230061
1hii_ligand,3836,263559
1hii_ligand,3837,205986
1hii_ligand,3838,357003
1hii_ligand,3839,329518
1hii_ligand,3840,388036
1hii_ligand,3841,285862
1hii_ligand,3842,376512
1hii_ligand,3843,250190
1hii_ligand,3844,385158
1hii_ligand,3845,269807
1hii_ligand,3846,368060
1hii_ligand,3847,286953
1hii_ligand,3848,547113
1hii_ligand,3849,364406
1hii_ligand,3850,709443
1hii_ligand,3851,368575
1hii_ligand,3852,429237
1hii_ligand,3853,263479
1hii_ligand,3854,285530
1hii_ligand,3855,210013
1hii_ligand,3856,236522
1hii_ligand,3857,355668
1hii_ligand,3858,216834
1hii_ligand,3859,343223
1hii_ligand,3860,170126
1hii_ligand,3861,303690
1hii_ligand,3862,233097
1hii_ligand,3863,341607
1hii_ligand,3864,271133
1hii_ligand,3865,308740
1hii_ligand,3866,224464
1hii_ligand,3867,266640
1hii_ligand,3868,231217
1hii_ligand,3869,283262
1hii_ligand,3870,244409
1hii_ligand,3871,314509
1hii_ligand,3872,234465
1hii_ligand,3873,319250
1hii_ligand,3874,220419
1hii_ligand,3875,271018
1hii_ligand,3876,201748
1hii_ligand,3877,250409
1hii_ligand,3878,228823
1hii_ligand,3879,274002
1hii_ligand,3880,224963
1hii_ligand,3881,308406
1hii_ligand,3882,231183
1hii_ligand,3883,253317
1hii_ligand,3884,221864
1hii_ligand,3885,306096
1hii_ligand,3886,250125
1hii_ligand,3887,369350
1hii_ligand,3888,289779
1hii_ligand,3889,519381
1hii_ligand,3890,247132
1hii_ligand,3891,347131
1hii_ligand,3892,249083
1hii_ligand,3893,312607
1hii_ligand,3894,254547
1hii_ligand,3895,282335
1hii_ligand,3896,356676
1hii_ligand,3897,341882
1hii_ligand,3898,243773
1hii_ligand,3899,329497
1hii_ligand,3900,274243
1hii_ligand,3901,304364
1hii_ligand,3902,302787
1hii_ligand,3903,431902
1hii_ligand,3904,350849
1hii_ligand,3905,406083
1hii_ligand,3906,412921
1hii_ligand,3907,273847
1hii_ligand,3908,254394
1hii_ligand,3909,246777
1hii_ligand,3910,241811
1hii_ligand,3911,268239
1hii_ligand,3912,238176
1hii_ligand,3913,280853
1hii_ligand,3914,227172
1hii_ligand,3915,283564
1hii_ligand,3916,230704
1hii_ligand,3917,284432
1hii_ligand,3918,229895
1hii_ligand,3919,276503
1hii_ligand,3920,252520
1hii_ligand,3921,331081
1hii_ligand,3922,243134
1hii_ligand,3923,279110
1hii_ligand,3924,239315
1hii_ligand,3925,283889
1hii_ligand,3926,242042
1hii_ligand,3927,321791
1hii_ligand,3928,238285
1hii_ligand,3929,293846
1hii_ligand,3930,250822
1hii_ligand,3931,311597
1hii_ligand,3932,297727
1hii_ligand,3933,494433
1hii_ligand,3934,537964
1hii_ligand,3935,665950
1hii_ligand,3936,293785
1hii_ligand,3937,243941
1hii_ligand,3938,173938
1hii_ligand,3939,261811
1hii_ligand,3940,171522
1hii_ligand,3941,229579
1hii_ligand,3942,148854
1hii_ligand,3943,180862
1hii_ligand,3944,189143
1hii_ligand,3945,269180
1hii_ligand,3946,250468
1hii_ligand,3947,326124
1hii_ligand,3948,218072
1hii_ligand,3949,309920
1hii_ligand,3950,179523
1hii_ligand,3951,248099
1hii_ligand,3952,218106
1hii_ligand,3953,266149
1hii_ligand,3954,281240
1hii_ligand,3955,374980
1hii_ligand,3956,182665
1hii_ligand,3957,232910
1hii_ligand,3958,223317
1hii_ligand,3959,288359
1hii_ligand,3960,201031
1hii_ligand,3961,276988
1hii_ligand,3962,264296
1hii_ligand,3963,358557
1hii_ligand,3964,216247
1hii_ligand,3965,318306
1hii_ligand,3966,201226
1hii_ligand,3967,266194
1hii_ligand,3968,199312
1hii_ligand,3969,234998
1hii_ligand,3970,183503
1hii_ligand,3971,288438
1hii_ligand,3972,239456
1hii_ligand,3973,303659
1hii_ligand,3974,192084
1hii_ligand,3975,281497
1hii_ligand,3976,275954
1hii_ligand,3977,282771
1hii_ligand,3978,251636
1hii_ligand,3979,198518
1hii_ligand,3980,287247
1hii_ligand,3981,214960
1hii_ligand,3982,231645
1hii_ligand,3983,304394
1hii_ligand,3984,321106
1hii_ligand,3985,250587
1hii_ligand,3986,315671
1hii_ligand,3987,215974
1hii_ligand,3988,260000
1hii_ligand,3989,251195
1hii_ligand,3990,229714
1hii_ligand,3991,260791
1hii_ligand,3992,306657
1hii_ligand,3993,257273
1hii_ligand,3994,261621
1hii_ligand,3995,265493
1hii_ligand,3996,248522
1hii_ligand,3997,213986
1hii_ligand,3998,208823
1hii_ligand,3999,283383
1hii_ligand,4000,286936
1hii_ligand,4001,308128
1hii_ligand,4002,297475
1hii_ligand,4003,306449
1hii_ligand,4004,357324
1hii_ligand,4005,380672
1hii_ligand,4006,257538
1hii_ligand,4007,404714
1hii_ligand,4008,251231
1hii_ligand,4009,389599
1hii_ligand,4010,255442
1hii_ligand,4011,283508
1hii_ligand,4012,225104
1hii_ligand,4013,334540
1hii_ligand,4014,211543
1hii_ligand,4015,366859
1hii_ligand,4016,239486
1hii_ligand,4017,386031
1hii_ligand,4018,212583
1hii_ligand,4019,325975
1hii_ligand,4020,223966
1hii_ligand,4021,309474
1hii_ligand,4022,239535
1hii_ligand,4023,331954
1hii_ligand,4024,264767
1hii_ligand,4025,291428
1hii_ligand,4026,337672
1hii_ligand,4027,603346
1hii_ligand,4028,305059
1hii_ligand,4029,395422
1hii_ligand,4030,317567
1hii_ligand,4031,452180
1hii_ligand,4032,249896
1hii_ligand,4033,325184
1hii_ligand,4034,279634
1hii_ligand,4035,407716
1hii_ligand,4036,259404
1hii_ligand,4037,186615
1hii_ligand,4038,273496
1hii_ligand,4039,211703
1hii_ligand,4040,294392
1hii_ligand,4041,190240
1hii_ligand,4042,249802
1hii_ligand,4043,194815
1hii_ligand,4044,312849
1hii_ligand,4045,235762
1hii_ligand,4046,352572
1hii_ligand,4047,176744
1hii_ligand,4048,253393
1hii_ligand,4049,218204
1hii_ligand,4050,258835
1hii_ligand,4051,239195
1hii_ligand,4052,271455
1hii_ligand,4053,224222
1hii_ligand,4054,313798
1hii_ligand,4055,276785
1hii_ligand,4056,246551
1hii_ligand,4057,262887
1hii_ligand,4058,210269
1hii_ligand,4059,292533
1hii_ligand,4060,257820
1hii_ligand,4061,310408
1hii_ligand,4062,223101
1hii_ligand,4063,226601
1hii_ligand,4064,193238
1hii_ligand,4065,247254
1hii_ligand,4066,223328
1hii_ligand,4067,270263
1hii_ligand,4068,262504
1hii_ligand,4069,304075
1hii_ligand,4070,242270
1hii_ligand,4071,254304
1hii_ligand,4072,223070
1hii_ligand,4073,277349
1hii_ligand,4074,284437
1hii_ligand,4075,333240
1hii_ligand,4076,310041
1hii_ligand,4077,340847
1hii_ligand,4078,271734
1hii_ligand,4079,274602
1hii_ligand,4080,345111
1hii_ligand,4081,199042
1hii_ligand,4082,262711
1hii_ligand,4083,315316
1hii_ligand,4084,332042
1hii_ligand,4085,373088
1hii_ligand,4086,334201
1hii_ligand,4087,222134
1hii_ligand,4088,266293
1hii_ligand,4089,269861
1hii_ligand,4090,270906
1hii_ligand,4091,283941
1hii_ligand,4092,247709
1hii_ligand,4093,254992
1hii_ligand,4094,243379
1hii_ligand,4095,336286
1hii_ligand,4096,275097
1hii_ligand,4097,358475
1hii_ligand,4098,203166
1hii_ligand,4099,308112
1hii_ligand,4100,192673
1hii_ligand,4101,264993
1hii_ligand,4102,226230
1hii_ligand,4103,287792
1hii_ligand,4104,308570
1hii_ligand,4105,238391
1hii_ligand,4106,186743
1hii_ligand,4107,275718
1hii_ligand,4108,318917
1hii_ligand,4109,260564
1hii_ligand,4110,230435
1hii_ligand,4111,332172
1hii_ligand,4112,247747
1hii_ligand,4113,411484
1hii_ligand,4114,242806
1hii_ligand,4115,375497
1hii_ligand,4116,177951
1hii_ligand,4117,262212
1hii_ligand,4118,266925
1hii_ligand,4119,381701
1hii_ligand,4120,279561
1hii_ligand,4121,249587
1hii_ligand,4122,180078
1hii_ligand,4123,221990
1hii_ligand,4124,234951
1hii_ligand,4125,295330
1hii_ligand,4126,252822
1hii_ligand,4127,385998
1hii_ligand,4128,288514
1hii_ligand,4129,500971
1hii_ligand,4130,177407
1hii_ligand,4131,214597
1hii_ligand,4132,258615
1hii_ligand,4133,416150
1hii_ligand,4134,285390
1hii_ligand,4135,399605
1hii_ligand,4136,268429
1hii_ligand,4137,212430
1hii_ligand,4138,264781
1hii_ligand,4139,181471
1hii_ligand,4140,220678
1hii_ligand,4141,235618
1hii_ligand,4142,258645
1hii_ligand,4143,208254
1hii_ligand,4144,260240
1hii_ligand,4145,202754
1hii_ligand,4146,287770
1hii_ligand,4147,278580
1hii_ligand,4148,279551
1hii_ligand,4149,176211
1hii_ligand,4150,261102
1hii_ligand,4151,253782
1hii_ligand,4152,268817
1hii_ligand,4153,284241
1hii_ligand,4154,256956
1hii_ligand,4155,272274
1hii_ligand,4156,212020
1hii_ligand,4157,256210
1hii_ligand,4158,288168
1hii_ligand,4159,230417
1hii_ligand,4160,330517
1hii_ligand,4161,298322
1hii_ligand,4162,386125
1hii_ligand,4163,223746
1hii_ligand,4164,378760
1hii_ligand,4165,220571
1hii_ligand,4166,278174
1hii_ligand,4167,227524
1hii_ligand,4168,317285
1hii_ligand,4169,241454
1hii_ligand,4170,331046
1hii_ligand,4171,320371
1hii_ligand,4172,148625
1hii_ligand,4173,194471
1hii_ligand,4174,164983
1hii_ligand,4175,270652
1hii_ligand,4176,290157
1hii_ligand,4177,280449
1hii_ligand,4178,234151
1hii_ligand,4179,228857
1hii_ligand,4180,211732
1hii_ligand,4181,261552
1hii_ligand,4182,228164
1hii_ligand,4183,340930
1hii_ligand,4184,213746
1hii_ligand,4185,253056
1hii_ligand,4186,212537
1hii_ligand,4187,235745
1hii_ligand,4188,198663
1hii_ligand,4189,213096
1hii_ligand,4190,221768
1hii_ligand,4191,294948
1hii_ligand,4192,222782
1hii_ligand,4193,268044
1hii_ligand,4194,228667
1hii_ligand,4195,241881
1hii_ligand,4196,407412
1hii_ligand,4197,285414
1hii_ligand,4198,438501
1hii_ligand,4199,238056
1hii_ligand,4200,335673
1hii_ligand,4201,217637
1hii_ligand,4202,274883
1hii_ligand,4203,243335
1hii_ligand,4204,293361
1hii_ligand,4205,255787
1hii_ligand,4206,388533
1hii_ligand,4207,350009
1hii_ligand,4208,245547
1hii_ligand,4209,248771
1hii_ligand,4210,302486
1hii_ligand,4211,262089
1hii_ligand,4212,322799
1hii_ligand,4213,216539
1hii_ligand,4214,215456
1hii_ligand,4215,201707
1hii_ligand,4216,253154
1hii_ligand,4217,233107
1hii_ligand,4218,261138
1hii_ligand,4219,240514
1hii_ligand,4220,289744
1hii_ligand,4221,296172
1hii_ligand,4222,436688
1hii_ligand,4223,265594
1hii_ligand,4224,355467
1hii_ligand,4225,195142
1hii_ligand,4226,289020
1hii_ligand,4227,319692
1hii_ligand,4228,230472
1hii_ligand,4229,245237
1hii_ligand,4230,206982
1hii_ligand,4231,237345
1hii_ligand,4232,269318
1hii_ligand,4233,295759
1hii_ligand,4234,236504
1hii_ligand,4235,232343
1hii_ligand,4236,229394
1hii_ligand,4237,268893
1hii_ligand,4238,239272
1hii_ligand,4239,268758
1hii_ligand,4240,239177
1hii_ligand,4241,303353
1hii_ligand,4242,282137
1hii_ligand,4243,399584
1hii_ligand,4244,247959
1hii_ligand,4245,356870
1hii_ligand,4246,255863
1hii_ligand,4247,412750
1hii_ligand,4248,244630
1hii_ligand,4249,274670
1hii_ligand,4250,208986
1hii_ligand,4251,270806
1hii_ligand,4252,309884
1hii_ligand,4253,249750
1hii_ligand,4254,269283
1hii_ligand,4255,231419
1hii_ligand,4256,304737
1hii_ligand,4257,229484
1hii_ligand,4258,224599
1hii_ligand,4259,187810
1hii_ligand,4260,200618
1hii_ligand,4261,219743
1hii_ligand,4262,203288
1hii_ligand,4263,199323
1hii_ligand,4264,307909
1hii_ligand,4265,256396
1hii_ligand,4266,317702
1hii_ligand,4267,248527
1hii_ligand,4268,260783
1hii_ligand,4269,252045
1hii_ligand,4270,313639
1hii_ligand,4271,222822
1hii_ligand,4272,261156
1hii_ligand,4273,364866
1hii_ligand,4274,171297
1hii_ligand,4275,232004
1hii_ligand,4276,358888
1hii_ligand,4277,332174
1hii_ligand,4278,253543
1hii_ligand,4279,249334
1hii_ligand,4280,353864
1hii_ligand,4281,323581
1hii_ligand,4282,393616
1hii_ligand,4283,225230
1hii_ligand,4284,183312
1hii_ligand,4285,257900
1hii_ligand,4286,199334
1hii_ligand,4287,278143
1hii_ligand,4288,175043
1hii_ligand,4289,251370
1hii_ligand,4290,222149
1hii_ligand,4291,302123
1hii_ligand,4292,235177
1hii_ligand,4293,334658
1hii_ligand,4294,169227
1hii_ligand,4295,234661
1hii_ligand,4296,236496
1hii_ligand,4297,228796
1hii_ligand,4298,266840
1hii_ligand,4299,268981
1hii_ligand,4300,302491
1hii_ligand,4301,231904
1hii_ligand,4302,205058
1hii_ligand,4303,313957
1hii_ligand,4304,153938
1hii_ligand,4305,243032
1hii_ligand,4306,255669
1hii_ligand,4307,241212
1hii_ligand,4308,212663
1hii_ligand,4309,265507
1hii_ligand,4310,284755
1hii_ligand,4311,331359
1hii_ligand,4312,261414
1hii_ligand,4313,300343
1hii_ligand,4314,289928
1hii_ligand,4315,350281
1hii_ligand,4316,268174
1hii_ligand,4317,283452
1hii_ligand,4318,228175
1hii_ligand,4319,278590
1hii_ligand,4320,263959
1hii_ligand,4321,237027
1hii_ligand,4322,232875
1hii_ligand,4323,292032
1hii_ligand,4324,361722
1hii_ligand,4325,416372
1hii_ligand,4326,382686
1hii_ligand,4327,271802
1hii_ligand,4328,226815
1hii_ligand,4329,281788
1hii_ligand,4330,177943
1hii_ligand,4331,234329
1hii_ligand,4332,288918
1hii_ligand,4333,191371
1hii_ligand,4334,259905
1hii_ligand,4335,267732
1hii_ligand,4336,387169
1hii_ligand,4337,287684
1hii_ligand,4338,483289
1hii_ligand,4339,225444
1hii_ligand,4340,242621
1hii_ligand,4341,236953
1hii_ligand,4342,258617
1hii_ligand,4343,265942
1hii_ligand,4344,251927
1hii_ligand,4345,265155
1hii_ligand,4346,252227
1hii_ligand,4347,270898
1hii_ligand,4348,256185
1hii_ligand,4349,238914
1hii_ligand,4350,333680
1hii_ligand,4351,277865
1hii_ligand,4352,205245
1hii_ligand,4353,254057
1hii_ligand,4354,276121
1hii_ligand,4355,251419
1hii_ligand,4356,245615
1hii_ligand,4357,344986
1hii_ligand,4358,234850
1hii_ligand,4359,319707
1hii_ligand,4360,211225
1hii_ligand,4361,322187
1hii_ligand,4362,204369
1hii_ligand,4363,219495
1hii_ligand,4364,261224
1hii_ligand,4365,359196
1hii_ligand,4366,272128
1hii_ligand,4367,282127
1hii_ligand,4368,257463
1hii_ligand,4369,254543
1hii_ligand,4370,274479
1hii_ligand,4371,300953
1hii_ligand,4372,246838
1hii_ligand,4373,292699
1hii_ligand,4374,279190
1hii_ligand,4375,295052
1hii_ligand,4376,285435
1hii_ligand,4377,269920
1hii_ligand,4378,271241
1hii_ligand,4379,253408
1hii_ligand,4380,260332
1hii_ligand,4381,240370
1hii_ligand,4382,303237
1hii_ligand,4383,353745
1hii_ligand,4384,295047
1hii_ligand,4385,413270
1hii_ligand,4386,365812
1hii_ligand,4387,642458
1hii_ligand,4388,478659
1hii_ligand,4389,573329
1hii_ligand,4390,185740
1hii_ligand,4391,228003
1hii_ligand,4392,201581
1hii_ligand,4393,242860
1hii_ligand,4394,192332
1hii_ligand,4395,238899
1hii_ligand,4396,193061
1hii_ligand,4397,248070
1hii_ligand,4398,182202
1hii_ligand,4399,251025
1hii_ligand,4400,207615
1hii_ligand,4401,261586
1hii_ligand,4402,264394
1hii_ligand,4403,343064
1hii_ligand,4404,210380
1hii_ligand,4405,282486
1hii_ligand,4406,256584
1hii_ligand,4407,345438
1hii_ligand,4408,198215
1hii_ligand,4409,280313
1hii_ligand,4410,320345
1hii_ligand,4411,299023
1hii_ligand,4412,234262
1hii_ligand,4413,283239
1hii_ligand,4414,289138
1hii_ligand,4415,201923
1hii_ligand,4416,308745
1hii_ligand,4417,249926
1hii_ligand,4418,277585
1hii_ligand,4419,248454
1hii_ligand,4420,324216
1hii_ligand,4421,287561
1hii_ligand,4422,281643
1hii_ligand,4423,189212
1hii_ligand,4424,259226
1hii_ligand,4425,209956
1hii_ligand,4426,224323
1hii_ligand,4427,200207
1hii_ligand,4428,263159
1hii_ligand,4429,215385
1hii_ligand,4430,269975
1hii_ligand,4431,242790
1hii_ligand,4432,281228
1hii_ligand,4433,234874
1hii_ligand,4434,265803
1hii_ligand,4435,184493
1hii_ligand,4436,224415
1hii_ligand,4437,254381
1hii_ligand,4438,288763
1hii_ligand,4439,198087
1hii_ligand,4440,274349
1hii_ligand,4441,233534
1hii_ligand,4442,271494
1hii_ligand,4443,226538
1hii_ligand,4444,232125
1hii_ligand,4445,223461
1hii_ligand,4446,251256
1hii_ligand,4447,225393
1hii_ligand,4448,266431
1hii_ligand,4449,222699
1hii_ligand,4450,301841
1hii_ligand,4451,443486
1hii_ligand,4452,355775
1hii_ligand,4453,288932
1hii_ligand,4454,418953
1hii_ligand,4455,401011
1hii_ligand,4456,453629
1hii_ligand,4457,360798
1hii_ligand,4458,436951
1hii_ligand,4459,221960
1hii_ligand,4460,214638
1hii_ligand,4461,292049
1hii_ligand,4462,261910
1hii_ligand,4463,275746
1hii_ligand,4464,241315
1hii_ligand,4465,220648
1hii_ligand,4466,228084
1hii_ligand,4467,265232
1hii_ligand,4468,259360
1hii_ligand,4469,243203
1hii_ligand,4470,267895
1hii_ligand,4471,264389
1hii_ligand,4472,224339
1hii_ligand,4473,286961
1hii_ligand,4474,248639
1hii_ligand,4475,288279
1hii_ligand,4476,218982
1hii_ligand,4477,296164
1hii_ligand,4478,188682
1hii_ligand,4479,344178
1hii_ligand,4480,271022
1hii_ligand,4481,334281
1hii_ligand,4482,225377
1hii_ligand,4483,220780
1hii_ligand,4484,257089
1hii_ligand,4485,241018
1hii_ligand,4486,248276
1hii_ligand,4487,310963
1hii_ligand,4488,239256
1hii_ligand,4489,270357
1hii_ligand,4490,210631
1hii_ligand,4491,206378
1hii_ligand,4492,266052
1hii_ligand,4493,355395
1hii_ligand,4494,359838
1hii_ligand,4495,341238
1hii_ligand,4496,482576
1hii_ligand,4497,300577
1hii_ligand,4498,391338
1hii_ligand,4499,248436
1hii_ligand,4500,221842
1hii_ligand,4501,231430
1hii_ligand,4502,224828
1hii_ligand,4503,279791
1hii_ligand,4504,218512
1hii_ligand,4505,284719
1hii_ligand,4506,232696
1hii_ligand,4507,288376
1hii_ligand,4508,226191
1hii_ligand,4509,217388
1hii_ligand,4510,224224
1hii_ligand,4511,337978
1hii_ligand,4512,199098
1hii_ligand,4513,241853
1hii_ligand,4514,270048
1hii_ligand,4515,341468
1hii_ligand,4516,275655
1hii_ligand,4517,395570
1hii_ligand,4518,195714
1hii_ligand,4519,291795
1hii_ligand,4520,168031
1hii_ligand,4521,251835
1hii_ligand,4522,218102
1hii_ligand,4523,264676
1hii_ligand,4524,232489
1hii_ligand,4525,330904
1hii_ligand,4526,216591
1hii_ligand,4527,238078
1hii_ligand,4528,239713
1hii_ligand,4529,321471
1hii_ligand,4530,230207
1hii_ligand,4531,270248
1hii_ligand,4532,293275
1hii_ligand,4533,271950
1hii_ligand,4534,203141
1hii_ligand,4535,320387
1hii_ligand,4536,213831
1hii_ligand,4537,247950
1hii_ligand,4538,232430
1hii_ligand,4539,382723
1hii_ligand,4540,350673
1hii_ligand,4541,366594
1hii_ligand,4542,169612
1hii_ligand,4543,205702
1hii_ligand,4544,199982
1hii_ligand,4545,220830
1hii_ligand,4546,207818
1hii_ligand,4547,226250
1hii_ligand,4548,227626
1hii_ligand,4549,249183
1hii_ligand,4550,231248
1hii_ligand,4551,283676
1hii_ligand,4552,198771
1hii_ligand,4553,221968
1hii_ligand,4554,296151
1hii_ligand,4555,298329
1hii_ligand,4556,218533
1hii_ligand,4557,270614
1hii_ligand,4558,194384
1hii_ligand,4559,186575
1hii_ligand,4560,301913
1hii_ligand,4561,236966
1hii_ligand,4562,249654
1hii_ligand,4563,265372
1hii_ligand,4564,224315
1hii_ligand,4565,258586
1hii_ligand,4566,192796
1hii_ligand,4567,213655
1hii_ligand,4568,298388
1hii_ligand,4569,340361
1hii_ligand,4570,339982
1hii_ligand,4571,380299
1hii_ligand,4572,457874
1hii_ligand,4573,429173
1hii_ligand,4574,405093
1hii_ligand,4575,360761
1hii_ligand,4576,306927
1hii_ligand,4577,290555
1hii_ligand,4578,232679
1hii_ligand,4579,248970
1hii_ligand,4580,268120
1hii_ligand,4581,211029
1hii_ligand,4582,318832
1hii_ligand,4583,265906
1hii_ligand,4584,314226
1hii_ligand,4585,187925
1hii_ligand,4586,267307
1hii_ligand,4587,229724
1hii_ligand,4588,272867
1hii_ligand,4589,186561
1hii_ligand,4590,252225
1hii_ligand,4591,156674
1hii_ligand,4592,234224
1hii_ligand,4593,181690
1hii_ligand,4594,275797
1hii_ligand,4595,313538
1hii_ligand,4596,188083
1hii_ligand,4597,263058
1hii_ligand,4598,321096
1hii_ligand,4599,332636
1hii_ligand,4600,239639
1hii_ligand,4601,269406
1hii_ligand,4602,348392
1hii_ligand,4603,304752
1hii_ligand,4604,297027
1hii_ligand,4605,229996
1hii_ligand,4606,243021
1hii_ligand,4607,209217
1hii_ligand,4608,204327
1hii_ligand,4609,224544
1hii_ligand,4610,255689
1hii_ligand,4611,285825
1hii_ligand,4612,327906
1hii_ligand,4613,253870
1hii_ligand,4614,220606
1hii_ligand,4615,200874
1hii_ligand,4616,301129
1hii_ligand,4617,211602
1hii_ligand,4618,225442
1hii_ligand,4619,271879
1hii_ligand,4620,245044
1hii_ligand,4621,303653
1hii_ligand,4622,238251
1hii_ligand,4623,240441
1hii_ligand,4624,293674
1hii_ligand,4625,281314
1hii_ligand,4626,168383
1hii_ligand,4627,184768
1hii_ligand,4628,188769
1hii_ligand,4629,298495
1hii_ligand,4630,214446
1hii_ligand,4631,265223
1hii_ligand,4632,211453
1hii_ligand,4633,312655
1hii_ligand,4634,320138
1hii_ligand,4635,193145
1hii_ligand,4636,295071
1hii_ligand,4637,201527
1hii_ligand,4638,267224
1hii_ligand,4639,206789
1hii_ligand,4640,195569
1hii_ligand,4641,216661
1hii_ligand,4642,272984
1hii_ligand,4643,239898
1hii_ligand,4644,299235
1hii_ligand,4645,264879
1hii_ligand,4646,252539
1hii_ligand,4647,215818
1hii_ligand,4648,288833
1hii_ligand,4649,210285
1hii_ligand,4650,294971
1hii_ligand,4651,242809
1hii_ligand,4652,300757
1hii_ligand,4653,209370
1hii_ligand,4654,254002
1hii_ligand,4655,405203
1hii_ligand,4656,319073
1hii_ligand,4657,493486
1hii_ligand,4658,253460
1hii_ligand,4659,193407
1hii_ligand,4660,188020
1hii_ligand,4661,252514
1hii_ligand,4662,247718
1hii_ligand,4663,212893
1hii_ligand,4664,220964
1hii_ligand,4665,206234
1hii_ligand,4666,261564
1hii_ligand,4667,220609
1hii_ligand,4668,249141
1hii_ligand,4669,220678
1hii_ligand,4670,233805
1hii_ligand,4671,203722
1hii_ligand,4672,219268
1hii_ligand,4673,202945
1hii_ligand,4674,202241
1hii_ligand,4675,214312
1hii_ligand,4676,272422
1hii_ligand,4677,229615
1hii_ligand,4678,284175
1hii_ligand,4679,429747
1hii_ligand,4680,332038
1hii_ligand,4681,384493
1hii_ligand,4682,229898
1hii_ligand,4683,337632
1hii_ligand,4684,198709
1hii_ligand,4685,291706
1hii_ligand,4686,226506
1hii_ligand,4687,327743
1hii_ligand,4688,211528
1hii_ligand,4689,237806
1hii_ligand,4690,218611
1hii_ligand,4691,319137
1hii_ligand,4692,305660
1hii_ligand,4693,352633
1hii_ligand,4694,212605
1hii_ligand,4695,247414
1hii_ligand,4696,293474
1hii_ligand,4697,243640
1hii_ligand,4698,262628
1hii_ligand,4699,275552
1hii_ligand,4700,284793
1hii_ligand,4701,274449
1hii_ligand,4702,276330
1hii_ligand,4703,245414
1hii_ligand,4704,231642
1hii_ligand,4705,220513
1hii_ligand,4706,277200
1hii_ligand,4707,242327
1hii_ligand,4708,294032
1hii_ligand,4709,271085
1hii_ligand,4710,253447
1hii_ligand,4711,227185
1hii_ligand,4712,300744
1hii_ligand,4713,282205
1hii_ligand,4714,278663
1hii_ligand,4715,256510
1hii_ligand,4716,241410
1hii_ligand,4717,203728
1hii_ligand,4718,317829
1hii_ligand,4719,347799
1hii_ligand,4720,393615
1hii_ligand,4721,301533
1hii_ligand,4722,253719
1hii_ligand,4723,215906
1hii_ligand,4724,232594
1hii_ligand,4725,261895
1hii_ligand,4726,248282
1hii_ligand,4727,197337
1hii_ligand,4728,254589
1hii_ligand,4729,167863
1hii_ligand,4730,212747
1hii_ligand,4731,301386
1hii_ligand,4732,283542
1hii_ligand,4733,394662
1hii_ligand,4734,177790
1hii_ligand,4735,254531
1hii_ligand,4736,305052
1hii_ligand,4737,215254
1hii_ligand,4738,285814
1hii_ligand,4739,247719
1hii_ligand,4740,247244
1hii_ligand,4741,210904
1hii_ligand,4742,282763
1hii_ligand,4743,186422
1hii_ligand,4744,291736
1hii_ligand,4745,208109
1hii_ligand,4746,262492
1hii_ligand,4747,242723
1hii_ligand,4748,274911
1hii_ligand,4749,235671
1hii_ligand,4750,319136
1hii_ligand,4751,217172
1hii_ligand,4752,243572
1hii_ligand,4753,195874
1hii_ligand,4754,213464
1hii_ligand,4755,212563
1hii_ligand,4756,300930
1hii_ligand,4757,252863
1hii_ligand,4758,272696
1hii_ligand,4759,216621
1hii_ligand,4760,265627
1hii_ligand,4761,216364
1hii_ligand,4762,253038
1hii_ligand,4763,213869
1hii_ligand,4764,242214
1hii_ligand,4765,218619
1hii_ligand,4766,253104
1hii_ligand,4767,212102
1hii_ligand,4768,234153
1hii_ligand,4769,223444
1hii_ligand,4770,322021
1hii_ligand,4771,250423
1hii_ligand,4772,364192
1hii_ligand,4773,252297
1hii_ligand,4774,226532
1hii_ligand,4775,306527
1hii_ligand,4776,243704
1hii_ligand,4777,228014
1hii_ligand,4778,228683
1hii_ligand,4779,267151
1hii_ligand,4780,255117
1hii_ligand,4781,402964
1hii_ligand,4782,387123
1hii_ligand,4783,328151
1hii_ligand,4784,347893
1hii_ligand,4785,534762
1hii_ligand,4786,516573
1hii_ligand,4787,395312
1hii_ligand,4788,399461
1hii_ligand,4789,289479
1hii_ligand,4790,275054
1hii_ligand,4791,239317
1hii_ligand,4792,265510
1hii_ligand,4793,243646
1hii_ligand,4794,210220
1hii_ligand,4795,288935
1hii_ligand,4796,233218
1hii_ligand,4797,327443
1hii_ligand,4798,269514
1hii_ligand,4799,278515
1hii_ligand,4800,182192
1hii_ligand,4801,323606
1hii_ligand,4802,461393
1hii_ligand,4803,238961
1hii_ligand,4804,268827
1hii_ligand,4805,220441
1hii_ligand,4806,256563
1hii_ligand,4807,222387
1hii_ligand,4808,256961
1hii_ligand,4809,257337
1hii_ligand,4810,339809
1hii_ligand,4811,208906
1hii_ligand,4812,306987
1hii_ligand,4813,216762
1hii_ligand,4814,335781
1hii_ligand,4815,196330
1hii_ligand,4816,240009
1hii_ligand,4817,280577
1hii_ligand,4818,335291
1hii_ligand,4819,228946
1hii_ligand,4820,213461
1hii_ligand,4821,261884
1hii_ligand,4822,269812
1hii_ligand,4823,249943
1hii_ligand,4824,235434
1hii_ligand,4825,257843
1hii_ligand,4826,207175
1hii_ligand,4827,225441
1hii_ligand,4828,247545
1hii_ligand,4829,283851
1hii_ligand,4830,251698
1hii_ligand,4831,215669
1hii_ligand,4832,183171
1hii_ligand,4833,257673
1hii_ligand,4834,252672
1hii_ligand,4835,256649
1hii_ligand,4836,254117
1hii_ligand,4837,303056
1hii_ligand,4838,264274
1hii_ligand,4839,320729
1hii_ligand,4840,252339
1hii_ligand,4841,227364
1hii_ligand,4842,299656
1hii_ligand,4843,232540
1hii_ligand,4844,362404
1hii_ligand,4845,186168
1hii_ligand,4846,303941
1hii_ligand,4847,250145
1hii_ligand,4848,250004
1hii_ligand,4849,205695
1hii_ligand,4850,309194
1hii_ligand,4851,273013
1hii_ligand,4852,318129
1hii_ligand,4853,279657
1hii_ligand,4854,296905
1hii_ligand,4855,217309
1hii_ligand,4856,390790
1hii_ligand,4857,328579
1hii_ligand,4858,279726
1hii_ligand,4859,259468
1hii_ligand,4860,293884
1hii_ligand,4861,260121
1hii_ligand,4862,369022
1hii_ligand,4863,467948
1hii_ligand,4864,193266
1hii_ligand,4865,270990
1hii_ligand,4866,276044
1hii_ligand,4867,167170
1hii_ligand,4868,231304
1hii_ligand,4869,262275
1hii_ligand,4870,272533
1hii_ligand,4871,240195
1hii_ligand,4872,209424
1hii_ligand,4873,274133
1hii_ligand,4874,221746
1hii_ligand,4875,264459
1hii_ligand,4876,204138
1hii_ligand,4877,234643
1hii_ligand,4878,258917
1hii_ligand,4879,281801
1hii_ligand,4880,237145
1hii_ligand,4881,276478
1hii_ligand,4882,230126
1hii_ligand,4883,278225
1hii_ligand,4884,265081
1hii_ligand,4885,321968
1hii_ligand,4886,257141
1hii_ligand,4887,277386
1hii_ligand,4888,282730
1hii_ligand,4889,332773
1hii_ligand,4890,248029
1hii_ligand,4891,274408
1hii_ligand,4892,250838
1hii_ligand,4893,297600
1hii_ligand,4894,221093
1hii_ligand,4895,284658
1hii_ligand,4896,228440
1hii_ligand,4897,315433
1hii_ligand,4898,196448
1hii_ligand,4899,338571
1hii_ligand,4900,380776
1hii_ligand,4901,193629
1hii_ligand,4902,257818
1hii_ligand,4903,198556
1hii_ligand,4904,201075
1hii_ligand,4905,222121
1hii_ligand,4906,265592
1hii_ligand,4907,283033
1hii_ligand,4908,205016
1hii_ligand,4909,243498
1hii_ligand,4910,245271
1hii_ligand,4911,273555
1hii_ligand,4912,221383
1hii_ligand,4913,231595
1hii_ligand,4914,222116
1hii_ligand,4915,209547
1hii_ligand,4916,195738
1hii_ligand,4917,218167
1hii_ligand,4918,204412
1hii_ligand,4919,230184
1hii_ligand,4920,235365
1hii_ligand,4921,274429
1hii_ligand,4922,244389
1hii_ligand,4923,296679
1hii_ligand,4924,246867
1hii_ligand,4925,288073
1hii_ligand,4926,222678
1hii_ligand,4927,252894
1hii_ligand,4928,229225
1hii_ligand,4929,254491
1hii_ligand,4930,279325
1hii_ligand,4931,239691
1hii_ligand,4932,220337
1hii_ligand,4933,237499
1hii_ligand,4934,217474
1hii_ligand,4935,282663
1hii_ligand,4936,343421
1hii_ligand,4937,320010
1hii_ligand,4938,234668
1hii_ligand,4939,323478
1hii_ligand,4940,318735
1hii_ligand,4941,348427
1hii_ligand,4942,262700
1hii_ligand,4943,386151
1hii_ligand,4944,374344
1hii_ligand,4945,401465
1hii_ligand,4946,569989
1hii_ligand,4947,317694
1hii_ligand,4948,269571
1hii_ligand,4949,262082
1hii_ligand,4950,344463
1hii_ligand,4951,214995
1hii_ligand,4952,246777
1hii_ligand,4953,201135
1hii_ligand,4954,239137
1hii_ligand,4955,218048
1hii_ligand,4956,236093
1hii_ligand,4957,212181
1hii_ligand,4958,259725
1hii_ligand,4959,204620
1hii_ligand,4960,218693
1hii_ligand,4961,211576
1hii_ligand,4962,196977
1hii_ligand,4963,208532
1hii_ligand,4964,234490
1hii_ligand,4965,211795
1hii_ligand,4966,250106
1hii_ligand,4967,235275
1hii_ligand,4968,238055
1hii_ligand,4969,298844
1hii_ligand,4970,247407
1hii_ligand,4971,254209
1hii_ligand,4972,341535
1hii_ligand,4973,302470
1hii_ligand,4974,287275
1hii_ligand,4975,258102
1hii_ligand,4976,240973
1hii_ligand,4977,255599
1hii_ligand,4978,237542
1hii_ligand,4979,316720
1hii_ligand,4980,196263
1hii_ligand,4981,333334
1hii_ligand,4982,233517
1hii_ligand,4983,307113
1hii_ligand,4984,233874
1hii_ligand,4985,271465
1hii_ligand,4986,235982
1hii_ligand,4987,300305
1hii_ligand,4988,510648
1hii_ligand,4989,296715
1hii_ligand,4990,277846
1hii_ligand,4991,283495
1hii_ligand,4992,254571
1hii_ligand,4993,306173
1hii_ligand,4994,214782
1hii_ligand,4995,273020
1hii_ligand,4996,390939
1hii_ligand,4997,224382
1hii_ligand,4998,190895
1hii_ligand,4999,253140
