ligand,iteration,com_distance
5wuk_ligand,0,0
5wuk_ligand,1,0.385641
5wuk_ligand,2,0.202816
5wuk_ligand,3,0.509247
5wuk_ligand,4,0.308168
5wuk_ligand,5,0.555299
5wuk_ligand,6,0.325886
5wuk_ligand,7,0.687673
5wuk_ligand,8,0.44294
5wuk_ligand,9,0.393313
5wuk_ligand,10,0.38275
5wuk_ligand,11,0.472633
5wuk_ligand,12,0.593549
5wuk_ligand,13,0.460307
5wuk_ligand,14,0.552417
5wuk_ligand,15,0.63869
5wuk_ligand,16,0.848353
5wuk_ligand,17,0.816582
5wuk_ligand,18,1.00315
5wuk_ligand,19,1.07212
5wuk_ligand,20,0.970052
5wuk_ligand,21,0.849337
5wuk_ligand,22,1.09509
5wuk_ligand,23,0.85559
5wuk_ligand,24,0.963389
5wuk_ligand,25,0.90253
5wuk_ligand,26,1.11569
5wuk_ligand,27,1.02371
5wuk_ligand,28,0.955155
5wuk_ligand,29,0.995278
5wuk_ligand,30,1.00423
5wuk_ligand,31,0.964905
5wuk_ligand,32,0.927395
5wuk_ligand,33,1.07476
5wuk_ligand,34,0.908
5wuk_ligand,35,1.0819
5wuk_ligand,36,0.912135
5wuk_ligand,37,0.960759
5wuk_ligand,38,1.07709
5wuk_ligand,39,0.842907
5wuk_ligand,40,1.02258
5wuk_ligand,41,0.982202
5wuk_ligand,42,1.15976
5wuk_ligand,43,0.941824
5wuk_ligand,44,0.997833
5wuk_ligand,45,1.09609
5wuk_ligand,46,0.950701
5wuk_ligand,47,1.01134
5wuk_ligand,48,1.08079
5wuk_ligand,49,1.17089
5wuk_ligand,50,0.990137
5wuk_ligand,51,0.984817
5wuk_ligand,52,1.04282
5wuk_ligand,53,1.09455
5wuk_ligand,54,0.963748
5wuk_ligand,55,1.22087
5wuk_ligand,56,1.0043
5wuk_ligand,57,1.21679
5wuk_ligand,58,1.07126
5wuk_ligand,59,1.17614
5wuk_ligand,60,1.00778
5wuk_ligand,61,1.31523
5wuk_ligand,62,1.0522
5wuk_ligand,63,0.944952
5wuk_ligand,64,1.16863
5wuk_ligand,65,1.04532
5wuk_ligand,66,1.16244
5wuk_ligand,67,0.987179
5wuk_ligand,68,1.33848
5wuk_ligand,69,1.06622
5wuk_ligand,70,1.00636
5wuk_ligand,71,1.34792
5wuk_ligand,72,1.2823
5wuk_ligand,73,1.38273
5wuk_ligand,74,1.23299
5wuk_ligand,75,1.31447
5wuk_ligand,76,1.20244
5wuk_ligand,77,1.21799
5wuk_ligand,78,1.18169
5wuk_ligand,79,1.22158
5wuk_ligand,80,1.14005
5wuk_ligand,81,1.13784
5wuk_ligand,82,1.19409
5wuk_ligand,83,1.22463
5wuk_ligand,84,1.11422
5wuk_ligand,85,1.1592
5wuk_ligand,86,0.99548
5wuk_ligand,87,1.10951
5wuk_ligand,88,1.06384
5wuk_ligand,89,1.19388
5wuk_ligand,90,1.02439
5wuk_ligand,91,1.13181
5wuk_ligand,92,1.15538
5wuk_ligand,93,1.24791
5wuk_ligand,94,1.1044
5wuk_ligand,95,0.987634
5wuk_ligand,96,1.26936
5wuk_ligand,97,1.26873
5wuk_ligand,98,1.39421
5wuk_ligand,99,1.23083
5wuk_ligand,100,1.38581
5wuk_ligand,101,0.929886
5wuk_ligand,102,1.19254
5wuk_ligand,103,1.08901
5wuk_ligand,104,1.06442
5wuk_ligand,105,1.16596
5wuk_ligand,106,1.08486
5wuk_ligand,107,1.11469
5wuk_ligand,108,1.08333
5wuk_ligand,109,1.11438
5wuk_ligand,110,1.08411
5wuk_ligand,111,1.11094
5wuk_ligand,112,1.17196
5wuk_ligand,113,1.15985
5wuk_ligand,114,1.08221
5wuk_ligand,115,1.12159
5wuk_ligand,116,1.10328
5wuk_ligand,117,1.12988
5wuk_ligand,118,1.09548
5wuk_ligand,119,1.26361
5wuk_ligand,120,1.16006
5wuk_ligand,121,1.19761
5wuk_ligand,122,1.16306
5wuk_ligand,123,1.15593
5wuk_ligand,124,1.10597
5wuk_ligand,125,1.10441
5wuk_ligand,126,1.22743
5wuk_ligand,127,1.18253
5wuk_ligand,128,1.03537
5wuk_ligand,129,1.07674
5wuk_ligand,130,1.15508
5wuk_ligand,131,1.16881
5wuk_ligand,132,1.16364
5wuk_ligand,133,1.17991
5wuk_ligand,134,1.13701
5wuk_ligand,135,1.15287
5wuk_ligand,136,1.16698
5wuk_ligand,137,1.19296
5wuk_ligand,138,1.15913
5wuk_ligand,139,1.19076
5wuk_ligand,140,1.09988
5wuk_ligand,141,1.16819
5wuk_ligand,142,1.09238
5wuk_ligand,143,1.33821
5wuk_ligand,144,1.21851
5wuk_ligand,145,1.27993
5wuk_ligand,146,1.18149
5wuk_ligand,147,1.29319
5wuk_ligand,148,1.18112
5wuk_ligand,149,1.115
5wuk_ligand,150,1.36684
5wuk_ligand,151,1.39655
5wuk_ligand,152,1.34614
5wuk_ligand,153,1.28869
5wuk_ligand,154,1.26887
5wuk_ligand,155,1.22922
5wuk_ligand,156,1.24855
5wuk_ligand,157,1.20447
5wuk_ligand,158,1.2324
5wuk_ligand,159,1.2535
5wuk_ligand,160,1.19015
5wuk_ligand,161,1.23266
5wuk_ligand,162,1.37127
5wuk_ligand,163,1.41442
5wuk_ligand,164,1.32553
5wuk_ligand,165,1.31184
5wuk_ligand,166,1.41359
5wuk_ligand,167,1.42677
5wuk_ligand,168,1.42836
5wuk_ligand,169,1.19353
5wuk_ligand,170,1.29435
5wuk_ligand,171,1.28345
5wuk_ligand,172,1.2741
5wuk_ligand,173,1.26554
5wuk_ligand,174,1.25045
5wuk_ligand,175,1.23723
5wuk_ligand,176,1.25083
5wuk_ligand,177,1.23576
5wuk_ligand,178,1.23855
5wuk_ligand,179,1.23561
5wuk_ligand,180,1.21501
5wuk_ligand,181,1.2378
5wuk_ligand,182,1.23369
5wuk_ligand,183,1.24048
5wuk_ligand,184,1.31464
5wuk_ligand,185,1.30348
5wuk_ligand,186,1.27569
5wuk_ligand,187,1.26995
5wuk_ligand,188,1.23553
5wuk_ligand,189,1.24081
5wuk_ligand,190,1.37037
5wuk_ligand,191,1.25173
5wuk_ligand,192,1.32614
5wuk_ligand,193,1.29711
5wuk_ligand,194,1.27605
5wuk_ligand,195,1.29493
5wuk_ligand,196,1.23752
5wuk_ligand,197,1.25905
5wuk_ligand,198,1.22906
5wuk_ligand,199,1.25431
5wuk_ligand,200,1.23166
5wuk_ligand,201,1.26194
5wuk_ligand,202,1.24917
5wuk_ligand,203,1.25858
5wuk_ligand,204,1.26188
5wuk_ligand,205,1.27501
5wuk_ligand,206,1.17982
5wuk_ligand,207,1.19173
5wuk_ligand,208,1.21981
5wuk_ligand,209,1.38424
5wuk_ligand,210,1.35371
5wuk_ligand,211,1.32286
5wuk_ligand,212,1.31751
5wuk_ligand,213,1.26569
5wuk_ligand,214,1.20733
5wuk_ligand,215,1.34905
5wuk_ligand,216,1.27949
5wuk_ligand,217,1.20444
5wuk_ligand,218,1.24737
5wuk_ligand,219,1.26271
5wuk_ligand,220,1.29044
5wuk_ligand,221,1.26887
5wuk_ligand,222,1.29802
5wuk_ligand,223,1.3182
5wuk_ligand,224,1.39632
5wuk_ligand,225,1.31746
5wuk_ligand,226,1.46002
5wuk_ligand,227,1.27293
5wuk_ligand,228,1.3871
5wuk_ligand,229,1.18831
5wuk_ligand,230,1.26204
5wuk_ligand,231,1.25419
5wuk_ligand,232,1.25611
5wuk_ligand,233,1.24329
5wuk_ligand,234,1.23286
5wuk_ligand,235,1.21536
5wuk_ligand,236,1.19985
5wuk_ligand,237,1.2066
5wuk_ligand,238,1.17175
5wuk_ligand,239,1.19724
5wuk_ligand,240,1.23841
5wuk_ligand,241,1.26181
5wuk_ligand,242,1.21155
5wuk_ligand,243,1.22078
5wuk_ligand,244,1.16964
5wuk_ligand,245,1.19493
5wuk_ligand,246,1.22147
5wuk_ligand,247,1.24591
5wuk_ligand,248,1.18974
5wuk_ligand,249,1.20953
5wuk_ligand,250,1.37524
5wuk_ligand,251,1.37593
5wuk_ligand,252,1.24094
5wuk_ligand,253,1.22572
5wuk_ligand,254,1.18081
5wuk_ligand,255,1.35237
5wuk_ligand,256,1.35342
5wuk_ligand,257,1.25547
5wuk_ligand,258,1.25314
5wuk_ligand,259,1.19117
5wuk_ligand,260,1.08782
5wuk_ligand,261,1.29624
5wuk_ligand,262,1.23748
5wuk_ligand,263,1.30446
5wuk_ligand,264,1.23268
5wuk_ligand,265,1.26138
5wuk_ligand,266,1.1572
5wuk_ligand,267,1.17005
5wuk_ligand,268,1.20785
5wuk_ligand,269,1.4006
5wuk_ligand,270,1.36932
5wuk_ligand,271,1.26323
5wuk_ligand,272,1.22276
5wuk_ligand,273,1.15042
5wuk_ligand,274,1.18023
5wuk_ligand,275,1.16954
5wuk_ligand,276,1.20007
5wuk_ligand,277,1.43829
5wuk_ligand,278,1.32201
5wuk_ligand,279,1.31734
5wuk_ligand,280,1.16969
5wuk_ligand,281,1.19804
5wuk_ligand,282,1.57453
5wuk_ligand,283,1.20442
5wuk_ligand,284,1.24783
5wuk_ligand,285,1.28077
5wuk_ligand,286,1.12543
5wuk_ligand,287,1.16031
5wuk_ligand,288,1.25022
5wuk_ligand,289,1.23953
5wuk_ligand,290,1.38042
5wuk_ligand,291,1.35954
5wuk_ligand,292,1.28421
5wuk_ligand,293,1.29539
5wuk_ligand,294,1.20913
5wuk_ligand,295,1.20764
5wuk_ligand,296,1.45566
5wuk_ligand,297,1.36972
5wuk_ligand,298,1.26208
5wuk_ligand,299,1.17545
5wuk_ligand,300,1.1829
5wuk_ligand,301,1.19679
5wuk_ligand,302,1.20552
5wuk_ligand,303,1.2763
5wuk_ligand,304,1.2653
5wuk_ligand,305,1.12518
5wuk_ligand,306,1.12896
5wuk_ligand,307,1.24111
5wuk_ligand,308,1.21924
5wuk_ligand,309,1.22223
5wuk_ligand,310,1.20347
5wuk_ligand,311,1.12169
5wuk_ligand,312,1.2743
5wuk_ligand,313,1.22099
5wuk_ligand,314,1.15263
5wuk_ligand,315,1.17601
5wuk_ligand,316,1.18346
5wuk_ligand,317,1.51628
5wuk_ligand,318,1.47218
5wuk_ligand,319,1.24451
5wuk_ligand,320,1.13294
5wuk_ligand,321,1.19125
5wuk_ligand,322,1.19408
5wuk_ligand,323,1.40555
5wuk_ligand,324,1.28158
5wuk_ligand,325,1.32513
5wuk_ligand,326,1.27265
5wuk_ligand,327,1.25576
5wuk_ligand,328,1.11174
5wuk_ligand,329,1.43974
5wuk_ligand,330,1.45908
5wuk_ligand,331,1.43904
5wuk_ligand,332,1.36037
5wuk_ligand,333,1.37777
5wuk_ligand,334,1.31895
5wuk_ligand,335,1.31667
5wuk_ligand,336,1.20673
5wuk_ligand,337,1.24423
5wuk_ligand,338,1.12533
5wuk_ligand,339,1.43689
5wuk_ligand,340,1.43149
5wuk_ligand,341,1.34481
5wuk_ligand,342,1.43206
5wuk_ligand,343,1.30174
5wuk_ligand,344,1.28537
5wuk_ligand,345,1.18002
5wuk_ligand,346,1.21667
5wuk_ligand,347,1.19539
5wuk_ligand,348,1.41761
5wuk_ligand,349,1.30935
5wuk_ligand,350,1.36733
5wuk_ligand,351,1.23953
5wuk_ligand,352,1.20714
5wuk_ligand,353,1.20804
5wuk_ligand,354,1.25363
5wuk_ligand,355,1.22624
5wuk_ligand,356,1.25444
5wuk_ligand,357,1.3135
5wuk_ligand,358,1.46017
5wuk_ligand,359,1.41151
5wuk_ligand,360,1.04048
5wuk_ligand,361,1.35727
5wuk_ligand,362,1.33783
5wuk_ligand,363,1.3114
5wuk_ligand,364,1.2947
5wuk_ligand,365,1.27446
5wuk_ligand,366,1.2581
5wuk_ligand,367,1.25695
5wuk_ligand,368,1.31228
5wuk_ligand,369,1.27097
5wuk_ligand,370,1.2641
5wuk_ligand,371,1.31273
5wuk_ligand,372,1.28807
5wuk_ligand,373,1.27685
5wuk_ligand,374,1.2495
5wuk_ligand,375,1.26551
5wuk_ligand,376,1.25575
5wuk_ligand,377,1.35625
5wuk_ligand,378,1.28425
5wuk_ligand,379,1.21548
5wuk_ligand,380,1.2215
5wuk_ligand,381,1.2281
5wuk_ligand,382,1.22645
5wuk_ligand,383,1.45869
5wuk_ligand,384,1.398
5wuk_ligand,385,1.32987
5wuk_ligand,386,1.30315
5wuk_ligand,387,1.22865
5wuk_ligand,388,1.14994
5wuk_ligand,389,1.31034
5wuk_ligand,390,1.25376
5wuk_ligand,391,1.19168
5wuk_ligand,392,1.39565
5wuk_ligand,393,1.36946
5wuk_ligand,394,1.26029
5wuk_ligand,395,1.19067
5wuk_ligand,396,1.21309
5wuk_ligand,397,1.2055
5wuk_ligand,398,1.43661
5wuk_ligand,399,1.35262
5wuk_ligand,400,1.22941
5wuk_ligand,401,1.28295
5wuk_ligand,402,1.27141
5wuk_ligand,403,1.17624
5wuk_ligand,404,1.4481
5wuk_ligand,405,1.27743
5wuk_ligand,406,1.27002
5wuk_ligand,407,1.49531
5wuk_ligand,408,1.40274
5wuk_ligand,409,1.44007
5wuk_ligand,410,1.27376
5wuk_ligand,411,1.29373
5wuk_ligand,412,1.36649
5wuk_ligand,413,1.07019
5wuk_ligand,414,1.44042
5wuk_ligand,415,1.67464
5wuk_ligand,416,1.54959
5wuk_ligand,417,1.5275
5wuk_ligand,418,1.36341
5wuk_ligand,419,1.57237
5wuk_ligand,420,1.38215
5wuk_ligand,421,1.37171
5wuk_ligand,422,1.03849
5wuk_ligand,423,1.31871
5wuk_ligand,424,1.42349
5wuk_ligand,425,1.28865
5wuk_ligand,426,1.26546
5wuk_ligand,427,1.24111
5wuk_ligand,428,1.24193
5wuk_ligand,429,1.24299
5wuk_ligand,430,1.24431
5wuk_ligand,431,1.19363
5wuk_ligand,432,1.26424
5wuk_ligand,433,1.30429
5wuk_ligand,434,1.27017
5wuk_ligand,435,1.26079
5wuk_ligand,436,1.25403
5wuk_ligand,437,1.24791
5wuk_ligand,438,1.2367
5wuk_ligand,439,1.317
5wuk_ligand,440,1.28207
5wuk_ligand,441,1.27444
5wuk_ligand,442,1.24919
5wuk_ligand,443,1.27331
5wuk_ligand,444,1.26623
5wuk_ligand,445,1.41977
5wuk_ligand,446,1.36524
5wuk_ligand,447,1.26385
5wuk_ligand,448,1.16362
5wuk_ligand,449,1.19856
5wuk_ligand,450,1.1958
5wuk_ligand,451,1.19921
5wuk_ligand,452,1.19594
5wuk_ligand,453,1.20212
5wuk_ligand,454,1.1974
5wuk_ligand,455,1.18125
5wuk_ligand,456,1.22968
5wuk_ligand,457,1.21561
5wuk_ligand,458,1.36639
5wuk_ligand,459,1.33855
5wuk_ligand,460,1.25299
5wuk_ligand,461,1.17721
5wuk_ligand,462,1.25901
5wuk_ligand,463,1.2591
5wuk_ligand,464,1.25943
5wuk_ligand,465,1.23035
5wuk_ligand,466,1.2201
5wuk_ligand,467,1.21692
5wuk_ligand,468,1.33887
5wuk_ligand,469,1.14943
5wuk_ligand,470,1.41163
5wuk_ligand,471,1.41832
5wuk_ligand,472,1.31043
5wuk_ligand,473,1.30018
5wuk_ligand,474,1.22133
5wuk_ligand,475,1.26081
5wuk_ligand,476,1.2442
5wuk_ligand,477,1.23184
5wuk_ligand,478,1.20895
5wuk_ligand,479,1.25894
5wuk_ligand,480,1.15368
5wuk_ligand,481,1.19169
5wuk_ligand,482,1.33511
5wuk_ligand,483,1.23921
5wuk_ligand,484,1.14909
5wuk_ligand,485,1.34762
5wuk_ligand,486,1.36231
5wuk_ligand,487,1.18623
5wuk_ligand,488,1.11504
5wuk_ligand,489,1.35272
5wuk_ligand,490,1.2966
5wuk_ligand,491,1.22449
5wuk_ligand,492,1.27166
5wuk_ligand,493,1.2656
5wuk_ligand,494,1.14358
5wuk_ligand,495,1.19655
5wuk_ligand,496,1.36227
5wuk_ligand,497,1.22992
5wuk_ligand,498,1.12869
5wuk_ligand,499,1.4563
5wuk_ligand,500,1.3317
5wuk_ligand,501,1.23022
5wuk_ligand,502,1.15883
5wuk_ligand,503,1.33117
5wuk_ligand,504,1.26472
5wuk_ligand,505,1.14473
5wuk_ligand,506,1.18597
5wuk_ligand,507,1.36806
5wuk_ligand,508,1.19469
5wuk_ligand,509,1.31798
5wuk_ligand,510,1.36669
5wuk_ligand,511,1.21969
5wuk_ligand,512,1.28376
5wuk_ligand,513,1.26018
5wuk_ligand,514,1.23722
5wuk_ligand,515,1.2129
5wuk_ligand,516,1.33037
5wuk_ligand,517,1.1132
5wuk_ligand,518,1.46333
5wuk_ligand,519,1.22383
5wuk_ligand,520,1.11049
5wuk_ligand,521,1.36354
5wuk_ligand,522,1.63751
5wuk_ligand,523,1.44709
5wuk_ligand,524,1.43366
5wuk_ligand,525,1.32809
5wuk_ligand,526,1.29404
5wuk_ligand,527,1.24515
5wuk_ligand,528,1.22578
5wuk_ligand,529,1.20473
5wuk_ligand,530,1.40461
5wuk_ligand,531,1.14939
5wuk_ligand,532,1.46736
5wuk_ligand,533,1.24957
5wuk_ligand,534,1.14506
5wuk_ligand,535,1.21278
5wuk_ligand,536,1.21577
5wuk_ligand,537,1.21432
5wuk_ligand,538,1.22871
5wuk_ligand,539,1.19805
5wuk_ligand,540,1.2158
5wuk_ligand,541,1.20218
5wuk_ligand,542,1.26649
5wuk_ligand,543,1.14499
5wuk_ligand,544,1.17959
5wuk_ligand,545,1.39929
5wuk_ligand,546,1.18903
5wuk_ligand,547,1.53849
5wuk_ligand,548,1.16425
5wuk_ligand,549,1.52013
5wuk_ligand,550,1.02076
5wuk_ligand,551,1.41965
5wuk_ligand,552,1.24204
5wuk_ligand,553,1.25333
5wuk_ligand,554,1.24763
5wuk_ligand,555,1.24293
5wuk_ligand,556,1.23678
5wuk_ligand,557,1.23751
5wuk_ligand,558,1.23873
5wuk_ligand,559,1.23286
5wuk_ligand,560,1.22664
5wuk_ligand,561,1.23724
5wuk_ligand,562,1.2253
5wuk_ligand,563,1.24884
5wuk_ligand,564,1.17646
5wuk_ligand,565,1.20743
5wuk_ligand,566,1.21556
5wuk_ligand,567,1.22445
5wuk_ligand,568,1.22578
5wuk_ligand,569,1.14609
5wuk_ligand,570,1.15608
5wuk_ligand,571,1.31597
5wuk_ligand,572,1.27366
5wuk_ligand,573,1.18372
5wuk_ligand,574,1.22992
5wuk_ligand,575,1.21929
5wuk_ligand,576,1.23259
5wuk_ligand,577,1.22428
5wuk_ligand,578,1.2219
5wuk_ligand,579,1.20963
5wuk_ligand,580,1.27881
5wuk_ligand,581,1.16527
5wuk_ligand,582,1.3965
5wuk_ligand,583,1.21658
5wuk_ligand,584,1.23943
5wuk_ligand,585,1.21485
5wuk_ligand,586,1.29856
5wuk_ligand,587,1.19168
5wuk_ligand,588,1.21821
5wuk_ligand,589,1.24437
5wuk_ligand,590,1.21383
5wuk_ligand,591,1.2349
5wuk_ligand,592,1.21143
5wuk_ligand,593,1.23085
5wuk_ligand,594,1.20324
5wuk_ligand,595,1.33986
5wuk_ligand,596,1.15602
5wuk_ligand,597,1.16477
5wuk_ligand,598,1.50099
5wuk_ligand,599,1.48303
5wuk_ligand,600,1.39803
5wuk_ligand,601,1.32404
5wuk_ligand,602,1.26934
5wuk_ligand,603,1.15769
5wuk_ligand,604,1.4239
5wuk_ligand,605,1.248
5wuk_ligand,606,1.25642
5wuk_ligand,607,1.20149
5wuk_ligand,608,1.2271
5wuk_ligand,609,1.17931
5wuk_ligand,610,1.20716
5wuk_ligand,611,1.23081
5wuk_ligand,612,1.20167
5wuk_ligand,613,1.21308
5wuk_ligand,614,1.26488
5wuk_ligand,615,1.12489
5wuk_ligand,616,1.39246
5wuk_ligand,617,1.19441
5wuk_ligand,618,1.28003
5wuk_ligand,619,1.20127
5wuk_ligand,620,1.21994
5wuk_ligand,621,1.22814
5wuk_ligand,622,1.24159
5wuk_ligand,623,1.13166
5wuk_ligand,624,1.40971
5wuk_ligand,625,1.10746
5wuk_ligand,626,1.44941
5wuk_ligand,627,1.20584
5wuk_ligand,628,1.58189
5wuk_ligand,629,1.15526
5wuk_ligand,630,1.47092
5wuk_ligand,631,1.07287
5wuk_ligand,632,1.41568
5wuk_ligand,633,1.53816
5wuk_ligand,634,1.26734
5wuk_ligand,635,1.25112
5wuk_ligand,636,1.23909
5wuk_ligand,637,1.25142
5wuk_ligand,638,1.3014
5wuk_ligand,639,1.25543
5wuk_ligand,640,1.26678
5wuk_ligand,641,1.26295
5wuk_ligand,642,1.26214
5wuk_ligand,643,1.26158
5wuk_ligand,644,1.29605
5wuk_ligand,645,1.25255
5wuk_ligand,646,1.24997
5wuk_ligand,647,1.24757
5wuk_ligand,648,1.24555
5wuk_ligand,649,1.29484
5wuk_ligand,650,1.26502
5wuk_ligand,651,1.26079
5wuk_ligand,652,1.29039
5wuk_ligand,653,1.22799
5wuk_ligand,654,1.22434
5wuk_ligand,655,1.30693
5wuk_ligand,656,1.2484
5wuk_ligand,657,1.24562
5wuk_ligand,658,1.26008
5wuk_ligand,659,1.24243
5wuk_ligand,660,1.26444
5wuk_ligand,661,1.1731
5wuk_ligand,662,1.4056
5wuk_ligand,663,1.13036
5wuk_ligand,664,1.40541
5wuk_ligand,665,1.21705
5wuk_ligand,666,1.16851
5wuk_ligand,667,1.51207
5wuk_ligand,668,1.62806
5wuk_ligand,669,1.20695
5wuk_ligand,670,1.25731
5wuk_ligand,671,1.16436
5wuk_ligand,672,1.36375
5wuk_ligand,673,1.24636
5wuk_ligand,674,1.16193
5wuk_ligand,675,1.18121
5wuk_ligand,676,1.3029
5wuk_ligand,677,1.1857
5wuk_ligand,678,1.2278
5wuk_ligand,679,1.24707
5wuk_ligand,680,1.2349
5wuk_ligand,681,1.25263
5wuk_ligand,682,1.23622
5wuk_ligand,683,1.16421
5wuk_ligand,684,1.43427
5wuk_ligand,685,1.15216
5wuk_ligand,686,1.16906
5wuk_ligand,687,1.31059
5wuk_ligand,688,1.25916
5wuk_ligand,689,1.28049
5wuk_ligand,690,1.19042
5wuk_ligand,691,1.4519
5wuk_ligand,692,1.37262
5wuk_ligand,693,1.35104
5wuk_ligand,694,1.32762
5wuk_ligand,695,1.23098
5wuk_ligand,696,1.27073
5wuk_ligand,697,1.26973
5wuk_ligand,698,1.18386
5wuk_ligand,699,1.24345
5wuk_ligand,700,1.25785
5wuk_ligand,701,1.25376
5wuk_ligand,702,1.17747
5wuk_ligand,703,1.39326
5wuk_ligand,704,1.16829
5wuk_ligand,705,1.19237
5wuk_ligand,706,1.49313
5wuk_ligand,707,1.4138
5wuk_ligand,708,1.30624
5wuk_ligand,709,1.24166
5wuk_ligand,710,1.28296
5wuk_ligand,711,1.26537
5wuk_ligand,712,1.27817
5wuk_ligand,713,1.25439
5wuk_ligand,714,1.25911
5wuk_ligand,715,1.26871
5wuk_ligand,716,1.2778
5wuk_ligand,717,1.29414
5wuk_ligand,718,1.23707
5wuk_ligand,719,1.26593
5wuk_ligand,720,1.28329
5wuk_ligand,721,1.23013
5wuk_ligand,722,1.21825
5wuk_ligand,723,1.45291
5wuk_ligand,724,1.29575
5wuk_ligand,725,1.30711
5wuk_ligand,726,1.29711
5wuk_ligand,727,1.28969
5wuk_ligand,728,1.18177
5wuk_ligand,729,1.21626
5wuk_ligand,730,1.29764
5wuk_ligand,731,1.20738
5wuk_ligand,732,1.26393
5wuk_ligand,733,1.27191
5wuk_ligand,734,1.27971
5wuk_ligand,735,1.17381
5wuk_ligand,736,1.4005
5wuk_ligand,737,1.38183
5wuk_ligand,738,1.25737
5wuk_ligand,739,1.28541
5wuk_ligand,740,1.27845
5wuk_ligand,741,1.2648
5wuk_ligand,742,1.24406
5wuk_ligand,743,1.24485
5wuk_ligand,744,1.24614
5wuk_ligand,745,1.24781
5wuk_ligand,746,1.26297
5wuk_ligand,747,1.25749
5wuk_ligand,748,1.27623
5wuk_ligand,749,1.22569
5wuk_ligand,750,1.26073
5wuk_ligand,751,1.28667
5wuk_ligand,752,1.20334
5wuk_ligand,753,1.50761
5wuk_ligand,754,1.42872
5wuk_ligand,755,1.37309
5wuk_ligand,756,1.3194
5wuk_ligand,757,1.31015
5wuk_ligand,758,1.29988
5wuk_ligand,759,1.2849
5wuk_ligand,760,1.27753
5wuk_ligand,761,1.28561
5wuk_ligand,762,1.29206
5wuk_ligand,763,1.29705
5wuk_ligand,764,1.30342
5wuk_ligand,765,1.30513
5wuk_ligand,766,1.27307
5wuk_ligand,767,1.28601
5wuk_ligand,768,1.29989
5wuk_ligand,769,1.24489
5wuk_ligand,770,1.25476
5wuk_ligand,771,1.25548
5wuk_ligand,772,1.28169
5wuk_ligand,773,1.28899
5wuk_ligand,774,1.32385
5wuk_ligand,775,1.15384
5wuk_ligand,776,1.46511
5wuk_ligand,777,1.18258
5wuk_ligand,778,1.46415
5wuk_ligand,779,1.10091
5wuk_ligand,780,1.47423
5wuk_ligand,781,1.07382
5wuk_ligand,782,1.48377
5wuk_ligand,783,1.0873
5wuk_ligand,784,1.66315
5wuk_ligand,785,1.03373
5wuk_ligand,786,1.48767
5wuk_ligand,787,1.9339
5wuk_ligand,788,1.20843
5wuk_ligand,789,1.29087
5wuk_ligand,790,1.53281
5wuk_ligand,791,1.24068
5wuk_ligand,792,1.22345
5wuk_ligand,793,1.21195
5wuk_ligand,794,1.28436
5wuk_ligand,795,1.23911
5wuk_ligand,796,1.28449
5wuk_ligand,797,1.27631
5wuk_ligand,798,1.2687
5wuk_ligand,799,1.26157
5wuk_ligand,800,1.29257
5wuk_ligand,801,1.28229
5wuk_ligand,802,1.24309
5wuk_ligand,803,1.29023
5wuk_ligand,804,1.27959
5wuk_ligand,805,1.26906
5wuk_ligand,806,1.25841
5wuk_ligand,807,1.28998
5wuk_ligand,808,1.27442
5wuk_ligand,809,1.26487
5wuk_ligand,810,1.24476
5wuk_ligand,811,1.23202
5wuk_ligand,812,1.29254
5wuk_ligand,813,1.26469
5wuk_ligand,814,1.26755
5wuk_ligand,815,1.2606
5wuk_ligand,816,1.26003
5wuk_ligand,817,1.20193
5wuk_ligand,818,1.3475
5wuk_ligand,819,1.1925
5wuk_ligand,820,1.20722
5wuk_ligand,821,1.21534
5wuk_ligand,822,1.22245
5wuk_ligand,823,1.22829
5wuk_ligand,824,1.23099
5wuk_ligand,825,1.23841
5wuk_ligand,826,1.17069
5wuk_ligand,827,1.43961
5wuk_ligand,828,1.31083
5wuk_ligand,829,1.32036
5wuk_ligand,830,1.30278
5wuk_ligand,831,1.31994
5wuk_ligand,832,1.19672
5wuk_ligand,833,1.46783
5wuk_ligand,834,1.25997
5wuk_ligand,835,1.2818
5wuk_ligand,836,1.30542
5wuk_ligand,837,1.18667
5wuk_ligand,838,1.49398
5wuk_ligand,839,1.21517
5wuk_ligand,840,1.36155
5wuk_ligand,841,1.15692
5wuk_ligand,842,1.49546
5wuk_ligand,843,1.2678
5wuk_ligand,844,1.20565
5wuk_ligand,845,1.23584
5wuk_ligand,846,1.245
5wuk_ligand,847,1.25247
5wuk_ligand,848,1.25962
5wuk_ligand,849,1.26676
5wuk_ligand,850,1.27435
5wuk_ligand,851,1.17819
5wuk_ligand,852,1.36935
5wuk_ligand,853,1.29321
5wuk_ligand,854,1.28194
5wuk_ligand,855,1.2644
5wuk_ligand,856,1.27074
5wuk_ligand,857,1.281
5wuk_ligand,858,1.20514
5wuk_ligand,859,1.43959
5wuk_ligand,860,1.14079
5wuk_ligand,861,1.44008
5wuk_ligand,862,1.16949
5wuk_ligand,863,1.50949
5wuk_ligand,864,1.10808
5wuk_ligand,865,1.33328
5wuk_ligand,866,1.35075
5wuk_ligand,867,1.1928
5wuk_ligand,868,1.25622
5wuk_ligand,869,1.2631
5wuk_ligand,870,1.27771
5wuk_ligand,871,1.23451
5wuk_ligand,872,1.24709
5wuk_ligand,873,1.286
5wuk_ligand,874,1.24775
5wuk_ligand,875,1.26075
5wuk_ligand,876,1.2599
5wuk_ligand,877,1.25997
5wuk_ligand,878,1.27536
5wuk_ligand,879,1.27265
5wuk_ligand,880,1.22652
5wuk_ligand,881,1.2781
5wuk_ligand,882,1.27318
5wuk_ligand,883,1.26635
5wuk_ligand,884,1.25688
5wuk_ligand,885,1.2697
5wuk_ligand,886,1.25905
5wuk_ligand,887,1.26626
5wuk_ligand,888,1.2742
5wuk_ligand,889,1.20038
5wuk_ligand,890,1.36538
5wuk_ligand,891,1.31342
5wuk_ligand,892,1.29442
5wuk_ligand,893,1.28136
5wuk_ligand,894,1.21157
5wuk_ligand,895,1.18983
5wuk_ligand,896,1.45352
5wuk_ligand,897,1.21684
5wuk_ligand,898,1.24892
5wuk_ligand,899,1.36004
5wuk_ligand,900,1.34959
5wuk_ligand,901,1.27401
5wuk_ligand,902,1.28341
5wuk_ligand,903,1.26398
5wuk_ligand,904,1.2672
5wuk_ligand,905,1.26434
5wuk_ligand,906,1.26194
5wuk_ligand,907,1.26968
5wuk_ligand,908,1.26942
5wuk_ligand,909,1.30559
5wuk_ligand,910,1.21727
5wuk_ligand,911,1.44462
5wuk_ligand,912,1.11181
5wuk_ligand,913,1.43977
5wuk_ligand,914,1.07778
5wuk_ligand,915,1.44317
5wuk_ligand,916,1.12124
5wuk_ligand,917,1.48088
5wuk_ligand,918,1.12991
5wuk_ligand,919,1.58682
5wuk_ligand,920,1.13949
5wuk_ligand,921,1.25045
5wuk_ligand,922,1.79888
5wuk_ligand,923,1.21185
5wuk_ligand,924,1.28345
5wuk_ligand,925,1.29967
5wuk_ligand,926,1.27733
5wuk_ligand,927,1.28472
5wuk_ligand,928,1.28786
5wuk_ligand,929,1.31729
5wuk_ligand,930,1.30447
5wuk_ligand,931,1.30022
5wuk_ligand,932,1.29566
5wuk_ligand,933,1.27506
5wuk_ligand,934,1.30731
5wuk_ligand,935,1.29596
5wuk_ligand,936,1.29113
5wuk_ligand,937,1.28577
5wuk_ligand,938,1.30852
5wuk_ligand,939,1.3037
5wuk_ligand,940,1.29829
5wuk_ligand,941,1.29216
5wuk_ligand,942,1.30473
5wuk_ligand,943,1.27103
5wuk_ligand,944,1.30748
5wuk_ligand,945,1.29639
5wuk_ligand,946,1.28872
5wuk_ligand,947,1.27791
5wuk_ligand,948,1.27849
5wuk_ligand,949,1.2765
5wuk_ligand,950,1.28673
5wuk_ligand,951,1.28548
5wuk_ligand,952,1.24373
5wuk_ligand,953,1.35079
5wuk_ligand,954,1.29045
5wuk_ligand,955,1.27692
5wuk_ligand,956,1.35107
5wuk_ligand,957,1.28671
5wuk_ligand,958,1.28091
5wuk_ligand,959,1.28236
5wuk_ligand,960,1.27664
5wuk_ligand,961,1.26505
5wuk_ligand,962,1.25258
5wuk_ligand,963,1.25317
5wuk_ligand,964,1.24616
5wuk_ligand,965,1.2476
5wuk_ligand,966,1.23947
5wuk_ligand,967,1.24359
5wuk_ligand,968,1.23574
5wuk_ligand,969,1.2466
5wuk_ligand,970,1.2476
5wuk_ligand,971,1.25427
5wuk_ligand,972,1.26074
5wuk_ligand,973,1.39616
5wuk_ligand,974,1.29583
5wuk_ligand,975,1.30948
5wuk_ligand,976,1.14644
5wuk_ligand,977,1.34728
5wuk_ligand,978,1.26021
5wuk_ligand,979,1.30666
5wuk_ligand,980,1.30508
5wuk_ligand,981,1.31245
5wuk_ligand,982,1.304
5wuk_ligand,983,1.3027
5wuk_ligand,984,1.29615
5wuk_ligand,985,1.28573
5wuk_ligand,986,1.27401
5wuk_ligand,987,1.27005
5wuk_ligand,988,1.26572
5wuk_ligand,989,1.26107
5wuk_ligand,990,1.25613
5wuk_ligand,991,1.25361
5wuk_ligand,992,1.24632
5wuk_ligand,993,1.24551
5wuk_ligand,994,1.24495
5wuk_ligand,995,1.24521
5wuk_ligand,996,1.24569
5wuk_ligand,997,1.2374
5wuk_ligand,998,1.23956
5wuk_ligand,999,1.25193
5wuk_ligand,1000,1.37588
5wuk_ligand,1001,1.19338
5wuk_ligand,1002,1.31129
5wuk_ligand,1003,1.24206
5wuk_ligand,1004,1.23854
5wuk_ligand,1005,1.23507
5wuk_ligand,1006,1.23196
5wuk_ligand,1007,1.22534
5wuk_ligand,1008,1.43866
5wuk_ligand,1009,1.31649
5wuk_ligand,1010,1.29775
5wuk_ligand,1011,1.29181
5wuk_ligand,1012,1.26507
5wuk_ligand,1013,1.26105
5wuk_ligand,1014,1.25671
5wuk_ligand,1015,1.25744
5wuk_ligand,1016,1.25585
5wuk_ligand,1017,1.25011
5wuk_ligand,1018,1.24691
5wuk_ligand,1019,1.24444
5wuk_ligand,1020,1.23636
5wuk_ligand,1021,1.23898
5wuk_ligand,1022,1.23061
5wuk_ligand,1023,1.2218
5wuk_ligand,1024,1.24013
5wuk_ligand,1025,1.3504
5wuk_ligand,1026,1.19568
5wuk_ligand,1027,1.29487
5wuk_ligand,1028,1.13467
5wuk_ligand,1029,1.42342
5wuk_ligand,1030,1.23447
5wuk_ligand,1031,1.2108
5wuk_ligand,1032,1.2053
5wuk_ligand,1033,1.49461
5wuk_ligand,1034,1.27251
5wuk_ligand,1035,1.28286
5wuk_ligand,1036,1.25554
5wuk_ligand,1037,1.2298
5wuk_ligand,1038,1.21116
5wuk_ligand,1039,1.19212
5wuk_ligand,1040,1.45429
5wuk_ligand,1041,1.33578
5wuk_ligand,1042,1.30682
5wuk_ligand,1043,1.30274
5wuk_ligand,1044,1.29653
5wuk_ligand,1045,1.27676
5wuk_ligand,1046,1.26495
5wuk_ligand,1047,1.23271
5wuk_ligand,1048,1.23143
5wuk_ligand,1049,1.19392
5wuk_ligand,1050,1.18547
5wuk_ligand,1051,1.36497
5wuk_ligand,1052,1.40891
5wuk_ligand,1053,1.34526
5wuk_ligand,1054,1.42648
5wuk_ligand,1055,1.38804
5wuk_ligand,1056,1.32622
5wuk_ligand,1057,1.29385
5wuk_ligand,1058,1.25934
5wuk_ligand,1059,1.22074
5wuk_ligand,1060,1.17646
5wuk_ligand,1061,1.39188
5wuk_ligand,1062,1.16316
5wuk_ligand,1063,1.37818
5wuk_ligand,1064,1.28433
5wuk_ligand,1065,1.2693
5wuk_ligand,1066,1.25059
5wuk_ligand,1067,1.22643
5wuk_ligand,1068,1.19524
5wuk_ligand,1069,1.16834
5wuk_ligand,1070,1.3274
5wuk_ligand,1071,1.25902
5wuk_ligand,1072,1.24457
5wuk_ligand,1073,1.19282
5wuk_ligand,1074,1.1629
5wuk_ligand,1075,1.2932
5wuk_ligand,1076,1.38946
5wuk_ligand,1077,1.21863
5wuk_ligand,1078,1.50823
5wuk_ligand,1079,1.09216
5wuk_ligand,1080,1.33687
5wuk_ligand,1081,1.32623
5wuk_ligand,1082,1.29529
5wuk_ligand,1083,1.27364
5wuk_ligand,1084,1.2503
5wuk_ligand,1085,1.22441
5wuk_ligand,1086,1.1951
5wuk_ligand,1087,1.17094
5wuk_ligand,1088,1.16604
5wuk_ligand,1089,1.41077
5wuk_ligand,1090,1.26344
5wuk_ligand,1091,1.23443
5wuk_ligand,1092,1.21568
5wuk_ligand,1093,1.19406
5wuk_ligand,1094,1.18576
5wuk_ligand,1095,1.18169
5wuk_ligand,1096,1.17618
5wuk_ligand,1097,1.17269
5wuk_ligand,1098,1.37825
5wuk_ligand,1099,1.3262
5wuk_ligand,1100,1.29623
5wuk_ligand,1101,1.24252
5wuk_ligand,1102,1.20476
5wuk_ligand,1103,1.20568
5wuk_ligand,1104,1.18066
5wuk_ligand,1105,1.19003
5wuk_ligand,1106,1.17059
5wuk_ligand,1107,1.38527
5wuk_ligand,1108,1.20673
5wuk_ligand,1109,1.46837
5wuk_ligand,1110,1.24243
5wuk_ligand,1111,1.25402
5wuk_ligand,1112,1.27587
5wuk_ligand,1113,1.32734
5wuk_ligand,1114,1.29232
5wuk_ligand,1115,1.24426
5wuk_ligand,1116,1.19003
5wuk_ligand,1117,1.17628
5wuk_ligand,1118,1.43666
5wuk_ligand,1119,1.20714
5wuk_ligand,1120,1.23806
5wuk_ligand,1121,1.17933
5wuk_ligand,1122,1.18291
5wuk_ligand,1123,1.45033
5wuk_ligand,1124,1.27562
5wuk_ligand,1125,1.23972
5wuk_ligand,1126,1.4284
5wuk_ligand,1127,1.22932
5wuk_ligand,1128,1.20885
5wuk_ligand,1129,1.17776
5wuk_ligand,1130,1.17907
5wuk_ligand,1131,1.44496
5wuk_ligand,1132,1.23208
5wuk_ligand,1133,1.25442
5wuk_ligand,1134,1.20098
5wuk_ligand,1135,1.13823
5wuk_ligand,1136,1.3509
5wuk_ligand,1137,1.28669
5wuk_ligand,1138,1.41385
5wuk_ligand,1139,1.18745
5wuk_ligand,1140,1.16924
5wuk_ligand,1141,1.44164
5wuk_ligand,1142,1.11211
5wuk_ligand,1143,1.16186
5wuk_ligand,1144,1.48655
5wuk_ligand,1145,1.19252
5wuk_ligand,1146,1.26696
5wuk_ligand,1147,1.2479
5wuk_ligand,1148,1.22956
5wuk_ligand,1149,1.21239
5wuk_ligand,1150,1.19857
5wuk_ligand,1151,1.18372
5wuk_ligand,1152,1.16674
5wuk_ligand,1153,1.31632
5wuk_ligand,1154,1.28655
5wuk_ligand,1155,1.26248
5wuk_ligand,1156,1.23859
5wuk_ligand,1157,1.20591
5wuk_ligand,1158,1.18537
5wuk_ligand,1159,1.16067
5wuk_ligand,1160,1.28418
5wuk_ligand,1161,1.26769
5wuk_ligand,1162,1.22877
5wuk_ligand,1163,1.18279
5wuk_ligand,1164,1.13969
5wuk_ligand,1165,1.37083
5wuk_ligand,1166,1.36738
5wuk_ligand,1167,1.33455
5wuk_ligand,1168,1.37067
5wuk_ligand,1169,1.27216
5wuk_ligand,1170,1.5467
5wuk_ligand,1171,1.10164
5wuk_ligand,1172,1.17154
5wuk_ligand,1173,1.28863
5wuk_ligand,1174,1.32748
5wuk_ligand,1175,1.3047
5wuk_ligand,1176,1.28271
5wuk_ligand,1177,1.26095
5wuk_ligand,1178,1.24004
5wuk_ligand,1179,1.21699
5wuk_ligand,1180,1.19423
5wuk_ligand,1181,1.17548
5wuk_ligand,1182,1.16276
5wuk_ligand,1183,1.32919
5wuk_ligand,1184,1.28315
5wuk_ligand,1185,1.25119
5wuk_ligand,1186,1.21146
5wuk_ligand,1187,1.18235
5wuk_ligand,1188,1.17317
5wuk_ligand,1189,1.17433
5wuk_ligand,1190,1.17466
5wuk_ligand,1191,1.17668
5wuk_ligand,1192,1.1691
5wuk_ligand,1193,1.17386
5wuk_ligand,1194,1.12214
5wuk_ligand,1195,1.27885
5wuk_ligand,1196,1.50118
5wuk_ligand,1197,1.31859
5wuk_ligand,1198,1.31881
5wuk_ligand,1199,1.23839
5wuk_ligand,1200,1.20921
5wuk_ligand,1201,1.20741
5wuk_ligand,1202,1.18419
5wuk_ligand,1203,1.15883
5wuk_ligand,1204,1.18306
5wuk_ligand,1205,1.12854
5wuk_ligand,1206,1.31448
5wuk_ligand,1207,1.31604
5wuk_ligand,1208,1.29693
5wuk_ligand,1209,1.29454
5wuk_ligand,1210,1.28269
5wuk_ligand,1211,1.26957
5wuk_ligand,1212,1.25326
5wuk_ligand,1213,1.23849
5wuk_ligand,1214,1.2218
5wuk_ligand,1215,1.20754
5wuk_ligand,1216,1.19746
5wuk_ligand,1217,1.18591
5wuk_ligand,1218,1.15676
5wuk_ligand,1219,1.16223
5wuk_ligand,1220,1.17122
5wuk_ligand,1221,1.31396
5wuk_ligand,1222,1.26147
5wuk_ligand,1223,1.25833
5wuk_ligand,1224,1.16662
5wuk_ligand,1225,1.40749
5wuk_ligand,1226,1.3528
5wuk_ligand,1227,1.24976
5wuk_ligand,1228,1.30803
5wuk_ligand,1229,1.25785
5wuk_ligand,1230,1.22613
5wuk_ligand,1231,1.17638
5wuk_ligand,1232,1.16023
5wuk_ligand,1233,1.38013
5wuk_ligand,1234,1.29083
5wuk_ligand,1235,1.32608
5wuk_ligand,1236,1.30165
5wuk_ligand,1237,1.27222
5wuk_ligand,1238,1.22408
5wuk_ligand,1239,1.21285
5wuk_ligand,1240,1.14813
5wuk_ligand,1241,1.36071
5wuk_ligand,1242,1.32085
5wuk_ligand,1243,1.23063
5wuk_ligand,1244,1.54016
5wuk_ligand,1245,1.13472
5wuk_ligand,1246,1.43364
5wuk_ligand,1247,1.3915
5wuk_ligand,1248,1.318
5wuk_ligand,1249,1.32481
5wuk_ligand,1250,1.30789
5wuk_ligand,1251,1.29206
5wuk_ligand,1252,1.27212
5wuk_ligand,1253,1.25136
5wuk_ligand,1254,1.23315
5wuk_ligand,1255,1.21117
5wuk_ligand,1256,1.18824
5wuk_ligand,1257,1.18638
5wuk_ligand,1258,1.17378
5wuk_ligand,1259,1.1528
5wuk_ligand,1260,1.34338
5wuk_ligand,1261,1.32411
5wuk_ligand,1262,1.24499
5wuk_ligand,1263,1.49281
5wuk_ligand,1264,1.30661
5wuk_ligand,1265,1.30617
5wuk_ligand,1266,1.26419
5wuk_ligand,1267,1.22819
5wuk_ligand,1268,1.18464
5wuk_ligand,1269,1.17416
5wuk_ligand,1270,1.12253
5wuk_ligand,1271,1.34177
5wuk_ligand,1272,1.45713
5wuk_ligand,1273,1.35886
5wuk_ligand,1274,1.37162
5wuk_ligand,1275,1.32151
5wuk_ligand,1276,1.29868
5wuk_ligand,1277,1.27305
5wuk_ligand,1278,1.2483
5wuk_ligand,1279,1.204
5wuk_ligand,1280,1.1889
5wuk_ligand,1281,1.15339
5wuk_ligand,1282,1.3475
5wuk_ligand,1283,1.32575
5wuk_ligand,1284,1.22263
5wuk_ligand,1285,1.49678
5wuk_ligand,1286,1.30371
5wuk_ligand,1287,1.29883
5wuk_ligand,1288,1.28113
5wuk_ligand,1289,1.26822
5wuk_ligand,1290,1.23767
5wuk_ligand,1291,1.21177
5wuk_ligand,1292,1.15001
5wuk_ligand,1293,1.38776
5wuk_ligand,1294,1.35207
5wuk_ligand,1295,1.31726
5wuk_ligand,1296,1.31025
5wuk_ligand,1297,1.28733
5wuk_ligand,1298,1.27657
5wuk_ligand,1299,1.24713
5wuk_ligand,1300,1.18902
5wuk_ligand,1301,1.28061
5wuk_ligand,1302,0.967696
5wuk_ligand,1303,1.41416
5wuk_ligand,1304,1.19866
5wuk_ligand,1305,1.26306
5wuk_ligand,1306,1.27899
5wuk_ligand,1307,1.29447
5wuk_ligand,1308,1.2915
5wuk_ligand,1309,1.27871
5wuk_ligand,1310,1.26799
5wuk_ligand,1311,1.25731
5wuk_ligand,1312,1.25029
5wuk_ligand,1313,1.24281
5wuk_ligand,1314,1.23463
5wuk_ligand,1315,1.22552
5wuk_ligand,1316,1.21525
5wuk_ligand,1317,1.21559
5wuk_ligand,1318,1.21601
5wuk_ligand,1319,1.21623
5wuk_ligand,1320,1.21624
5wuk_ligand,1321,1.21606
5wuk_ligand,1322,1.2157
5wuk_ligand,1323,1.21427
5wuk_ligand,1324,1.1774
5wuk_ligand,1325,1.18271
5wuk_ligand,1326,1.182
5wuk_ligand,1327,1.3745
5wuk_ligand,1328,1.30873
5wuk_ligand,1329,1.28357
5wuk_ligand,1330,1.26235
5wuk_ligand,1331,1.25371
5wuk_ligand,1332,1.22301
5wuk_ligand,1333,1.22749
5wuk_ligand,1334,1.15959
5wuk_ligand,1335,1.42799
5wuk_ligand,1336,1.17949
5wuk_ligand,1337,1.22213
5wuk_ligand,1338,1.2327
5wuk_ligand,1339,1.21881
5wuk_ligand,1340,1.22619
5wuk_ligand,1341,1.22854
5wuk_ligand,1342,1.23521
5wuk_ligand,1343,1.16704
5wuk_ligand,1344,1.43239
5wuk_ligand,1345,1.25545
5wuk_ligand,1346,1.25456
5wuk_ligand,1347,1.22205
5wuk_ligand,1348,1.22507
5wuk_ligand,1349,1.22818
5wuk_ligand,1350,1.22587
5wuk_ligand,1351,1.20169
5wuk_ligand,1352,1.21287
5wuk_ligand,1353,1.21892
5wuk_ligand,1354,1.21668
5wuk_ligand,1355,1.18752
5wuk_ligand,1356,1.29622
5wuk_ligand,1357,1.35969
5wuk_ligand,1358,1.20925
5wuk_ligand,1359,1.18154
5wuk_ligand,1360,1.52892
5wuk_ligand,1361,1.20634
5wuk_ligand,1362,1.25036
5wuk_ligand,1363,1.28696
5wuk_ligand,1364,1.37262
5wuk_ligand,1365,1.16872
5wuk_ligand,1366,1.56814
5wuk_ligand,1367,1.31117
5wuk_ligand,1368,1.35044
5wuk_ligand,1369,1.28087
5wuk_ligand,1370,1.27487
5wuk_ligand,1371,1.26384
5wuk_ligand,1372,1.24436
5wuk_ligand,1373,1.21601
5wuk_ligand,1374,1.22018
5wuk_ligand,1375,1.21559
5wuk_ligand,1376,1.21036
5wuk_ligand,1377,1.17427
5wuk_ligand,1378,1.19649
5wuk_ligand,1379,1.18889
5wuk_ligand,1380,1.19024
5wuk_ligand,1381,1.37896
5wuk_ligand,1382,1.32249
5wuk_ligand,1383,1.2702
5wuk_ligand,1384,1.32298
5wuk_ligand,1385,1.20058
5wuk_ligand,1386,1.4644
5wuk_ligand,1387,1.33176
5wuk_ligand,1388,1.32221
5wuk_ligand,1389,1.26286
5wuk_ligand,1390,1.25738
5wuk_ligand,1391,1.24611
5wuk_ligand,1392,1.23119
5wuk_ligand,1393,1.20952
5wuk_ligand,1394,1.20865
5wuk_ligand,1395,1.18759
5wuk_ligand,1396,1.19912
5wuk_ligand,1397,1.17854
5wuk_ligand,1398,1.19183
5wuk_ligand,1399,1.16119
5wuk_ligand,1400,1.18666
5wuk_ligand,1401,1.17937
5wuk_ligand,1402,1.36068
5wuk_ligand,1403,1.27078
5wuk_ligand,1404,1.23261
5wuk_ligand,1405,1.54765
5wuk_ligand,1406,1.48653
5wuk_ligand,1407,1.45935
5wuk_ligand,1408,1.43905
5wuk_ligand,1409,1.428
5wuk_ligand,1410,1.39622
5wuk_ligand,1411,1.34411
5wuk_ligand,1412,1.30435
5wuk_ligand,1413,1.29415
5wuk_ligand,1414,1.26597
5wuk_ligand,1415,1.25924
5wuk_ligand,1416,1.21213
5wuk_ligand,1417,1.21872
5wuk_ligand,1418,1.22252
5wuk_ligand,1419,1.22513
5wuk_ligand,1420,1.17394
5wuk_ligand,1421,1.21299
5wuk_ligand,1422,1.156
5wuk_ligand,1423,1.34365
5wuk_ligand,1424,1.38979
5wuk_ligand,1425,1.32061
5wuk_ligand,1426,1.41369
5wuk_ligand,1427,1.19234
5wuk_ligand,1428,1.26999
5wuk_ligand,1429,1.153
5wuk_ligand,1430,1.14494
5wuk_ligand,1431,1.13769
5wuk_ligand,1432,1.26118
5wuk_ligand,1433,1.16757
5wuk_ligand,1434,1.16371
5wuk_ligand,1435,1.18794
5wuk_ligand,1436,1.1791
5wuk_ligand,1437,1.17586
5wuk_ligand,1438,1.17818
5wuk_ligand,1439,1.30587
5wuk_ligand,1440,1.26455
5wuk_ligand,1441,1.30204
5wuk_ligand,1442,1.0706
5wuk_ligand,1443,1.32402
5wuk_ligand,1444,1.60146
5wuk_ligand,1445,1.5123
5wuk_ligand,1446,1.4728
5wuk_ligand,1447,1.37022
5wuk_ligand,1448,1.28865
5wuk_ligand,1449,1.26947
5wuk_ligand,1450,1.23769
5wuk_ligand,1451,1.23296
5wuk_ligand,1452,1.21128
5wuk_ligand,1453,1.20414
5wuk_ligand,1454,1.20823
5wuk_ligand,1455,1.21206
5wuk_ligand,1456,1.19794
5wuk_ligand,1457,1.19783
5wuk_ligand,1458,1.19796
5wuk_ligand,1459,1.19838
5wuk_ligand,1460,1.18063
5wuk_ligand,1461,1.20464
5wuk_ligand,1462,1.18335
5wuk_ligand,1463,1.18549
5wuk_ligand,1464,1.18833
5wuk_ligand,1465,1.16941
5wuk_ligand,1466,1.20704
5wuk_ligand,1467,1.17433
5wuk_ligand,1468,1.19061
5wuk_ligand,1469,1.19673
5wuk_ligand,1470,1.15519
5wuk_ligand,1471,1.23116
5wuk_ligand,1472,1.18225
5wuk_ligand,1473,1.1948
5wuk_ligand,1474,1.18645
5wuk_ligand,1475,1.21988
5wuk_ligand,1476,1.20531
5wuk_ligand,1477,1.23804
5wuk_ligand,1478,1.22728
5wuk_ligand,1479,1.29779
5wuk_ligand,1480,1.08807
5wuk_ligand,1481,1.41279
5wuk_ligand,1482,1.11005
5wuk_ligand,1483,1.14883
5wuk_ligand,1484,1.14778
5wuk_ligand,1485,1.14724
5wuk_ligand,1486,1.14717
5wuk_ligand,1487,1.14748
5wuk_ligand,1488,1.14848
5wuk_ligand,1489,1.14979
5wuk_ligand,1490,1.15132
5wuk_ligand,1491,1.15397
5wuk_ligand,1492,1.16094
5wuk_ligand,1493,1.16401
5wuk_ligand,1494,1.17371
5wuk_ligand,1495,1.17744
5wuk_ligand,1496,1.18341
5wuk_ligand,1497,1.19408
5wuk_ligand,1498,1.18193
5wuk_ligand,1499,1.18744
5wuk_ligand,1500,1.16873
5wuk_ligand,1501,1.20259
5wuk_ligand,1502,1.17214
5wuk_ligand,1503,1.19033
5wuk_ligand,1504,1.47877
5wuk_ligand,1505,1.46219
5wuk_ligand,1506,1.36042
5wuk_ligand,1507,1.25667
5wuk_ligand,1508,1.20539
5wuk_ligand,1509,1.21692
5wuk_ligand,1510,1.22913
5wuk_ligand,1511,1.19775
5wuk_ligand,1512,1.21324
5wuk_ligand,1513,1.23785
5wuk_ligand,1514,1.17231
5wuk_ligand,1515,1.22329
5wuk_ligand,1516,1.16643
5wuk_ligand,1517,1.22329
5wuk_ligand,1518,1.16595
5wuk_ligand,1519,1.2162
5wuk_ligand,1520,1.2573
5wuk_ligand,1521,1.13111
5wuk_ligand,1522,1.216
5wuk_ligand,1523,1.13145
5wuk_ligand,1524,1.34357
5wuk_ligand,1525,1.24593
5wuk_ligand,1526,1.15963
5wuk_ligand,1527,1.30675
5wuk_ligand,1528,1.31938
5wuk_ligand,1529,1.32108
5wuk_ligand,1530,1.30818
5wuk_ligand,1531,1.29604
5wuk_ligand,1532,1.27829
5wuk_ligand,1533,1.2651
5wuk_ligand,1534,1.24476
5wuk_ligand,1535,1.25851
5wuk_ligand,1536,1.23541
5wuk_ligand,1537,1.25063
5wuk_ligand,1538,1.25802
5wuk_ligand,1539,1.23687
5wuk_ligand,1540,1.24546
5wuk_ligand,1541,1.26716
5wuk_ligand,1542,1.22604
5wuk_ligand,1543,1.25218
5wuk_ligand,1544,1.26443
5wuk_ligand,1545,1.21866
5wuk_ligand,1546,1.24197
5wuk_ligand,1547,1.27587
5wuk_ligand,1548,1.20669
5wuk_ligand,1549,1.25666
5wuk_ligand,1550,1.19239
5wuk_ligand,1551,1.2138
5wuk_ligand,1552,1.56268
5wuk_ligand,1553,1.51965
5wuk_ligand,1554,1.38812
5wuk_ligand,1555,1.36703
5wuk_ligand,1556,1.30143
5wuk_ligand,1557,1.25499
5wuk_ligand,1558,1.27501
5wuk_ligand,1559,1.29537
5wuk_ligand,1560,1.2449
5wuk_ligand,1561,1.26898
5wuk_ligand,1562,1.30062
5wuk_ligand,1563,1.23043
5wuk_ligand,1564,1.28475
5wuk_ligand,1565,1.33004
5wuk_ligand,1566,1.23508
5wuk_ligand,1567,1.39556
5wuk_ligand,1568,1.21735
5wuk_ligand,1569,1.55337
5wuk_ligand,1570,1.32027
5wuk_ligand,1571,1.32795
5wuk_ligand,1572,1.15041
5wuk_ligand,1573,1.49044
5wuk_ligand,1574,1.28042
5wuk_ligand,1575,0.898175
5wuk_ligand,1576,1.53723
5wuk_ligand,1577,1.27905
5wuk_ligand,1578,1.32354
5wuk_ligand,1579,1.33653
5wuk_ligand,1580,1.33734
5wuk_ligand,1581,1.32447
5wuk_ligand,1582,1.31761
5wuk_ligand,1583,1.3
5wuk_ligand,1584,1.30311
5wuk_ligand,1585,1.30662
5wuk_ligand,1586,1.29882
5wuk_ligand,1587,1.30283
5wuk_ligand,1588,1.30732
5wuk_ligand,1589,1.3124
5wuk_ligand,1590,1.30364
5wuk_ligand,1591,1.30959
5wuk_ligand,1592,1.28513
5wuk_ligand,1593,1.28445
5wuk_ligand,1594,1.28945
5wuk_ligand,1595,1.28947
5wuk_ligand,1596,1.2944
5wuk_ligand,1597,1.29562
5wuk_ligand,1598,1.27752
5wuk_ligand,1599,1.28204
5wuk_ligand,1600,1.30214
5wuk_ligand,1601,1.27387
5wuk_ligand,1602,1.26382
5wuk_ligand,1603,1.28098
5wuk_ligand,1604,1.25146
5wuk_ligand,1605,1.26784
5wuk_ligand,1606,1.25849
5wuk_ligand,1607,1.31248
5wuk_ligand,1608,1.29579
5wuk_ligand,1609,1.24128
5wuk_ligand,1610,1.24548
5wuk_ligand,1611,1.21248
5wuk_ligand,1612,1.34617
5wuk_ligand,1613,1.36308
5wuk_ligand,1614,1.15346
5wuk_ligand,1615,1.15878
5wuk_ligand,1616,1.30695
5wuk_ligand,1617,1.23998
5wuk_ligand,1618,1.27501
5wuk_ligand,1619,1.27408
5wuk_ligand,1620,1.27328
5wuk_ligand,1621,1.27263
5wuk_ligand,1622,1.27213
5wuk_ligand,1623,1.2726
5wuk_ligand,1624,1.27336
5wuk_ligand,1625,1.27446
5wuk_ligand,1626,1.27602
5wuk_ligand,1627,1.27815
5wuk_ligand,1628,1.28069
5wuk_ligand,1629,1.28397
5wuk_ligand,1630,1.29143
5wuk_ligand,1631,1.27884
5wuk_ligand,1632,1.27597
5wuk_ligand,1633,1.27446
5wuk_ligand,1634,1.2745
5wuk_ligand,1635,1.27658
5wuk_ligand,1636,1.28127
5wuk_ligand,1637,1.29507
5wuk_ligand,1638,1.30508
5wuk_ligand,1639,1.25104
5wuk_ligand,1640,1.21875
5wuk_ligand,1641,1.22793
5wuk_ligand,1642,1.21883
5wuk_ligand,1643,1.23777
5wuk_ligand,1644,1.23848
5wuk_ligand,1645,1.28291
5wuk_ligand,1646,1.27987
5wuk_ligand,1647,1.23957
5wuk_ligand,1648,1.27037
5wuk_ligand,1649,1.23786
5wuk_ligand,1650,1.38868
5wuk_ligand,1651,1.39572
5wuk_ligand,1652,1.34332
5wuk_ligand,1653,1.32597
5wuk_ligand,1654,1.32417
5wuk_ligand,1655,1.32159
5wuk_ligand,1656,1.31958
5wuk_ligand,1657,1.31643
5wuk_ligand,1658,1.28123
5wuk_ligand,1659,1.28127
5wuk_ligand,1660,1.28319
5wuk_ligand,1661,1.28501
5wuk_ligand,1662,1.29266
5wuk_ligand,1663,1.29533
5wuk_ligand,1664,1.29985
5wuk_ligand,1665,1.30947
5wuk_ligand,1666,1.30206
5wuk_ligand,1667,1.27365
5wuk_ligand,1668,1.26622
5wuk_ligand,1669,1.24989
5wuk_ligand,1670,1.25023
5wuk_ligand,1671,1.26278
5wuk_ligand,1672,1.25773
5wuk_ligand,1673,1.28733
5wuk_ligand,1674,1.28677
5wuk_ligand,1675,1.33846
5wuk_ligand,1676,1.28236
5wuk_ligand,1677,1.24845
5wuk_ligand,1678,1.1989
5wuk_ligand,1679,1.19346
5wuk_ligand,1680,1.19094
5wuk_ligand,1681,1.21694
5wuk_ligand,1682,1.17524
5wuk_ligand,1683,1.31484
5wuk_ligand,1684,1.4417
5wuk_ligand,1685,1.26343
5wuk_ligand,1686,1.18313
5wuk_ligand,1687,1.49584
5wuk_ligand,1688,1.03661
5wuk_ligand,1689,1.59884
5wuk_ligand,1690,1.52702
5wuk_ligand,1691,1.48337
5wuk_ligand,1692,1.45133
5wuk_ligand,1693,1.41831
5wuk_ligand,1694,1.39926
5wuk_ligand,1695,1.38527
5wuk_ligand,1696,1.37478
5wuk_ligand,1697,1.36384
5wuk_ligand,1698,1.36246
5wuk_ligand,1699,1.35068
5wuk_ligand,1700,1.3503
5wuk_ligand,1701,1.33732
5wuk_ligand,1702,1.33454
5wuk_ligand,1703,1.33225
5wuk_ligand,1704,1.33256
5wuk_ligand,1705,1.33345
5wuk_ligand,1706,1.33922
5wuk_ligand,1707,1.32143
5wuk_ligand,1708,1.30775
5wuk_ligand,1709,1.30441
5wuk_ligand,1710,1.311
5wuk_ligand,1711,1.31104
5wuk_ligand,1712,1.31352
5wuk_ligand,1713,1.32552
5wuk_ligand,1714,1.33229
5wuk_ligand,1715,1.30608
5wuk_ligand,1716,1.30063
5wuk_ligand,1717,1.24158
5wuk_ligand,1718,1.20218
5wuk_ligand,1719,1.21274
5wuk_ligand,1720,1.21056
5wuk_ligand,1721,1.22767
5wuk_ligand,1722,1.21139
5wuk_ligand,1723,1.26337
5wuk_ligand,1724,1.22148
5wuk_ligand,1725,1.27301
5wuk_ligand,1726,1.22819
5wuk_ligand,1727,1.30062
5wuk_ligand,1728,1.36547
5wuk_ligand,1729,1.21817
5wuk_ligand,1730,1.42266
5wuk_ligand,1731,1.26067
5wuk_ligand,1732,1.26957
5wuk_ligand,1733,1.27379
5wuk_ligand,1734,1.27816
5wuk_ligand,1735,1.26136
5wuk_ligand,1736,1.26391
5wuk_ligand,1737,1.26255
5wuk_ligand,1738,1.26154
5wuk_ligand,1739,1.26095
5wuk_ligand,1740,1.25755
5wuk_ligand,1741,1.26136
5wuk_ligand,1742,1.26233
5wuk_ligand,1743,1.26755
5wuk_ligand,1744,1.26653
5wuk_ligand,1745,1.27441
5wuk_ligand,1746,1.251
5wuk_ligand,1747,1.23651
5wuk_ligand,1748,1.24341
5wuk_ligand,1749,1.23559
5wuk_ligand,1750,1.24409
5wuk_ligand,1751,1.23983
5wuk_ligand,1752,1.26561
5wuk_ligand,1753,1.26012
5wuk_ligand,1754,1.27619
5wuk_ligand,1755,1.25245
5wuk_ligand,1756,1.4317
5wuk_ligand,1757,1.43778
5wuk_ligand,1758,1.35913
5wuk_ligand,1759,1.38444
5wuk_ligand,1760,1.20919
5wuk_ligand,1761,1.53336
5wuk_ligand,1762,1.49214
5wuk_ligand,1763,1.43048
5wuk_ligand,1764,1.62364
5wuk_ligand,1765,1.36967
5wuk_ligand,1766,1.54561
5wuk_ligand,1767,1.50333
5wuk_ligand,1768,1.45245
5wuk_ligand,1769,1.39978
5wuk_ligand,1770,1.39087
5wuk_ligand,1771,1.38358
5wuk_ligand,1772,1.37686
5wuk_ligand,1773,1.3726
5wuk_ligand,1774,1.36895
5wuk_ligand,1775,1.36762
5wuk_ligand,1776,1.36688
5wuk_ligand,1777,1.36682
5wuk_ligand,1778,1.36765
5wuk_ligand,1779,1.36006
5wuk_ligand,1780,1.33346
5wuk_ligand,1781,1.33289
5wuk_ligand,1782,1.33346
5wuk_ligand,1783,1.33556
5wuk_ligand,1784,1.34307
5wuk_ligand,1785,1.33003
5wuk_ligand,1786,1.32076
5wuk_ligand,1787,1.31397
5wuk_ligand,1788,1.31594
5wuk_ligand,1789,1.31543
5wuk_ligand,1790,1.31945
5wuk_ligand,1791,1.33537
5wuk_ligand,1792,1.33231
5wuk_ligand,1793,1.21632
5wuk_ligand,1794,1.18649
5wuk_ligand,1795,1.17878
5wuk_ligand,1796,1.1503
5wuk_ligand,1797,1.33496
5wuk_ligand,1798,1.14183
5wuk_ligand,1799,1.42508
5wuk_ligand,1800,1.2208
5wuk_ligand,1801,1.18234
5wuk_ligand,1802,1.19299
5wuk_ligand,1803,1.18196
5wuk_ligand,1804,1.17342
5wuk_ligand,1805,1.17073
5wuk_ligand,1806,1.16093
5wuk_ligand,1807,1.15333
5wuk_ligand,1808,1.15203
5wuk_ligand,1809,1.1408
5wuk_ligand,1810,1.12882
5wuk_ligand,1811,1.19236
5wuk_ligand,1812,1.21488
5wuk_ligand,1813,1.19772
5wuk_ligand,1814,1.18447
5wuk_ligand,1815,1.19006
5wuk_ligand,1816,1.16702
5wuk_ligand,1817,1.14717
5wuk_ligand,1818,1.16104
5wuk_ligand,1819,1.3534
5wuk_ligand,1820,1.38117
5wuk_ligand,1821,1.36553
5wuk_ligand,1822,1.30638
5wuk_ligand,1823,1.33297
5wuk_ligand,1824,1.3058
5wuk_ligand,1825,1.28553
5wuk_ligand,1826,1.34645
5wuk_ligand,1827,1.27615
5wuk_ligand,1828,1.23524
5wuk_ligand,1829,1.20159
5wuk_ligand,1830,1.3699
5wuk_ligand,1831,1.36906
5wuk_ligand,1832,1.3728
5wuk_ligand,1833,1.36347
5wuk_ligand,1834,1.36909
5wuk_ligand,1835,1.37403
5wuk_ligand,1836,1.3804
5wuk_ligand,1837,1.38806
5wuk_ligand,1838,1.36256
5wuk_ligand,1839,1.34052
5wuk_ligand,1840,1.3379
5wuk_ligand,1841,1.33717
5wuk_ligand,1842,1.34026
5wuk_ligand,1843,1.34419
5wuk_ligand,1844,1.35301
5wuk_ligand,1845,1.31864
5wuk_ligand,1846,1.29783
5wuk_ligand,1847,1.28142
5wuk_ligand,1848,1.27597
5wuk_ligand,1849,1.26407
5wuk_ligand,1850,1.25632
5wuk_ligand,1851,1.25759
5wuk_ligand,1852,1.25238
5wuk_ligand,1853,1.25448
5wuk_ligand,1854,1.25583
5wuk_ligand,1855,1.28563
5wuk_ligand,1856,1.28968
5wuk_ligand,1857,1.32909
5wuk_ligand,1858,1.31451
5wuk_ligand,1859,1.25677
5wuk_ligand,1860,1.14217
5wuk_ligand,1861,1.33711
5wuk_ligand,1862,1.1639
5wuk_ligand,1863,1.20181
5wuk_ligand,1864,1.37858
5wuk_ligand,1865,1.09126
5wuk_ligand,1866,1.36473
5wuk_ligand,1867,1.35404
5wuk_ligand,1868,1.34373
5wuk_ligand,1869,1.33368
5wuk_ligand,1870,1.32375
5wuk_ligand,1871,1.31404
5wuk_ligand,1872,1.306
5wuk_ligand,1873,1.3101
5wuk_ligand,1874,1.3008
5wuk_ligand,1875,1.30619
5wuk_ligand,1876,1.29709
5wuk_ligand,1877,1.30655
5wuk_ligand,1878,1.29765
5wuk_ligand,1879,1.30978
5wuk_ligand,1880,1.30175
5wuk_ligand,1881,1.3178
5wuk_ligand,1882,1.2858
5wuk_ligand,1883,1.27438
5wuk_ligand,1884,1.2274
5wuk_ligand,1885,1.19694
5wuk_ligand,1886,1.19084
5wuk_ligand,1887,1.36333
5wuk_ligand,1888,1.37988
5wuk_ligand,1889,1.36284
5wuk_ligand,1890,1.36889
5wuk_ligand,1891,1.3751
5wuk_ligand,1892,1.38927
5wuk_ligand,1893,1.3313
5wuk_ligand,1894,1.37383
5wuk_ligand,1895,1.34434
5wuk_ligand,1896,1.32672
5wuk_ligand,1897,1.36404
5wuk_ligand,1898,1.34251
5wuk_ligand,1899,1.38758
5wuk_ligand,1900,1.3251
5wuk_ligand,1901,1.36674
5wuk_ligand,1902,1.25383
5wuk_ligand,1903,1.49809
5wuk_ligand,1904,1.39302
5wuk_ligand,1905,1.36891
5wuk_ligand,1906,1.31762
5wuk_ligand,1907,1.27633
5wuk_ligand,1908,1.24232
5wuk_ligand,1909,1.21839
5wuk_ligand,1910,1.18479
5wuk_ligand,1911,1.34372
5wuk_ligand,1912,1.3321
5wuk_ligand,1913,1.31501
5wuk_ligand,1914,1.3046
5wuk_ligand,1915,1.26532
5wuk_ligand,1916,1.2351
5wuk_ligand,1917,1.2319
5wuk_ligand,1918,1.17627
5wuk_ligand,1919,1.38231
5wuk_ligand,1920,1.31337
5wuk_ligand,1921,1.3199
5wuk_ligand,1922,1.29712
5wuk_ligand,1923,1.32414
5wuk_ligand,1924,1.30666
5wuk_ligand,1925,1.3289
5wuk_ligand,1926,1.31075
5wuk_ligand,1927,1.30359
5wuk_ligand,1928,1.2592
5wuk_ligand,1929,1.21563
5wuk_ligand,1930,1.46848
5wuk_ligand,1931,1.64255
5wuk_ligand,1932,1.59419
5wuk_ligand,1933,1.54103
5wuk_ligand,1934,1.50859
5wuk_ligand,1935,1.50347
5wuk_ligand,1936,1.49937
5wuk_ligand,1937,1.47425
5wuk_ligand,1938,1.46081
5wuk_ligand,1939,1.4583
5wuk_ligand,1940,1.4578
5wuk_ligand,1941,1.45951
5wuk_ligand,1942,1.46681
5wuk_ligand,1943,1.47071
5wuk_ligand,1944,1.44355
5wuk_ligand,1945,1.43496
5wuk_ligand,1946,1.42897
5wuk_ligand,1947,1.43469
5wuk_ligand,1948,1.43459
5wuk_ligand,1949,1.44565
5wuk_ligand,1950,1.44744
5wuk_ligand,1951,1.41958
5wuk_ligand,1952,1.38687
5wuk_ligand,1953,1.3654
5wuk_ligand,1954,1.36578
5wuk_ligand,1955,1.34186
5wuk_ligand,1956,1.34153
5wuk_ligand,1957,1.32075
5wuk_ligand,1958,1.34129
5wuk_ligand,1959,1.31738
5wuk_ligand,1960,1.33796
5wuk_ligand,1961,1.31008
5wuk_ligand,1962,1.32385
5wuk_ligand,1963,1.28409
5wuk_ligand,1964,1.26823
5wuk_ligand,1965,1.32753
5wuk_ligand,1966,1.24131
5wuk_ligand,1967,1.45329
5wuk_ligand,1968,1.4063
5wuk_ligand,1969,1.34105
5wuk_ligand,1970,1.3317
5wuk_ligand,1971,1.331
5wuk_ligand,1972,1.34093
5wuk_ligand,1973,1.32084
5wuk_ligand,1974,1.33447
5wuk_ligand,1975,1.3084
5wuk_ligand,1976,1.32617
5wuk_ligand,1977,1.28987
5wuk_ligand,1978,1.30134
5wuk_ligand,1979,1.26374
5wuk_ligand,1980,1.27484
5wuk_ligand,1981,1.20881
5wuk_ligand,1982,1.28972
5wuk_ligand,1983,1.36962
5wuk_ligand,1984,1.40358
5wuk_ligand,1985,1.38556
5wuk_ligand,1986,1.41722
5wuk_ligand,1987,1.37435
5wuk_ligand,1988,1.42114
5wuk_ligand,1989,1.37174
5wuk_ligand,1990,1.42073
5wuk_ligand,1991,1.36882
5wuk_ligand,1992,1.40383
5wuk_ligand,1993,1.36857
5wuk_ligand,1994,1.42229
5wuk_ligand,1995,1.36589
5wuk_ligand,1996,1.41248
5wuk_ligand,1997,1.34598
5wuk_ligand,1998,1.48659
5wuk_ligand,1999,1.48441
5wuk_ligand,2000,1.36629
5wuk_ligand,2001,1.58638
5wuk_ligand,2002,2.06028
5wuk_ligand,2003,1.45483
5wuk_ligand,2004,1.41982
5wuk_ligand,2005,1.54499
5wuk_ligand,2006,1.50236
5wuk_ligand,2007,1.50358
5wuk_ligand,2008,1.50483
5wuk_ligand,2009,1.5063
5wuk_ligand,2010,1.50482
5wuk_ligand,2011,1.50327
5wuk_ligand,2012,1.50166
5wuk_ligand,2013,1.49996
5wuk_ligand,2014,1.49816
5wuk_ligand,2015,1.49948
5wuk_ligand,2016,1.49766
5wuk_ligand,2017,1.4957
5wuk_ligand,2018,1.49356
5wuk_ligand,2019,1.49153
5wuk_ligand,2020,1.4931
5wuk_ligand,2021,1.49102
5wuk_ligand,2022,1.48871
5wuk_ligand,2023,1.48636
5wuk_ligand,2024,1.48362
5wuk_ligand,2025,1.48559
5wuk_ligand,2026,1.48352
5wuk_ligand,2027,1.48108
5wuk_ligand,2028,1.47815
5wuk_ligand,2029,1.48193
5wuk_ligand,2030,1.47912
5wuk_ligand,2031,1.47609
5wuk_ligand,2032,1.47239
5wuk_ligand,2033,1.47858
5wuk_ligand,2034,1.46098
5wuk_ligand,2035,1.45451
5wuk_ligand,2036,1.45638
5wuk_ligand,2037,1.45318
5wuk_ligand,2038,1.442
5wuk_ligand,2039,1.44516
5wuk_ligand,2040,1.42919
5wuk_ligand,2041,1.42544
5wuk_ligand,2042,1.39664
5wuk_ligand,2043,1.35647
5wuk_ligand,2044,1.55173
5wuk_ligand,2045,1.54524
5wuk_ligand,2046,1.52718
5wuk_ligand,2047,1.52679
5wuk_ligand,2048,1.5163
5wuk_ligand,2049,1.50691
5wuk_ligand,2050,1.48707
5wuk_ligand,2051,1.51958
5wuk_ligand,2052,1.64959
5wuk_ligand,2053,1.55432
5wuk_ligand,2054,1.5112
5wuk_ligand,2055,1.49706
5wuk_ligand,2056,1.4687
5wuk_ligand,2057,1.43757
5wuk_ligand,2058,1.40237
5wuk_ligand,2059,1.59188
5wuk_ligand,2060,1.42137
5wuk_ligand,2061,1.40841
5wuk_ligand,2062,1.38633
5wuk_ligand,2063,1.45845
5wuk_ligand,2064,1.47899
5wuk_ligand,2065,1.69167
5wuk_ligand,2066,1.59114
5wuk_ligand,2067,1.56105
5wuk_ligand,2068,1.55545
5wuk_ligand,2069,1.46649
5wuk_ligand,2070,1.45131
5wuk_ligand,2071,1.59379
5wuk_ligand,2072,1.5636
5wuk_ligand,2073,1.53117
5wuk_ligand,2074,1.49064
5wuk_ligand,2075,1.45084
5wuk_ligand,2076,1.6321
5wuk_ligand,2077,1.43191
5wuk_ligand,2078,1.61015
5wuk_ligand,2079,1.57264
5wuk_ligand,2080,1.54783
5wuk_ligand,2081,1.50248
5wuk_ligand,2082,1.45974
5wuk_ligand,2083,1.39271
5wuk_ligand,2084,1.64122
5wuk_ligand,2085,1.64954
5wuk_ligand,2086,1.64416
5wuk_ligand,2087,1.64122
5wuk_ligand,2088,1.64093
5wuk_ligand,2089,1.63236
5wuk_ligand,2090,1.62669
5wuk_ligand,2091,1.62844
5wuk_ligand,2092,1.60506
5wuk_ligand,2093,1.59741
5wuk_ligand,2094,1.5838
5wuk_ligand,2095,1.51573
5wuk_ligand,2096,1.49728
5wuk_ligand,2097,1.39281
5wuk_ligand,2098,1.66923
5wuk_ligand,2099,1.45234
5wuk_ligand,2100,1.80215
5wuk_ligand,2101,1.73861
5wuk_ligand,2102,1.66481
5wuk_ligand,2103,1.61144
5wuk_ligand,2104,1.60788
5wuk_ligand,2105,1.6036
5wuk_ligand,2106,1.59946
5wuk_ligand,2107,1.59527
5wuk_ligand,2108,1.5905
5wuk_ligand,2109,1.58508
5wuk_ligand,2110,1.57848
5wuk_ligand,2111,1.57203
5wuk_ligand,2112,1.56686
5wuk_ligand,2113,1.55661
5wuk_ligand,2114,1.5461
5wuk_ligand,2115,1.53812
5wuk_ligand,2116,1.5232
5wuk_ligand,2117,1.51726
5wuk_ligand,2118,1.49378
5wuk_ligand,2119,1.47893
5wuk_ligand,2120,1.62288
5wuk_ligand,2121,1.61165
5wuk_ligand,2122,1.59936
5wuk_ligand,2123,1.58163
5wuk_ligand,2124,1.56737
5wuk_ligand,2125,1.53415
5wuk_ligand,2126,1.51564
5wuk_ligand,2127,1.45981
5wuk_ligand,2128,1.39697
5wuk_ligand,2129,1.61037
5wuk_ligand,2130,1.35982
5wuk_ligand,2131,1.66466
5wuk_ligand,2132,1.52726
5wuk_ligand,2133,1.50513
5wuk_ligand,2134,1.48343
5wuk_ligand,2135,1.46114
5wuk_ligand,2136,1.43812
5wuk_ligand,2137,1.57463
5wuk_ligand,2138,1.55094
5wuk_ligand,2139,1.52812
5wuk_ligand,2140,1.50583
5wuk_ligand,2141,1.47981
5wuk_ligand,2142,1.45261
5wuk_ligand,2143,1.61677
5wuk_ligand,2144,1.59035
5wuk_ligand,2145,1.56221
5wuk_ligand,2146,1.5331
5wuk_ligand,2147,1.50073
5wuk_ligand,2148,1.46186
5wuk_ligand,2149,1.66331
5wuk_ligand,2150,1.50249
5wuk_ligand,2151,1.47269
5wuk_ligand,2152,1.6889
5wuk_ligand,2153,1.52236
5wuk_ligand,2154,1.49265
5wuk_ligand,2155,1.45904
5wuk_ligand,2156,1.67238
5wuk_ligand,2157,1.48966
5wuk_ligand,2158,1.77107
5wuk_ligand,2159,1.5251
5wuk_ligand,2160,1.78632
5wuk_ligand,2161,1.56899
5wuk_ligand,2162,1.4837
5wuk_ligand,2163,1.44639
5wuk_ligand,2164,1.64868
5wuk_ligand,2165,1.52164
5wuk_ligand,2166,1.73238
5wuk_ligand,2167,1.62832
5wuk_ligand,2168,1.61951
5wuk_ligand,2169,1.60706
5wuk_ligand,2170,1.59334
5wuk_ligand,2171,1.57627
5wuk_ligand,2172,1.55569
5wuk_ligand,2173,1.53055
5wuk_ligand,2174,1.49892
5wuk_ligand,2175,1.46328
5wuk_ligand,2176,1.67867
5wuk_ligand,2177,1.51209
5wuk_ligand,2178,1.46986
5wuk_ligand,2179,1.68899
5wuk_ligand,2180,1.48522
5wuk_ligand,2181,1.74636
5wuk_ligand,2182,1.56227
5wuk_ligand,2183,1.76788
5wuk_ligand,2184,1.58623
5wuk_ligand,2185,1.55529
5wuk_ligand,2186,1.53201
5wuk_ligand,2187,1.49957
5wuk_ligand,2188,1.46435
5wuk_ligand,2189,1.69226
5wuk_ligand,2190,1.49314
5wuk_ligand,2191,1.70428
5wuk_ligand,2192,1.517
5wuk_ligand,2193,1.71827
5wuk_ligand,2194,1.54868
5wuk_ligand,2195,1.52017
5wuk_ligand,2196,1.4846
5wuk_ligand,2197,1.43578
5wuk_ligand,2198,1.71765
5wuk_ligand,2199,1.54171
5wuk_ligand,2200,1.66029
5wuk_ligand,2201,1.43893
5wuk_ligand,2202,1.83044
5wuk_ligand,2203,1.35402
5wuk_ligand,2204,2.07447
5wuk_ligand,2205,1.4909
5wuk_ligand,2206,2.31082
5wuk_ligand,2207,1.19183
5wuk_ligand,2208,1.11813
5wuk_ligand,2209,1.2016
5wuk_ligand,2210,1.18355
5wuk_ligand,2211,1.20633
5wuk_ligand,2212,1.19618
5wuk_ligand,2213,1.19796
5wuk_ligand,2214,1.19434
5wuk_ligand,2215,1.23724
5wuk_ligand,2216,1.23503
5wuk_ligand,2217,1.24615
5wuk_ligand,2218,1.25156
5wuk_ligand,2219,1.27817
5wuk_ligand,2220,1.29783
5wuk_ligand,2221,1.3112
5wuk_ligand,2222,1.33771
5wuk_ligand,2223,1.34153
5wuk_ligand,2224,1.34834
5wuk_ligand,2225,1.3545
5wuk_ligand,2226,1.35927
5wuk_ligand,2227,1.36642
5wuk_ligand,2228,1.37169
5wuk_ligand,2229,1.38922
5wuk_ligand,2230,1.40132
5wuk_ligand,2231,1.42885
5wuk_ligand,2232,1.4322
5wuk_ligand,2233,1.46522
5wuk_ligand,2234,1.46566
5wuk_ligand,2235,1.50792
5wuk_ligand,2236,1.5175
5wuk_ligand,2237,1.49935
5wuk_ligand,2238,1.51765
5wuk_ligand,2239,1.54405
5wuk_ligand,2240,1.58462
5wuk_ligand,2241,1.56599
5wuk_ligand,2242,1.54024
5wuk_ligand,2243,1.5141
5wuk_ligand,2244,1.48001
5wuk_ligand,2245,1.60674
5wuk_ligand,2246,1.55916
5wuk_ligand,2247,1.52402
5wuk_ligand,2248,1.48696
5wuk_ligand,2249,1.54874
5wuk_ligand,2250,1.55071
5wuk_ligand,2251,1.69577
5wuk_ligand,2252,1.67754
5wuk_ligand,2253,1.65475
5wuk_ligand,2254,1.62541
5wuk_ligand,2255,1.58469
5wuk_ligand,2256,1.54374
5wuk_ligand,2257,1.48804
5wuk_ligand,2258,1.54552
5wuk_ligand,2259,1.50589
5wuk_ligand,2260,1.70408
5wuk_ligand,2261,1.67909
5wuk_ligand,2262,1.50495
5wuk_ligand,2263,1.44677
5wuk_ligand,2264,1.60266
5wuk_ligand,2265,1.63925
5wuk_ligand,2266,1.63743
5wuk_ligand,2267,1.62026
5wuk_ligand,2268,1.58823
5wuk_ligand,2269,1.55233
5wuk_ligand,2270,1.50101
5wuk_ligand,2271,1.69003
5wuk_ligand,2272,1.49645
5wuk_ligand,2273,1.63448
5wuk_ligand,2274,1.58981
5wuk_ligand,2275,1.53825
5wuk_ligand,2276,1.47183
5wuk_ligand,2277,1.64043
5wuk_ligand,2278,1.63288
5wuk_ligand,2279,1.63186
5wuk_ligand,2280,1.616
5wuk_ligand,2281,1.58378
5wuk_ligand,2282,1.53816
5wuk_ligand,2283,1.47191
5wuk_ligand,2284,1.62031
5wuk_ligand,2285,1.4747
5wuk_ligand,2286,1.74794
5wuk_ligand,2287,1.78672
5wuk_ligand,2288,1.6418
5wuk_ligand,2289,1.63464
5wuk_ligand,2290,1.62613
5wuk_ligand,2291,1.61876
5wuk_ligand,2292,1.60869
5wuk_ligand,2293,1.60047
5wuk_ligand,2294,1.58861
5wuk_ligand,2295,1.57925
5wuk_ligand,2296,1.5711
5wuk_ligand,2297,1.55893
5wuk_ligand,2298,1.5445
5wuk_ligand,2299,1.53707
5wuk_ligand,2300,1.60933
5wuk_ligand,2301,1.60396
5wuk_ligand,2302,1.58413
5wuk_ligand,2303,1.56234
5wuk_ligand,2304,1.5509
5wuk_ligand,2305,1.5101
5wuk_ligand,2306,1.62468
5wuk_ligand,2307,1.60251
5wuk_ligand,2308,1.56148
5wuk_ligand,2309,1.53778
5wuk_ligand,2310,1.6113
5wuk_ligand,2311,1.5815
5wuk_ligand,2312,1.79974
5wuk_ligand,2313,1.7197
5wuk_ligand,2314,1.64407
5wuk_ligand,2315,1.61668
5wuk_ligand,2316,1.58899
5wuk_ligand,2317,1.56179
5wuk_ligand,2318,1.51526
5wuk_ligand,2319,1.70133
5wuk_ligand,2320,1.52149
5wuk_ligand,2321,1.68538
5wuk_ligand,2322,1.66413
5wuk_ligand,2323,1.63503
5wuk_ligand,2324,1.60142
5wuk_ligand,2325,1.55126
5wuk_ligand,2326,1.50052
5wuk_ligand,2327,1.68805
5wuk_ligand,2328,1.50682
5wuk_ligand,2329,1.78717
5wuk_ligand,2330,1.65451
5wuk_ligand,2331,1.59246
5wuk_ligand,2332,1.56911
5wuk_ligand,2333,1.54258
5wuk_ligand,2334,1.50551
5wuk_ligand,2335,1.47126
5wuk_ligand,2336,1.65996
5wuk_ligand,2337,1.61697
5wuk_ligand,2338,1.58639
5wuk_ligand,2339,1.54298
5wuk_ligand,2340,1.49551
5wuk_ligand,2341,1.69956
5wuk_ligand,2342,1.4922
5wuk_ligand,2343,1.66413
5wuk_ligand,2344,1.62846
5wuk_ligand,2345,1.54601
5wuk_ligand,2346,1.51678
5wuk_ligand,2347,1.78393
5wuk_ligand,2348,1.64527
5wuk_ligand,2349,1.485
5wuk_ligand,2350,1.77935
5wuk_ligand,2351,1.49788
5wuk_ligand,2352,1.63308
5wuk_ligand,2353,1.59769
5wuk_ligand,2354,1.56606
5wuk_ligand,2355,1.52619
5wuk_ligand,2356,1.48956
5wuk_ligand,2357,1.67415
5wuk_ligand,2358,1.44923
5wuk_ligand,2359,1.76405
5wuk_ligand,2360,1.58811
5wuk_ligand,2361,1.54652
5wuk_ligand,2362,1.5114
5wuk_ligand,2363,1.47155
5wuk_ligand,2364,1.66242
5wuk_ligand,2365,1.62054
5wuk_ligand,2366,1.58338
5wuk_ligand,2367,1.54427
5wuk_ligand,2368,1.49738
5wuk_ligand,2369,1.71935
5wuk_ligand,2370,1.51178
5wuk_ligand,2371,1.69547
5wuk_ligand,2372,1.48488
5wuk_ligand,2373,1.68169
5wuk_ligand,2374,1.4361
5wuk_ligand,2375,1.79677
5wuk_ligand,2376,1.47297
5wuk_ligand,2377,2.04054
5wuk_ligand,2378,1.53295
5wuk_ligand,2379,2.4637
5wuk_ligand,2380,1.81053
5wuk_ligand,2381,2.68506
5wuk_ligand,2382,2.05782
5wuk_ligand,2383,1.92164
5wuk_ligand,2384,1.90231
5wuk_ligand,2385,1.87881
5wuk_ligand,2386,1.84947
5wuk_ligand,2387,1.82637
5wuk_ligand,2388,1.81946
5wuk_ligand,2389,1.81238
5wuk_ligand,2390,1.80504
5wuk_ligand,2391,1.79738
5wuk_ligand,2392,1.78926
5wuk_ligand,2393,1.79049
5wuk_ligand,2394,1.78133
5wuk_ligand,2395,1.78191
5wuk_ligand,2396,1.78217
5wuk_ligand,2397,1.78244
5wuk_ligand,2398,1.78236
5wuk_ligand,2399,1.76965
5wuk_ligand,2400,1.76852
5wuk_ligand,2401,1.76679
5wuk_ligand,2402,1.76443
5wuk_ligand,2403,1.76131
5wuk_ligand,2404,1.75827
5wuk_ligand,2405,1.76118
5wuk_ligand,2406,1.75767
5wuk_ligand,2407,1.76033
5wuk_ligand,2408,1.7538
5wuk_ligand,2409,1.75616
5wuk_ligand,2410,1.74705
5wuk_ligand,2411,1.7455
5wuk_ligand,2412,1.74188
5wuk_ligand,2413,1.73797
5wuk_ligand,2414,1.73053
5wuk_ligand,2415,1.718
5wuk_ligand,2416,1.70013
5wuk_ligand,2417,1.68012
5wuk_ligand,2418,1.65936
5wuk_ligand,2419,1.63054
5wuk_ligand,2420,1.6158
5wuk_ligand,2421,1.71769
5wuk_ligand,2422,1.65642
5wuk_ligand,2423,1.60227
5wuk_ligand,2424,1.55062
5wuk_ligand,2425,1.65976
5wuk_ligand,2426,1.5906
5wuk_ligand,2427,1.84391
5wuk_ligand,2428,1.663
5wuk_ligand,2429,1.79746
5wuk_ligand,2430,1.50075
5wuk_ligand,2431,2.24088
5wuk_ligand,2432,1.96793
5wuk_ligand,2433,2.38619
5wuk_ligand,2434,1.59364
5wuk_ligand,2435,2.29279
5wuk_ligand,2436,2.12988
5wuk_ligand,2437,2.03177
5wuk_ligand,2438,1.99612
5wuk_ligand,2439,1.96686
5wuk_ligand,2440,1.93743
5wuk_ligand,2441,1.91043
5wuk_ligand,2442,1.89134
5wuk_ligand,2443,1.87508
5wuk_ligand,2444,1.85883
5wuk_ligand,2445,1.85442
5wuk_ligand,2446,1.84997
5wuk_ligand,2447,1.84542
5wuk_ligand,2448,1.84077
5wuk_ligand,2449,1.83592
5wuk_ligand,2450,1.83081
5wuk_ligand,2451,1.82536
5wuk_ligand,2452,1.81955
5wuk_ligand,2453,1.81341
5wuk_ligand,2454,1.80648
5wuk_ligand,2455,1.79862
5wuk_ligand,2456,1.78945
5wuk_ligand,2457,1.77859
5wuk_ligand,2458,1.77933
5wuk_ligand,2459,1.77984
5wuk_ligand,2460,1.76261
5wuk_ligand,2461,1.76915
5wuk_ligand,2462,1.76763
5wuk_ligand,2463,1.76478
5wuk_ligand,2464,1.76018
5wuk_ligand,2465,1.75328
5wuk_ligand,2466,1.74328
5wuk_ligand,2467,1.74255
5wuk_ligand,2468,1.73867
5wuk_ligand,2469,1.7306
5wuk_ligand,2470,1.71709
5wuk_ligand,2471,1.69419
5wuk_ligand,2472,1.66634
5wuk_ligand,2473,1.63756
5wuk_ligand,2474,1.60248
5wuk_ligand,2475,1.57118
5wuk_ligand,2476,1.72413
5wuk_ligand,2477,1.55511
5wuk_ligand,2478,1.67444
5wuk_ligand,2479,1.63686
5wuk_ligand,2480,1.8399
5wuk_ligand,2481,1.62394
5wuk_ligand,2482,1.68652
5wuk_ligand,2483,1.56532
5wuk_ligand,2484,1.83474
5wuk_ligand,2485,1.54356
5wuk_ligand,2486,1.65288
5wuk_ligand,2487,1.62992
5wuk_ligand,2488,1.60885
5wuk_ligand,2489,1.5885
5wuk_ligand,2490,1.56145
5wuk_ligand,2491,1.52953
5wuk_ligand,2492,1.49537
5wuk_ligand,2493,1.66073
5wuk_ligand,2494,1.6233
5wuk_ligand,2495,1.58606
5wuk_ligand,2496,1.54588
5wuk_ligand,2497,1.50223
5wuk_ligand,2498,1.67559
5wuk_ligand,2499,1.63036
5wuk_ligand,2500,1.58714
5wuk_ligand,2501,1.53634
5wuk_ligand,2502,1.47529
5wuk_ligand,2503,1.65231
5wuk_ligand,2504,1.59126
5wuk_ligand,2505,1.57519
5wuk_ligand,2506,1.53398
5wuk_ligand,2507,1.47709
5wuk_ligand,2508,1.68491
5wuk_ligand,2509,1.61627
5wuk_ligand,2510,1.53622
5wuk_ligand,2511,1.43528
5wuk_ligand,2512,1.63042
5wuk_ligand,2513,1.39818
5wuk_ligand,2514,1.76232
5wuk_ligand,2515,1.73145
5wuk_ligand,2516,1.68474
5wuk_ligand,2517,1.68554
5wuk_ligand,2518,1.67775
5wuk_ligand,2519,1.66983
5wuk_ligand,2520,1.66217
5wuk_ligand,2521,1.65624
5wuk_ligand,2522,1.64715
5wuk_ligand,2523,1.63671
5wuk_ligand,2524,1.62789
5wuk_ligand,2525,1.61443
5wuk_ligand,2526,1.60312
5wuk_ligand,2527,1.58667
5wuk_ligand,2528,1.57073
5wuk_ligand,2529,1.54764
5wuk_ligand,2530,1.52469
5wuk_ligand,2531,1.67245
5wuk_ligand,2532,1.65982
5wuk_ligand,2533,1.63816
5wuk_ligand,2534,1.60924
5wuk_ligand,2535,1.575
5wuk_ligand,2536,1.55438
5wuk_ligand,2537,1.69226
5wuk_ligand,2538,1.66443
5wuk_ligand,2539,1.62666
5wuk_ligand,2540,1.59116
5wuk_ligand,2541,1.55228
5wuk_ligand,2542,1.71945
5wuk_ligand,2543,1.55666
5wuk_ligand,2544,1.77317
5wuk_ligand,2545,1.62708
5wuk_ligand,2546,1.59847
5wuk_ligand,2547,1.58358
5wuk_ligand,2548,1.53917
5wuk_ligand,2549,1.78732
5wuk_ligand,2550,1.68371
5wuk_ligand,2551,1.45772
5wuk_ligand,2552,1.76894
5wuk_ligand,2553,1.62299
5wuk_ligand,2554,1.57715
5wuk_ligand,2555,1.56079
5wuk_ligand,2556,1.52146
5wuk_ligand,2557,1.48746
5wuk_ligand,2558,1.7039
5wuk_ligand,2559,1.51667
5wuk_ligand,2560,1.71329
5wuk_ligand,2561,1.55265
5wuk_ligand,2562,1.82309
5wuk_ligand,2563,1.57802
5wuk_ligand,2564,1.73834
5wuk_ligand,2565,1.60377
5wuk_ligand,2566,1.57807
5wuk_ligand,2567,1.57481
5wuk_ligand,2568,1.48068
5wuk_ligand,2569,1.68612
5wuk_ligand,2570,1.65291
5wuk_ligand,2571,1.61519
5wuk_ligand,2572,1.57111
5wuk_ligand,2573,1.52018
5wuk_ligand,2574,1.74763
5wuk_ligand,2575,1.56358
5wuk_ligand,2576,1.66455
5wuk_ligand,2577,1.6324
5wuk_ligand,2578,1.59226
5wuk_ligand,2579,1.53785
5wuk_ligand,2580,1.49083
5wuk_ligand,2581,1.63066
5wuk_ligand,2582,1.41257
5wuk_ligand,2583,1.74988
5wuk_ligand,2584,1.71357
5wuk_ligand,2585,1.70467
5wuk_ligand,2586,1.69157
5wuk_ligand,2587,1.68161
5wuk_ligand,2588,1.66819
5wuk_ligand,2589,1.65627
5wuk_ligand,2590,1.63955
5wuk_ligand,2591,1.62649
5wuk_ligand,2592,1.60653
5wuk_ligand,2593,1.58808
5wuk_ligand,2594,1.56104
5wuk_ligand,2595,1.7084
5wuk_ligand,2596,1.69417
5wuk_ligand,2597,1.67263
5wuk_ligand,2598,1.64562
5wuk_ligand,2599,1.62177
5wuk_ligand,2600,1.58384
5wuk_ligand,2601,1.54199
5wuk_ligand,2602,1.72959
5wuk_ligand,2603,1.63195
5wuk_ligand,2604,1.77771
5wuk_ligand,2605,1.6327
5wuk_ligand,2606,1.61221
5wuk_ligand,2607,1.59551
5wuk_ligand,2608,1.55898
5wuk_ligand,2609,1.80702
5wuk_ligand,2610,1.68576
5wuk_ligand,2611,1.47203
5wuk_ligand,2612,1.80546
5wuk_ligand,2613,1.69565
5wuk_ligand,2614,1.62516
5wuk_ligand,2615,1.6076
5wuk_ligand,2616,1.58639
5wuk_ligand,2617,1.55104
5wuk_ligand,2618,1.52345
5wuk_ligand,2619,1.73311
5wuk_ligand,2620,1.55731
5wuk_ligand,2621,1.7518
5wuk_ligand,2622,1.57661
5wuk_ligand,2623,1.77947
5wuk_ligand,2624,1.63097
5wuk_ligand,2625,1.81196
5wuk_ligand,2626,1.44413
5wuk_ligand,2627,2.07015
5wuk_ligand,2628,1.58093
5wuk_ligand,2629,2.35345
5wuk_ligand,2630,1.68801
5wuk_ligand,2631,2.26278
5wuk_ligand,2632,1.83182
5wuk_ligand,2633,1.82113
5wuk_ligand,2634,1.81063
5wuk_ligand,2635,1.79993
5wuk_ligand,2636,1.789
5wuk_ligand,2637,1.77833
5wuk_ligand,2638,1.76709
5wuk_ligand,2639,1.76438
5wuk_ligand,2640,1.7613
5wuk_ligand,2641,1.7583
5wuk_ligand,2642,1.75518
5wuk_ligand,2643,1.75192
5wuk_ligand,2644,1.74849
5wuk_ligand,2645,1.74775
5wuk_ligand,2646,1.74688
5wuk_ligand,2647,1.74586
5wuk_ligand,2648,1.74469
5wuk_ligand,2649,1.74334
5wuk_ligand,2650,1.74109
5wuk_ligand,2651,1.73929
5wuk_ligand,2652,1.73639
5wuk_ligand,2653,1.73388
5wuk_ligand,2654,1.73002
5wuk_ligand,2655,1.72541
5wuk_ligand,2656,1.72158
5wuk_ligand,2657,1.71629
5wuk_ligand,2658,1.71139
5wuk_ligand,2659,1.70625
5wuk_ligand,2660,1.69973
5wuk_ligand,2661,1.6944
5wuk_ligand,2662,1.6877
5wuk_ligand,2663,1.68273
5wuk_ligand,2664,1.67081
5wuk_ligand,2665,1.65942
5wuk_ligand,2666,1.66108
5wuk_ligand,2667,1.63659
5wuk_ligand,2668,1.6326
5wuk_ligand,2669,1.60744
5wuk_ligand,2670,1.59754
5wuk_ligand,2671,1.56075
5wuk_ligand,2672,1.73954
5wuk_ligand,2673,1.62767
5wuk_ligand,2674,1.57913
5wuk_ligand,2675,1.56373
5wuk_ligand,2676,1.71649
5wuk_ligand,2677,1.59778
5wuk_ligand,2678,1.72112
5wuk_ligand,2679,1.48733
5wuk_ligand,2680,1.79063
5wuk_ligand,2681,1.66592
5wuk_ligand,2682,1.59121
5wuk_ligand,2683,1.56545
5wuk_ligand,2684,1.74283
5wuk_ligand,2685,1.58384
5wuk_ligand,2686,1.70287
5wuk_ligand,2687,1.68327
5wuk_ligand,2688,1.65609
5wuk_ligand,2689,1.62289
5wuk_ligand,2690,1.58956
5wuk_ligand,2691,1.53949
5wuk_ligand,2692,1.74255
5wuk_ligand,2693,1.62707
5wuk_ligand,2694,1.77581
5wuk_ligand,2695,1.59648
5wuk_ligand,2696,1.77772
5wuk_ligand,2697,1.56876
5wuk_ligand,2698,1.69514
5wuk_ligand,2699,1.66366
5wuk_ligand,2700,1.62987
5wuk_ligand,2701,1.58113
5wuk_ligand,2702,1.54627
5wuk_ligand,2703,1.69399
5wuk_ligand,2704,1.68526
5wuk_ligand,2705,1.68816
5wuk_ligand,2706,1.67936
5wuk_ligand,2707,1.6688
5wuk_ligand,2708,1.42246
5wuk_ligand,2709,1.76433
5wuk_ligand,2710,1.61197
5wuk_ligand,2711,1.47119
5wuk_ligand,2712,1.76955
5wuk_ligand,2713,1.63863
5wuk_ligand,2714,1.61242
5wuk_ligand,2715,1.59544
5wuk_ligand,2716,1.5705
5wuk_ligand,2717,1.54468
5wuk_ligand,2718,1.51638
5wuk_ligand,2719,1.71752
5wuk_ligand,2720,1.54414
5wuk_ligand,2721,1.71538
5wuk_ligand,2722,1.57342
5wuk_ligand,2723,1.77969
5wuk_ligand,2724,1.4123
5wuk_ligand,2725,1.91112
5wuk_ligand,2726,1.66149
5wuk_ligand,2727,1.61964
5wuk_ligand,2728,1.59279
5wuk_ligand,2729,1.56949
5wuk_ligand,2730,1.71131
5wuk_ligand,2731,1.69654
5wuk_ligand,2732,1.67562
5wuk_ligand,2733,1.65231
5wuk_ligand,2734,1.62624
5wuk_ligand,2735,1.59818
5wuk_ligand,2736,1.56129
5wuk_ligand,2737,1.71301
5wuk_ligand,2738,1.693
5wuk_ligand,2739,1.66387
5wuk_ligand,2740,1.63433
5wuk_ligand,2741,1.59273
5wuk_ligand,2742,1.54762
5wuk_ligand,2743,1.72381
5wuk_ligand,2744,1.67694
5wuk_ligand,2745,1.63705
5wuk_ligand,2746,1.62157
5wuk_ligand,2747,1.59105
5wuk_ligand,2748,1.79634
5wuk_ligand,2749,1.61029
5wuk_ligand,2750,1.80916
5wuk_ligand,2751,1.62358
5wuk_ligand,2752,1.60244
5wuk_ligand,2753,1.56828
5wuk_ligand,2754,1.77577
5wuk_ligand,2755,1.55936
5wuk_ligand,2756,1.75475
5wuk_ligand,2757,1.53794
5wuk_ligand,2758,1.73401
5wuk_ligand,2759,1.58333
5wuk_ligand,2760,1.80109
5wuk_ligand,2761,1.34717
5wuk_ligand,2762,2.05927
5wuk_ligand,2763,1.50429
5wuk_ligand,2764,1.60229
5wuk_ligand,2765,1.65571
5wuk_ligand,2766,1.64069
5wuk_ligand,2767,1.62994
5wuk_ligand,2768,1.61644
5wuk_ligand,2769,1.60173
5wuk_ligand,2770,1.58835
5wuk_ligand,2771,1.57087
5wuk_ligand,2772,1.5556
5wuk_ligand,2773,1.61426
5wuk_ligand,2774,1.60013
5wuk_ligand,2775,1.58572
5wuk_ligand,2776,1.57176
5wuk_ligand,2777,1.62219
5wuk_ligand,2778,1.60574
5wuk_ligand,2779,1.58786
5wuk_ligand,2780,1.56624
5wuk_ligand,2781,1.63445
5wuk_ligand,2782,1.66888
5wuk_ligand,2783,1.64145
5wuk_ligand,2784,1.61076
5wuk_ligand,2785,1.5831
5wuk_ligand,2786,1.63006
5wuk_ligand,2787,1.63948
5wuk_ligand,2788,1.7958
5wuk_ligand,2789,1.69397
5wuk_ligand,2790,1.63096
5wuk_ligand,2791,1.59191
5wuk_ligand,2792,1.63176
5wuk_ligand,2793,1.62438
5wuk_ligand,2794,1.82012
5wuk_ligand,2795,1.72576
5wuk_ligand,2796,1.64076
5wuk_ligand,2797,1.60327
5wuk_ligand,2798,1.67043
5wuk_ligand,2799,1.67851
5wuk_ligand,2800,1.66934
5wuk_ligand,2801,1.64231
5wuk_ligand,2802,1.60398
5wuk_ligand,2803,1.56998
5wuk_ligand,2804,1.72837
5wuk_ligand,2805,1.59379
5wuk_ligand,2806,1.8118
5wuk_ligand,2807,1.65688
5wuk_ligand,2808,1.62728
5wuk_ligand,2809,1.59303
5wuk_ligand,2810,1.76603
5wuk_ligand,2811,1.57758
5wuk_ligand,2812,1.70248
5wuk_ligand,2813,1.65495
5wuk_ligand,2814,1.60514
5wuk_ligand,2815,1.56167
5wuk_ligand,2816,1.63657
5wuk_ligand,2817,1.58444
5wuk_ligand,2818,1.86437
5wuk_ligand,2819,1.64318
5wuk_ligand,2820,1.79369
5wuk_ligand,2821,1.41653
5wuk_ligand,2822,2.02827
5wuk_ligand,2823,1.35773
5wuk_ligand,2824,2.14764
5wuk_ligand,2825,1.37522
5wuk_ligand,2826,2.85062
5wuk_ligand,2827,2.98985
5wuk_ligand,2828,3.35273
5wuk_ligand,2829,3.02777
5wuk_ligand,2830,3.21486
5wuk_ligand,2831,3.06352
5wuk_ligand,2832,2.59887
5wuk_ligand,2833,2.38832
5wuk_ligand,2834,3.02109
5wuk_ligand,2835,2.47205
5wuk_ligand,2836,1.94353
5wuk_ligand,2837,1.96107
5wuk_ligand,2838,1.81153
5wuk_ligand,2839,1.8207
5wuk_ligand,2840,1.8294
5wuk_ligand,2841,1.835
5wuk_ligand,2842,1.83841
5wuk_ligand,2843,1.83874
5wuk_ligand,2844,1.83609
5wuk_ligand,2845,1.83089
5wuk_ligand,2846,1.82079
5wuk_ligand,2847,1.80856
5wuk_ligand,2848,1.79956
5wuk_ligand,2849,1.78537
5wuk_ligand,2850,1.77486
5wuk_ligand,2851,1.76519
5wuk_ligand,2852,1.75555
5wuk_ligand,2853,1.73879
5wuk_ligand,2854,1.72624
5wuk_ligand,2855,1.71344
5wuk_ligand,2856,1.70172
5wuk_ligand,2857,1.6898
5wuk_ligand,2858,1.67446
5wuk_ligand,2859,1.6484
5wuk_ligand,2860,1.62134
5wuk_ligand,2861,1.59731
5wuk_ligand,2862,1.57001
5wuk_ligand,2863,1.53923
5wuk_ligand,2864,1.52231
5wuk_ligand,2865,1.75402
5wuk_ligand,2866,1.74704
5wuk_ligand,2867,1.75131
5wuk_ligand,2868,1.7412
5wuk_ligand,2869,1.71174
5wuk_ligand,2870,1.69085
5wuk_ligand,2871,1.67569
5wuk_ligand,2872,1.66324
5wuk_ligand,2873,1.64538
5wuk_ligand,2874,1.62051
5wuk_ligand,2875,1.61721
5wuk_ligand,2876,1.59057
5wuk_ligand,2877,1.56291
5wuk_ligand,2878,1.53482
5wuk_ligand,2879,1.76381
5wuk_ligand,2880,1.74173
5wuk_ligand,2881,1.72402
5wuk_ligand,2882,1.69502
5wuk_ligand,2883,1.66844
5wuk_ligand,2884,1.64749
5wuk_ligand,2885,1.62873
5wuk_ligand,2886,1.67364
5wuk_ligand,2887,1.64104
5wuk_ligand,2888,1.5578
5wuk_ligand,2889,1.53154
5wuk_ligand,2890,1.76501
5wuk_ligand,2891,1.73253
5wuk_ligand,2892,1.70705
5wuk_ligand,2893,1.67746
5wuk_ligand,2894,1.64325
5wuk_ligand,2895,1.64736
5wuk_ligand,2896,1.58567
5wuk_ligand,2897,1.55064
5wuk_ligand,2898,1.51772
5wuk_ligand,2899,1.76075
5wuk_ligand,2900,1.7316
5wuk_ligand,2901,1.69655
5wuk_ligand,2902,1.66592
5wuk_ligand,2903,1.62242
5wuk_ligand,2904,1.57243
5wuk_ligand,2905,1.55825
5wuk_ligand,2906,1.53543
5wuk_ligand,2907,1.45461
5wuk_ligand,2908,1.74378
5wuk_ligand,2909,1.4805
5wuk_ligand,2910,1.67402
5wuk_ligand,2911,1.6236
5wuk_ligand,2912,1.57613
5wuk_ligand,2913,1.54959
5wuk_ligand,2914,1.52478
5wuk_ligand,2915,1.50053
5wuk_ligand,2916,1.49143
5wuk_ligand,2917,1.48328
5wuk_ligand,2918,1.47822
5wuk_ligand,2919,1.47355
5wuk_ligand,2920,1.46901
5wuk_ligand,2921,1.47466
5wuk_ligand,2922,1.46993
5wuk_ligand,2923,1.47763
5wuk_ligand,2924,1.46946
5wuk_ligand,2925,1.52465
5wuk_ligand,2926,1.41208
5wuk_ligand,2927,1.67274
5wuk_ligand,2928,1.47842
5wuk_ligand,2929,1.43753
5wuk_ligand,2930,1.65433
5wuk_ligand,2931,1.58063
5wuk_ligand,2932,1.51206
5wuk_ligand,2933,1.48175
5wuk_ligand,2934,1.59876
5wuk_ligand,2935,1.54397
5wuk_ligand,2936,1.54359
5wuk_ligand,2937,1.52763
5wuk_ligand,2938,1.52409
5wuk_ligand,2939,1.53215
5wuk_ligand,2940,1.56116
5wuk_ligand,2941,1.58711
5wuk_ligand,2942,1.54112
5wuk_ligand,2943,1.56201
5wuk_ligand,2944,1.65675
5wuk_ligand,2945,1.58165
5wuk_ligand,2946,1.59938
5wuk_ligand,2947,1.54118
5wuk_ligand,2948,1.55427
5wuk_ligand,2949,1.59276
5wuk_ligand,2950,1.59113
5wuk_ligand,2951,1.49734
5wuk_ligand,2952,1.75865
5wuk_ligand,2953,1.68662
5wuk_ligand,2954,1.69562
5wuk_ligand,2955,1.70177
5wuk_ligand,2956,1.70026
5wuk_ligand,2957,1.66632
5wuk_ligand,2958,1.65748
5wuk_ligand,2959,1.64858
5wuk_ligand,2960,1.63777
5wuk_ligand,2961,1.62275
5wuk_ligand,2962,1.59991
5wuk_ligand,2963,1.57319
5wuk_ligand,2964,1.65404
5wuk_ligand,2965,1.66334
5wuk_ligand,2966,1.65625
5wuk_ligand,2967,1.64522
5wuk_ligand,2968,1.62892
5wuk_ligand,2969,1.60953
5wuk_ligand,2970,1.5734
5wuk_ligand,2971,1.6059
5wuk_ligand,2972,1.54124
5wuk_ligand,2973,1.57859
5wuk_ligand,2974,1.45308
5wuk_ligand,2975,1.72234
5wuk_ligand,2976,1.60095
5wuk_ligand,2977,1.56507
5wuk_ligand,2978,1.61295
5wuk_ligand,2979,1.56503
5wuk_ligand,2980,1.49662
5wuk_ligand,2981,1.77745
5wuk_ligand,2982,1.67139
5wuk_ligand,2983,1.71948
5wuk_ligand,2984,1.54896
5wuk_ligand,2985,1.64435
5wuk_ligand,2986,1.63003
5wuk_ligand,2987,1.63715
5wuk_ligand,2988,1.59615
5wuk_ligand,2989,1.73591
5wuk_ligand,2990,1.54638
5wuk_ligand,2991,1.9223
5wuk_ligand,2992,1.6374
5wuk_ligand,2993,1.93722
5wuk_ligand,2994,1.82196
5wuk_ligand,2995,1.75924
5wuk_ligand,2996,1.74397
5wuk_ligand,2997,1.73751
5wuk_ligand,2998,1.71928
5wuk_ligand,2999,1.71071
5wuk_ligand,3000,1.70099
5wuk_ligand,3001,1.69563
5wuk_ligand,3002,1.67947
5wuk_ligand,3003,1.68246
5wuk_ligand,3004,1.68846
5wuk_ligand,3005,1.69592
5wuk_ligand,3006,1.70343
5wuk_ligand,3007,1.68544
5wuk_ligand,3008,1.68978
5wuk_ligand,3009,1.6935
5wuk_ligand,3010,1.70918
5wuk_ligand,3011,1.68595
5wuk_ligand,3012,1.67599
5wuk_ligand,3013,1.67995
5wuk_ligand,3014,1.68703
5wuk_ligand,3015,1.70074
5wuk_ligand,3016,1.72971
5wuk_ligand,3017,1.69427
5wuk_ligand,3018,1.69326
5wuk_ligand,3019,1.58464
5wuk_ligand,3020,1.70445
5wuk_ligand,3021,1.57124
5wuk_ligand,3022,1.70222
5wuk_ligand,3023,1.57635
5wuk_ligand,3024,1.66001
5wuk_ligand,3025,1.70471
5wuk_ligand,3026,1.74839
5wuk_ligand,3027,1.67595
5wuk_ligand,3028,1.66677
5wuk_ligand,3029,1.56748
5wuk_ligand,3030,1.59978
5wuk_ligand,3031,1.56908
5wuk_ligand,3032,1.71484
5wuk_ligand,3033,1.58909
5wuk_ligand,3034,1.78173
5wuk_ligand,3035,1.48623
5wuk_ligand,3036,1.70937
5wuk_ligand,3037,1.4801
5wuk_ligand,3038,1.99496
5wuk_ligand,3039,1.41077
5wuk_ligand,3040,2.21281
5wuk_ligand,3041,1.384
5wuk_ligand,3042,2.30083
5wuk_ligand,3043,1.97999
5wuk_ligand,3044,2.10545
5wuk_ligand,3045,1.929
5wuk_ligand,3046,1.92032
5wuk_ligand,3047,1.91317
5wuk_ligand,3048,1.90767
5wuk_ligand,3049,1.90587
5wuk_ligand,3050,1.90385
5wuk_ligand,3051,1.90167
5wuk_ligand,3052,1.8994
5wuk_ligand,3053,1.89693
5wuk_ligand,3054,1.89429
5wuk_ligand,3055,1.89147
5wuk_ligand,3056,1.88863
5wuk_ligand,3057,1.88546
5wuk_ligand,3058,1.88184
5wuk_ligand,3059,1.87819
5wuk_ligand,3060,1.87408
5wuk_ligand,3061,1.86945
5wuk_ligand,3062,1.86411
5wuk_ligand,3063,1.85852
5wuk_ligand,3064,1.85208
5wuk_ligand,3065,1.84459
5wuk_ligand,3066,1.83699
5wuk_ligand,3067,1.82869
5wuk_ligand,3068,1.82004
5wuk_ligand,3069,1.85086
5wuk_ligand,3070,1.8395
5wuk_ligand,3071,1.82647
5wuk_ligand,3072,1.81133
5wuk_ligand,3073,1.79476
5wuk_ligand,3074,1.84014
5wuk_ligand,3075,1.81915
5wuk_ligand,3076,1.79471
5wuk_ligand,3077,1.84138
5wuk_ligand,3078,1.80901
5wuk_ligand,3079,1.76586
5wuk_ligand,3080,1.86563
5wuk_ligand,3081,1.69947
5wuk_ligand,3082,1.8661
5wuk_ligand,3083,1.68684
5wuk_ligand,3084,1.72422
5wuk_ligand,3085,1.77396
5wuk_ligand,3086,1.72125
5wuk_ligand,3087,1.76018
5wuk_ligand,3088,1.69109
5wuk_ligand,3089,1.71496
5wuk_ligand,3090,1.76635
5wuk_ligand,3091,1.66448
5wuk_ligand,3092,1.84777
5wuk_ligand,3093,1.61594
5wuk_ligand,3094,1.85998
5wuk_ligand,3095,1.63517
5wuk_ligand,3096,1.69528
5wuk_ligand,3097,1.62375
5wuk_ligand,3098,1.63019
5wuk_ligand,3099,1.66329
5wuk_ligand,3100,1.82487
5wuk_ligand,3101,1.56324
5wuk_ligand,3102,1.99734
5wuk_ligand,3103,1.51026
5wuk_ligand,3104,2.03142
5wuk_ligand,3105,1.4334
5wuk_ligand,3106,2.28981
5wuk_ligand,3107,1.45606
5wuk_ligand,3108,2.49982
5wuk_ligand,3109,1.66384
5wuk_ligand,3110,2.41754
5wuk_ligand,3111,1.82687
5wuk_ligand,3112,1.83905
5wuk_ligand,3113,1.8532
5wuk_ligand,3114,1.83144
5wuk_ligand,3115,1.81216
5wuk_ligand,3116,1.79576
5wuk_ligand,3117,1.8067
5wuk_ligand,3118,1.80102
5wuk_ligand,3119,1.7963
5wuk_ligand,3120,1.79245
5wuk_ligand,3121,1.78914
5wuk_ligand,3122,1.78558
5wuk_ligand,3123,1.79884
5wuk_ligand,3124,1.79485
5wuk_ligand,3125,1.79067
5wuk_ligand,3126,1.78613
5wuk_ligand,3127,1.78116
5wuk_ligand,3128,1.77569
5wuk_ligand,3129,1.79037
5wuk_ligand,3130,1.7839
5wuk_ligand,3131,1.77696
5wuk_ligand,3132,1.76917
5wuk_ligand,3133,1.78619
5wuk_ligand,3134,1.78034
5wuk_ligand,3135,1.77031
5wuk_ligand,3136,1.76317
5wuk_ligand,3137,1.78559
5wuk_ligand,3138,1.80345
5wuk_ligand,3139,1.79234
5wuk_ligand,3140,1.83295
5wuk_ligand,3141,1.8214
5wuk_ligand,3142,1.80729
5wuk_ligand,3143,1.78969
5wuk_ligand,3144,1.76766
5wuk_ligand,3145,1.82366
5wuk_ligand,3146,1.84076
5wuk_ligand,3147,1.82506
5wuk_ligand,3148,1.8021
5wuk_ligand,3149,1.77354
5wuk_ligand,3150,1.88839
5wuk_ligand,3151,1.7286
5wuk_ligand,3152,1.82437
5wuk_ligand,3153,1.78079
5wuk_ligand,3154,1.9892
5wuk_ligand,3155,1.7517
5wuk_ligand,3156,1.87501
5wuk_ligand,3157,1.86618
5wuk_ligand,3158,1.85525
5wuk_ligand,3159,1.84068
5wuk_ligand,3160,1.82054
5wuk_ligand,3161,1.79222
5wuk_ligand,3162,1.75257
5wuk_ligand,3163,1.90063
5wuk_ligand,3164,1.73905
5wuk_ligand,3165,1.84837
5wuk_ligand,3166,1.60787
5wuk_ligand,3167,1.70431
5wuk_ligand,3168,1.85245
5wuk_ligand,3169,1.83628
5wuk_ligand,3170,1.75584
5wuk_ligand,3171,2.02066
5wuk_ligand,3172,1.81833
5wuk_ligand,3173,2.00027
5wuk_ligand,3174,1.73459
5wuk_ligand,3175,1.9698
5wuk_ligand,3176,1.65115
5wuk_ligand,3177,1.77309
5wuk_ligand,3178,1.71899
5wuk_ligand,3179,1.82166
5wuk_ligand,3180,1.80823
5wuk_ligand,3181,1.7917
5wuk_ligand,3182,1.77541
5wuk_ligand,3183,1.7519
5wuk_ligand,3184,1.72004
5wuk_ligand,3185,1.90049
5wuk_ligand,3186,1.71312
5wuk_ligand,3187,1.82294
5wuk_ligand,3188,1.7872
5wuk_ligand,3189,1.74654
5wuk_ligand,3190,1.70885
5wuk_ligand,3191,1.85218
5wuk_ligand,3192,1.68297
5wuk_ligand,3193,1.88159
5wuk_ligand,3194,1.63822
5wuk_ligand,3195,1.93213
5wuk_ligand,3196,1.66266
5wuk_ligand,3197,1.8175
5wuk_ligand,3198,1.44747
5wuk_ligand,3199,2.07837
5wuk_ligand,3200,1.28761
5wuk_ligand,3201,2.09786
5wuk_ligand,3202,1.3281
5wuk_ligand,3203,1.99927
5wuk_ligand,3204,1.52549
5wuk_ligand,3205,1.4937
5wuk_ligand,3206,1.48898
5wuk_ligand,3207,1.49337
5wuk_ligand,3208,1.50155
5wuk_ligand,3209,1.50966
5wuk_ligand,3210,1.51709
5wuk_ligand,3211,1.52593
5wuk_ligand,3212,1.53466
5wuk_ligand,3213,1.54106
5wuk_ligand,3214,1.54248
5wuk_ligand,3215,1.5572
5wuk_ligand,3216,1.56253
5wuk_ligand,3217,1.58059
5wuk_ligand,3218,1.59233
5wuk_ligand,3219,1.60283
5wuk_ligand,3220,1.63095
5wuk_ligand,3221,1.64135
5wuk_ligand,3222,1.65194
5wuk_ligand,3223,1.67409
5wuk_ligand,3224,1.69691
5wuk_ligand,3225,1.72018
5wuk_ligand,3226,1.73722
5wuk_ligand,3227,1.77767
5wuk_ligand,3228,1.80142
5wuk_ligand,3229,1.78062
5wuk_ligand,3230,1.75489
5wuk_ligand,3231,1.79996
5wuk_ligand,3232,1.77018
5wuk_ligand,3233,1.75131
5wuk_ligand,3234,1.79643
5wuk_ligand,3235,1.8019
5wuk_ligand,3236,1.92219
5wuk_ligand,3237,1.80442
5wuk_ligand,3238,1.86849
5wuk_ligand,3239,1.71729
5wuk_ligand,3240,1.77611
5wuk_ligand,3241,1.7281
5wuk_ligand,3242,1.78724
5wuk_ligand,3243,1.72756
5wuk_ligand,3244,1.79412
5wuk_ligand,3245,1.72769
5wuk_ligand,3246,1.80381
5wuk_ligand,3247,1.73219
5wuk_ligand,3248,1.82531
5wuk_ligand,3249,1.68803
5wuk_ligand,3250,1.80781
5wuk_ligand,3251,1.70058
5wuk_ligand,3252,1.97533
5wuk_ligand,3253,1.72822
5wuk_ligand,3254,1.86059
5wuk_ligand,3255,1.51322
5wuk_ligand,3256,1.85956
5wuk_ligand,3257,1.41738
5wuk_ligand,3258,2.18302
5wuk_ligand,3259,1.21285
5wuk_ligand,3260,2.04166
5wuk_ligand,3261,1.7074
5wuk_ligand,3262,1.7221
5wuk_ligand,3263,1.73605
5wuk_ligand,3264,1.75087
5wuk_ligand,3265,1.7785
5wuk_ligand,3266,1.75627
5wuk_ligand,3267,1.77047
5wuk_ligand,3268,1.76132
5wuk_ligand,3269,1.7548
5wuk_ligand,3270,1.77051
5wuk_ligand,3271,1.76361
5wuk_ligand,3272,1.75665
5wuk_ligand,3273,1.77396
5wuk_ligand,3274,1.76649
5wuk_ligand,3275,1.75542
5wuk_ligand,3276,1.74652
5wuk_ligand,3277,1.76964
5wuk_ligand,3278,1.76076
5wuk_ligand,3279,1.74708
5wuk_ligand,3280,1.77453
5wuk_ligand,3281,1.76366
5wuk_ligand,3282,1.74673
5wuk_ligand,3283,1.7811
5wuk_ligand,3284,1.76735
5wuk_ligand,3285,1.7457
5wuk_ligand,3286,1.79047
5wuk_ligand,3287,1.7729
5wuk_ligand,3288,1.74501
5wuk_ligand,3289,1.79546
5wuk_ligand,3290,1.76789
5wuk_ligand,3291,1.72892
5wuk_ligand,3292,1.79973
5wuk_ligand,3293,1.75294
5wuk_ligand,3294,1.85295
5wuk_ligand,3295,1.69121
5wuk_ligand,3296,1.75708
5wuk_ligand,3297,1.65884
5wuk_ligand,3298,1.83722
5wuk_ligand,3299,1.78252
5wuk_ligand,3300,1.97598
5wuk_ligand,3301,1.74506
5wuk_ligand,3302,1.8668
5wuk_ligand,3303,1.58379
5wuk_ligand,3304,2.00162
5wuk_ligand,3305,1.71524
5wuk_ligand,3306,1.77131
5wuk_ligand,3307,1.71337
5wuk_ligand,3308,1.80553
5wuk_ligand,3309,1.77143
5wuk_ligand,3310,1.73679
5wuk_ligand,3311,1.81254
5wuk_ligand,3312,1.79458
5wuk_ligand,3313,1.76295
5wuk_ligand,3314,1.84313
5wuk_ligand,3315,1.83718
5wuk_ligand,3316,1.80304
5wuk_ligand,3317,1.7651
5wuk_ligand,3318,1.71153
5wuk_ligand,3319,1.81186
5wuk_ligand,3320,1.81724
5wuk_ligand,3321,1.76629
5wuk_ligand,3322,1.91319
5wuk_ligand,3323,1.78744
5wuk_ligand,3324,1.91731
5wuk_ligand,3325,1.6819
5wuk_ligand,3326,1.78224
5wuk_ligand,3327,1.68166
5wuk_ligand,3328,1.83096
5wuk_ligand,3329,1.85658
5wuk_ligand,3330,1.83646
5wuk_ligand,3331,1.799
5wuk_ligand,3332,1.75582
5wuk_ligand,3333,1.89579
5wuk_ligand,3334,1.71613
5wuk_ligand,3335,1.85949
5wuk_ligand,3336,1.73761
5wuk_ligand,3337,1.93305
5wuk_ligand,3338,1.56623
5wuk_ligand,3339,1.89733
5wuk_ligand,3340,1.6207
5wuk_ligand,3341,1.75201
5wuk_ligand,3342,1.67727
5wuk_ligand,3343,1.80719
5wuk_ligand,3344,1.76211
5wuk_ligand,3345,1.72063
5wuk_ligand,3346,1.66913
5wuk_ligand,3347,1.74456
5wuk_ligand,3348,1.68727
5wuk_ligand,3349,1.89162
5wuk_ligand,3350,1.69659
5wuk_ligand,3351,1.9509
5wuk_ligand,3352,1.63194
5wuk_ligand,3353,2.08653
5wuk_ligand,3354,1.58414
5wuk_ligand,3355,2.49069
5wuk_ligand,3356,2.12921
5wuk_ligand,3357,2.60782
5wuk_ligand,3358,1.63675
5wuk_ligand,3359,2.84185
5wuk_ligand,3360,2.27975
5wuk_ligand,3361,2.05481
5wuk_ligand,3362,2.08139
5wuk_ligand,3363,2.06059
5wuk_ligand,3364,2.0307
5wuk_ligand,3365,1.99245
5wuk_ligand,3366,1.98022
5wuk_ligand,3367,1.96153
5wuk_ligand,3368,1.953
5wuk_ligand,3369,1.9443
5wuk_ligand,3370,1.93514
5wuk_ligand,3371,1.92545
5wuk_ligand,3372,1.91506
5wuk_ligand,3373,1.90753
5wuk_ligand,3374,1.89911
5wuk_ligand,3375,1.88962
5wuk_ligand,3376,1.87903
5wuk_ligand,3377,1.88116
5wuk_ligand,3378,1.88278
5wuk_ligand,3379,1.86827
5wuk_ligand,3380,1.86782
5wuk_ligand,3381,1.86682
5wuk_ligand,3382,1.86489
5wuk_ligand,3383,1.86293
5wuk_ligand,3384,1.85952
5wuk_ligand,3385,1.85574
5wuk_ligand,3386,1.84952
5wuk_ligand,3387,1.84082
5wuk_ligand,3388,1.83096
5wuk_ligand,3389,1.82657
5wuk_ligand,3390,1.82188
5wuk_ligand,3391,1.81499
5wuk_ligand,3392,1.80314
5wuk_ligand,3393,1.79177
5wuk_ligand,3394,1.77251
5wuk_ligand,3395,1.76732
5wuk_ligand,3396,1.74469
5wuk_ligand,3397,1.72815
5wuk_ligand,3398,1.86203
5wuk_ligand,3399,1.71242
5wuk_ligand,3400,1.81326
5wuk_ligand,3401,1.76854
5wuk_ligand,3402,1.74299
5wuk_ligand,3403,1.71623
5wuk_ligand,3404,1.8399
5wuk_ligand,3405,1.69869
5wuk_ligand,3406,1.94773
5wuk_ligand,3407,1.72411
5wuk_ligand,3408,1.84379
5wuk_ligand,3409,1.68082
5wuk_ligand,3410,1.83093
5wuk_ligand,3411,1.65157
5wuk_ligand,3412,1.74498
5wuk_ligand,3413,1.69155
5wuk_ligand,3414,1.95144
5wuk_ligand,3415,1.72832
5wuk_ligand,3416,1.99482
5wuk_ligand,3417,1.56884
5wuk_ligand,3418,2.28282
5wuk_ligand,3419,1.62086
5wuk_ligand,3420,2.38246
5wuk_ligand,3421,1.58137
5wuk_ligand,3422,2.64935
5wuk_ligand,3423,2.7601
5wuk_ligand,3424,2.9546
5wuk_ligand,3425,2.81917
5wuk_ligand,3426,2.76075
5wuk_ligand,3427,2.34155
5wuk_ligand,3428,1.80265
5wuk_ligand,3429,1.83025
5wuk_ligand,3430,1.85455
5wuk_ligand,3431,1.87503
5wuk_ligand,3432,1.8917
5wuk_ligand,3433,1.89123
5wuk_ligand,3434,1.89056
5wuk_ligand,3435,1.88968
5wuk_ligand,3436,1.88858
5wuk_ligand,3437,1.8872
5wuk_ligand,3438,1.8859
5wuk_ligand,3439,1.88434
5wuk_ligand,3440,1.88251
5wuk_ligand,3441,1.88037
5wuk_ligand,3442,1.87767
5wuk_ligand,3443,1.87497
5wuk_ligand,3444,1.87181
5wuk_ligand,3445,1.86809
5wuk_ligand,3446,1.86431
5wuk_ligand,3447,1.85992
5wuk_ligand,3448,1.85473
5wuk_ligand,3449,1.84857
5wuk_ligand,3450,1.84147
5wuk_ligand,3451,1.83291
5wuk_ligand,3452,1.82255
5wuk_ligand,3453,1.80987
5wuk_ligand,3454,1.79422
5wuk_ligand,3455,1.82841
5wuk_ligand,3456,1.81011
5wuk_ligand,3457,1.78836
5wuk_ligand,3458,1.82414
5wuk_ligand,3459,1.7965
5wuk_ligand,3460,1.7642
5wuk_ligand,3461,1.79797
5wuk_ligand,3462,1.74786
5wuk_ligand,3463,1.87352
5wuk_ligand,3464,1.73704
5wuk_ligand,3465,1.88965
5wuk_ligand,3466,1.74465
5wuk_ligand,3467,1.8113
5wuk_ligand,3468,1.78575
5wuk_ligand,3469,1.74743
5wuk_ligand,3470,1.82535
5wuk_ligand,3471,1.78757
5wuk_ligand,3472,1.73808
5wuk_ligand,3473,1.84734
5wuk_ligand,3474,1.67791
5wuk_ligand,3475,1.87689
5wuk_ligand,3476,1.70356
5wuk_ligand,3477,1.76088
5wuk_ligand,3478,1.70939
5wuk_ligand,3479,1.78817
5wuk_ligand,3480,1.72851
5wuk_ligand,3481,1.77909
5wuk_ligand,3482,1.71088
5wuk_ligand,3483,1.78338
5wuk_ligand,3484,1.68964
5wuk_ligand,3485,1.89677
5wuk_ligand,3486,1.72725
5wuk_ligand,3487,1.95229
5wuk_ligand,3488,1.65902
5wuk_ligand,3489,2.33756
5wuk_ligand,3490,1.94735
5wuk_ligand,3491,2.00222
5wuk_ligand,3492,1.91382
5wuk_ligand,3493,1.88495
5wuk_ligand,3494,1.8591
5wuk_ligand,3495,1.85606
5wuk_ligand,3496,1.8523
5wuk_ligand,3497,1.84769
5wuk_ligand,3498,1.84688
5wuk_ligand,3499,1.84563
5wuk_ligand,3500,1.8441
5wuk_ligand,3501,1.84277
5wuk_ligand,3502,1.84099
5wuk_ligand,3503,1.83896
5wuk_ligand,3504,1.83591
5wuk_ligand,3505,1.83199
5wuk_ligand,3506,1.82765
5wuk_ligand,3507,1.82162
5wuk_ligand,3508,1.81348
5wuk_ligand,3509,1.80266
5wuk_ligand,3510,1.79934
5wuk_ligand,3511,1.78803
5wuk_ligand,3512,1.78348
5wuk_ligand,3513,1.76623
5wuk_ligand,3514,1.75699
5wuk_ligand,3515,1.73174
5wuk_ligand,3516,1.8337
5wuk_ligand,3517,1.82047
5wuk_ligand,3518,1.79172
5wuk_ligand,3519,1.74536
5wuk_ligand,3520,1.71496
5wuk_ligand,3521,1.79869
5wuk_ligand,3522,1.69957
5wuk_ligand,3523,1.79968
5wuk_ligand,3524,1.73659
5wuk_ligand,3525,1.85303
5wuk_ligand,3526,1.63355
5wuk_ligand,3527,1.7388
5wuk_ligand,3528,1.6481
5wuk_ligand,3529,1.70075
5wuk_ligand,3530,1.86865
5wuk_ligand,3531,1.81606
5wuk_ligand,3532,1.60488
5wuk_ligand,3533,1.8715
5wuk_ligand,3534,1.61078
5wuk_ligand,3535,1.86796
5wuk_ligand,3536,1.61838
5wuk_ligand,3537,2.0696
5wuk_ligand,3538,1.49127
5wuk_ligand,3539,2.65448
5wuk_ligand,3540,1.72273
5wuk_ligand,3541,1.66803
5wuk_ligand,3542,1.67864
5wuk_ligand,3543,1.68495
5wuk_ligand,3544,1.68988
5wuk_ligand,3545,1.69386
5wuk_ligand,3546,1.6989
5wuk_ligand,3547,1.70398
5wuk_ligand,3548,1.70939
5wuk_ligand,3549,1.69843
5wuk_ligand,3550,1.70441
5wuk_ligand,3551,1.71073
5wuk_ligand,3552,1.69945
5wuk_ligand,3553,1.70651
5wuk_ligand,3554,1.71408
5wuk_ligand,3555,1.7015
5wuk_ligand,3556,1.71027
5wuk_ligand,3557,1.69681
5wuk_ligand,3558,1.70655
5wuk_ligand,3559,1.7167
5wuk_ligand,3560,1.70088
5wuk_ligand,3561,1.71248
5wuk_ligand,3562,1.6941
5wuk_ligand,3563,1.70712
5wuk_ligand,3564,1.7194
5wuk_ligand,3565,1.69468
5wuk_ligand,3566,1.7169
5wuk_ligand,3567,1.68748
5wuk_ligand,3568,1.70617
5wuk_ligand,3569,1.72387
5wuk_ligand,3570,1.68496
5wuk_ligand,3571,1.71258
5wuk_ligand,3572,1.74243
5wuk_ligand,3573,1.67936
5wuk_ligand,3574,1.72442
5wuk_ligand,3575,1.62725
5wuk_ligand,3576,1.64468
5wuk_ligand,3577,1.7959
5wuk_ligand,3578,1.58759
5wuk_ligand,3579,1.78663
5wuk_ligand,3580,1.69141
5wuk_ligand,3581,1.89691
5wuk_ligand,3582,1.64175
5wuk_ligand,3583,2.07154
5wuk_ligand,3584,1.78111
5wuk_ligand,3585,1.65052
5wuk_ligand,3586,1.63953
5wuk_ligand,3587,1.64415
5wuk_ligand,3588,1.63252
5wuk_ligand,3589,1.64067
5wuk_ligand,3590,1.62836
5wuk_ligand,3591,1.63496
5wuk_ligand,3592,1.62415
5wuk_ligand,3593,1.63378
5wuk_ligand,3594,1.64197
5wuk_ligand,3595,1.62749
5wuk_ligand,3596,1.63773
5wuk_ligand,3597,1.62427
5wuk_ligand,3598,1.63243
5wuk_ligand,3599,1.61681
5wuk_ligand,3600,1.63056
5wuk_ligand,3601,1.6102
5wuk_ligand,3602,1.61101
5wuk_ligand,3603,1.60893
5wuk_ligand,3604,1.6041
5wuk_ligand,3605,1.62447
5wuk_ligand,3606,1.61018
5wuk_ligand,3607,1.63127
5wuk_ligand,3608,1.61943
5wuk_ligand,3609,1.5854
5wuk_ligand,3610,1.58002
5wuk_ligand,3611,1.61006
5wuk_ligand,3612,1.70192
5wuk_ligand,3613,1.69215
5wuk_ligand,3614,1.61768
5wuk_ligand,3615,1.62064
5wuk_ligand,3616,1.53913
5wuk_ligand,3617,1.57831
5wuk_ligand,3618,1.56704
5wuk_ligand,3619,1.7025
5wuk_ligand,3620,1.66876
5wuk_ligand,3621,1.67575
5wuk_ligand,3622,1.59711
5wuk_ligand,3623,1.60289
5wuk_ligand,3624,1.56396
5wuk_ligand,3625,1.60388
5wuk_ligand,3626,1.57659
5wuk_ligand,3627,1.61848
5wuk_ligand,3628,1.51541
5wuk_ligand,3629,1.78671
5wuk_ligand,3630,1.54996
5wuk_ligand,3631,1.57565
5wuk_ligand,3632,1.56785
5wuk_ligand,3633,1.53871
5wuk_ligand,3634,1.5541
5wuk_ligand,3635,1.54547
5wuk_ligand,3636,1.57371
5wuk_ligand,3637,1.53866
5wuk_ligand,3638,1.56124
5wuk_ligand,3639,1.5597
5wuk_ligand,3640,1.53966
5wuk_ligand,3641,1.54629
5wuk_ligand,3642,1.52416
5wuk_ligand,3643,1.56575
5wuk_ligand,3644,1.66548
5wuk_ligand,3645,1.6219
5wuk_ligand,3646,1.74028
5wuk_ligand,3647,1.68462
5wuk_ligand,3648,1.60026
5wuk_ligand,3649,1.57053
5wuk_ligand,3650,1.52606
5wuk_ligand,3651,1.53165
5wuk_ligand,3652,1.5502
5wuk_ligand,3653,1.56534
5wuk_ligand,3654,1.49542
5wuk_ligand,3655,1.73324
5wuk_ligand,3656,1.69133
5wuk_ligand,3657,1.56589
5wuk_ligand,3658,1.5793
5wuk_ligand,3659,1.60756
5wuk_ligand,3660,1.60509
5wuk_ligand,3661,1.57735
5wuk_ligand,3662,1.54001
5wuk_ligand,3663,1.55966
5wuk_ligand,3664,1.60011
5wuk_ligand,3665,1.56351
5wuk_ligand,3666,1.66126
5wuk_ligand,3667,1.42722
5wuk_ligand,3668,1.64377
5wuk_ligand,3669,1.62731
5wuk_ligand,3670,1.8319
5wuk_ligand,3671,1.52464
5wuk_ligand,3672,1.723
5wuk_ligand,3673,1.53477
5wuk_ligand,3674,1.55607
5wuk_ligand,3675,1.75093
5wuk_ligand,3676,1.53225
5wuk_ligand,3677,2.02928
5wuk_ligand,3678,1.48531
5wuk_ligand,3679,2.16879
5wuk_ligand,3680,1.43662
5wuk_ligand,3681,2.34579
5wuk_ligand,3682,1.64453
5wuk_ligand,3683,2.47794
5wuk_ligand,3684,1.34518
5wuk_ligand,3685,1.91968
5wuk_ligand,3686,1.03749
5wuk_ligand,3687,2.10421
5wuk_ligand,3688,1.31761
5wuk_ligand,3689,1.78269
5wuk_ligand,3690,1.29752
5wuk_ligand,3691,2.22898
5wuk_ligand,3692,0.977537
5wuk_ligand,3693,1.48613
5wuk_ligand,3694,1.98237
5wuk_ligand,3695,1.39522
5wuk_ligand,3696,1.9414
5wuk_ligand,3697,1.48582
5wuk_ligand,3698,2.10016
5wuk_ligand,3699,1.034
5wuk_ligand,3700,0.746786
5wuk_ligand,3701,0.920572
5wuk_ligand,3702,1.00177
5wuk_ligand,3703,1.03331
5wuk_ligand,3704,1.05127
5wuk_ligand,3705,1.06864
5wuk_ligand,3706,1.08683
5wuk_ligand,3707,1.10703
5wuk_ligand,3708,1.12643
5wuk_ligand,3709,1.16299
5wuk_ligand,3710,1.17541
5wuk_ligand,3711,1.18861
5wuk_ligand,3712,1.04082
5wuk_ligand,3713,1.08435
5wuk_ligand,3714,1.10598
5wuk_ligand,3715,1.12946
5wuk_ligand,3716,1.15517
5wuk_ligand,3717,1.1735
5wuk_ligand,3718,1.21486
5wuk_ligand,3719,1.01522
5wuk_ligand,3720,1.04753
5wuk_ligand,3721,1.11353
5wuk_ligand,3722,1.1412
5wuk_ligand,3723,1.17531
5wuk_ligand,3724,1.19994
5wuk_ligand,3725,1.21675
5wuk_ligand,3726,1.22209
5wuk_ligand,3727,1.03211
5wuk_ligand,3728,1.12464
5wuk_ligand,3729,1.18925
5wuk_ligand,3730,1.19797
5wuk_ligand,3731,1.2337
5wuk_ligand,3732,1.25836
5wuk_ligand,3733,1.04099
5wuk_ligand,3734,1.13263
5wuk_ligand,3735,1.18292
5wuk_ligand,3736,1.2778
5wuk_ligand,3737,1.27958
5wuk_ligand,3738,1.3075
5wuk_ligand,3739,1.31741
5wuk_ligand,3740,1.2187
5wuk_ligand,3741,1.38744
5wuk_ligand,3742,1.10484
5wuk_ligand,3743,1.27678
5wuk_ligand,3744,1.38901
5wuk_ligand,3745,1.23797
5wuk_ligand,3746,1.54962
5wuk_ligand,3747,1.20959
5wuk_ligand,3748,1.66907
5wuk_ligand,3749,1.48333
5wuk_ligand,3750,1.86263
5wuk_ligand,3751,1.71119
5wuk_ligand,3752,1.71821
5wuk_ligand,3753,1.69595
5wuk_ligand,3754,1.67904
5wuk_ligand,3755,1.69238
5wuk_ligand,3756,1.66788
5wuk_ligand,3757,1.64538
5wuk_ligand,3758,1.66992
5wuk_ligand,3759,1.64265
5wuk_ligand,3760,1.63264
5wuk_ligand,3761,1.65494
5wuk_ligand,3762,1.64614
5wuk_ligand,3763,1.63624
5wuk_ligand,3764,1.63295
5wuk_ligand,3765,1.66432
5wuk_ligand,3766,1.627
5wuk_ligand,3767,1.61548
5wuk_ligand,3768,1.64199
5wuk_ligand,3769,1.63368
5wuk_ligand,3770,1.62211
5wuk_ligand,3771,1.65626
5wuk_ligand,3772,1.6012
5wuk_ligand,3773,1.58336
5wuk_ligand,3774,1.61204
5wuk_ligand,3775,1.58369
5wuk_ligand,3776,1.55189
5wuk_ligand,3777,1.54693
5wuk_ligand,3778,1.46551
5wuk_ligand,3779,1.59132
5wuk_ligand,3780,1.50161
5wuk_ligand,3781,1.55126
5wuk_ligand,3782,1.4797
5wuk_ligand,3783,1.66883
5wuk_ligand,3784,1.47477
5wuk_ligand,3785,1.55135
5wuk_ligand,3786,1.40273
5wuk_ligand,3787,1.79187
5wuk_ligand,3788,1.39078
5wuk_ligand,3789,1.69717
5wuk_ligand,3790,1.41578
5wuk_ligand,3791,1.49825
5wuk_ligand,3792,1.45845
5wuk_ligand,3793,1.44742
5wuk_ligand,3794,1.43541
5wuk_ligand,3795,1.42549
5wuk_ligand,3796,1.41497
5wuk_ligand,3797,1.4048
5wuk_ligand,3798,1.39912
5wuk_ligand,3799,1.39279
5wuk_ligand,3800,1.38575
5wuk_ligand,3801,1.37691
5wuk_ligand,3802,1.49775
5wuk_ligand,3803,1.42746
5wuk_ligand,3804,1.40929
5wuk_ligand,3805,1.3945
5wuk_ligand,3806,1.38582
5wuk_ligand,3807,1.55255
5wuk_ligand,3808,1.46712
5wuk_ligand,3809,1.45531
5wuk_ligand,3810,1.43638
5wuk_ligand,3811,1.41586
5wuk_ligand,3812,1.38431
5wuk_ligand,3813,1.58958
5wuk_ligand,3814,1.42632
5wuk_ligand,3815,1.42993
5wuk_ligand,3816,1.40479
5wuk_ligand,3817,1.39835
5wuk_ligand,3818,1.42206
5wuk_ligand,3819,1.38362
5wuk_ligand,3820,1.60855
5wuk_ligand,3821,1.43266
5wuk_ligand,3822,1.53028
5wuk_ligand,3823,1.24193
5wuk_ligand,3824,1.66081
5wuk_ligand,3825,1.24007
5wuk_ligand,3826,1.59996
5wuk_ligand,3827,1.09223
5wuk_ligand,3828,1.81109
5wuk_ligand,3829,1.03756
5wuk_ligand,3830,1.81029
5wuk_ligand,3831,1.34879
5wuk_ligand,3832,1.36673
5wuk_ligand,3833,1.38502
5wuk_ligand,3834,1.39396
5wuk_ligand,3835,1.39215
5wuk_ligand,3836,1.39243
5wuk_ligand,3837,1.39277
5wuk_ligand,3838,1.39318
5wuk_ligand,3839,1.39365
5wuk_ligand,3840,1.39439
5wuk_ligand,3841,1.39518
5wuk_ligand,3842,1.396
5wuk_ligand,3843,1.39689
5wuk_ligand,3844,1.39776
5wuk_ligand,3845,1.39836
5wuk_ligand,3846,1.39922
5wuk_ligand,3847,1.40019
5wuk_ligand,3848,1.40131
5wuk_ligand,3849,1.39798
5wuk_ligand,3850,1.39898
5wuk_ligand,3851,1.40019
5wuk_ligand,3852,1.39652
5wuk_ligand,3853,1.39765
5wuk_ligand,3854,1.3929
5wuk_ligand,3855,1.39587
5wuk_ligand,3856,1.39724
5wuk_ligand,3857,1.39076
5wuk_ligand,3858,1.39475
5wuk_ligand,3859,1.3859
5wuk_ligand,3860,1.38866
5wuk_ligand,3861,1.39486
5wuk_ligand,3862,1.38232
5wuk_ligand,3863,1.38688
5wuk_ligand,3864,1.40076
5wuk_ligand,3865,1.3859
5wuk_ligand,3866,1.40966
5wuk_ligand,3867,1.37348
5wuk_ligand,3868,1.4395
5wuk_ligand,3869,1.37061
5wuk_ligand,3870,1.46995
5wuk_ligand,3871,1.34005
5wuk_ligand,3872,1.47858
5wuk_ligand,3873,1.25716
5wuk_ligand,3874,1.51598
5wuk_ligand,3875,1.17965
5wuk_ligand,3876,1.58982
5wuk_ligand,3877,1.00883
5wuk_ligand,3878,1.20673
5wuk_ligand,3879,1.23151
5wuk_ligand,3880,1.24793
5wuk_ligand,3881,1.26255
5wuk_ligand,3882,1.27706
5wuk_ligand,3883,1.29131
5wuk_ligand,3884,1.30288
5wuk_ligand,3885,1.31451
5wuk_ligand,3886,1.32644
5wuk_ligand,3887,1.33863
5wuk_ligand,3888,1.34968
5wuk_ligand,3889,1.35561
5wuk_ligand,3890,1.36292
5wuk_ligand,3891,1.37219
5wuk_ligand,3892,1.38407
5wuk_ligand,3893,1.39945
5wuk_ligand,3894,1.42032
5wuk_ligand,3895,1.43774
5wuk_ligand,3896,1.38388
5wuk_ligand,3897,1.45296
5wuk_ligand,3898,1.3729
5wuk_ligand,3899,1.43363
5wuk_ligand,3900,1.33765
5wuk_ligand,3901,1.38355
5wuk_ligand,3902,1.42691
5wuk_ligand,3903,1.36629
5wuk_ligand,3904,1.51194
5wuk_ligand,3905,1.26833
5wuk_ligand,3906,1.53212
5wuk_ligand,3907,1.14006
5wuk_ligand,3908,1.31417
5wuk_ligand,3909,1.08669
5wuk_ligand,3910,1.28733
5wuk_ligand,3911,1.3373
5wuk_ligand,3912,1.35292
5wuk_ligand,3913,1.36125
5wuk_ligand,3914,1.36803
5wuk_ligand,3915,1.37664
5wuk_ligand,3916,1.38758
5wuk_ligand,3917,1.39987
5wuk_ligand,3918,1.42187
5wuk_ligand,3919,1.39536
5wuk_ligand,3920,1.43557
5wuk_ligand,3921,1.39309
5wuk_ligand,3922,1.44219
5wuk_ligand,3923,1.39297
5wuk_ligand,3924,1.46434
5wuk_ligand,3925,1.40589
5wuk_ligand,3926,1.41017
5wuk_ligand,3927,1.41612
5wuk_ligand,3928,1.38363
5wuk_ligand,3929,1.54392
5wuk_ligand,3930,1.35172
5wuk_ligand,3931,1.55581
5wuk_ligand,3932,1.32848
5wuk_ligand,3933,1.50702
5wuk_ligand,3934,1.18387
5wuk_ligand,3935,1.49336
5wuk_ligand,3936,1.25026
5wuk_ligand,3937,1.63053
5wuk_ligand,3938,1.1445
5wuk_ligand,3939,1.6614
5wuk_ligand,3940,0.731488
5wuk_ligand,3941,1.37141
5wuk_ligand,3942,0.922779
5wuk_ligand,3943,1.46898
5wuk_ligand,3944,1.37262
5wuk_ligand,3945,1.37993
5wuk_ligand,3946,1.37847
5wuk_ligand,3947,1.37605
5wuk_ligand,3948,1.37573
5wuk_ligand,3949,1.3758
5wuk_ligand,3950,1.37622
5wuk_ligand,3951,1.37688
5wuk_ligand,3952,1.37779
5wuk_ligand,3953,1.37896
5wuk_ligand,3954,1.3804
5wuk_ligand,3955,1.38214
5wuk_ligand,3956,1.38421
5wuk_ligand,3957,1.38662
5wuk_ligand,3958,1.3894
5wuk_ligand,3959,1.39277
5wuk_ligand,3960,1.39418
5wuk_ligand,3961,1.39612
5wuk_ligand,3962,1.39869
5wuk_ligand,3963,1.40197
5wuk_ligand,3964,1.40819
5wuk_ligand,3965,1.41083
5wuk_ligand,3966,1.41388
5wuk_ligand,3967,1.41752
5wuk_ligand,3968,1.42202
5wuk_ligand,3969,1.42778
5wuk_ligand,3970,1.43539
5wuk_ligand,3971,1.44613
5wuk_ligand,3972,1.42974
5wuk_ligand,3973,1.44855
5wuk_ligand,3974,1.42595
5wuk_ligand,3975,1.44517
5wuk_ligand,3976,1.41291
5wuk_ligand,3977,1.45672
5wuk_ligand,3978,1.43555
5wuk_ligand,3979,1.5734
5wuk_ligand,3980,1.40106
5wuk_ligand,3981,1.61687
5wuk_ligand,3982,1.39261
5wuk_ligand,3983,1.63611
5wuk_ligand,3984,1.39486
5wuk_ligand,3985,1.78212
5wuk_ligand,3986,1.31594
5wuk_ligand,3987,1.45065
5wuk_ligand,3988,1.48603
5wuk_ligand,3989,1.42576
5wuk_ligand,3990,1.43296
5wuk_ligand,3991,1.39005
5wuk_ligand,3992,1.4636
5wuk_ligand,3993,1.39857
5wuk_ligand,3994,1.47067
5wuk_ligand,3995,1.40634
5wuk_ligand,3996,1.42402
5wuk_ligand,3997,1.44271
5wuk_ligand,3998,1.3748
5wuk_ligand,3999,1.51321
5wuk_ligand,4000,1.35816
5wuk_ligand,4001,1.47842
5wuk_ligand,4002,1.38165
5wuk_ligand,4003,1.44502
5wuk_ligand,4004,1.33389
5wuk_ligand,4005,1.43046
5wuk_ligand,4006,1.31311
5wuk_ligand,4007,1.34466
5wuk_ligand,4008,1.38084
5wuk_ligand,4009,1.40905
5wuk_ligand,4010,1.40518
5wuk_ligand,4011,1.42072
5wuk_ligand,4012,1.31171
5wuk_ligand,4013,1.50538
5wuk_ligand,4014,1.23376
5wuk_ligand,4015,1.37138
5wuk_ligand,4016,1.3203
5wuk_ligand,4017,1.31212
5wuk_ligand,4018,1.34405
5wuk_ligand,4019,1.49364
5wuk_ligand,4020,1.42741
5wuk_ligand,4021,1.41095
5wuk_ligand,4022,1.41736
5wuk_ligand,4023,1.42556
5wuk_ligand,4024,1.41264
5wuk_ligand,4025,1.42499
5wuk_ligand,4026,1.41236
5wuk_ligand,4027,1.4511
5wuk_ligand,4028,1.41337
5wuk_ligand,4029,1.42892
5wuk_ligand,4030,1.41005
5wuk_ligand,4031,1.43069
5wuk_ligand,4032,1.40703
5wuk_ligand,4033,1.47223
5wuk_ligand,4034,1.41518
5wuk_ligand,4035,1.45217
5wuk_ligand,4036,1.38328
5wuk_ligand,4037,1.60637
5wuk_ligand,4038,1.41241
5wuk_ligand,4039,1.49057
5wuk_ligand,4040,1.4413
5wuk_ligand,4041,1.41243
5wuk_ligand,4042,1.43069
5wuk_ligand,4043,1.40461
5wuk_ligand,4044,1.4704
5wuk_ligand,4045,1.40862
5wuk_ligand,4046,1.45188
5wuk_ligand,4047,1.37303
5wuk_ligand,4048,1.6018
5wuk_ligand,4049,1.41128
5wuk_ligand,4050,1.69337
5wuk_ligand,4051,1.36533
5wuk_ligand,4052,1.66282
5wuk_ligand,4053,1.2912
5wuk_ligand,4054,1.46281
5wuk_ligand,4055,1.47172
5wuk_ligand,4056,1.45464
5wuk_ligand,4057,1.46335
5wuk_ligand,4058,1.44968
5wuk_ligand,4059,1.46993
5wuk_ligand,4060,1.45548
5wuk_ligand,4061,1.46402
5wuk_ligand,4062,1.4485
5wuk_ligand,4063,1.46882
5wuk_ligand,4064,1.4518
5wuk_ligand,4065,1.46001
5wuk_ligand,4066,1.44078
5wuk_ligand,4067,1.46189
5wuk_ligand,4068,1.44046
5wuk_ligand,4069,1.4645
5wuk_ligand,4070,1.43999
5wuk_ligand,4071,1.4682
5wuk_ligand,4072,1.43838
5wuk_ligand,4073,1.47046
5wuk_ligand,4074,1.43547
5wuk_ligand,4075,1.47403
5wuk_ligand,4076,1.4173
5wuk_ligand,4077,1.463
5wuk_ligand,4078,1.41242
5wuk_ligand,4079,1.46632
5wuk_ligand,4080,1.40513
5wuk_ligand,4081,1.60771
5wuk_ligand,4082,1.46318
5wuk_ligand,4083,1.4109
5wuk_ligand,4084,1.65887
5wuk_ligand,4085,1.43898
5wuk_ligand,4086,1.51604
5wuk_ligand,4087,1.46681
5wuk_ligand,4088,1.40711
5wuk_ligand,4089,1.44992
5wuk_ligand,4090,1.38614
5wuk_ligand,4091,1.59788
5wuk_ligand,4092,1.3784
5wuk_ligand,4093,1.66853
5wuk_ligand,4094,1.33894
5wuk_ligand,4095,1.8403
5wuk_ligand,4096,1.24963
5wuk_ligand,4097,1.51531
5wuk_ligand,4098,1.42028
5wuk_ligand,4099,1.38545
5wuk_ligand,4100,1.37416
5wuk_ligand,4101,1.36563
5wuk_ligand,4102,1.37328
5wuk_ligand,4103,1.3665
5wuk_ligand,4104,1.37735
5wuk_ligand,4105,1.37189
5wuk_ligand,4106,1.36683
5wuk_ligand,4107,1.40309
5wuk_ligand,4108,1.39364
5wuk_ligand,4109,1.38805
5wuk_ligand,4110,1.38466
5wuk_ligand,4111,1.38187
5wuk_ligand,4112,1.37965
5wuk_ligand,4113,1.37797
5wuk_ligand,4114,1.3768
5wuk_ligand,4115,1.40981
5wuk_ligand,4116,1.40653
5wuk_ligand,4117,1.40771
5wuk_ligand,4118,1.41355
5wuk_ligand,4119,1.42418
5wuk_ligand,4120,1.34792
5wuk_ligand,4121,1.54521
5wuk_ligand,4122,1.34528
5wuk_ligand,4123,1.55365
5wuk_ligand,4124,1.32992
5wuk_ligand,4125,1.53585
5wuk_ligand,4126,1.19689
5wuk_ligand,4127,1.51252
5wuk_ligand,4128,1.20442
5wuk_ligand,4129,1.53761
5wuk_ligand,4130,1.41007
5wuk_ligand,4131,1.42227
5wuk_ligand,4132,1.41621
5wuk_ligand,4133,1.40999
5wuk_ligand,4134,1.42262
5wuk_ligand,4135,1.41604
5wuk_ligand,4136,1.40924
5wuk_ligand,4137,1.40207
5wuk_ligand,4138,1.41667
5wuk_ligand,4139,1.40864
5wuk_ligand,4140,1.40111
5wuk_ligand,4141,1.43826
5wuk_ligand,4142,1.3961
5wuk_ligand,4143,1.43788
5wuk_ligand,4144,1.38857
5wuk_ligand,4145,1.43503
5wuk_ligand,4146,1.37723
5wuk_ligand,4147,1.42884
5wuk_ligand,4148,1.35857
5wuk_ligand,4149,1.54771
5wuk_ligand,4150,1.395
5wuk_ligand,4151,1.45814
5wuk_ligand,4152,1.41325
5wuk_ligand,4153,1.39352
5wuk_ligand,4154,1.45696
5wuk_ligand,4155,1.39836
5wuk_ligand,4156,1.40954
5wuk_ligand,4157,1.38321
5wuk_ligand,4158,1.43742
5wuk_ligand,4159,1.32471
5wuk_ligand,4160,1.54675
5wuk_ligand,4161,1.26177
5wuk_ligand,4162,1.39151
5wuk_ligand,4163,1.4005
5wuk_ligand,4164,1.39556
5wuk_ligand,4165,1.40473
5wuk_ligand,4166,1.39911
5wuk_ligand,4167,1.39369
5wuk_ligand,4168,1.4028
5wuk_ligand,4169,1.39641
5wuk_ligand,4170,1.40565
5wuk_ligand,4171,1.39958
5wuk_ligand,4172,1.39871
5wuk_ligand,4173,1.39878
5wuk_ligand,4174,1.39928
5wuk_ligand,4175,1.39769
5wuk_ligand,4176,1.41388
5wuk_ligand,4177,1.40067
5wuk_ligand,4178,1.40185
5wuk_ligand,4179,1.39921
5wuk_ligand,4180,1.4001
5wuk_ligand,4181,1.42588
5wuk_ligand,4182,1.36319
5wuk_ligand,4183,1.51357
5wuk_ligand,4184,1.37072
5wuk_ligand,4185,1.57411
5wuk_ligand,4186,1.33688
5wuk_ligand,4187,1.60127
5wuk_ligand,4188,1.31557
5wuk_ligand,4189,1.69654
5wuk_ligand,4190,1.3063
5wuk_ligand,4191,1.32918
5wuk_ligand,4192,1.34829
5wuk_ligand,4193,1.36739
5wuk_ligand,4194,1.36633
5wuk_ligand,4195,1.36527
5wuk_ligand,4196,1.36663
5wuk_ligand,4197,1.36881
5wuk_ligand,4198,1.36956
5wuk_ligand,4199,1.37171
5wuk_ligand,4200,1.3723
5wuk_ligand,4201,1.37343
5wuk_ligand,4202,1.37244
5wuk_ligand,4203,1.37495
5wuk_ligand,4204,1.37437
5wuk_ligand,4205,1.37649
5wuk_ligand,4206,1.37619
5wuk_ligand,4207,1.35641
5wuk_ligand,4208,1.43361
5wuk_ligand,4209,1.32529
5wuk_ligand,4210,1.45057
5wuk_ligand,4211,1.20578
5wuk_ligand,4212,1.37158
5wuk_ligand,4213,1.21196
5wuk_ligand,4214,1.46054
5wuk_ligand,4215,1.10274
5wuk_ligand,4216,1.59081
5wuk_ligand,4217,1.06352
5wuk_ligand,4218,1.66725
5wuk_ligand,4219,0.888437
5wuk_ligand,4220,1.04871
5wuk_ligand,4221,0.574436
5wuk_ligand,4222,1.09459
5wuk_ligand,4223,1.40095
5wuk_ligand,4224,1.37022
5wuk_ligand,4225,1.36165
5wuk_ligand,4226,1.35522
5wuk_ligand,4227,1.35114
5wuk_ligand,4228,1.34739
5wuk_ligand,4229,1.34409
5wuk_ligand,4230,1.34505
5wuk_ligand,4231,1.34454
5wuk_ligand,4232,1.34408
5wuk_ligand,4233,1.34367
5wuk_ligand,4234,1.34487
5wuk_ligand,4235,1.34456
5wuk_ligand,4236,1.33969
5wuk_ligand,4237,1.33949
5wuk_ligand,4238,1.33933
5wuk_ligand,4239,1.33925
5wuk_ligand,4240,1.33923
5wuk_ligand,4241,1.3393
5wuk_ligand,4242,1.33953
5wuk_ligand,4243,1.33992
5wuk_ligand,4244,1.34048
5wuk_ligand,4245,1.34126
5wuk_ligand,4246,1.34233
5wuk_ligand,4247,1.34375
5wuk_ligand,4248,1.3455
5wuk_ligand,4249,1.34759
5wuk_ligand,4250,1.3499
5wuk_ligand,4251,1.35246
5wuk_ligand,4252,1.35533
5wuk_ligand,4253,1.35093
5wuk_ligand,4254,1.35456
5wuk_ligand,4255,1.35869
5wuk_ligand,4256,1.35287
5wuk_ligand,4257,1.35832
5wuk_ligand,4258,1.35116
5wuk_ligand,4259,1.35779
5wuk_ligand,4260,1.36479
5wuk_ligand,4261,1.35459
5wuk_ligand,4262,1.34712
5wuk_ligand,4263,1.36936
5wuk_ligand,4264,1.36483
5wuk_ligand,4265,1.35146
5wuk_ligand,4266,1.41095
5wuk_ligand,4267,1.37047
5wuk_ligand,4268,1.36769
5wuk_ligand,4269,1.36213
5wuk_ligand,4270,1.43648
5wuk_ligand,4271,1.38202
5wuk_ligand,4272,1.40478
5wuk_ligand,4273,1.33956
5wuk_ligand,4274,1.37451
5wuk_ligand,4275,1.38679
5wuk_ligand,4276,1.18717
5wuk_ligand,4277,1.3582
5wuk_ligand,4278,1.1579
5wuk_ligand,4279,1.51247
5wuk_ligand,4280,1.26837
5wuk_ligand,4281,1.32832
5wuk_ligand,4282,1.40788
5wuk_ligand,4283,1.51222
5wuk_ligand,4284,1.42343
5wuk_ligand,4285,1.42596
5wuk_ligand,4286,1.4261
5wuk_ligand,4287,1.42679
5wuk_ligand,4288,1.42741
5wuk_ligand,4289,1.42528
5wuk_ligand,4290,1.42278
5wuk_ligand,4291,1.41995
5wuk_ligand,4292,1.41669
5wuk_ligand,4293,1.41291
5wuk_ligand,4294,1.40851
5wuk_ligand,4295,1.40337
5wuk_ligand,4296,1.3974
5wuk_ligand,4297,1.39035
5wuk_ligand,4298,1.38221
5wuk_ligand,4299,1.37244
5wuk_ligand,4300,1.36066
5wuk_ligand,4301,1.34712
5wuk_ligand,4302,1.33154
5wuk_ligand,4303,1.34923
5wuk_ligand,4304,1.31618
5wuk_ligand,4305,1.3786
5wuk_ligand,4306,1.35222
5wuk_ligand,4307,1.32477
5wuk_ligand,4308,1.36059
5wuk_ligand,4309,1.30922
5wuk_ligand,4310,1.43265
5wuk_ligand,4311,1.36079
5wuk_ligand,4312,1.35476
5wuk_ligand,4313,1.32536
5wuk_ligand,4314,1.44081
5wuk_ligand,4315,1.21483
5wuk_ligand,4316,1.3014
5wuk_ligand,4317,1.5002
5wuk_ligand,4318,1.29306
5wuk_ligand,4319,1.55382
5wuk_ligand,4320,1.20211
5wuk_ligand,4321,1.52297
5wuk_ligand,4322,1.01477
5wuk_ligand,4323,1.51514
5wuk_ligand,4324,0.883988
5wuk_ligand,4325,1.66496
5wuk_ligand,4326,0.806851
5wuk_ligand,4327,0.879874
5wuk_ligand,4328,1.7721
5wuk_ligand,4329,1.21509
5wuk_ligand,4330,1.8164
5wuk_ligand,4331,1.70697
5wuk_ligand,4332,1.62983
5wuk_ligand,4333,1.62
5wuk_ligand,4334,1.60996
5wuk_ligand,4335,1.59971
5wuk_ligand,4336,1.58949
5wuk_ligand,4337,1.57865
5wuk_ligand,4338,1.56794
5wuk_ligand,4339,1.5571
5wuk_ligand,4340,1.5524
5wuk_ligand,4341,1.54845
5wuk_ligand,4342,1.54414
5wuk_ligand,4343,1.53945
5wuk_ligand,4344,1.53439
5wuk_ligand,4345,1.52888
5wuk_ligand,4346,1.52287
5wuk_ligand,4347,1.51632
5wuk_ligand,4348,1.50917
5wuk_ligand,4349,1.50135
5wuk_ligand,4350,1.49311
5wuk_ligand,4351,1.48409
5wuk_ligand,4352,1.47408
5wuk_ligand,4353,1.46291
5wuk_ligand,4354,1.4543
5wuk_ligand,4355,1.42585
5wuk_ligand,4356,1.41786
5wuk_ligand,4357,1.41173
5wuk_ligand,4358,1.40006
5wuk_ligand,4359,1.39918
5wuk_ligand,4360,1.39616
5wuk_ligand,4361,1.38934
5wuk_ligand,4362,1.38526
5wuk_ligand,4363,1.38528
5wuk_ligand,4364,1.26455
5wuk_ligand,4365,1.3693
5wuk_ligand,4366,1.34646
5wuk_ligand,4367,1.33355
5wuk_ligand,4368,1.37459
5wuk_ligand,4369,1.34047
5wuk_ligand,4370,1.34694
5wuk_ligand,4371,1.55472
5wuk_ligand,4372,1.35721
5wuk_ligand,4373,1.53014
5wuk_ligand,4374,1.41584
5wuk_ligand,4375,1.30348
5wuk_ligand,4376,1.53478
5wuk_ligand,4377,1.22203
5wuk_ligand,4378,1.37754
5wuk_ligand,4379,1.36769
5wuk_ligand,4380,1.36434
5wuk_ligand,4381,1.36073
5wuk_ligand,4382,1.35691
5wuk_ligand,4383,1.34598
5wuk_ligand,4384,1.37016
5wuk_ligand,4385,1.36545
5wuk_ligand,4386,1.35773
5wuk_ligand,4387,1.35135
5wuk_ligand,4388,1.35546
5wuk_ligand,4389,1.35625
5wuk_ligand,4390,1.38155
5wuk_ligand,4391,1.37224
5wuk_ligand,4392,1.36112
5wuk_ligand,4393,1.39436
5wuk_ligand,4394,1.34027
5wuk_ligand,4395,1.40382
5wuk_ligand,4396,1.30857
5wuk_ligand,4397,1.36027
5wuk_ligand,4398,1.3584
5wuk_ligand,4399,1.57749
5wuk_ligand,4400,1.46496
5wuk_ligand,4401,1.44043
5wuk_ligand,4402,1.42353
5wuk_ligand,4403,1.34655
5wuk_ligand,4404,1.52094
5wuk_ligand,4405,1.34187
5wuk_ligand,4406,1.61415
5wuk_ligand,4407,1.3353
5wuk_ligand,4408,1.71354
5wuk_ligand,4409,1.22701
5wuk_ligand,4410,1.34886
5wuk_ligand,4411,1.33138
5wuk_ligand,4412,1.31449
5wuk_ligand,4413,1.30843
5wuk_ligand,4414,1.31778
5wuk_ligand,4415,1.31558
5wuk_ligand,4416,1.31066
5wuk_ligand,4417,1.32093
5wuk_ligand,4418,1.31644
5wuk_ligand,4419,1.312
5wuk_ligand,4420,1.32401
5wuk_ligand,4421,1.31944
5wuk_ligand,4422,1.33319
5wuk_ligand,4423,1.31674
5wuk_ligand,4424,1.33198
5wuk_ligand,4425,1.32626
5wuk_ligand,4426,1.34496
5wuk_ligand,4427,1.31719
5wuk_ligand,4428,1.31362
5wuk_ligand,4429,1.30402
5wuk_ligand,4430,1.34644
5wuk_ligand,4431,1.30894
5wuk_ligand,4432,1.34447
5wuk_ligand,4433,1.29394
5wuk_ligand,4434,1.33786
5wuk_ligand,4435,1.31241
5wuk_ligand,4436,1.42602
5wuk_ligand,4437,1.34107
5wuk_ligand,4438,1.27458
5wuk_ligand,4439,1.41008
5wuk_ligand,4440,1.33139
5wuk_ligand,4441,1.61104
5wuk_ligand,4442,1.37325
5wuk_ligand,4443,1.72722
5wuk_ligand,4444,1.52292
5wuk_ligand,4445,1.40047
5wuk_ligand,4446,1.39034
5wuk_ligand,4447,1.37646
5wuk_ligand,4448,1.35327
5wuk_ligand,4449,1.32673
5wuk_ligand,4450,1.43484
5wuk_ligand,4451,1.28002
5wuk_ligand,4452,1.40966
5wuk_ligand,4453,1.38791
5wuk_ligand,4454,1.00715
5wuk_ligand,4455,1.40544
5wuk_ligand,4456,1.0973
5wuk_ligand,4457,1.59223
5wuk_ligand,4458,0.992115
5wuk_ligand,4459,0.502757
5wuk_ligand,4460,1.51289
5wuk_ligand,4461,1.16899
5wuk_ligand,4462,1.38025
5wuk_ligand,4463,1.50662
5wuk_ligand,4464,1.48093
5wuk_ligand,4465,1.46272
5wuk_ligand,4466,1.44289
5wuk_ligand,4467,1.42235
5wuk_ligand,4468,1.41027
5wuk_ligand,4469,1.39923
5wuk_ligand,4470,1.38969
5wuk_ligand,4471,1.37886
5wuk_ligand,4472,1.36957
5wuk_ligand,4473,1.35988
5wuk_ligand,4474,1.35437
5wuk_ligand,4475,1.34853
5wuk_ligand,4476,1.34253
5wuk_ligand,4477,1.36533
5wuk_ligand,4478,1.35291
5wuk_ligand,4479,1.34709
5wuk_ligand,4480,1.34068
5wuk_ligand,4481,1.36691
5wuk_ligand,4482,1.35232
5wuk_ligand,4483,1.34322
5wuk_ligand,4484,1.37894
5wuk_ligand,4485,1.35614
5wuk_ligand,4486,1.34422
5wuk_ligand,4487,1.38778
5wuk_ligand,4488,1.31373
5wuk_ligand,4489,1.37174
5wuk_ligand,4490,1.3276
5wuk_ligand,4491,1.33626
5wuk_ligand,4492,1.38308
5wuk_ligand,4493,1.26935
5wuk_ligand,4494,1.39974
5wuk_ligand,4495,1.18055
5wuk_ligand,4496,1.37617
5wuk_ligand,4497,1.32334
5wuk_ligand,4498,1.32216
5wuk_ligand,4499,1.33036
5wuk_ligand,4500,1.34276
5wuk_ligand,4501,1.33654
5wuk_ligand,4502,1.34014
5wuk_ligand,4503,1.33644
5wuk_ligand,4504,1.40002
5wuk_ligand,4505,1.30132
5wuk_ligand,4506,1.39927
5wuk_ligand,4507,1.2718
5wuk_ligand,4508,1.34771
5wuk_ligand,4509,1.32069
5wuk_ligand,4510,1.38639
5wuk_ligand,4511,1.32187
5wuk_ligand,4512,1.38594
5wuk_ligand,4513,1.32031
5wuk_ligand,4514,1.60275
5wuk_ligand,4515,1.39007
5wuk_ligand,4516,0.910633
5wuk_ligand,4517,1.51991
5wuk_ligand,4518,1.32453
5wuk_ligand,4519,1.28739
5wuk_ligand,4520,1.31154
5wuk_ligand,4521,1.30483
5wuk_ligand,4522,1.29876
5wuk_ligand,4523,1.30593
5wuk_ligand,4524,1.30498
5wuk_ligand,4525,1.30442
5wuk_ligand,4526,1.30432
5wuk_ligand,4527,1.30465
5wuk_ligand,4528,1.30546
5wuk_ligand,4529,1.30682
5wuk_ligand,4530,1.30881
5wuk_ligand,4531,1.31143
5wuk_ligand,4532,1.32739
5wuk_ligand,4533,1.32692
5wuk_ligand,4534,1.33821
5wuk_ligand,4535,1.32926
5wuk_ligand,4536,1.33506
5wuk_ligand,4537,1.3294
5wuk_ligand,4538,1.35014
5wuk_ligand,4539,1.28916
5wuk_ligand,4540,1.33539
5wuk_ligand,4541,1.31742
5wuk_ligand,4542,1.38814
5wuk_ligand,4543,1.26908
5wuk_ligand,4544,1.51548
5wuk_ligand,4545,1.38029
5wuk_ligand,4546,1.59078
5wuk_ligand,4547,1.57027
5wuk_ligand,4548,1.28884
5wuk_ligand,4549,1.66079
5wuk_ligand,4550,1.51012
5wuk_ligand,4551,1.41726
5wuk_ligand,4552,1.34399
5wuk_ligand,4553,1.29833
5wuk_ligand,4554,1.36381
5wuk_ligand,4555,1.30785
5wuk_ligand,4556,1.32908
5wuk_ligand,4557,1.27461
5wuk_ligand,4558,1.30245
5wuk_ligand,4559,1.30262
5wuk_ligand,4560,1.32033
5wuk_ligand,4561,1.31119
5wuk_ligand,4562,1.34381
5wuk_ligand,4563,1.26413
5wuk_ligand,4564,1.32829
5wuk_ligand,4565,1.1356
5wuk_ligand,4566,1.29554
5wuk_ligand,4567,1.3207
5wuk_ligand,4568,1.48204
5wuk_ligand,4569,1.38127
5wuk_ligand,4570,1.33127
5wuk_ligand,4571,1.48456
5wuk_ligand,4572,1.37355
5wuk_ligand,4573,1.37728
5wuk_ligand,4574,1.35958
5wuk_ligand,4575,1.37547
5wuk_ligand,4576,1.30879
5wuk_ligand,4577,1.47504
5wuk_ligand,4578,1.32596
5wuk_ligand,4579,1.48745
5wuk_ligand,4580,1.32139
5wuk_ligand,4581,1.52704
5wuk_ligand,4582,1.32997
5wuk_ligand,4583,1.40644
5wuk_ligand,4584,1.34718
5wuk_ligand,4585,1.42495
5wuk_ligand,4586,1.29808
5wuk_ligand,4587,1.64374
5wuk_ligand,4588,1.24698
5wuk_ligand,4589,1.80129
5wuk_ligand,4590,1.13876
5wuk_ligand,4591,1.96672
5wuk_ligand,4592,1.04714
5wuk_ligand,4593,1.89535
5wuk_ligand,4594,0.869408
5wuk_ligand,4595,1.73466
5wuk_ligand,4596,1.69904
5wuk_ligand,4597,1.66435
5wuk_ligand,4598,1.62997
5wuk_ligand,4599,1.5964
5wuk_ligand,4600,1.56225
5wuk_ligand,4601,1.52879
5wuk_ligand,4602,1.50874
5wuk_ligand,4603,1.48855
5wuk_ligand,4604,1.46923
5wuk_ligand,4605,1.45213
5wuk_ligand,4606,1.44252
5wuk_ligand,4607,1.44141
5wuk_ligand,4608,1.4389
5wuk_ligand,4609,1.43732
5wuk_ligand,4610,1.43572
5wuk_ligand,4611,1.43409
5wuk_ligand,4612,1.43242
5wuk_ligand,4613,1.43071
5wuk_ligand,4614,1.42894
5wuk_ligand,4615,1.42514
5wuk_ligand,4616,1.42396
5wuk_ligand,4617,1.42275
5wuk_ligand,4618,1.41705
5wuk_ligand,4619,1.41626
5wuk_ligand,4620,1.41496
5wuk_ligand,4621,1.41344
5wuk_ligand,4622,1.40523
5wuk_ligand,4623,1.40448
5wuk_ligand,4624,1.40304
5wuk_ligand,4625,1.39847
5wuk_ligand,4626,1.39361
5wuk_ligand,4627,1.38844
5wuk_ligand,4628,1.38318
5wuk_ligand,4629,1.37825
5wuk_ligand,4630,1.37398
5wuk_ligand,4631,1.38514
5wuk_ligand,4632,1.37309
5wuk_ligand,4633,1.38703
5wuk_ligand,4634,1.37624
5wuk_ligand,4635,1.39135
5wuk_ligand,4636,1.30576
5wuk_ligand,4637,1.45809
5wuk_ligand,4638,1.28516
5wuk_ligand,4639,1.43196
5wuk_ligand,4640,1.28047
5wuk_ligand,4641,1.49458
5wuk_ligand,4642,1.27559
5wuk_ligand,4643,1.46849
5wuk_ligand,4644,1.18141
5wuk_ligand,4645,1.52481
5wuk_ligand,4646,1.09439
5wuk_ligand,4647,1.12858
5wuk_ligand,4648,1.11362
5wuk_ligand,4649,1.60696
5wuk_ligand,4650,1.45783
5wuk_ligand,4651,1.45179
5wuk_ligand,4652,1.44567
5wuk_ligand,4653,1.43911
5wuk_ligand,4654,1.43201
5wuk_ligand,4655,1.42495
5wuk_ligand,4656,1.41754
5wuk_ligand,4657,1.40973
5wuk_ligand,4658,1.40273
5wuk_ligand,4659,1.39519
5wuk_ligand,4660,1.38918
5wuk_ligand,4661,1.3825
5wuk_ligand,4662,1.37483
5wuk_ligand,4663,1.36616
5wuk_ligand,4664,1.35722
5wuk_ligand,4665,1.34658
5wuk_ligand,4666,1.33405
5wuk_ligand,4667,1.32774
5wuk_ligand,4668,1.32092
5wuk_ligand,4669,1.3271
5wuk_ligand,4670,1.31904
5wuk_ligand,4671,1.31894
5wuk_ligand,4672,1.32776
5wuk_ligand,4673,1.31745
5wuk_ligand,4674,1.33113
5wuk_ligand,4675,1.31944
5wuk_ligand,4676,1.33767
5wuk_ligand,4677,1.31041
5wuk_ligand,4678,1.33445
5wuk_ligand,4679,1.31771
5wuk_ligand,4680,1.34559
5wuk_ligand,4681,1.32114
5wuk_ligand,4682,1.33574
5wuk_ligand,4683,1.31645
5wuk_ligand,4684,1.36817
5wuk_ligand,4685,1.32723
5wuk_ligand,4686,1.36999
5wuk_ligand,4687,1.31374
5wuk_ligand,4688,1.39983
5wuk_ligand,4689,1.19389
5wuk_ligand,4690,1.34199
5wuk_ligand,4691,1.368
5wuk_ligand,4692,1.44153
5wuk_ligand,4693,1.19509
5wuk_ligand,4694,1.51248
5wuk_ligand,4695,1.09674
5wuk_ligand,4696,1.54774
5wuk_ligand,4697,0.987555
5wuk_ligand,4698,0.96634
5wuk_ligand,4699,1.66641
5wuk_ligand,4700,1.30072
5wuk_ligand,4701,1.72818
5wuk_ligand,4702,0.997138
5wuk_ligand,4703,0.606959
5wuk_ligand,4704,1.07975
5wuk_ligand,4705,1.65317
5wuk_ligand,4706,1.34713
5wuk_ligand,4707,1.34381
5wuk_ligand,4708,1.34133
5wuk_ligand,4709,1.33858
5wuk_ligand,4710,1.33576
5wuk_ligand,4711,1.33297
5wuk_ligand,4712,1.33116
5wuk_ligand,4713,1.32902
5wuk_ligand,4714,1.32675
5wuk_ligand,4715,1.32676
5wuk_ligand,4716,1.32668
5wuk_ligand,4717,1.32397
5wuk_ligand,4718,1.32367
5wuk_ligand,4719,1.32327
5wuk_ligand,4720,1.3199
5wuk_ligand,4721,1.31921
5wuk_ligand,4722,1.31836
5wuk_ligand,4723,1.31811
5wuk_ligand,4724,1.31365
5wuk_ligand,4725,1.31312
5wuk_ligand,4726,1.31187
5wuk_ligand,4727,1.3112
5wuk_ligand,4728,1.30993
5wuk_ligand,4729,1.30833
5wuk_ligand,4730,1.30537
5wuk_ligand,4731,1.30218
5wuk_ligand,4732,1.29813
5wuk_ligand,4733,1.29749
5wuk_ligand,4734,1.29117
5wuk_ligand,4735,1.29007
5wuk_ligand,4736,1.28261
5wuk_ligand,4737,1.28212
5wuk_ligand,4738,1.27298
5wuk_ligand,4739,1.27251
5wuk_ligand,4740,1.26116
5wuk_ligand,4741,1.26062
5wuk_ligand,4742,1.30985
5wuk_ligand,4743,1.27642
5wuk_ligand,4744,1.26893
5wuk_ligand,4745,1.26424
5wuk_ligand,4746,1.25964
5wuk_ligand,4747,1.24023
5wuk_ligand,4748,1.22744
5wuk_ligand,4749,1.40977
5wuk_ligand,4750,1.39338
5wuk_ligand,4751,1.33905
5wuk_ligand,4752,1.28432
5wuk_ligand,4753,1.26507
5wuk_ligand,4754,1.26576
5wuk_ligand,4755,1.25961
5wuk_ligand,4756,1.27151
5wuk_ligand,4757,1.2514
5wuk_ligand,4758,1.24811
5wuk_ligand,4759,1.44892
5wuk_ligand,4760,1.28885
5wuk_ligand,4761,1.57705
5wuk_ligand,4762,1.26586
5wuk_ligand,4763,1.63064
5wuk_ligand,4764,1.20735
5wuk_ligand,4765,1.53479
5wuk_ligand,4766,1.56271
5wuk_ligand,4767,1.4417
5wuk_ligand,4768,1.43769
5wuk_ligand,4769,1.42919
5wuk_ligand,4770,1.42395
5wuk_ligand,4771,1.41892
5wuk_ligand,4772,1.41355
5wuk_ligand,4773,1.40722
5wuk_ligand,4774,1.40049
5wuk_ligand,4775,1.39439
5wuk_ligand,4776,1.38764
5wuk_ligand,4777,1.38022
5wuk_ligand,4778,1.3739
5wuk_ligand,4779,1.3674
5wuk_ligand,4780,1.36001
5wuk_ligand,4781,1.35156
5wuk_ligand,4782,1.34178
5wuk_ligand,4783,1.33032
5wuk_ligand,4784,1.32248
5wuk_ligand,4785,1.30749
5wuk_ligand,4786,1.2984
5wuk_ligand,4787,1.27981
5wuk_ligand,4788,1.27621
5wuk_ligand,4789,1.26984
5wuk_ligand,4790,1.26389
5wuk_ligand,4791,1.25621
5wuk_ligand,4792,1.2478
5wuk_ligand,4793,1.25136
5wuk_ligand,4794,1.25544
5wuk_ligand,4795,1.24657
5wuk_ligand,4796,1.25132
5wuk_ligand,4797,1.25746
5wuk_ligand,4798,1.26485
5wuk_ligand,4799,1.27309
5wuk_ligand,4800,1.26594
5wuk_ligand,4801,1.22818
5wuk_ligand,4802,1.35364
5wuk_ligand,4803,1.29417
5wuk_ligand,4804,1.2327
5wuk_ligand,4805,1.26996
5wuk_ligand,4806,1.29735
5wuk_ligand,4807,1.22133
5wuk_ligand,4808,1.23713
5wuk_ligand,4809,1.45104
5wuk_ligand,4810,1.22671
5wuk_ligand,4811,1.3396
5wuk_ligand,4812,1.37514
5wuk_ligand,4813,0.948987
5wuk_ligand,4814,1.32861
5wuk_ligand,4815,0.798961
5wuk_ligand,4816,0.772473
5wuk_ligand,4817,1.23823
5wuk_ligand,4818,1.02505
5wuk_ligand,4819,1.03128
5wuk_ligand,4820,1.03705
5wuk_ligand,4821,1.04337
5wuk_ligand,4822,1.04971
5wuk_ligand,4823,1.05581
5wuk_ligand,4824,1.06185
5wuk_ligand,4825,1.07076
5wuk_ligand,4826,1.07951
5wuk_ligand,4827,1.08798
5wuk_ligand,4828,1.0964
5wuk_ligand,4829,1.10481
5wuk_ligand,4830,1.11331
5wuk_ligand,4831,1.12209
5wuk_ligand,4832,1.13172
5wuk_ligand,4833,1.14014
5wuk_ligand,4834,1.14976
5wuk_ligand,4835,1.16008
5wuk_ligand,4836,1.16846
5wuk_ligand,4837,1.1777
5wuk_ligand,4838,1.18797
5wuk_ligand,4839,1.19954
5wuk_ligand,4840,1.21278
5wuk_ligand,4841,1.22797
5wuk_ligand,4842,1.22959
5wuk_ligand,4843,1.23173
5wuk_ligand,4844,1.22337
5wuk_ligand,4845,1.22643
5wuk_ligand,4846,1.22968
5wuk_ligand,4847,1.23257
5wuk_ligand,4848,1.23577
5wuk_ligand,4849,1.23918
5wuk_ligand,4850,1.24311
5wuk_ligand,4851,1.24853
5wuk_ligand,4852,1.25061
5wuk_ligand,4853,1.25345
5wuk_ligand,4854,1.25648
5wuk_ligand,4855,1.26037
5wuk_ligand,4856,1.27914
5wuk_ligand,4857,1.28429
5wuk_ligand,4858,1.26879
5wuk_ligand,4859,1.23992
5wuk_ligand,4860,1.42404
5wuk_ligand,4861,1.28881
5wuk_ligand,4862,1.27622
5wuk_ligand,4863,1.26404
5wuk_ligand,4864,1.32721
5wuk_ligand,4865,1.31656
5wuk_ligand,4866,1.56732
5wuk_ligand,4867,1.27832
5wuk_ligand,4868,1.30659
5wuk_ligand,4869,1.29332
5wuk_ligand,4870,1.32059
5wuk_ligand,4871,1.30288
5wuk_ligand,4872,1.32551
5wuk_ligand,4873,1.30503
5wuk_ligand,4874,1.32751
5wuk_ligand,4875,1.30785
5wuk_ligand,4876,1.33124
5wuk_ligand,4877,1.31027
5wuk_ligand,4878,1.33747
5wuk_ligand,4879,1.31721
5wuk_ligand,4880,1.3484
5wuk_ligand,4881,1.20037
5wuk_ligand,4882,1.32018
5wuk_ligand,4883,1.35596
5wuk_ligand,4884,1.17704
5wuk_ligand,4885,1.29869
5wuk_ligand,4886,1.3309
5wuk_ligand,4887,1.37042
5wuk_ligand,4888,1.16415
5wuk_ligand,4889,1.31365
5wuk_ligand,4890,1.39391
5wuk_ligand,4891,1.35068
5wuk_ligand,4892,1.46929
5wuk_ligand,4893,1.20082
5wuk_ligand,4894,1.53675
5wuk_ligand,4895,1.09945
5wuk_ligand,4896,1.26632
5wuk_ligand,4897,1.82203
5wuk_ligand,4898,1.45853
5wuk_ligand,4899,1.64114
5wuk_ligand,4900,1.22774
5wuk_ligand,4901,1.88491
5wuk_ligand,4902,1.49528
5wuk_ligand,4903,2.53385
5wuk_ligand,4904,1.24773
5wuk_ligand,4905,1.35672
5wuk_ligand,4906,1.80509
5wuk_ligand,4907,1.66649
5wuk_ligand,4908,1.61143
5wuk_ligand,4909,1.55645
5wuk_ligand,4910,1.50243
5wuk_ligand,4911,1.47519
5wuk_ligand,4912,1.46172
5wuk_ligand,4913,1.4481
5wuk_ligand,4914,1.43513
5wuk_ligand,4915,1.42858
5wuk_ligand,4916,1.42177
5wuk_ligand,4917,1.41612
5wuk_ligand,4918,1.41011
5wuk_ligand,4919,1.40369
5wuk_ligand,4920,1.39703
5wuk_ligand,4921,1.3898
5wuk_ligand,4922,1.39959
5wuk_ligand,4923,1.39106
5wuk_ligand,4924,1.38264
5wuk_ligand,4925,1.39459
5wuk_ligand,4926,1.38469
5wuk_ligand,4927,1.39792
5wuk_ligand,4928,1.38565
5wuk_ligand,4929,1.37211
5wuk_ligand,4930,1.38979
5wuk_ligand,4931,1.37315
5wuk_ligand,4932,1.39352
5wuk_ligand,4933,1.37274
5wuk_ligand,4934,1.39673
5wuk_ligand,4935,1.37001
5wuk_ligand,4936,1.39833
5wuk_ligand,4937,1.35526
5wuk_ligand,4938,1.38967
5wuk_ligand,4939,1.34987
5wuk_ligand,4940,1.38242
5wuk_ligand,4941,1.32792
5wuk_ligand,4942,1.37072
5wuk_ligand,4943,1.29567
5wuk_ligand,4944,1.332
5wuk_ligand,4945,1.36346
5wuk_ligand,4946,1.22955
5wuk_ligand,4947,1.35358
5wuk_ligand,4948,1.20551
5wuk_ligand,4949,1.32258
5wuk_ligand,4950,1.40616
5wuk_ligand,4951,1.36448
5wuk_ligand,4952,1.31676
5wuk_ligand,4953,1.41122
5wuk_ligand,4954,1.21736
5wuk_ligand,4955,1.4925
5wuk_ligand,4956,1.20221
5wuk_ligand,4957,1.56643
5wuk_ligand,4958,1.0664
5wuk_ligand,4959,1.41889
5wuk_ligand,4960,1.41378
5wuk_ligand,4961,1.40953
5wuk_ligand,4962,1.40554
5wuk_ligand,4963,1.40089
5wuk_ligand,4964,1.39584
5wuk_ligand,4965,1.39273
5wuk_ligand,4966,1.38725
5wuk_ligand,4967,1.38423
5wuk_ligand,4968,1.38253
5wuk_ligand,4969,1.38447
5wuk_ligand,4970,1.3814
5wuk_ligand,4971,1.38694
5wuk_ligand,4972,1.38884
5wuk_ligand,4973,1.34227
5wuk_ligand,4974,1.35035
5wuk_ligand,4975,1.35279
5wuk_ligand,4976,1.36088
5wuk_ligand,4977,1.37056
5wuk_ligand,4978,1.37482
5wuk_ligand,4979,1.33391
5wuk_ligand,4980,1.3355
5wuk_ligand,4981,1.35166
5wuk_ligand,4982,1.36811
5wuk_ligand,4983,1.30986
5wuk_ligand,4984,1.33731
5wuk_ligand,4985,1.33501
5wuk_ligand,4986,1.26099
5wuk_ligand,4987,1.32846
5wuk_ligand,4988,1.34831
5wuk_ligand,4989,1.2572
5wuk_ligand,4990,1.34001
5wuk_ligand,4991,1.36091
5wuk_ligand,4992,1.22762
5wuk_ligand,4993,1.34463
5wuk_ligand,4994,1.34633
5wuk_ligand,4995,1.19877
5wuk_ligand,4996,1.42653
5wuk_ligand,4997,1.16534
5wuk_ligand,4998,1.38307
5wuk_ligand,4999,1.33456
