ligand,iteration,standalone_ls_score
5wuk_ligand,0,208994
5wuk_ligand,1,204147
5wuk_ligand,2,146554
5wuk_ligand,3,142902
5wuk_ligand,4,141459
5wuk_ligand,5,149750
5wuk_ligand,6,122656
5wuk_ligand,7,157707
5wuk_ligand,8,97536.6
5wuk_ligand,9,171137
5wuk_ligand,10,144818
5wuk_ligand,11,139166
5wuk_ligand,12,124092
5wuk_ligand,13,123026
5wuk_ligand,14,132031
5wuk_ligand,15,93527.9
5wuk_ligand,16,162080
5wuk_ligand,17,143113
5wuk_ligand,18,59507.1
5wuk_ligand,19,77018
5wuk_ligand,20,99463.7
5wuk_ligand,21,73650.3
5wuk_ligand,22,76274.3
5wuk_ligand,23,77810.8
5wuk_ligand,24,91414.7
5wuk_ligand,25,87100.3
5wuk_ligand,26,56767.9
5wuk_ligand,27,49925.1
5wuk_ligand,28,69959.3
5wuk_ligand,29,71272.1
5wuk_ligand,30,56743.1
5wuk_ligand,31,56840.8
5wuk_ligand,32,50508.2
5wuk_ligand,33,41867.7
5wuk_ligand,34,31438.4
5wuk_ligand,35,32500.6
5wuk_ligand,36,37927.8
5wuk_ligand,37,34856.4
5wuk_ligand,38,28740.1
5wuk_ligand,39,35920.5
5wuk_ligand,40,39955.2
5wuk_ligand,41,37914
5wuk_ligand,42,44945
5wuk_ligand,43,31165.8
5wuk_ligand,44,22487.3
5wuk_ligand,45,27486.9
5wuk_ligand,46,28695
5wuk_ligand,47,27953.7
5wuk_ligand,48,29610.6
5wuk_ligand,49,51856.3
5wuk_ligand,50,29546.3
5wuk_ligand,51,45282.9
5wuk_ligand,52,34748.4
5wuk_ligand,53,29976.3
5wuk_ligand,54,35623.2
5wuk_ligand,55,29301
5wuk_ligand,56,17684.7
5wuk_ligand,57,32920.7
5wuk_ligand,58,21356.2
5wuk_ligand,59,26693.6
5wuk_ligand,60,32209.8
5wuk_ligand,61,22738.7
5wuk_ligand,62,20589.2
5wuk_ligand,63,22412
5wuk_ligand,64,22900.9
5wuk_ligand,65,29928.7
5wuk_ligand,66,24777.7
5wuk_ligand,67,32530.3
5wuk_ligand,68,24418
5wuk_ligand,69,15612.3
5wuk_ligand,70,25241.9
5wuk_ligand,71,26881.7
5wuk_ligand,72,32719.2
5wuk_ligand,73,30099.8
5wuk_ligand,74,27119.2
5wuk_ligand,75,23924.7
5wuk_ligand,76,14564.8
5wuk_ligand,77,14687.9
5wuk_ligand,78,15124
5wuk_ligand,79,14585.7
5wuk_ligand,80,12861.1
5wuk_ligand,81,13131.3
5wuk_ligand,82,12370.1
5wuk_ligand,83,13281.9
5wuk_ligand,84,13735.4
5wuk_ligand,85,17166.6
5wuk_ligand,86,14324.2
5wuk_ligand,87,12758.9
5wuk_ligand,88,18119.1
5wuk_ligand,89,21297.1
5wuk_ligand,90,13004.1
5wuk_ligand,91,12080.2
5wuk_ligand,92,24579.2
5wuk_ligand,93,22725.9
5wuk_ligand,94,12966.7
5wuk_ligand,95,21989.5
5wuk_ligand,96,18310.6
5wuk_ligand,97,36081.4
5wuk_ligand,98,28119.5
5wuk_ligand,99,34364.1
5wuk_ligand,100,73565
5wuk_ligand,101,64282.1
5wuk_ligand,102,14854
5wuk_ligand,103,9238.88
5wuk_ligand,104,8683.39
5wuk_ligand,105,9511.27
5wuk_ligand,106,9122.36
5wuk_ligand,107,8044.71
5wuk_ligand,108,8647.05
5wuk_ligand,109,8002.31
5wuk_ligand,110,8257.08
5wuk_ligand,111,7809.14
5wuk_ligand,112,9709.85
5wuk_ligand,113,8156.04
5wuk_ligand,114,8728.98
5wuk_ligand,115,7658.19
5wuk_ligand,116,7247.44
5wuk_ligand,117,7525.96
5wuk_ligand,118,7905.4
5wuk_ligand,119,10325.8
5wuk_ligand,120,10646.3
5wuk_ligand,121,12075.7
5wuk_ligand,122,13436.6
5wuk_ligand,123,8798.04
5wuk_ligand,124,9067.55
5wuk_ligand,125,18540.4
5wuk_ligand,126,30925.2
5wuk_ligand,127,10328
5wuk_ligand,128,12486.9
5wuk_ligand,129,7636.95
5wuk_ligand,130,7214.24
5wuk_ligand,131,7198.56
5wuk_ligand,132,7906.38
5wuk_ligand,133,7112.8
5wuk_ligand,134,8209.2
5wuk_ligand,135,6765.86
5wuk_ligand,136,7163.54
5wuk_ligand,137,7795.89
5wuk_ligand,138,9011.22
5wuk_ligand,139,8259.61
5wuk_ligand,140,8062.06
5wuk_ligand,141,8717.83
5wuk_ligand,142,10278.5
5wuk_ligand,143,11051.4
5wuk_ligand,144,9537.05
5wuk_ligand,145,12044.5
5wuk_ligand,146,16619.7
5wuk_ligand,147,22900.5
5wuk_ligand,148,10633.4
5wuk_ligand,149,8835.05
5wuk_ligand,150,11226.6
5wuk_ligand,151,12909.1
5wuk_ligand,152,14956.2
5wuk_ligand,153,7259.05
5wuk_ligand,154,6383.71
5wuk_ligand,155,6611.25
5wuk_ligand,156,6237.92
5wuk_ligand,157,6678.75
5wuk_ligand,158,6827.85
5wuk_ligand,159,5904.85
5wuk_ligand,160,6860.08
5wuk_ligand,161,6436.63
5wuk_ligand,162,7994.81
5wuk_ligand,163,16368.2
5wuk_ligand,164,13298.8
5wuk_ligand,165,12747
5wuk_ligand,166,18924.7
5wuk_ligand,167,48906.2
5wuk_ligand,168,51826.5
5wuk_ligand,169,32604.2
5wuk_ligand,170,8879.46
5wuk_ligand,171,6953.17
5wuk_ligand,172,6529.83
5wuk_ligand,173,6652.13
5wuk_ligand,174,6265.51
5wuk_ligand,175,6428.63
5wuk_ligand,176,6444.59
5wuk_ligand,177,6069.82
5wuk_ligand,178,6307.19
5wuk_ligand,179,6091.57
5wuk_ligand,180,6136.41
5wuk_ligand,181,6194.16
5wuk_ligand,182,6193.99
5wuk_ligand,183,6143.14
5wuk_ligand,184,7489.74
5wuk_ligand,185,6919.41
5wuk_ligand,186,5826.72
5wuk_ligand,187,6087.37
5wuk_ligand,188,5851.74
5wuk_ligand,189,8699.44
5wuk_ligand,190,18648
5wuk_ligand,191,16063.4
5wuk_ligand,192,12545.9
5wuk_ligand,193,10904.1
5wuk_ligand,194,6108.31
5wuk_ligand,195,6202.03
5wuk_ligand,196,6194.18
5wuk_ligand,197,6684.97
5wuk_ligand,198,6389.19
5wuk_ligand,199,6452.5
5wuk_ligand,200,6250.5
5wuk_ligand,201,6476.41
5wuk_ligand,202,6415.21
5wuk_ligand,203,5764.7
5wuk_ligand,204,6290.73
5wuk_ligand,205,6202.36
5wuk_ligand,206,7169.79
5wuk_ligand,207,5802.64
5wuk_ligand,208,7121.32
5wuk_ligand,209,11469.3
5wuk_ligand,210,10127.6
5wuk_ligand,211,8033.13
5wuk_ligand,212,8259.34
5wuk_ligand,213,6920.92
5wuk_ligand,214,10878.7
5wuk_ligand,215,12081.6
5wuk_ligand,216,8106.48
5wuk_ligand,217,7659.55
5wuk_ligand,218,8347.95
5wuk_ligand,219,6697.08
5wuk_ligand,220,6516.04
5wuk_ligand,221,6501.75
5wuk_ligand,222,6474.82
5wuk_ligand,223,7952.19
5wuk_ligand,224,23803.4
5wuk_ligand,225,35994.4
5wuk_ligand,226,37358.8
5wuk_ligand,227,27551.9
5wuk_ligand,228,13019.5
5wuk_ligand,229,6081.63
5wuk_ligand,230,6050.85
5wuk_ligand,231,6207.11
5wuk_ligand,232,5779.9
5wuk_ligand,233,6102.68
5wuk_ligand,234,5482.74
5wuk_ligand,235,5721.61
5wuk_ligand,236,5522.38
5wuk_ligand,237,5662.26
5wuk_ligand,238,5630.47
5wuk_ligand,239,6385.16
5wuk_ligand,240,6436.58
5wuk_ligand,241,6331.39
5wuk_ligand,242,5879.77
5wuk_ligand,243,6072.63
5wuk_ligand,244,6140.65
5wuk_ligand,245,6837.72
5wuk_ligand,246,5564.2
5wuk_ligand,247,5427.46
5wuk_ligand,248,5187.88
5wuk_ligand,249,5876.31
5wuk_ligand,250,6782.53
5wuk_ligand,251,6965.05
5wuk_ligand,252,7916.53
5wuk_ligand,253,5678.57
5wuk_ligand,254,5317.15
5wuk_ligand,255,7860.86
5wuk_ligand,256,9720.31
5wuk_ligand,257,7934.93
5wuk_ligand,258,10575.9
5wuk_ligand,259,12113.6
5wuk_ligand,260,9508.44
5wuk_ligand,261,17178.3
5wuk_ligand,262,12643.5
5wuk_ligand,263,5589.79
5wuk_ligand,264,6501.16
5wuk_ligand,265,7488.34
5wuk_ligand,266,8790.05
5wuk_ligand,267,6999.89
5wuk_ligand,268,4998.92
5wuk_ligand,269,7251.02
5wuk_ligand,270,6069.43
5wuk_ligand,271,5418.98
5wuk_ligand,272,6532.15
5wuk_ligand,273,6655.18
5wuk_ligand,274,6847.51
5wuk_ligand,275,5131.88
5wuk_ligand,276,6324.91
5wuk_ligand,277,7224.46
5wuk_ligand,278,8571.22
5wuk_ligand,279,7516.18
5wuk_ligand,280,8223.14
5wuk_ligand,281,9111.8
5wuk_ligand,282,11088.5
5wuk_ligand,283,7408.19
5wuk_ligand,284,6256.63
5wuk_ligand,285,5697.97
5wuk_ligand,286,6875.46
5wuk_ligand,287,5589.09
5wuk_ligand,288,5318.94
5wuk_ligand,289,5185.4
5wuk_ligand,290,6070.09
5wuk_ligand,291,5399.09
5wuk_ligand,292,5343.69
5wuk_ligand,293,5166.78
5wuk_ligand,294,4223.42
5wuk_ligand,295,5770.55
5wuk_ligand,296,6883.01
5wuk_ligand,297,8707.06
5wuk_ligand,298,15298.7
5wuk_ligand,299,9168.47
5wuk_ligand,300,5329.4
5wuk_ligand,301,4230.65
5wuk_ligand,302,4697.94
5wuk_ligand,303,4973.2
5wuk_ligand,304,4980.96
5wuk_ligand,305,7718.71
5wuk_ligand,306,5692.21
5wuk_ligand,307,4792.21
5wuk_ligand,308,4398.81
5wuk_ligand,309,5998.56
5wuk_ligand,310,7669.83
5wuk_ligand,311,7460.28
5wuk_ligand,312,8532.8
5wuk_ligand,313,5779.84
5wuk_ligand,314,6387.73
5wuk_ligand,315,5137.95
5wuk_ligand,316,6751.98
5wuk_ligand,317,8954.12
5wuk_ligand,318,10367.5
5wuk_ligand,319,10041.3
5wuk_ligand,320,6913.63
5wuk_ligand,321,5370.15
5wuk_ligand,322,5398.67
5wuk_ligand,323,7939.72
5wuk_ligand,324,6827.58
5wuk_ligand,325,7395.05
5wuk_ligand,326,5107.93
5wuk_ligand,327,5173.41
5wuk_ligand,328,9620.38
5wuk_ligand,329,6986.58
5wuk_ligand,330,6275.1
5wuk_ligand,331,5987.02
5wuk_ligand,332,5836.77
5wuk_ligand,333,7520.76
5wuk_ligand,334,5599.15
5wuk_ligand,335,5975.13
5wuk_ligand,336,6106.44
5wuk_ligand,337,5173.45
5wuk_ligand,338,7226.89
5wuk_ligand,339,5988.99
5wuk_ligand,340,5562.62
5wuk_ligand,341,5984.98
5wuk_ligand,342,9917.37
5wuk_ligand,343,8955.68
5wuk_ligand,344,6413.91
5wuk_ligand,345,6253.5
5wuk_ligand,346,4384.74
5wuk_ligand,347,5021.89
5wuk_ligand,348,5744.26
5wuk_ligand,349,6187.45
5wuk_ligand,350,8249.38
5wuk_ligand,351,7462.86
5wuk_ligand,352,4910.52
5wuk_ligand,353,5167.34
5wuk_ligand,354,5523.84
5wuk_ligand,355,10478
5wuk_ligand,356,13381.7
5wuk_ligand,357,24339.8
5wuk_ligand,358,32650.4
5wuk_ligand,359,27793.6
5wuk_ligand,360,13786.7
5wuk_ligand,361,7759.32
5wuk_ligand,362,4124
5wuk_ligand,363,4109.91
5wuk_ligand,364,4137.17
5wuk_ligand,365,3470.69
5wuk_ligand,366,3401.67
5wuk_ligand,367,4150.69
5wuk_ligand,368,3506.85
5wuk_ligand,369,3683.36
5wuk_ligand,370,3840.2
5wuk_ligand,371,3533.78
5wuk_ligand,372,3525.89
5wuk_ligand,373,3822.18
5wuk_ligand,374,3382.14
5wuk_ligand,375,4423.2
5wuk_ligand,376,3978.79
5wuk_ligand,377,4236.65
5wuk_ligand,378,4477.58
5wuk_ligand,379,3183.14
5wuk_ligand,380,3148.99
5wuk_ligand,381,3230.34
5wuk_ligand,382,6211.89
5wuk_ligand,383,5916.34
5wuk_ligand,384,5335.25
5wuk_ligand,385,5311.05
5wuk_ligand,386,4141.58
5wuk_ligand,387,3602.71
5wuk_ligand,388,4103.19
5wuk_ligand,389,8624.52
5wuk_ligand,390,4593.46
5wuk_ligand,391,5615.93
5wuk_ligand,392,8267.63
5wuk_ligand,393,6875.51
5wuk_ligand,394,5221.17
5wuk_ligand,395,3181.89
5wuk_ligand,396,3216.02
5wuk_ligand,397,5706.75
5wuk_ligand,398,6540.11
5wuk_ligand,399,6776.76
5wuk_ligand,400,4542.44
5wuk_ligand,401,6500.39
5wuk_ligand,402,6383.7
5wuk_ligand,403,3435.9
5wuk_ligand,404,7847.62
5wuk_ligand,405,3789.5
5wuk_ligand,406,4493.23
5wuk_ligand,407,4959.31
5wuk_ligand,408,5489.59
5wuk_ligand,409,5509.72
5wuk_ligand,410,6957.24
5wuk_ligand,411,9835.03
5wuk_ligand,412,11337.5
5wuk_ligand,413,10190.2
5wuk_ligand,414,14743.2
5wuk_ligand,415,10955.7
5wuk_ligand,416,11667.8
5wuk_ligand,417,18018.8
5wuk_ligand,418,27786.4
5wuk_ligand,419,26758.1
5wuk_ligand,420,32143.8
5wuk_ligand,421,11988.6
5wuk_ligand,422,10312.8
5wuk_ligand,423,9030.01
5wuk_ligand,424,12335.3
5wuk_ligand,425,3689.75
5wuk_ligand,426,3259.28
5wuk_ligand,427,3085.65
5wuk_ligand,428,3056.55
5wuk_ligand,429,3028.92
5wuk_ligand,430,3012.1
5wuk_ligand,431,4038.92
5wuk_ligand,432,4766.21
5wuk_ligand,433,3654.31
5wuk_ligand,434,3094.68
5wuk_ligand,435,3020.01
5wuk_ligand,436,2976.2
5wuk_ligand,437,2965.78
5wuk_ligand,438,3766.98
5wuk_ligand,439,3160.26
5wuk_ligand,440,3322.66
5wuk_ligand,441,3501.81
5wuk_ligand,442,3120.92
5wuk_ligand,443,3193.84
5wuk_ligand,444,4060.17
5wuk_ligand,445,4016.8
5wuk_ligand,446,4072.6
5wuk_ligand,447,5244.05
5wuk_ligand,448,2905.45
5wuk_ligand,449,2830.44
5wuk_ligand,450,2844.26
5wuk_ligand,451,2821.11
5wuk_ligand,452,2780.12
5wuk_ligand,453,2810.63
5wuk_ligand,454,2743.03
5wuk_ligand,455,2750.09
5wuk_ligand,456,2785.6
5wuk_ligand,457,3616.49
5wuk_ligand,458,4846.55
5wuk_ligand,459,5282.1
5wuk_ligand,460,6425.21
5wuk_ligand,461,4346.7
5wuk_ligand,462,2929.55
5wuk_ligand,463,2760.13
5wuk_ligand,464,2738.88
5wuk_ligand,465,2748.6
5wuk_ligand,466,2888.84
5wuk_ligand,467,4836.5
5wuk_ligand,468,3331.35
5wuk_ligand,469,5397.5
5wuk_ligand,470,5516.62
5wuk_ligand,471,5392.77
5wuk_ligand,472,4326.52
5wuk_ligand,473,4008.23
5wuk_ligand,474,4078.76
5wuk_ligand,475,2981.83
5wuk_ligand,476,2843.51
5wuk_ligand,477,2722.51
5wuk_ligand,478,2664.92
5wuk_ligand,479,2892.26
5wuk_ligand,480,4140.36
5wuk_ligand,481,2659.41
5wuk_ligand,482,2909.43
5wuk_ligand,483,2955.02
5wuk_ligand,484,5225.39
5wuk_ligand,485,3956.32
5wuk_ligand,486,3296.68
5wuk_ligand,487,4343.47
5wuk_ligand,488,4480.72
5wuk_ligand,489,4624.5
5wuk_ligand,490,4426.82
5wuk_ligand,491,4301.19
5wuk_ligand,492,2755.75
5wuk_ligand,493,2803.68
5wuk_ligand,494,4584.55
5wuk_ligand,495,2772.52
5wuk_ligand,496,3508.21
5wuk_ligand,497,3183.49
5wuk_ligand,498,4371.41
5wuk_ligand,499,4831.6
5wuk_ligand,500,3540.27
5wuk_ligand,501,5175.87
5wuk_ligand,502,3184.14
5wuk_ligand,503,3011.56
5wuk_ligand,504,2743.9
5wuk_ligand,505,4523.45
5wuk_ligand,506,2690.74
5wuk_ligand,507,3411.73
5wuk_ligand,508,3087.18
5wuk_ligand,509,3273.78
5wuk_ligand,510,3477.45
5wuk_ligand,511,4261.42
5wuk_ligand,512,2869.61
5wuk_ligand,513,2692.25
5wuk_ligand,514,2586.99
5wuk_ligand,515,2599.1
5wuk_ligand,516,2931.16
5wuk_ligand,517,4939.68
5wuk_ligand,518,6324.74
5wuk_ligand,519,5299.12
5wuk_ligand,520,6190.98
5wuk_ligand,521,10019.9
5wuk_ligand,522,11937.4
5wuk_ligand,523,4610.27
5wuk_ligand,524,3850.02
5wuk_ligand,525,3153.97
5wuk_ligand,526,2824.53
5wuk_ligand,527,2607.61
5wuk_ligand,528,2583.7
5wuk_ligand,529,2731.42
5wuk_ligand,530,3703.71
5wuk_ligand,531,3603.55
5wuk_ligand,532,4728.67
5wuk_ligand,533,3461.58
5wuk_ligand,534,4094.14
5wuk_ligand,535,2711.06
5wuk_ligand,536,2611.2
5wuk_ligand,537,2559.03
5wuk_ligand,538,2581.29
5wuk_ligand,539,2572.47
5wuk_ligand,540,2545.12
5wuk_ligand,541,2572.79
5wuk_ligand,542,3447.75
5wuk_ligand,543,3837.41
5wuk_ligand,544,2796.65
5wuk_ligand,545,3901.37
5wuk_ligand,546,3603.28
5wuk_ligand,547,6537.25
5wuk_ligand,548,12121
5wuk_ligand,549,18799.5
5wuk_ligand,550,25986.9
5wuk_ligand,551,5139.52
5wuk_ligand,552,3041.95
5wuk_ligand,553,2731.07
5wuk_ligand,554,2646.93
5wuk_ligand,555,2570.8
5wuk_ligand,556,2518.51
5wuk_ligand,557,2482.49
5wuk_ligand,558,2472.87
5wuk_ligand,559,2464.13
5wuk_ligand,560,2468.87
5wuk_ligand,561,2463.22
5wuk_ligand,562,2459.28
5wuk_ligand,563,2555.24
5wuk_ligand,564,2848.99
5wuk_ligand,565,2574.24
5wuk_ligand,566,2537.01
5wuk_ligand,567,2504.3
5wuk_ligand,568,2567.41
5wuk_ligand,569,3647.31
5wuk_ligand,570,3086.98
5wuk_ligand,571,2640.86
5wuk_ligand,572,2687.05
5wuk_ligand,573,3284.02
5wuk_ligand,574,2523.44
5wuk_ligand,575,2485.07
5wuk_ligand,576,2462.02
5wuk_ligand,577,2449.13
5wuk_ligand,578,2489.94
5wuk_ligand,579,2498.47
5wuk_ligand,580,2821.97
5wuk_ligand,581,5249.88
5wuk_ligand,582,4198.61
5wuk_ligand,583,3138.32
5wuk_ligand,584,2528.88
5wuk_ligand,585,2458.52
5wuk_ligand,586,2696.84
5wuk_ligand,587,2958.52
5wuk_ligand,588,2499.5
5wuk_ligand,589,2481.34
5wuk_ligand,590,2462.61
5wuk_ligand,591,2444.01
5wuk_ligand,592,2458.57
5wuk_ligand,593,2427.29
5wuk_ligand,594,2470.82
5wuk_ligand,595,3696.79
5wuk_ligand,596,3476.38
5wuk_ligand,597,7070.38
5wuk_ligand,598,5970.87
5wuk_ligand,599,4479.77
5wuk_ligand,600,3792.5
5wuk_ligand,601,3020.09
5wuk_ligand,602,2931.08
5wuk_ligand,603,3509.22
5wuk_ligand,604,4070.78
5wuk_ligand,605,2654.83
5wuk_ligand,606,2518.28
5wuk_ligand,607,2491.36
5wuk_ligand,608,2475
5wuk_ligand,609,3173.6
5wuk_ligand,610,2519.35
5wuk_ligand,611,2456.06
5wuk_ligand,612,2459.34
5wuk_ligand,613,2435.23
5wuk_ligand,614,3168.73
5wuk_ligand,615,5010.69
5wuk_ligand,616,3996.74
5wuk_ligand,617,2871.27
5wuk_ligand,618,2569.65
5wuk_ligand,619,2481.48
5wuk_ligand,620,2444.58
5wuk_ligand,621,2422.55
5wuk_ligand,622,2524.58
5wuk_ligand,623,3296.98
5wuk_ligand,624,3773.7
5wuk_ligand,625,3998.04
5wuk_ligand,626,4626.3
5wuk_ligand,627,5038.58
5wuk_ligand,628,30191.4
5wuk_ligand,629,24345.3
5wuk_ligand,630,16184.6
5wuk_ligand,631,32617.5
5wuk_ligand,632,27689.5
5wuk_ligand,633,12398.6
5wuk_ligand,634,4784.96
5wuk_ligand,635,3470.69
5wuk_ligand,636,2747.12
5wuk_ligand,637,2521.11
5wuk_ligand,638,2641.54
5wuk_ligand,639,2760.61
5wuk_ligand,640,2520.55
5wuk_ligand,641,2486.45
5wuk_ligand,642,2457.64
5wuk_ligand,643,2453.13
5wuk_ligand,644,2525.62
5wuk_ligand,645,2655.4
5wuk_ligand,646,2592.62
5wuk_ligand,647,2535.95
5wuk_ligand,648,2536.91
5wuk_ligand,649,2511.59
5wuk_ligand,650,2419.21
5wuk_ligand,651,2401.51
5wuk_ligand,652,2491.41
5wuk_ligand,653,2636.2
5wuk_ligand,654,2616.95
5wuk_ligand,655,2612.03
5wuk_ligand,656,2442.53
5wuk_ligand,657,2408.06
5wuk_ligand,658,2383.06
5wuk_ligand,659,2382.39
5wuk_ligand,660,2591.58
5wuk_ligand,661,3148.34
5wuk_ligand,662,3573.65
5wuk_ligand,663,4638.64
5wuk_ligand,664,3500.79
5wuk_ligand,665,3517.21
5wuk_ligand,666,7575.37
5wuk_ligand,667,5673.31
5wuk_ligand,668,6266.93
5wuk_ligand,669,2844.86
5wuk_ligand,670,2540.82
5wuk_ligand,671,3311.76
5wuk_ligand,672,2859.63
5wuk_ligand,673,2595.43
5wuk_ligand,674,3858.16
5wuk_ligand,675,2704.77
5wuk_ligand,676,2618.79
5wuk_ligand,677,3509.15
5wuk_ligand,678,2530.85
5wuk_ligand,679,2474.23
5wuk_ligand,680,2430.38
5wuk_ligand,681,2394.1
5wuk_ligand,682,2596.5
5wuk_ligand,683,3196.3
5wuk_ligand,684,4291.94
5wuk_ligand,685,4327.54
5wuk_ligand,686,3155.16
5wuk_ligand,687,3031.05
5wuk_ligand,688,3131.28
5wuk_ligand,689,2556.3
5wuk_ligand,690,3056.47
5wuk_ligand,691,4725.42
5wuk_ligand,692,3288.45
5wuk_ligand,693,2779.36
5wuk_ligand,694,2673.97
5wuk_ligand,695,3557.79
5wuk_ligand,696,2470.76
5wuk_ligand,697,2448.3
5wuk_ligand,698,3439.54
5wuk_ligand,699,2456.35
5wuk_ligand,700,2398.56
5wuk_ligand,701,2467.43
5wuk_ligand,702,3317.47
5wuk_ligand,703,3701.05
5wuk_ligand,704,4940.15
5wuk_ligand,705,5317.21
5wuk_ligand,706,6431.96
5wuk_ligand,707,4622.24
5wuk_ligand,708,3696.86
5wuk_ligand,709,3079.4
5wuk_ligand,710,2768.69
5wuk_ligand,711,2629.46
5wuk_ligand,712,2552.08
5wuk_ligand,713,2518.06
5wuk_ligand,714,2497.26
5wuk_ligand,715,2473.51
5wuk_ligand,716,2442.14
5wuk_ligand,717,2430.55
5wuk_ligand,718,2456.25
5wuk_ligand,719,2389.18
5wuk_ligand,720,2606.11
5wuk_ligand,721,3034.26
5wuk_ligand,722,2457.09
5wuk_ligand,723,4220.64
5wuk_ligand,724,4167.21
5wuk_ligand,725,2520.25
5wuk_ligand,726,2448.15
5wuk_ligand,727,2633.59
5wuk_ligand,728,4019.9
5wuk_ligand,729,2638.78
5wuk_ligand,730,2600.79
5wuk_ligand,731,3219.12
5wuk_ligand,732,2407.86
5wuk_ligand,733,2384.23
5wuk_ligand,734,2477.47
5wuk_ligand,735,4765.98
5wuk_ligand,736,4137.97
5wuk_ligand,737,5440.79
5wuk_ligand,738,4296.17
5wuk_ligand,739,2851.12
5wuk_ligand,740,2627.75
5wuk_ligand,741,2523.12
5wuk_ligand,742,2485.64
5wuk_ligand,743,2469.7
5wuk_ligand,744,2448.88
5wuk_ligand,745,2440.97
5wuk_ligand,746,2436.29
5wuk_ligand,747,2401.79
5wuk_ligand,748,2392.66
5wuk_ligand,749,2444.45
5wuk_ligand,750,2360.42
5wuk_ligand,751,2876.79
5wuk_ligand,752,10551.7
5wuk_ligand,753,5111.34
5wuk_ligand,754,3951.24
5wuk_ligand,755,3464.29
5wuk_ligand,756,2965.29
5wuk_ligand,757,2824.69
5wuk_ligand,758,2705.39
5wuk_ligand,759,2598.37
5wuk_ligand,760,2523.87
5wuk_ligand,761,2459.54
5wuk_ligand,762,2427.63
5wuk_ligand,763,2407.19
5wuk_ligand,764,2389.15
5wuk_ligand,765,2374.92
5wuk_ligand,766,2374.07
5wuk_ligand,767,2349.92
5wuk_ligand,768,2378.12
5wuk_ligand,769,2719.31
5wuk_ligand,770,2406.76
5wuk_ligand,771,2401.42
5wuk_ligand,772,2376.35
5wuk_ligand,773,2345.16
5wuk_ligand,774,2436.3
5wuk_ligand,775,3650.47
5wuk_ligand,776,4506.27
5wuk_ligand,777,4240.19
5wuk_ligand,778,4217.75
5wuk_ligand,779,4996.51
5wuk_ligand,780,4735.93
5wuk_ligand,781,6040.23
5wuk_ligand,782,5090.4
5wuk_ligand,783,9754.26
5wuk_ligand,784,67995.3
5wuk_ligand,785,52261.7
5wuk_ligand,786,52376.3
5wuk_ligand,787,31522.9
5wuk_ligand,788,18795.9
5wuk_ligand,789,10846.1
5wuk_ligand,790,18393.9
5wuk_ligand,791,6221.67
5wuk_ligand,792,4873.64
5wuk_ligand,793,3771.83
5wuk_ligand,794,3497.59
5wuk_ligand,795,2822.97
5wuk_ligand,796,2758.2
5wuk_ligand,797,2674.63
5wuk_ligand,798,2585.65
5wuk_ligand,799,2498.42
5wuk_ligand,800,2522.49
5wuk_ligand,801,2513.96
5wuk_ligand,802,2645.19
5wuk_ligand,803,2709.71
5wuk_ligand,804,2623.15
5wuk_ligand,805,2536.44
5wuk_ligand,806,2494.58
5wuk_ligand,807,2497.54
5wuk_ligand,808,2429.82
5wuk_ligand,809,2551.92
5wuk_ligand,810,2622.79
5wuk_ligand,811,2629.81
5wuk_ligand,812,2531.4
5wuk_ligand,813,2408.76
5wuk_ligand,814,2384.44
5wuk_ligand,815,2362.11
5wuk_ligand,816,2460.54
5wuk_ligand,817,2850.89
5wuk_ligand,818,2863.65
5wuk_ligand,819,2455.53
5wuk_ligand,820,2405.45
5wuk_ligand,821,2381.63
5wuk_ligand,822,2362.65
5wuk_ligand,823,2349.59
5wuk_ligand,824,2335.64
5wuk_ligand,825,2457.76
5wuk_ligand,826,3683.41
5wuk_ligand,827,3427.23
5wuk_ligand,828,2610.44
5wuk_ligand,829,2531.41
5wuk_ligand,830,2467.83
5wuk_ligand,831,2715.07
5wuk_ligand,832,3463.48
5wuk_ligand,833,3583.74
5wuk_ligand,834,2576.09
5wuk_ligand,835,2442.31
5wuk_ligand,836,2401.8
5wuk_ligand,837,3607.52
5wuk_ligand,838,3990
5wuk_ligand,839,2881.26
5wuk_ligand,840,2780.38
5wuk_ligand,841,4724.6
5wuk_ligand,842,10503.2
5wuk_ligand,843,4230.15
5wuk_ligand,844,3002.89
5wuk_ligand,845,2426.38
5wuk_ligand,846,2386.41
5wuk_ligand,847,2361.86
5wuk_ligand,848,2339.72
5wuk_ligand,849,2317.95
5wuk_ligand,850,2528.2
5wuk_ligand,851,3111.01
5wuk_ligand,852,2826.03
5wuk_ligand,853,2633.15
5wuk_ligand,854,2377.51
5wuk_ligand,855,2345.16
5wuk_ligand,856,2321.29
5wuk_ligand,857,2511.12
5wuk_ligand,858,2917.26
5wuk_ligand,859,3864.97
5wuk_ligand,860,4571.45
5wuk_ligand,861,3889.62
5wuk_ligand,862,5648.41
5wuk_ligand,863,19216.4
5wuk_ligand,864,27765.9
5wuk_ligand,865,32434.5
5wuk_ligand,866,10690.9
5wuk_ligand,867,4390.63
5wuk_ligand,868,3432.92
5wuk_ligand,869,2695.75
5wuk_ligand,870,3078.89
5wuk_ligand,871,2706.92
5wuk_ligand,872,2381.93
5wuk_ligand,873,2420
5wuk_ligand,874,2673.81
5wuk_ligand,875,2386.37
5wuk_ligand,876,2331.86
5wuk_ligand,877,2303.77
5wuk_ligand,878,2291.46
5wuk_ligand,879,2274.53
5wuk_ligand,880,2530.74
5wuk_ligand,881,2467.63
5wuk_ligand,882,2379.37
5wuk_ligand,883,2328.09
5wuk_ligand,884,2307.66
5wuk_ligand,885,2293.51
5wuk_ligand,886,2287.67
5wuk_ligand,887,2270.28
5wuk_ligand,888,2357.78
5wuk_ligand,889,2811.72
5wuk_ligand,890,2578.23
5wuk_ligand,891,2387.61
5wuk_ligand,892,2325.63
5wuk_ligand,893,2302.49
5wuk_ligand,894,3165.28
5wuk_ligand,895,2751.23
5wuk_ligand,896,3767.27
5wuk_ligand,897,4021.57
5wuk_ligand,898,3459.43
5wuk_ligand,899,4303.64
5wuk_ligand,900,2805.4
5wuk_ligand,901,2533.83
5wuk_ligand,902,2437.92
5wuk_ligand,903,2367.29
5wuk_ligand,904,2337.84
5wuk_ligand,905,2324.31
5wuk_ligand,906,2311
5wuk_ligand,907,2296.37
5wuk_ligand,908,2287.12
5wuk_ligand,909,2543.95
5wuk_ligand,910,2778.93
5wuk_ligand,911,3597.38
5wuk_ligand,912,4844.52
5wuk_ligand,913,3603.59
5wuk_ligand,914,5412.07
5wuk_ligand,915,3730.38
5wuk_ligand,916,4674.07
5wuk_ligand,917,4538.15
5wuk_ligand,918,7182.69
5wuk_ligand,919,39691.9
5wuk_ligand,920,40436.6
5wuk_ligand,921,76172.6
5wuk_ligand,922,141907
5wuk_ligand,923,25231.8
5wuk_ligand,924,4846.13
5wuk_ligand,925,4718.3
5wuk_ligand,926,3467.38
5wuk_ligand,927,2616
5wuk_ligand,928,2339.76
5wuk_ligand,929,2385.38
5wuk_ligand,930,2320.4
5wuk_ligand,931,2298.62
5wuk_ligand,932,2293.67
5wuk_ligand,933,2386.21
5wuk_ligand,934,2388.91
5wuk_ligand,935,2343.91
5wuk_ligand,936,2315.06
5wuk_ligand,937,2298.46
5wuk_ligand,938,2311.09
5wuk_ligand,939,2280.03
5wuk_ligand,940,2253.49
5wuk_ligand,941,2244.8
5wuk_ligand,942,2321.47
5wuk_ligand,943,2340.12
5wuk_ligand,944,2380.8
5wuk_ligand,945,2315.29
5wuk_ligand,946,2253.54
5wuk_ligand,947,2231.52
5wuk_ligand,948,2226.31
5wuk_ligand,949,2225.44
5wuk_ligand,950,2217.81
5wuk_ligand,951,2219.73
5wuk_ligand,952,2484.75
5wuk_ligand,953,2559.47
5wuk_ligand,954,2332.5
5wuk_ligand,955,2952.54
5wuk_ligand,956,3855.04
5wuk_ligand,957,2848.08
5wuk_ligand,958,2423.39
5wuk_ligand,959,2341.27
5wuk_ligand,960,2311.72
5wuk_ligand,961,2291.66
5wuk_ligand,962,2277.36
5wuk_ligand,963,2269.62
5wuk_ligand,964,2264.57
5wuk_ligand,965,2259.43
5wuk_ligand,966,2253.93
5wuk_ligand,967,2246.8
5wuk_ligand,968,2244.07
5wuk_ligand,969,2234.86
5wuk_ligand,970,2227.53
5wuk_ligand,971,2220.71
5wuk_ligand,972,2260.64
5wuk_ligand,973,4841.23
5wuk_ligand,974,3412.45
5wuk_ligand,975,2591.04
5wuk_ligand,976,10199.1
5wuk_ligand,977,4676.39
5wuk_ligand,978,2969.11
5wuk_ligand,979,2904.73
5wuk_ligand,980,4768.05
5wuk_ligand,981,2562.08
5wuk_ligand,982,2471.78
5wuk_ligand,983,2420.1
5wuk_ligand,984,2379.59
5wuk_ligand,985,2340.91
5wuk_ligand,986,2303.4
5wuk_ligand,987,2292.32
5wuk_ligand,988,2281.61
5wuk_ligand,989,2271.12
5wuk_ligand,990,2261.75
5wuk_ligand,991,2252.26
5wuk_ligand,992,2242.07
5wuk_ligand,993,2235.77
5wuk_ligand,994,2228.54
5wuk_ligand,995,2223.76
5wuk_ligand,996,2218.14
5wuk_ligand,997,2208.62
5wuk_ligand,998,2207.64
5wuk_ligand,999,2834.21
5wuk_ligand,1000,7723.77
5wuk_ligand,1001,2666.32
5wuk_ligand,1002,2482.14
5wuk_ligand,1003,2315.06
5wuk_ligand,1004,2267.38
5wuk_ligand,1005,2245.97
5wuk_ligand,1006,2232.36
5wuk_ligand,1007,2359.77
5wuk_ligand,1008,3273.52
5wuk_ligand,1009,2492
5wuk_ligand,1010,2359.96
5wuk_ligand,1011,2278.65
5wuk_ligand,1012,2240.81
5wuk_ligand,1013,2226.52
5wuk_ligand,1014,2213.07
5wuk_ligand,1015,2206.95
5wuk_ligand,1016,2202.17
5wuk_ligand,1017,2195.91
5wuk_ligand,1018,2191.96
5wuk_ligand,1019,2185.98
5wuk_ligand,1020,2182.59
5wuk_ligand,1021,2177.45
5wuk_ligand,1022,2174.36
5wuk_ligand,1023,2182.92
5wuk_ligand,1024,2752.87
5wuk_ligand,1025,7207.99
5wuk_ligand,1026,2699.7
5wuk_ligand,1027,2508.03
5wuk_ligand,1028,5023.85
5wuk_ligand,1029,2842.57
5wuk_ligand,1030,2305.33
5wuk_ligand,1031,2234.24
5wuk_ligand,1032,2260.03
5wuk_ligand,1033,4120.72
5wuk_ligand,1034,2557.32
5wuk_ligand,1035,2350.87
5wuk_ligand,1036,2296.85
5wuk_ligand,1037,2239.07
5wuk_ligand,1038,2261.94
5wuk_ligand,1039,3702.75
5wuk_ligand,1040,3369.6
5wuk_ligand,1041,2536.23
5wuk_ligand,1042,2453.08
5wuk_ligand,1043,2406.63
5wuk_ligand,1044,2366.59
5wuk_ligand,1045,2338.27
5wuk_ligand,1046,2306.85
5wuk_ligand,1047,2284.89
5wuk_ligand,1048,2245.74
5wuk_ligand,1049,2191.49
5wuk_ligand,1050,2275.58
5wuk_ligand,1051,3636.89
5wuk_ligand,1052,4110.95
5wuk_ligand,1053,3969.59
5wuk_ligand,1054,6898.22
5wuk_ligand,1055,2940.11
5wuk_ligand,1056,2473.67
5wuk_ligand,1057,2404.77
5wuk_ligand,1058,2323.75
5wuk_ligand,1059,2228.97
5wuk_ligand,1060,2427.57
5wuk_ligand,1061,3015.46
5wuk_ligand,1062,3017.31
5wuk_ligand,1063,2660.4
5wuk_ligand,1064,2395.1
5wuk_ligand,1065,2344.11
5wuk_ligand,1066,2281.62
5wuk_ligand,1067,2220.92
5wuk_ligand,1068,2158.86
5wuk_ligand,1069,2225.83
5wuk_ligand,1070,2479.23
5wuk_ligand,1071,2278.04
5wuk_ligand,1072,2232.05
5wuk_ligand,1073,2140.42
5wuk_ligand,1074,2224.51
5wuk_ligand,1075,2552.05
5wuk_ligand,1076,3113.83
5wuk_ligand,1077,5210.91
5wuk_ligand,1078,8661.75
5wuk_ligand,1079,5573.18
5wuk_ligand,1080,3168.24
5wuk_ligand,1081,2793.11
5wuk_ligand,1082,2468.68
5wuk_ligand,1083,2432.28
5wuk_ligand,1084,2388.99
5wuk_ligand,1085,2333
5wuk_ligand,1086,2269.92
5wuk_ligand,1087,2221.78
5wuk_ligand,1088,2330.79
5wuk_ligand,1089,2959.5
5wuk_ligand,1090,2300.98
5wuk_ligand,1091,2228.34
5wuk_ligand,1092,2160.55
5wuk_ligand,1093,2125.17
5wuk_ligand,1094,2106.05
5wuk_ligand,1095,2093.74
5wuk_ligand,1096,2090.59
5wuk_ligand,1097,2154.79
5wuk_ligand,1098,2903.01
5wuk_ligand,1099,2975.34
5wuk_ligand,1100,2341.85
5wuk_ligand,1101,2188.71
5wuk_ligand,1102,2119.64
5wuk_ligand,1103,2101.66
5wuk_ligand,1104,2101.24
5wuk_ligand,1105,2090.23
5wuk_ligand,1106,2082.3
5wuk_ligand,1107,2944.2
5wuk_ligand,1108,4814.41
5wuk_ligand,1109,3614.66
5wuk_ligand,1110,2747.45
5wuk_ligand,1111,2872.01
5wuk_ligand,1112,5259.69
5wuk_ligand,1113,2731.62
5wuk_ligand,1114,2362.71
5wuk_ligand,1115,2239.06
5wuk_ligand,1116,2126.12
5wuk_ligand,1117,2178.65
5wuk_ligand,1118,3571.9
5wuk_ligand,1119,3036.37
5wuk_ligand,1120,2170.71
5wuk_ligand,1121,2095.15
5wuk_ligand,1122,2140.55
5wuk_ligand,1123,4019.32
5wuk_ligand,1124,3804.88
5wuk_ligand,1125,3971.96
5wuk_ligand,1126,2989.27
5wuk_ligand,1127,2309.57
5wuk_ligand,1128,2170.28
5wuk_ligand,1129,2078.64
5wuk_ligand,1130,2134.19
5wuk_ligand,1131,3683.39
5wuk_ligand,1132,2749.57
5wuk_ligand,1133,2324.05
5wuk_ligand,1134,2789.36
5wuk_ligand,1135,4493.47
5wuk_ligand,1136,2778.01
5wuk_ligand,1137,2914.25
5wuk_ligand,1138,2811.53
5wuk_ligand,1139,2171.79
5wuk_ligand,1140,2465.09
5wuk_ligand,1141,6910.79
5wuk_ligand,1142,9070.05
5wuk_ligand,1143,6887.49
5wuk_ligand,1144,8321.13
5wuk_ligand,1145,3159.85
5wuk_ligand,1146,2301.97
5wuk_ligand,1147,2252.55
5wuk_ligand,1148,2201.98
5wuk_ligand,1149,2150.94
5wuk_ligand,1150,2091.49
5wuk_ligand,1151,2039.55
5wuk_ligand,1152,2109.18
5wuk_ligand,1153,2348.27
5wuk_ligand,1154,2284.88
5wuk_ligand,1155,2216.61
5wuk_ligand,1156,2155.2
5wuk_ligand,1157,2077.05
5wuk_ligand,1158,2026.9
5wuk_ligand,1159,2146.66
5wuk_ligand,1160,2323.65
5wuk_ligand,1161,2212.31
5wuk_ligand,1162,2117.63
5wuk_ligand,1163,2035.13
5wuk_ligand,1164,2562.19
5wuk_ligand,1165,3327.66
5wuk_ligand,1166,2964.73
5wuk_ligand,1167,3151.81
5wuk_ligand,1168,2702.62
5wuk_ligand,1169,5394.59
5wuk_ligand,1170,18901.3
5wuk_ligand,1171,12905.8
5wuk_ligand,1172,3886.16
5wuk_ligand,1173,2779.58
5wuk_ligand,1174,2439.64
5wuk_ligand,1175,2372.3
5wuk_ligand,1176,2311.41
5wuk_ligand,1177,2253.58
5wuk_ligand,1178,2198.12
5wuk_ligand,1179,2141.89
5wuk_ligand,1180,2089.55
5wuk_ligand,1181,2045.57
5wuk_ligand,1182,2033.27
5wuk_ligand,1183,2380.59
5wuk_ligand,1184,2259.42
5wuk_ligand,1185,2175.42
5wuk_ligand,1186,2092.79
5wuk_ligand,1187,2053.94
5wuk_ligand,1188,2030.89
5wuk_ligand,1189,2012.36
5wuk_ligand,1190,1994.2
5wuk_ligand,1191,1986.06
5wuk_ligand,1192,2005.54
5wuk_ligand,1193,1982
5wuk_ligand,1194,2831.69
5wuk_ligand,1195,3428.25
5wuk_ligand,1196,3874.41
5wuk_ligand,1197,3065.69
5wuk_ligand,1198,2353.41
5wuk_ligand,1199,2185.58
5wuk_ligand,1200,2128.47
5wuk_ligand,1201,2085.98
5wuk_ligand,1202,2038.09
5wuk_ligand,1203,2014.18
5wuk_ligand,1204,2286.59
5wuk_ligand,1205,7754.64
5wuk_ligand,1206,3409.78
5wuk_ligand,1207,2496.8
5wuk_ligand,1208,2379.23
5wuk_ligand,1209,2294.48
5wuk_ligand,1210,2250.81
5wuk_ligand,1211,2216.1
5wuk_ligand,1212,2182.87
5wuk_ligand,1213,2151.39
5wuk_ligand,1214,2116.4
5wuk_ligand,1215,2072.78
5wuk_ligand,1216,2036.94
5wuk_ligand,1217,2013.86
5wuk_ligand,1218,2082.13
5wuk_ligand,1219,1998.23
5wuk_ligand,1220,2063.31
5wuk_ligand,1221,2288.13
5wuk_ligand,1222,2229.51
5wuk_ligand,1223,2753.73
5wuk_ligand,1224,4658.4
5wuk_ligand,1225,2699.07
5wuk_ligand,1226,2833.56
5wuk_ligand,1227,3410.3
5wuk_ligand,1228,2302.03
5wuk_ligand,1229,2205.54
5wuk_ligand,1230,2119.45
5wuk_ligand,1231,2037.43
5wuk_ligand,1232,2182.05
5wuk_ligand,1233,2936.92
5wuk_ligand,1234,3190.08
5wuk_ligand,1235,2334.41
5wuk_ligand,1236,2283.29
5wuk_ligand,1237,2219.54
5wuk_ligand,1238,2161.29
5wuk_ligand,1239,2068.51
5wuk_ligand,1240,2432
5wuk_ligand,1241,3242.97
5wuk_ligand,1242,2921.74
5wuk_ligand,1243,5290.28
5wuk_ligand,1244,9307.91
5wuk_ligand,1245,7026.32
5wuk_ligand,1246,5150.96
5wuk_ligand,1247,3059.06
5wuk_ligand,1248,2693.81
5wuk_ligand,1249,2338.74
5wuk_ligand,1250,2314.97
5wuk_ligand,1251,2293.26
5wuk_ligand,1252,2265.83
5wuk_ligand,1253,2234.41
5wuk_ligand,1254,2198.66
5wuk_ligand,1255,2156.94
5wuk_ligand,1256,2111.22
5wuk_ligand,1257,2075.52
5wuk_ligand,1258,2034.1
5wuk_ligand,1259,2284.24
5wuk_ligand,1260,2618.05
5wuk_ligand,1261,3116.62
5wuk_ligand,1262,4323.36
5wuk_ligand,1263,3360.49
5wuk_ligand,1264,2461.21
5wuk_ligand,1265,2249.93
5wuk_ligand,1266,2161.65
5wuk_ligand,1267,2072.63
5wuk_ligand,1268,1998.72
5wuk_ligand,1269,2000.57
5wuk_ligand,1270,2911.47
5wuk_ligand,1271,5109.77
5wuk_ligand,1272,3200.99
5wuk_ligand,1273,2555.23
5wuk_ligand,1274,2414.03
5wuk_ligand,1275,2295.58
5wuk_ligand,1276,2260.01
5wuk_ligand,1277,2213.61
5wuk_ligand,1278,2159.41
5wuk_ligand,1279,2080.92
5wuk_ligand,1280,2021.86
5wuk_ligand,1281,2648.47
5wuk_ligand,1282,3244.58
5wuk_ligand,1283,2417.93
5wuk_ligand,1284,5848.13
5wuk_ligand,1285,3485.1
5wuk_ligand,1286,2286.28
5wuk_ligand,1287,2246.96
5wuk_ligand,1288,2206.99
5wuk_ligand,1289,2153.54
5wuk_ligand,1290,2079.2
5wuk_ligand,1291,2091.65
5wuk_ligand,1292,2579.95
5wuk_ligand,1293,2648.9
5wuk_ligand,1294,2327.68
5wuk_ligand,1295,2273.49
5wuk_ligand,1296,2244.55
5wuk_ligand,1297,2208.39
5wuk_ligand,1298,2157.65
5wuk_ligand,1299,2171.01
5wuk_ligand,1300,2788.02
5wuk_ligand,1301,3738.18
5wuk_ligand,1302,13506.6
5wuk_ligand,1303,9083.04
5wuk_ligand,1304,7315.48
5wuk_ligand,1305,4000.97
5wuk_ligand,1306,3189.12
5wuk_ligand,1307,2413.66
5wuk_ligand,1308,2268.94
5wuk_ligand,1309,2234.72
5wuk_ligand,1310,2208.75
5wuk_ligand,1311,2186.14
5wuk_ligand,1312,2171.55
5wuk_ligand,1313,2154.36
5wuk_ligand,1314,2133.16
5wuk_ligand,1315,2106.26
5wuk_ligand,1316,2080.42
5wuk_ligand,1317,2069.91
5wuk_ligand,1318,2060.22
5wuk_ligand,1319,2051.03
5wuk_ligand,1320,2042.26
5wuk_ligand,1321,2033.75
5wuk_ligand,1322,2026.15
5wuk_ligand,1323,2023.34
5wuk_ligand,1324,2056.53
5wuk_ligand,1325,2027.08
5wuk_ligand,1326,2131.63
5wuk_ligand,1327,2605.8
5wuk_ligand,1328,2260.29
5wuk_ligand,1329,2208.69
5wuk_ligand,1330,2156.96
5wuk_ligand,1331,2120.95
5wuk_ligand,1332,2086.64
5wuk_ligand,1333,2399.31
5wuk_ligand,1334,4474.12
5wuk_ligand,1335,6472.87
5wuk_ligand,1336,3150.73
5wuk_ligand,1337,2488.64
5wuk_ligand,1338,2093.07
5wuk_ligand,1339,2055.47
5wuk_ligand,1340,2030.42
5wuk_ligand,1341,2012.59
5wuk_ligand,1342,2162.73
5wuk_ligand,1343,4323.84
5wuk_ligand,1344,2989.31
5wuk_ligand,1345,2245.3
5wuk_ligand,1346,2071.04
5wuk_ligand,1347,2026.74
5wuk_ligand,1348,2006.66
5wuk_ligand,1349,1991.2
5wuk_ligand,1350,2006.37
5wuk_ligand,1351,2031.34
5wuk_ligand,1352,1997.59
5wuk_ligand,1353,1980.86
5wuk_ligand,1354,1986.42
5wuk_ligand,1355,2108.61
5wuk_ligand,1356,5769.19
5wuk_ligand,1357,3847.96
5wuk_ligand,1358,2683.2
5wuk_ligand,1359,4050.59
5wuk_ligand,1360,4867.13
5wuk_ligand,1361,2604.18
5wuk_ligand,1362,2870.24
5wuk_ligand,1363,4600.96
5wuk_ligand,1364,2555.9
5wuk_ligand,1365,2231.59
5wuk_ligand,1366,4614.05
5wuk_ligand,1367,3200.5
5wuk_ligand,1368,2369.09
5wuk_ligand,1369,2207.23
5wuk_ligand,1370,2176.51
5wuk_ligand,1371,2140.78
5wuk_ligand,1372,2095.33
5wuk_ligand,1373,2040.63
5wuk_ligand,1374,2016.71
5wuk_ligand,1375,1998.86
5wuk_ligand,1376,2013.1
5wuk_ligand,1377,2052.25
5wuk_ligand,1378,1987.5
5wuk_ligand,1379,1977.97
5wuk_ligand,1380,2274.5
5wuk_ligand,1381,3902.92
5wuk_ligand,1382,4116.93
5wuk_ligand,1383,2951.65
5wuk_ligand,1384,2701.72
5wuk_ligand,1385,5088.66
5wuk_ligand,1386,3488.81
5wuk_ligand,1387,2528.32
5wuk_ligand,1388,2282.99
5wuk_ligand,1389,2167.08
5wuk_ligand,1390,2133.67
5wuk_ligand,1391,2093.05
5wuk_ligand,1392,2041.71
5wuk_ligand,1393,2004.67
5wuk_ligand,1394,2016.32
5wuk_ligand,1395,2019.2
5wuk_ligand,1396,1995.68
5wuk_ligand,1397,2016.13
5wuk_ligand,1398,1979.03
5wuk_ligand,1399,2036.7
5wuk_ligand,1400,1965.84
5wuk_ligand,1401,2084.35
5wuk_ligand,1402,2867.79
5wuk_ligand,1403,2878.56
5wuk_ligand,1404,6616.23
5wuk_ligand,1405,3712.96
5wuk_ligand,1406,3333.78
5wuk_ligand,1407,3170.71
5wuk_ligand,1408,2997.21
5wuk_ligand,1409,2817.26
5wuk_ligand,1410,2576.5
5wuk_ligand,1411,2198.41
5wuk_ligand,1412,2154.51
5wuk_ligand,1413,2119.64
5wuk_ligand,1414,2092.19
5wuk_ligand,1415,2059.35
5wuk_ligand,1416,2018.01
5wuk_ligand,1417,1994.72
5wuk_ligand,1418,1966.12
5wuk_ligand,1419,1969.37
5wuk_ligand,1420,1997.15
5wuk_ligand,1421,1944.76
5wuk_ligand,1422,2197.52
5wuk_ligand,1423,5102.11
5wuk_ligand,1424,3887.49
5wuk_ligand,1425,4737.24
5wuk_ligand,1426,3420.78
5wuk_ligand,1427,2918.21
5wuk_ligand,1428,2009.55
5wuk_ligand,1429,1905.07
5wuk_ligand,1430,1891.42
5wuk_ligand,1431,1907.35
5wuk_ligand,1432,1966.41
5wuk_ligand,1433,1891.35
5wuk_ligand,1434,1884.46
5wuk_ligand,1435,1898.75
5wuk_ligand,1436,1877.19
5wuk_ligand,1437,1857.29
5wuk_ligand,1438,1902.72
5wuk_ligand,1439,2474.82
5wuk_ligand,1440,3252.71
5wuk_ligand,1441,2208.81
5wuk_ligand,1442,7159.08
5wuk_ligand,1443,10434.1
5wuk_ligand,1444,14875
5wuk_ligand,1445,12872.2
5wuk_ligand,1446,5168.51
5wuk_ligand,1447,3302.75
5wuk_ligand,1448,2247.06
5wuk_ligand,1449,2103.35
5wuk_ligand,1450,2024.05
5wuk_ligand,1451,1966.87
5wuk_ligand,1452,1914.3
5wuk_ligand,1453,1910.41
5wuk_ligand,1454,1898.31
5wuk_ligand,1455,1876.52
5wuk_ligand,1456,1860.93
5wuk_ligand,1457,1857.77
5wuk_ligand,1458,1854.3
5wuk_ligand,1459,1854.94
5wuk_ligand,1460,1876.36
5wuk_ligand,1461,1862.44
5wuk_ligand,1462,1847.63
5wuk_ligand,1463,1842.06
5wuk_ligand,1464,1840.1
5wuk_ligand,1465,1877.27
5wuk_ligand,1466,1856.66
5wuk_ligand,1467,1838.45
5wuk_ligand,1468,1833.85
5wuk_ligand,1469,1835.47
5wuk_ligand,1470,1874.42
5wuk_ligand,1471,1864.59
5wuk_ligand,1472,1824.67
5wuk_ligand,1473,1837.68
5wuk_ligand,1474,1953.44
5wuk_ligand,1475,1896.52
5wuk_ligand,1476,1950.68
5wuk_ligand,1477,1970.98
5wuk_ligand,1478,2794.2
5wuk_ligand,1479,4776.46
5wuk_ligand,1480,8586.37
5wuk_ligand,1481,14900.6
5wuk_ligand,1482,1895.37
5wuk_ligand,1483,1833.37
5wuk_ligand,1484,1827.33
5wuk_ligand,1485,1823.91
5wuk_ligand,1486,1819.37
5wuk_ligand,1487,1814.07
5wuk_ligand,1488,1810.47
5wuk_ligand,1489,1804
5wuk_ligand,1490,1798.04
5wuk_ligand,1491,1792.96
5wuk_ligand,1492,1784.63
5wuk_ligand,1493,1777.18
5wuk_ligand,1494,1773.94
5wuk_ligand,1495,1759.99
5wuk_ligand,1496,1753.99
5wuk_ligand,1497,1752.75
5wuk_ligand,1498,1764.71
5wuk_ligand,1499,1741.57
5wuk_ligand,1500,1754.68
5wuk_ligand,1501,1754.87
5wuk_ligand,1502,1867.15
5wuk_ligand,1503,4667.17
5wuk_ligand,1504,3186.44
5wuk_ligand,1505,2547.22
5wuk_ligand,1506,2055.39
5wuk_ligand,1507,1819.41
5wuk_ligand,1508,1789.53
5wuk_ligand,1509,1772.6
5wuk_ligand,1510,1779.7
5wuk_ligand,1511,1778.09
5wuk_ligand,1512,1761.65
5wuk_ligand,1513,1772.04
5wuk_ligand,1514,1785.32
5wuk_ligand,1515,1746.43
5wuk_ligand,1516,1779.65
5wuk_ligand,1517,1734.68
5wuk_ligand,1518,1779.44
5wuk_ligand,1519,1729.87
5wuk_ligand,1520,1762.08
5wuk_ligand,1521,1783.01
5wuk_ligand,1522,1715.24
5wuk_ligand,1523,2203.52
5wuk_ligand,1524,4610.03
5wuk_ligand,1525,3136.37
5wuk_ligand,1526,3528.65
5wuk_ligand,1527,3857.97
5wuk_ligand,1528,2482.8
5wuk_ligand,1529,1942.99
5wuk_ligand,1530,1819.01
5wuk_ligand,1531,1779.86
5wuk_ligand,1532,1759.41
5wuk_ligand,1533,1741.73
5wuk_ligand,1534,1732.57
5wuk_ligand,1535,1729.54
5wuk_ligand,1536,1732.8
5wuk_ligand,1537,1722.27
5wuk_ligand,1538,1730.54
5wuk_ligand,1539,1726.58
5wuk_ligand,1540,1717.01
5wuk_ligand,1541,1719.74
5wuk_ligand,1542,1719.4
5wuk_ligand,1543,1706.17
5wuk_ligand,1544,1716.9
5wuk_ligand,1545,1719.98
5wuk_ligand,1546,1695.38
5wuk_ligand,1547,1700.73
5wuk_ligand,1548,1706.86
5wuk_ligand,1549,1675.29
5wuk_ligand,1550,1802.25
5wuk_ligand,1551,4097.21
5wuk_ligand,1552,2694.34
5wuk_ligand,1553,2476
5wuk_ligand,1554,2049.25
5wuk_ligand,1555,1826.49
5wuk_ligand,1556,1732.36
5wuk_ligand,1557,1734.05
5wuk_ligand,1558,1714.51
5wuk_ligand,1559,1717
5wuk_ligand,1560,1728.35
5wuk_ligand,1561,1706.34
5wuk_ligand,1562,1704.49
5wuk_ligand,1563,1719.29
5wuk_ligand,1564,1686.64
5wuk_ligand,1565,1716.2
5wuk_ligand,1566,1826.41
5wuk_ligand,1567,2594.07
5wuk_ligand,1568,2473.68
5wuk_ligand,1569,2549.35
5wuk_ligand,1570,1921.09
5wuk_ligand,1571,1953.42
5wuk_ligand,1572,2679.27
5wuk_ligand,1573,9808.86
5wuk_ligand,1574,6667.03
5wuk_ligand,1575,21753.3
5wuk_ligand,1576,14036.2
5wuk_ligand,1577,4333.6
5wuk_ligand,1578,3039.42
5wuk_ligand,1579,2452.84
5wuk_ligand,1580,2005.48
5wuk_ligand,1581,1700.66
5wuk_ligand,1582,1710.26
5wuk_ligand,1583,1715.13
5wuk_ligand,1584,1706.89
5wuk_ligand,1585,1702
5wuk_ligand,1586,1696.67
5wuk_ligand,1587,1690.41
5wuk_ligand,1588,1683.7
5wuk_ligand,1589,1682.73
5wuk_ligand,1590,1676.71
5wuk_ligand,1591,1689.37
5wuk_ligand,1592,1713.95
5wuk_ligand,1593,1708.19
5wuk_ligand,1594,1702.26
5wuk_ligand,1595,1693.45
5wuk_ligand,1596,1688.67
5wuk_ligand,1597,1689.15
5wuk_ligand,1598,1686.12
5wuk_ligand,1599,1675.21
5wuk_ligand,1600,1672.06
5wuk_ligand,1601,1693.05
5wuk_ligand,1602,1771.72
5wuk_ligand,1603,1758.3
5wuk_ligand,1604,1704.31
5wuk_ligand,1605,1697.51
5wuk_ligand,1606,1700.53
5wuk_ligand,1607,1756.74
5wuk_ligand,1608,1704.52
5wuk_ligand,1609,1758.92
5wuk_ligand,1610,1943.35
5wuk_ligand,1611,6349.79
5wuk_ligand,1612,4486.29
5wuk_ligand,1613,11326.6
5wuk_ligand,1614,10992.4
5wuk_ligand,1615,4071.24
5wuk_ligand,1616,2667.54
5wuk_ligand,1617,1877.05
5wuk_ligand,1618,1744.47
5wuk_ligand,1619,1740.24
5wuk_ligand,1620,1735.88
5wuk_ligand,1621,1731.36
5wuk_ligand,1622,1727
5wuk_ligand,1623,1722.72
5wuk_ligand,1624,1718.11
5wuk_ligand,1625,1713.02
5wuk_ligand,1626,1707.24
5wuk_ligand,1627,1700.71
5wuk_ligand,1628,1694.66
5wuk_ligand,1629,1687.9
5wuk_ligand,1630,1686.79
5wuk_ligand,1631,1756.06
5wuk_ligand,1632,1736.57
5wuk_ligand,1633,1722.57
5wuk_ligand,1634,1710.5
5wuk_ligand,1635,1697.24
5wuk_ligand,1636,1684.65
5wuk_ligand,1637,1672.37
5wuk_ligand,1638,1696.48
5wuk_ligand,1639,1821.22
5wuk_ligand,1640,1735.16
5wuk_ligand,1641,1712.76
5wuk_ligand,1642,1705.38
5wuk_ligand,1643,1694.06
5wuk_ligand,1644,1691.78
5wuk_ligand,1645,1713.25
5wuk_ligand,1646,1684.68
5wuk_ligand,1647,2145.09
5wuk_ligand,1648,2140.24
5wuk_ligand,1649,6927.8
5wuk_ligand,1650,4774.58
5wuk_ligand,1651,2544.58
5wuk_ligand,1652,1865.69
5wuk_ligand,1653,1789.37
5wuk_ligand,1654,1724.64
5wuk_ligand,1655,1692.06
5wuk_ligand,1656,1673.11
5wuk_ligand,1657,1673.9
5wuk_ligand,1658,1764.62
5wuk_ligand,1659,1734.5
5wuk_ligand,1660,1707.09
5wuk_ligand,1661,1696.34
5wuk_ligand,1662,1688.27
5wuk_ligand,1663,1677.31
5wuk_ligand,1664,1665.85
5wuk_ligand,1665,1659.41
5wuk_ligand,1666,1790.48
5wuk_ligand,1667,1843.43
5wuk_ligand,1668,1737.83
5wuk_ligand,1669,1694.37
5wuk_ligand,1670,1691.54
5wuk_ligand,1671,1690.79
5wuk_ligand,1672,1687.23
5wuk_ligand,1673,1680.22
5wuk_ligand,1674,1671.26
5wuk_ligand,1675,1990.61
5wuk_ligand,1676,1963.62
5wuk_ligand,1677,1826.68
5wuk_ligand,1678,1701.48
5wuk_ligand,1679,1691.77
5wuk_ligand,1680,1686.25
5wuk_ligand,1681,1723.41
5wuk_ligand,1682,1808.02
5wuk_ligand,1683,4105.83
5wuk_ligand,1684,3504.47
5wuk_ligand,1685,2210.56
5wuk_ligand,1686,4303.17
5wuk_ligand,1687,18359.8
5wuk_ligand,1688,14078.6
5wuk_ligand,1689,3525.1
5wuk_ligand,1690,2524.95
5wuk_ligand,1691,2102.22
5wuk_ligand,1692,1911.42
5wuk_ligand,1693,1848.57
5wuk_ligand,1694,1785.14
5wuk_ligand,1695,1750.16
5wuk_ligand,1696,1732.69
5wuk_ligand,1697,1717.5
5wuk_ligand,1698,1708.66
5wuk_ligand,1699,1701.82
5wuk_ligand,1700,1698.65
5wuk_ligand,1701,1741
5wuk_ligand,1702,1728.05
5wuk_ligand,1703,1714.6
5wuk_ligand,1704,1700.36
5wuk_ligand,1705,1687.73
5wuk_ligand,1706,1680.26
5wuk_ligand,1707,1675.19
5wuk_ligand,1708,1758.66
5wuk_ligand,1709,1737.74
5wuk_ligand,1710,1720.02
5wuk_ligand,1711,1701.27
5wuk_ligand,1712,1681.29
5wuk_ligand,1713,1668.06
5wuk_ligand,1714,1664.79
5wuk_ligand,1715,1861.77
5wuk_ligand,1716,1848.42
5wuk_ligand,1717,1736.12
5wuk_ligand,1718,1715.78
5wuk_ligand,1719,1694.03
5wuk_ligand,1720,1685.4
5wuk_ligand,1721,1693.65
5wuk_ligand,1722,1694.73
5wuk_ligand,1723,1795.08
5wuk_ligand,1724,1708.78
5wuk_ligand,1725,1817.53
5wuk_ligand,1726,1719.48
5wuk_ligand,1727,2409.51
5wuk_ligand,1728,5219.9
5wuk_ligand,1729,7963.96
5wuk_ligand,1730,10847.2
5wuk_ligand,1731,1708.67
5wuk_ligand,1732,1681.83
5wuk_ligand,1733,1672.88
5wuk_ligand,1734,1724.54
5wuk_ligand,1735,1730.18
5wuk_ligand,1736,1713.82
5wuk_ligand,1737,1705.19
5wuk_ligand,1738,1696.89
5wuk_ligand,1739,1689.1
5wuk_ligand,1740,1684.8
5wuk_ligand,1741,1673.5
5wuk_ligand,1742,1666.28
5wuk_ligand,1743,1659.18
5wuk_ligand,1744,1651.99
5wuk_ligand,1745,1659.27
5wuk_ligand,1746,1804.92
5wuk_ligand,1747,1720.72
5wuk_ligand,1748,1677.68
5wuk_ligand,1749,1672.67
5wuk_ligand,1750,1659.67
5wuk_ligand,1751,1659.06
5wuk_ligand,1752,1670.76
5wuk_ligand,1753,1634.88
5wuk_ligand,1754,1694.78
5wuk_ligand,1755,2511.77
5wuk_ligand,1756,2689.31
5wuk_ligand,1757,2469.48
5wuk_ligand,1758,3379.62
5wuk_ligand,1759,2745.38
5wuk_ligand,1760,6653.07
5wuk_ligand,1761,8429.67
5wuk_ligand,1762,8803.32
5wuk_ligand,1763,8609.18
5wuk_ligand,1764,11695.5
5wuk_ligand,1765,14690.7
5wuk_ligand,1766,2874.84
5wuk_ligand,1767,2391.02
5wuk_ligand,1768,2002.6
5wuk_ligand,1769,1832.04
5wuk_ligand,1770,1803.7
5wuk_ligand,1771,1781.11
5wuk_ligand,1772,1758.55
5wuk_ligand,1773,1744.47
5wuk_ligand,1774,1731.54
5wuk_ligand,1775,1721.25
5wuk_ligand,1776,1710.28
5wuk_ligand,1777,1698.28
5wuk_ligand,1778,1748.84
5wuk_ligand,1779,1744.27
5wuk_ligand,1780,1727
5wuk_ligand,1781,1715.85
5wuk_ligand,1782,1703.6
5wuk_ligand,1783,1690.7
5wuk_ligand,1784,1697.32
5wuk_ligand,1785,1764.31
5wuk_ligand,1786,1736.76
5wuk_ligand,1787,1717.97
5wuk_ligand,1788,1704.39
5wuk_ligand,1789,1687.94
5wuk_ligand,1790,1669.91
5wuk_ligand,1791,1726.41
5wuk_ligand,1792,1837.33
5wuk_ligand,1793,1699.25
5wuk_ligand,1794,1688.83
5wuk_ligand,1795,1681.98
5wuk_ligand,1796,1825.57
5wuk_ligand,1797,3095.34
5wuk_ligand,1798,4899.81
5wuk_ligand,1799,7995.4
5wuk_ligand,1800,2360.73
5wuk_ligand,1801,1733.74
5wuk_ligand,1802,1668.61
5wuk_ligand,1803,1656.29
5wuk_ligand,1804,1652.04
5wuk_ligand,1805,1647.91
5wuk_ligand,1806,1641.84
5wuk_ligand,1807,1637.86
5wuk_ligand,1808,1636.36
5wuk_ligand,1809,1627.89
5wuk_ligand,1810,1642.2
5wuk_ligand,1811,1770.39
5wuk_ligand,1812,1677.75
5wuk_ligand,1813,1654.52
5wuk_ligand,1814,1653.55
5wuk_ligand,1815,1664.19
5wuk_ligand,1816,1636.47
5wuk_ligand,1817,1644.75
5wuk_ligand,1818,1695.58
5wuk_ligand,1819,1937.27
5wuk_ligand,1820,1731.93
5wuk_ligand,1821,2084.9
5wuk_ligand,1822,2116.73
5wuk_ligand,1823,1800.72
5wuk_ligand,1824,1680.3
5wuk_ligand,1825,1750.22
5wuk_ligand,1826,1830.67
5wuk_ligand,1827,2459.05
5wuk_ligand,1828,5299.85
5wuk_ligand,1829,4649.1
5wuk_ligand,1830,2712.87
5wuk_ligand,1831,2033.87
5wuk_ligand,1832,1813.25
5wuk_ligand,1833,1722.75
5wuk_ligand,1834,1676.28
5wuk_ligand,1835,1650.91
5wuk_ligand,1836,1629.1
5wuk_ligand,1837,1713.58
5wuk_ligand,1838,1760.82
5wuk_ligand,1839,1709.64
5wuk_ligand,1840,1686
5wuk_ligand,1841,1667.87
5wuk_ligand,1842,1652.93
5wuk_ligand,1843,1636.45
5wuk_ligand,1844,1629.79
5wuk_ligand,1845,1785.13
5wuk_ligand,1846,1716.17
5wuk_ligand,1847,1681.4
5wuk_ligand,1848,1668.25
5wuk_ligand,1849,1655.99
5wuk_ligand,1850,1652.43
5wuk_ligand,1851,1650.08
5wuk_ligand,1852,1644.65
5wuk_ligand,1853,1640.21
5wuk_ligand,1854,1652.85
5wuk_ligand,1855,1683.14
5wuk_ligand,1856,1663.97
5wuk_ligand,1857,1712.98
5wuk_ligand,1858,1884.33
5wuk_ligand,1859,1763.76
5wuk_ligand,1860,2458.45
5wuk_ligand,1861,3876.17
5wuk_ligand,1862,1849.78
5wuk_ligand,1863,7053.14
5wuk_ligand,1864,6819.63
5wuk_ligand,1865,5644.2
5wuk_ligand,1866,1779.21
5wuk_ligand,1867,1754.86
5wuk_ligand,1868,1730.52
5wuk_ligand,1869,1706.04
5wuk_ligand,1870,1681.42
5wuk_ligand,1871,1655.85
5wuk_ligand,1872,1652.81
5wuk_ligand,1873,1655.67
5wuk_ligand,1874,1648.17
5wuk_ligand,1875,1649.78
5wuk_ligand,1876,1647.93
5wuk_ligand,1877,1649.55
5wuk_ligand,1878,1644.72
5wuk_ligand,1879,1647.61
5wuk_ligand,1880,1644.07
5wuk_ligand,1881,1694.44
5wuk_ligand,1882,1709.7
5wuk_ligand,1883,1692.52
5wuk_ligand,1884,1628.17
5wuk_ligand,1885,1611.87
5wuk_ligand,1886,1904.17
5wuk_ligand,1887,1972.93
5wuk_ligand,1888,1771.62
5wuk_ligand,1889,1687.38
5wuk_ligand,1890,1652.04
5wuk_ligand,1891,1621.77
5wuk_ligand,1892,1762.33
5wuk_ligand,1893,1925.05
5wuk_ligand,1894,1811.57
5wuk_ligand,1895,1676.79
5wuk_ligand,1896,1694.64
5wuk_ligand,1897,1692.08
5wuk_ligand,1898,1651.19
5wuk_ligand,1899,1945.52
5wuk_ligand,1900,1956.42
5wuk_ligand,1901,1879.96
5wuk_ligand,1902,3747.58
5wuk_ligand,1903,1724.11
5wuk_ligand,1904,1990.43
5wuk_ligand,1905,1843.36
5wuk_ligand,1906,1712.2
5wuk_ligand,1907,1651.86
5wuk_ligand,1908,1617.59
5wuk_ligand,1909,1606.19
5wuk_ligand,1910,1594.23
5wuk_ligand,1911,1837.71
5wuk_ligand,1912,1637.64
5wuk_ligand,1913,1629.96
5wuk_ligand,1914,1655.84
5wuk_ligand,1915,1611.6
5wuk_ligand,1916,1631.26
5wuk_ligand,1917,1646
5wuk_ligand,1918,1619.01
5wuk_ligand,1919,1772.71
5wuk_ligand,1920,1632.95
5wuk_ligand,1921,1671.28
5wuk_ligand,1922,1662.37
5wuk_ligand,1923,1719.3
5wuk_ligand,1924,1655.67
5wuk_ligand,1925,1759.65
5wuk_ligand,1926,1654.75
5wuk_ligand,1927,1763.55
5wuk_ligand,1928,1660.04
5wuk_ligand,1929,5738.08
5wuk_ligand,1930,10207.2
5wuk_ligand,1931,3471.53
5wuk_ligand,1932,2424.81
5wuk_ligand,1933,1950.17
5wuk_ligand,1934,1690.57
5wuk_ligand,1935,1648.89
5wuk_ligand,1936,1628.81
5wuk_ligand,1937,1747.56
5wuk_ligand,1938,1697.99
5wuk_ligand,1939,1664.76
5wuk_ligand,1940,1634.33
5wuk_ligand,1941,1607.18
5wuk_ligand,1942,1588.33
5wuk_ligand,1943,1680.33
5wuk_ligand,1944,1745.76
5wuk_ligand,1945,1695.58
5wuk_ligand,1946,1662.12
5wuk_ligand,1947,1634.29
5wuk_ligand,1948,1602.18
5wuk_ligand,1949,1584.17
5wuk_ligand,1950,1671.32
5wuk_ligand,1951,1786.23
5wuk_ligand,1952,1687.37
5wuk_ligand,1953,1646.55
5wuk_ligand,1954,1654.56
5wuk_ligand,1955,1613.99
5wuk_ligand,1956,1623.18
5wuk_ligand,1957,1640.5
5wuk_ligand,1958,1672.08
5wuk_ligand,1959,1644.35
5wuk_ligand,1960,1686.2
5wuk_ligand,1961,1650.41
5wuk_ligand,1962,1696.12
5wuk_ligand,1963,1644.41
5wuk_ligand,1964,1683.28
5wuk_ligand,1965,1699.64
5wuk_ligand,1966,2478.08
5wuk_ligand,1967,3426.05
5wuk_ligand,1968,1796
5wuk_ligand,1969,1637.38
5wuk_ligand,1970,1596.89
5wuk_ligand,1971,1600.08
5wuk_ligand,1972,1606.1
5wuk_ligand,1973,1610.81
5wuk_ligand,1974,1604.59
5wuk_ligand,1975,1610.69
5wuk_ligand,1976,1604.64
5wuk_ligand,1977,1604.03
5wuk_ligand,1978,1589.58
5wuk_ligand,1979,1565.72
5wuk_ligand,1980,1568.62
5wuk_ligand,1981,1664.16
5wuk_ligand,1982,1920.19
5wuk_ligand,1983,1754.62
5wuk_ligand,1984,1650.86
5wuk_ligand,1985,1614.7
5wuk_ligand,1986,1648.26
5wuk_ligand,1987,1689.38
5wuk_ligand,1988,1664.1
5wuk_ligand,1989,1694.05
5wuk_ligand,1990,1679.82
5wuk_ligand,1991,1686.83
5wuk_ligand,1992,1667.79
5wuk_ligand,1993,1667.34
5wuk_ligand,1994,1706.72
5wuk_ligand,1995,1781.17
5wuk_ligand,1996,1784.99
5wuk_ligand,1997,1933.82
5wuk_ligand,1998,6971.47
5wuk_ligand,1999,3527.87
5wuk_ligand,2000,5404.79
5wuk_ligand,2001,19205.1
5wuk_ligand,2002,246868
5wuk_ligand,2003,10761.7
5wuk_ligand,2004,5793.48
5wuk_ligand,2005,8813.1
5wuk_ligand,2006,1583.17
5wuk_ligand,2007,1573.94
5wuk_ligand,2008,1566.31
5wuk_ligand,2009,1566.33
5wuk_ligand,2010,1564.9
5wuk_ligand,2011,1563.45
5wuk_ligand,2012,1561.98
5wuk_ligand,2013,1560.46
5wuk_ligand,2014,1559.97
5wuk_ligand,2015,1558.89
5wuk_ligand,2016,1557.1
5wuk_ligand,2017,1555.25
5wuk_ligand,2018,1553.31
5wuk_ligand,2019,1552.33
5wuk_ligand,2020,1551.39
5wuk_ligand,2021,1549.13
5wuk_ligand,2022,1547.04
5wuk_ligand,2023,1545.27
5wuk_ligand,2024,1545.29
5wuk_ligand,2025,1544.36
5wuk_ligand,2026,1542.06
5wuk_ligand,2027,1539.66
5wuk_ligand,2028,1539.16
5wuk_ligand,2029,1538.8
5wuk_ligand,2030,1534.97
5wuk_ligand,2031,1531.49
5wuk_ligand,2032,1529.3
5wuk_ligand,2033,1546.02
5wuk_ligand,2034,1576.39
5wuk_ligand,2035,1525.5
5wuk_ligand,2036,1525.27
5wuk_ligand,2037,1521.68
5wuk_ligand,2038,1515.43
5wuk_ligand,2039,1527.28
5wuk_ligand,2040,1511.12
5wuk_ligand,2041,1518.6
5wuk_ligand,2042,1499.79
5wuk_ligand,2043,1575.04
5wuk_ligand,2044,1793.45
5wuk_ligand,2045,1567.77
5wuk_ligand,2046,1544.31
5wuk_ligand,2047,1530.28
5wuk_ligand,2048,1536.36
5wuk_ligand,2049,1519.3
5wuk_ligand,2050,1531.69
5wuk_ligand,2051,2366.85
5wuk_ligand,2052,3006.07
5wuk_ligand,2053,2890.99
5wuk_ligand,2054,1746.64
5wuk_ligand,2055,1520.28
5wuk_ligand,2056,1483.78
5wuk_ligand,2057,1448.97
5wuk_ligand,2058,1428.6
5wuk_ligand,2059,1685.06
5wuk_ligand,2060,1473.28
5wuk_ligand,2061,1439.86
5wuk_ligand,2062,1577.03
5wuk_ligand,2063,1649.1
5wuk_ligand,2064,1766.45
5wuk_ligand,2065,1946.01
5wuk_ligand,2066,1816.45
5wuk_ligand,2067,2224.25
5wuk_ligand,2068,2257.37
5wuk_ligand,2069,3498.25
5wuk_ligand,2070,2277.89
5wuk_ligand,2071,1556.58
5wuk_ligand,2072,1521.87
5wuk_ligand,2073,1489.74
5wuk_ligand,2074,1458.25
5wuk_ligand,2075,1439.83
5wuk_ligand,2076,1914.59
5wuk_ligand,2077,1890.17
5wuk_ligand,2078,1702.08
5wuk_ligand,2079,1554.1
5wuk_ligand,2080,1508.46
5wuk_ligand,2081,1475.18
5wuk_ligand,2082,1427.56
5wuk_ligand,2083,1804.69
5wuk_ligand,2084,1594.16
5wuk_ligand,2085,1548.33
5wuk_ligand,2086,1554.94
5wuk_ligand,2087,1544.16
5wuk_ligand,2088,1533.58
5wuk_ligand,2089,1527.17
5wuk_ligand,2090,1544.51
5wuk_ligand,2091,1522.21
5wuk_ligand,2092,1510.31
5wuk_ligand,2093,1544.12
5wuk_ligand,2094,1545.43
5wuk_ligand,2095,1515.76
5wuk_ligand,2096,1481.55
5wuk_ligand,2097,1902.81
5wuk_ligand,2098,3288.52
5wuk_ligand,2099,5877.47
5wuk_ligand,2100,3302.66
5wuk_ligand,2101,3384.09
5wuk_ligand,2102,1998.99
5wuk_ligand,2103,1549.66
5wuk_ligand,2104,1534.53
5wuk_ligand,2105,1522.72
5wuk_ligand,2106,1517.03
5wuk_ligand,2107,1511.35
5wuk_ligand,2108,1504.8
5wuk_ligand,2109,1498.48
5wuk_ligand,2110,1492.13
5wuk_ligand,2111,1487.96
5wuk_ligand,2112,1488.12
5wuk_ligand,2113,1476.08
5wuk_ligand,2114,1474.61
5wuk_ligand,2115,1466.9
5wuk_ligand,2116,1452.04
5wuk_ligand,2117,1465.01
5wuk_ligand,2118,1429.43
5wuk_ligand,2119,1521.95
5wuk_ligand,2120,1582.97
5wuk_ligand,2121,1508.1
5wuk_ligand,2122,1495.27
5wuk_ligand,2123,1493.52
5wuk_ligand,2124,1489.66
5wuk_ligand,2125,1467.32
5wuk_ligand,2126,1495.63
5wuk_ligand,2127,1439.26
5wuk_ligand,2128,1889.61
5wuk_ligand,2129,10764.5
5wuk_ligand,2130,5182.24
5wuk_ligand,2131,2012.49
5wuk_ligand,2132,1504.13
5wuk_ligand,2133,1463.85
5wuk_ligand,2134,1428.44
5wuk_ligand,2135,1395.03
5wuk_ligand,2136,1519.5
5wuk_ligand,2137,1556.12
5wuk_ligand,2138,1506.08
5wuk_ligand,2139,1465.81
5wuk_ligand,2140,1435.71
5wuk_ligand,2141,1403.61
5wuk_ligand,2142,1471.25
5wuk_ligand,2143,1587.99
5wuk_ligand,2144,1525.24
5wuk_ligand,2145,1489.91
5wuk_ligand,2146,1455.41
5wuk_ligand,2147,1415.42
5wuk_ligand,2148,1402.51
5wuk_ligand,2149,1722.28
5wuk_ligand,2150,1443.95
5wuk_ligand,2151,1391.96
5wuk_ligand,2152,1915.42
5wuk_ligand,2153,1526.08
5wuk_ligand,2154,1413.48
5wuk_ligand,2155,1461.71
5wuk_ligand,2156,1908.5
5wuk_ligand,2157,1748.21
5wuk_ligand,2158,2902.81
5wuk_ligand,2159,2667.92
5wuk_ligand,2160,6976.98
5wuk_ligand,2161,1843.88
5wuk_ligand,2162,1412.4
5wuk_ligand,2163,1514.38
5wuk_ligand,2164,1669.73
5wuk_ligand,2165,1823.98
5wuk_ligand,2166,1706.18
5wuk_ligand,2167,1531.02
5wuk_ligand,2168,1528.74
5wuk_ligand,2169,1519.25
5wuk_ligand,2170,1497.11
5wuk_ligand,2171,1486.82
5wuk_ligand,2172,1468
5wuk_ligand,2173,1428.69
5wuk_ligand,2174,1417.18
5wuk_ligand,2175,1578.59
5wuk_ligand,2176,1723.05
5wuk_ligand,2177,1483.62
5wuk_ligand,2178,1376.84
5wuk_ligand,2179,1995.36
5wuk_ligand,2180,1856.83
5wuk_ligand,2181,3409.22
5wuk_ligand,2182,1876.74
5wuk_ligand,2183,2317.65
5wuk_ligand,2184,1914.82
5wuk_ligand,2185,1540.69
5wuk_ligand,2186,1436.59
5wuk_ligand,2187,1384.51
5wuk_ligand,2188,1600.67
5wuk_ligand,2189,1822.53
5wuk_ligand,2190,1690.62
5wuk_ligand,2191,1880.49
5wuk_ligand,2192,1704.23
5wuk_ligand,2193,1918.8
5wuk_ligand,2194,1676.12
5wuk_ligand,2195,1429.2
5wuk_ligand,2196,1375.78
5wuk_ligand,2197,1652.22
5wuk_ligand,2198,2257.98
5wuk_ligand,2199,1830.78
5wuk_ligand,2200,1749.33
5wuk_ligand,2201,3126.11
5wuk_ligand,2202,11547.4
5wuk_ligand,2203,8644.08
5wuk_ligand,2204,34765.3
5wuk_ligand,2205,72584.2
5wuk_ligand,2206,160206
5wuk_ligand,2207,140582
5wuk_ligand,2208,9393.03
5wuk_ligand,2209,5174.86
5wuk_ligand,2210,3893.38
5wuk_ligand,2211,3667.78
5wuk_ligand,2212,3681.75
5wuk_ligand,2213,3447.04
5wuk_ligand,2214,3652.45
5wuk_ligand,2215,3274.63
5wuk_ligand,2216,3316.26
5wuk_ligand,2217,3001.67
5wuk_ligand,2218,3211.67
5wuk_ligand,2219,2902.14
5wuk_ligand,2220,2657.47
5wuk_ligand,2221,2542.86
5wuk_ligand,2222,2447.25
5wuk_ligand,2223,2318.6
5wuk_ligand,2224,2175.71
5wuk_ligand,2225,2051.67
5wuk_ligand,2226,1940.45
5wuk_ligand,2227,1905.24
5wuk_ligand,2228,1833.04
5wuk_ligand,2229,1766.72
5wuk_ligand,2230,1700.76
5wuk_ligand,2231,1585
5wuk_ligand,2232,1597.32
5wuk_ligand,2233,1489.33
5wuk_ligand,2234,1469.06
5wuk_ligand,2235,1446.06
5wuk_ligand,2236,1335.32
5wuk_ligand,2237,1336.62
5wuk_ligand,2238,1452.83
5wuk_ligand,2239,1458.77
5wuk_ligand,2240,1439.32
5wuk_ligand,2241,1406.31
5wuk_ligand,2242,1366.1
5wuk_ligand,2243,1316.24
5wuk_ligand,2244,1432.73
5wuk_ligand,2245,1614.81
5wuk_ligand,2246,1520.81
5wuk_ligand,2247,1354.29
5wuk_ligand,2248,1427.42
5wuk_ligand,2249,1856.27
5wuk_ligand,2250,1920.03
5wuk_ligand,2251,1554.24
5wuk_ligand,2252,1536.8
5wuk_ligand,2253,1513.87
5wuk_ligand,2254,1478.75
5wuk_ligand,2255,1427.01
5wuk_ligand,2256,1366.81
5wuk_ligand,2257,1443.61
5wuk_ligand,2258,1845.94
5wuk_ligand,2259,2679.31
5wuk_ligand,2260,1900.19
5wuk_ligand,2261,3308.48
5wuk_ligand,2262,1693.54
5wuk_ligand,2263,1646.97
5wuk_ligand,2264,1722.6
5wuk_ligand,2265,1761.88
5wuk_ligand,2266,1596.32
5wuk_ligand,2267,1507.38
5wuk_ligand,2268,1469.89
5wuk_ligand,2269,1407.41
5wuk_ligand,2270,1368.2
5wuk_ligand,2271,1709.82
5wuk_ligand,2272,1606.87
5wuk_ligand,2273,1570.51
5wuk_ligand,2274,1461.04
5wuk_ligand,2275,1390.55
5wuk_ligand,2276,1415.67
5wuk_ligand,2277,1802.43
5wuk_ligand,2278,1649.36
5wuk_ligand,2279,1592.78
5wuk_ligand,2280,1506.38
5wuk_ligand,2281,1459.36
5wuk_ligand,2282,1397.16
5wuk_ligand,2283,1516.88
5wuk_ligand,2284,2508.63
5wuk_ligand,2285,6641.12
5wuk_ligand,2286,3802.74
5wuk_ligand,2287,2808
5wuk_ligand,2288,1482.73
5wuk_ligand,2289,1462.82
5wuk_ligand,2290,1464.57
5wuk_ligand,2291,1451.27
5wuk_ligand,2292,1445.68
5wuk_ligand,2293,1437.81
5wuk_ligand,2294,1422.56
5wuk_ligand,2295,1419.19
5wuk_ligand,2296,1404.21
5wuk_ligand,2297,1384.42
5wuk_ligand,2298,1373.88
5wuk_ligand,2299,1365.4
5wuk_ligand,2300,1474.4
5wuk_ligand,2301,1428.04
5wuk_ligand,2302,1403.6
5wuk_ligand,2303,1377.83
5wuk_ligand,2304,1381.14
5wuk_ligand,2305,1411.99
5wuk_ligand,2306,1537.23
5wuk_ligand,2307,1419.36
5wuk_ligand,2308,1379.99
5wuk_ligand,2309,1447.52
5wuk_ligand,2310,2134.35
5wuk_ligand,2311,1909.31
5wuk_ligand,2312,1759.2
5wuk_ligand,2313,1927.22
5wuk_ligand,2314,1886.06
5wuk_ligand,2315,1522.45
5wuk_ligand,2316,1437.27
5wuk_ligand,2317,1393.74
5wuk_ligand,2318,1374.6
5wuk_ligand,2319,1730.77
5wuk_ligand,2320,1826.74
5wuk_ligand,2321,1626.34
5wuk_ligand,2322,1497.25
5wuk_ligand,2323,1459.04
5wuk_ligand,2324,1434.87
5wuk_ligand,2325,1400.07
5wuk_ligand,2326,1517.38
5wuk_ligand,2327,2213.99
5wuk_ligand,2328,2788.15
5wuk_ligand,2329,1921.86
5wuk_ligand,2330,2266.85
5wuk_ligand,2331,1467.54
5wuk_ligand,2332,1420.63
5wuk_ligand,2333,1401.17
5wuk_ligand,2334,1353.41
5wuk_ligand,2335,1652.82
5wuk_ligand,2336,1613.65
5wuk_ligand,2337,1471.54
5wuk_ligand,2338,1435.96
5wuk_ligand,2339,1395.48
5wuk_ligand,2340,1482.26
5wuk_ligand,2341,1963.15
5wuk_ligand,2342,1989.33
5wuk_ligand,2343,2377.46
5wuk_ligand,2344,1803.51
5wuk_ligand,2345,1676.02
5wuk_ligand,2346,2052.46
5wuk_ligand,2347,1902.23
5wuk_ligand,2348,2077.18
5wuk_ligand,2349,1785.34
5wuk_ligand,2350,2231.68
5wuk_ligand,2351,2199.17
5wuk_ligand,2352,1598.73
5wuk_ligand,2353,1480.11
5wuk_ligand,2354,1439.24
5wuk_ligand,2355,1404.57
5wuk_ligand,2356,1370.35
5wuk_ligand,2357,1729.39
5wuk_ligand,2358,2007.19
5wuk_ligand,2359,3225.69
5wuk_ligand,2360,2405.8
5wuk_ligand,2361,1427.02
5wuk_ligand,2362,1359.35
5wuk_ligand,2363,1494.24
5wuk_ligand,2364,1593.22
5wuk_ligand,2365,1482.97
5wuk_ligand,2366,1440.2
5wuk_ligand,2367,1390.23
5wuk_ligand,2368,1340.22
5wuk_ligand,2369,1885.43
5wuk_ligand,2370,1620.02
5wuk_ligand,2371,1626.63
5wuk_ligand,2372,1581.55
5wuk_ligand,2373,1719.26
5wuk_ligand,2374,2005.87
5wuk_ligand,2375,3167.13
5wuk_ligand,2376,2715.27
5wuk_ligand,2377,13087.9
5wuk_ligand,2378,29607.5
5wuk_ligand,2379,28947.3
5wuk_ligand,2380,74220.9
5wuk_ligand,2381,72737.4
5wuk_ligand,2382,3956.47
5wuk_ligand,2383,2690.92
5wuk_ligand,2384,2392.15
5wuk_ligand,2385,2072.8
5wuk_ligand,2386,1686.1
5wuk_ligand,2387,1638.08
5wuk_ligand,2388,1628.69
5wuk_ligand,2389,1619.17
5wuk_ligand,2390,1609.2
5wuk_ligand,2391,1598.47
5wuk_ligand,2392,1589.95
5wuk_ligand,2393,1587.1
5wuk_ligand,2394,1585.71
5wuk_ligand,2395,1581.08
5wuk_ligand,2396,1576.83
5wuk_ligand,2397,1572.91
5wuk_ligand,2398,1569.78
5wuk_ligand,2399,1567.13
5wuk_ligand,2400,1561.96
5wuk_ligand,2401,1557
5wuk_ligand,2402,1552.21
5wuk_ligand,2403,1547.43
5wuk_ligand,2404,1543.5
5wuk_ligand,2405,1543.37
5wuk_ligand,2406,1537.78
5wuk_ligand,2407,1534.12
5wuk_ligand,2408,1528.1
5wuk_ligand,2409,1526.01
5wuk_ligand,2410,1518.51
5wuk_ligand,2411,1510.01
5wuk_ligand,2412,1502.83
5wuk_ligand,2413,1496.17
5wuk_ligand,2414,1482.45
5wuk_ligand,2415,1465.42
5wuk_ligand,2416,1451.15
5wuk_ligand,2417,1435.55
5wuk_ligand,2418,1413.63
5wuk_ligand,2419,1383.82
5wuk_ligand,2420,1475.81
5wuk_ligand,2421,1779.5
5wuk_ligand,2422,1444.45
5wuk_ligand,2423,1432.55
5wuk_ligand,2424,1583.51
5wuk_ligand,2425,2144.86
5wuk_ligand,2426,3291.86
5wuk_ligand,2427,2079.5
5wuk_ligand,2428,3127.36
5wuk_ligand,2429,4160.11
5wuk_ligand,2430,14385.9
5wuk_ligand,2431,23089.1
5wuk_ligand,2432,125634
5wuk_ligand,2433,111766
5wuk_ligand,2434,19483.6
5wuk_ligand,2435,10355.5
5wuk_ligand,2436,5728.73
5wuk_ligand,2437,3153.23
5wuk_ligand,2438,2615.91
5wuk_ligand,2439,2302.59
5wuk_ligand,2440,1966.53
5wuk_ligand,2441,1992.3
5wuk_ligand,2442,1832.26
5wuk_ligand,2443,1756.92
5wuk_ligand,2444,1689.94
5wuk_ligand,2445,1684.77
5wuk_ligand,2446,1679.8
5wuk_ligand,2447,1674.92
5wuk_ligand,2448,1670.04
5wuk_ligand,2449,1665.04
5wuk_ligand,2450,1659.78
5wuk_ligand,2451,1654.1
5wuk_ligand,2452,1647.94
5wuk_ligand,2453,1640.1
5wuk_ligand,2454,1630.86
5wuk_ligand,2455,1619.68
5wuk_ligand,2456,1605.65
5wuk_ligand,2457,1599.9
5wuk_ligand,2458,1589.59
5wuk_ligand,2459,1581.78
5wuk_ligand,2460,1577.96
5wuk_ligand,2461,1565.71
5wuk_ligand,2462,1557.93
5wuk_ligand,2463,1550.03
5wuk_ligand,2464,1541.32
5wuk_ligand,2465,1530.85
5wuk_ligand,2466,1521.52
5wuk_ligand,2467,1509.82
5wuk_ligand,2468,1499.49
5wuk_ligand,2469,1487.49
5wuk_ligand,2470,1470.37
5wuk_ligand,2471,1448.95
5wuk_ligand,2472,1421.38
5wuk_ligand,2473,1393.15
5wuk_ligand,2474,1377.15
5wuk_ligand,2475,1485.76
5wuk_ligand,2476,1731.54
5wuk_ligand,2477,1948.71
5wuk_ligand,2478,2033.26
5wuk_ligand,2479,2412.97
5wuk_ligand,2480,4222.01
5wuk_ligand,2481,2910.22
5wuk_ligand,2482,3584.79
5wuk_ligand,2483,2906.74
5wuk_ligand,2484,3011.77
5wuk_ligand,2485,2633.43
5wuk_ligand,2486,1785.97
5wuk_ligand,2487,1451.16
5wuk_ligand,2488,1442.04
5wuk_ligand,2489,1415.93
5wuk_ligand,2490,1383.13
5wuk_ligand,2491,1341.96
5wuk_ligand,2492,1465.34
5wuk_ligand,2493,1549.94
5wuk_ligand,2494,1440.61
5wuk_ligand,2495,1401.3
5wuk_ligand,2496,1361.15
5wuk_ligand,2497,1416.65
5wuk_ligand,2498,1591.99
5wuk_ligand,2499,1448.52
5wuk_ligand,2500,1400.89
5wuk_ligand,2501,1345.43
5wuk_ligand,2502,1531.19
5wuk_ligand,2503,2046.13
5wuk_ligand,2504,1607.31
5wuk_ligand,2505,1464.07
5wuk_ligand,2506,1398.04
5wuk_ligand,2507,1605.07
5wuk_ligand,2508,1593.24
5wuk_ligand,2509,1491.08
5wuk_ligand,2510,1768.21
5wuk_ligand,2511,1713.76
5wuk_ligand,2512,3673.81
5wuk_ligand,2513,8494.65
5wuk_ligand,2514,5329.9
5wuk_ligand,2515,3086.94
5wuk_ligand,2516,1649.96
5wuk_ligand,2517,1488.46
5wuk_ligand,2518,1475.18
5wuk_ligand,2519,1463.27
5wuk_ligand,2520,1454.32
5wuk_ligand,2521,1456.54
5wuk_ligand,2522,1442.93
5wuk_ligand,2523,1443.25
5wuk_ligand,2524,1429.47
5wuk_ligand,2525,1420.48
5wuk_ligand,2526,1408.01
5wuk_ligand,2527,1386.67
5wuk_ligand,2528,1374.34
5wuk_ligand,2529,1348.42
5wuk_ligand,2530,1540.08
5wuk_ligand,2531,1500.43
5wuk_ligand,2532,1462.37
5wuk_ligand,2533,1433.06
5wuk_ligand,2534,1398.63
5wuk_ligand,2535,1379.68
5wuk_ligand,2536,1448.71
5wuk_ligand,2537,1632.07
5wuk_ligand,2538,1478.82
5wuk_ligand,2539,1422.58
5wuk_ligand,2540,1392.4
5wuk_ligand,2541,1373.45
5wuk_ligand,2542,2206.72
5wuk_ligand,2543,2251.71
5wuk_ligand,2544,1782.3
5wuk_ligand,2545,1637.55
5wuk_ligand,2546,1451.88
5wuk_ligand,2547,1418.42
5wuk_ligand,2548,1377.64
5wuk_ligand,2549,2020.89
5wuk_ligand,2550,3035.98
5wuk_ligand,2551,2102.69
5wuk_ligand,2552,2208.27
5wuk_ligand,2553,1820.34
5wuk_ligand,2554,1423.4
5wuk_ligand,2555,1417.74
5wuk_ligand,2556,1368.55
5wuk_ligand,2557,1624.87
5wuk_ligand,2558,1788.9
5wuk_ligand,2559,1957.3
5wuk_ligand,2560,2521.47
5wuk_ligand,2561,3627.24
5wuk_ligand,2562,5223.37
5wuk_ligand,2563,2607.08
5wuk_ligand,2564,1592.21
5wuk_ligand,2565,1458.39
5wuk_ligand,2566,1535.04
5wuk_ligand,2567,1613.16
5wuk_ligand,2568,1659.08
5wuk_ligand,2569,1581.65
5wuk_ligand,2570,1490.73
5wuk_ligand,2571,1441.78
5wuk_ligand,2572,1375.2
5wuk_ligand,2573,1328.12
5wuk_ligand,2574,1933.55
5wuk_ligand,2575,1757.95
5wuk_ligand,2576,1560.98
5wuk_ligand,2577,1474.81
5wuk_ligand,2578,1404.96
5wuk_ligand,2579,1347.99
5wuk_ligand,2580,1522.77
5wuk_ligand,2581,3870.61
5wuk_ligand,2582,5135.6
5wuk_ligand,2583,3480.51
5wuk_ligand,2584,1576.89
5wuk_ligand,2585,1512.26
5wuk_ligand,2586,1481.7
5wuk_ligand,2587,1472.29
5wuk_ligand,2588,1463.72
5wuk_ligand,2589,1446.96
5wuk_ligand,2590,1438.58
5wuk_ligand,2591,1418.21
5wuk_ligand,2592,1401.78
5wuk_ligand,2593,1370.92
5wuk_ligand,2594,1343.46
5wuk_ligand,2595,1551.93
5wuk_ligand,2596,1474
5wuk_ligand,2597,1448.03
5wuk_ligand,2598,1416.13
5wuk_ligand,2599,1409.21
5wuk_ligand,2600,1342.4
5wuk_ligand,2601,1541.38
5wuk_ligand,2602,1705.87
5wuk_ligand,2603,1947.72
5wuk_ligand,2604,1616
5wuk_ligand,2605,1547.44
5wuk_ligand,2606,1448.13
5wuk_ligand,2607,1408.35
5wuk_ligand,2608,1442.66
5wuk_ligand,2609,2042.18
5wuk_ligand,2610,2682.7
5wuk_ligand,2611,2208.91
5wuk_ligand,2612,2118.81
5wuk_ligand,2613,1939.86
5wuk_ligand,2614,1464.54
5wuk_ligand,2615,1428.25
5wuk_ligand,2616,1403.18
5wuk_ligand,2617,1385.19
5wuk_ligand,2618,1539.55
5wuk_ligand,2619,1872.46
5wuk_ligand,2620,1845.95
5wuk_ligand,2621,2138.14
5wuk_ligand,2622,2004.94
5wuk_ligand,2623,2314.49
5wuk_ligand,2624,2686.39
5wuk_ligand,2625,5444.58
5wuk_ligand,2626,9428.02
5wuk_ligand,2627,24593.9
5wuk_ligand,2628,70223.5
5wuk_ligand,2629,103963
5wuk_ligand,2630,117860
5wuk_ligand,2631,53257.1
5wuk_ligand,2632,1813.73
5wuk_ligand,2633,1745.63
5wuk_ligand,2634,1690.87
5wuk_ligand,2635,1644.98
5wuk_ligand,2636,1603.79
5wuk_ligand,2637,1564.89
5wuk_ligand,2638,1540.07
5wuk_ligand,2639,1535.16
5wuk_ligand,2640,1529.93
5wuk_ligand,2641,1524.91
5wuk_ligand,2642,1519.6
5wuk_ligand,2643,1513.97
5wuk_ligand,2644,1508.6
5wuk_ligand,2645,1504.41
5wuk_ligand,2646,1500.21
5wuk_ligand,2647,1495.77
5wuk_ligand,2648,1491.03
5wuk_ligand,2649,1486.04
5wuk_ligand,2650,1485.15
5wuk_ligand,2651,1481.08
5wuk_ligand,2652,1478.16
5wuk_ligand,2653,1474.96
5wuk_ligand,2654,1469.02
5wuk_ligand,2655,1466.76
5wuk_ligand,2656,1459.7
5wuk_ligand,2657,1453.83
5wuk_ligand,2658,1451.11
5wuk_ligand,2659,1445.22
5wuk_ligand,2660,1444.01
5wuk_ligand,2661,1439.89
5wuk_ligand,2662,1432.34
5wuk_ligand,2663,1434.34
5wuk_ligand,2664,1420.03
5wuk_ligand,2665,1425.56
5wuk_ligand,2666,1425.08
5wuk_ligand,2667,1419.67
5wuk_ligand,2668,1399.52
5wuk_ligand,2669,1396.36
5wuk_ligand,2670,1369.18
5wuk_ligand,2671,1392.73
5wuk_ligand,2672,1646.05
5wuk_ligand,2673,1539.58
5wuk_ligand,2674,1450.96
5wuk_ligand,2675,1468.57
5wuk_ligand,2676,1862.64
5wuk_ligand,2677,2599.54
5wuk_ligand,2678,2767.81
5wuk_ligand,2679,3171.72
5wuk_ligand,2680,1830.21
5wuk_ligand,2681,1672.86
5wuk_ligand,2682,1421.26
5wuk_ligand,2683,1378.37
5wuk_ligand,2684,1620.63
5wuk_ligand,2685,1464.9
5wuk_ligand,2686,1498.77
5wuk_ligand,2687,1457.88
5wuk_ligand,2688,1417.56
5wuk_ligand,2689,1380.76
5wuk_ligand,2690,1361.82
5wuk_ligand,2691,1423.94
5wuk_ligand,2692,1748.07
5wuk_ligand,2693,2157.65
5wuk_ligand,2694,1658.72
5wuk_ligand,2695,1586.04
5wuk_ligand,2696,1944.33
5wuk_ligand,2697,1839.89
5wuk_ligand,2698,1613.32
5wuk_ligand,2699,1458.08
5wuk_ligand,2700,1389.46
5wuk_ligand,2701,1370.26
5wuk_ligand,2702,1526.91
5wuk_ligand,2703,1749.47
5wuk_ligand,2704,1594.91
5wuk_ligand,2705,1567.24
5wuk_ligand,2706,1550.37
5wuk_ligand,2707,2205.85
5wuk_ligand,2708,3662.78
5wuk_ligand,2709,2157.15
5wuk_ligand,2710,2869.72
5wuk_ligand,2711,2190.86
5wuk_ligand,2712,2050.71
5wuk_ligand,2713,1670.51
5wuk_ligand,2714,1416.77
5wuk_ligand,2715,1414.04
5wuk_ligand,2716,1383.15
5wuk_ligand,2717,1367.96
5wuk_ligand,2718,1543.24
5wuk_ligand,2719,1767.02
5wuk_ligand,2720,1907.84
5wuk_ligand,2721,2038.41
5wuk_ligand,2722,3553.46
5wuk_ligand,2723,4205.53
5wuk_ligand,2724,3504.73
5wuk_ligand,2725,4476.01
5wuk_ligand,2726,2036.51
5wuk_ligand,2727,1419.61
5wuk_ligand,2728,1361.8
5wuk_ligand,2729,1442.97
5wuk_ligand,2730,1509.42
5wuk_ligand,2731,1449.56
5wuk_ligand,2732,1425.14
5wuk_ligand,2733,1395.97
5wuk_ligand,2734,1368.26
5wuk_ligand,2735,1339.21
5wuk_ligand,2736,1410.77
5wuk_ligand,2737,1543.55
5wuk_ligand,2738,1429.5
5wuk_ligand,2739,1395.76
5wuk_ligand,2740,1384.32
5wuk_ligand,2741,1306.46
5wuk_ligand,2742,1588.98
5wuk_ligand,2743,2515.16
5wuk_ligand,2744,1951.33
5wuk_ligand,2745,1504.24
5wuk_ligand,2746,1392.95
5wuk_ligand,2747,1364.22
5wuk_ligand,2748,1954.79
5wuk_ligand,2749,1629.31
5wuk_ligand,2750,1928.98
5wuk_ligand,2751,1559.56
5wuk_ligand,2752,1356.73
5wuk_ligand,2753,1417.93
5wuk_ligand,2754,2061.27
5wuk_ligand,2755,1961.08
5wuk_ligand,2756,1834.38
5wuk_ligand,2757,2025.61
5wuk_ligand,2758,2142.51
5wuk_ligand,2759,2939.24
5wuk_ligand,2760,3902.39
5wuk_ligand,2761,7620.5
5wuk_ligand,2762,20382.7
5wuk_ligand,2763,4353.14
5wuk_ligand,2764,1704.03
5wuk_ligand,2765,1457.36
5wuk_ligand,2766,1405.26
5wuk_ligand,2767,1397.21
5wuk_ligand,2768,1367.16
5wuk_ligand,2769,1347.75
5wuk_ligand,2770,1321.26
5wuk_ligand,2771,1284.69
5wuk_ligand,2772,1379.64
5wuk_ligand,2773,1371.5
5wuk_ligand,2774,1334.1
5wuk_ligand,2775,1300.86
5wuk_ligand,2776,1317.81
5wuk_ligand,2777,1376.96
5wuk_ligand,2778,1333.92
5wuk_ligand,2779,1294.63
5wuk_ligand,2780,1341.73
5wuk_ligand,2781,1454.05
5wuk_ligand,2782,1498.92
5wuk_ligand,2783,1412.78
5wuk_ligand,2784,1331.59
5wuk_ligand,2785,1339.62
5wuk_ligand,2786,1765.26
5wuk_ligand,2787,1877.48
5wuk_ligand,2788,1743.17
5wuk_ligand,2789,1639.28
5wuk_ligand,2790,1819.85
5wuk_ligand,2791,1462.75
5wuk_ligand,2792,1954.77
5wuk_ligand,2793,2130.33
5wuk_ligand,2794,1806.67
5wuk_ligand,2795,1871.07
5wuk_ligand,2796,1894.37
5wuk_ligand,2797,1499.38
5wuk_ligand,2798,1748.3
5wuk_ligand,2799,1666.28
5wuk_ligand,2800,1485.54
5wuk_ligand,2801,1401.69
5wuk_ligand,2802,1343.32
5wuk_ligand,2803,1513.72
5wuk_ligand,2804,1696.83
5wuk_ligand,2805,2599.95
5wuk_ligand,2806,1730.2
5wuk_ligand,2807,1520.09
5wuk_ligand,2808,1392.68
5wuk_ligand,2809,1336.02
5wuk_ligand,2810,1793.9
5wuk_ligand,2811,2023.25
5wuk_ligand,2812,1549.92
5wuk_ligand,2813,1406.95
5wuk_ligand,2814,1334.48
5wuk_ligand,2815,1517.82
5wuk_ligand,2816,1840.58
5wuk_ligand,2817,3428.05
5wuk_ligand,2818,2718.17
5wuk_ligand,2819,3639.64
5wuk_ligand,2820,4403.88
5wuk_ligand,2821,15839.5
5wuk_ligand,2822,23909.4
5wuk_ligand,2823,60178.1
5wuk_ligand,2824,103724
5wuk_ligand,2825,155383
5wuk_ligand,2826,334349
5wuk_ligand,2827,260308
5wuk_ligand,2828,199629
5wuk_ligand,2829,189634
5wuk_ligand,2830,210652
5wuk_ligand,2831,131815
5wuk_ligand,2832,92502.5
5wuk_ligand,2833,172181
5wuk_ligand,2834,140913
5wuk_ligand,2835,109869
5wuk_ligand,2836,5962.52
5wuk_ligand,2837,5869.56
5wuk_ligand,2838,5167.84
5wuk_ligand,2839,4271.58
5wuk_ligand,2840,3709.04
5wuk_ligand,2841,3196.61
5wuk_ligand,2842,2896.77
5wuk_ligand,2843,2623.25
5wuk_ligand,2844,2423.63
5wuk_ligand,2845,2285.71
5wuk_ligand,2846,2116.98
5wuk_ligand,2847,1937.5
5wuk_ligand,2848,1911.92
5wuk_ligand,2849,1934.49
5wuk_ligand,2850,1875.62
5wuk_ligand,2851,1822.09
5wuk_ligand,2852,1814.71
5wuk_ligand,2853,1848.44
5wuk_ligand,2854,1786.57
5wuk_ligand,2855,1727.87
5wuk_ligand,2856,1677.32
5wuk_ligand,2857,1723.72
5wuk_ligand,2858,1890.63
5wuk_ligand,2859,1774.97
5wuk_ligand,2860,1676.13
5wuk_ligand,2861,1597.51
5wuk_ligand,2862,1514
5wuk_ligand,2863,1453.64
5wuk_ligand,2864,2064.43
5wuk_ligand,2865,2213.25
5wuk_ligand,2866,4073.37
5wuk_ligand,2867,1826.49
5wuk_ligand,2868,1981.94
5wuk_ligand,2869,1987.44
5wuk_ligand,2870,1785.53
5wuk_ligand,2871,1641.65
5wuk_ligand,2872,1719.21
5wuk_ligand,2873,2619.46
5wuk_ligand,2874,4604.52
5wuk_ligand,2875,1665.27
5wuk_ligand,2876,1557.9
5wuk_ligand,2877,1462.58
5wuk_ligand,2878,1426.87
5wuk_ligand,2879,2119.09
5wuk_ligand,2880,1841.21
5wuk_ligand,2881,1862.89
5wuk_ligand,2882,1897.74
5wuk_ligand,2883,1662.79
5wuk_ligand,2884,1497.08
5wuk_ligand,2885,2543.27
5wuk_ligand,2886,2747
5wuk_ligand,2887,3265.34
5wuk_ligand,2888,1770.19
5wuk_ligand,2889,1446.32
5wuk_ligand,2890,2203.97
5wuk_ligand,2891,1845.06
5wuk_ligand,2892,1900.61
5wuk_ligand,2893,1716.27
5wuk_ligand,2894,1767.18
5wuk_ligand,2895,2011.92
5wuk_ligand,2896,1593.14
5wuk_ligand,2897,1433.89
5wuk_ligand,2898,1485.52
5wuk_ligand,2899,2169.41
5wuk_ligand,2900,1864.72
5wuk_ligand,2901,1832.52
5wuk_ligand,2902,1715.38
5wuk_ligand,2903,1695.3
5wuk_ligand,2904,1664.44
5wuk_ligand,2905,1505.54
5wuk_ligand,2906,2678.23
5wuk_ligand,2907,8548.41
5wuk_ligand,2908,15851.4
5wuk_ligand,2909,2899.16
5wuk_ligand,2910,2414.65
5wuk_ligand,2911,2005.56
5wuk_ligand,2912,1668.55
5wuk_ligand,2913,1526.81
5wuk_ligand,2914,1421.9
5wuk_ligand,2915,1358.48
5wuk_ligand,2916,1340.67
5wuk_ligand,2917,1327.79
5wuk_ligand,2918,1320.62
5wuk_ligand,2919,1314.17
5wuk_ligand,2920,1308.25
5wuk_ligand,2921,1305.58
5wuk_ligand,2922,1299.51
5wuk_ligand,2923,1295.43
5wuk_ligand,2924,1328.37
5wuk_ligand,2925,3058.53
5wuk_ligand,2926,4224.18
5wuk_ligand,2927,6267.49
5wuk_ligand,2928,1475.79
5wuk_ligand,2929,2061.21
5wuk_ligand,2930,2296.26
5wuk_ligand,2931,1726.95
5wuk_ligand,2932,1392.78
5wuk_ligand,2933,1314.82
5wuk_ligand,2934,1529.19
5wuk_ligand,2935,1335.09
5wuk_ligand,2936,1296.06
5wuk_ligand,2937,1242.65
5wuk_ligand,2938,1395.2
5wuk_ligand,2939,1319.17
5wuk_ligand,2940,1643.11
5wuk_ligand,2941,1258.39
5wuk_ligand,2942,1391.96
5wuk_ligand,2943,1462.19
5wuk_ligand,2944,1848.87
5wuk_ligand,2945,1191.41
5wuk_ligand,2946,1202.82
5wuk_ligand,2947,1206.27
5wuk_ligand,2948,1215.73
5wuk_ligand,2949,2080.13
5wuk_ligand,2950,1282.69
5wuk_ligand,2951,2905.06
5wuk_ligand,2952,3792.93
5wuk_ligand,2953,1325.32
5wuk_ligand,2954,1249.29
5wuk_ligand,2955,1241.48
5wuk_ligand,2956,1242.42
5wuk_ligand,2957,1268.91
5wuk_ligand,2958,1242.44
5wuk_ligand,2959,1233.62
5wuk_ligand,2960,1223.68
5wuk_ligand,2961,1208.38
5wuk_ligand,2962,1197.07
5wuk_ligand,2963,1390.57
5wuk_ligand,2964,1776.79
5wuk_ligand,2965,1240.64
5wuk_ligand,2966,1226.62
5wuk_ligand,2967,1215.97
5wuk_ligand,2968,1221.43
5wuk_ligand,2969,1302.58
5wuk_ligand,2970,1567.63
5wuk_ligand,2971,1403.69
5wuk_ligand,2972,1198.95
5wuk_ligand,2973,1443.86
5wuk_ligand,2974,1723.4
5wuk_ligand,2975,3474.5
5wuk_ligand,2976,1336.48
5wuk_ligand,2977,1367.56
5wuk_ligand,2978,1519.77
5wuk_ligand,2979,1388.17
5wuk_ligand,2980,1732.85
5wuk_ligand,2981,3655.18
5wuk_ligand,2982,1628.04
5wuk_ligand,2983,1726.52
5wuk_ligand,2984,2272.14
5wuk_ligand,2985,1659.85
5wuk_ligand,2986,2371.41
5wuk_ligand,2987,1300.64
5wuk_ligand,2988,1634.93
5wuk_ligand,2989,3781.91
5wuk_ligand,2990,5048.77
5wuk_ligand,2991,17627.9
5wuk_ligand,2992,4890.67
5wuk_ligand,2993,5789.93
5wuk_ligand,2994,1844.57
5wuk_ligand,2995,1348.55
5wuk_ligand,2996,1319.71
5wuk_ligand,2997,1302.23
5wuk_ligand,2998,1275.47
5wuk_ligand,2999,1244.63
5wuk_ligand,3000,1249.07
5wuk_ligand,3001,1242.15
5wuk_ligand,3002,1253.01
5wuk_ligand,3003,1242.48
5wuk_ligand,3004,1245.53
5wuk_ligand,3005,1234.51
5wuk_ligand,3006,1245.14
5wuk_ligand,3007,1244
5wuk_ligand,3008,1242.4
5wuk_ligand,3009,1231.59
5wuk_ligand,3010,1236.99
5wuk_ligand,3011,1250.31
5wuk_ligand,3012,1272.46
5wuk_ligand,3013,1232.42
5wuk_ligand,3014,1242.65
5wuk_ligand,3015,1224.27
5wuk_ligand,3016,1278.02
5wuk_ligand,3017,1296.03
5wuk_ligand,3018,1400.69
5wuk_ligand,3019,2174.39
5wuk_ligand,3020,2446.54
5wuk_ligand,3021,2946.31
5wuk_ligand,3022,2185.16
5wuk_ligand,3023,1454.3
5wuk_ligand,3024,3633.53
5wuk_ligand,3025,1259.2
5wuk_ligand,3026,1460.59
5wuk_ligand,3027,1300.71
5wuk_ligand,3028,1297.67
5wuk_ligand,3029,1271.99
5wuk_ligand,3030,1284.2
5wuk_ligand,3031,1498.15
5wuk_ligand,3032,2979.53
5wuk_ligand,3033,2222.51
5wuk_ligand,3034,2916.67
5wuk_ligand,3035,2865.01
5wuk_ligand,3036,2507.8
5wuk_ligand,3037,2442.68
5wuk_ligand,3038,21088.2
5wuk_ligand,3039,32002
5wuk_ligand,3040,77086.5
5wuk_ligand,3041,104322
5wuk_ligand,3042,82194.1
5wuk_ligand,3043,37545.4
5wuk_ligand,3044,7977.65
5wuk_ligand,3045,2241.37
5wuk_ligand,3046,1962.91
5wuk_ligand,3047,1676.47
5wuk_ligand,3048,1579.37
5wuk_ligand,3049,1565.5
5wuk_ligand,3050,1551.1
5wuk_ligand,3051,1536.46
5wuk_ligand,3052,1520.94
5wuk_ligand,3053,1504.54
5wuk_ligand,3054,1488.11
5wuk_ligand,3055,1479.51
5wuk_ligand,3056,1471.43
5wuk_ligand,3057,1465.66
5wuk_ligand,3058,1459.82
5wuk_ligand,3059,1450.5
5wuk_ligand,3060,1440.66
5wuk_ligand,3061,1433.81
5wuk_ligand,3062,1424.4
5wuk_ligand,3063,1410.87
5wuk_ligand,3064,1396.1
5wuk_ligand,3065,1382.18
5wuk_ligand,3066,1375.12
5wuk_ligand,3067,1365.85
5wuk_ligand,3068,1355.74
5wuk_ligand,3069,1377.42
5wuk_ligand,3070,1362.91
5wuk_ligand,3071,1345.15
5wuk_ligand,3072,1323.79
5wuk_ligand,3073,1363.73
5wuk_ligand,3074,1358.77
5wuk_ligand,3075,1326.97
5wuk_ligand,3076,1309.63
5wuk_ligand,3077,1359.39
5wuk_ligand,3078,1311.65
5wuk_ligand,3079,1449.1
5wuk_ligand,3080,1695.99
5wuk_ligand,3081,2725.57
5wuk_ligand,3082,1582.61
5wuk_ligand,3083,1464.57
5wuk_ligand,3084,1248.6
5wuk_ligand,3085,1295.59
5wuk_ligand,3086,1308.41
5wuk_ligand,3087,1316.89
5wuk_ligand,3088,1314.41
5wuk_ligand,3089,1273.73
5wuk_ligand,3090,1351.98
5wuk_ligand,3091,2448.16
5wuk_ligand,3092,2612.35
5wuk_ligand,3093,4160.18
5wuk_ligand,3094,2236.8
5wuk_ligand,3095,2205.39
5wuk_ligand,3096,1281.33
5wuk_ligand,3097,1303.2
5wuk_ligand,3098,1862.01
5wuk_ligand,3099,2178.32
5wuk_ligand,3100,2347.64
5wuk_ligand,3101,4015.98
5wuk_ligand,3102,10981.7
5wuk_ligand,3103,8155.46
5wuk_ligand,3104,25653
5wuk_ligand,3105,36963.9
5wuk_ligand,3106,76460.9
5wuk_ligand,3107,154267
5wuk_ligand,3108,98089.9
5wuk_ligand,3109,51161.5
5wuk_ligand,3110,226542
5wuk_ligand,3111,4646.94
5wuk_ligand,3112,2985.73
5wuk_ligand,3113,2306.01
5wuk_ligand,3114,1953.38
5wuk_ligand,3115,1665.1
5wuk_ligand,3116,1474.74
5wuk_ligand,3117,1373.68
5wuk_ligand,3118,1356.15
5wuk_ligand,3119,1342.3
5wuk_ligand,3120,1332.93
5wuk_ligand,3121,1327.39
5wuk_ligand,3122,1328.39
5wuk_ligand,3123,1327.79
5wuk_ligand,3124,1322.35
5wuk_ligand,3125,1316.37
5wuk_ligand,3126,1309.67
5wuk_ligand,3127,1302.09
5wuk_ligand,3128,1306.72
5wuk_ligand,3129,1305.59
5wuk_ligand,3130,1296.33
5wuk_ligand,3131,1285.62
5wuk_ligand,3132,1283.63
5wuk_ligand,3133,1297.72
5wuk_ligand,3134,1286.24
5wuk_ligand,3135,1270.85
5wuk_ligand,3136,1309.85
5wuk_ligand,3137,1304.23
5wuk_ligand,3138,1352.32
5wuk_ligand,3139,1327.84
5wuk_ligand,3140,1349.26
5wuk_ligand,3141,1337.61
5wuk_ligand,3142,1321.63
5wuk_ligand,3143,1298.7
5wuk_ligand,3144,1299.9
5wuk_ligand,3145,1425.16
5wuk_ligand,3146,1410.53
5wuk_ligand,3147,1355.91
5wuk_ligand,3148,1314.72
5wuk_ligand,3149,1368.34
5wuk_ligand,3150,1578.03
5wuk_ligand,3151,1569.96
5wuk_ligand,3152,1692.62
5wuk_ligand,3153,1984.22
5wuk_ligand,3154,2285.01
5wuk_ligand,3155,2169.01
5wuk_ligand,3156,1387.51
5wuk_ligand,3157,1380.27
5wuk_ligand,3158,1371.35
5wuk_ligand,3159,1358.85
5wuk_ligand,3160,1339.65
5wuk_ligand,3161,1306.54
5wuk_ligand,3162,1349.7
5wuk_ligand,3163,1571.91
5wuk_ligand,3164,1890.42
5wuk_ligand,3165,2019.02
5wuk_ligand,3166,2481.43
5wuk_ligand,3167,2335.56
5wuk_ligand,3168,1546.46
5wuk_ligand,3169,1571.22
5wuk_ligand,3170,1930.18
5wuk_ligand,3171,3108.84
5wuk_ligand,3172,3517.39
5wuk_ligand,3173,2599.11
5wuk_ligand,3174,4974.17
5wuk_ligand,3175,3958.45
5wuk_ligand,3176,2852.46
5wuk_ligand,3177,1845.12
5wuk_ligand,3178,1327.89
5wuk_ligand,3179,1487.83
5wuk_ligand,3180,1402.23
5wuk_ligand,3181,1367.54
5wuk_ligand,3182,1342.62
5wuk_ligand,3183,1308.17
5wuk_ligand,3184,1422.04
5wuk_ligand,3185,1849.47
5wuk_ligand,3186,1809.12
5wuk_ligand,3187,1387.35
5wuk_ligand,3188,1344.46
5wuk_ligand,3189,1296.45
5wuk_ligand,3190,1439.31
5wuk_ligand,3191,1753.87
5wuk_ligand,3192,2204.38
5wuk_ligand,3193,2111.37
5wuk_ligand,3194,2575.87
5wuk_ligand,3195,2195.28
5wuk_ligand,3196,3158.78
5wuk_ligand,3197,2173.93
5wuk_ligand,3198,7393.96
5wuk_ligand,3199,19440.6
5wuk_ligand,3200,35266.2
5wuk_ligand,3201,25297.2
5wuk_ligand,3202,36061.7
5wuk_ligand,3203,23189.3
5wuk_ligand,3204,4220.44
5wuk_ligand,3205,3471.86
5wuk_ligand,3206,3174.45
5wuk_ligand,3207,2940.58
5wuk_ligand,3208,2725.43
5wuk_ligand,3209,2583.47
5wuk_ligand,3210,2438.89
5wuk_ligand,3211,2280.79
5wuk_ligand,3212,2111.72
5wuk_ligand,3213,2018.1
5wuk_ligand,3214,2040.56
5wuk_ligand,3215,1868.7
5wuk_ligand,3216,1944.09
5wuk_ligand,3217,1778.02
5wuk_ligand,3218,1846.28
5wuk_ligand,3219,1862.5
5wuk_ligand,3220,1665.76
5wuk_ligand,3221,1596.24
5wuk_ligand,3222,1618.65
5wuk_ligand,3223,1513.98
5wuk_ligand,3224,1475.12
5wuk_ligand,3225,1366.02
5wuk_ligand,3226,1327.53
5wuk_ligand,3227,1299.4
5wuk_ligand,3228,1290.94
5wuk_ligand,3229,1257.52
5wuk_ligand,3230,1280.16
5wuk_ligand,3231,1289.49
5wuk_ligand,3232,1250.96
5wuk_ligand,3233,1350.73
5wuk_ligand,3234,1332.68
5wuk_ligand,3235,1470.96
5wuk_ligand,3236,1827.18
5wuk_ligand,3237,1485.87
5wuk_ligand,3238,1464.52
5wuk_ligand,3239,1546.91
5wuk_ligand,3240,1413.16
5wuk_ligand,3241,1423.74
5wuk_ligand,3242,1492.75
5wuk_ligand,3243,1451.93
5wuk_ligand,3244,1546.45
5wuk_ligand,3245,1505.87
5wuk_ligand,3246,1600.01
5wuk_ligand,3247,1599.55
5wuk_ligand,3248,2752.72
5wuk_ligand,3249,1661.08
5wuk_ligand,3250,2747.73
5wuk_ligand,3251,4603.23
5wuk_ligand,3252,2770.79
5wuk_ligand,3253,5052.48
5wuk_ligand,3254,2930.25
5wuk_ligand,3255,5414.26
5wuk_ligand,3256,3519.85
5wuk_ligand,3257,7650.79
5wuk_ligand,3258,60833.9
5wuk_ligand,3259,75166.7
5wuk_ligand,3260,68007.5
5wuk_ligand,3261,3769.8
5wuk_ligand,3262,2424.12
5wuk_ligand,3263,1858.76
5wuk_ligand,3264,1575.56
5wuk_ligand,3265,1416.89
5wuk_ligand,3266,1306.42
5wuk_ligand,3267,1285.68
5wuk_ligand,3268,1270.15
5wuk_ligand,3269,1270.43
5wuk_ligand,3270,1285.95
5wuk_ligand,3271,1270.18
5wuk_ligand,3272,1263.38
5wuk_ligand,3273,1288.1
5wuk_ligand,3274,1270.62
5wuk_ligand,3275,1260.38
5wuk_ligand,3276,1283.05
5wuk_ligand,3277,1273.37
5wuk_ligand,3278,1261.24
5wuk_ligand,3279,1277.32
5wuk_ligand,3280,1279.14
5wuk_ligand,3281,1262.75
5wuk_ligand,3282,1275.22
5wuk_ligand,3283,1286.47
5wuk_ligand,3284,1266.25
5wuk_ligand,3285,1276.54
5wuk_ligand,3286,1296.54
5wuk_ligand,3287,1273.35
5wuk_ligand,3288,1281.78
5wuk_ligand,3289,1370.22
5wuk_ligand,3290,1261.18
5wuk_ligand,3291,1337.32
5wuk_ligand,3292,1412.32
5wuk_ligand,3293,1292.23
5wuk_ligand,3294,1499.5
5wuk_ligand,3295,1674.52
5wuk_ligand,3296,1670.36
5wuk_ligand,3297,2547.8
5wuk_ligand,3298,1674.89
5wuk_ligand,3299,1966.96
5wuk_ligand,3300,2636.25
5wuk_ligand,3301,3120.97
5wuk_ligand,3302,2086.91
5wuk_ligand,3303,2879.95
5wuk_ligand,3304,5373.53
5wuk_ligand,3305,4167.87
5wuk_ligand,3306,1830.84
5wuk_ligand,3307,1502.03
5wuk_ligand,3308,1339.38
5wuk_ligand,3309,1290.81
5wuk_ligand,3310,1330.3
5wuk_ligand,3311,1466.14
5wuk_ligand,3312,1339.37
5wuk_ligand,3313,1281.25
5wuk_ligand,3314,1445.66
5wuk_ligand,3315,1379.77
5wuk_ligand,3316,1322.48
5wuk_ligand,3317,1261.89
5wuk_ligand,3318,1369.67
5wuk_ligand,3319,1422.11
5wuk_ligand,3320,1413.71
5wuk_ligand,3321,1311.77
5wuk_ligand,3322,2050.31
5wuk_ligand,3323,2867.11
5wuk_ligand,3324,2391.8
5wuk_ligand,3325,2753.48
5wuk_ligand,3326,2248.57
5wuk_ligand,3327,1528.62
5wuk_ligand,3328,1535.76
5wuk_ligand,3329,1570.97
5wuk_ligand,3330,1374.47
5wuk_ligand,3331,1343.59
5wuk_ligand,3332,1295.14
5wuk_ligand,3333,2019.56
5wuk_ligand,3334,2450.65
5wuk_ligand,3335,1780.03
5wuk_ligand,3336,4061.08
5wuk_ligand,3337,4766.88
5wuk_ligand,3338,4504.96
5wuk_ligand,3339,2558.96
5wuk_ligand,3340,1960.94
5wuk_ligand,3341,1461.03
5wuk_ligand,3342,1612.36
5wuk_ligand,3343,1395.27
5wuk_ligand,3344,1321.23
5wuk_ligand,3345,1247.11
5wuk_ligand,3346,1362.85
5wuk_ligand,3347,1471.43
5wuk_ligand,3348,1846.52
5wuk_ligand,3349,2159.61
5wuk_ligand,3350,2981.32
5wuk_ligand,3351,2877.85
5wuk_ligand,3352,3162.84
5wuk_ligand,3353,5551.73
5wuk_ligand,3354,22422.1
5wuk_ligand,3355,27318.4
5wuk_ligand,3356,80565.4
5wuk_ligand,3357,46245.1
5wuk_ligand,3358,59551.9
5wuk_ligand,3359,55089.1
5wuk_ligand,3360,21953.3
5wuk_ligand,3361,4807.38
5wuk_ligand,3362,3780.67
5wuk_ligand,3363,3314.28
5wuk_ligand,3364,2802.02
5wuk_ligand,3365,2305.91
5wuk_ligand,3366,1866.2
5wuk_ligand,3367,1678.87
5wuk_ligand,3368,1665.34
5wuk_ligand,3369,1651.28
5wuk_ligand,3370,1635.95
5wuk_ligand,3371,1619.1
5wuk_ligand,3372,1601.63
5wuk_ligand,3373,1587.97
5wuk_ligand,3374,1571.71
5wuk_ligand,3375,1552.08
5wuk_ligand,3376,1545.88
5wuk_ligand,3377,1532.01
5wuk_ligand,3378,1520.59
5wuk_ligand,3379,1514.39
5wuk_ligand,3380,1501.01
5wuk_ligand,3381,1488.31
5wuk_ligand,3382,1483.04
5wuk_ligand,3383,1475.92
5wuk_ligand,3384,1466.58
5wuk_ligand,3385,1460.45
5wuk_ligand,3386,1443.98
5wuk_ligand,3387,1437.49
5wuk_ligand,3388,1419.87
5wuk_ligand,3389,1399.93
5wuk_ligand,3390,1397.77
5wuk_ligand,3391,1382.2
5wuk_ligand,3392,1364.18
5wuk_ligand,3393,1358.88
5wuk_ligand,3394,1367.05
5wuk_ligand,3395,1357.61
5wuk_ligand,3396,1327.12
5wuk_ligand,3397,1434.57
5wuk_ligand,3398,1847.38
5wuk_ligand,3399,1963.82
5wuk_ligand,3400,1570.63
5wuk_ligand,3401,1394.72
5wuk_ligand,3402,1314.24
5wuk_ligand,3403,1496.6
5wuk_ligand,3404,1909.82
5wuk_ligand,3405,3536.36
5wuk_ligand,3406,1818.1
5wuk_ligand,3407,2088.71
5wuk_ligand,3408,1581.35
5wuk_ligand,3409,2120.09
5wuk_ligand,3410,1572.22
5wuk_ligand,3411,2022.72
5wuk_ligand,3412,1637.41
5wuk_ligand,3413,1960.32
5wuk_ligand,3414,2975.11
5wuk_ligand,3415,4311.26
5wuk_ligand,3416,7158.73
5wuk_ligand,3417,9395.87
5wuk_ligand,3418,63069.5
5wuk_ligand,3419,75359.3
5wuk_ligand,3420,108559
5wuk_ligand,3421,160928
5wuk_ligand,3422,158110
5wuk_ligand,3423,230120
5wuk_ligand,3424,131457
5wuk_ligand,3425,110162
5wuk_ligand,3426,103696
5wuk_ligand,3427,20111.9
5wuk_ligand,3428,5801.75
5wuk_ligand,3429,3819.57
5wuk_ligand,3430,2702.77
5wuk_ligand,3431,1841.76
5wuk_ligand,3432,1603.49
5wuk_ligand,3433,1587.92
5wuk_ligand,3434,1573.49
5wuk_ligand,3435,1559.97
5wuk_ligand,3436,1551.49
5wuk_ligand,3437,1540.41
5wuk_ligand,3438,1528.37
5wuk_ligand,3439,1516.73
5wuk_ligand,3440,1505.33
5wuk_ligand,3441,1494.96
5wuk_ligand,3442,1484.68
5wuk_ligand,3443,1471.76
5wuk_ligand,3444,1458.43
5wuk_ligand,3445,1446.15
5wuk_ligand,3446,1435.5
5wuk_ligand,3447,1424.05
5wuk_ligand,3448,1411.23
5wuk_ligand,3449,1397.26
5wuk_ligand,3450,1382.03
5wuk_ligand,3451,1363.6
5wuk_ligand,3452,1340.81
5wuk_ligand,3453,1311.76
5wuk_ligand,3454,1326.68
5wuk_ligand,3455,1322.28
5wuk_ligand,3456,1291.38
5wuk_ligand,3457,1265.5
5wuk_ligand,3458,1315.95
5wuk_ligand,3459,1262.82
5wuk_ligand,3460,1269.84
5wuk_ligand,3461,1353.26
5wuk_ligand,3462,1798
5wuk_ligand,3463,1811.97
5wuk_ligand,3464,2562.05
5wuk_ligand,3465,1816.82
5wuk_ligand,3466,1650.97
5wuk_ligand,3467,1338.44
5wuk_ligand,3468,1292.4
5wuk_ligand,3469,1334.06
5wuk_ligand,3470,1443.11
5wuk_ligand,3471,1306.17
5wuk_ligand,3472,1358.74
5wuk_ligand,3473,1945.55
5wuk_ligand,3474,3442.53
5wuk_ligand,3475,2117.28
5wuk_ligand,3476,2055.57
5wuk_ligand,3477,1403.88
5wuk_ligand,3478,1371.54
5wuk_ligand,3479,1507.48
5wuk_ligand,3480,1366.57
5wuk_ligand,3481,1461.93
5wuk_ligand,3482,1428.89
5wuk_ligand,3483,1534.03
5wuk_ligand,3484,2219.48
5wuk_ligand,3485,2570.87
5wuk_ligand,3486,3676.95
5wuk_ligand,3487,5247.02
5wuk_ligand,3488,14055.9
5wuk_ligand,3489,22402.4
5wuk_ligand,3490,26842
5wuk_ligand,3491,2759.07
5wuk_ligand,3492,1685.52
5wuk_ligand,3493,1556.73
5wuk_ligand,3494,1521.24
5wuk_ligand,3495,1507.39
5wuk_ligand,3496,1494.17
5wuk_ligand,3497,1482.6
5wuk_ligand,3498,1477.03
5wuk_ligand,3499,1468.39
5wuk_ligand,3500,1457.76
5wuk_ligand,3501,1454.99
5wuk_ligand,3502,1447.84
5wuk_ligand,3503,1438.83
5wuk_ligand,3504,1431.17
5wuk_ligand,3505,1425.96
5wuk_ligand,3506,1414.49
5wuk_ligand,3507,1401.77
5wuk_ligand,3508,1386.61
5wuk_ligand,3509,1389.33
5wuk_ligand,3510,1380.65
5wuk_ligand,3511,1352.19
5wuk_ligand,3512,1348.21
5wuk_ligand,3513,1327.2
5wuk_ligand,3514,1305.98
5wuk_ligand,3515,1294.52
5wuk_ligand,3516,1406.15
5wuk_ligand,3517,1380.19
5wuk_ligand,3518,1315
5wuk_ligand,3519,1272.04
5wuk_ligand,3520,1537.21
5wuk_ligand,3521,2026.75
5wuk_ligand,3522,1418.82
5wuk_ligand,3523,1407.31
5wuk_ligand,3524,1480.39
5wuk_ligand,3525,1872.25
5wuk_ligand,3526,2254.46
5wuk_ligand,3527,1450.81
5wuk_ligand,3528,1415.51
5wuk_ligand,3529,2686.78
5wuk_ligand,3530,1674.43
5wuk_ligand,3531,2026.83
5wuk_ligand,3532,2832.85
5wuk_ligand,3533,4044.98
5wuk_ligand,3534,5378.56
5wuk_ligand,3535,2305.05
5wuk_ligand,3536,3090.85
5wuk_ligand,3537,10979.9
5wuk_ligand,3538,70748.3
5wuk_ligand,3539,45500.7
5wuk_ligand,3540,2124.52
5wuk_ligand,3541,2011.12
5wuk_ligand,3542,1698.09
5wuk_ligand,3543,1455.49
5wuk_ligand,3544,1337.99
5wuk_ligand,3545,1330.67
5wuk_ligand,3546,1324.05
5wuk_ligand,3547,1317.68
5wuk_ligand,3548,1322.81
5wuk_ligand,3549,1321.55
5wuk_ligand,3550,1313.43
5wuk_ligand,3551,1317.79
5wuk_ligand,3552,1317.74
5wuk_ligand,3553,1307.43
5wuk_ligand,3554,1316.21
5wuk_ligand,3555,1312.13
5wuk_ligand,3556,1301.54
5wuk_ligand,3557,1317.23
5wuk_ligand,3558,1301.14
5wuk_ligand,3559,1306.53
5wuk_ligand,3560,1307.87
5wuk_ligand,3561,1290.06
5wuk_ligand,3562,1313.66
5wuk_ligand,3563,1292.7
5wuk_ligand,3564,1293.49
5wuk_ligand,3565,1314.2
5wuk_ligand,3566,1280.09
5wuk_ligand,3567,1311.55
5wuk_ligand,3568,1296.13
5wuk_ligand,3569,1282.87
5wuk_ligand,3570,1318.54
5wuk_ligand,3571,1342.84
5wuk_ligand,3572,1570.98
5wuk_ligand,3573,1533.18
5wuk_ligand,3574,1703.45
5wuk_ligand,3575,1423.71
5wuk_ligand,3576,1984.37
5wuk_ligand,3577,2087.39
5wuk_ligand,3578,3526.69
5wuk_ligand,3579,1969.33
5wuk_ligand,3580,2476.53
5wuk_ligand,3581,3538.57
5wuk_ligand,3582,7688.39
5wuk_ligand,3583,20027.9
5wuk_ligand,3584,8522.62
5wuk_ligand,3585,1407.02
5wuk_ligand,3586,1276.11
5wuk_ligand,3587,1284.38
5wuk_ligand,3588,1275.34
5wuk_ligand,3589,1271.52
5wuk_ligand,3590,1281.47
5wuk_ligand,3591,1258.81
5wuk_ligand,3592,1298.39
5wuk_ligand,3593,1267.18
5wuk_ligand,3594,1279.94
5wuk_ligand,3595,1269.6
5wuk_ligand,3596,1280.03
5wuk_ligand,3597,1277.86
5wuk_ligand,3598,1258.23
5wuk_ligand,3599,1308.73
5wuk_ligand,3600,1279.89
5wuk_ligand,3601,1281.74
5wuk_ligand,3602,1271.9
5wuk_ligand,3603,1266.38
5wuk_ligand,3604,1271.55
5wuk_ligand,3605,1295.17
5wuk_ligand,3606,1261.46
5wuk_ligand,3607,1304.51
5wuk_ligand,3608,1251.88
5wuk_ligand,3609,1297.65
5wuk_ligand,3610,1689.61
5wuk_ligand,3611,2154.84
5wuk_ligand,3612,1565.86
5wuk_ligand,3613,1386.13
5wuk_ligand,3614,1223.73
5wuk_ligand,3615,1232.1
5wuk_ligand,3616,1287.68
5wuk_ligand,3617,1445.31
5wuk_ligand,3618,2279.89
5wuk_ligand,3619,2125.38
5wuk_ligand,3620,1444.79
5wuk_ligand,3621,1437.09
5wuk_ligand,3622,1263.84
5wuk_ligand,3623,1212.79
5wuk_ligand,3624,1179.84
5wuk_ligand,3625,1268.09
5wuk_ligand,3626,1271.79
5wuk_ligand,3627,1369.83
5wuk_ligand,3628,2942.39
5wuk_ligand,3629,3852.55
5wuk_ligand,3630,2424.73
5wuk_ligand,3631,1356.08
5wuk_ligand,3632,1169.33
5wuk_ligand,3633,1150.39
5wuk_ligand,3634,1140.28
5wuk_ligand,3635,1175.02
5wuk_ligand,3636,1158.1
5wuk_ligand,3637,1126.74
5wuk_ligand,3638,1170.53
5wuk_ligand,3639,1276.56
5wuk_ligand,3640,1405.09
5wuk_ligand,3641,1249.39
5wuk_ligand,3642,1317.45
5wuk_ligand,3643,2243.84
5wuk_ligand,3644,3838.46
5wuk_ligand,3645,2280.27
5wuk_ligand,3646,1423.74
5wuk_ligand,3647,1270.73
5wuk_ligand,3648,1159.08
5wuk_ligand,3649,1138.75
5wuk_ligand,3650,1128.18
5wuk_ligand,3651,1126.42
5wuk_ligand,3652,1152.87
5wuk_ligand,3653,1134.54
5wuk_ligand,3654,1355.26
5wuk_ligand,3655,2445.52
5wuk_ligand,3656,1307.58
5wuk_ligand,3657,1183.5
5wuk_ligand,3658,1360.74
5wuk_ligand,3659,1493.72
5wuk_ligand,3660,1189.63
5wuk_ligand,3661,1143.22
5wuk_ligand,3662,1149.73
5wuk_ligand,3663,1524.9
5wuk_ligand,3664,2525.02
5wuk_ligand,3665,1474.13
5wuk_ligand,3666,1575.72
5wuk_ligand,3667,1589.75
5wuk_ligand,3668,3236.91
5wuk_ligand,3669,2327.56
5wuk_ligand,3670,2393.72
5wuk_ligand,3671,3266.15
5wuk_ligand,3672,1908.38
5wuk_ligand,3673,1214.4
5wuk_ligand,3674,2091.95
5wuk_ligand,3675,5616.6
5wuk_ligand,3676,2649.51
5wuk_ligand,3677,20441.9
5wuk_ligand,3678,12882
5wuk_ligand,3679,40883.6
5wuk_ligand,3680,81632.3
5wuk_ligand,3681,79305.9
5wuk_ligand,3682,78221.6
5wuk_ligand,3683,176714
5wuk_ligand,3684,133194
5wuk_ligand,3685,176171
5wuk_ligand,3686,142927
5wuk_ligand,3687,181289
5wuk_ligand,3688,68790.9
5wuk_ligand,3689,56645.1
5wuk_ligand,3690,80524.5
5wuk_ligand,3691,243604
5wuk_ligand,3692,126556
5wuk_ligand,3693,78669.3
5wuk_ligand,3694,88679.9
5wuk_ligand,3695,93971.2
5wuk_ligand,3696,75668.1
5wuk_ligand,3697,80030.5
5wuk_ligand,3698,89102.3
5wuk_ligand,3699,102707
5wuk_ligand,3700,34302.9
5wuk_ligand,3701,10191
5wuk_ligand,3702,4719.77
5wuk_ligand,3703,3272.42
5wuk_ligand,3704,2901
5wuk_ligand,3705,2621.32
5wuk_ligand,3706,2367.89
5wuk_ligand,3707,2266.01
5wuk_ligand,3708,2503.95
5wuk_ligand,3709,2476.79
5wuk_ligand,3710,2236.94
5wuk_ligand,3711,2359.77
5wuk_ligand,3712,2891.03
5wuk_ligand,3713,3121.68
5wuk_ligand,3714,2743.18
5wuk_ligand,3715,2359.15
5wuk_ligand,3716,1979.15
5wuk_ligand,3717,2243.69
5wuk_ligand,3718,3047.94
5wuk_ligand,3719,2670.52
5wuk_ligand,3720,3035.87
5wuk_ligand,3721,3201.31
5wuk_ligand,3722,2571.06
5wuk_ligand,3723,2007.62
5wuk_ligand,3724,1964.31
5wuk_ligand,3725,2312.38
5wuk_ligand,3726,1905.16
5wuk_ligand,3727,3100.83
5wuk_ligand,3728,3709.82
5wuk_ligand,3729,2054.84
5wuk_ligand,3730,1828.56
5wuk_ligand,3731,2344
5wuk_ligand,3732,2013.64
5wuk_ligand,3733,2849.41
5wuk_ligand,3734,2226.59
5wuk_ligand,3735,2104.01
5wuk_ligand,3736,3038.63
5wuk_ligand,3737,1421.67
5wuk_ligand,3738,1599.48
5wuk_ligand,3739,1604.41
5wuk_ligand,3740,2374.3
5wuk_ligand,3741,4513.82
5wuk_ligand,3742,2610.59
5wuk_ligand,3743,5067.25
5wuk_ligand,3744,2082.24
5wuk_ligand,3745,7158.16
5wuk_ligand,3746,16143
5wuk_ligand,3747,35486.5
5wuk_ligand,3748,21379.2
5wuk_ligand,3749,13822.2
5wuk_ligand,3750,9970.77
5wuk_ligand,3751,1619.14
5wuk_ligand,3752,1736.05
5wuk_ligand,3753,1348.97
5wuk_ligand,3754,1523.14
5wuk_ligand,3755,1899.01
5wuk_ligand,3756,1440.53
5wuk_ligand,3757,1405.08
5wuk_ligand,3758,1953.64
5wuk_ligand,3759,1495.52
5wuk_ligand,3760,1190.67
5wuk_ligand,3761,2034.19
5wuk_ligand,3762,1533.28
5wuk_ligand,3763,1173.65
5wuk_ligand,3764,1330.48
5wuk_ligand,3765,2196.4
5wuk_ligand,3766,1575.35
5wuk_ligand,3767,1215.35
5wuk_ligand,3768,2216.36
5wuk_ligand,3769,1476.44
5wuk_ligand,3770,1469.03
5wuk_ligand,3771,2076.16
5wuk_ligand,3772,1422.16
5wuk_ligand,3773,1575.6
5wuk_ligand,3774,2021.68
5wuk_ligand,3775,1345.2
5wuk_ligand,3776,1471.4
5wuk_ligand,3777,1680.83
5wuk_ligand,3778,1565.69
5wuk_ligand,3779,2007.31
5wuk_ligand,3780,1222.98
5wuk_ligand,3781,1471.13
5wuk_ligand,3782,1455.71
5wuk_ligand,3783,2363.89
5wuk_ligand,3784,1352.71
5wuk_ligand,3785,3381.24
5wuk_ligand,3786,5870.92
5wuk_ligand,3787,15430.6
5wuk_ligand,3788,3417.99
5wuk_ligand,3789,7290.3
5wuk_ligand,3790,1478.45
5wuk_ligand,3791,1309.38
5wuk_ligand,3792,1081.39
5wuk_ligand,3793,1069.53
5wuk_ligand,3794,1057.75
5wuk_ligand,3795,1046.71
5wuk_ligand,3796,1037.9
5wuk_ligand,3797,1030.39
5wuk_ligand,3798,1027.53
5wuk_ligand,3799,1024.37
5wuk_ligand,3800,1019.9
5wuk_ligand,3801,1060.12
5wuk_ligand,3802,1183.56
5wuk_ligand,3803,1038.95
5wuk_ligand,3804,1025.54
5wuk_ligand,3805,1018.43
5wuk_ligand,3806,1018.85
5wuk_ligand,3807,1319.87
5wuk_ligand,3808,1067.47
5wuk_ligand,3809,1057.83
5wuk_ligand,3810,1038.26
5wuk_ligand,3811,1017.98
5wuk_ligand,3812,1027.9
5wuk_ligand,3813,1500.96
5wuk_ligand,3814,1072.48
5wuk_ligand,3815,1021.79
5wuk_ligand,3816,1006.94
5wuk_ligand,3817,1001.52
5wuk_ligand,3818,1011.48
5wuk_ligand,3819,1049.23
5wuk_ligand,3820,1741.3
5wuk_ligand,3821,1292.08
5wuk_ligand,3822,3188.26
5wuk_ligand,3823,4492.81
5wuk_ligand,3824,5713.35
5wuk_ligand,3825,6052.08
5wuk_ligand,3826,10615.4
5wuk_ligand,3827,40218.5
5wuk_ligand,3828,108989
5wuk_ligand,3829,164754
5wuk_ligand,3830,35489.3
5wuk_ligand,3831,5743.66
5wuk_ligand,3832,2609.57
5wuk_ligand,3833,1362.18
5wuk_ligand,3834,1136
5wuk_ligand,3835,1088.69
5wuk_ligand,3836,1082.7
5wuk_ligand,3837,1076.55
5wuk_ligand,3838,1070.27
5wuk_ligand,3839,1064.25
5wuk_ligand,3840,1061.8
5wuk_ligand,3841,1059.23
5wuk_ligand,3842,1056.51
5wuk_ligand,3843,1054.18
5wuk_ligand,3844,1053.64
5wuk_ligand,3845,1050.93
5wuk_ligand,3846,1048.3
5wuk_ligand,3847,1045.4
5wuk_ligand,3848,1044.49
5wuk_ligand,3849,1043.11
5wuk_ligand,3850,1039.53
5wuk_ligand,3851,1037.97
5wuk_ligand,3852,1036.09
5wuk_ligand,3853,1031.58
5wuk_ligand,3854,1032.4
5wuk_ligand,3855,1029.26
5wuk_ligand,3856,1025.46
5wuk_ligand,3857,1023.71
5wuk_ligand,3858,1021.19
5wuk_ligand,3859,1015.94
5wuk_ligand,3860,1013.24
5wuk_ligand,3861,1012.43
5wuk_ligand,3862,1003.64
5wuk_ligand,3863,1004.16
5wuk_ligand,3864,1008.42
5wuk_ligand,3865,1005.06
5wuk_ligand,3866,1014.95
5wuk_ligand,3867,1022.19
5wuk_ligand,3868,1088.94
5wuk_ligand,3869,1032.74
5wuk_ligand,3870,1164.8
5wuk_ligand,3871,1157.82
5wuk_ligand,3872,1443.34
5wuk_ligand,3873,2680.42
5wuk_ligand,3874,2035.59
5wuk_ligand,3875,12962.1
5wuk_ligand,3876,5695.25
5wuk_ligand,3877,2670.47
5wuk_ligand,3878,1377.47
5wuk_ligand,3879,1194.52
5wuk_ligand,3880,1173.61
5wuk_ligand,3881,1158.1
5wuk_ligand,3882,1144.12
5wuk_ligand,3883,1132.26
5wuk_ligand,3884,1122.99
5wuk_ligand,3885,1113.88
5wuk_ligand,3886,1104.54
5wuk_ligand,3887,1095.61
5wuk_ligand,3888,1087.42
5wuk_ligand,3889,1079.87
5wuk_ligand,3890,1070.03
5wuk_ligand,3891,1057.52
5wuk_ligand,3892,1041.19
5wuk_ligand,3893,1024.43
5wuk_ligand,3894,1003.06
5wuk_ligand,3895,1011.08
5wuk_ligand,3896,1051.45
5wuk_ligand,3897,1063.53
5wuk_ligand,3898,1045.17
5wuk_ligand,3899,1066.67
5wuk_ligand,3900,1040.19
5wuk_ligand,3901,1014.13
5wuk_ligand,3902,997.871
5wuk_ligand,3903,1072.84
5wuk_ligand,3904,1293.75
5wuk_ligand,3905,2122.22
5wuk_ligand,3906,2682.73
5wuk_ligand,3907,5288.63
5wuk_ligand,3908,5171.35
5wuk_ligand,3909,2563.9
5wuk_ligand,3910,2910.81
5wuk_ligand,3911,1055.41
5wuk_ligand,3912,1038.26
5wuk_ligand,3913,1040.69
5wuk_ligand,3914,1027.59
5wuk_ligand,3915,1016.98
5wuk_ligand,3916,1010.31
5wuk_ligand,3917,998.778
5wuk_ligand,3918,1000.43
5wuk_ligand,3919,1000.69
5wuk_ligand,3920,1009.8
5wuk_ligand,3921,1000.39
5wuk_ligand,3922,1018.03
5wuk_ligand,3923,999.74
5wuk_ligand,3924,1042.48
5wuk_ligand,3925,976.759
5wuk_ligand,3926,974.145
5wuk_ligand,3927,972.305
5wuk_ligand,3928,1041.58
5wuk_ligand,3929,1277.25
5wuk_ligand,3930,1227.74
5wuk_ligand,3931,1459.87
5wuk_ligand,3932,1253.99
5wuk_ligand,3933,1689.94
5wuk_ligand,3934,3667.66
5wuk_ligand,3935,3220.5
5wuk_ligand,3936,3935.41
5wuk_ligand,3937,4984.71
5wuk_ligand,3938,23458.2
5wuk_ligand,3939,25663.4
5wuk_ligand,3940,37054.9
5wuk_ligand,3941,35412.6
5wuk_ligand,3942,17799.8
5wuk_ligand,3943,10045.7
5wuk_ligand,3944,3114.29
5wuk_ligand,3945,1669.65
5wuk_ligand,3946,1159.85
5wuk_ligand,3947,1117.28
5wuk_ligand,3948,1109.17
5wuk_ligand,3949,1101.28
5wuk_ligand,3950,1096.92
5wuk_ligand,3951,1092.49
5wuk_ligand,3952,1087.99
5wuk_ligand,3953,1083.56
5wuk_ligand,3954,1078.77
5wuk_ligand,3955,1072.96
5wuk_ligand,3956,1066.95
5wuk_ligand,3957,1061.16
5wuk_ligand,3958,1067.12
5wuk_ligand,3959,1070.46
5wuk_ligand,3960,1063.66
5wuk_ligand,3961,1055.67
5wuk_ligand,3962,1047.68
5wuk_ligand,3963,1048.4
5wuk_ligand,3964,1041.62
5wuk_ligand,3965,1039.84
5wuk_ligand,3966,1037.8
5wuk_ligand,3967,1035.33
5wuk_ligand,3968,1032.24
5wuk_ligand,3969,1028.22
5wuk_ligand,3970,1024.06
5wuk_ligand,3971,1023.27
5wuk_ligand,3972,1024.75
5wuk_ligand,3973,1024.1
5wuk_ligand,3974,1021.72
5wuk_ligand,3975,1023.51
5wuk_ligand,3976,1025.98
5wuk_ligand,3977,1280.69
5wuk_ligand,3978,1079.51
5wuk_ligand,3979,1419.76
5wuk_ligand,3980,1181.91
5wuk_ligand,3981,1522.63
5wuk_ligand,3982,1224.48
5wuk_ligand,3983,1653.21
5wuk_ligand,3984,1493.28
5wuk_ligand,3985,5151.85
5wuk_ligand,3986,7200.99
5wuk_ligand,3987,3148.34
5wuk_ligand,3988,1075.51
5wuk_ligand,3989,989.457
5wuk_ligand,3990,985.127
5wuk_ligand,3991,1022.05
5wuk_ligand,3992,1035.15
5wuk_ligand,3993,1000.48
5wuk_ligand,3994,1038.86
5wuk_ligand,3995,987.354
5wuk_ligand,3996,978.83
5wuk_ligand,3997,990.959
5wuk_ligand,3998,1068.57
5wuk_ligand,3999,1125.22
5wuk_ligand,4000,1080.41
5wuk_ligand,4001,1091.15
5wuk_ligand,4002,1001.43
5wuk_ligand,4003,1026.46
5wuk_ligand,4004,1065.69
5wuk_ligand,4005,1083.61
5wuk_ligand,4006,1025.84
5wuk_ligand,4007,1007.16
5wuk_ligand,4008,987.711
5wuk_ligand,4009,979.098
5wuk_ligand,4010,970.498
5wuk_ligand,4011,975.578
5wuk_ligand,4012,1186.95
5wuk_ligand,4013,2508.2
5wuk_ligand,4014,3495.85
5wuk_ligand,4015,1767.17
5wuk_ligand,4016,1598.32
5wuk_ligand,4017,1724.8
5wuk_ligand,4018,1429.7
5wuk_ligand,4019,1089.63
5wuk_ligand,4020,977.091
5wuk_ligand,4021,962.979
5wuk_ligand,4022,959.502
5wuk_ligand,4023,958.558
5wuk_ligand,4024,956.444
5wuk_ligand,4025,952.198
5wuk_ligand,4026,957.433
5wuk_ligand,4027,971.788
5wuk_ligand,4028,955.021
5wuk_ligand,4029,952.75
5wuk_ligand,4030,955.82
5wuk_ligand,4031,952.143
5wuk_ligand,4032,959.986
5wuk_ligand,4033,983.085
5wuk_ligand,4034,973.568
5wuk_ligand,4035,962.15
5wuk_ligand,4036,1084.94
5wuk_ligand,4037,1569.09
5wuk_ligand,4038,1038.78
5wuk_ligand,4039,990.74
5wuk_ligand,4040,949.384
5wuk_ligand,4041,961.886
5wuk_ligand,4042,963.413
5wuk_ligand,4043,955.133
5wuk_ligand,4044,978.338
5wuk_ligand,4045,975.792
5wuk_ligand,4046,982.931
5wuk_ligand,4047,1042.65
5wuk_ligand,4048,1786.36
5wuk_ligand,4049,2199.77
5wuk_ligand,4050,11951.3
5wuk_ligand,4051,11860.2
5wuk_ligand,4052,7157.17
5wuk_ligand,4053,3785.02
5wuk_ligand,4054,977.126
5wuk_ligand,4055,983.012
5wuk_ligand,4056,975.01
5wuk_ligand,4057,971.54
5wuk_ligand,4058,972.442
5wuk_ligand,4059,973.524
5wuk_ligand,4060,960.673
5wuk_ligand,4061,964.214
5wuk_ligand,4062,960.083
5wuk_ligand,4063,964.922
5wuk_ligand,4064,949.984
5wuk_ligand,4065,951.327
5wuk_ligand,4066,956.414
5wuk_ligand,4067,950.683
5wuk_ligand,4068,954.016
5wuk_ligand,4069,951.709
5wuk_ligand,4070,954.074
5wuk_ligand,4071,953.606
5wuk_ligand,4072,954.114
5wuk_ligand,4073,957.184
5wuk_ligand,4074,955.474
5wuk_ligand,4075,962.217
5wuk_ligand,4076,969.853
5wuk_ligand,4077,954.726
5wuk_ligand,4078,970.02
5wuk_ligand,4079,961.038
5wuk_ligand,4080,991.512
5wuk_ligand,4081,1305.43
5wuk_ligand,4082,966.727
5wuk_ligand,4083,993.551
5wuk_ligand,4084,1574
5wuk_ligand,4085,1029.27
5wuk_ligand,4086,1012.05
5wuk_ligand,4087,961.412
5wuk_ligand,4088,961.689
5wuk_ligand,4089,961.047
5wuk_ligand,4090,1055.15
5wuk_ligand,4091,1540.35
5wuk_ligand,4092,1633.9
5wuk_ligand,4093,5638.88
5wuk_ligand,4094,5929.72
5wuk_ligand,4095,9752.66
5wuk_ligand,4096,5432.31
5wuk_ligand,4097,1310.82
5wuk_ligand,4098,1043.18
5wuk_ligand,4099,999.334
5wuk_ligand,4100,984.323
5wuk_ligand,4101,973.046
5wuk_ligand,4102,969.542
5wuk_ligand,4103,965.258
5wuk_ligand,4104,965.147
5wuk_ligand,4105,961.307
5wuk_ligand,4106,960.79
5wuk_ligand,4107,966.455
5wuk_ligand,4108,962.199
5wuk_ligand,4109,959.633
5wuk_ligand,4110,957.892
5wuk_ligand,4111,956.356
5wuk_ligand,4112,954.952
5wuk_ligand,4113,953.639
5wuk_ligand,4114,952.469
5wuk_ligand,4115,953.272
5wuk_ligand,4116,949.473
5wuk_ligand,4117,946.934
5wuk_ligand,4118,944.322
5wuk_ligand,4119,946.474
5wuk_ligand,4120,1114.88
5wuk_ligand,4121,1386.03
5wuk_ligand,4122,1111.44
5wuk_ligand,4123,1476.08
5wuk_ligand,4124,1170.55
5wuk_ligand,4125,2514.29
5wuk_ligand,4126,5772.04
5wuk_ligand,4127,2555.57
5wuk_ligand,4128,4820.98
5wuk_ligand,4129,2546.83
5wuk_ligand,4130,956.363
5wuk_ligand,4131,956.068
5wuk_ligand,4132,954.067
5wuk_ligand,4133,952.667
5wuk_ligand,4134,953.862
5wuk_ligand,4135,951.654
5wuk_ligand,4136,949.34
5wuk_ligand,4137,950.708
5wuk_ligand,4138,949.106
5wuk_ligand,4139,946.305
5wuk_ligand,4140,947.034
5wuk_ligand,4141,962.184
5wuk_ligand,4142,950.482
5wuk_ligand,4143,960.667
5wuk_ligand,4144,955.452
5wuk_ligand,4145,958.697
5wuk_ligand,4146,961.831
5wuk_ligand,4147,953.898
5wuk_ligand,4148,1016.43
5wuk_ligand,4149,1295.21
5wuk_ligand,4150,958.895
5wuk_ligand,4151,979.55
5wuk_ligand,4152,945.426
5wuk_ligand,4153,948.96
5wuk_ligand,4154,984.008
5wuk_ligand,4155,943.641
5wuk_ligand,4156,944.28
5wuk_ligand,4157,948.489
5wuk_ligand,4158,989.44
5wuk_ligand,4159,1257.88
5wuk_ligand,4160,5906.48
5wuk_ligand,4161,3577.94
5wuk_ligand,4162,941.615
5wuk_ligand,4163,939.025
5wuk_ligand,4164,938.059
5wuk_ligand,4165,939.535
5wuk_ligand,4166,936.719
5wuk_ligand,4167,938.668
5wuk_ligand,4168,937.177
5wuk_ligand,4169,937.011
5wuk_ligand,4170,938.024
5wuk_ligand,4171,936.47
5wuk_ligand,4172,936.147
5wuk_ligand,4173,935.842
5wuk_ligand,4174,936.163
5wuk_ligand,4175,935.907
5wuk_ligand,4176,940.914
5wuk_ligand,4177,936.259
5wuk_ligand,4178,935.709
5wuk_ligand,4179,935.657
5wuk_ligand,4180,935.799
5wuk_ligand,4181,946.897
5wuk_ligand,4182,979.787
5wuk_ligand,4183,1179.23
5wuk_ligand,4184,979.332
5wuk_ligand,4185,1315.29
5wuk_ligand,4186,1426.05
5wuk_ligand,4187,2889.95
5wuk_ligand,4188,4766.82
5wuk_ligand,4189,2916.22
5wuk_ligand,4190,972.113
5wuk_ligand,4191,958.01
5wuk_ligand,4192,948.295
5wuk_ligand,4193,944.339
5wuk_ligand,4194,942.284
5wuk_ligand,4195,940.855
5wuk_ligand,4196,939.129
5wuk_ligand,4197,938.684
5wuk_ligand,4198,937.714
5wuk_ligand,4199,937.073
5wuk_ligand,4200,936.303
5wuk_ligand,4201,935.908
5wuk_ligand,4202,935.566
5wuk_ligand,4203,935.042
5wuk_ligand,4204,934.69
5wuk_ligand,4205,934.027
5wuk_ligand,4206,933.721
5wuk_ligand,4207,938.728
5wuk_ligand,4208,988.146
5wuk_ligand,4209,998.357
5wuk_ligand,4210,1232.14
5wuk_ligand,4211,2214.91
5wuk_ligand,4212,2283.13
5wuk_ligand,4213,3567.27
5wuk_ligand,4214,3203.06
5wuk_ligand,4215,14187.1
5wuk_ligand,4216,24953.7
5wuk_ligand,4217,86244.4
5wuk_ligand,4218,82448.7
5wuk_ligand,4219,108737
5wuk_ligand,4220,46710.6
5wuk_ligand,4221,25932.7
5wuk_ligand,4222,25842.5
5wuk_ligand,4223,10636.7
5wuk_ligand,4224,2867.33
5wuk_ligand,4225,1703.52
5wuk_ligand,4226,1439.36
5wuk_ligand,4227,1279.55
5wuk_ligand,4228,1154.59
5wuk_ligand,4229,1059.91
5wuk_ligand,4230,1057.5
5wuk_ligand,4231,1055.04
5wuk_ligand,4232,1052.55
5wuk_ligand,4233,1050.05
5wuk_ligand,4234,1047.52
5wuk_ligand,4235,1044.92
5wuk_ligand,4236,1043.35
5wuk_ligand,4237,1040.85
5wuk_ligand,4238,1038.22
5wuk_ligand,4239,1035.45
5wuk_ligand,4240,1032.51
5wuk_ligand,4241,1029.27
5wuk_ligand,4242,1025.37
5wuk_ligand,4243,1021.17
5wuk_ligand,4244,1016.97
5wuk_ligand,4245,1012.36
5wuk_ligand,4246,1007.27
5wuk_ligand,4247,1001.85
5wuk_ligand,4248,999.522
5wuk_ligand,4249,997.477
5wuk_ligand,4250,995.243
5wuk_ligand,4251,992.784
5wuk_ligand,4252,990.529
5wuk_ligand,4253,988.108
5wuk_ligand,4254,984.782
5wuk_ligand,4255,982.13
5wuk_ligand,4256,978.48
5wuk_ligand,4257,973.963
5wuk_ligand,4258,971.5
5wuk_ligand,4259,966.604
5wuk_ligand,4260,963.306
5wuk_ligand,4261,963.142
5wuk_ligand,4262,1028.83
5wuk_ligand,4263,997.044
5wuk_ligand,4264,995.152
5wuk_ligand,4265,951.439
5wuk_ligand,4266,970.276
5wuk_ligand,4267,936.456
5wuk_ligand,4268,931.528
5wuk_ligand,4269,926.801
5wuk_ligand,4270,956.209
5wuk_ligand,4271,930.023
5wuk_ligand,4272,924.622
5wuk_ligand,4273,916.209
5wuk_ligand,4274,1840.7
5wuk_ligand,4275,1266.95
5wuk_ligand,4276,2178.76
5wuk_ligand,4277,3024.87
5wuk_ligand,4278,7695.02
5wuk_ligand,4279,4801.42
5wuk_ligand,4280,6113.39
5wuk_ligand,4281,2615.4
5wuk_ligand,4282,5204.65
5wuk_ligand,4283,7247.89
5wuk_ligand,4284,1130.53
5wuk_ligand,4285,1004.35
5wuk_ligand,4286,988.495
5wuk_ligand,4287,973.785
5wuk_ligand,4288,964.823
5wuk_ligand,4289,962.742
5wuk_ligand,4290,960.541
5wuk_ligand,4291,958.43
5wuk_ligand,4292,956.127
5wuk_ligand,4293,953.561
5wuk_ligand,4294,950.652
5wuk_ligand,4295,947.299
5wuk_ligand,4296,943.372
5wuk_ligand,4297,938.711
5wuk_ligand,4298,933.052
5wuk_ligand,4299,925.931
5wuk_ligand,4300,916.741
5wuk_ligand,4301,908.163
5wuk_ligand,4302,903.212
5wuk_ligand,4303,910.583
5wuk_ligand,4304,954.265
5wuk_ligand,4305,926.675
5wuk_ligand,4306,905.417
5wuk_ligand,4307,901.466
5wuk_ligand,4308,904.138
5wuk_ligand,4309,1008.88
5wuk_ligand,4310,1121.03
5wuk_ligand,4311,960.021
5wuk_ligand,4312,910.365
5wuk_ligand,4313,919.212
5wuk_ligand,4314,1045.88
5wuk_ligand,4315,1018.03
5wuk_ligand,4316,2964.1
5wuk_ligand,4317,1079.04
5wuk_ligand,4318,1160.6
5wuk_ligand,4319,2571.97
5wuk_ligand,4320,2764.47
5wuk_ligand,4321,6083.87
5wuk_ligand,4322,10734.2
5wuk_ligand,4323,10489.6
5wuk_ligand,4324,39934.9
5wuk_ligand,4325,53114.8
5wuk_ligand,4326,140325
5wuk_ligand,4327,93484
5wuk_ligand,4328,15175.8
5wuk_ligand,4329,18633.8
5wuk_ligand,4330,3051.93
5wuk_ligand,4331,1815.98
5wuk_ligand,4332,1656.91
5wuk_ligand,4333,1607.65
5wuk_ligand,4334,1557.73
5wuk_ligand,4335,1507.47
5wuk_ligand,4336,1460.64
5wuk_ligand,4337,1412.82
5wuk_ligand,4338,1371.4
5wuk_ligand,4339,1336.06
5wuk_ligand,4340,1309.66
5wuk_ligand,4341,1291.07
5wuk_ligand,4342,1271.84
5wuk_ligand,4343,1251.93
5wuk_ligand,4344,1231.14
5wuk_ligand,4345,1208.84
5wuk_ligand,4346,1184.68
5wuk_ligand,4347,1158.51
5wuk_ligand,4348,1129.78
5wuk_ligand,4349,1097.93
5wuk_ligand,4350,1068.32
5wuk_ligand,4351,1035.67
5wuk_ligand,4352,998.938
5wuk_ligand,4353,954.684
5wuk_ligand,4354,1033.23
5wuk_ligand,4355,985.287
5wuk_ligand,4356,936.143
5wuk_ligand,4357,942.507
5wuk_ligand,4358,942.154
5wuk_ligand,4359,928.898
5wuk_ligand,4360,914.079
5wuk_ligand,4361,908.82
5wuk_ligand,4362,919.131
5wuk_ligand,4363,945.528
5wuk_ligand,4364,1166.09
5wuk_ligand,4365,970.093
5wuk_ligand,4366,988.386
5wuk_ligand,4367,984.569
5wuk_ligand,4368,928.482
5wuk_ligand,4369,899.426
5wuk_ligand,4370,1072.61
5wuk_ligand,4371,1221.33
5wuk_ligand,4372,928.655
5wuk_ligand,4373,1016.42
5wuk_ligand,4374,953.983
5wuk_ligand,4375,1555.51
5wuk_ligand,4376,4487.62
5wuk_ligand,4377,5364.25
5wuk_ligand,4378,1094.24
5wuk_ligand,4379,945.053
5wuk_ligand,4380,928.926
5wuk_ligand,4381,911.392
5wuk_ligand,4382,901.794
5wuk_ligand,4383,917.442
5wuk_ligand,4384,903.162
5wuk_ligand,4385,888.008
5wuk_ligand,4386,884.41
5wuk_ligand,4387,901.125
5wuk_ligand,4388,881.658
5wuk_ligand,4389,878.885
5wuk_ligand,4390,883.984
5wuk_ligand,4391,875.15
5wuk_ligand,4392,875.29
5wuk_ligand,4393,925.55
5wuk_ligand,4394,939.508
5wuk_ligand,4395,1017.42
5wuk_ligand,4396,1031.44
5wuk_ligand,4397,1194.81
5wuk_ligand,4398,1020.84
5wuk_ligand,4399,1223.85
5wuk_ligand,4400,936.395
5wuk_ligand,4401,910.851
5wuk_ligand,4402,971.978
5wuk_ligand,4403,1197.43
5wuk_ligand,4404,1722.09
5wuk_ligand,4405,1943.51
5wuk_ligand,4406,3989.89
5wuk_ligand,4407,4185.79
5wuk_ligand,4408,9965.89
5wuk_ligand,4409,2655.57
5wuk_ligand,4410,980.408
5wuk_ligand,4411,957.214
5wuk_ligand,4412,944.71
5wuk_ligand,4413,939.355
5wuk_ligand,4414,935.152
5wuk_ligand,4415,929.234
5wuk_ligand,4416,924.32
5wuk_ligand,4417,923.069
5wuk_ligand,4418,919.883
5wuk_ligand,4419,919.374
5wuk_ligand,4420,916.347
5wuk_ligand,4421,912.665
5wuk_ligand,4422,912.142
5wuk_ligand,4423,909.953
5wuk_ligand,4424,905.604
5wuk_ligand,4425,902.866
5wuk_ligand,4426,903.83
5wuk_ligand,4427,905.294
5wuk_ligand,4428,949.936
5wuk_ligand,4429,907.177
5wuk_ligand,4430,899.559
5wuk_ligand,4431,897.807
5wuk_ligand,4432,907.953
5wuk_ligand,4433,902.689
5wuk_ligand,4434,884.824
5wuk_ligand,4435,913.895
5wuk_ligand,4436,977.795
5wuk_ligand,4437,884.771
5wuk_ligand,4438,956.932
5wuk_ligand,4439,1351.16
5wuk_ligand,4440,1005.19
5wuk_ligand,4441,1700.87
5wuk_ligand,4442,1537.76
5wuk_ligand,4443,2146.77
5wuk_ligand,4444,1141.14
5wuk_ligand,4445,919.625
5wuk_ligand,4446,902.863
5wuk_ligand,4447,893.602
5wuk_ligand,4448,877.646
5wuk_ligand,4449,892.717
5wuk_ligand,4450,962.088
5wuk_ligand,4451,1003.62
5wuk_ligand,4452,1164.79
5wuk_ligand,4453,1872.13
5wuk_ligand,4454,5436.39
5wuk_ligand,4455,1522.66
5wuk_ligand,4456,3109.65
5wuk_ligand,4457,10283.2
5wuk_ligand,4458,19231.5
5wuk_ligand,4459,20085.2
5wuk_ligand,4460,10697.7
5wuk_ligand,4461,5703.95
5wuk_ligand,4462,1874.86
5wuk_ligand,4463,1573.68
5wuk_ligand,4464,1466.26
5wuk_ligand,4465,1374.37
5wuk_ligand,4466,1276.47
5wuk_ligand,4467,1175.28
5wuk_ligand,4468,1078.52
5wuk_ligand,4469,991.628
5wuk_ligand,4470,939.6
5wuk_ligand,4471,903.833
5wuk_ligand,4472,895.345
5wuk_ligand,4473,888.543
5wuk_ligand,4474,883.135
5wuk_ligand,4475,877.282
5wuk_ligand,4476,878.491
5wuk_ligand,4477,875.471
5wuk_ligand,4478,867.718
5wuk_ligand,4479,864.511
5wuk_ligand,4480,868.041
5wuk_ligand,4481,869.847
5wuk_ligand,4482,861.428
5wuk_ligand,4483,861.82
5wuk_ligand,4484,873.792
5wuk_ligand,4485,856.501
5wuk_ligand,4486,854.007
5wuk_ligand,4487,882.172
5wuk_ligand,4488,894.015
5wuk_ligand,4489,902.484
5wuk_ligand,4490,842.047
5wuk_ligand,4491,836.685
5wuk_ligand,4492,866.136
5wuk_ligand,4493,977.583
5wuk_ligand,4494,1688.39
5wuk_ligand,4495,2533.78
5wuk_ligand,4496,1354.39
5wuk_ligand,4497,951.578
5wuk_ligand,4498,839.086
5wuk_ligand,4499,827.608
5wuk_ligand,4500,821.903
5wuk_ligand,4501,817.624
5wuk_ligand,4502,815.085
5wuk_ligand,4503,813.438
5wuk_ligand,4504,860.831
5wuk_ligand,4505,871.163
5wuk_ligand,4506,907.702
5wuk_ligand,4507,874.718
5wuk_ligand,4508,826.254
5wuk_ligand,4509,837.505
5wuk_ligand,4510,877.96
5wuk_ligand,4511,833.223
5wuk_ligand,4512,849.428
5wuk_ligand,4513,1156.55
5wuk_ligand,4514,2163.25
5wuk_ligand,4515,1645.25
5wuk_ligand,4516,4357.56
5wuk_ligand,4517,4695.62
5wuk_ligand,4518,6110.94
5wuk_ligand,4519,1829.4
5wuk_ligand,4520,860.358
5wuk_ligand,4521,853.274
5wuk_ligand,4522,852.723
5wuk_ligand,4523,848.654
5wuk_ligand,4524,845.017
5wuk_ligand,4525,841.351
5wuk_ligand,4526,837.595
5wuk_ligand,4527,833.682
5wuk_ligand,4528,829.548
5wuk_ligand,4529,825.106
5wuk_ligand,4530,820.622
5wuk_ligand,4531,818.146
5wuk_ligand,4532,817.635
5wuk_ligand,4533,814.471
5wuk_ligand,4534,813.348
5wuk_ligand,4535,808.41
5wuk_ligand,4536,807.361
5wuk_ligand,4537,804.758
5wuk_ligand,4538,817.819
5wuk_ligand,4539,852.046
5wuk_ligand,4540,824.399
5wuk_ligand,4541,818.99
5wuk_ligand,4542,1022.47
5wuk_ligand,4543,1237.64
5wuk_ligand,4544,2673.97
5wuk_ligand,4545,2751.17
5wuk_ligand,4546,1934.08
5wuk_ligand,4547,3830.48
5wuk_ligand,4548,1942.46
5wuk_ligand,4549,2081.96
5wuk_ligand,4550,1241.45
5wuk_ligand,4551,975.69
5wuk_ligand,4552,838.26
5wuk_ligand,4553,874.825
5wuk_ligand,4554,886.222
5wuk_ligand,4555,816.187
5wuk_ligand,4556,816.431
5wuk_ligand,4557,848.934
5wuk_ligand,4558,839.378
5wuk_ligand,4559,825.648
5wuk_ligand,4560,812.197
5wuk_ligand,4561,810.219
5wuk_ligand,4562,829.428
5wuk_ligand,4563,883.761
5wuk_ligand,4564,1428.29
5wuk_ligand,4565,2447.72
5wuk_ligand,4566,1408.52
5wuk_ligand,4567,923.372
5wuk_ligand,4568,1069.14
5wuk_ligand,4569,849.774
5wuk_ligand,4570,832.387
5wuk_ligand,4571,1048.42
5wuk_ligand,4572,839.984
5wuk_ligand,4573,826.548
5wuk_ligand,4574,812.817
5wuk_ligand,4575,816.336
5wuk_ligand,4576,925.247
5wuk_ligand,4577,1068.04
5wuk_ligand,4578,837.469
5wuk_ligand,4579,1068.76
5wuk_ligand,4580,870.418
5wuk_ligand,4581,1229.58
5wuk_ligand,4582,927.173
5wuk_ligand,4583,935.928
5wuk_ligand,4584,914.454
5wuk_ligand,4585,946.088
5wuk_ligand,4586,1104.33
5wuk_ligand,4587,3049.88
5wuk_ligand,4588,3630.17
5wuk_ligand,4589,12918.2
5wuk_ligand,4590,19506.9
5wuk_ligand,4591,60946.6
5wuk_ligand,4592,58764.8
5wuk_ligand,4593,177926
5wuk_ligand,4594,108007
5wuk_ligand,4595,2213.85
5wuk_ligand,4596,2007.61
5wuk_ligand,4597,1812.8
5wuk_ligand,4598,1625.76
5wuk_ligand,4599,1445.03
5wuk_ligand,4600,1258.8
5wuk_ligand,4601,1122.68
5wuk_ligand,4602,1051.05
5wuk_ligand,4603,980.897
5wuk_ligand,4604,930.873
5wuk_ligand,4605,897.444
5wuk_ligand,4606,887.672
5wuk_ligand,4607,886.229
5wuk_ligand,4608,884.984
5wuk_ligand,4609,882.304
5wuk_ligand,4610,879.525
5wuk_ligand,4611,876.63
5wuk_ligand,4612,873.586
5wuk_ligand,4613,870.389
5wuk_ligand,4614,869.136
5wuk_ligand,4615,867.951
5wuk_ligand,4616,862.998
5wuk_ligand,4617,859.922
5wuk_ligand,4618,866.068
5wuk_ligand,4619,858.825
5wuk_ligand,4620,852.09
5wuk_ligand,4621,852.612
5wuk_ligand,4622,858.139
5wuk_ligand,4623,846.637
5wuk_ligand,4624,840.499
5wuk_ligand,4625,837.345
5wuk_ligand,4626,834.066
5wuk_ligand,4627,830.713
5wuk_ligand,4628,827.311
5wuk_ligand,4629,823.974
5wuk_ligand,4630,821.653
5wuk_ligand,4631,822.636
5wuk_ligand,4632,821.259
5wuk_ligand,4633,820.117
5wuk_ligand,4634,817.507
5wuk_ligand,4635,820.32
5wuk_ligand,4636,890.504
5wuk_ligand,4637,972.576
5wuk_ligand,4638,923.456
5wuk_ligand,4639,1030.42
5wuk_ligand,4640,1011.54
5wuk_ligand,4641,1286.7
5wuk_ligand,4642,963.81
5wuk_ligand,4643,1513.82
5wuk_ligand,4644,2958.15
5wuk_ligand,4645,10385.5
5wuk_ligand,4646,21835.6
5wuk_ligand,4647,7318.01
5wuk_ligand,4648,44847.7
5wuk_ligand,4649,1963.09
5wuk_ligand,4650,1689.2
5wuk_ligand,4651,1614.4
5wuk_ligand,4652,1547.29
5wuk_ligand,4653,1481.9
5wuk_ligand,4654,1419.27
5wuk_ligand,4655,1361.23
5wuk_ligand,4656,1301.81
5wuk_ligand,4657,1239.69
5wuk_ligand,4658,1176.51
5wuk_ligand,4659,1126.17
5wuk_ligand,4660,1094.09
5wuk_ligand,4661,1058.99
5wuk_ligand,4662,1021.91
5wuk_ligand,4663,988.063
5wuk_ligand,4664,957.007
5wuk_ligand,4665,920.379
5wuk_ligand,4666,913.524
5wuk_ligand,4667,907.759
5wuk_ligand,4668,902.028
5wuk_ligand,4669,900.491
5wuk_ligand,4670,900.227
5wuk_ligand,4671,907.688
5wuk_ligand,4672,905.744
5wuk_ligand,4673,900.341
5wuk_ligand,4674,896.148
5wuk_ligand,4675,895.868
5wuk_ligand,4676,895.601
5wuk_ligand,4677,902.767
5wuk_ligand,4678,896.266
5wuk_ligand,4679,891.442
5wuk_ligand,4680,880.131
5wuk_ligand,4681,880.079
5wuk_ligand,4682,906.88
5wuk_ligand,4683,902.888
5wuk_ligand,4684,887.233
5wuk_ligand,4685,874.229
5wuk_ligand,4686,869.465
5wuk_ligand,4687,887.154
5wuk_ligand,4688,882.23
5wuk_ligand,4689,957.956
5wuk_ligand,4690,875.15
5wuk_ligand,4691,853.468
5wuk_ligand,4692,957.004
5wuk_ligand,4693,1189.91
5wuk_ligand,4694,2886.64
5wuk_ligand,4695,3075.32
5wuk_ligand,4696,18007.1
5wuk_ligand,4697,22022.4
5wuk_ligand,4698,7048.71
5wuk_ligand,4699,13777.4
5wuk_ligand,4700,18759.9
5wuk_ligand,4701,60831.7
5wuk_ligand,4702,84048.8
5wuk_ligand,4703,285680
5wuk_ligand,4704,85268.3
5wuk_ligand,4705,8284.48
5wuk_ligand,4706,1378.54
5wuk_ligand,4707,1249.08
5wuk_ligand,4708,1206.92
5wuk_ligand,4709,1183.96
5wuk_ligand,4710,1162.21
5wuk_ligand,4711,1149.02
5wuk_ligand,4712,1139.05
5wuk_ligand,4713,1134.23
5wuk_ligand,4714,1129.57
5wuk_ligand,4715,1124.57
5wuk_ligand,4716,1119.68
5wuk_ligand,4717,1114.26
5wuk_ligand,4718,1108.58
5wuk_ligand,4719,1102.82
5wuk_ligand,4720,1096.4
5wuk_ligand,4721,1089.52
5wuk_ligand,4722,1082.92
5wuk_ligand,4723,1076.58
5wuk_ligand,4724,1069.45
5wuk_ligand,4725,1061.93
5wuk_ligand,4726,1053.32
5wuk_ligand,4727,1042.04
5wuk_ligand,4728,1032.25
5wuk_ligand,4729,1021.72
5wuk_ligand,4730,1009.2
5wuk_ligand,4731,995.083
5wuk_ligand,4732,980.907
5wuk_ligand,4733,991.061
5wuk_ligand,4734,969.681
5wuk_ligand,4735,980.105
5wuk_ligand,4736,975.612
5wuk_ligand,4737,976.411
5wuk_ligand,4738,974.395
5wuk_ligand,4739,967.791
5wuk_ligand,4740,978.41
5wuk_ligand,4741,959.416
5wuk_ligand,4742,1046.63
5wuk_ligand,4743,964.786
5wuk_ligand,4744,948.008
5wuk_ligand,4745,945.515
5wuk_ligand,4746,952.535
5wuk_ligand,4747,1038.35
5wuk_ligand,4748,1036.04
5wuk_ligand,4749,1080.86
5wuk_ligand,4750,1095.23
5wuk_ligand,4751,996.175
5wuk_ligand,4752,949.898
5wuk_ligand,4753,1082.06
5wuk_ligand,4754,1017.91
5wuk_ligand,4755,956.772
5wuk_ligand,4756,937.809
5wuk_ligand,4757,1082.35
5wuk_ligand,4758,1129.95
5wuk_ligand,4759,1352.22
5wuk_ligand,4760,6346.26
5wuk_ligand,4761,14665.9
5wuk_ligand,4762,18297
5wuk_ligand,4763,20740.3
5wuk_ligand,4764,14136.6
5wuk_ligand,4765,8876.95
5wuk_ligand,4766,7495.38
5wuk_ligand,4767,1865.33
5wuk_ligand,4768,1391.59
5wuk_ligand,4769,1316.15
5wuk_ligand,4770,1281.59
5wuk_ligand,4771,1254.18
5wuk_ligand,4772,1222.71
5wuk_ligand,4773,1188.38
5wuk_ligand,4774,1156.16
5wuk_ligand,4775,1130.75
5wuk_ligand,4776,1103.38
5wuk_ligand,4777,1085.85
5wuk_ligand,4778,1073.1
5wuk_ligand,4779,1059.34
5wuk_ligand,4780,1044.48
5wuk_ligand,4781,1028.01
5wuk_ligand,4782,1008.52
5wuk_ligand,4783,992.743
5wuk_ligand,4784,998.087
5wuk_ligand,4785,980.622
5wuk_ligand,4786,975.638
5wuk_ligand,4787,989.336
5wuk_ligand,4788,967.332
5wuk_ligand,4789,989.417
5wuk_ligand,4790,950.914
5wuk_ligand,4791,997.721
5wuk_ligand,4792,939.981
5wuk_ligand,4793,937.323
5wuk_ligand,4794,942.192
5wuk_ligand,4795,1028.96
5wuk_ligand,4796,940.511
5wuk_ligand,4797,938.416
5wuk_ligand,4798,936.004
5wuk_ligand,4799,945.745
5wuk_ligand,4800,1030.69
5wuk_ligand,4801,953.608
5wuk_ligand,4802,984.734
5wuk_ligand,4803,961.579
5wuk_ligand,4804,991.26
5wuk_ligand,4805,934.015
5wuk_ligand,4806,928.598
5wuk_ligand,4807,1097.8
5wuk_ligand,4808,1087.84
5wuk_ligand,4809,1330.79
5wuk_ligand,4810,979.412
5wuk_ligand,4811,1265.57
5wuk_ligand,4812,4297.05
5wuk_ligand,4813,10152.8
5wuk_ligand,4814,21300.5
5wuk_ligand,4815,19541
5wuk_ligand,4816,46760.2
5wuk_ligand,4817,25946.9
5wuk_ligand,4818,3556.3
5wuk_ligand,4819,1394.39
5wuk_ligand,4820,1349.32
5wuk_ligand,4821,1305.31
5wuk_ligand,4822,1258.68
5wuk_ligand,4823,1209
5wuk_ligand,4824,1177.27
5wuk_ligand,4825,1154.75
5wuk_ligand,4826,1134.5
5wuk_ligand,4827,1116.56
5wuk_ligand,4828,1100.28
5wuk_ligand,4829,1085.45
5wuk_ligand,4830,1075.3
5wuk_ligand,4831,1062.02
5wuk_ligand,4832,1051.42
5wuk_ligand,4833,1040.98
5wuk_ligand,4834,1028.71
5wuk_ligand,4835,1017.58
5wuk_ligand,4836,1008.82
5wuk_ligand,4837,999.08
5wuk_ligand,4838,988.056
5wuk_ligand,4839,975.075
5wuk_ligand,4840,959.313
5wuk_ligand,4841,952.196
5wuk_ligand,4842,946.976
5wuk_ligand,4843,943.167
5wuk_ligand,4844,943.099
5wuk_ligand,4845,937.095
5wuk_ligand,4846,935.709
5wuk_ligand,4847,934.023
5wuk_ligand,4848,932.172
5wuk_ligand,4849,930.121
5wuk_ligand,4850,928.153
5wuk_ligand,4851,926.219
5wuk_ligand,4852,923.752
5wuk_ligand,4853,921.003
5wuk_ligand,4854,917.879
5wuk_ligand,4855,928.414
5wuk_ligand,4856,939.739
5wuk_ligand,4857,931.853
5wuk_ligand,4858,1052.94
5wuk_ligand,4859,958.468
5wuk_ligand,4860,1018.86
5wuk_ligand,4861,1040.24
5wuk_ligand,4862,1055.93
5wuk_ligand,4863,1042.83
5wuk_ligand,4864,2840.28
5wuk_ligand,4865,5210.58
5wuk_ligand,4866,1643.7
5wuk_ligand,4867,934.449
5wuk_ligand,4868,911.439
5wuk_ligand,4869,908.34
5wuk_ligand,4870,900.878
5wuk_ligand,4871,892.866
5wuk_ligand,4872,889.224
5wuk_ligand,4873,883.391
5wuk_ligand,4874,878.636
5wuk_ligand,4875,874.445
5wuk_ligand,4876,871.223
5wuk_ligand,4877,871.087
5wuk_ligand,4878,863.856
5wuk_ligand,4879,867.12
5wuk_ligand,4880,860.29
5wuk_ligand,4881,927.93
5wuk_ligand,4882,860.863
5wuk_ligand,4883,859.298
5wuk_ligand,4884,935.214
5wuk_ligand,4885,862.287
5wuk_ligand,4886,850.138
5wuk_ligand,4887,862.888
5wuk_ligand,4888,943.199
5wuk_ligand,4889,1056.74
5wuk_ligand,4890,925.147
5wuk_ligand,4891,921.447
5wuk_ligand,4892,971.541
5wuk_ligand,4893,1546.33
5wuk_ligand,4894,2366.17
5wuk_ligand,4895,2389.36
5wuk_ligand,4896,2765.07
5wuk_ligand,4897,4355.04
5wuk_ligand,4898,2842.57
5wuk_ligand,4899,12243.7
5wuk_ligand,4900,12470.8
5wuk_ligand,4901,7889.76
5wuk_ligand,4902,35130.1
5wuk_ligand,4903,279910
5wuk_ligand,4904,44407.9
5wuk_ligand,4905,23730.1
5wuk_ligand,4906,9366.37
5wuk_ligand,4907,1679.6
5wuk_ligand,4908,1427.18
5wuk_ligand,4909,1177.21
5wuk_ligand,4910,1026.84
5wuk_ligand,4911,978.574
5wuk_ligand,4912,963.648
5wuk_ligand,4913,949.375
5wuk_ligand,4914,939.084
5wuk_ligand,4915,934.04
5wuk_ligand,4916,929.011
5wuk_ligand,4917,924.247
5wuk_ligand,4918,918.972
5wuk_ligand,4919,913.24
5wuk_ligand,4920,907.223
5wuk_ligand,4921,903.366
5wuk_ligand,4922,900.051
5wuk_ligand,4923,893.728
5wuk_ligand,4924,894.761
5wuk_ligand,4925,893.211
5wuk_ligand,4926,887.571
5wuk_ligand,4927,892.168
5wuk_ligand,4928,884.385
5wuk_ligand,4929,885.692
5wuk_ligand,4930,885.086
5wuk_ligand,4931,880.675
5wuk_ligand,4932,885.493
5wuk_ligand,4933,875.868
5wuk_ligand,4934,885.491
5wuk_ligand,4935,871.528
5wuk_ligand,4936,885.812
5wuk_ligand,4937,877.724
5wuk_ligand,4938,879.819
5wuk_ligand,4939,877.248
5wuk_ligand,4940,884.742
5wuk_ligand,4941,870.477
5wuk_ligand,4942,862.543
5wuk_ligand,4943,871.332
5wuk_ligand,4944,850.82
5wuk_ligand,4945,894.001
5wuk_ligand,4946,903.979
5wuk_ligand,4947,853.99
5wuk_ligand,4948,928.232
5wuk_ligand,4949,869.613
5wuk_ligand,4950,928.193
5wuk_ligand,4951,888.912
5wuk_ligand,4952,882.875
5wuk_ligand,4953,907.477
5wuk_ligand,4954,1206.72
5wuk_ligand,4955,3357.16
5wuk_ligand,4956,8600.58
5wuk_ligand,4957,12477.9
5wuk_ligand,4958,6365.63
5wuk_ligand,4959,1035.44
5wuk_ligand,4960,987.556
5wuk_ligand,4961,954.774
5wuk_ligand,4962,932.169
5wuk_ligand,4963,907.545
5wuk_ligand,4964,881.258
5wuk_ligand,4965,887.616
5wuk_ligand,4966,878.906
5wuk_ligand,4967,868.202
5wuk_ligand,4968,876.331
5wuk_ligand,4969,869.887
5wuk_ligand,4970,858.448
5wuk_ligand,4971,858.593
5wuk_ligand,4972,883.58
5wuk_ligand,4973,859.808
5wuk_ligand,4974,858.93
5wuk_ligand,4975,861.566
5wuk_ligand,4976,846.346
5wuk_ligand,4977,839.375
5wuk_ligand,4978,839.17
5wuk_ligand,4979,848.217
5wuk_ligand,4980,878.839
5wuk_ligand,4981,848.981
5wuk_ligand,4982,847.984
5wuk_ligand,4983,848.804
5wuk_ligand,4984,866.671
5wuk_ligand,4985,888.027
5wuk_ligand,4986,879.507
5wuk_ligand,4987,840.274
5wuk_ligand,4988,831.706
5wuk_ligand,4989,878.949
5wuk_ligand,4990,833.012
5wuk_ligand,4991,838.822
5wuk_ligand,4992,901.805
5wuk_ligand,4993,908.384
5wuk_ligand,4994,1003.17
5wuk_ligand,4995,1443.24
5wuk_ligand,4996,5674.09
5wuk_ligand,4997,6057.71
5wuk_ligand,4998,902.595
5wuk_ligand,4999,853.011
