2yki_ligand,108,100,50,150,820800,0.861107,-7.595546,20.702715,12,52,0.800000,0.000100,0
2yki_ligand,90,100,50,150,684000,-0.371092,-7.595546,11.727153,12,52,0.800000,0.000100,10
2yki_ligand,261,100,50,150,1983600,-0.540743,-7.595546,19.305212,12,52,0.800000,0.000100,11
2yki_ligand,66,100,50,150,501600,-1.037701,-7.595546,25.769695,12,52,0.800000,0.000100,12
2yki_ligand,102,100,50,150,775200,-0.992360,-7.595546,24.373438,12,52,0.800000,0.000100,13
2yki_ligand,166,100,50,150,1261600,-0.744584,-7.595546,21.752628,12,52,0.800000,0.000100,14
2yki_ligand,116,100,50,150,881600,0.646542,-7.595546,27.476616,12,52,0.800000,0.000100,15
2yki_ligand,136,100,50,150,1033600,-0.692332,-7.595546,21.250431,12,52,0.800000,0.000100,16
2yki_ligand,176,100,50,150,1337600,-0.748418,-7.595546,23.724308,12,52,0.800000,0.000100,17
2yki_ligand,214,100,50,150,1626400,0.206159,-7.595546,25.971941,12,52,0.800000,0.000100,18
2yki_ligand,108,100,50,150,820800,-1.152014,-7.595546,17.507868,12,52,0.800000,0.000100,19
2yki_ligand,141,100,50,150,1071600,-0.545157,-7.595546,29.128212,12,52,0.800000,0.000100,1
2yki_ligand,84,100,50,150,638400,-1.270678,-7.595546,22.577066,12,52,0.800000,0.000100,2
2yki_ligand,99,100,50,150,752400,-0.311490,-7.595546,24.340488,12,52,0.800000,0.000100,3
2yki_ligand,91,100,50,150,691600,-1.275768,-7.595546,25.904058,12,52,0.800000,0.000100,4
2yki_ligand,187,100,50,150,1421200,-0.329170,-7.595546,20.590761,12,52,0.800000,0.000100,5
2yki_ligand,125,100,50,150,950000,-0.062548,-7.595546,27.510670,12,52,0.800000,0.000100,6
2yki_ligand,214,100,50,150,1626400,-1.363061,-7.595546,29.184347,12,52,0.800000,0.000100,7
2yki_ligand,307,100,50,150,2333200,-0.730213,-7.595546,18.067154,12,52,0.800000,0.000100,8
2yki_ligand,148,100,50,150,1124800,-1.065953,-7.595546,14.689569,12,52,0.800000,0.000100,9
2yki_ligand,235,100,50,150,1786000,-1.758988,-7.595546,27.545546,12,52,0.800000,0.010000,0
2yki_ligand,154,100,50,150,1170400,-0.863983,-7.595546,23.382336,12,52,0.800000,0.010000,10
2yki_ligand,72,100,50,150,547200,-0.682668,-7.595546,23.148273,12,52,0.800000,0.010000,11
2yki_ligand,114,100,50,150,866400,-1.414585,-7.595546,25.509449,12,52,0.800000,0.010000,12
2yki_ligand,277,100,50,150,2105200,-0.214723,-7.595546,28.105257,12,52,0.800000,0.010000,13
2yki_ligand,147,100,50,150,1117200,-0.659906,-7.595546,16.157042,12,52,0.800000,0.010000,14
2yki_ligand,69,100,50,150,524400,0.027142,-7.595546,22.077410,12,52,0.800000,0.010000,15
2yki_ligand,225,100,50,150,1710000,-2.325109,-7.595546,20.898731,12,52,0.800000,0.010000,16
2yki_ligand,206,100,50,150,1565600,-1.954666,-7.595546,15.073822,12,52,0.800000,0.010000,17
2yki_ligand,143,100,50,150,1086800,-1.929033,-7.595546,23.259758,12,52,0.800000,0.010000,18
2yki_ligand,247,100,50,150,1877200,-1.034961,-7.595546,26.559166,12,52,0.800000,0.010000,19
2yki_ligand,307,100,50,150,2333200,-1.770730,-7.595546,11.052990,12,52,0.800000,0.010000,1
2yki_ligand,248,100,50,150,1884800,-1.960495,-7.595546,22.593773,12,52,0.800000,0.010000,2
2yki_ligand,215,100,50,150,1634000,-2.066549,-7.595546,23.890369,12,52,0.800000,0.010000,3
2yki_ligand,159,100,50,150,1208400,-2.728809,-7.595546,24.593872,12,52,0.800000,0.010000,4
2yki_ligand,144,100,50,150,1094400,-1.657113,-7.595546,25.307104,12,52,0.800000,0.010000,5
2yki_ligand,111,100,50,150,843600,0.576474,-7.595546,21.133234,12,52,0.800000,0.010000,6
2yki_ligand,137,100,50,150,1041200,-1.598308,-7.595546,22.129562,12,52,0.800000,0.010000,7
2yki_ligand,259,100,50,150,1968400,-1.340739,-7.595546,18.160683,12,52,0.800000,0.010000,8
2yki_ligand,199,100,50,150,1512400,-0.982155,-7.595546,14.783140,12,52,0.800000,0.010000,9
2yki_ligand,126,100,50,150,957600,-0.636793,-7.595546,21.504961,12,52,0.900000,0.000100,0
2yki_ligand,256,100,50,150,1945600,-1.881331,-7.595546,25.276253,12,52,0.900000,0.000100,10
2yki_ligand,278,100,50,150,2112800,-1.423969,-7.595546,25.684383,12,52,0.900000,0.000100,12
2yki_ligand,70,100,50,150,532000,0.756780,-7.595546,24.104370,12,52,0.900000,0.000100,13
2yki_ligand,56,100,50,150,425600,0.581149,-7.595546,22.171957,12,52,0.900000,0.000100,14
2yki_ligand,132,100,50,150,1003200,-0.297323,-7.595546,26.903456,12,52,0.900000,0.000100,15
2yki_ligand,157,100,50,150,1193200,1.044082,-7.595546,23.672022,12,52,0.900000,0.000100,16
2yki_ligand,102,100,50,150,775200,-1.480546,-7.595546,18.199635,12,52,0.900000,0.000100,17
2yki_ligand,94,100,50,150,714400,-0.123253,-7.595546,24.290464,12,52,0.900000,0.000100,18
2yki_ligand,128,100,50,150,972800,-1.888779,-7.595546,25.590435,12,52,0.900000,0.000100,19
2yki_ligand,138,100,50,150,1048800,-0.053843,-7.595546,24.420544,12,52,0.900000,0.000100,1
2yki_ligand,214,100,50,150,1626400,-1.333771,-7.595546,25.437159,12,52,0.900000,0.000100,2
2yki_ligand,200,100,50,150,1520000,0.383364,-7.595546,22.444706,12,52,0.900000,0.000100,3
2yki_ligand,94,100,50,150,714400,-1.266669,-7.595546,25.882574,12,52,0.900000,0.000100,4
2yki_ligand,178,100,50,150,1352800,0.315024,-7.595546,21.952267,12,52,0.900000,0.000100,5
2yki_ligand,106,100,50,150,805600,-1.492814,-7.595546,11.289503,12,52,0.900000,0.000100,6
2yki_ligand,158,100,50,150,1200800,-0.739344,-7.595546,26.858868,12,52,0.900000,0.000100,7
2yki_ligand,146,100,50,150,1109600,-0.009806,-7.595546,21.820183,12,52,0.900000,0.000100,8
2yki_ligand,167,100,50,150,1269200,0.002915,-7.595546,21.149479,12,52,0.900000,0.000100,9
2yki_ligand,73,100,50,150,554800,-0.000628,-7.595546,27.113350,12,52,0.900000,0.010000,0
2yki_ligand,205,100,50,150,1558000,-2.425048,-7.595546,25.511551,12,52,0.900000,0.010000,10
2yki_ligand,138,100,50,150,1048800,-0.723005,-7.595546,24.615658,12,52,0.900000,0.010000,11
2yki_ligand,90,100,50,150,684000,-1.484973,-7.595546,27.407990,12,52,0.900000,0.010000,12
2yki_ligand,142,100,50,150,1079200,-1.019940,-7.595546,29.964266,12,52,0.900000,0.010000,13
2yki_ligand,227,100,50,150,1725200,-0.797321,-7.595546,21.741228,12,52,0.900000,0.010000,14
2yki_ligand,88,100,50,150,668800,-0.474386,-7.595546,21.551752,12,52,0.900000,0.010000,15
2yki_ligand,76,100,50,150,577600,-0.021148,-7.595546,27.967474,12,52,0.900000,0.010000,16
2yki_ligand,64,100,50,150,486400,0.435123,-7.595546,29.925058,12,52,0.900000,0.010000,17
2yki_ligand,176,100,50,150,1337600,-0.096964,-7.595546,24.324139,12,52,0.900000,0.010000,18
2yki_ligand,164,100,50,150,1246400,-1.607325,-7.595546,10.727223,12,52,0.900000,0.010000,19
2yki_ligand,138,100,50,150,1048800,-0.738817,-7.595546,14.732376,12,52,0.900000,0.010000,1
2yki_ligand,226,100,50,150,1717600,-0.553023,-7.595546,20.122890,12,52,0.900000,0.010000,2
2yki_ligand,90,100,50,150,684000,-0.451121,-7.595546,26.189562,12,52,0.900000,0.010000,3
2yki_ligand,187,100,50,150,1421200,-1.091589,-7.595546,19.146402,12,52,0.900000,0.010000,4
2yki_ligand,140,100,50,150,1064000,-1.217602,-7.595546,25.817514,12,52,0.900000,0.010000,5
2yki_ligand,169,100,50,150,1284400,-1.260206,-7.595546,23.477592,12,52,0.900000,0.010000,6
2yki_ligand,97,100,50,150,737200,-1.547991,-7.595546,30.330603,12,52,0.900000,0.010000,7
2yki_ligand,131,100,50,150,995600,-1.900953,-7.595546,24.474976,12,52,0.900000,0.010000,8
2yki_ligand,62,100,50,150,471200,-0.137462,-7.595546,23.500526,12,52,0.900000,0.010000,9
2yki_ligand,179,100,50,150,1360400,0.499046,-7.595546,27.044537,12,52,0.950000,0.000100,0
2yki_ligand,120,100,50,150,912000,-1.645164,-7.595546,26.106827,12,52,0.950000,0.000100,10
2yki_ligand,154,100,50,150,1170400,-0.811629,-7.595546,19.742016,12,52,0.950000,0.000100,11
2yki_ligand,90,100,50,150,684000,-1.339131,-7.595546,24.826574,12,52,0.950000,0.000100,12
2yki_ligand,200,100,50,150,1520000,0.687799,-7.595546,24.274324,12,52,0.950000,0.000100,13
2yki_ligand,172,100,50,150,1307200,-0.418776,-7.595546,22.482439,12,52,0.950000,0.000100,14
2yki_ligand,116,100,50,150,881600,0.488128,-7.595546,28.456179,12,52,0.950000,0.000100,15
2yki_ligand,96,100,50,150,729600,1.380406,-7.595546,31.968332,12,52,0.950000,0.000100,16
2yki_ligand,250,100,50,150,1900000,-1.106588,-7.595546,25.924576,12,52,0.950000,0.000100,17
2yki_ligand,77,100,50,150,585200,0.378928,-7.595546,24.735781,12,52,0.950000,0.000100,18
2yki_ligand,168,100,50,150,1276800,-0.652635,-7.595546,26.051926,12,52,0.950000,0.000100,19
2yki_ligand,194,100,50,150,1474400,-0.286371,-7.595546,24.909372,12,52,0.950000,0.000100,1
2yki_ligand,144,100,50,150,1094400,-0.011350,-7.595546,26.487856,12,52,0.950000,0.000100,2
2yki_ligand,236,100,50,150,1793600,0.747675,-7.595546,18.718237,12,52,0.950000,0.000100,3
2yki_ligand,115,100,50,150,874000,-1.274964,-7.595546,25.898056,12,52,0.950000,0.000100,4
2yki_ligand,80,100,50,150,608000,1.069557,-7.595546,26.061220,12,52,0.950000,0.000100,5
2yki_ligand,70,100,50,150,532000,-1.363587,-7.595546,11.298339,12,52,0.950000,0.000100,6
2yki_ligand,182,100,50,150,1383200,-0.760164,-7.595546,14.449450,12,52,0.950000,0.000100,7
2yki_ligand,119,100,50,150,904400,-0.042644,-7.595546,21.423332,12,52,0.950000,0.000100,8
2yki_ligand,84,100,50,150,638400,-0.361776,-7.595546,19.603355,12,52,0.950000,0.000100,9
2yki_ligand,272,100,50,150,2067200,-1.002756,-7.595546,21.710402,12,52,0.950000,0.010000,0
2yki_ligand,108,100,50,150,820800,-0.209817,-7.595546,22.944309,12,52,0.950000,0.010000,10
2yki_ligand,84,100,50,150,638400,-0.806496,-7.595546,19.763840,12,52,0.950000,0.010000,11
2yki_ligand,188,100,50,150,1428800,-1.941747,-7.595546,24.655497,12,52,0.950000,0.010000,12
2yki_ligand,179,100,50,150,1360400,-0.978064,-7.595546,24.350103,12,52,0.950000,0.010000,13
2yki_ligand,138,100,50,150,1048800,-0.796928,-7.595546,21.777948,12,52,0.950000,0.010000,14
2yki_ligand,124,100,50,150,942400,-0.818489,-7.595546,26.909216,12,52,0.950000,0.010000,15
2yki_ligand,176,100,50,150,1337600,-0.374411,-7.595546,20.922083,12,52,0.950000,0.010000,16
2yki_ligand,146,100,50,150,1109600,-1.468969,-7.595546,18.194912,12,52,0.950000,0.010000,17
2yki_ligand,82,100,50,150,623200,-1.102297,-7.595546,21.494705,12,52,0.950000,0.010000,18
2yki_ligand,68,100,50,150,516800,-0.663948,-7.595546,11.505443,12,52,0.950000,0.010000,19
2yki_ligand,330,100,50,150,2508000,-0.275941,-7.595546,16.216339,12,52,0.950000,0.010000,1
2yki_ligand,192,100,50,150,1459200,0.332989,-7.595546,24.400787,12,52,0.950000,0.010000,2
2yki_ligand,154,100,50,150,1170400,0.732682,-7.595546,18.751829,12,52,0.950000,0.010000,3
2yki_ligand,83,100,50,150,630800,-1.124818,-7.595546,25.559109,12,52,0.950000,0.010000,4
2yki_ligand,222,100,50,150,1687200,-0.961000,-7.595546,24.143076,12,52,0.950000,0.010000,5
2yki_ligand,201,100,50,150,1527600,-0.980871,-7.595546,30.333986,12,52,0.950000,0.010000,6
2yki_ligand,86,100,50,150,653600,-0.277596,-7.595546,30.427515,12,52,0.950000,0.010000,7
2yki_ligand,244,100,50,150,1854400,-1.886364,-7.595546,24.625172,12,52,0.950000,0.010000,8
2yki_ligand,250,100,50,150,1900000,-0.248957,-7.595546,15.347163,12,52,0.950000,0.010000,9
3ehy_ligand,201,100,50,150,1527600,-5.057951,-7.308385,24.520145,6,29,0.800000,0.000100,0
3ehy_ligand,137,100,50,150,1041200,-5.537194,-7.308385,20.928009,6,29,0.800000,0.000100,10
3ehy_ligand,90,100,50,150,684000,-6.343183,-7.308385,20.152407,6,29,0.800000,0.000100,11
3ehy_ligand,163,100,50,150,1238800,-5.805772,-7.308385,6.325222,6,29,0.800000,0.000100,12
3ehy_ligand,120,100,50,150,912000,-4.260820,-7.308385,21.270142,6,29,0.800000,0.000100,13
3ehy_ligand,153,100,50,150,1162800,-5.618921,-7.308385,6.098695,6,29,0.800000,0.000100,14
3ehy_ligand,100,100,50,150,760000,-4.449964,-7.308385,13.492749,6,29,0.800000,0.000100,15
3ehy_ligand,10,100,50,150,76000,-6.429443,-7.308385,4.099639,6,29,0.800000,0.000100,16
3ehy_ligand,105,100,50,150,798000,-5.626289,-7.308385,5.037336,6,29,0.800000,0.000100,17
3ehy_ligand,267,100,50,150,2029200,-5.380924,-7.308385,21.943132,6,29,0.800000,0.000100,18
3ehy_ligand,169,100,50,150,1284400,-4.672894,-7.308385,10.056972,6,29,0.800000,0.000100,19
3ehy_ligand,10,100,50,150,76000,-6.440838,-7.308385,3.086306,6,29,0.800000,0.000100,1
3ehy_ligand,89,100,50,150,676400,-5.769006,-7.308385,6.845616,6,29,0.800000,0.000100,2
3ehy_ligand,10,100,50,150,76000,-6.678310,-7.308385,5.304233,6,29,0.800000,0.000100,3
3ehy_ligand,77,100,50,150,585200,-4.634420,-7.308385,7.112238,6,29,0.800000,0.000100,4
3ehy_ligand,25,100,50,150,190000,-6.314814,-7.308385,3.041000,6,29,0.800000,0.000100,5
3ehy_ligand,200,100,50,150,1520000,-5.819419,-7.308385,19.912691,6,29,0.800000,0.000100,6
3ehy_ligand,159,100,50,150,1208400,-5.324764,-7.308385,21.692387,6,29,0.800000,0.000100,7
3ehy_ligand,110,100,50,150,836000,-4.657533,-7.308385,9.161960,6,29,0.800000,0.000100,8
3ehy_ligand,6,100,50,150,45600,-6.944795,-7.308385,3.139096,6,29,0.800000,0.000100,9
3ehy_ligand,245,100,50,150,1862000,-5.047834,-7.308385,24.593250,6,29,0.800000,0.010000,0
3ehy_ligand,179,100,50,150,1360400,-5.577753,-7.308385,20.525164,6,29,0.800000,0.010000,10
3ehy_ligand,3,100,50,150,22800,-6.440099,-7.308385,1.297544,6,29,0.800000,0.010000,11
3ehy_ligand,6,100,50,150,45600,-6.716279,-7.308385,4.012566,6,29,0.800000,0.010000,12
3ehy_ligand,124,100,50,150,942400,-5.661875,-7.308385,20.898417,6,29,0.800000,0.010000,13
3ehy_ligand,123,100,50,150,934800,-6.308972,-7.308385,5.865108,6,29,0.800000,0.010000,14
3ehy_ligand,4,100,50,150,30400,-6.703613,-7.308385,6.374963,6,29,0.800000,0.010000,15
3ehy_ligand,6,100,50,150,45600,-6.543101,-7.308385,4.107987,6,29,0.800000,0.010000,16
3ehy_ligand,6,100,50,150,45600,-7.246838,-7.308385,3.798894,6,29,0.800000,0.010000,17
3ehy_ligand,4,100,50,150,30400,-6.968197,-7.308385,4.343027,6,29,0.800000,0.010000,18
3ehy_ligand,4,100,50,150,30400,-7.932967,-7.308385,1.033281,6,29,0.800000,0.010000,19
3ehy_ligand,6,100,50,150,45600,-7.175967,-7.308385,3.309453,6,29,0.800000,0.010000,1
3ehy_ligand,18,100,50,150,136800,-6.392252,-7.308385,6.239652,6,29,0.800000,0.010000,2
3ehy_ligand,165,100,50,150,1254000,-5.733354,-7.308385,19.904011,6,29,0.800000,0.010000,3
3ehy_ligand,238,100,50,150,1808800,-6.027980,-7.308385,5.712532,6,29,0.800000,0.010000,4
3ehy_ligand,34,100,50,150,258400,-6.536732,-7.308385,24.519014,6,29,0.800000,0.010000,5
3ehy_ligand,138,100,50,150,1048800,-4.812930,-7.308385,20.319046,6,29,0.800000,0.010000,6
3ehy_ligand,125,100,50,150,950000,-5.311807,-7.308385,21.697229,6,29,0.800000,0.010000,7
3ehy_ligand,256,100,50,150,1945600,-4.696532,-7.308385,9.000797,6,29,0.800000,0.010000,8
3ehy_ligand,4,100,50,150,30400,-7.548302,-7.308385,5.151608,6,29,0.800000,0.010000,9
3ehy_ligand,119,100,50,150,904400,-4.921635,-7.308385,24.737461,6,29,0.900000,0.000100,0
3ehy_ligand,129,100,50,150,980400,-5.464655,-7.308385,20.729715,6,29,0.900000,0.000100,10
3ehy_ligand,94,100,50,150,714400,-4.109054,-7.308385,23.908236,6,29,0.900000,0.000100,11
3ehy_ligand,101,100,50,150,767600,-6.149143,-7.308385,6.641461,6,29,0.900000,0.000100,12
3ehy_ligand,197,100,50,150,1497200,-5.682607,-7.308385,20.818672,6,29,0.900000,0.000100,13
3ehy_ligand,99,100,50,150,752400,-3.593837,-7.308385,7.942217,6,29,0.900000,0.000100,14
3ehy_ligand,107,100,50,150,813200,-4.673456,-7.308385,13.322972,6,29,0.900000,0.000100,15
3ehy_ligand,10,100,50,150,76000,-6.365676,-7.308385,4.349795,6,29,0.900000,0.000100,16
3ehy_ligand,46,100,50,150,349600,-6.322043,-7.308385,3.909022,6,29,0.900000,0.000100,17
3ehy_ligand,233,100,50,150,1770800,-5.381777,-7.308385,21.899004,6,29,0.900000,0.000100,18
3ehy_ligand,79,100,50,150,600400,-4.652552,-7.308385,10.030221,6,29,0.900000,0.000100,19
3ehy_ligand,24,100,50,150,182400,-6.890558,-7.308385,3.397690,6,29,0.900000,0.000100,1
3ehy_ligand,127,100,50,150,965200,-6.212767,-7.308385,5.965502,6,29,0.900000,0.000100,2
3ehy_ligand,173,100,50,150,1314800,-4.445049,-7.308385,11.641256,6,29,0.900000,0.000100,3
3ehy_ligand,221,100,50,150,1679600,-4.640583,-7.308385,7.111228,6,29,0.900000,0.000100,4
3ehy_ligand,26,100,50,150,197600,-7.289690,-7.308385,3.892902,6,29,0.900000,0.000100,5
3ehy_ligand,129,100,50,150,980400,-4.657543,-7.308385,20.340843,6,29,0.900000,0.000100,6
3ehy_ligand,92,100,50,150,699200,-5.584353,-7.308385,21.498251,6,29,0.900000,0.000100,7
3ehy_ligand,293,100,50,150,2226800,-4.848129,-7.308385,9.107478,6,29,0.900000,0.000100,8
3ehy_ligand,6,100,50,150,45600,-6.755617,-7.308385,3.129909,6,29,0.900000,0.000100,9
3ehy_ligand,153,100,50,150,1162800,-5.106157,-7.308385,24.548450,6,29,0.900000,0.010000,0
3ehy_ligand,169,100,50,150,1284400,-6.223103,-7.308385,5.809819,6,29,0.900000,0.010000,10
3ehy_ligand,4,100,50,150,30400,-7.020380,-7.308385,1.143497,6,29,0.900000,0.010000,11
3ehy_ligand,198,100,50,150,1504800,-6.114330,-7.308385,5.992111,6,29,0.900000,0.010000,12
3ehy_ligand,156,100,50,150,1185600,-5.657170,-7.308385,20.876326,6,29,0.900000,0.010000,13
3ehy_ligand,110,100,50,150,836000,-6.314181,-7.308385,5.899027,6,29,0.900000,0.010000,14
3ehy_ligand,6,100,50,150,45600,-7.046701,-7.308385,6.256645,6,29,0.900000,0.010000,15
3ehy_ligand,8,100,50,150,60800,-6.498232,-7.308385,4.111187,6,29,0.900000,0.010000,16
3ehy_ligand,9,100,50,150,68400,-6.343239,-7.308385,3.202163,6,29,0.900000,0.010000,17
3ehy_ligand,227,100,50,150,1725200,-4.944402,-7.308385,22.545540,6,29,0.900000,0.010000,18
3ehy_ligand,336,100,50,150,2553600,-4.890122,-7.308385,10.685536,6,29,0.900000,0.010000,19
3ehy_ligand,187,100,50,150,1421200,-5.948748,-7.308385,6.883254,6,29,0.900000,0.010000,1
3ehy_ligand,20,100,50,150,152000,-6.348405,-7.308385,5.822102,6,29,0.900000,0.010000,2
3ehy_ligand,161,100,50,150,1223600,-4.615078,-7.308385,20.361265,6,29,0.900000,0.010000,3
3ehy_ligand,197,100,50,150,1497200,-5.556847,-7.308385,5.387944,6,29,0.900000,0.010000,4
3ehy_ligand,62,100,50,150,471200,-6.308778,-7.308385,8.457352,6,29,0.900000,0.010000,5
3ehy_ligand,290,100,50,150,2204000,-6.120275,-7.308385,19.694715,6,29,0.900000,0.010000,6
3ehy_ligand,161,100,50,150,1223600,-5.578777,-7.308385,21.466705,6,29,0.900000,0.010000,7
3ehy_ligand,131,100,50,150,995600,-4.404507,-7.308385,8.573402,6,29,0.900000,0.010000,8
3ehy_ligand,4,100,50,150,30400,-6.491241,-7.308385,3.054262,6,29,0.900000,0.010000,9
3ehy_ligand,210,100,50,150,1596000,-5.009222,-7.308385,24.660248,6,29,0.950000,0.000100,0
3ehy_ligand,174,100,50,150,1322400,-5.109868,-7.308385,21.018198,6,29,0.950000,0.000100,10
3ehy_ligand,93,100,50,150,706800,-4.161496,-7.308385,23.995632,6,29,0.950000,0.000100,11
3ehy_ligand,307,100,50,150,2333200,-4.274252,-7.308385,12.595124,6,29,0.950000,0.000100,12
3ehy_ligand,235,100,50,150,1786000,-5.570408,-7.308385,19.678133,6,29,0.950000,0.000100,13
3ehy_ligand,408,100,50,150,3100800,-4.831403,-7.308385,10.447681,6,29,0.950000,0.000100,14
3ehy_ligand,115,100,50,150,874000,-4.674680,-7.308385,13.304633,6,29,0.950000,0.000100,15
3ehy_ligand,101,100,50,150,767600,-4.579007,-7.308385,21.624159,6,29,0.950000,0.000100,16
3ehy_ligand,123,100,50,150,934800,-5.580272,-7.308385,5.041193,6,29,0.950000,0.000100,17
3ehy_ligand,186,100,50,150,1413600,-3.128306,-7.308385,21.746693,6,29,0.950000,0.000100,18
3ehy_ligand,119,100,50,150,904400,-4.749838,-7.308385,9.993153,6,29,0.950000,0.000100,19
3ehy_ligand,216,100,50,150,1641600,-5.979123,-7.308385,6.925146,6,29,0.950000,0.000100,1
3ehy_ligand,242,100,50,150,1839200,-6.294273,-7.308385,5.999424,6,29,0.950000,0.000100,2
3ehy_ligand,242,100,50,150,1839200,-1.978505,-7.308385,11.548593,6,29,0.950000,0.000100,3
3ehy_ligand,69,100,50,150,524400,-4.639991,-7.308385,7.134567,6,29,0.950000,0.000100,4
3ehy_ligand,22,100,50,150,167200,-6.345692,-7.308385,3.570202,6,29,0.950000,0.000100,5
3ehy_ligand,97,100,50,150,737200,-4.648654,-7.308385,20.357761,6,29,0.950000,0.000100,6
3ehy_ligand,225,100,50,150,1710000,-5.563313,-7.308385,21.446589,6,29,0.950000,0.000100,7
3ehy_ligand,244,100,50,150,1854400,-4.766074,-7.308385,8.985893,6,29,0.950000,0.000100,8
3ehy_ligand,8,100,50,150,60800,-6.660471,-7.308385,3.158618,6,29,0.950000,0.000100,9
3ehy_ligand,124,100,50,150,942400,-5.071923,-7.308385,24.563459,6,29,0.950000,0.010000,0
3ehy_ligand,179,100,50,150,1360400,-5.505180,-7.308385,20.920721,6,29,0.950000,0.010000,10
3ehy_ligand,97,100,50,150,737200,-5.164964,-7.308385,23.296495,6,29,0.950000,0.010000,11
3ehy_ligand,8,100,50,150,60800,-7.030652,-7.308385,4.143848,6,29,0.950000,0.010000,12
3ehy_ligand,218,100,50,150,1656800,-5.581207,-7.308385,19.639032,6,29,0.950000,0.010000,13
3ehy_ligand,134,100,50,150,1018400,-5.806497,-7.308385,5.835726,6,29,0.950000,0.010000,14
3ehy_ligand,6,100,50,150,45600,-6.772040,-7.308385,6.819672,6,29,0.950000,0.010000,15
3ehy_ligand,119,100,50,150,904400,-4.023503,-7.308385,24.412203,6,29,0.950000,0.010000,16
3ehy_ligand,12,100,50,150,91200,-6.636835,-7.308385,3.320375,6,29,0.950000,0.010000,17
3ehy_ligand,196,100,50,150,1489600,-5.376785,-7.308385,21.949890,6,29,0.950000,0.010000,18
3ehy_ligand,4,100,50,150,30400,-7.809979,-7.308385,1.218690,6,29,0.950000,0.010000,19
3ehy_ligand,208,100,50,150,1580800,-5.933660,-7.308385,6.808503,6,29,0.950000,0.010000,1
3ehy_ligand,12,100,50,150,91200,-6.391071,-7.308385,5.845906,6,29,0.950000,0.010000,2
3ehy_ligand,209,100,50,150,1588400,-4.659050,-7.308385,8.960801,6,29,0.950000,0.010000,3
3ehy_ligand,80,100,50,150,608000,-4.630799,-7.308385,7.148462,6,29,0.950000,0.010000,4
3ehy_ligand,191,100,50,150,1451600,-4.641409,-7.308385,23.022627,6,29,0.950000,0.010000,5
3ehy_ligand,151,100,50,150,1147600,-6.226103,-7.308385,19.698917,6,29,0.950000,0.010000,6
3ehy_ligand,159,100,50,150,1208400,-5.308838,-7.308385,21.693445,6,29,0.950000,0.010000,7
3ehy_ligand,72,100,50,150,547200,-4.360191,-7.308385,8.568383,6,29,0.950000,0.010000,8
3ehy_ligand,6,100,50,150,45600,-6.895868,-7.308385,3.079851,6,29,0.950000,0.010000,9
3gy4_ligand,4,100,50,150,30400,-1.422669,-1.054222,5.343961,2,20,0.800000,0.000100,0
3gy4_ligand,8,100,50,150,60800,-0.261370,-1.054222,2.554739,2,20,0.800000,0.000100,10
3gy4_ligand,4,100,50,150,30400,-0.610580,-1.054222,6.913638,2,20,0.800000,0.000100,11
3gy4_ligand,2,100,50,150,15200,-0.746845,-1.054222,5.359398,2,20,0.800000,0.000100,12
3gy4_ligand,2,100,50,150,15200,-1.524684,-1.054222,5.498482,2,20,0.800000,0.000100,13
3gy4_ligand,6,100,50,150,45600,-0.117360,-1.054222,10.551011,2,20,0.800000,0.000100,14
3gy4_ligand,2,100,50,150,15200,-1.009904,-1.054222,5.924961,2,20,0.800000,0.000100,15
3gy4_ligand,2,100,50,150,15200,-1.071815,-1.054222,4.890953,2,20,0.800000,0.000100,16
3gy4_ligand,12,100,50,150,91200,-0.061462,-1.054222,3.994678,2,20,0.800000,0.000100,17
3gy4_ligand,2,100,50,150,15200,-0.935112,-1.054222,6.057416,2,20,0.800000,0.000100,18
3gy4_ligand,2,100,50,150,15200,-0.583467,-1.054222,5.636909,2,20,0.800000,0.000100,19
3gy4_ligand,4,100,50,150,30400,-0.145067,-1.054222,11.745166,2,20,0.800000,0.000100,1
3gy4_ligand,12,100,50,150,91200,-1.328499,-1.054222,5.349136,2,20,0.800000,0.000100,2
3gy4_ligand,4,100,50,150,30400,-0.355166,-1.054222,5.327381,2,20,0.800000,0.000100,3
3gy4_ligand,2,100,50,150,15200,-1.577133,-1.054222,5.556705,2,20,0.800000,0.000100,4
3gy4_ligand,2,100,50,150,15200,-0.795045,-1.054222,4.587379,2,20,0.800000,0.000100,5
3gy4_ligand,4,100,50,150,30400,-0.104549,-1.054222,8.151202,2,20,0.800000,0.000100,6
3gy4_ligand,4,100,50,150,30400,-0.237300,-1.054222,7.318220,2,20,0.800000,0.000100,7
3gy4_ligand,6,100,50,150,45600,-0.078301,-1.054222,12.527118,2,20,0.800000,0.000100,8
3gy4_ligand,6,100,50,150,45600,-0.104847,-1.054222,2.967641,2,20,0.800000,0.000100,9
3gy4_ligand,2,100,50,150,15200,-0.927676,-1.054222,4.832483,2,20,0.800000,0.010000,0
3gy4_ligand,4,100,50,150,30400,-0.780729,-1.054222,2.243212,2,20,0.800000,0.010000,10
3gy4_ligand,3,100,50,150,22800,-0.082946,-1.054222,14.078605,2,20,0.800000,0.010000,11
3gy4_ligand,2,100,50,150,15200,-1.615472,-1.054222,5.455650,2,20,0.800000,0.010000,12
3gy4_ligand,2,100,50,150,15200,-1.628350,-1.054222,5.552310,2,20,0.800000,0.010000,13
3gy4_ligand,2,100,50,150,15200,-0.095672,-1.054222,10.103873,2,20,0.800000,0.010000,14
3gy4_ligand,2,100,50,150,15200,-1.189508,-1.054222,5.421304,2,20,0.800000,0.010000,15
3gy4_ligand,2,100,50,150,15200,-1.446591,-1.054222,5.092890,2,20,0.800000,0.010000,16
3gy4_ligand,2,100,50,150,15200,-1.490994,-1.054222,1.045110,2,20,0.800000,0.010000,17
3gy4_ligand,2,100,50,150,15200,-1.162884,-1.054222,6.055502,2,20,0.800000,0.010000,18
3gy4_ligand,2,100,50,150,15200,-1.700202,-1.054222,5.417391,2,20,0.800000,0.010000,19
3gy4_ligand,4,100,50,150,30400,-0.371522,-1.054222,10.404286,2,20,0.800000,0.010000,1
3gy4_ligand,4,100,50,150,30400,-0.258516,-1.054222,11.646366,2,20,0.800000,0.010000,2
3gy4_ligand,2,100,50,150,15200,-0.472243,-1.054222,8.628206,2,20,0.800000,0.010000,3
3gy4_ligand,2,100,50,150,15200,-1.625120,-1.054222,5.487497,2,20,0.800000,0.010000,4
3gy4_ligand,2,100,50,150,15200,-1.954363,-1.054222,4.535164,2,20,0.800000,0.010000,5
3gy4_ligand,2,100,50,150,15200,-0.251719,-1.054222,7.428110,2,20,0.800000,0.010000,6
3gy4_ligand,2,100,50,150,15200,-0.095780,-1.054222,10.659428,2,20,0.800000,0.010000,7
3gy4_ligand,2,100,50,150,15200,-0.528330,-1.054222,9.692039,2,20,0.800000,0.010000,8
3gy4_ligand,2,100,50,150,15200,-0.965634,-1.054222,5.500949,2,20,0.800000,0.010000,9
3gy4_ligand,4,100,50,150,30400,-1.027777,-1.054222,4.782776,2,20,0.900000,0.000100,0
3gy4_ligand,8,100,50,150,60800,-0.123645,-1.054222,2.548667,2,20,0.900000,0.000100,10
3gy4_ligand,4,100,50,150,30400,-0.539944,-1.054222,6.872378,2,20,0.900000,0.000100,11
3gy4_ligand,4,100,50,150,30400,-1.522946,-1.054222,5.344326,2,20,0.900000,0.000100,12
3gy4_ligand,2,100,50,150,15200,-0.167448,-1.054222,5.531883,2,20,0.900000,0.000100,13
3gy4_ligand,6,100,50,150,45600,-0.098352,-1.054222,10.544045,2,20,0.900000,0.000100,14
3gy4_ligand,2,100,50,150,15200,-0.474251,-1.054222,5.543220,2,20,0.900000,0.000100,15
3gy4_ligand,4,100,50,150,30400,-1.259563,-1.054222,5.254789,2,20,0.900000,0.000100,16
3gy4_ligand,4,100,50,150,30400,-0.300781,-1.054222,1.334936,2,20,0.900000,0.000100,17
3gy4_ligand,2,100,50,150,15200,-0.286468,-1.054222,6.356852,2,20,0.900000,0.000100,18
3gy4_ligand,4,100,50,150,30400,-1.343338,-1.054222,5.433449,2,20,0.900000,0.000100,19
3gy4_ligand,105,100,50,150,798000,0.054118,-1.054222,3.261905,2,20,0.900000,0.000100,1
3gy4_ligand,8,100,50,150,60800,-0.548546,-1.054222,4.982552,2,20,0.900000,0.000100,2
3gy4_ligand,6,100,50,150,45600,-0.425018,-1.054222,8.768436,2,20,0.900000,0.000100,3
3gy4_ligand,2,100,50,150,15200,-0.731179,-1.054222,6.183897,2,20,0.900000,0.000100,4
3gy4_ligand,4,100,50,150,30400,-1.924823,-1.054222,4.494269,2,20,0.900000,0.000100,5
3gy4_ligand,4,100,50,150,30400,-0.079262,-1.054222,8.163413,2,20,0.900000,0.000100,6
3gy4_ligand,6,100,50,150,45600,-0.651114,-1.054222,6.004181,2,20,0.900000,0.000100,7
3gy4_ligand,8,100,50,150,60800,-0.381299,-1.054222,12.377380,2,20,0.900000,0.000100,8
3gy4_ligand,6,100,50,150,45600,-0.137078,-1.054222,3.009464,2,20,0.900000,0.000100,9
3gy4_ligand,2,100,50,150,15200,-0.162557,-1.054222,5.578940,2,20,0.900000,0.010000,0
3gy4_ligand,3,100,50,150,22800,-0.286428,-1.054222,5.470796,2,20,0.900000,0.010000,10
3gy4_ligand,4,100,50,150,30400,-0.398318,-1.054222,8.973516,2,20,0.900000,0.010000,11
3gy4_ligand,4,100,50,150,30400,-1.660303,-1.054222,5.473290,2,20,0.900000,0.010000,12
3gy4_ligand,2,100,50,150,15200,-1.484600,-1.054222,5.500734,2,20,0.900000,0.010000,13
3gy4_ligand,4,100,50,150,30400,-0.227130,-1.054222,9.180145,2,20,0.900000,0.010000,14
3gy4_ligand,2,100,50,150,15200,-0.830151,-1.054222,4.855960,2,20,0.900000,0.010000,15
3gy4_ligand,2,100,50,150,15200,-0.975135,-1.054222,4.741939,2,20,0.900000,0.010000,16
3gy4_ligand,2,100,50,150,15200,-0.103179,-1.054222,1.364027,2,20,0.900000,0.010000,17
3gy4_ligand,2,100,50,150,15200,-0.833060,-1.054222,6.104256,2,20,0.900000,0.010000,18
3gy4_ligand,2,100,50,150,15200,-1.010611,-1.054222,5.638322,2,20,0.900000,0.010000,19
3gy4_ligand,4,100,50,150,30400,-0.332020,-1.054222,12.214353,2,20,0.900000,0.010000,1
3gy4_ligand,6,100,50,150,45600,-0.434946,-1.054222,10.938838,2,20,0.900000,0.010000,2
3gy4_ligand,3,100,50,150,22800,-0.072406,-1.054222,8.491615,2,20,0.900000,0.010000,3
3gy4_ligand,2,100,50,150,15200,-0.846133,-1.054222,6.014544,2,20,0.900000,0.010000,4
3gy4_ligand,2,100,50,150,15200,-1.496736,-1.054222,4.526816,2,20,0.900000,0.010000,5
3gy4_ligand,4,100,50,150,30400,-0.516038,-1.054222,7.986932,2,20,0.900000,0.010000,6
3gy4_ligand,4,100,50,150,30400,-0.540698,-1.054222,7.130792,2,20,0.900000,0.010000,7
3gy4_ligand,4,100,50,150,30400,-0.310315,-1.054222,13.759542,2,20,0.900000,0.010000,8
3gy4_ligand,4,100,50,150,30400,-0.926274,-1.054222,5.349716,2,20,0.900000,0.010000,9
3gy4_ligand,14,100,50,150,106400,-0.056134,-1.054222,9.747259,2,20,0.950000,0.000100,0
3gy4_ligand,12,100,50,150,91200,-1.230224,-1.054222,2.344777,2,20,0.950000,0.000100,10
3gy4_ligand,6,100,50,150,45600,-0.361941,-1.054222,7.034039,2,20,0.950000,0.000100,11
3gy4_ligand,10,100,50,150,76000,-0.791631,-1.054222,2.676584,2,20,0.950000,0.000100,12
3gy4_ligand,4,100,50,150,30400,-1.466578,-1.054222,5.491019,2,20,0.950000,0.000100,13
3gy4_ligand,8,100,50,150,60800,-0.077167,-1.054222,10.579179,2,20,0.950000,0.000100,14
3gy4_ligand,3,100,50,150,22800,-0.436293,-1.054222,6.706709,2,20,0.950000,0.000100,15
3gy4_ligand,4,100,50,150,30400,-0.771652,-1.054222,5.209706,2,20,0.950000,0.000100,16
3gy4_ligand,12,100,50,150,91200,-0.058088,-1.054222,3.992815,2,20,0.950000,0.000100,17
3gy4_ligand,3,100,50,150,22800,-0.536262,-1.054222,6.250413,2,20,0.950000,0.000100,18
3gy4_ligand,4,100,50,150,30400,-0.739482,-1.054222,5.597809,2,20,0.950000,0.000100,19
3gy4_ligand,8,100,50,150,60800,-0.361777,-1.054222,11.544830,2,20,0.950000,0.000100,1
3gy4_ligand,15,100,50,150,114000,-0.084223,-1.054222,5.695999,2,20,0.950000,0.000100,2
3gy4_ligand,7,100,50,150,53200,-0.057180,-1.054222,9.400300,2,20,0.950000,0.000100,3
3gy4_ligand,2,100,50,150,15200,-0.395306,-1.054222,6.255746,2,20,0.950000,0.000100,4
3gy4_ligand,4,100,50,150,30400,-1.110036,-1.054222,4.546277,2,20,0.950000,0.000100,5
3gy4_ligand,6,100,50,150,45600,-0.119503,-1.054222,8.182776,2,20,0.950000,0.000100,6
3gy4_ligand,6,100,50,150,45600,-0.317010,-1.054222,6.576190,2,20,0.950000,0.000100,7
3gy4_ligand,8,100,50,150,60800,-0.226863,-1.054222,11.876517,2,20,0.950000,0.000100,8
3gy4_ligand,6,100,50,150,45600,-0.070745,-1.054222,2.944114,2,20,0.950000,0.000100,9
3gy4_ligand,4,100,50,150,30400,-0.308085,-1.054222,5.912686,2,20,0.950000,0.010000,0
3gy4_ligand,6,100,50,150,45600,-0.778230,-1.054222,5.521015,2,20,0.950000,0.010000,10
3gy4_ligand,4,100,50,150,30400,-0.605338,-1.054222,6.881150,2,20,0.950000,0.010000,11
3gy4_ligand,4,100,50,150,30400,-1.257571,-1.054222,5.480273,2,20,0.950000,0.010000,12
3gy4_ligand,4,100,50,150,30400,-1.675027,-1.054222,5.484262,2,20,0.950000,0.010000,13
3gy4_ligand,4,100,50,150,30400,-0.126112,-1.054222,10.306678,2,20,0.950000,0.010000,14
3gy4_ligand,2,100,50,150,15200,-0.420872,-1.054222,5.551306,2,20,0.950000,0.010000,15
3gy4_ligand,4,100,50,150,30400,-1.417827,-1.054222,5.116762,2,20,0.950000,0.010000,16
3gy4_ligand,4,100,50,150,30400,-0.210124,-1.054222,1.321049,2,20,0.950000,0.010000,17
3gy4_ligand,3,100,50,150,22800,-0.665062,-1.054222,6.176512,2,20,0.950000,0.010000,18
3gy4_ligand,4,100,50,150,30400,-1.383232,-1.054222,5.476422,2,20,0.950000,0.010000,19
3gy4_ligand,4,100,50,150,30400,-0.505619,-1.054222,10.464570,2,20,0.950000,0.010000,1
3gy4_ligand,6,100,50,150,45600,-0.946140,-1.054222,5.272530,2,20,0.950000,0.010000,2
3gy4_ligand,4,100,50,150,30400,-0.482505,-1.054222,8.607770,2,20,0.950000,0.010000,3
3gy4_ligand,2,100,50,150,15200,-0.681606,-1.054222,6.220797,2,20,0.950000,0.010000,4
3gy4_ligand,4,100,50,150,30400,-1.929334,-1.054222,5.186511,2,20,0.950000,0.010000,5
3gy4_ligand,4,100,50,150,30400,-0.057439,-1.054222,8.146034,2,20,0.950000,0.010000,6
3gy4_ligand,6,100,50,150,45600,-0.729339,-1.054222,6.793128,2,20,0.950000,0.010000,7
3gy4_ligand,4,100,50,150,30400,-0.547218,-1.054222,9.692351,2,20,0.950000,0.010000,8
3gy4_ligand,6,100,50,150,45600,-0.208173,-1.054222,2.043008,2,20,0.950000,0.010000,9
3o9i_ligand,155,100,50,150,1178000,2.574004,-4.736212,23.109627,28,81,0.800000,0.000100,0
3o9i_ligand,194,100,50,150,1474400,2.518134,-4.736212,17.389832,28,81,0.800000,0.000100,10
3o9i_ligand,128,100,50,150,972800,2.971488,-4.736212,19.074755,28,81,0.800000,0.000100,11
3o9i_ligand,228,100,50,150,1732800,2.357826,-4.736212,18.595535,28,81,0.800000,0.000100,12
3o9i_ligand,178,100,50,150,1352800,1.827854,-4.736212,23.176302,28,81,0.800000,0.000100,13
3o9i_ligand,145,100,50,150,1102000,1.252212,-4.736212,20.461798,28,81,0.800000,0.000100,14
3o9i_ligand,128,100,50,150,972800,1.303690,-4.736212,16.511322,28,81,0.800000,0.000100,15
3o9i_ligand,160,100,50,150,1216000,2.641138,-4.736212,24.132639,28,81,0.800000,0.000100,16
3o9i_ligand,124,100,50,150,942400,0.948570,-4.736212,16.151268,28,81,0.800000,0.000100,17
3o9i_ligand,161,100,50,150,1223600,3.194257,-4.736212,19.512421,28,81,0.800000,0.000100,18
3o9i_ligand,200,100,50,150,1520000,2.949534,-4.736212,16.094547,28,81,0.800000,0.000100,19
3o9i_ligand,163,100,50,150,1238800,7.364020,-4.736212,20.745495,28,81,0.800000,0.000100,1
3o9i_ligand,84,100,50,150,638400,2.350085,-4.736212,19.747118,28,81,0.800000,0.000100,2
3o9i_ligand,195,100,50,150,1482000,7.898876,-4.736212,22.817297,28,81,0.800000,0.000100,3
3o9i_ligand,161,100,50,150,1223600,2.411930,-4.736212,13.603194,28,81,0.800000,0.000100,4
3o9i_ligand,174,100,50,150,1322400,2.330774,-4.736212,20.199539,28,81,0.800000,0.000100,5
3o9i_ligand,127,100,50,150,965200,1.581958,-4.736212,15.474568,28,81,0.800000,0.000100,6
3o9i_ligand,188,100,50,150,1428800,1.744008,-4.736212,15.816051,28,81,0.800000,0.000100,7
3o9i_ligand,118,100,50,150,896800,3.896758,-4.736212,18.595076,28,81,0.800000,0.000100,9
3o9i_ligand,159,100,50,150,1208400,2.141917,-4.736212,21.786097,28,81,0.800000,0.010000,0
3o9i_ligand,117,100,50,150,889200,1.621271,-4.736212,18.747482,28,81,0.800000,0.010000,10
3o9i_ligand,319,100,50,150,2424400,1.906079,-4.736212,17.695759,28,81,0.800000,0.010000,11
3o9i_ligand,266,100,50,150,2021600,-0.695420,-4.736212,21.592194,28,81,0.800000,0.010000,12
3o9i_ligand,224,100,50,150,1702400,2.569753,-4.736212,14.424074,28,81,0.800000,0.010000,13
3o9i_ligand,142,100,50,150,1079200,1.694316,-4.736212,16.743505,28,81,0.800000,0.010000,14
3o9i_ligand,320,100,50,150,2432000,1.250009,-4.736212,22.094891,28,81,0.800000,0.010000,15
3o9i_ligand,280,100,50,150,2128000,0.692498,-4.736212,15.326686,28,81,0.800000,0.010000,16
3o9i_ligand,163,100,50,150,1238800,0.594288,-4.736212,16.453058,28,81,0.800000,0.010000,17
3o9i_ligand,391,100,50,150,2971600,1.821370,-4.736212,16.402718,28,81,0.800000,0.010000,18
3o9i_ligand,305,100,50,150,2318000,2.621729,-4.736212,17.134453,28,81,0.800000,0.010000,19
3o9i_ligand,509,100,50,150,3868400,1.899794,-4.736212,17.345819,28,81,0.800000,0.010000,1
3o9i_ligand,374,100,50,150,2842400,1.902998,-4.736212,18.286104,28,81,0.800000,0.010000,2
3o9i_ligand,361,100,50,150,2743600,1.876441,-4.736212,26.149393,28,81,0.800000,0.010000,3
3o9i_ligand,167,100,50,150,1269200,1.592197,-4.736212,17.228767,28,81,0.800000,0.010000,4
3o9i_ligand,401,100,50,150,3047600,-0.191583,-4.736212,19.536787,28,81,0.800000,0.010000,5
3o9i_ligand,118,100,50,150,896800,2.827895,-4.736212,21.035431,28,81,0.800000,0.010000,6
3o9i_ligand,194,100,50,150,1474400,1.625305,-4.736212,17.477726,28,81,0.800000,0.010000,7
3o9i_ligand,114,100,50,150,866400,2.982312,-4.736212,17.367250,28,81,0.800000,0.010000,8
3o9i_ligand,118,100,50,150,896800,0.390973,-4.736212,20.123901,28,81,0.800000,0.010000,9
3o9i_ligand,173,100,50,150,1314800,2.585096,-4.736212,22.971447,28,81,0.900000,0.000100,0
3o9i_ligand,284,100,50,150,2158400,2.496596,-4.736212,23.013371,28,81,0.900000,0.000100,10
3o9i_ligand,190,100,50,150,1444000,2.747499,-4.736212,17.655966,28,81,0.900000,0.000100,11
3o9i_ligand,176,100,50,150,1337600,0.316177,-4.736212,17.526278,28,81,0.900000,0.000100,12
3o9i_ligand,120,100,50,150,912000,2.526975,-4.736212,24.793180,28,81,0.900000,0.000100,13
3o9i_ligand,104,100,50,150,790400,3.228026,-4.736212,19.163845,28,81,0.900000,0.000100,14
3o9i_ligand,359,100,50,150,2728400,2.206743,-4.736212,24.778292,28,81,0.900000,0.000100,15
3o9i_ligand,354,100,50,150,2690400,2.563127,-4.736212,26.214373,28,81,0.900000,0.000100,16
3o9i_ligand,326,100,50,150,2477600,1.677602,-4.736212,15.101190,28,81,0.900000,0.000100,17
3o9i_ligand,212,100,50,150,1611200,3.586383,-4.736212,20.627542,28,81,0.900000,0.000100,18
3o9i_ligand,175,100,50,150,1330000,3.246665,-4.736212,15.694698,28,81,0.900000,0.000100,19
3o9i_ligand,186,100,50,150,1413600,6.195250,-4.736212,17.819826,28,81,0.900000,0.000100,1
3o9i_ligand,176,100,50,150,1337600,1.697214,-4.736212,24.162327,28,81,0.900000,0.000100,2
3o9i_ligand,327,100,50,150,2485200,8.385927,-4.736212,23.627171,28,81,0.900000,0.000100,3
3o9i_ligand,215,100,50,150,1634000,2.174144,-4.736212,17.700991,28,81,0.900000,0.000100,4
3o9i_ligand,228,100,50,150,1732800,1.822798,-4.736212,20.154943,28,81,0.900000,0.000100,5
3o9i_ligand,208,100,50,150,1580800,1.584748,-4.736212,15.682128,28,81,0.900000,0.000100,6
3o9i_ligand,176,100,50,150,1337600,2.846814,-4.736212,18.204094,28,81,0.900000,0.000100,7
3o9i_ligand,199,100,50,150,1512400,0.089893,-4.736212,15.419623,28,81,0.900000,0.000100,8
3o9i_ligand,187,100,50,150,1421200,1.195170,-4.736212,15.277578,28,81,0.900000,0.000100,9
3o9i_ligand,214,100,50,150,1626400,1.384923,-4.736212,20.669092,28,81,0.900000,0.010000,0
3o9i_ligand,189,100,50,150,1436400,1.953083,-4.736212,19.721649,28,81,0.900000,0.010000,10
3o9i_ligand,56,100,50,150,425600,2.931639,-4.736212,18.499098,28,81,0.900000,0.010000,11
3o9i_ligand,116,100,50,150,881600,-0.239917,-4.736212,27.604265,28,81,0.900000,0.010000,12
3o9i_ligand,301,100,50,150,2287600,2.411164,-4.736212,22.202700,28,81,0.900000,0.010000,13
3o9i_ligand,201,100,50,150,1527600,0.427178,-4.736212,19.084076,28,81,0.900000,0.010000,14
3o9i_ligand,220,100,50,150,1672000,1.375795,-4.736212,21.941000,28,81,0.900000,0.010000,15
3o9i_ligand,288,100,50,150,2188800,0.025714,-4.736212,21.819376,28,81,0.900000,0.010000,16
3o9i_ligand,256,100,50,150,1945600,2.438928,-4.736212,18.663910,28,81,0.900000,0.010000,17
3o9i_ligand,214,100,50,150,1626400,2.604740,-4.736212,19.883375,28,81,0.900000,0.010000,18
3o9i_ligand,440,100,50,150,3344000,0.308932,-4.736212,15.839893,28,81,0.900000,0.010000,19
3o9i_ligand,276,100,50,150,2097600,2.614929,-4.736212,15.602128,28,81,0.900000,0.010000,1
3o9i_ligand,367,100,50,150,2789200,2.094121,-4.736212,23.728674,28,81,0.900000,0.010000,2
3o9i_ligand,72,100,50,150,547200,7.537376,-4.736212,28.716282,28,81,0.900000,0.010000,3
3o9i_ligand,215,100,50,150,1634000,1.377617,-4.736212,19.751377,28,81,0.900000,0.010000,4
3o9i_ligand,240,100,50,150,1824000,0.424281,-4.736212,14.386079,28,81,0.900000,0.010000,5
3o9i_ligand,286,100,50,150,2173600,0.669608,-4.736212,21.037428,28,81,0.900000,0.010000,6
3o9i_ligand,204,100,50,150,1550400,2.383035,-4.736212,17.440180,28,81,0.900000,0.010000,7
3o9i_ligand,268,100,50,150,2036800,0.655674,-4.736212,14.073053,28,81,0.900000,0.010000,8
3o9i_ligand,160,100,50,150,1216000,0.129484,-4.736212,18.440889,28,81,0.900000,0.010000,9
3o9i_ligand,202,100,50,150,1535200,3.814548,-4.736212,21.682655,28,81,0.950000,0.000100,0
3o9i_ligand,209,100,50,150,1588400,3.744814,-4.736212,19.007658,28,81,0.950000,0.000100,10
3o9i_ligand,135,100,50,150,1026000,2.089515,-4.736212,16.463980,28,81,0.950000,0.000100,11
3o9i_ligand,192,100,50,150,1459200,-0.041856,-4.736212,16.435629,28,81,0.950000,0.000100,12
3o9i_ligand,430,100,50,150,3268000,1.498559,-4.736212,20.161818,28,81,0.950000,0.000100,13
3o9i_ligand,362,100,50,150,2751200,3.119082,-4.736212,22.958807,28,81,0.950000,0.000100,14
3o9i_ligand,132,100,50,150,1003200,1.832276,-4.736212,22.893797,28,81,0.950000,0.000100,15
3o9i_ligand,238,100,50,150,1808800,2.297021,-4.736212,25.638531,28,81,0.950000,0.000100,16
3o9i_ligand,183,100,50,150,1390800,1.002303,-4.736212,15.501498,28,81,0.950000,0.000100,17
3o9i_ligand,260,100,50,150,1976000,1.787681,-4.736212,18.580036,28,81,0.950000,0.000100,18
3o9i_ligand,124,100,50,150,942400,2.961175,-4.736212,18.735426,28,81,0.950000,0.000100,19
3o9i_ligand,230,100,50,150,1748000,5.927126,-4.736212,20.561628,28,81,0.950000,0.000100,1
3o9i_ligand,180,100,50,150,1368000,2.507311,-4.736212,25.294468,28,81,0.950000,0.000100,2
3o9i_ligand,159,100,50,150,1208400,3.845336,-4.736212,23.259377,28,81,0.950000,0.000100,3
3o9i_ligand,198,100,50,150,1504800,1.546596,-4.736212,17.340931,28,81,0.950000,0.000100,4
3o9i_ligand,126,100,50,150,957600,2.729938,-4.736212,16.726500,28,81,0.950000,0.000100,5
3o9i_ligand,174,100,50,150,1322400,1.592352,-4.736212,15.680327,28,81,0.950000,0.000100,6
3o9i_ligand,133,100,50,150,1010800,1.125473,-4.736212,16.928858,28,81,0.950000,0.000100,7
3o9i_ligand,163,100,50,150,1238800,3.775082,-4.736212,16.153254,28,81,0.950000,0.000100,8
3o9i_ligand,284,100,50,150,2158400,1.156826,-4.736212,17.332792,28,81,0.950000,0.000100,9
3o9i_ligand,228,100,50,150,1732800,2.390983,-4.736212,21.601748,28,81,0.950000,0.010000,0
3o9i_ligand,116,100,50,150,881600,3.366210,-4.736212,16.128876,28,81,0.950000,0.010000,10
3o9i_ligand,203,100,50,150,1542800,3.302080,-4.736212,29.599264,28,81,0.950000,0.010000,11
3o9i_ligand,110,100,50,150,836000,0.340399,-4.736212,22.570887,28,81,0.950000,0.010000,12
3o9i_ligand,230,100,50,150,1748000,1.366687,-4.736212,23.656412,28,81,0.950000,0.010000,13
3o9i_ligand,88,100,50,150,668800,1.970668,-4.736212,19.756699,28,81,0.950000,0.010000,14
3o9i_ligand,148,100,50,150,1124800,1.104028,-4.736212,18.873428,28,81,0.950000,0.010000,15
3o9i_ligand,182,100,50,150,1383200,-0.336344,-4.736212,27.134169,28,81,0.950000,0.010000,16
3o9i_ligand,320,100,50,150,2432000,2.774204,-4.736212,18.000523,28,81,0.950000,0.010000,17
3o9i_ligand,213,100,50,150,1618800,2.833084,-4.736212,16.321100,28,81,0.950000,0.010000,18
3o9i_ligand,146,100,50,150,1109600,2.109799,-4.736212,16.600544,28,81,0.950000,0.010000,19
3o9i_ligand,107,100,50,150,813200,6.502153,-4.736212,22.072906,28,81,0.950000,0.010000,1
3o9i_ligand,224,100,50,150,1702400,2.345685,-4.736212,21.208187,28,81,0.950000,0.010000,2
3o9i_ligand,646,100,50,150,4909600,3.108709,-4.736212,21.750713,28,81,0.950000,0.010000,3
3o9i_ligand,62,100,50,150,471200,3.054300,-4.736212,17.637161,28,81,0.950000,0.010000,4
3o9i_ligand,226,100,50,150,1717600,1.270297,-4.736212,14.419417,28,81,0.950000,0.010000,5
3o9i_ligand,370,100,50,150,2812000,2.312094,-4.736212,22.824421,28,81,0.950000,0.010000,6
3o9i_ligand,268,100,50,150,2036800,1.937864,-4.736212,21.598341,28,81,0.950000,0.010000,7
3o9i_ligand,248,100,50,150,1884800,1.558219,-4.736212,15.766315,28,81,0.950000,0.010000,8
3o9i_ligand,252,100,50,150,1915200,1.726631,-4.736212,21.432049,28,81,0.950000,0.010000,9
3oe5_ligand,15,100,50,150,114000,-2.538513,-3.509636,9.778865,16,50,0.800000,0.000100,0
3oe5_ligand,12,100,50,150,91200,-2.560709,-3.509636,21.087332,16,50,0.800000,0.000100,10
3oe5_ligand,20,100,50,150,152000,-2.943577,-3.509636,14.199012,16,50,0.800000,0.000100,11
3oe5_ligand,26,100,50,150,197600,-2.695782,-3.509636,18.746801,16,50,0.800000,0.000100,12
3oe5_ligand,76,100,50,150,577600,-0.612124,-3.509636,16.274813,16,50,0.800000,0.000100,13
3oe5_ligand,22,100,50,150,167200,-2.839758,-3.509636,19.115562,16,50,0.800000,0.000100,14
3oe5_ligand,230,100,50,150,1748000,-2.240470,-3.509636,14.532520,16,50,0.800000,0.000100,15
3oe5_ligand,10,100,50,150,76000,-2.898552,-3.509636,6.208701,16,50,0.800000,0.000100,16
3oe5_ligand,7,100,50,150,53200,-2.583982,-3.509636,21.200224,16,50,0.800000,0.000100,17
3oe5_ligand,8,100,50,150,60800,-3.027490,-3.509636,15.596883,16,50,0.800000,0.000100,18
3oe5_ligand,28,100,50,150,212800,-2.570048,-3.509636,19.166925,16,50,0.800000,0.000100,19
3oe5_ligand,166,100,50,150,1261600,-2.117934,-3.509636,10.523806,16,50,0.800000,0.000100,1
3oe5_ligand,38,100,50,150,288800,-3.232145,-3.509636,16.799295,16,50,0.800000,0.000100,2
3oe5_ligand,8,100,50,150,60800,-2.866023,-3.509636,20.864105,16,50,0.800000,0.000100,3
3oe5_ligand,139,100,50,150,1056400,-2.060861,-3.509636,12.581135,16,50,0.800000,0.000100,4
3oe5_ligand,8,100,50,150,60800,-2.517670,-3.509636,9.471285,16,50,0.800000,0.000100,5
3oe5_ligand,203,100,50,150,1542800,-0.641917,-3.509636,16.938437,16,50,0.800000,0.000100,6
3oe5_ligand,128,100,50,150,972800,-2.378677,-3.509636,20.513023,16,50,0.800000,0.000100,7
3oe5_ligand,16,100,50,150,121600,-2.533914,-3.509636,19.624689,16,50,0.800000,0.000100,8
3oe5_ligand,38,100,50,150,288800,-2.511181,-3.509636,16.510834,16,50,0.800000,0.000100,9
3oe5_ligand,6,100,50,150,45600,-2.722870,-3.509636,11.215370,16,50,0.800000,0.010000,0
3oe5_ligand,8,100,50,150,60800,-3.109653,-3.509636,20.913399,16,50,0.800000,0.010000,10
3oe5_ligand,4,100,50,150,30400,-3.546256,-3.509636,8.816984,16,50,0.800000,0.010000,11
3oe5_ligand,12,100,50,150,91200,-2.809991,-3.509636,15.038250,16,50,0.800000,0.010000,12
3oe5_ligand,147,100,50,150,1117200,-1.163171,-3.509636,17.670513,16,50,0.800000,0.010000,13
3oe5_ligand,12,100,50,150,91200,-2.639836,-3.509636,15.472372,16,50,0.800000,0.010000,14
3oe5_ligand,10,100,50,150,76000,-2.612510,-3.509636,14.729112,16,50,0.800000,0.010000,15
3oe5_ligand,10,100,50,150,76000,-2.540946,-3.509636,15.175973,16,50,0.800000,0.010000,16
3oe5_ligand,4,100,50,150,30400,-3.901560,-3.509636,20.929266,16,50,0.800000,0.010000,17
3oe5_ligand,10,100,50,150,76000,-2.818806,-3.509636,18.720915,16,50,0.800000,0.010000,18
3oe5_ligand,6,100,50,150,45600,-2.730104,-3.509636,19.229109,16,50,0.800000,0.010000,19
3oe5_ligand,18,100,50,150,136800,-2.803709,-3.509636,15.800964,16,50,0.800000,0.010000,1
3oe5_ligand,4,100,50,150,30400,-2.671817,-3.509636,16.582109,16,50,0.800000,0.010000,2
3oe5_ligand,4,100,50,150,30400,-2.791844,-3.509636,21.242176,16,50,0.800000,0.010000,3
3oe5_ligand,26,100,50,150,197600,-2.528139,-3.509636,10.106266,16,50,0.800000,0.010000,4
3oe5_ligand,28,100,50,150,212800,-2.555037,-3.509636,10.288905,16,50,0.800000,0.010000,5
3oe5_ligand,12,100,50,150,91200,-2.702114,-3.509636,25.904068,16,50,0.800000,0.010000,6
3oe5_ligand,10,100,50,150,76000,-2.563404,-3.509636,18.890745,16,50,0.800000,0.010000,7
3oe5_ligand,6,100,50,150,45600,-3.379446,-3.509636,9.318157,16,50,0.800000,0.010000,8
3oe5_ligand,18,100,50,150,136800,-2.516834,-3.509636,17.603333,16,50,0.800000,0.010000,9
3oe5_ligand,10,100,50,150,76000,-2.592448,-3.509636,8.617216,16,50,0.900000,0.000100,0
3oe5_ligand,16,100,50,150,121600,-2.586773,-3.509636,20.722933,16,50,0.900000,0.000100,10
3oe5_ligand,378,100,50,150,2872800,-2.153558,-3.509636,14.734844,16,50,0.900000,0.000100,11
3oe5_ligand,24,100,50,150,182400,-2.653719,-3.509636,17.707264,16,50,0.900000,0.000100,12
3oe5_ligand,107,100,50,150,813200,-0.758935,-3.509636,16.237730,16,50,0.900000,0.000100,13
3oe5_ligand,161,100,50,150,1223600,-2.057515,-3.509636,18.167128,16,50,0.900000,0.000100,14
3oe5_ligand,148,100,50,150,1124800,-2.511047,-3.509636,14.861286,16,50,0.900000,0.000100,15
3oe5_ligand,102,100,50,150,775200,-1.760743,-3.509636,7.930624,16,50,0.900000,0.000100,16
3oe5_ligand,4,100,50,150,30400,-2.859257,-3.509636,20.654242,16,50,0.900000,0.000100,17
3oe5_ligand,12,100,50,150,91200,-2.992255,-3.509636,15.393044,16,50,0.900000,0.000100,18
3oe5_ligand,12,100,50,150,91200,-2.636276,-3.509636,19.146212,16,50,0.900000,0.000100,19
3oe5_ligand,206,100,50,150,1565600,-2.430781,-3.509636,16.465940,16,50,0.900000,0.000100,1
3oe5_ligand,16,100,50,150,121600,-2.559824,-3.509636,14.041424,16,50,0.900000,0.000100,2
3oe5_ligand,90,100,50,150,684000,-2.536711,-3.509636,19.569530,16,50,0.900000,0.000100,3
3oe5_ligand,168,100,50,150,1276800,-0.688404,-3.509636,19.910814,16,50,0.900000,0.000100,4
3oe5_ligand,12,100,50,150,91200,-2.621068,-3.509636,20.085808,16,50,0.900000,0.000100,5
3oe5_ligand,8,100,50,150,60800,-2.540374,-3.509636,19.438654,16,50,0.900000,0.000100,6
3oe5_ligand,184,100,50,150,1398400,-2.377514,-3.509636,20.471788,16,50,0.900000,0.000100,7
3oe5_ligand,158,100,50,150,1200800,-0.961300,-3.509636,23.603710,16,50,0.900000,0.000100,8
3oe5_ligand,4,100,50,150,30400,-3.375664,-3.509636,10.916394,16,50,0.900000,0.000100,9
3oe5_ligand,6,100,50,150,45600,-3.148286,-3.509636,10.985686,16,50,0.900000,0.010000,0
3oe5_ligand,6,100,50,150,45600,-2.863953,-3.509636,21.061245,16,50,0.900000,0.010000,10
3oe5_ligand,6,100,50,150,45600,-2.752511,-3.509636,10.516750,16,50,0.900000,0.010000,11
3oe5_ligand,240,100,50,150,1824000,-2.002821,-3.509636,21.402617,16,50,0.900000,0.010000,12
3oe5_ligand,135,100,50,150,1026000,-1.110967,-3.509636,18.071762,16,50,0.900000,0.010000,13
3oe5_ligand,414,100,50,150,3146400,-2.103247,-3.509636,15.402045,16,50,0.900000,0.010000,14
3oe5_ligand,8,100,50,150,60800,-2.540002,-3.509636,14.632529,16,50,0.900000,0.010000,15
3oe5_ligand,8,100,50,150,60800,-2.964683,-3.509636,13.528533,16,50,0.900000,0.010000,16
3oe5_ligand,4,100,50,150,30400,-3.724691,-3.509636,20.994352,16,50,0.900000,0.010000,17
3oe5_ligand,6,100,50,150,45600,-2.785058,-3.509636,20.569769,16,50,0.900000,0.010000,18
3oe5_ligand,8,100,50,150,60800,-2.698811,-3.509636,19.180864,16,50,0.900000,0.010000,19
3oe5_ligand,239,100,50,150,1816400,-2.294096,-3.509636,15.501279,16,50,0.900000,0.010000,1
3oe5_ligand,9,100,50,150,68400,-2.569957,-3.509636,12.833577,16,50,0.900000,0.010000,2
3oe5_ligand,4,100,50,150,30400,-3.192429,-3.509636,20.977219,16,50,0.900000,0.010000,3
3oe5_ligand,101,100,50,150,767600,-2.373411,-3.509636,10.651161,16,50,0.900000,0.010000,4
3oe5_ligand,10,100,50,150,76000,-2.754349,-3.509636,20.991993,16,50,0.900000,0.010000,5
3oe5_ligand,6,100,50,150,45600,-2.826821,-3.509636,21.198742,16,50,0.900000,0.010000,6
3oe5_ligand,253,100,50,150,1922800,-1.979502,-3.509636,21.029242,16,50,0.900000,0.010000,7
3oe5_ligand,8,100,50,150,60800,-3.470106,-3.509636,15.227554,16,50,0.900000,0.010000,8
3oe5_ligand,12,100,50,150,91200,-3.160640,-3.509636,16.954847,16,50,0.900000,0.010000,9
3oe5_ligand,6,100,50,150,45600,-2.776362,-3.509636,9.213670,16,50,0.950000,0.000100,0
3oe5_ligand,26,100,50,150,197600,-2.531560,-3.509636,20.781961,16,50,0.950000,0.000100,10
3oe5_ligand,62,100,50,150,471200,-2.545272,-3.509636,15.696712,16,50,0.950000,0.000100,11
3oe5_ligand,38,100,50,150,288800,-2.604306,-3.509636,19.310860,16,50,0.950000,0.000100,12
3oe5_ligand,124,100,50,150,942400,-1.076588,-3.509636,18.381899,16,50,0.950000,0.000100,13
3oe5_ligand,176,100,50,150,1337600,-2.117885,-3.509636,19.241079,16,50,0.950000,0.000100,14
3oe5_ligand,116,100,50,150,881600,-0.735510,-3.509636,11.884390,16,50,0.950000,0.000100,15
3oe5_ligand,88,100,50,150,668800,-2.870022,-3.509636,7.628135,16,50,0.950000,0.000100,16
3oe5_ligand,112,100,50,150,851200,-2.508086,-3.509636,15.598585,16,50,0.950000,0.000100,17
3oe5_ligand,14,100,50,150,106400,-3.439445,-3.509636,15.618065,16,50,0.950000,0.000100,18
3oe5_ligand,16,100,50,150,121600,-2.598189,-3.509636,19.155056,16,50,0.950000,0.000100,19
3oe5_ligand,30,100,50,150,228000,-2.525340,-3.509636,13.107022,16,50,0.950000,0.000100,1
3oe5_ligand,12,100,50,150,91200,-2.556631,-3.509636,13.597834,16,50,0.950000,0.000100,2
3oe5_ligand,216,100,50,150,1641600,-2.863240,-3.509636,19.665726,16,50,0.950000,0.000100,3
3oe5_ligand,172,100,50,150,1307200,-1.369311,-3.509636,19.835897,16,50,0.950000,0.000100,4
3oe5_ligand,8,100,50,150,60800,-2.628103,-3.509636,19.968590,16,50,0.950000,0.000100,5
3oe5_ligand,10,100,50,150,76000,-3.069278,-3.509636,19.525888,16,50,0.950000,0.000100,6
3oe5_ligand,24,100,50,150,182400,-2.729887,-3.509636,20.529428,16,50,0.950000,0.000100,7
3oe5_ligand,98,100,50,150,744800,-2.727033,-3.509636,21.173725,16,50,0.950000,0.000100,8
3oe5_ligand,26,100,50,150,197600,-2.597032,-3.509636,19.421633,16,50,0.950000,0.000100,9
3oe5_ligand,8,100,50,150,60800,-2.663631,-3.509636,9.917496,16,50,0.950000,0.010000,0
3oe5_ligand,10,100,50,150,76000,-3.027937,-3.509636,21.144728,16,50,0.950000,0.010000,10
3oe5_ligand,16,100,50,150,121600,-2.644681,-3.509636,13.503123,16,50,0.950000,0.010000,11
3oe5_ligand,130,100,50,150,988000,-2.862081,-3.509636,16.979052,16,50,0.950000,0.010000,12
3oe5_ligand,101,100,50,150,767600,-1.125492,-3.509636,18.191151,16,50,0.950000,0.010000,13
3oe5_ligand,6,100,50,150,45600,-3.756671,-3.509636,12.275855,16,50,0.950000,0.010000,14
3oe5_ligand,240,100,50,150,1824000,-2.438159,-3.509636,13.307802,16,50,0.950000,0.010000,15
3oe5_ligand,44,100,50,150,334400,-2.617724,-3.509636,17.918089,16,50,0.950000,0.010000,16
3oe5_ligand,10,100,50,150,76000,-2.667235,-3.509636,7.268018,16,50,0.950000,0.010000,17
3oe5_ligand,10,100,50,150,76000,-3.130306,-3.509636,15.136377,16,50,0.950000,0.010000,18
3oe5_ligand,12,100,50,150,91200,-2.619430,-3.509636,18.077911,16,50,0.950000,0.010000,19
3oe5_ligand,250,100,50,150,1900000,-3.201590,-3.509636,14.356976,16,50,0.950000,0.010000,1
3oe5_ligand,18,100,50,150,136800,-3.036767,-3.509636,13.576538,16,50,0.950000,0.010000,2
3oe5_ligand,4,100,50,150,30400,-3.246597,-3.509636,20.995619,16,50,0.950000,0.010000,3
3oe5_ligand,22,100,50,150,167200,-2.528598,-3.509636,19.985224,16,50,0.950000,0.010000,4
3oe5_ligand,10,100,50,150,76000,-2.723711,-3.509636,20.547503,16,50,0.950000,0.010000,5
3oe5_ligand,50,100,50,150,380000,-3.109412,-3.509636,16.030828,16,50,0.950000,0.010000,6
3oe5_ligand,126,100,50,150,957600,-2.487769,-3.509636,19.572710,16,50,0.950000,0.010000,7
3oe5_ligand,10,100,50,150,76000,-3.138801,-3.509636,16.561724,16,50,0.950000,0.010000,8
3oe5_ligand,8,100,50,150,60800,-3.084056,-3.509636,13.816888,16,50,0.950000,0.010000,9
3ryj_ligand,4,100,50,150,30400,-2.361912,-3.089948,8.673601,4,27,0.800000,0.000100,0
3ryj_ligand,4,100,50,150,30400,-3.584522,-3.089948,3.850002,4,27,0.800000,0.000100,10
3ryj_ligand,3,100,50,150,22800,-2.099552,-3.089948,9.226090,4,27,0.800000,0.000100,11
3ryj_ligand,4,100,50,150,30400,-2.382757,-3.089948,9.945840,4,27,0.800000,0.000100,12
3ryj_ligand,2,100,50,150,15200,-3.106797,-3.089948,10.986678,4,27,0.800000,0.000100,13
3ryj_ligand,4,100,50,150,30400,-2.753936,-3.089948,7.503462,4,27,0.800000,0.000100,14
3ryj_ligand,6,100,50,150,45600,-2.349186,-3.089948,6.709929,4,27,0.800000,0.000100,15
3ryj_ligand,2,100,50,150,15200,-2.310247,-3.089948,9.887668,4,27,0.800000,0.000100,16
3ryj_ligand,4,100,50,150,30400,-2.323609,-3.089948,8.575466,4,27,0.800000,0.000100,17
3ryj_ligand,4,100,50,150,30400,-2.382252,-3.089948,6.582974,4,27,0.800000,0.000100,18
3ryj_ligand,2,100,50,150,15200,-2.364069,-3.089948,8.634612,4,27,0.800000,0.000100,19
3ryj_ligand,2,100,50,150,15200,-2.410518,-3.089948,10.842704,4,27,0.800000,0.000100,1
3ryj_ligand,4,100,50,150,30400,-3.050892,-3.089948,8.088717,4,27,0.800000,0.000100,2
3ryj_ligand,2,100,50,150,15200,-2.643950,-3.089948,7.463496,4,27,0.800000,0.000100,3
3ryj_ligand,2,100,50,150,15200,-2.224522,-3.089948,8.185466,4,27,0.800000,0.000100,4
3ryj_ligand,2,100,50,150,15200,-2.657632,-3.089948,9.034738,4,27,0.800000,0.000100,5
3ryj_ligand,4,100,50,150,30400,-2.342797,-3.089948,6.621706,4,27,0.800000,0.000100,6
3ryj_ligand,3,100,50,150,22800,-2.189923,-3.089948,2.917128,4,27,0.800000,0.000100,7
3ryj_ligand,2,100,50,150,15200,-2.154656,-3.089948,8.857771,4,27,0.800000,0.000100,8
3ryj_ligand,4,100,50,150,30400,-2.880731,-3.089948,6.474574,4,27,0.800000,0.000100,9
3ryj_ligand,2,100,50,150,15200,-2.701977,-3.089948,2.977674,4,27,0.800000,0.010000,0
3ryj_ligand,2,100,50,150,15200,-2.967948,-3.089948,7.160221,4,27,0.800000,0.010000,10
3ryj_ligand,2,100,50,150,15200,-2.178921,-3.089948,3.726043,4,27,0.800000,0.010000,11
3ryj_ligand,2,100,50,150,15200,-2.429055,-3.089948,9.660396,4,27,0.800000,0.010000,12
3ryj_ligand,2,100,50,150,15200,-3.145560,-3.089948,11.087230,4,27,0.800000,0.010000,13
3ryj_ligand,2,100,50,150,15200,-2.309761,-3.089948,7.474648,4,27,0.800000,0.010000,14
3ryj_ligand,4,100,50,150,30400,-3.962177,-3.089948,6.886231,4,27,0.800000,0.010000,15
3ryj_ligand,2,100,50,150,15200,-2.873873,-3.089948,9.123620,4,27,0.800000,0.010000,16
3ryj_ligand,2,100,50,150,15200,-2.944709,-3.089948,7.706126,4,27,0.800000,0.010000,17
3ryj_ligand,2,100,50,150,15200,-2.162526,-3.089948,6.592589,4,27,0.800000,0.010000,18
3ryj_ligand,2,100,50,150,15200,-2.892018,-3.089948,8.660840,4,27,0.800000,0.010000,19
3ryj_ligand,2,100,50,150,15200,-3.225523,-3.089948,12.007184,4,27,0.800000,0.010000,1
3ryj_ligand,2,100,50,150,15200,-3.082528,-3.089948,8.016976,4,27,0.800000,0.010000,2
3ryj_ligand,2,100,50,150,15200,-3.110253,-3.089948,7.485173,4,27,0.800000,0.010000,3
3ryj_ligand,2,100,50,150,15200,-2.715100,-3.089948,9.120055,4,27,0.800000,0.010000,4
3ryj_ligand,2,100,50,150,15200,-2.969904,-3.089948,3.694022,4,27,0.800000,0.010000,5
3ryj_ligand,2,100,50,150,15200,-2.179960,-3.089948,7.718318,4,27,0.800000,0.010000,6
3ryj_ligand,2,100,50,150,15200,-2.968394,-3.089948,7.788232,4,27,0.800000,0.010000,7
3ryj_ligand,2,100,50,150,15200,-2.902989,-3.089948,8.397581,4,27,0.800000,0.010000,8
3ryj_ligand,2,100,50,150,15200,-2.794404,-3.089948,7.061757,4,27,0.800000,0.010000,9
3ryj_ligand,4,100,50,150,30400,-2.342040,-3.089948,8.654622,4,27,0.900000,0.000100,0
3ryj_ligand,8,100,50,150,60800,-2.225179,-3.089948,5.705335,4,27,0.900000,0.000100,10
3ryj_ligand,4,100,50,150,30400,-2.440532,-3.089948,8.995833,4,27,0.900000,0.000100,11
3ryj_ligand,4,100,50,150,30400,-2.516220,-3.089948,10.898056,4,27,0.900000,0.000100,12
3ryj_ligand,3,100,50,150,22800,-2.436233,-3.089948,8.682911,4,27,0.900000,0.000100,13
3ryj_ligand,4,100,50,150,30400,-2.489948,-3.089948,8.815134,4,27,0.900000,0.000100,14
3ryj_ligand,10,100,50,150,76000,-2.352911,-3.089948,7.802992,4,27,0.900000,0.000100,15
3ryj_ligand,2,100,50,150,15200,-2.791834,-3.089948,8.943933,4,27,0.900000,0.000100,16
3ryj_ligand,6,100,50,150,45600,-2.123728,-3.089948,11.281018,4,27,0.900000,0.000100,17
3ryj_ligand,6,100,50,150,45600,-2.305658,-3.089948,7.973096,4,27,0.900000,0.000100,18
3ryj_ligand,4,100,50,150,30400,-2.831099,-3.089948,8.753884,4,27,0.900000,0.000100,19
3ryj_ligand,2,100,50,150,15200,-2.125975,-3.089948,10.597521,4,27,0.900000,0.000100,1
3ryj_ligand,4,100,50,150,30400,-2.222395,-3.089948,8.834085,4,27,0.900000,0.000100,2
3ryj_ligand,2,100,50,150,15200,-2.132013,-3.089948,7.678018,4,27,0.900000,0.000100,3
3ryj_ligand,4,100,50,150,30400,-2.521846,-3.089948,7.477230,4,27,0.900000,0.000100,4
3ryj_ligand,2,100,50,150,15200,-2.696772,-3.089948,9.120403,4,27,0.900000,0.000100,5
3ryj_ligand,6,100,50,150,45600,-2.408228,-3.089948,6.419528,4,27,0.900000,0.000100,6
3ryj_ligand,4,100,50,150,30400,-2.744714,-3.089948,3.284423,4,27,0.900000,0.000100,7
3ryj_ligand,2,100,50,150,15200,-2.285978,-3.089948,8.980605,4,27,0.900000,0.000100,8
3ryj_ligand,6,100,50,150,45600,-2.262242,-3.089948,10.722675,4,27,0.900000,0.000100,9
3ryj_ligand,4,100,50,150,30400,-2.712644,-3.089948,8.022879,4,27,0.900000,0.010000,0
3ryj_ligand,4,100,50,150,30400,-3.276122,-3.089948,4.134990,4,27,0.900000,0.010000,10
3ryj_ligand,2,100,50,150,15200,-2.284516,-3.089948,9.182723,4,27,0.900000,0.010000,11
3ryj_ligand,4,100,50,150,30400,-2.900059,-3.089948,10.031140,4,27,0.900000,0.010000,12
3ryj_ligand,2,100,50,150,15200,-2.853844,-3.089948,10.819453,4,27,0.900000,0.010000,13
3ryj_ligand,4,100,50,150,30400,-3.457081,-3.089948,9.219364,4,27,0.900000,0.010000,14
3ryj_ligand,4,100,50,150,30400,-2.278574,-3.089948,5.760847,4,27,0.900000,0.010000,15
3ryj_ligand,2,100,50,150,15200,-2.313738,-3.089948,9.155913,4,27,0.900000,0.010000,16
3ryj_ligand,2,100,50,150,15200,-2.950608,-3.089948,7.970683,4,27,0.900000,0.010000,17
3ryj_ligand,4,100,50,150,30400,-2.731430,-3.089948,7.630708,4,27,0.900000,0.010000,18
3ryj_ligand,2,100,50,150,15200,-2.246156,-3.089948,9.080861,4,27,0.900000,0.010000,19
3ryj_ligand,2,100,50,150,15200,-2.175092,-3.089948,10.750181,4,27,0.900000,0.010000,1
3ryj_ligand,4,100,50,150,30400,-3.056823,-3.089948,8.141603,4,27,0.900000,0.010000,2
3ryj_ligand,2,100,50,150,15200,-2.492666,-3.089948,7.545308,4,27,0.900000,0.010000,3
3ryj_ligand,2,100,50,150,15200,-2.608203,-3.089948,9.089586,4,27,0.900000,0.010000,4
3ryj_ligand,2,100,50,150,15200,-2.718086,-3.089948,8.994269,4,27,0.900000,0.010000,5
3ryj_ligand,4,100,50,150,30400,-2.460305,-3.089948,4.769460,4,27,0.900000,0.010000,6
3ryj_ligand,4,100,50,150,30400,-2.953669,-3.089948,7.750587,4,27,0.900000,0.010000,7
3ryj_ligand,2,100,50,150,15200,-2.644698,-3.089948,8.664131,4,27,0.900000,0.010000,8
3ryj_ligand,4,100,50,150,30400,-3.045947,-3.089948,6.675455,4,27,0.900000,0.010000,9
3ryj_ligand,5,100,50,150,38000,-2.169300,-3.089948,8.653664,4,27,0.950000,0.000100,0
3ryj_ligand,18,100,50,150,136800,-2.294743,-3.089948,10.218102,4,27,0.950000,0.000100,10
3ryj_ligand,6,100,50,150,45600,-2.253035,-3.089948,9.046905,4,27,0.950000,0.000100,11
3ryj_ligand,6,100,50,150,45600,-3.076584,-3.089948,10.787836,4,27,0.950000,0.000100,12
3ryj_ligand,4,100,50,150,30400,-2.996844,-3.089948,8.893288,4,27,0.950000,0.000100,13
3ryj_ligand,6,100,50,150,45600,-2.806783,-3.089948,8.824756,4,27,0.950000,0.000100,14
3ryj_ligand,18,100,50,150,136800,-2.126318,-3.089948,7.536104,4,27,0.950000,0.000100,15
3ryj_ligand,2,100,50,150,15200,-2.833333,-3.089948,8.912394,4,27,0.950000,0.000100,16
3ryj_ligand,12,100,50,150,91200,-2.100201,-3.089948,7.411496,4,27,0.950000,0.000100,17
3ryj_ligand,6,100,50,150,45600,-2.387522,-3.089948,6.509746,4,27,0.950000,0.000100,18
3ryj_ligand,4,100,50,150,30400,-2.526506,-3.089948,8.939946,4,27,0.950000,0.000100,19
3ryj_ligand,4,100,50,150,30400,-2.145171,-3.089948,10.551929,4,27,0.950000,0.000100,1
3ryj_ligand,6,100,50,150,45600,-2.347756,-3.089948,8.876705,4,27,0.950000,0.000100,2
3ryj_ligand,4,100,50,150,30400,-2.186286,-3.089948,7.652983,4,27,0.950000,0.000100,3
3ryj_ligand,4,100,50,150,30400,-2.160526,-3.089948,7.478750,4,27,0.950000,0.000100,4
3ryj_ligand,2,100,50,150,15200,-2.641231,-3.089948,9.153962,4,27,0.950000,0.000100,5
3ryj_ligand,6,100,50,150,45600,-2.542087,-3.089948,5.511812,4,27,0.950000,0.000100,6
3ryj_ligand,4,100,50,150,30400,-2.594768,-3.089948,3.171473,4,27,0.950000,0.000100,7
3ryj_ligand,2,100,50,150,15200,-2.355340,-3.089948,9.046626,4,27,0.950000,0.000100,8
3ryj_ligand,6,100,50,150,45600,-2.254868,-3.089948,8.028888,4,27,0.950000,0.000100,9
3ryj_ligand,4,100,50,150,30400,-2.419346,-3.089948,8.177521,4,27,0.950000,0.010000,0
3ryj_ligand,6,100,50,150,45600,-2.243889,-3.089948,6.339024,4,27,0.950000,0.010000,10
3ryj_ligand,4,100,50,150,30400,-2.504066,-3.089948,9.331255,4,27,0.950000,0.010000,11
3ryj_ligand,4,100,50,150,30400,-2.110809,-3.089948,9.862596,4,27,0.950000,0.010000,12
3ryj_ligand,2,100,50,150,15200,-2.141033,-3.089948,11.026401,4,27,0.950000,0.010000,13
3ryj_ligand,4,100,50,150,30400,-2.718013,-3.089948,8.937122,4,27,0.950000,0.010000,14
3ryj_ligand,6,100,50,150,45600,-2.257585,-3.089948,7.237795,4,27,0.950000,0.010000,15
3ryj_ligand,2,100,50,150,15200,-2.743339,-3.089948,9.343853,4,27,0.950000,0.010000,16
3ryj_ligand,4,100,50,150,30400,-2.683958,-3.089948,7.741981,4,27,0.950000,0.010000,17
3ryj_ligand,4,100,50,150,30400,-2.306784,-3.089948,6.503593,4,27,0.950000,0.010000,18
3ryj_ligand,4,100,50,150,30400,-3.015331,-3.089948,8.837348,4,27,0.950000,0.010000,19
3ryj_ligand,2,100,50,150,15200,-2.198234,-3.089948,10.675050,4,27,0.950000,0.010000,1
3ryj_ligand,4,100,50,150,30400,-2.241726,-3.089948,10.395278,4,27,0.950000,0.010000,2
3ryj_ligand,4,100,50,150,30400,-2.838389,-3.089948,7.409198,4,27,0.950000,0.010000,3
3ryj_ligand,2,100,50,150,15200,-2.107038,-3.089948,9.602325,4,27,0.950000,0.010000,4
3ryj_ligand,2,100,50,150,15200,-2.638443,-3.089948,9.161217,4,27,0.950000,0.010000,5
3ryj_ligand,4,100,50,150,30400,-2.714456,-3.089948,4.459227,4,27,0.950000,0.010000,6
3ryj_ligand,4,100,50,150,30400,-2.451060,-3.089948,2.436391,4,27,0.950000,0.010000,7
3ryj_ligand,2,100,50,150,15200,-2.518420,-3.089948,8.779830,4,27,0.950000,0.010000,8
3ryj_ligand,4,100,50,150,30400,-2.305170,-3.089948,9.654738,4,27,0.950000,0.010000,9
3uri_ligand,413,100,50,150,3138800,1.501330,-4.646878,35.991264,44,130,0.800000,0.000100,0
3uri_ligand,260,100,50,150,1976000,-1.128902,-4.646878,24.639797,44,130,0.800000,0.000100,12
3uri_ligand,258,100,50,150,1960800,0.231742,-4.646878,36.848030,44,130,0.800000,0.000100,13
3uri_ligand,322,100,50,150,2447200,0.692858,-4.646878,28.168839,44,130,0.800000,0.000100,14
3uri_ligand,300,100,50,150,2280000,-3.041298,-4.646878,21.201063,44,130,0.800000,0.000100,16
3uri_ligand,405,100,50,150,3078000,-1.693974,-4.646878,29.124487,44,130,0.800000,0.000100,17
3uri_ligand,262,100,50,150,1991200,0.164682,-4.646878,29.381998,44,130,0.800000,0.000100,18
3uri_ligand,90,100,50,150,684000,-0.476137,-4.646878,19.662642,44,130,0.800000,0.000100,19
3uri_ligand,142,100,50,150,1079200,2.318202,-4.646878,24.345551,44,130,0.800000,0.000100,1
3uri_ligand,483,100,50,150,3670800,0.084724,-4.646878,32.350090,44,130,0.800000,0.000100,2
3uri_ligand,241,100,50,150,1831600,-1.788049,-4.646878,27.791540,44,130,0.800000,0.000100,3
3uri_ligand,78,100,50,150,592800,-0.346303,-4.646878,38.354057,44,130,0.800000,0.000100,4
3uri_ligand,286,100,50,150,2173600,-1.681347,-4.646878,18.639187,44,130,0.800000,0.000100,7
3uri_ligand,114,100,50,150,866400,-1.728416,-4.646878,28.978828,44,130,0.800000,0.000100,8
3uri_ligand,613,100,50,150,4658800,-1.949805,-4.646878,14.901448,44,130,0.800000,0.010000,0
3uri_ligand,220,100,50,150,1672000,-0.960901,-4.646878,27.312565,44,130,0.800000,0.010000,10
3uri_ligand,90,100,50,150,684000,0.008325,-4.646878,27.993048,44,130,0.800000,0.010000,11
3uri_ligand,136,100,50,150,1033600,-2.738795,-4.646878,32.058372,44,130,0.800000,0.010000,12
3uri_ligand,254,100,50,150,1930400,-3.468842,-4.646878,31.352097,44,130,0.800000,0.010000,13
3uri_ligand,134,100,50,150,1018400,-2.989288,-4.646878,39.192387,44,130,0.800000,0.010000,14
3uri_ligand,60,100,50,150,456000,-3.652802,-4.646878,15.355635,44,130,0.800000,0.010000,15
3uri_ligand,491,100,50,150,3731600,-3.441966,-4.646878,39.167278,44,130,0.800000,0.010000,16
3uri_ligand,22,100,50,150,167200,-3.835563,-4.646878,18.863056,44,130,0.800000,0.010000,17
3uri_ligand,146,100,50,150,1109600,-1.188500,-4.646878,32.983860,44,130,0.800000,0.010000,18
3uri_ligand,142,100,50,150,1079200,-1.269852,-4.646878,17.943470,44,130,0.800000,0.010000,19
3uri_ligand,144,100,50,150,1094400,-0.839316,-4.646878,18.924856,44,130,0.800000,0.010000,1
3uri_ligand,372,100,50,150,2827200,-2.022360,-4.646878,35.056446,44,130,0.800000,0.010000,2
3uri_ligand,167,100,50,150,1269200,-2.490138,-4.646878,19.585886,44,130,0.800000,0.010000,3
3uri_ligand,18,100,50,150,136800,-3.760744,-4.646878,22.387236,44,130,0.800000,0.010000,4
3uri_ligand,100,100,50,150,760000,-1.392490,-4.646878,27.355618,44,130,0.800000,0.010000,5
3uri_ligand,100,100,50,150,760000,-2.412037,-4.646878,33.170544,44,130,0.800000,0.010000,7
3uri_ligand,50,100,50,150,380000,-4.094357,-4.646878,24.334267,44,130,0.800000,0.010000,8
3uri_ligand,94,100,50,150,714400,0.069775,-4.646878,18.874458,44,130,0.800000,0.010000,9
3uri_ligand,78,100,50,150,592800,-0.350370,-4.646878,18.251328,44,130,0.900000,0.000100,0
3uri_ligand,182,100,50,150,1383200,2.129214,-4.646878,24.245428,44,130,0.900000,0.000100,11
3uri_ligand,168,100,50,150,1276800,-1.191438,-4.646878,28.174149,44,130,0.900000,0.000100,12
3uri_ligand,94,100,50,150,714400,1.404872,-4.646878,40.404846,44,130,0.900000,0.000100,13
3uri_ligand,96,100,50,150,729600,-3.766328,-4.646878,23.595352,44,130,0.900000,0.000100,15
3uri_ligand,480,100,50,150,3648000,-2.895131,-4.646878,22.465530,44,130,0.900000,0.000100,16
3uri_ligand,239,100,50,150,1816400,-1.310819,-4.646878,35.890396,44,130,0.900000,0.000100,17
3uri_ligand,214,100,50,150,1626400,-0.069015,-4.646878,26.558231,44,130,0.900000,0.000100,18
3uri_ligand,228,100,50,150,1732800,-0.496467,-4.646878,26.117949,44,130,0.900000,0.000100,19
3uri_ligand,354,100,50,150,2690400,0.180243,-4.646878,35.126369,44,130,0.900000,0.000100,1
3uri_ligand,55,100,50,150,418000,-3.670867,-4.646878,20.244682,44,130,0.900000,0.000100,2
3uri_ligand,351,100,50,150,2667600,-0.169647,-4.646878,36.237637,44,130,0.900000,0.000100,4
3uri_ligand,350,100,50,150,2660000,1.673499,-4.646878,21.977331,44,130,0.900000,0.000100,6
3uri_ligand,94,100,50,150,714400,-1.367404,-4.646878,21.435432,44,130,0.900000,0.000100,7
3uri_ligand,180,100,50,150,1368000,0.408488,-4.646878,38.239338,44,130,0.900000,0.000100,8
3uri_ligand,316,100,50,150,2401600,-0.218034,-4.646878,29.358053,44,130,0.900000,0.000100,9
3uri_ligand,112,100,50,150,851200,-2.924290,-4.646878,29.726667,44,130,0.900000,0.010000,0
3uri_ligand,28,100,50,150,212800,-3.853134,-4.646878,27.208693,44,130,0.900000,0.010000,10
3uri_ligand,86,100,50,150,653600,-0.126856,-4.646878,27.045052,44,130,0.900000,0.010000,11
3uri_ligand,68,100,50,150,516800,-0.648005,-4.646878,24.115583,44,130,0.900000,0.010000,12
3uri_ligand,316,100,50,150,2401600,-1.283907,-4.646878,26.392334,44,130,0.900000,0.010000,13
3uri_ligand,244,100,50,150,1854400,-0.683628,-4.646878,39.006775,44,130,0.900000,0.010000,14
3uri_ligand,484,100,50,150,3678400,-2.812994,-4.646878,26.376799,44,130,0.900000,0.010000,15
3uri_ligand,533,100,50,150,4050800,-2.872049,-4.646878,22.355001,44,130,0.900000,0.010000,16
3uri_ligand,54,100,50,150,410400,-3.876636,-4.646878,35.131973,44,130,0.900000,0.010000,17
3uri_ligand,302,100,50,150,2295200,0.035477,-4.646878,33.059380,44,130,0.900000,0.010000,18
3uri_ligand,249,100,50,150,1892400,-1.514227,-4.646878,18.052202,44,130,0.900000,0.010000,19
3uri_ligand,291,100,50,150,2211600,-1.470144,-4.646878,17.556047,44,130,0.900000,0.010000,1
3uri_ligand,534,100,50,150,4058400,-2.653887,-4.646878,31.622181,44,130,0.900000,0.010000,2
3uri_ligand,114,100,50,150,866400,-1.697253,-4.646878,20.238136,44,130,0.900000,0.010000,3
3uri_ligand,106,100,50,150,805600,-2.401723,-4.646878,24.034918,44,130,0.900000,0.010000,4
3uri_ligand,258,100,50,150,1960800,-2.267171,-4.646878,27.435677,44,130,0.900000,0.010000,5
3uri_ligand,171,100,50,150,1299600,0.644933,-4.646878,27.564701,44,130,0.900000,0.010000,6
3uri_ligand,114,100,50,150,866400,-0.853801,-4.646878,22.165722,44,130,0.900000,0.010000,7
3uri_ligand,34,100,50,150,258400,-3.794954,-4.646878,29.601027,44,130,0.900000,0.010000,8
3uri_ligand,224,100,50,150,1702400,-2.042206,-4.646878,18.672915,44,130,0.900000,0.010000,9
3uri_ligand,196,100,50,150,1489600,0.819525,-4.646878,23.148487,44,130,0.950000,0.000100,10
3uri_ligand,189,100,50,150,1436400,1.322391,-4.646878,24.892586,44,130,0.950000,0.000100,11
3uri_ligand,160,100,50,150,1216000,-1.097593,-4.646878,21.413944,44,130,0.950000,0.000100,12
3uri_ligand,242,100,50,150,1839200,0.119070,-4.646878,26.494661,44,130,0.950000,0.000100,14
3uri_ligand,286,100,50,150,2173600,-3.278289,-4.646878,30.088367,44,130,0.950000,0.000100,15
3uri_ligand,335,100,50,150,2546000,-3.029828,-4.646878,26.062441,44,130,0.950000,0.000100,16
3uri_ligand,342,100,50,150,2599200,-2.378736,-4.646878,36.551041,44,130,0.950000,0.000100,17
3uri_ligand,134,100,50,150,1018400,1.467660,-4.646878,44.447674,44,130,0.950000,0.000100,18
3uri_ligand,292,100,50,150,2219200,-1.158703,-4.646878,29.880598,44,130,0.950000,0.000100,19
3uri_ligand,182,100,50,150,1383200,3.127626,-4.646878,20.685070,44,130,0.950000,0.000100,1
3uri_ligand,333,100,50,150,2530800,0.771017,-4.646878,29.057243,44,130,0.950000,0.000100,2
3uri_ligand,322,100,50,150,2447200,-2.520126,-4.646878,27.553169,44,130,0.950000,0.000100,3
3uri_ligand,300,100,50,150,2280000,-1.304045,-4.646878,22.879570,44,130,0.950000,0.000100,4
3uri_ligand,140,100,50,150,1064000,-0.786545,-4.646878,32.906429,44,130,0.950000,0.000100,5
3uri_ligand,380,100,50,150,2888000,-3.548811,-4.646878,36.571987,44,130,0.950000,0.000100,8
3uri_ligand,250,100,50,150,1900000,1.042399,-4.646878,33.973270,44,130,0.950000,0.000100,9
3uri_ligand,598,100,50,150,4544800,-1.659058,-4.646878,36.374569,44,130,0.950000,0.010000,0
3uri_ligand,168,100,50,150,1276800,-1.880353,-4.646878,24.984089,44,130,0.950000,0.010000,10
3uri_ligand,260,100,50,150,1976000,1.105316,-4.646878,27.266262,44,130,0.950000,0.010000,11
3uri_ligand,124,100,50,150,942400,0.329933,-4.646878,24.043291,44,130,0.950000,0.010000,12
3uri_ligand,288,100,50,150,2188800,-2.543771,-4.646878,35.162533,44,130,0.950000,0.010000,13
3uri_ligand,319,100,50,150,2424400,0.158493,-4.646878,29.391317,44,130,0.950000,0.010000,14
3uri_ligand,80,100,50,150,608000,-2.086075,-4.646878,39.835281,44,130,0.950000,0.010000,15
3uri_ligand,44,100,50,150,334400,-3.684519,-4.646878,27.871544,44,130,0.950000,0.010000,16
3uri_ligand,218,100,50,150,1656800,-3.334718,-4.646878,34.512794,44,130,0.950000,0.010000,17
3uri_ligand,322,100,50,150,2447200,-0.792055,-4.646878,37.573387,44,130,0.950000,0.010000,18
3uri_ligand,258,100,50,150,1960800,-1.078604,-4.646878,18.257465,44,130,0.950000,0.010000,19
3uri_ligand,194,100,50,150,1474400,-2.758980,-4.646878,16.433329,44,130,0.950000,0.010000,1
3uri_ligand,230,100,50,150,1748000,-2.702421,-4.646878,22.948750,44,130,0.950000,0.010000,3
3uri_ligand,36,100,50,150,273600,-3.681463,-4.646878,26.222147,44,130,0.950000,0.010000,4
3uri_ligand,136,100,50,150,1033600,0.982839,-4.646878,22.040308,44,130,0.950000,0.010000,6
3uri_ligand,276,100,50,150,2097600,-3.648982,-4.646878,19.662453,44,130,0.950000,0.010000,7
3uri_ligand,304,100,50,150,2310400,-2.986037,-4.646878,24.529772,44,130,0.950000,0.010000,8
3uri_ligand,106,100,50,150,805600,0.197436,-4.646878,24.842037,44,130,0.950000,0.010000,9
4de1_ligand,116,100,50,150,881600,-1.585012,-2.891916,14.472875,8,34,0.800000,0.000100,0
4de1_ligand,118,100,50,150,896800,-0.915213,-2.891916,35.951542,8,34,0.800000,0.000100,10
4de1_ligand,179,100,50,150,1360400,-1.693412,-2.891916,20.610569,8,34,0.800000,0.000100,11
4de1_ligand,285,100,50,150,2166000,-0.873905,-2.891916,27.780857,8,34,0.800000,0.000100,12
4de1_ligand,14,100,50,150,106400,-2.078103,-2.891916,29.368830,8,34,0.800000,0.000100,13
4de1_ligand,88,100,50,150,668800,-0.604457,-2.891916,25.486832,8,34,0.800000,0.000100,14
4de1_ligand,34,100,50,150,258400,-1.914182,-2.891916,35.294022,8,34,0.800000,0.000100,15
4de1_ligand,102,100,50,150,775200,-1.695557,-2.891916,31.065062,8,34,0.800000,0.000100,16
4de1_ligand,129,100,50,150,980400,-0.938626,-2.891916,19.717396,8,34,0.800000,0.000100,17
4de1_ligand,24,100,50,150,182400,-1.910026,-2.891916,27.255339,8,34,0.800000,0.000100,18
4de1_ligand,200,100,50,150,1520000,-1.213308,-2.891916,27.447138,8,34,0.800000,0.000100,19
4de1_ligand,117,100,50,150,889200,-1.701941,-2.891916,20.209116,8,34,0.800000,0.000100,1
4de1_ligand,18,100,50,150,136800,-2.040291,-2.891916,11.133735,8,34,0.800000,0.000100,2
4de1_ligand,176,100,50,150,1337600,-1.243906,-2.891916,25.033422,8,34,0.800000,0.000100,3
4de1_ligand,199,100,50,150,1512400,-0.347324,-2.891916,25.891407,8,34,0.800000,0.000100,4
4de1_ligand,20,100,50,150,152000,-1.905216,-2.891916,9.843870,8,34,0.800000,0.000100,5
4de1_ligand,122,100,50,150,927200,-0.989611,-2.891916,20.232792,8,34,0.800000,0.000100,6
4de1_ligand,80,100,50,150,608000,-0.728786,-2.891916,26.218990,8,34,0.800000,0.000100,7
4de1_ligand,94,100,50,150,714400,-1.209880,-2.891916,36.846317,8,34,0.800000,0.000100,8
4de1_ligand,119,100,50,150,904400,-1.138134,-2.891916,17.290123,8,34,0.800000,0.000100,9
4de1_ligand,125,100,50,150,950000,-1.477912,-2.891916,14.503572,8,34,0.800000,0.010000,0
4de1_ligand,8,100,50,150,60800,-2.283128,-2.891916,20.599909,8,34,0.800000,0.010000,10
4de1_ligand,70,100,50,150,532000,-1.253280,-2.891916,18.310982,8,34,0.800000,0.010000,11
4de1_ligand,220,100,50,150,1672000,-1.552070,-2.891916,13.999298,8,34,0.800000,0.010000,12
4de1_ligand,12,100,50,150,91200,-1.936576,-2.891916,30.527378,8,34,0.800000,0.010000,13
4de1_ligand,91,100,50,150,691600,-0.798247,-2.891916,15.912993,8,34,0.800000,0.010000,14
4de1_ligand,221,100,50,150,1679600,-1.556521,-2.891916,35.352543,8,34,0.800000,0.010000,15
4de1_ligand,60,100,50,150,456000,-1.556853,-2.891916,31.197025,8,34,0.800000,0.010000,16
4de1_ligand,68,100,50,150,516800,-1.029079,-2.891916,23.769714,8,34,0.800000,0.010000,17
4de1_ligand,60,100,50,150,456000,-1.922532,-2.891916,23.129251,8,34,0.800000,0.010000,18
4de1_ligand,212,100,50,150,1611200,-1.716437,-2.891916,23.499926,8,34,0.800000,0.010000,19
4de1_ligand,96,100,50,150,729600,-1.285804,-2.891916,21.301619,8,34,0.800000,0.010000,1
4de1_ligand,4,100,50,150,30400,-1.986980,-2.891916,11.294090,8,34,0.800000,0.010000,2
4de1_ligand,133,100,50,150,1010800,-1.401165,-2.891916,27.454370,8,34,0.800000,0.010000,3
4de1_ligand,127,100,50,150,965200,-1.682696,-2.891916,25.116562,8,34,0.800000,0.010000,4
4de1_ligand,123,100,50,150,934800,-1.849685,-2.891916,14.560248,8,34,0.800000,0.010000,5
4de1_ligand,181,100,50,150,1375600,-1.014145,-2.891916,9.098689,8,34,0.800000,0.010000,6
4de1_ligand,144,100,50,150,1094400,-1.898589,-2.891916,17.487850,8,34,0.800000,0.010000,7
4de1_ligand,52,100,50,150,395200,-1.287007,-2.891916,8.701104,8,34,0.800000,0.010000,8
4de1_ligand,82,100,50,150,623200,-1.689562,-2.891916,21.489309,8,34,0.800000,0.010000,9
4de1_ligand,150,100,50,150,1140000,-1.572705,-2.891916,14.489742,8,34,0.900000,0.000100,0
4de1_ligand,123,100,50,150,934800,-1.415772,-2.891916,35.977531,8,34,0.900000,0.000100,10
4de1_ligand,32,100,50,150,243200,-1.916013,-2.891916,18.223141,8,34,0.900000,0.000100,11
4de1_ligand,119,100,50,150,904400,-0.354085,-2.891916,27.289961,8,34,0.900000,0.000100,12
4de1_ligand,54,100,50,150,410400,-1.979919,-2.891916,29.994825,8,34,0.900000,0.000100,13
4de1_ligand,112,100,50,150,851200,-0.953756,-2.891916,11.918990,8,34,0.900000,0.000100,14
4de1_ligand,352,100,50,150,2675200,-1.735110,-2.891916,35.947361,8,34,0.900000,0.000100,15
4de1_ligand,96,100,50,150,729600,0.188930,-2.891916,38.208466,8,34,0.900000,0.000100,16
4de1_ligand,181,100,50,150,1375600,-1.255408,-2.891916,18.748276,8,34,0.900000,0.000100,17
4de1_ligand,6,100,50,150,45600,-2.497940,-2.891916,20.101406,8,34,0.900000,0.000100,18
4de1_ligand,183,100,50,150,1390800,-1.834492,-2.891916,17.001459,8,34,0.900000,0.000100,19
4de1_ligand,106,100,50,150,805600,-1.610240,-2.891916,34.595898,8,34,0.900000,0.000100,1
4de1_ligand,16,100,50,150,121600,-1.955361,-2.891916,10.945371,8,34,0.900000,0.000100,2
4de1_ligand,204,100,50,150,1550400,-1.289209,-2.891916,25.060843,8,34,0.900000,0.000100,3
4de1_ligand,280,100,50,150,2128000,-0.905058,-2.891916,27.877970,8,34,0.900000,0.000100,4
4de1_ligand,142,100,50,150,1079200,-1.348899,-2.891916,27.217400,8,34,0.900000,0.000100,5
4de1_ligand,122,100,50,150,927200,-1.013383,-2.891916,20.198553,8,34,0.900000,0.000100,6
4de1_ligand,80,100,50,150,608000,-1.894560,-2.891916,26.082975,8,34,0.900000,0.000100,7
4de1_ligand,132,100,50,150,1003200,-1.211701,-2.891916,36.849014,8,34,0.900000,0.000100,8
4de1_ligand,102,100,50,150,775200,-0.610027,-2.891916,15.651945,8,34,0.900000,0.000100,9
4de1_ligand,20,100,50,150,152000,-1.904006,-2.891916,15.949361,8,34,0.900000,0.010000,0
4de1_ligand,79,100,50,150,600400,-1.489977,-2.891916,35.552174,8,34,0.900000,0.010000,10
4de1_ligand,138,100,50,150,1048800,-0.532988,-2.891916,24.512205,8,34,0.900000,0.010000,11
4de1_ligand,109,100,50,150,828400,-1.299153,-2.891916,19.476522,8,34,0.900000,0.010000,12
4de1_ligand,198,100,50,150,1504800,-1.778513,-2.891916,32.496017,8,34,0.900000,0.010000,13
4de1_ligand,60,100,50,150,456000,-1.496916,-2.891916,32.483299,8,34,0.900000,0.010000,14
4de1_ligand,160,100,50,150,1216000,-1.474467,-2.891916,27.883585,8,34,0.900000,0.010000,15
4de1_ligand,230,100,50,150,1748000,-1.384655,-2.891916,33.505291,8,34,0.900000,0.010000,16
4de1_ligand,201,100,50,150,1527600,-1.876324,-2.891916,30.323029,8,34,0.900000,0.010000,17
4de1_ligand,172,100,50,150,1307200,-1.609336,-2.891916,21.239412,8,34,0.900000,0.010000,18
4de1_ligand,276,100,50,150,2097600,-1.483732,-2.891916,9.777102,8,34,0.900000,0.010000,19
4de1_ligand,111,100,50,150,843600,-1.677402,-2.891916,20.105930,8,34,0.900000,0.010000,1
4de1_ligand,16,100,50,150,121600,-1.913918,-2.891916,10.729902,8,34,0.900000,0.010000,2
4de1_ligand,150,100,50,150,1140000,-1.894560,-2.891916,33.757946,8,34,0.900000,0.010000,3
4de1_ligand,276,100,50,150,2097600,-0.975566,-2.891916,27.922539,8,34,0.900000,0.010000,4
4de1_ligand,103,100,50,150,782800,-1.820104,-2.891916,27.151934,8,34,0.900000,0.010000,5
4de1_ligand,141,100,50,150,1071600,-0.912193,-2.891916,22.409336,8,34,0.900000,0.010000,6
4de1_ligand,16,100,50,150,121600,-1.955252,-2.891916,28.108629,8,34,0.900000,0.010000,7
4de1_ligand,214,100,50,150,1626400,-1.135726,-2.891916,36.834919,8,34,0.900000,0.010000,8
4de1_ligand,114,100,50,150,866400,-1.696825,-2.891916,21.478626,8,34,0.900000,0.010000,9
4de1_ligand,132,100,50,150,1003200,-1.465489,-2.891916,14.188000,8,34,0.950000,0.000100,0
4de1_ligand,108,100,50,150,820800,-1.430398,-2.891916,35.856125,8,34,0.950000,0.000100,10
4de1_ligand,60,100,50,150,456000,-2.033903,-2.891916,18.634090,8,34,0.950000,0.000100,11
4de1_ligand,198,100,50,150,1504800,-0.482091,-2.891916,25.553303,8,34,0.950000,0.000100,12
4de1_ligand,70,100,50,150,532000,-1.934095,-2.891916,29.495070,8,34,0.950000,0.000100,13
4de1_ligand,158,100,50,150,1200800,0.018384,-2.891916,11.053554,8,34,0.950000,0.000100,14
4de1_ligand,32,100,50,150,243200,-1.899675,-2.891916,35.265533,8,34,0.950000,0.000100,15
4de1_ligand,52,100,50,150,395200,0.178697,-2.891916,38.066677,8,34,0.950000,0.000100,16
4de1_ligand,72,100,50,150,547200,-0.247579,-2.891916,20.529360,8,34,0.950000,0.000100,17
4de1_ligand,6,100,50,150,45600,-2.434944,-2.891916,20.136644,8,34,0.950000,0.000100,18
4de1_ligand,162,100,50,150,1231200,-1.236060,-2.891916,12.741090,8,34,0.950000,0.000100,19
4de1_ligand,260,100,50,150,1976000,-0.568311,-2.891916,15.396033,8,34,0.950000,0.000100,1
4de1_ligand,13,100,50,150,98800,-1.896335,-2.891916,10.574589,8,34,0.950000,0.000100,2
4de1_ligand,131,100,50,150,995600,-0.543391,-2.891916,29.619970,8,34,0.950000,0.000100,3
4de1_ligand,109,100,50,150,828400,-0.178461,-2.891916,32.897434,8,34,0.950000,0.000100,4
4de1_ligand,214,100,50,150,1626400,-1.538575,-2.891916,27.025770,8,34,0.950000,0.000100,5
4de1_ligand,410,100,50,150,3116000,-1.425568,-2.891916,21.176489,8,34,0.950000,0.000100,6
4de1_ligand,210,100,50,150,1596000,-1.641439,-2.891916,28.118368,8,34,0.950000,0.000100,7
4de1_ligand,134,100,50,150,1018400,0.106933,-2.891916,31.052393,8,34,0.950000,0.000100,8
4de1_ligand,114,100,50,150,866400,-1.181697,-2.891916,19.757746,8,34,0.950000,0.000100,9
4de1_ligand,185,100,50,150,1406000,-1.476619,-2.891916,13.288809,8,34,0.950000,0.010000,0
4de1_ligand,401,100,50,150,3047600,-1.739785,-2.891916,35.697666,8,34,0.950000,0.010000,10
4de1_ligand,20,100,50,150,152000,-1.938974,-2.891916,27.241917,8,34,0.950000,0.010000,11
4de1_ligand,176,100,50,150,1337600,-0.891199,-2.891916,23.041805,8,34,0.950000,0.010000,12
4de1_ligand,12,100,50,150,91200,-1.925212,-2.891916,30.484552,8,34,0.950000,0.010000,13
4de1_ligand,12,100,50,150,91200,-2.049708,-2.891916,34.264683,8,34,0.950000,0.010000,14
4de1_ligand,136,100,50,150,1033600,-1.482648,-2.891916,36.474586,8,34,0.950000,0.010000,15
4de1_ligand,96,100,50,150,729600,-1.220913,-2.891916,34.551708,8,34,0.950000,0.010000,16
4de1_ligand,8,100,50,150,60800,-2.159327,-2.891916,19.721432,8,34,0.950000,0.010000,17
4de1_ligand,129,100,50,150,980400,-1.644189,-2.891916,28.727745,8,34,0.950000,0.010000,18
4de1_ligand,212,100,50,150,1611200,-1.721307,-2.891916,9.723111,8,34,0.950000,0.010000,19
4de1_ligand,58,100,50,150,440800,-1.967979,-2.891916,13.984489,8,34,0.950000,0.010000,1
4de1_ligand,10,100,50,150,76000,-2.069789,-2.891916,11.278642,8,34,0.950000,0.010000,2
4de1_ligand,203,100,50,150,1542800,-1.098289,-2.891916,24.566235,8,34,0.950000,0.010000,3
4de1_ligand,316,100,50,150,2401600,-0.764643,-2.891916,22.210295,8,34,0.950000,0.010000,4
4de1_ligand,170,100,50,150,1292000,-1.534818,-2.891916,27.092966,8,34,0.950000,0.010000,5
4de1_ligand,10,100,50,150,76000,-1.892962,-2.891916,21.863167,8,34,0.950000,0.010000,6
4de1_ligand,111,100,50,150,843600,-0.037635,-2.891916,16.510445,8,34,0.950000,0.010000,7
4de1_ligand,75,100,50,150,570000,-0.189551,-2.891916,20.156706,8,34,0.950000,0.010000,8
4de1_ligand,118,100,50,150,896800,-1.683039,-2.891916,21.335606,8,34,0.950000,0.010000,9
4lzs_ligand,113,100,50,150,858800,-0.579887,-1.826324,17.665466,10,31,0.800000,0.000100,0
4lzs_ligand,138,100,50,150,1048800,-0.131725,-1.826324,18.860970,10,31,0.800000,0.000100,10
4lzs_ligand,8,100,50,150,60800,-0.855139,-1.826324,17.890680,10,31,0.800000,0.000100,11
4lzs_ligand,28,100,50,150,212800,-0.874891,-1.826324,12.782138,10,31,0.800000,0.000100,12
4lzs_ligand,97,100,50,150,737200,-0.180616,-1.826324,24.885565,10,31,0.800000,0.000100,13
4lzs_ligand,10,100,50,150,76000,-0.834589,-1.826324,19.748177,10,31,0.800000,0.000100,14
4lzs_ligand,120,100,50,150,912000,0.033027,-1.826324,19.292419,10,31,0.800000,0.000100,15
4lzs_ligand,4,100,50,150,30400,-1.405942,-1.826324,17.689941,10,31,0.800000,0.000100,16
4lzs_ligand,162,100,50,150,1231200,-0.482504,-1.826324,17.413715,10,31,0.800000,0.000100,17
4lzs_ligand,90,100,50,150,684000,-0.444907,-1.826324,17.970633,10,31,0.800000,0.000100,18
4lzs_ligand,173,100,50,150,1314800,-0.747827,-1.826324,19.758509,10,31,0.800000,0.000100,19
4lzs_ligand,155,100,50,150,1178000,-0.310470,-1.826324,23.459021,10,31,0.800000,0.000100,1
4lzs_ligand,6,100,50,150,45600,-1.012161,-1.826324,17.831348,10,31,0.800000,0.000100,2
4lzs_ligand,14,100,50,150,106400,-0.887283,-1.826324,18.402973,10,31,0.800000,0.000100,3
4lzs_ligand,78,100,50,150,592800,-0.911955,-1.826324,18.711388,10,31,0.800000,0.000100,4
4lzs_ligand,4,100,50,150,30400,-0.878691,-1.826324,18.526791,10,31,0.800000,0.000100,5
4lzs_ligand,86,100,50,150,653600,-0.404354,-1.826324,21.028622,10,31,0.800000,0.000100,6
4lzs_ligand,10,100,50,150,76000,-1.229572,-1.826324,18.234791,10,31,0.800000,0.000100,7
4lzs_ligand,48,100,50,150,364800,-0.899260,-1.826324,20.961641,10,31,0.800000,0.000100,8
4lzs_ligand,6,100,50,150,45600,-0.923983,-1.826324,25.654833,10,31,0.800000,0.000100,9
4lzs_ligand,4,100,50,150,30400,-1.394600,-1.826324,18.005720,10,31,0.800000,0.010000,0
4lzs_ligand,299,100,50,150,2272400,-0.587512,-1.826324,17.811808,10,31,0.800000,0.010000,10
4lzs_ligand,4,100,50,150,30400,-0.868559,-1.826324,17.807724,10,31,0.800000,0.010000,11
4lzs_ligand,8,100,50,150,60800,-1.302753,-1.826324,18.547924,10,31,0.800000,0.010000,12
4lzs_ligand,42,100,50,150,319200,-0.939985,-1.826324,17.997541,10,31,0.800000,0.010000,13
4lzs_ligand,8,100,50,150,60800,-0.837540,-1.826324,19.729387,10,31,0.800000,0.010000,14
4lzs_ligand,6,100,50,150,45600,-1.011702,-1.826324,18.042501,10,31,0.800000,0.010000,15
4lzs_ligand,2,100,50,150,15200,-1.553277,-1.826324,17.829678,10,31,0.800000,0.010000,16
4lzs_ligand,100,100,50,150,760000,-0.837472,-1.826324,22.687639,10,31,0.800000,0.010000,17
4lzs_ligand,4,100,50,150,30400,-1.141613,-1.826324,19.687376,10,31,0.800000,0.010000,18
4lzs_ligand,4,100,50,150,30400,-0.838551,-1.826324,17.800289,10,31,0.800000,0.010000,19
4lzs_ligand,6,100,50,150,45600,-1.528272,-1.826324,18.413210,10,31,0.800000,0.010000,1
4lzs_ligand,4,100,50,150,30400,-0.865464,-1.826324,17.511740,10,31,0.800000,0.010000,2
4lzs_ligand,8,100,50,150,60800,-0.958440,-1.826324,18.658642,10,31,0.800000,0.010000,3
4lzs_ligand,30,100,50,150,228000,-0.829743,-1.826324,18.396206,10,31,0.800000,0.010000,4
4lzs_ligand,2,100,50,150,15200,-1.167262,-1.826324,18.526016,10,31,0.800000,0.010000,5
4lzs_ligand,4,100,50,150,30400,-1.428296,-1.826324,18.548908,10,31,0.800000,0.010000,6
4lzs_ligand,3,100,50,150,22800,-0.830401,-1.826324,18.316896,10,31,0.800000,0.010000,7
4lzs_ligand,4,100,50,150,30400,-0.886423,-1.826324,17.639826,10,31,0.800000,0.010000,8
4lzs_ligand,4,100,50,150,30400,-1.207974,-1.826324,25.551050,10,31,0.800000,0.010000,9
4lzs_ligand,10,100,50,150,76000,-0.928083,-1.826324,17.781616,10,31,0.900000,0.000100,0
4lzs_ligand,130,100,50,150,988000,-0.131595,-1.826324,18.856894,10,31,0.900000,0.000100,10
4lzs_ligand,30,100,50,150,228000,-0.868570,-1.826324,18.455685,10,31,0.900000,0.000100,11
4lzs_ligand,93,100,50,150,706800,-0.280238,-1.826324,18.830055,10,31,0.900000,0.000100,12
4lzs_ligand,6,100,50,150,45600,-1.217885,-1.826324,18.024555,10,31,0.900000,0.000100,13
4lzs_ligand,18,100,50,150,136800,-0.886939,-1.826324,19.772865,10,31,0.900000,0.000100,14
4lzs_ligand,97,100,50,150,737200,-0.740465,-1.826324,17.848160,10,31,0.900000,0.000100,15
4lzs_ligand,4,100,50,150,30400,-1.052507,-1.826324,17.943630,10,31,0.900000,0.000100,16
4lzs_ligand,10,100,50,150,76000,-1.005596,-1.826324,18.478096,10,31,0.900000,0.000100,17
4lzs_ligand,144,100,50,150,1094400,-0.539367,-1.826324,17.748133,10,31,0.900000,0.000100,18
4lzs_ligand,12,100,50,150,91200,-1.557102,-1.826324,17.016346,10,31,0.900000,0.000100,19
4lzs_ligand,12,100,50,150,91200,-0.923519,-1.826324,18.702452,10,31,0.900000,0.000100,1
4lzs_ligand,6,100,50,150,45600,-1.420283,-1.826324,17.673170,10,31,0.900000,0.000100,2
4lzs_ligand,18,100,50,150,136800,-0.827399,-1.826324,18.224781,10,31,0.900000,0.000100,3
4lzs_ligand,141,100,50,150,1071600,-0.806452,-1.826324,22.334644,10,31,0.900000,0.000100,4
4lzs_ligand,6,100,50,150,45600,-1.465765,-1.826324,18.318029,10,31,0.900000,0.000100,5
4lzs_ligand,114,100,50,150,866400,-0.390062,-1.826324,20.845543,10,31,0.900000,0.000100,6
4lzs_ligand,8,100,50,150,60800,-0.935623,-1.826324,17.857038,10,31,0.900000,0.000100,7
4lzs_ligand,168,100,50,150,1276800,-0.632521,-1.826324,21.466059,10,31,0.900000,0.000100,8
4lzs_ligand,6,100,50,150,45600,-1.055975,-1.826324,26.180124,10,31,0.900000,0.000100,9
4lzs_ligand,6,100,50,150,45600,-0.993404,-1.826324,17.075209,10,31,0.900000,0.010000,0
4lzs_ligand,372,100,50,150,2827200,-0.588655,-1.826324,17.815571,10,31,0.900000,0.010000,10
4lzs_ligand,8,100,50,150,60800,-0.917542,-1.826324,18.502142,10,31,0.900000,0.010000,11
4lzs_ligand,6,100,50,150,45600,-0.827015,-1.826324,18.629101,10,31,0.900000,0.010000,12
4lzs_ligand,6,100,50,150,45600,-0.919985,-1.826324,18.504513,10,31,0.900000,0.010000,13
4lzs_ligand,6,100,50,150,45600,-0.948159,-1.826324,19.255816,10,31,0.900000,0.010000,14
4lzs_ligand,126,100,50,150,957600,0.031681,-1.826324,19.292946,10,31,0.900000,0.010000,15
4lzs_ligand,4,100,50,150,30400,-1.826140,-1.826324,18.018614,10,31,0.900000,0.010000,16
4lzs_ligand,200,100,50,150,1520000,-0.692209,-1.826324,25.396048,10,31,0.900000,0.010000,17
4lzs_ligand,6,100,50,150,45600,-0.990971,-1.826324,17.393454,10,31,0.900000,0.010000,18
4lzs_ligand,202,100,50,150,1535200,-0.751005,-1.826324,19.794098,10,31,0.900000,0.010000,19
4lzs_ligand,99,100,50,150,752400,-0.617537,-1.826324,19.528515,10,31,0.900000,0.010000,1
4lzs_ligand,4,100,50,150,30400,-1.004968,-1.826324,18.038195,10,31,0.900000,0.010000,2
4lzs_ligand,12,100,50,150,91200,-0.872933,-1.826324,16.926628,10,31,0.900000,0.010000,3
4lzs_ligand,97,100,50,150,737200,-0.756191,-1.826324,22.242500,10,31,0.900000,0.010000,4
4lzs_ligand,4,100,50,150,30400,-1.403949,-1.826324,18.339832,10,31,0.900000,0.010000,5
4lzs_ligand,6,100,50,150,45600,-1.219079,-1.826324,18.532389,10,31,0.900000,0.010000,6
4lzs_ligand,4,100,50,150,30400,-0.974326,-1.826324,18.638472,10,31,0.900000,0.010000,7
4lzs_ligand,4,100,50,150,30400,-0.950658,-1.826324,17.977863,10,31,0.900000,0.010000,8
4lzs_ligand,4,100,50,150,30400,-1.001125,-1.826324,26.089073,10,31,0.900000,0.010000,9
4lzs_ligand,22,100,50,150,167200,-0.910029,-1.826324,17.698692,10,31,0.950000,0.000100,0
4lzs_ligand,27,100,50,150,205200,-0.831782,-1.826324,17.423552,10,31,0.950000,0.000100,10
4lzs_ligand,26,100,50,150,197600,-0.837918,-1.826324,18.069393,10,31,0.950000,0.000100,11
4lzs_ligand,128,100,50,150,972800,-0.375382,-1.826324,18.464666,10,31,0.950000,0.000100,12
4lzs_ligand,24,100,50,150,182400,-0.945316,-1.826324,18.345711,10,31,0.950000,0.000100,13
4lzs_ligand,28,100,50,150,212800,-0.829876,-1.826324,19.745777,10,31,0.950000,0.000100,14
4lzs_ligand,117,100,50,150,889200,-0.561610,-1.826324,17.880964,10,31,0.950000,0.000100,15
4lzs_ligand,6,100,50,150,45600,-0.986343,-1.826324,18.094969,10,31,0.950000,0.000100,16
4lzs_ligand,10,100,50,150,76000,-1.151964,-1.826324,18.252552,10,31,0.950000,0.000100,17
4lzs_ligand,17,100,50,150,129200,-0.844227,-1.826324,17.553705,10,31,0.950000,0.000100,18
4lzs_ligand,177,100,50,150,1345200,-0.779801,-1.826324,19.813740,10,31,0.950000,0.000100,19
4lzs_ligand,94,100,50,150,714400,0.268750,-1.826324,24.484552,10,31,0.950000,0.000100,1
4lzs_ligand,175,100,50,150,1330000,-0.517817,-1.826324,17.676254,10,31,0.950000,0.000100,2
4lzs_ligand,101,100,50,150,767600,-0.749145,-1.826324,20.225412,10,31,0.950000,0.000100,3
4lzs_ligand,106,100,50,150,805600,-0.827313,-1.826324,22.324951,10,31,0.950000,0.000100,4
4lzs_ligand,82,100,50,150,623200,0.063194,-1.826324,20.610508,10,31,0.950000,0.000100,5
4lzs_ligand,166,100,50,150,1261600,-0.230728,-1.826324,19.286762,10,31,0.950000,0.000100,6
4lzs_ligand,20,100,50,150,152000,-0.871605,-1.826324,19.459137,10,31,0.950000,0.000100,7
4lzs_ligand,10,100,50,150,76000,-0.869538,-1.826324,17.435352,10,31,0.950000,0.000100,8
4lzs_ligand,6,100,50,150,45600,-0.913382,-1.826324,26.105614,10,31,0.950000,0.000100,9
4lzs_ligand,6,100,50,150,45600,-1.698696,-1.826324,17.916636,10,31,0.950000,0.010000,0
4lzs_ligand,158,100,50,150,1200800,-0.160873,-1.826324,18.892061,10,31,0.950000,0.010000,10
4lzs_ligand,10,100,50,150,76000,-0.900202,-1.826324,17.984495,10,31,0.950000,0.010000,11
4lzs_ligand,105,100,50,150,798000,-0.015711,-1.826324,25.370636,10,31,0.950000,0.010000,12
4lzs_ligand,26,100,50,150,197600,-0.877467,-1.826324,16.666342,10,31,0.950000,0.010000,13
4lzs_ligand,10,100,50,150,76000,-0.853286,-1.826324,19.881090,10,31,0.950000,0.010000,14
4lzs_ligand,10,100,50,150,76000,-0.958214,-1.826324,19.387512,10,31,0.950000,0.010000,15
4lzs_ligand,4,100,50,150,30400,-1.162426,-1.826324,18.106674,10,31,0.950000,0.010000,16
4lzs_ligand,142,100,50,150,1079200,-0.703679,-1.826324,25.359802,10,31,0.950000,0.010000,17
4lzs_ligand,9,100,50,150,68400,-0.848677,-1.826324,17.625338,10,31,0.950000,0.010000,18
4lzs_ligand,192,100,50,150,1459200,-0.752389,-1.826324,19.814266,10,31,0.950000,0.010000,19
4lzs_ligand,6,100,50,150,45600,-0.892812,-1.826324,17.859859,10,31,0.950000,0.010000,1
4lzs_ligand,6,100,50,150,45600,-1.233181,-1.826324,18.578844,10,31,0.950000,0.010000,2
4lzs_ligand,6,100,50,150,45600,-0.962945,-1.826324,18.478685,10,31,0.950000,0.010000,3
4lzs_ligand,146,100,50,150,1109600,-0.423089,-1.826324,25.498177,10,31,0.950000,0.010000,4
4lzs_ligand,4,100,50,150,30400,-1.149834,-1.826324,18.443104,10,31,0.950000,0.010000,5
4lzs_ligand,6,100,50,150,45600,-1.273036,-1.826324,18.417326,10,31,0.950000,0.010000,6
4lzs_ligand,6,100,50,150,45600,-0.869507,-1.826324,18.171852,10,31,0.950000,0.010000,7
4lzs_ligand,4,100,50,150,30400,-0.914458,-1.826324,17.434063,10,31,0.950000,0.010000,8
4lzs_ligand,4,100,50,150,30400,-0.845554,-1.826324,26.151686,10,31,0.950000,0.010000,9
4ty7_ligand,347,100,50,150,2637200,0.204541,-3.464769,16.455240,20,66,0.800000,0.000100,0
4ty7_ligand,217,100,50,150,1649200,2.084125,-3.464769,18.244944,20,66,0.800000,0.000100,10
4ty7_ligand,204,100,50,150,1550400,-0.549665,-3.464769,28.208792,20,66,0.800000,0.000100,11
4ty7_ligand,110,100,50,150,836000,1.539041,-3.464769,20.421364,20,66,0.800000,0.000100,12
4ty7_ligand,203,100,50,150,1542800,0.027059,-3.464769,17.156256,20,66,0.800000,0.000100,13
4ty7_ligand,134,100,50,150,1018400,1.685137,-3.464769,30.657288,20,66,0.800000,0.000100,14
4ty7_ligand,239,100,50,150,1816400,1.344308,-3.464769,25.349073,20,66,0.800000,0.000100,15
4ty7_ligand,120,100,50,150,912000,1.328974,-3.464769,20.139967,20,66,0.800000,0.000100,16
4ty7_ligand,283,100,50,150,2150800,3.074318,-3.464769,16.424095,20,66,0.800000,0.000100,17
4ty7_ligand,180,100,50,150,1368000,1.759233,-3.464769,20.348961,20,66,0.800000,0.000100,18
4ty7_ligand,215,100,50,150,1634000,0.342347,-3.464769,35.075882,20,66,0.800000,0.000100,19
4ty7_ligand,281,100,50,150,2135600,0.766414,-3.464769,21.645952,20,66,0.800000,0.000100,1
4ty7_ligand,168,100,50,150,1276800,0.697496,-3.464769,12.141408,20,66,0.800000,0.000100,2
4ty7_ligand,209,100,50,150,1588400,2.383974,-3.464769,19.997972,20,66,0.800000,0.000100,3
4ty7_ligand,86,100,50,150,653600,1.850141,-3.464769,26.702156,20,66,0.800000,0.000100,4
4ty7_ligand,187,100,50,150,1421200,3.507670,-3.464769,23.583916,20,66,0.800000,0.000100,5
4ty7_ligand,200,100,50,150,1520000,1.180954,-3.464769,28.711676,20,66,0.800000,0.000100,6
4ty7_ligand,128,100,50,150,972800,2.068640,-3.464769,14.707742,20,66,0.800000,0.000100,7
4ty7_ligand,86,100,50,150,653600,0.736980,-3.464769,21.257639,20,66,0.800000,0.000100,9
4ty7_ligand,193,100,50,150,1466800,0.954810,-3.464769,19.313675,20,66,0.800000,0.010000,0
4ty7_ligand,134,100,50,150,1018400,0.874977,-3.464769,16.147406,20,66,0.800000,0.010000,10
4ty7_ligand,127,100,50,150,965200,-0.352493,-3.464769,28.315691,20,66,0.800000,0.010000,11
4ty7_ligand,182,100,50,150,1383200,-0.742922,-3.464769,5.720929,20,66,0.800000,0.010000,12
4ty7_ligand,66,100,50,150,501600,1.658433,-3.464769,24.820999,20,66,0.800000,0.010000,13
4ty7_ligand,142,100,50,150,1079200,1.879182,-3.464769,30.245676,20,66,0.800000,0.010000,14
4ty7_ligand,240,100,50,150,1824000,0.209076,-3.464769,16.135576,20,66,0.800000,0.010000,15
4ty7_ligand,401,100,50,150,3047600,0.630758,-3.464769,11.072065,20,66,0.800000,0.010000,16
4ty7_ligand,122,100,50,150,927200,-0.078303,-3.464769,13.282973,20,66,0.800000,0.010000,17
4ty7_ligand,236,100,50,150,1793600,0.018026,-3.464769,29.738604,20,66,0.800000,0.010000,18
4ty7_ligand,195,100,50,150,1482000,0.750634,-3.464769,34.514488,20,66,0.800000,0.010000,19
4ty7_ligand,179,100,50,150,1360400,1.621892,-3.464769,22.592419,20,66,0.800000,0.010000,1
4ty7_ligand,134,100,50,150,1018400,-0.145211,-3.464769,23.987812,20,66,0.800000,0.010000,2
4ty7_ligand,157,100,50,150,1193200,0.773915,-3.464769,19.509157,20,66,0.800000,0.010000,3
4ty7_ligand,84,100,50,150,638400,1.774694,-3.464769,31.205153,20,66,0.800000,0.010000,4
4ty7_ligand,84,100,50,150,638400,1.253765,-3.464769,18.886650,20,66,0.800000,0.010000,5
4ty7_ligand,360,100,50,150,2736000,1.447438,-3.464769,27.246485,20,66,0.800000,0.010000,6
4ty7_ligand,267,100,50,150,2029200,1.992398,-3.464769,25.334238,20,66,0.800000,0.010000,7
4ty7_ligand,704,100,50,150,5350400,0.372865,-3.464769,27.542473,20,66,0.800000,0.010000,8
4ty7_ligand,333,100,50,150,2530800,0.019041,-3.464769,20.895233,20,66,0.800000,0.010000,9
4ty7_ligand,348,100,50,150,2644800,2.522610,-3.464769,19.465395,20,66,0.900000,0.000100,0
4ty7_ligand,185,100,50,150,1406000,2.369470,-3.464769,19.063211,20,66,0.900000,0.000100,10
4ty7_ligand,154,100,50,150,1170400,0.325049,-3.464769,29.348286,20,66,0.900000,0.000100,11
4ty7_ligand,312,100,50,150,2371200,1.554212,-3.464769,23.536188,20,66,0.900000,0.000100,12
4ty7_ligand,116,100,50,150,881600,1.776791,-3.464769,25.050564,20,66,0.900000,0.000100,13
4ty7_ligand,129,100,50,150,980400,1.913148,-3.464769,30.835928,20,66,0.900000,0.000100,14
4ty7_ligand,174,100,50,150,1322400,1.239860,-3.464769,16.998226,20,66,0.900000,0.000100,15
4ty7_ligand,62,100,50,150,471200,2.785493,-3.464769,31.393393,20,66,0.900000,0.000100,16
4ty7_ligand,128,100,50,150,972800,1.858667,-3.464769,12.959446,20,66,0.900000,0.000100,17
4ty7_ligand,123,100,50,150,934800,0.533181,-3.464769,19.932856,20,66,0.900000,0.000100,18
4ty7_ligand,136,100,50,150,1033600,-0.029125,-3.464769,34.898758,20,66,0.900000,0.000100,19
4ty7_ligand,322,100,50,150,2447200,0.399454,-3.464769,14.988019,20,66,0.900000,0.000100,1
4ty7_ligand,128,100,50,150,972800,0.634378,-3.464769,12.025156,20,66,0.900000,0.000100,2
4ty7_ligand,203,100,50,150,1542800,1.992695,-3.464769,19.752338,20,66,0.900000,0.000100,3
4ty7_ligand,241,100,50,150,1831600,1.407351,-3.464769,24.843964,20,66,0.900000,0.000100,4
4ty7_ligand,151,100,50,150,1147600,2.959023,-3.464769,25.187225,20,66,0.900000,0.000100,5
4ty7_ligand,182,100,50,150,1383200,1.268057,-3.464769,25.118273,20,66,0.900000,0.000100,6
4ty7_ligand,94,100,50,150,714400,1.965492,-3.464769,24.690512,20,66,0.900000,0.000100,7
4ty7_ligand,232,100,50,150,1763200,-0.171625,-3.464769,27.440271,20,66,0.900000,0.000100,8
4ty7_ligand,289,100,50,150,2196400,2.622245,-3.464769,23.822054,20,66,0.900000,0.000100,9
4ty7_ligand,246,100,50,150,1869600,2.548326,-3.464769,16.839174,20,66,0.900000,0.010000,0
4ty7_ligand,183,100,50,150,1390800,2.655536,-3.464769,14.067197,20,66,0.900000,0.010000,10
4ty7_ligand,299,100,50,150,2272400,-0.523209,-3.464769,28.159346,20,66,0.900000,0.010000,11
4ty7_ligand,153,100,50,150,1162800,3.276922,-3.464769,23.949688,20,66,0.900000,0.010000,12
4ty7_ligand,171,100,50,150,1299600,0.549805,-3.464769,22.168037,20,66,0.900000,0.010000,13
4ty7_ligand,148,100,50,150,1124800,1.900998,-3.464769,30.452040,20,66,0.900000,0.010000,14
4ty7_ligand,116,100,50,150,881600,1.167565,-3.464769,17.110264,20,66,0.900000,0.010000,15
4ty7_ligand,268,100,50,150,2036800,0.252134,-3.464769,12.818260,20,66,0.900000,0.010000,16
4ty7_ligand,190,100,50,150,1444000,-0.471122,-3.464769,13.743092,20,66,0.900000,0.010000,17
4ty7_ligand,74,100,50,150,562400,2.109931,-3.464769,18.138786,20,66,0.900000,0.010000,18
4ty7_ligand,136,100,50,150,1033600,0.832609,-3.464769,33.564163,20,66,0.900000,0.010000,19
4ty7_ligand,62,100,50,150,471200,2.747634,-3.464769,33.239304,20,66,0.900000,0.010000,1
4ty7_ligand,576,100,50,150,4377600,0.371319,-3.464769,11.298802,20,66,0.900000,0.010000,2
4ty7_ligand,182,100,50,150,1383200,2.004337,-3.464769,9.203363,20,66,0.900000,0.010000,3
4ty7_ligand,140,100,50,150,1064000,1.368910,-3.464769,23.695215,20,66,0.900000,0.010000,4
4ty7_ligand,278,100,50,150,2112800,0.408988,-3.464769,10.893545,20,66,0.900000,0.010000,5
4ty7_ligand,247,100,50,150,1877200,2.085223,-3.464769,15.550852,20,66,0.900000,0.010000,6
4ty7_ligand,310,100,50,150,2356000,1.959822,-3.464769,24.875149,20,66,0.900000,0.010000,7
4ty7_ligand,310,100,50,150,2356000,0.277572,-3.464769,28.305523,20,66,0.900000,0.010000,8
4ty7_ligand,213,100,50,150,1618800,0.973004,-3.464769,20.936937,20,66,0.900000,0.010000,9
4ty7_ligand,338,100,50,150,2568800,2.842988,-3.464769,19.180510,20,66,0.950000,0.000100,0
4ty7_ligand,144,100,50,150,1094400,2.611561,-3.464769,13.972618,20,66,0.950000,0.000100,10
4ty7_ligand,409,100,50,150,3108400,0.814747,-3.464769,14.560687,20,66,0.950000,0.000100,11
4ty7_ligand,112,100,50,150,851200,3.308466,-3.464769,24.929998,20,66,0.950000,0.000100,12
4ty7_ligand,164,100,50,150,1246400,2.498697,-3.464769,34.807117,20,66,0.950000,0.000100,13
4ty7_ligand,221,100,50,150,1679600,0.596390,-3.464769,28.431995,20,66,0.950000,0.000100,14
4ty7_ligand,146,100,50,150,1109600,1.306805,-3.464769,16.109955,20,66,0.950000,0.000100,15
4ty7_ligand,330,100,50,150,2508000,0.940332,-3.464769,20.187290,20,66,0.950000,0.000100,16
4ty7_ligand,127,100,50,150,965200,2.009900,-3.464769,13.104076,20,66,0.950000,0.000100,17
4ty7_ligand,110,100,50,150,836000,2.553497,-3.464769,19.839733,20,66,0.950000,0.000100,18
4ty7_ligand,240,100,50,150,1824000,1.146753,-3.464769,34.076817,20,66,0.950000,0.000100,19
4ty7_ligand,273,100,50,150,2074800,2.893871,-3.464769,22.655079,20,66,0.950000,0.000100,1
4ty7_ligand,182,100,50,150,1383200,2.181199,-3.464769,15.343226,20,66,0.950000,0.000100,2
4ty7_ligand,189,100,50,150,1436400,2.303139,-3.464769,16.501673,20,66,0.950000,0.000100,3
4ty7_ligand,190,100,50,150,1444000,1.419245,-3.464769,24.766970,20,66,0.950000,0.000100,4
4ty7_ligand,182,100,50,150,1383200,1.244892,-3.464769,20.849478,20,66,0.950000,0.000100,5
4ty7_ligand,161,100,50,150,1223600,2.055090,-3.464769,26.247480,20,66,0.950000,0.000100,6
4ty7_ligand,146,100,50,150,1109600,0.967990,-3.464769,24.712755,20,66,0.950000,0.000100,7
4ty7_ligand,218,100,50,150,1656800,-0.253192,-3.464769,27.435286,20,66,0.950000,0.000100,8
4ty7_ligand,111,100,50,150,843600,0.635731,-3.464769,24.414242,20,66,0.950000,0.000100,9
4ty7_ligand,205,100,50,150,1558000,2.538908,-3.464769,19.260021,20,66,0.950000,0.010000,0
4ty7_ligand,228,100,50,150,1732800,-0.609009,-3.464769,17.054176,20,66,0.950000,0.010000,10
4ty7_ligand,222,100,50,150,1687200,1.350189,-3.464769,29.659910,20,66,0.950000,0.010000,11
4ty7_ligand,170,100,50,150,1292000,3.313248,-3.464769,23.316809,20,66,0.950000,0.010000,12
4ty7_ligand,270,100,50,150,2052000,1.515667,-3.464769,25.732510,20,66,0.950000,0.010000,13
4ty7_ligand,422,100,50,150,3207200,0.669799,-3.464769,28.291130,20,66,0.950000,0.010000,14
4ty7_ligand,164,100,50,150,1246400,2.291565,-3.464769,33.703835,20,66,0.950000,0.010000,15
4ty7_ligand,110,100,50,150,836000,1.549997,-3.464769,14.227068,20,66,0.950000,0.010000,16
4ty7_ligand,194,100,50,150,1474400,0.136515,-3.464769,12.921376,20,66,0.950000,0.010000,17
4ty7_ligand,269,100,50,150,2044400,0.882537,-3.464769,22.647898,20,66,0.950000,0.010000,18
4ty7_ligand,116,100,50,150,881600,0.787289,-3.464769,33.750092,20,66,0.950000,0.010000,19
4ty7_ligand,62,100,50,150,471200,2.584377,-3.464769,19.816717,20,66,0.950000,0.010000,1
4ty7_ligand,308,100,50,150,2340800,-0.494753,-3.464769,13.711470,20,66,0.950000,0.010000,2
4ty7_ligand,66,100,50,150,501600,2.384328,-3.464769,16.354099,20,66,0.950000,0.010000,3
4ty7_ligand,130,100,50,150,988000,1.556031,-3.464769,24.676067,20,66,0.950000,0.010000,4
4ty7_ligand,266,100,50,150,2021600,-0.442476,-3.464769,17.564373,20,66,0.950000,0.010000,5
4ty7_ligand,122,100,50,150,927200,1.348148,-3.464769,28.521870,20,66,0.950000,0.010000,6
4ty7_ligand,217,100,50,150,1649200,0.998212,-3.464769,24.664303,20,66,0.950000,0.010000,7
4ty7_ligand,354,100,50,150,2690400,-0.270177,-3.464769,27.431623,20,66,0.950000,0.010000,8
4ty7_ligand,142,100,50,150,1079200,2.464939,-3.464769,19.898300,20,66,0.950000,0.010000,9
