ligand,iteration,standalone_ls_score
4few_ligand,0,812503
4few_ligand,1,697643
4few_ligand,2,607127
4few_ligand,3,547986
4few_ligand,4,529875
4few_ligand,5,524814
4few_ligand,6,525903
4few_ligand,7,506992
4few_ligand,8,504491
4few_ligand,9,491210
4few_ligand,10,485695
4few_ligand,11,469505
4few_ligand,12,413542
4few_ligand,13,341798
4few_ligand,14,331880
4few_ligand,15,350030
4few_ligand,16,334868
4few_ligand,17,309549
4few_ligand,18,229519
4few_ligand,19,191128
4few_ligand,20,164645
4few_ligand,21,166145
4few_ligand,22,181451
4few_ligand,23,165585
4few_ligand,24,176291
4few_ligand,25,162515
4few_ligand,26,181454
4few_ligand,27,170352
4few_ligand,28,181150
4few_ligand,29,194250
4few_ligand,30,175203
4few_ligand,31,194312
4few_ligand,32,169460
4few_ligand,33,173517
4few_ligand,34,175339
4few_ligand,35,174648
4few_ligand,36,177054
4few_ligand,37,173445
4few_ligand,38,182251
4few_ligand,39,170356
4few_ligand,40,186440
4few_ligand,41,164203
4few_ligand,42,184768
4few_ligand,43,178533
4few_ligand,44,180347
4few_ligand,45,177818
4few_ligand,46,182241
4few_ligand,47,177139
4few_ligand,48,184526
4few_ligand,49,185265
4few_ligand,50,196655
4few_ligand,51,163751
4few_ligand,52,193716
4few_ligand,53,169394
4few_ligand,54,187095
4few_ligand,55,192085
4few_ligand,56,198471
4few_ligand,57,183707
4few_ligand,58,231466
4few_ligand,59,260458
4few_ligand,60,197888
4few_ligand,61,162740
4few_ligand,62,193894
4few_ligand,63,159140
4few_ligand,64,198062
4few_ligand,65,158663
4few_ligand,66,193795
4few_ligand,67,215873
4few_ligand,68,196820
4few_ligand,69,189490
4few_ligand,70,187126
4few_ligand,71,175570
4few_ligand,72,188483
4few_ligand,73,172645
4few_ligand,74,205183
4few_ligand,75,179428
4few_ligand,76,187078
4few_ligand,77,179962
4few_ligand,78,171197
4few_ligand,79,194472
4few_ligand,80,167250
4few_ligand,81,201174
4few_ligand,82,159078
4few_ligand,83,200501
4few_ligand,84,201854
4few_ligand,85,200014
4few_ligand,86,192075
4few_ligand,87,199410
4few_ligand,88,214084
4few_ligand,89,220732
4few_ligand,90,238877
4few_ligand,91,235666
4few_ligand,92,198374
4few_ligand,93,167428
4few_ligand,94,192585
4few_ligand,95,173298
4few_ligand,96,193302
4few_ligand,97,189537
4few_ligand,98,179471
4few_ligand,99,186887
4few_ligand,100,172759
4few_ligand,101,172931
4few_ligand,102,190510
4few_ligand,103,155701
4few_ligand,104,196835
4few_ligand,105,212169
4few_ligand,106,224906
4few_ligand,107,161418
4few_ligand,108,182213
4few_ligand,109,175456
4few_ligand,110,169289
4few_ligand,111,186444
4few_ligand,112,163970
4few_ligand,113,189134
4few_ligand,114,175097
4few_ligand,115,168190
4few_ligand,116,177605
4few_ligand,117,199122
4few_ligand,118,194132
4few_ligand,119,179410
4few_ligand,120,171089
4few_ligand,121,189105
4few_ligand,122,159569
4few_ligand,123,200998
4few_ligand,124,151860
4few_ligand,125,181256
4few_ligand,126,175442
4few_ligand,127,173897
4few_ligand,128,191638
4few_ligand,129,162512
4few_ligand,130,186076
4few_ligand,131,188664
4few_ligand,132,176547
4few_ligand,133,189415
4few_ligand,134,163576
4few_ligand,135,183104
4few_ligand,136,179935
4few_ligand,137,169621
4few_ligand,138,184051
4few_ligand,139,175455
4few_ligand,140,200913
4few_ligand,141,160569
4few_ligand,142,189232
4few_ligand,143,180336
4few_ligand,144,206214
4few_ligand,145,186330
4few_ligand,146,193514
4few_ligand,147,164262
4few_ligand,148,191343
4few_ligand,149,162824
4few_ligand,150,202239
4few_ligand,151,152128
4few_ligand,152,177407
4few_ligand,153,187920
4few_ligand,154,166053
4few_ligand,155,202275
4few_ligand,156,178306
4few_ligand,157,177891
4few_ligand,158,202545
4few_ligand,159,179752
4few_ligand,160,176836
4few_ligand,161,177536
4few_ligand,162,171428
4few_ligand,163,206588
4few_ligand,164,183414
4few_ligand,165,209415
4few_ligand,166,174794
4few_ligand,167,193244
4few_ligand,168,254606
4few_ligand,169,242759
4few_ligand,170,241496
4few_ligand,171,157210
4few_ligand,172,213616
4few_ligand,173,220661
4few_ligand,174,167788
4few_ligand,175,193019
4few_ligand,176,228359
4few_ligand,177,251115
4few_ligand,178,249488
4few_ligand,179,148734
4few_ligand,180,150799
4few_ligand,181,199078
4few_ligand,182,198220
4few_ligand,183,188622
4few_ligand,184,193128
4few_ligand,185,180048
4few_ligand,186,191427
4few_ligand,187,181580
4few_ligand,188,200183
4few_ligand,189,174879
4few_ligand,190,159035
4few_ligand,191,187324
4few_ligand,192,152583
4few_ligand,193,178394
4few_ligand,194,166292
4few_ligand,195,183754
4few_ligand,196,181368
4few_ligand,197,184209
4few_ligand,198,189082
4few_ligand,199,170614
4few_ligand,200,189690
4few_ligand,201,183811
4few_ligand,202,183001
4few_ligand,203,187514
4few_ligand,204,162765
4few_ligand,205,164659
4few_ligand,206,183567
4few_ligand,207,180682
4few_ligand,208,209355
4few_ligand,209,174498
4few_ligand,210,185759
4few_ligand,211,157932
4few_ligand,212,193499
4few_ligand,213,196007
4few_ligand,214,155249
4few_ligand,215,181076
4few_ligand,216,156422
4few_ligand,217,201664
4few_ligand,218,176522
4few_ligand,219,205289
4few_ligand,220,173660
4few_ligand,221,210232
4few_ligand,222,161816
4few_ligand,223,165179
4few_ligand,224,204957
4few_ligand,225,199968
4few_ligand,226,179234
4few_ligand,227,196694
4few_ligand,228,187851
4few_ligand,229,199939
4few_ligand,230,180200
4few_ligand,231,193193
4few_ligand,232,190276
4few_ligand,233,210026
4few_ligand,234,191222
4few_ligand,235,243121
4few_ligand,236,181486
4few_ligand,237,216844
4few_ligand,238,203310
4few_ligand,239,171831
4few_ligand,240,164513
4few_ligand,241,180405
4few_ligand,242,157835
4few_ligand,243,183949
4few_ligand,244,190141
4few_ligand,245,188180
4few_ligand,246,190248
4few_ligand,247,183475
4few_ligand,248,194897
4few_ligand,249,179128
4few_ligand,250,156123
4few_ligand,251,188399
4few_ligand,252,180521
4few_ligand,253,174398
4few_ligand,254,225099
4few_ligand,255,223076
4few_ligand,256,198060
4few_ligand,257,168107
4few_ligand,258,180311
4few_ligand,259,185137
4few_ligand,260,173389
4few_ligand,261,173452
4few_ligand,262,164284
4few_ligand,263,178571
4few_ligand,264,150209
4few_ligand,265,180491
4few_ligand,266,147385
4few_ligand,267,179644
4few_ligand,268,185533
4few_ligand,269,190915
4few_ligand,270,185547
4few_ligand,271,202834
4few_ligand,272,197371
4few_ligand,273,201637
4few_ligand,274,168452
4few_ligand,275,204738
4few_ligand,276,209246
4few_ligand,277,189199
4few_ligand,278,193553
4few_ligand,279,200942
4few_ligand,280,196318
4few_ligand,281,208312
4few_ligand,282,197668
4few_ligand,283,234399
4few_ligand,284,211104
4few_ligand,285,191266
4few_ligand,286,189400
4few_ligand,287,162935
4few_ligand,288,154195
4few_ligand,289,187373
4few_ligand,290,185501
4few_ligand,291,191802
4few_ligand,292,207195
4few_ligand,293,163807
4few_ligand,294,155922
4few_ligand,295,186531
4few_ligand,296,209511
4few_ligand,297,204655
4few_ligand,298,166164
4few_ligand,299,198899
4few_ligand,300,202722
4few_ligand,301,184244
4few_ligand,302,186709
4few_ligand,303,195824
4few_ligand,304,179567
4few_ligand,305,201286
4few_ligand,306,167074
4few_ligand,307,186212
4few_ligand,308,183646
4few_ligand,309,202510
4few_ligand,310,195718
4few_ligand,311,205108
4few_ligand,312,187953
4few_ligand,313,244072
4few_ligand,314,214858
4few_ligand,315,181714
4few_ligand,316,150316
4few_ligand,317,149217
4few_ligand,318,155709
4few_ligand,319,182272
4few_ligand,320,179084
4few_ligand,321,186580
4few_ligand,322,179747
4few_ligand,323,179103
4few_ligand,324,187826
4few_ligand,325,204998
4few_ligand,326,183196
4few_ligand,327,189493
4few_ligand,328,196549
4few_ligand,329,187713
4few_ligand,330,177211
4few_ligand,331,192621
4few_ligand,332,179171
4few_ligand,333,209888
4few_ligand,334,221397
4few_ligand,335,181223
4few_ligand,336,147565
4few_ligand,337,168614
4few_ligand,338,170265
4few_ligand,339,214993
4few_ligand,340,204575
4few_ligand,341,214128
4few_ligand,342,210579
4few_ligand,343,210670
4few_ligand,344,167460
4few_ligand,345,197366
4few_ligand,346,202079
4few_ligand,347,196966
4few_ligand,348,209113
4few_ligand,349,176113
4few_ligand,350,196265
4few_ligand,351,196414
4few_ligand,352,184742
4few_ligand,353,205563
4few_ligand,354,173102
4few_ligand,355,204540
4few_ligand,356,220360
4few_ligand,357,187687
4few_ligand,358,196737
4few_ligand,359,198384
4few_ligand,360,179501
4few_ligand,361,231002
4few_ligand,362,170949
4few_ligand,363,192230
4few_ligand,364,184259
4few_ligand,365,232957
4few_ligand,366,186214
4few_ligand,367,207745
4few_ligand,368,188237
4few_ligand,369,232838
4few_ligand,370,178391
4few_ligand,371,175894
4few_ligand,372,199055
4few_ligand,373,196935
4few_ligand,374,200433
4few_ligand,375,224268
4few_ligand,376,195417
4few_ligand,377,228805
4few_ligand,378,197021
4few_ligand,379,250730
4few_ligand,380,250258
4few_ligand,381,221331
4few_ligand,382,241149
4few_ligand,383,167682
4few_ligand,384,216576
4few_ligand,385,187428
4few_ligand,386,180484
4few_ligand,387,217176
4few_ligand,388,170444
4few_ligand,389,193997
4few_ligand,390,203235
4few_ligand,391,205957
4few_ligand,392,198784
4few_ligand,393,207493
4few_ligand,394,231191
4few_ligand,395,160656
4few_ligand,396,159937
4few_ligand,397,207131
4few_ligand,398,201752
4few_ligand,399,191785
4few_ligand,400,189085
4few_ligand,401,185195
4few_ligand,402,198139
4few_ligand,403,197858
4few_ligand,404,201298
4few_ligand,405,249554
4few_ligand,406,210971
4few_ligand,407,199592
4few_ligand,408,218942
4few_ligand,409,213940
4few_ligand,410,207813
4few_ligand,411,288784
4few_ligand,412,268623
4few_ligand,413,201449
4few_ligand,414,263274
4few_ligand,415,187057
4few_ligand,416,217010
4few_ligand,417,230138
4few_ligand,418,201900
4few_ligand,419,232003
4few_ligand,420,203382
4few_ligand,421,204562
4few_ligand,422,176187
4few_ligand,423,188324
4few_ligand,424,216827
4few_ligand,425,189930
4few_ligand,426,197681
4few_ligand,427,178179
4few_ligand,428,190498
4few_ligand,429,189232
4few_ligand,430,194191
4few_ligand,431,211658
4few_ligand,432,163799
4few_ligand,433,191696
4few_ligand,434,214933
4few_ligand,435,181245
4few_ligand,436,202655
4few_ligand,437,195478
4few_ligand,438,189060
4few_ligand,439,217295
4few_ligand,440,163921
4few_ligand,441,201390
4few_ligand,442,197632
4few_ligand,443,200154
4few_ligand,444,190585
4few_ligand,445,205140
4few_ligand,446,172788
4few_ligand,447,194412
4few_ligand,448,194367
4few_ligand,449,236751
4few_ligand,450,174283
4few_ligand,451,193488
4few_ligand,452,192133
4few_ligand,453,231126
4few_ligand,454,167591
4few_ligand,455,201737
4few_ligand,456,238177
4few_ligand,457,184917
4few_ligand,458,201212
4few_ligand,459,194809
4few_ligand,460,204041
4few_ligand,461,201939
4few_ligand,462,205254
4few_ligand,463,192544
4few_ligand,464,189247
4few_ligand,465,227518
4few_ligand,466,223080
4few_ligand,467,204600
4few_ligand,468,179801
4few_ligand,469,230850
4few_ligand,470,179440
4few_ligand,471,179422
4few_ligand,472,206658
4few_ligand,473,210952
4few_ligand,474,215442
4few_ligand,475,202901
4few_ligand,476,200983
4few_ligand,477,254388
4few_ligand,478,206208
4few_ligand,479,214084
4few_ligand,480,230157
4few_ligand,481,172227
4few_ligand,482,208996
4few_ligand,483,195734
4few_ligand,484,192233
4few_ligand,485,208998
4few_ligand,486,172396
4few_ligand,487,186559
4few_ligand,488,201942
4few_ligand,489,204013
4few_ligand,490,185983
4few_ligand,491,214626
4few_ligand,492,170519
4few_ligand,493,210253
4few_ligand,494,224294
4few_ligand,495,202253
4few_ligand,496,175232
4few_ligand,497,226647
4few_ligand,498,204938
4few_ligand,499,230968
4few_ligand,500,206409
4few_ligand,501,288150
4few_ligand,502,310684
4few_ligand,503,305914
4few_ligand,504,236127
4few_ligand,505,208354
4few_ligand,506,166742
4few_ligand,507,226118
4few_ligand,508,219400
4few_ligand,509,177929
4few_ligand,510,184946
4few_ligand,511,212739
4few_ligand,512,204566
4few_ligand,513,208878
4few_ligand,514,195675
4few_ligand,515,175659
4few_ligand,516,176770
4few_ligand,517,200337
4few_ligand,518,173547
4few_ligand,519,231796
4few_ligand,520,202310
4few_ligand,521,235332
4few_ligand,522,200721
4few_ligand,523,171946
4few_ligand,524,177967
4few_ligand,525,192037
4few_ligand,526,174861
4few_ligand,527,194648
4few_ligand,528,170849
4few_ligand,529,198119
4few_ligand,530,164928
4few_ligand,531,205751
4few_ligand,532,180651
4few_ligand,533,217342
4few_ligand,534,191975
4few_ligand,535,224333
4few_ligand,536,217636
4few_ligand,537,231344
4few_ligand,538,224413
4few_ligand,539,238593
4few_ligand,540,243430
4few_ligand,541,196948
4few_ligand,542,215356
4few_ligand,543,203800
4few_ligand,544,225768
4few_ligand,545,199999
4few_ligand,546,213040
4few_ligand,547,215620
4few_ligand,548,157756
4few_ligand,549,214288
4few_ligand,550,188038
4few_ligand,551,220176
4few_ligand,552,206800
4few_ligand,553,181188
4few_ligand,554,182717
4few_ligand,555,193374
4few_ligand,556,185728
4few_ligand,557,194017
4few_ligand,558,179829
4few_ligand,559,200515
4few_ligand,560,196535
4few_ligand,561,217445
4few_ligand,562,224760
4few_ligand,563,194185
4few_ligand,564,204542
4few_ligand,565,211388
4few_ligand,566,220564
4few_ligand,567,189234
4few_ligand,568,165696
4few_ligand,569,175551
4few_ligand,570,204056
4few_ligand,571,206118
4few_ligand,572,216096
4few_ligand,573,207155
4few_ligand,574,179703
4few_ligand,575,188943
4few_ligand,576,198271
4few_ligand,577,206664
4few_ligand,578,196985
4few_ligand,579,167818
4few_ligand,580,204612
4few_ligand,581,185982
4few_ligand,582,197008
4few_ligand,583,183519
4few_ligand,584,214597
4few_ligand,585,212829
4few_ligand,586,203808
4few_ligand,587,167860
4few_ligand,588,209311
4few_ligand,589,182945
4few_ligand,590,204894
4few_ligand,591,190056
4few_ligand,592,202945
4few_ligand,593,170817
4few_ligand,594,225094
4few_ligand,595,197512
4few_ligand,596,212889
4few_ligand,597,158264
4few_ligand,598,201581
4few_ligand,599,198778
4few_ligand,600,213140
4few_ligand,601,168023
4few_ligand,602,238102
4few_ligand,603,219122
4few_ligand,604,218275
4few_ligand,605,163850
4few_ligand,606,208402
4few_ligand,607,174293
4few_ligand,608,230288
4few_ligand,609,219407
4few_ligand,610,186686
4few_ligand,611,189870
4few_ligand,612,224509
4few_ligand,613,180291
4few_ligand,614,232144
4few_ligand,615,239451
4few_ligand,616,198399
4few_ligand,617,190516
4few_ligand,618,220126
4few_ligand,619,182213
4few_ligand,620,224382
4few_ligand,621,202981
4few_ligand,622,203585
4few_ligand,623,200326
4few_ligand,624,208296
4few_ligand,625,167679
4few_ligand,626,211717
4few_ligand,627,194360
4few_ligand,628,217973
4few_ligand,629,166258
4few_ligand,630,199776
4few_ligand,631,201239
4few_ligand,632,223587
4few_ligand,633,182495
4few_ligand,634,219200
4few_ligand,635,222196
4few_ligand,636,176740
4few_ligand,637,191959
4few_ligand,638,190419
4few_ligand,639,189694
4few_ligand,640,187241
4few_ligand,641,187830
4few_ligand,642,197216
4few_ligand,643,192311
4few_ligand,644,213588
4few_ligand,645,200867
4few_ligand,646,219528
4few_ligand,647,184621
4few_ligand,648,248864
4few_ligand,649,241639
4few_ligand,650,199228
4few_ligand,651,181202
4few_ligand,652,222078
4few_ligand,653,200074
4few_ligand,654,219006
4few_ligand,655,173247
4few_ligand,656,205255
4few_ligand,657,201816
4few_ligand,658,223403
4few_ligand,659,192608
4few_ligand,660,194019
4few_ligand,661,197474
4few_ligand,662,205417
4few_ligand,663,180258
4few_ligand,664,250843
4few_ligand,665,226804
4few_ligand,666,207053
4few_ligand,667,198830
4few_ligand,668,211587
4few_ligand,669,242671
4few_ligand,670,214469
4few_ligand,671,213747
4few_ligand,672,229130
4few_ligand,673,247610
4few_ligand,674,253316
4few_ligand,675,226057
4few_ligand,676,312471
4few_ligand,677,280005
4few_ligand,678,212399
4few_ligand,679,212422
4few_ligand,680,209123
4few_ligand,681,189040
4few_ligand,682,193524
4few_ligand,683,190210
4few_ligand,684,198678
4few_ligand,685,188848
4few_ligand,686,225666
4few_ligand,687,188803
4few_ligand,688,228927
4few_ligand,689,210155
4few_ligand,690,171048
4few_ligand,691,195735
4few_ligand,692,199776
4few_ligand,693,188214
4few_ligand,694,231871
4few_ligand,695,181404
4few_ligand,696,219989
4few_ligand,697,174380
4few_ligand,698,201401
4few_ligand,699,196286
4few_ligand,700,222085
4few_ligand,701,197982
4few_ligand,702,219095
4few_ligand,703,194328
4few_ligand,704,215914
4few_ligand,705,234963
4few_ligand,706,228314
4few_ligand,707,184149
4few_ligand,708,227157
4few_ligand,709,204064
4few_ligand,710,236581
4few_ligand,711,274235
4few_ligand,712,177005
4few_ligand,713,210265
4few_ligand,714,201232
4few_ligand,715,199402
4few_ligand,716,208820
4few_ligand,717,169488
4few_ligand,718,254348
4few_ligand,719,239097
4few_ligand,720,164848
4few_ligand,721,147318
4few_ligand,722,169752
4few_ligand,723,170987
4few_ligand,724,230786
4few_ligand,725,186948
4few_ligand,726,227146
4few_ligand,727,184178
4few_ligand,728,218843
4few_ligand,729,210096
4few_ligand,730,174019
4few_ligand,731,181074
4few_ligand,732,200787
4few_ligand,733,189953
4few_ligand,734,192653
4few_ligand,735,186259
4few_ligand,736,218848
4few_ligand,737,203802
4few_ligand,738,204426
4few_ligand,739,162290
4few_ligand,740,192610
4few_ligand,741,193535
4few_ligand,742,236190
4few_ligand,743,188908
4few_ligand,744,217803
4few_ligand,745,165957
4few_ligand,746,205595
4few_ligand,747,168694
4few_ligand,748,227418
4few_ligand,749,175094
4few_ligand,750,210807
4few_ligand,751,213672
4few_ligand,752,187148
4few_ligand,753,185498
4few_ligand,754,223500
4few_ligand,755,188120
4few_ligand,756,236773
4few_ligand,757,219899
4few_ligand,758,164481
4few_ligand,759,192307
4few_ligand,760,216148
4few_ligand,761,177970
4few_ligand,762,210791
4few_ligand,763,244680
4few_ligand,764,188576
4few_ligand,765,196146
4few_ligand,766,214098
4few_ligand,767,186910
4few_ligand,768,228987
4few_ligand,769,182746
4few_ligand,770,226584
4few_ligand,771,180521
4few_ligand,772,228081
4few_ligand,773,194021
4few_ligand,774,234387
4few_ligand,775,182775
4few_ligand,776,212697
4few_ligand,777,198175
4few_ligand,778,220904
4few_ligand,779,238860
4few_ligand,780,199037
4few_ligand,781,188657
4few_ligand,782,194177
4few_ligand,783,176648
4few_ligand,784,211191
4few_ligand,785,173898
4few_ligand,786,249782
4few_ligand,787,224772
4few_ligand,788,250593
4few_ligand,789,230698
4few_ligand,790,192457
4few_ligand,791,171964
4few_ligand,792,209321
4few_ligand,793,170184
4few_ligand,794,238765
4few_ligand,795,181457
4few_ligand,796,227669
4few_ligand,797,183416
4few_ligand,798,200819
4few_ligand,799,168527
4few_ligand,800,223320
4few_ligand,801,182886
4few_ligand,802,197271
4few_ligand,803,175879
4few_ligand,804,208151
4few_ligand,805,181993
4few_ligand,806,226618
4few_ligand,807,184131
4few_ligand,808,242463
4few_ligand,809,231782
4few_ligand,810,194846
4few_ligand,811,181412
4few_ligand,812,215600
4few_ligand,813,198767
4few_ligand,814,219694
4few_ligand,815,190080
4few_ligand,816,189110
4few_ligand,817,185911
4few_ligand,818,197188
4few_ligand,819,198173
4few_ligand,820,226850
4few_ligand,821,212559
4few_ligand,822,214314
4few_ligand,823,198586
4few_ligand,824,188014
4few_ligand,825,187789
4few_ligand,826,202812
4few_ligand,827,184936
4few_ligand,828,226307
4few_ligand,829,202403
4few_ligand,830,226130
4few_ligand,831,241662
4few_ligand,832,160828
4few_ligand,833,157285
4few_ligand,834,205760
4few_ligand,835,188813
4few_ligand,836,221848
4few_ligand,837,201772
4few_ligand,838,222466
4few_ligand,839,185068
4few_ligand,840,190088
4few_ligand,841,183234
4few_ligand,842,205039
4few_ligand,843,183456
4few_ligand,844,248738
4few_ligand,845,214469
4few_ligand,846,220158
4few_ligand,847,278914
4few_ligand,848,207578
4few_ligand,849,193927
4few_ligand,850,217220
4few_ligand,851,172471
4few_ligand,852,244298
4few_ligand,853,239735
4few_ligand,854,207089
4few_ligand,855,222248
4few_ligand,856,200563
4few_ligand,857,178221
4few_ligand,858,213628
4few_ligand,859,165284
4few_ligand,860,204080
4few_ligand,861,197245
4few_ligand,862,209958
4few_ligand,863,166326
4few_ligand,864,211399
4few_ligand,865,193740
4few_ligand,866,212959
4few_ligand,867,163773
4few_ligand,868,211465
4few_ligand,869,194379
4few_ligand,870,217408
4few_ligand,871,167921
4few_ligand,872,223581
4few_ligand,873,225960
4few_ligand,874,196629
4few_ligand,875,200961
4few_ligand,876,215988
4few_ligand,877,187328
4few_ligand,878,222589
4few_ligand,879,173610
4few_ligand,880,232246
4few_ligand,881,210751
4few_ligand,882,216612
4few_ligand,883,192343
4few_ligand,884,224217
4few_ligand,885,248555
4few_ligand,886,211948
4few_ligand,887,163522
4few_ligand,888,229456
4few_ligand,889,179038
4few_ligand,890,209768
4few_ligand,891,228002
4few_ligand,892,215603
4few_ligand,893,178068
4few_ligand,894,211912
4few_ligand,895,179291
4few_ligand,896,230650
4few_ligand,897,176344
4few_ligand,898,236178
4few_ligand,899,213436
4few_ligand,900,221964
4few_ligand,901,194620
4few_ligand,902,233221
4few_ligand,903,226025
4few_ligand,904,186877
4few_ligand,905,179092
4few_ligand,906,235140
4few_ligand,907,194233
4few_ligand,908,212121
4few_ligand,909,168411
4few_ligand,910,214239
4few_ligand,911,185796
4few_ligand,912,220204
4few_ligand,913,183658
4few_ligand,914,227698
4few_ligand,915,242937
4few_ligand,916,202872
4few_ligand,917,177739
4few_ligand,918,217950
4few_ligand,919,168285
4few_ligand,920,210249
4few_ligand,921,172451
4few_ligand,922,219587
4few_ligand,923,188529
4few_ligand,924,199560
4few_ligand,925,178471
4few_ligand,926,221159
4few_ligand,927,176525
4few_ligand,928,212190
4few_ligand,929,177653
4few_ligand,930,210076
4few_ligand,931,212432
4few_ligand,932,196913
4few_ligand,933,181148
4few_ligand,934,229128
4few_ligand,935,195916
4few_ligand,936,231926
4few_ligand,937,194399
4few_ligand,938,201891
4few_ligand,939,179563
4few_ligand,940,182725
4few_ligand,941,189800
4few_ligand,942,208810
4few_ligand,943,193793
4few_ligand,944,200996
4few_ligand,945,190242
4few_ligand,946,214915
4few_ligand,947,190931
4few_ligand,948,202082
4few_ligand,949,171806
4few_ligand,950,226806
4few_ligand,951,224720
4few_ligand,952,196068
4few_ligand,953,186044
4few_ligand,954,252390
4few_ligand,955,217180
4few_ligand,956,205394
4few_ligand,957,181136
4few_ligand,958,169182
4few_ligand,959,214285
4few_ligand,960,216804
4few_ligand,961,199795
4few_ligand,962,203425
4few_ligand,963,219700
4few_ligand,964,176087
4few_ligand,965,252081
4few_ligand,966,229810
4few_ligand,967,215522
4few_ligand,968,242651
4few_ligand,969,178601
4few_ligand,970,184723
4few_ligand,971,223060
4few_ligand,972,182144
4few_ligand,973,210752
4few_ligand,974,173991
4few_ligand,975,205693
4few_ligand,976,166345
4few_ligand,977,212456
4few_ligand,978,177080
4few_ligand,979,215645
4few_ligand,980,181579
4few_ligand,981,205219
4few_ligand,982,162515
4few_ligand,983,216178
4few_ligand,984,157079
4few_ligand,985,226071
4few_ligand,986,187909
4few_ligand,987,232393
4few_ligand,988,209542
4few_ligand,989,207154
4few_ligand,990,165718
4few_ligand,991,250974
4few_ligand,992,205793
4few_ligand,993,211632
4few_ligand,994,179681
4few_ligand,995,226661
4few_ligand,996,174850
4few_ligand,997,213134
4few_ligand,998,174439
4few_ligand,999,223824
4few_ligand,1000,190737
4few_ligand,1001,223814
4few_ligand,1002,239057
4few_ligand,1003,198597
4few_ligand,1004,195975
4few_ligand,1005,208913
4few_ligand,1006,178919
4few_ligand,1007,264351
4few_ligand,1008,234932
4few_ligand,1009,182649
4few_ligand,1010,187942
4few_ligand,1011,241688
4few_ligand,1012,188045
4few_ligand,1013,249967
4few_ligand,1014,235420
4few_ligand,1015,165136
4few_ligand,1016,147866
4few_ligand,1017,173341
4few_ligand,1018,177476
4few_ligand,1019,208830
4few_ligand,1020,181028
4few_ligand,1021,205819
4few_ligand,1022,163750
4few_ligand,1023,221417
4few_ligand,1024,182269
4few_ligand,1025,228082
4few_ligand,1026,209298
4few_ligand,1027,168000
4few_ligand,1028,176622
4few_ligand,1029,205810
4few_ligand,1030,164066
4few_ligand,1031,210437
4few_ligand,1032,188628
4few_ligand,1033,217544
4few_ligand,1034,171272
4few_ligand,1035,269859
4few_ligand,1036,275124
4few_ligand,1037,191070
4few_ligand,1038,194937
4few_ligand,1039,240398
4few_ligand,1040,214713
4few_ligand,1041,162476
4few_ligand,1042,143513
4few_ligand,1043,159475
4few_ligand,1044,154942
4few_ligand,1045,192023
4few_ligand,1046,175698
4few_ligand,1047,198747
4few_ligand,1048,171982
4few_ligand,1049,186869
4few_ligand,1050,171429
4few_ligand,1051,212190
4few_ligand,1052,179372
4few_ligand,1053,222842
4few_ligand,1054,161745
4few_ligand,1055,162610
4few_ligand,1056,152428
4few_ligand,1057,174045
4few_ligand,1058,169419
4few_ligand,1059,215522
4few_ligand,1060,148337
4few_ligand,1061,179413
4few_ligand,1062,170887
4few_ligand,1063,198048
4few_ligand,1064,177060
4few_ligand,1065,209784
4few_ligand,1066,168402
4few_ligand,1067,192723
4few_ligand,1068,166907
4few_ligand,1069,213936
4few_ligand,1070,184875
4few_ligand,1071,214386
4few_ligand,1072,148046
4few_ligand,1073,178048
4few_ligand,1074,188148
4few_ligand,1075,204865
4few_ligand,1076,168008
4few_ligand,1077,209268
4few_ligand,1078,176293
4few_ligand,1079,218084
4few_ligand,1080,187735
4few_ligand,1081,224426
4few_ligand,1082,202974
4few_ligand,1083,200012
4few_ligand,1084,200255
4few_ligand,1085,206581
4few_ligand,1086,165142
4few_ligand,1087,260584
4few_ligand,1088,295266
4few_ligand,1089,209048
4few_ligand,1090,221778
4few_ligand,1091,195996
4few_ligand,1092,181768
4few_ligand,1093,202787
4few_ligand,1094,166599
4few_ligand,1095,209524
4few_ligand,1096,178617
4few_ligand,1097,222073
4few_ligand,1098,158351
4few_ligand,1099,169426
4few_ligand,1100,207685
4few_ligand,1101,202758
4few_ligand,1102,205331
4few_ligand,1103,184973
4few_ligand,1104,221622
4few_ligand,1105,194340
4few_ligand,1106,179334
4few_ligand,1107,183003
4few_ligand,1108,209420
4few_ligand,1109,187999
4few_ligand,1110,208426
4few_ligand,1111,145173
4few_ligand,1112,163805
4few_ligand,1113,172955
4few_ligand,1114,205864
4few_ligand,1115,165395
4few_ligand,1116,188509
4few_ligand,1117,172788
4few_ligand,1118,215832
4few_ligand,1119,177440
4few_ligand,1120,225337
4few_ligand,1121,190370
4few_ligand,1122,219314
4few_ligand,1123,174334
4few_ligand,1124,163756
4few_ligand,1125,147575
4few_ligand,1126,176329
4few_ligand,1127,190120
4few_ligand,1128,198654
4few_ligand,1129,163681
4few_ligand,1130,189966
4few_ligand,1131,174779
4few_ligand,1132,224487
4few_ligand,1133,177269
4few_ligand,1134,214108
4few_ligand,1135,155150
4few_ligand,1136,210064
4few_ligand,1137,160169
4few_ligand,1138,193133
4few_ligand,1139,169193
4few_ligand,1140,207655
4few_ligand,1141,157192
4few_ligand,1142,215194
4few_ligand,1143,177393
4few_ligand,1144,226002
4few_ligand,1145,178537
4few_ligand,1146,242189
4few_ligand,1147,276812
4few_ligand,1148,196576
4few_ligand,1149,169590
4few_ligand,1150,198902
4few_ligand,1151,172460
4few_ligand,1152,205517
4few_ligand,1153,164970
4few_ligand,1154,201980
4few_ligand,1155,159304
4few_ligand,1156,206395
4few_ligand,1157,185266
4few_ligand,1158,205669
4few_ligand,1159,152213
4few_ligand,1160,179504
4few_ligand,1161,177293
4few_ligand,1162,210050
4few_ligand,1163,148919
4few_ligand,1164,195490
4few_ligand,1165,187463
4few_ligand,1166,209886
4few_ligand,1167,147259
4few_ligand,1168,172007
4few_ligand,1169,177377
4few_ligand,1170,213173
4few_ligand,1171,153592
4few_ligand,1172,200367
4few_ligand,1173,192431
4few_ligand,1174,214038
4few_ligand,1175,158296
4few_ligand,1176,200530
4few_ligand,1177,186850
4few_ligand,1178,212790
4few_ligand,1179,172464
4few_ligand,1180,234383
4few_ligand,1181,193636
4few_ligand,1182,207270
4few_ligand,1183,176338
4few_ligand,1184,204147
4few_ligand,1185,165156
4few_ligand,1186,211212
4few_ligand,1187,195970
4few_ligand,1188,219514
4few_ligand,1189,184716
4few_ligand,1190,200735
4few_ligand,1191,192059
4few_ligand,1192,208505
4few_ligand,1193,157645
4few_ligand,1194,220210
4few_ligand,1195,183070
4few_ligand,1196,220550
4few_ligand,1197,162853
4few_ligand,1198,181384
4few_ligand,1199,192451
4few_ligand,1200,219631
4few_ligand,1201,185372
4few_ligand,1202,224593
4few_ligand,1203,193899
4few_ligand,1204,224270
4few_ligand,1205,175422
4few_ligand,1206,199011
4few_ligand,1207,176115
4few_ligand,1208,203415
4few_ligand,1209,165170
4few_ligand,1210,216259
4few_ligand,1211,175788
4few_ligand,1212,246607
4few_ligand,1213,186306
4few_ligand,1214,224541
4few_ligand,1215,205064
4few_ligand,1216,205015
4few_ligand,1217,165791
4few_ligand,1218,208638
4few_ligand,1219,184099
4few_ligand,1220,204578
4few_ligand,1221,167360
4few_ligand,1222,248522
4few_ligand,1223,223799
4few_ligand,1224,239090
4few_ligand,1225,214529
4few_ligand,1226,187679
4few_ligand,1227,182074
4few_ligand,1228,220191
4few_ligand,1229,182755
4few_ligand,1230,202758
4few_ligand,1231,158457
4few_ligand,1232,197281
4few_ligand,1233,183032
4few_ligand,1234,237063
4few_ligand,1235,184305
4few_ligand,1236,227690
4few_ligand,1237,196919
4few_ligand,1238,213145
4few_ligand,1239,191848
4few_ligand,1240,216085
4few_ligand,1241,234383
4few_ligand,1242,191280
4few_ligand,1243,163348
4few_ligand,1244,228839
4few_ligand,1245,237134
4few_ligand,1246,187931
4few_ligand,1247,193635
4few_ligand,1248,219230
4few_ligand,1249,175246
4few_ligand,1250,229601
4few_ligand,1251,194552
4few_ligand,1252,229814
4few_ligand,1253,218620
4few_ligand,1254,295526
4few_ligand,1255,240850
4few_ligand,1256,190186
4few_ligand,1257,167812
4few_ligand,1258,236148
4few_ligand,1259,181293
4few_ligand,1260,217968
4few_ligand,1261,178602
4few_ligand,1262,204951
4few_ligand,1263,167345
4few_ligand,1264,226874
4few_ligand,1265,186494
4few_ligand,1266,227195
4few_ligand,1267,216539
4few_ligand,1268,168035
4few_ligand,1269,190251
4few_ligand,1270,213733
4few_ligand,1271,185020
4few_ligand,1272,219481
4few_ligand,1273,172031
4few_ligand,1274,225894
4few_ligand,1275,169240
4few_ligand,1276,217974
4few_ligand,1277,217108
4few_ligand,1278,175002
4few_ligand,1279,153475
4few_ligand,1280,177355
4few_ligand,1281,202435
4few_ligand,1282,201600
4few_ligand,1283,176480
4few_ligand,1284,216833
4few_ligand,1285,193956
4few_ligand,1286,220563
4few_ligand,1287,166148
4few_ligand,1288,230267
4few_ligand,1289,200996
4few_ligand,1290,230655
4few_ligand,1291,211288
4few_ligand,1292,177642
4few_ligand,1293,179976
4few_ligand,1294,202108
4few_ligand,1295,177580
4few_ligand,1296,179117
4few_ligand,1297,191549
4few_ligand,1298,229941
4few_ligand,1299,187955
4few_ligand,1300,220212
4few_ligand,1301,168839
4few_ligand,1302,220111
4few_ligand,1303,187143
4few_ligand,1304,226155
4few_ligand,1305,220375
4few_ligand,1306,177216
4few_ligand,1307,178562
4few_ligand,1308,216891
4few_ligand,1309,192577
4few_ligand,1310,217139
4few_ligand,1311,176595
4few_ligand,1312,234025
4few_ligand,1313,224253
4few_ligand,1314,199162
4few_ligand,1315,176727
4few_ligand,1316,201579
4few_ligand,1317,182993
4few_ligand,1318,197612
4few_ligand,1319,177178
4few_ligand,1320,243465
4few_ligand,1321,193735
4few_ligand,1322,215973
4few_ligand,1323,186944
4few_ligand,1324,217787
4few_ligand,1325,195141
4few_ligand,1326,219398
4few_ligand,1327,182734
4few_ligand,1328,235473
4few_ligand,1329,183936
4few_ligand,1330,244211
4few_ligand,1331,238870
4few_ligand,1332,179635
4few_ligand,1333,176277
4few_ligand,1334,223404
4few_ligand,1335,165633
4few_ligand,1336,220472
4few_ligand,1337,235067
4few_ligand,1338,186875
4few_ligand,1339,189434
4few_ligand,1340,219403
4few_ligand,1341,212727
4few_ligand,1342,204680
4few_ligand,1343,176557
4few_ligand,1344,202823
4few_ligand,1345,168119
4few_ligand,1346,230553
4few_ligand,1347,202268
4few_ligand,1348,212442
4few_ligand,1349,179397
4few_ligand,1350,228362
4few_ligand,1351,186445
4few_ligand,1352,230652
4few_ligand,1353,228086
4few_ligand,1354,211140
4few_ligand,1355,213393
4few_ligand,1356,209208
4few_ligand,1357,170836
4few_ligand,1358,213899
4few_ligand,1359,181256
4few_ligand,1360,204802
4few_ligand,1361,166041
4few_ligand,1362,242953
4few_ligand,1363,258107
4few_ligand,1364,193326
4few_ligand,1365,178939
4few_ligand,1366,227896
4few_ligand,1367,218820
4few_ligand,1368,198564
4few_ligand,1369,201325
4few_ligand,1370,222529
4few_ligand,1371,176483
4few_ligand,1372,228862
4few_ligand,1373,248120
4few_ligand,1374,204423
4few_ligand,1375,193286
4few_ligand,1376,234471
4few_ligand,1377,190432
4few_ligand,1378,223465
4few_ligand,1379,208266
4few_ligand,1380,172528
4few_ligand,1381,169379
4few_ligand,1382,205259
4few_ligand,1383,162413
4few_ligand,1384,220409
4few_ligand,1385,180337
4few_ligand,1386,216664
4few_ligand,1387,173055
4few_ligand,1388,207035
4few_ligand,1389,169749
4few_ligand,1390,230697
4few_ligand,1391,186458
4few_ligand,1392,221110
4few_ligand,1393,165864
4few_ligand,1394,228342
4few_ligand,1395,166808
4few_ligand,1396,199719
4few_ligand,1397,188079
4few_ligand,1398,214964
4few_ligand,1399,186110
4few_ligand,1400,193775
4few_ligand,1401,175948
4few_ligand,1402,211282
4few_ligand,1403,184046
4few_ligand,1404,196527
4few_ligand,1405,166442
4few_ligand,1406,212280
4few_ligand,1407,178672
4few_ligand,1408,205316
4few_ligand,1409,167790
4few_ligand,1410,256351
4few_ligand,1411,224395
4few_ligand,1412,196828
4few_ligand,1413,238900
4few_ligand,1414,173222
4few_ligand,1415,180986
4few_ligand,1416,192800
4few_ligand,1417,126190
4few_ligand,1418,148041
4few_ligand,1419,155394
4few_ligand,1420,185073
4few_ligand,1421,264766
4few_ligand,1422,180760
4few_ligand,1423,165408
4few_ligand,1424,193997
4few_ligand,1425,123818
4few_ligand,1426,150726
4few_ligand,1427,145596
4few_ligand,1428,184275
4few_ligand,1429,175135
4few_ligand,1430,153582
4few_ligand,1431,125616
4few_ligand,1432,122972
4few_ligand,1433,155579
4few_ligand,1434,201087
4few_ligand,1435,113597
4few_ligand,1436,97035
4few_ligand,1437,121725
4few_ligand,1438,117550
4few_ligand,1439,170051
4few_ligand,1440,133637
4few_ligand,1441,155179
4few_ligand,1442,133999
4few_ligand,1443,133499
4few_ligand,1444,172953
4few_ligand,1445,144927
4few_ligand,1446,132336
4few_ligand,1447,154712
4few_ligand,1448,113530
4few_ligand,1449,136174
4few_ligand,1450,90007.1
4few_ligand,1451,115388
4few_ligand,1452,98433.8
4few_ligand,1453,160586
4few_ligand,1454,174215
4few_ligand,1455,97945
4few_ligand,1456,98580.5
4few_ligand,1457,100795
4few_ligand,1458,117493
4few_ligand,1459,107194
4few_ligand,1460,110598
4few_ligand,1461,143482
4few_ligand,1462,120477
4few_ligand,1463,117105
4few_ligand,1464,166589
4few_ligand,1465,171641
4few_ligand,1466,89565.2
4few_ligand,1467,101198
4few_ligand,1468,122197
4few_ligand,1469,153122
4few_ligand,1470,92432.6
4few_ligand,1471,120262
4few_ligand,1472,94905.1
4few_ligand,1473,101824
4few_ligand,1474,106340
4few_ligand,1475,102716
4few_ligand,1476,96292
4few_ligand,1477,103310
4few_ligand,1478,106964
4few_ligand,1479,139551
4few_ligand,1480,86404.5
4few_ligand,1481,87331.2
4few_ligand,1482,91710.6
4few_ligand,1483,105654
4few_ligand,1484,99597.3
4few_ligand,1485,107166
4few_ligand,1486,98487.5
4few_ligand,1487,124749
4few_ligand,1488,129841
4few_ligand,1489,79597.3
4few_ligand,1490,135671
4few_ligand,1491,91363.2
4few_ligand,1492,123841
4few_ligand,1493,87650
4few_ligand,1494,85271
4few_ligand,1495,102324
4few_ligand,1496,129087
4few_ligand,1497,86073
4few_ligand,1498,124521
4few_ligand,1499,90867.8
4few_ligand,1500,141740
4few_ligand,1501,89912.1
4few_ligand,1502,104971
4few_ligand,1503,156880
4few_ligand,1504,147366
4few_ligand,1505,119593
4few_ligand,1506,73044.4
4few_ligand,1507,108228
4few_ligand,1508,90308.6
4few_ligand,1509,110574
4few_ligand,1510,84529.4
4few_ligand,1511,108141
4few_ligand,1512,91397.1
4few_ligand,1513,129843
4few_ligand,1514,73757.9
4few_ligand,1515,141319
4few_ligand,1516,156617
4few_ligand,1517,159366
4few_ligand,1518,151748
4few_ligand,1519,117830
4few_ligand,1520,157518
4few_ligand,1521,126629
4few_ligand,1522,74971
4few_ligand,1523,78812.3
4few_ligand,1524,99619.5
4few_ligand,1525,122527
4few_ligand,1526,132965
4few_ligand,1527,81349.3
4few_ligand,1528,84390
4few_ligand,1529,104371
4few_ligand,1530,92041.3
4few_ligand,1531,122906
4few_ligand,1532,75719.5
4few_ligand,1533,106449
4few_ligand,1534,91350.9
4few_ligand,1535,121756
4few_ligand,1536,72528.5
4few_ligand,1537,73763.2
4few_ligand,1538,112490
4few_ligand,1539,77811.7
4few_ligand,1540,108448
4few_ligand,1541,143634
4few_ligand,1542,116754
4few_ligand,1543,173209
4few_ligand,1544,130455
4few_ligand,1545,192859
4few_ligand,1546,144284
4few_ligand,1547,136999
4few_ligand,1548,81108.3
4few_ligand,1549,137190
4few_ligand,1550,64599.5
4few_ligand,1551,78521.1
4few_ligand,1552,89515.7
4few_ligand,1553,67042.2
4few_ligand,1554,108344
4few_ligand,1555,77076.4
4few_ligand,1556,114984
4few_ligand,1557,88833.4
4few_ligand,1558,124451
4few_ligand,1559,68656.1
4few_ligand,1560,115010
4few_ligand,1561,77553.4
4few_ligand,1562,101804
4few_ligand,1563,150285
4few_ligand,1564,109950
4few_ligand,1565,97908.7
4few_ligand,1566,69675.3
4few_ligand,1567,92751
4few_ligand,1568,97154.9
4few_ligand,1569,116861
4few_ligand,1570,77622.3
4few_ligand,1571,112471
4few_ligand,1572,79695.7
4few_ligand,1573,93229.1
4few_ligand,1574,115991
4few_ligand,1575,64976.6
4few_ligand,1576,100031
4few_ligand,1577,117773
4few_ligand,1578,83340.3
4few_ligand,1579,105476
4few_ligand,1580,90630
4few_ligand,1581,124618
4few_ligand,1582,67905.9
4few_ligand,1583,97568.2
4few_ligand,1584,127909
4few_ligand,1585,76585.9
4few_ligand,1586,112054
4few_ligand,1587,129327
4few_ligand,1588,89691
4few_ligand,1589,91946.7
4few_ligand,1590,194114
4few_ligand,1591,115592
4few_ligand,1592,73860.4
4few_ligand,1593,98455.7
4few_ligand,1594,105942
4few_ligand,1595,81932.9
4few_ligand,1596,91090.8
4few_ligand,1597,101941
4few_ligand,1598,79228.2
4few_ligand,1599,105751
4few_ligand,1600,87943.2
4few_ligand,1601,123624
4few_ligand,1602,74120.2
4few_ligand,1603,108999
4few_ligand,1604,86557.2
4few_ligand,1605,126250
4few_ligand,1606,92954.4
4few_ligand,1607,85065.6
4few_ligand,1608,122792
4few_ligand,1609,69207.4
4few_ligand,1610,88531.2
4few_ligand,1611,161910
4few_ligand,1612,98629.8
4few_ligand,1613,103398
4few_ligand,1614,102966
4few_ligand,1615,180768
4few_ligand,1616,93566.5
4few_ligand,1617,109300
4few_ligand,1618,75056.8
4few_ligand,1619,82180.8
4few_ligand,1620,124139
4few_ligand,1621,71384.3
4few_ligand,1622,109515
4few_ligand,1623,88932.2
4few_ligand,1624,100304
4few_ligand,1625,84925.6
4few_ligand,1626,102911
4few_ligand,1627,86716.4
4few_ligand,1628,122769
4few_ligand,1629,70149.5
4few_ligand,1630,101596
4few_ligand,1631,127687
4few_ligand,1632,88006.1
4few_ligand,1633,94403.7
4few_ligand,1634,72532.8
4few_ligand,1635,142146
4few_ligand,1636,94047.6
4few_ligand,1637,81938.3
4few_ligand,1638,87489.4
4few_ligand,1639,127207
4few_ligand,1640,87358.5
4few_ligand,1641,91666.5
4few_ligand,1642,119644
4few_ligand,1643,72261.5
4few_ligand,1644,121147
4few_ligand,1645,106430
4few_ligand,1646,190521
4few_ligand,1647,131840
4few_ligand,1648,98444.2
4few_ligand,1649,167609
4few_ligand,1650,216777
4few_ligand,1651,114554
4few_ligand,1652,152681
4few_ligand,1653,112201
4few_ligand,1654,144392
4few_ligand,1655,95405.6
4few_ligand,1656,116454
4few_ligand,1657,133278
4few_ligand,1658,140086
4few_ligand,1659,105481
4few_ligand,1660,109488
4few_ligand,1661,75333.1
4few_ligand,1662,100434
4few_ligand,1663,96449
4few_ligand,1664,124962
4few_ligand,1665,129546
4few_ligand,1666,188251
4few_ligand,1667,87820.4
4few_ligand,1668,121325
4few_ligand,1669,117363
4few_ligand,1670,77284
4few_ligand,1671,100700
4few_ligand,1672,90693.1
4few_ligand,1673,122869
4few_ligand,1674,76692.5
4few_ligand,1675,102691
4few_ligand,1676,89445
4few_ligand,1677,125909
4few_ligand,1678,77155.7
4few_ligand,1679,110568
4few_ligand,1680,101007
4few_ligand,1681,130289
4few_ligand,1682,77717.1
4few_ligand,1683,84764.6
4few_ligand,1684,115632
4few_ligand,1685,93563.9
4few_ligand,1686,98672.6
4few_ligand,1687,107231
4few_ligand,1688,133586
4few_ligand,1689,86487.3
4few_ligand,1690,107514
4few_ligand,1691,170170
4few_ligand,1692,93853.7
4few_ligand,1693,109342
4few_ligand,1694,98624.4
4few_ligand,1695,120499
4few_ligand,1696,95799.9
4few_ligand,1697,98076.5
4few_ligand,1698,78620.4
4few_ligand,1699,107559
4few_ligand,1700,74456.8
4few_ligand,1701,122658
4few_ligand,1702,66587.3
4few_ligand,1703,109507
4few_ligand,1704,80731.2
4few_ligand,1705,89063
4few_ligand,1706,135668
4few_ligand,1707,118773
4few_ligand,1708,175331
4few_ligand,1709,123363
4few_ligand,1710,75585.6
4few_ligand,1711,83908.1
4few_ligand,1712,115223
4few_ligand,1713,93012
4few_ligand,1714,160065
4few_ligand,1715,126191
4few_ligand,1716,93148.9
4few_ligand,1717,63227.4
4few_ligand,1718,82506.1
4few_ligand,1719,92146.9
4few_ligand,1720,103257
4few_ligand,1721,102273
4few_ligand,1722,107439
4few_ligand,1723,118671
4few_ligand,1724,77783.8
4few_ligand,1725,107862
4few_ligand,1726,77786.6
4few_ligand,1727,110474
4few_ligand,1728,92371.9
4few_ligand,1729,118997
4few_ligand,1730,82070.5
4few_ligand,1731,103169
4few_ligand,1732,89144.9
4few_ligand,1733,105423
4few_ligand,1734,119148
4few_ligand,1735,96820.8
4few_ligand,1736,178112
4few_ligand,1737,118713
4few_ligand,1738,170521
4few_ligand,1739,141205
4few_ligand,1740,150949
4few_ligand,1741,108802
4few_ligand,1742,168398
4few_ligand,1743,118197
4few_ligand,1744,87933.4
4few_ligand,1745,79862.6
4few_ligand,1746,108680
4few_ligand,1747,134740
4few_ligand,1748,65051.2
4few_ligand,1749,91663.9
4few_ligand,1750,116189
4few_ligand,1751,65972.4
4few_ligand,1752,116867
4few_ligand,1753,130077
4few_ligand,1754,83003.1
4few_ligand,1755,95332.2
4few_ligand,1756,116528
4few_ligand,1757,88977.4
4few_ligand,1758,105015
4few_ligand,1759,122568
4few_ligand,1760,71865.3
4few_ligand,1761,108102
4few_ligand,1762,94636.2
4few_ligand,1763,129273
4few_ligand,1764,95048.4
4few_ligand,1765,78738.2
4few_ligand,1766,104568
4few_ligand,1767,81028.9
4few_ligand,1768,116819
4few_ligand,1769,134258
4few_ligand,1770,130350
4few_ligand,1771,182165
4few_ligand,1772,136424
4few_ligand,1773,84611.5
4few_ligand,1774,92770.2
4few_ligand,1775,151155
4few_ligand,1776,99434.2
4few_ligand,1777,83989.6
4few_ligand,1778,78288.5
4few_ligand,1779,128994
4few_ligand,1780,135678
4few_ligand,1781,69514.1
4few_ligand,1782,117831
4few_ligand,1783,83328.6
4few_ligand,1784,89346.3
4few_ligand,1785,70354
4few_ligand,1786,128961
4few_ligand,1787,128779
4few_ligand,1788,75429.9
4few_ligand,1789,93289.1
4few_ligand,1790,83410.7
4few_ligand,1791,90233.4
4few_ligand,1792,86188.5
4few_ligand,1793,100628
4few_ligand,1794,95654
4few_ligand,1795,121078
4few_ligand,1796,73432.2
4few_ligand,1797,103855
4few_ligand,1798,78650.7
4few_ligand,1799,103534
4few_ligand,1800,117340
4few_ligand,1801,144454
4few_ligand,1802,113582
4few_ligand,1803,113735
4few_ligand,1804,117560
4few_ligand,1805,75659.4
4few_ligand,1806,105517
4few_ligand,1807,73034.1
4few_ligand,1808,104008
4few_ligand,1809,62412.7
4few_ligand,1810,116771
4few_ligand,1811,171472
4few_ligand,1812,108584
4few_ligand,1813,105043
4few_ligand,1814,121898
4few_ligand,1815,66254.6
4few_ligand,1816,105309
4few_ligand,1817,86490.9
4few_ligand,1818,119128
4few_ligand,1819,68671.2
4few_ligand,1820,82891.4
4few_ligand,1821,146802
4few_ligand,1822,96764.3
4few_ligand,1823,100205
4few_ligand,1824,109535
4few_ligand,1825,171423
4few_ligand,1826,88636
4few_ligand,1827,109811
4few_ligand,1828,111394
4few_ligand,1829,76067.2
4few_ligand,1830,102109
4few_ligand,1831,76943.4
4few_ligand,1832,122934
4few_ligand,1833,70179.6
4few_ligand,1834,96518.3
4few_ligand,1835,88347.3
4few_ligand,1836,117279
4few_ligand,1837,93472.7
4few_ligand,1838,87302.6
4few_ligand,1839,112382
4few_ligand,1840,73513.6
4few_ligand,1841,89832
4few_ligand,1842,149091
4few_ligand,1843,80240.7
4few_ligand,1844,80433.9
4few_ligand,1845,103328
4few_ligand,1846,123215
4few_ligand,1847,114876
4few_ligand,1848,114609
4few_ligand,1849,83760.2
4few_ligand,1850,110867
4few_ligand,1851,95961.6
4few_ligand,1852,233858
4few_ligand,1853,136130
4few_ligand,1854,110807
4few_ligand,1855,126593
4few_ligand,1856,160723
4few_ligand,1857,122933
4few_ligand,1858,80035.8
4few_ligand,1859,89283
4few_ligand,1860,110029
4few_ligand,1861,76853.1
4few_ligand,1862,95975.2
4few_ligand,1863,69886.4
4few_ligand,1864,90033.6
4few_ligand,1865,111402
4few_ligand,1866,77049.9
4few_ligand,1867,109636
4few_ligand,1868,98311.4
4few_ligand,1869,137991
4few_ligand,1870,101403
4few_ligand,1871,113061
4few_ligand,1872,85665.6
4few_ligand,1873,79216.4
4few_ligand,1874,91677.9
4few_ligand,1875,96627.8
4few_ligand,1876,94579.7
4few_ligand,1877,96181.9
4few_ligand,1878,111296
4few_ligand,1879,123231
4few_ligand,1880,79951.8
4few_ligand,1881,65372.4
4few_ligand,1882,103295
4few_ligand,1883,94121.6
4few_ligand,1884,121805
4few_ligand,1885,66763.8
4few_ligand,1886,106235
4few_ligand,1887,82436.8
4few_ligand,1888,124204
4few_ligand,1889,63181.6
4few_ligand,1890,104414
4few_ligand,1891,188718
4few_ligand,1892,87942.6
4few_ligand,1893,123930
4few_ligand,1894,132592
4few_ligand,1895,78552.2
4few_ligand,1896,118438
4few_ligand,1897,90743.4
4few_ligand,1898,86233.2
4few_ligand,1899,76208
4few_ligand,1900,92022.6
4few_ligand,1901,76499.8
4few_ligand,1902,95926
4few_ligand,1903,78162.4
4few_ligand,1904,120562
4few_ligand,1905,85692.2
4few_ligand,1906,104575
4few_ligand,1907,85702.4
4few_ligand,1908,110562
4few_ligand,1909,112678
4few_ligand,1910,82545.9
4few_ligand,1911,89901.8
4few_ligand,1912,100147
4few_ligand,1913,89086
4few_ligand,1914,145806
4few_ligand,1915,124060
4few_ligand,1916,75362.9
4few_ligand,1917,104000
4few_ligand,1918,84066.5
4few_ligand,1919,101696
4few_ligand,1920,89718.9
4few_ligand,1921,100409
4few_ligand,1922,89665.5
4few_ligand,1923,100804
4few_ligand,1924,86159.8
4few_ligand,1925,101431
4few_ligand,1926,83056.7
4few_ligand,1927,119414
4few_ligand,1928,89203.7
4few_ligand,1929,93656.8
4few_ligand,1930,70091.7
4few_ligand,1931,125830
4few_ligand,1932,118061
4few_ligand,1933,126316
4few_ligand,1934,109847
4few_ligand,1935,106738
4few_ligand,1936,95466
4few_ligand,1937,75458.6
4few_ligand,1938,136493
4few_ligand,1939,78721.4
4few_ligand,1940,125479
4few_ligand,1941,117359
4few_ligand,1942,81308.6
4few_ligand,1943,108617
4few_ligand,1944,87884.5
4few_ligand,1945,130132
4few_ligand,1946,79810.4
4few_ligand,1947,114149
4few_ligand,1948,132597
4few_ligand,1949,87525.1
4few_ligand,1950,87247.1
4few_ligand,1951,107078
4few_ligand,1952,91294.1
4few_ligand,1953,108707
4few_ligand,1954,91611.2
4few_ligand,1955,82168.4
4few_ligand,1956,98461
4few_ligand,1957,70591.3
4few_ligand,1958,154527
4few_ligand,1959,145094
4few_ligand,1960,98380.4
4few_ligand,1961,176520
4few_ligand,1962,111624
4few_ligand,1963,89336.2
4few_ligand,1964,73796.1
4few_ligand,1965,88900.5
4few_ligand,1966,78833.6
4few_ligand,1967,124036
4few_ligand,1968,83905.6
4few_ligand,1969,135711
4few_ligand,1970,122737
4few_ligand,1971,83139.5
4few_ligand,1972,70230.1
4few_ligand,1973,87790.8
4few_ligand,1974,120043
4few_ligand,1975,81527
4few_ligand,1976,86945.1
4few_ligand,1977,89941.5
4few_ligand,1978,88412.4
4few_ligand,1979,85599.8
4few_ligand,1980,85493.6
4few_ligand,1981,78329
4few_ligand,1982,102764
4few_ligand,1983,92830
4few_ligand,1984,105070
4few_ligand,1985,98700.2
4few_ligand,1986,136812
4few_ligand,1987,73861
4few_ligand,1988,110334
4few_ligand,1989,123714
4few_ligand,1990,117434
4few_ligand,1991,157492
4few_ligand,1992,82666.7
4few_ligand,1993,83070.8
4few_ligand,1994,112656
4few_ligand,1995,99300.4
4few_ligand,1996,94611.4
4few_ligand,1997,89875.4
4few_ligand,1998,146436
4few_ligand,1999,104272
4few_ligand,2000,96451.4
4few_ligand,2001,113954
4few_ligand,2002,71778
4few_ligand,2003,97099.7
4few_ligand,2004,99242.5
4few_ligand,2005,99122.9
4few_ligand,2006,93269
4few_ligand,2007,123995
4few_ligand,2008,148114
4few_ligand,2009,127685
4few_ligand,2010,91557.6
4few_ligand,2011,107721
4few_ligand,2012,83129.9
4few_ligand,2013,132291
4few_ligand,2014,73036.3
4few_ligand,2015,76580.6
4few_ligand,2016,115932
4few_ligand,2017,77837.4
4few_ligand,2018,127125
4few_ligand,2019,99257.7
4few_ligand,2020,116600
4few_ligand,2021,95807.4
4few_ligand,2022,94022.5
4few_ligand,2023,75750
4few_ligand,2024,91978.7
4few_ligand,2025,102357
4few_ligand,2026,76359.2
4few_ligand,2027,108746
4few_ligand,2028,83503.2
4few_ligand,2029,107305
4few_ligand,2030,85949.9
4few_ligand,2031,102757
4few_ligand,2032,94003.9
4few_ligand,2033,119326
4few_ligand,2034,91376.9
4few_ligand,2035,116467
4few_ligand,2036,84095.2
4few_ligand,2037,85800.5
4few_ligand,2038,110187
4few_ligand,2039,131617
4few_ligand,2040,104204
4few_ligand,2041,89730.2
4few_ligand,2042,109423
4few_ligand,2043,69898.2
4few_ligand,2044,84256.6
4few_ligand,2045,112852
4few_ligand,2046,75932.4
4few_ligand,2047,102938
4few_ligand,2048,125588
4few_ligand,2049,84552.3
4few_ligand,2050,89765.7
4few_ligand,2051,114848
4few_ligand,2052,74142.5
4few_ligand,2053,103464
4few_ligand,2054,127228
4few_ligand,2055,87218.4
4few_ligand,2056,80830.7
4few_ligand,2057,116364
4few_ligand,2058,87672.4
4few_ligand,2059,128836
4few_ligand,2060,67545.9
4few_ligand,2061,114711
4few_ligand,2062,79733.4
4few_ligand,2063,116170
4few_ligand,2064,84729.8
4few_ligand,2065,106219
4few_ligand,2066,88548.9
4few_ligand,2067,133342
4few_ligand,2068,87579.9
4few_ligand,2069,112256
4few_ligand,2070,137071
4few_ligand,2071,142273
4few_ligand,2072,203275
4few_ligand,2073,173263
4few_ligand,2074,156532
4few_ligand,2075,119534
4few_ligand,2076,105339
4few_ligand,2077,77663.8
4few_ligand,2078,142808
4few_ligand,2079,151902
4few_ligand,2080,106062
4few_ligand,2081,101627
4few_ligand,2082,174965
4few_ligand,2083,144500
4few_ligand,2084,110868
4few_ligand,2085,78560.9
4few_ligand,2086,74558.8
4few_ligand,2087,76155.9
4few_ligand,2088,108972
4few_ligand,2089,127429
4few_ligand,2090,85732.9
4few_ligand,2091,123120
4few_ligand,2092,144243
4few_ligand,2093,78352.1
4few_ligand,2094,67264.4
4few_ligand,2095,81298.4
4few_ligand,2096,97145.3
4few_ligand,2097,107079
4few_ligand,2098,73202
4few_ligand,2099,105668
4few_ligand,2100,124642
4few_ligand,2101,78896.4
4few_ligand,2102,92798
4few_ligand,2103,111909
4few_ligand,2104,91439.2
4few_ligand,2105,80823.3
4few_ligand,2106,104606
4few_ligand,2107,99283.2
4few_ligand,2108,123793
4few_ligand,2109,91969.1
4few_ligand,2110,120861
4few_ligand,2111,82137
4few_ligand,2112,88338.6
4few_ligand,2113,109876
4few_ligand,2114,72603.9
4few_ligand,2115,61361
4few_ligand,2116,101891
4few_ligand,2117,107459
4few_ligand,2118,132039
4few_ligand,2119,71972.5
4few_ligand,2120,106863
4few_ligand,2121,120573
4few_ligand,2122,90602
4few_ligand,2123,105213
4few_ligand,2124,103868
4few_ligand,2125,129793
4few_ligand,2126,92820.8
4few_ligand,2127,73775.3
4few_ligand,2128,113048
4few_ligand,2129,93562.6
4few_ligand,2130,128100
4few_ligand,2131,98274.9
4few_ligand,2132,85701.7
4few_ligand,2133,173800
4few_ligand,2134,167307
4few_ligand,2135,169092
4few_ligand,2136,187703
4few_ligand,2137,185817
4few_ligand,2138,117115
4few_ligand,2139,153416
4few_ligand,2140,93978.7
4few_ligand,2141,115535
4few_ligand,2142,85205.7
4few_ligand,2143,86117.1
4few_ligand,2144,104078
4few_ligand,2145,70079.8
4few_ligand,2146,69270.1
4few_ligand,2147,106528
4few_ligand,2148,115181
4few_ligand,2149,126208
4few_ligand,2150,83081.3
4few_ligand,2151,132626
4few_ligand,2152,69835.3
4few_ligand,2153,119773
4few_ligand,2154,77852.9
4few_ligand,2155,108290
4few_ligand,2156,112120
4few_ligand,2157,86099.7
4few_ligand,2158,115193
4few_ligand,2159,90928.5
4few_ligand,2160,107480
4few_ligand,2161,102783
4few_ligand,2162,124124
4few_ligand,2163,100475
4few_ligand,2164,112298
4few_ligand,2165,124861
4few_ligand,2166,134707
4few_ligand,2167,183673
4few_ligand,2168,135019
4few_ligand,2169,181867
4few_ligand,2170,165274
4few_ligand,2171,165914
4few_ligand,2172,175721
4few_ligand,2173,193141
4few_ligand,2174,104511
4few_ligand,2175,76231.4
4few_ligand,2176,81709.5
4few_ligand,2177,114422
4few_ligand,2178,93360.8
4few_ligand,2179,138527
4few_ligand,2180,87555.1
4few_ligand,2181,124422
4few_ligand,2182,87790.5
4few_ligand,2183,89183.1
4few_ligand,2184,117350
4few_ligand,2185,77678.6
4few_ligand,2186,85769.6
4few_ligand,2187,141213
4few_ligand,2188,94377.4
4few_ligand,2189,77111.2
4few_ligand,2190,103354
4few_ligand,2191,110505
4few_ligand,2192,139464
4few_ligand,2193,71512.2
4few_ligand,2194,93033.9
4few_ligand,2195,123602
4few_ligand,2196,86276
4few_ligand,2197,106603
4few_ligand,2198,95159.7
4few_ligand,2199,141182
4few_ligand,2200,124976
4few_ligand,2201,71209.5
4few_ligand,2202,119774
4few_ligand,2203,92205.4
4few_ligand,2204,103943
4few_ligand,2205,101016
4few_ligand,2206,124116
4few_ligand,2207,77239.5
4few_ligand,2208,104190
4few_ligand,2209,82740.6
4few_ligand,2210,127482
4few_ligand,2211,64240.9
4few_ligand,2212,115153
4few_ligand,2213,74794.7
4few_ligand,2214,128762
4few_ligand,2215,70858.9
4few_ligand,2216,145357
4few_ligand,2217,108381
4few_ligand,2218,129437
4few_ligand,2219,134032
4few_ligand,2220,194719
4few_ligand,2221,158643
4few_ligand,2222,152845
4few_ligand,2223,69741.3
4few_ligand,2224,94374.4
4few_ligand,2225,116261
4few_ligand,2226,74921.2
4few_ligand,2227,93139
4few_ligand,2228,140080
4few_ligand,2229,72479.7
4few_ligand,2230,118148
4few_ligand,2231,165145
4few_ligand,2232,118634
4few_ligand,2233,133489
4few_ligand,2234,97026.9
4few_ligand,2235,104035
4few_ligand,2236,123771
4few_ligand,2237,89550.7
4few_ligand,2238,113142
4few_ligand,2239,98533.8
4few_ligand,2240,127833
4few_ligand,2241,76932.7
4few_ligand,2242,115935
4few_ligand,2243,86418.2
4few_ligand,2244,131438
4few_ligand,2245,80795.2
4few_ligand,2246,113218
4few_ligand,2247,80883.6
4few_ligand,2248,106857
4few_ligand,2249,96130.6
4few_ligand,2250,114795
4few_ligand,2251,159598
4few_ligand,2252,142828
4few_ligand,2253,167334
4few_ligand,2254,144916
4few_ligand,2255,156773
4few_ligand,2256,116306
4few_ligand,2257,157370
4few_ligand,2258,134570
4few_ligand,2259,140867
4few_ligand,2260,88816.4
4few_ligand,2261,124443
4few_ligand,2262,80382.5
4few_ligand,2263,75412.1
4few_ligand,2264,110241
4few_ligand,2265,79907.6
4few_ligand,2266,86821.6
4few_ligand,2267,125183
4few_ligand,2268,94443.3
4few_ligand,2269,116686
4few_ligand,2270,101304
4few_ligand,2271,115792
4few_ligand,2272,96403.4
4few_ligand,2273,113545
4few_ligand,2274,106291
4few_ligand,2275,134342
4few_ligand,2276,77140.4
4few_ligand,2277,124166
4few_ligand,2278,85387.2
4few_ligand,2279,93046.7
4few_ligand,2280,132065
4few_ligand,2281,115236
4few_ligand,2282,182916
4few_ligand,2283,120935
4few_ligand,2284,77717
4few_ligand,2285,99001.9
4few_ligand,2286,109684
4few_ligand,2287,96537.9
4few_ligand,2288,109712
4few_ligand,2289,102666
4few_ligand,2290,113747
4few_ligand,2291,111397
4few_ligand,2292,140245
4few_ligand,2293,75107.9
4few_ligand,2294,90861.8
4few_ligand,2295,124515
4few_ligand,2296,96788.2
4few_ligand,2297,128991
4few_ligand,2298,131611
4few_ligand,2299,105009
4few_ligand,2300,89191.4
4few_ligand,2301,117175
4few_ligand,2302,91259.2
4few_ligand,2303,138591
4few_ligand,2304,70969.3
4few_ligand,2305,71697.9
4few_ligand,2306,84664.6
4few_ligand,2307,98029.6
4few_ligand,2308,116366
4few_ligand,2309,87107.7
4few_ligand,2310,138052
4few_ligand,2311,69465.8
4few_ligand,2312,103714
4few_ligand,2313,106574
4few_ligand,2314,83996
4few_ligand,2315,131379
4few_ligand,2316,76689.5
4few_ligand,2317,134859
4few_ligand,2318,139864
4few_ligand,2319,84155.8
4few_ligand,2320,134552
4few_ligand,2321,134387
4few_ligand,2322,82058
4few_ligand,2323,89670.5
4few_ligand,2324,107808
4few_ligand,2325,88912.5
4few_ligand,2326,106272
4few_ligand,2327,82983
4few_ligand,2328,137642
4few_ligand,2329,83027.8
4few_ligand,2330,113879
4few_ligand,2331,138483
4few_ligand,2332,79519.7
4few_ligand,2333,132388
4few_ligand,2334,107985
4few_ligand,2335,107377
4few_ligand,2336,84081
4few_ligand,2337,104614
4few_ligand,2338,96178
4few_ligand,2339,129191
4few_ligand,2340,123239
4few_ligand,2341,78393.6
4few_ligand,2342,103312
4few_ligand,2343,95089.7
4few_ligand,2344,103304
4few_ligand,2345,91451.7
4few_ligand,2346,103008
4few_ligand,2347,79858.4
4few_ligand,2348,104883
4few_ligand,2349,91657.3
4few_ligand,2350,122938
4few_ligand,2351,69641.4
4few_ligand,2352,88609.5
4few_ligand,2353,164259
4few_ligand,2354,103846
4few_ligand,2355,142123
4few_ligand,2356,75221.4
4few_ligand,2357,70314.6
4few_ligand,2358,81047.2
4few_ligand,2359,94805.8
4few_ligand,2360,133682
4few_ligand,2361,76975.5
4few_ligand,2362,102973
4few_ligand,2363,124997
4few_ligand,2364,67935
4few_ligand,2365,65062.4
4few_ligand,2366,93339.2
4few_ligand,2367,105125
4few_ligand,2368,167254
4few_ligand,2369,98175.9
4few_ligand,2370,153491
4few_ligand,2371,109694
4few_ligand,2372,127581
4few_ligand,2373,91251.9
4few_ligand,2374,111000
4few_ligand,2375,113246
4few_ligand,2376,76576.4
4few_ligand,2377,129138
4few_ligand,2378,68849.3
4few_ligand,2379,115374
4few_ligand,2380,83650.8
4few_ligand,2381,126719
4few_ligand,2382,69867.8
4few_ligand,2383,76338.4
4few_ligand,2384,94828.3
4few_ligand,2385,94357.2
4few_ligand,2386,176086
4few_ligand,2387,96091.6
4few_ligand,2388,116522
4few_ligand,2389,123944
4few_ligand,2390,82153.7
4few_ligand,2391,100084
4few_ligand,2392,155848
4few_ligand,2393,96003.4
4few_ligand,2394,104451
4few_ligand,2395,80829.4
4few_ligand,2396,122536
4few_ligand,2397,119240
4few_ligand,2398,89002.5
4few_ligand,2399,83671.4
4few_ligand,2400,137638
4few_ligand,2401,91973.9
4few_ligand,2402,78952.1
4few_ligand,2403,70918.7
4few_ligand,2404,104667
4few_ligand,2405,116579
4few_ligand,2406,75237.5
4few_ligand,2407,104720
4few_ligand,2408,87729.5
4few_ligand,2409,98345.3
4few_ligand,2410,97073.8
4few_ligand,2411,116319
4few_ligand,2412,84105.2
4few_ligand,2413,107214
4few_ligand,2414,85837.3
4few_ligand,2415,76857.5
4few_ligand,2416,104513
4few_ligand,2417,114449
4few_ligand,2418,120217
4few_ligand,2419,79387.1
4few_ligand,2420,157055
4few_ligand,2421,100612
4few_ligand,2422,136176
4few_ligand,2423,96531.4
4few_ligand,2424,82057.1
4few_ligand,2425,70475.8
4few_ligand,2426,111785
4few_ligand,2427,82439.2
4few_ligand,2428,101656
4few_ligand,2429,94837.1
4few_ligand,2430,118240
4few_ligand,2431,79714.5
4few_ligand,2432,104767
4few_ligand,2433,87501.7
4few_ligand,2434,78614.4
4few_ligand,2435,103358
4few_ligand,2436,90134.4
4few_ligand,2437,124661
4few_ligand,2438,129710
4few_ligand,2439,110491
4few_ligand,2440,71313.9
4few_ligand,2441,110585
4few_ligand,2442,80366.7
4few_ligand,2443,107012
4few_ligand,2444,87408
4few_ligand,2445,104638
4few_ligand,2446,92857.8
4few_ligand,2447,125365
4few_ligand,2448,74541.2
4few_ligand,2449,69967.1
4few_ligand,2450,87963.5
4few_ligand,2451,101535
4few_ligand,2452,166447
4few_ligand,2453,94488.2
4few_ligand,2454,149849
4few_ligand,2455,109792
4few_ligand,2456,116368
4few_ligand,2457,98326.6
4few_ligand,2458,90936.1
4few_ligand,2459,125845
4few_ligand,2460,64975
4few_ligand,2461,88160.8
4few_ligand,2462,118530
4few_ligand,2463,63507.7
4few_ligand,2464,124312
4few_ligand,2465,125606
4few_ligand,2466,77313
4few_ligand,2467,91609.8
4few_ligand,2468,107815
4few_ligand,2469,119289
4few_ligand,2470,97694.2
4few_ligand,2471,114013
4few_ligand,2472,87263.7
4few_ligand,2473,112579
4few_ligand,2474,164877
4few_ligand,2475,98345
4few_ligand,2476,103486
4few_ligand,2477,66870.7
4few_ligand,2478,80200.6
4few_ligand,2479,105381
4few_ligand,2480,81409.7
4few_ligand,2481,89270.7
4few_ligand,2482,120278
4few_ligand,2483,82784.1
4few_ligand,2484,134654
4few_ligand,2485,77976.2
4few_ligand,2486,96600.1
4few_ligand,2487,113790
4few_ligand,2488,69872.9
4few_ligand,2489,104036
4few_ligand,2490,106833
4few_ligand,2491,90328.6
4few_ligand,2492,120799
4few_ligand,2493,77625.9
4few_ligand,2494,112976
4few_ligand,2495,85189.2
4few_ligand,2496,110357
4few_ligand,2497,83137
4few_ligand,2498,115450
4few_ligand,2499,89875
4few_ligand,2500,125341
4few_ligand,2501,152671
4few_ligand,2502,148797
4few_ligand,2503,116577
4few_ligand,2504,97655.5
4few_ligand,2505,103555
4few_ligand,2506,71623.8
4few_ligand,2507,139090
4few_ligand,2508,120912
4few_ligand,2509,135399
4few_ligand,2510,133624
4few_ligand,2511,105683
4few_ligand,2512,76349.7
4few_ligand,2513,103387
4few_ligand,2514,112741
4few_ligand,2515,77300.2
4few_ligand,2516,101581
4few_ligand,2517,88511.4
4few_ligand,2518,96717.2
4few_ligand,2519,85766.8
4few_ligand,2520,118344
4few_ligand,2521,66728.1
4few_ligand,2522,95504.3
4few_ligand,2523,87603.4
4few_ligand,2524,114024
4few_ligand,2525,71109.1
4few_ligand,2526,73110
4few_ligand,2527,147324
4few_ligand,2528,90560.4
4few_ligand,2529,100332
4few_ligand,2530,89470.2
4few_ligand,2531,98133.1
4few_ligand,2532,62497
4few_ligand,2533,102803
4few_ligand,2534,87616.7
4few_ligand,2535,118869
4few_ligand,2536,63370
4few_ligand,2537,122107
4few_ligand,2538,162254
4few_ligand,2539,93315.9
4few_ligand,2540,107284
4few_ligand,2541,96791.7
4few_ligand,2542,91817.9
4few_ligand,2543,99474.2
4few_ligand,2544,129016
4few_ligand,2545,76352.2
4few_ligand,2546,120329
4few_ligand,2547,111981
4few_ligand,2548,83315.6
4few_ligand,2549,98264.4
4few_ligand,2550,88220.2
4few_ligand,2551,79844.2
4few_ligand,2552,104164
4few_ligand,2553,102350
4few_ligand,2554,104189
4few_ligand,2555,104368
4few_ligand,2556,83721.6
4few_ligand,2557,107392
4few_ligand,2558,114197
4few_ligand,2559,73866.7
4few_ligand,2560,99258.4
4few_ligand,2561,93909.1
4few_ligand,2562,119122
4few_ligand,2563,81878.3
4few_ligand,2564,68462.2
4few_ligand,2565,97911.6
4few_ligand,2566,92407.4
4few_ligand,2567,100577
4few_ligand,2568,92258.2
4few_ligand,2569,84732.2
4few_ligand,2570,140656
4few_ligand,2571,83718.5
4few_ligand,2572,95293
4few_ligand,2573,93688.1
4few_ligand,2574,89991.7
4few_ligand,2575,116023
4few_ligand,2576,189336
4few_ligand,2577,98332.5
4few_ligand,2578,89704.6
4few_ligand,2579,100234
4few_ligand,2580,97718.8
4few_ligand,2581,111873
4few_ligand,2582,80532.4
4few_ligand,2583,100962
4few_ligand,2584,131886
4few_ligand,2585,81666.7
4few_ligand,2586,126167
4few_ligand,2587,132560
4few_ligand,2588,101043
4few_ligand,2589,68286.1
4few_ligand,2590,104678
4few_ligand,2591,110126
4few_ligand,2592,90437.8
4few_ligand,2593,87321.7
4few_ligand,2594,74194.3
4few_ligand,2595,82264.6
4few_ligand,2596,73047.3
4few_ligand,2597,111145
4few_ligand,2598,82275.2
4few_ligand,2599,98468.7
4few_ligand,2600,94657.2
4few_ligand,2601,106442
4few_ligand,2602,88767.8
4few_ligand,2603,98968.8
4few_ligand,2604,130234
4few_ligand,2605,87344.7
4few_ligand,2606,86726.9
4few_ligand,2607,113139
4few_ligand,2608,121742
4few_ligand,2609,91338.6
4few_ligand,2610,147227
4few_ligand,2611,104350
4few_ligand,2612,81714.8
4few_ligand,2613,110313
4few_ligand,2614,70155
4few_ligand,2615,93165.2
4few_ligand,2616,107804
4few_ligand,2617,74599.1
4few_ligand,2618,93815.8
4few_ligand,2619,127422
4few_ligand,2620,79739.9
4few_ligand,2621,100665
4few_ligand,2622,103732
4few_ligand,2623,119017
4few_ligand,2624,74964.8
4few_ligand,2625,67729.8
4few_ligand,2626,105936
4few_ligand,2627,87180.9
4few_ligand,2628,122061
4few_ligand,2629,88377.1
4few_ligand,2630,84268.1
4few_ligand,2631,131217
4few_ligand,2632,86069
4few_ligand,2633,85605.2
4few_ligand,2634,75848.8
4few_ligand,2635,103686
4few_ligand,2636,107126
4few_ligand,2637,110356
4few_ligand,2638,96470.1
4few_ligand,2639,106953
4few_ligand,2640,93740.9
4few_ligand,2641,92196.8
4few_ligand,2642,121963
4few_ligand,2643,74573
4few_ligand,2644,72782.4
4few_ligand,2645,136614
4few_ligand,2646,148735
4few_ligand,2647,98062.2
4few_ligand,2648,68466.8
4few_ligand,2649,94082
4few_ligand,2650,133172
4few_ligand,2651,99709.3
4few_ligand,2652,85490.8
4few_ligand,2653,70904
4few_ligand,2654,108947
4few_ligand,2655,91854.3
4few_ligand,2656,103788
4few_ligand,2657,94623.7
4few_ligand,2658,99828.9
4few_ligand,2659,97739.6
4few_ligand,2660,96950.8
4few_ligand,2661,110681
4few_ligand,2662,119474
4few_ligand,2663,79801
4few_ligand,2664,119437
4few_ligand,2665,87268.3
4few_ligand,2666,87306.5
4few_ligand,2667,106381
4few_ligand,2668,110674
4few_ligand,2669,123836
4few_ligand,2670,95137.5
4few_ligand,2671,112831
4few_ligand,2672,88414
4few_ligand,2673,97149.6
4few_ligand,2674,148682
4few_ligand,2675,118906
4few_ligand,2676,79024.9
4few_ligand,2677,87412.4
4few_ligand,2678,113759
4few_ligand,2679,78412.8
4few_ligand,2680,91951.1
4few_ligand,2681,75573.2
4few_ligand,2682,78528.4
4few_ligand,2683,124302
4few_ligand,2684,131899
4few_ligand,2685,76882.8
4few_ligand,2686,102681
4few_ligand,2687,72943.1
4few_ligand,2688,87231.2
4few_ligand,2689,134635
4few_ligand,2690,90963.6
4few_ligand,2691,83567.3
4few_ligand,2692,122252
4few_ligand,2693,96437.3
4few_ligand,2694,107216
4few_ligand,2695,118769
4few_ligand,2696,89849.8
4few_ligand,2697,85226.7
4few_ligand,2698,140183
4few_ligand,2699,101277
4few_ligand,2700,110586
4few_ligand,2701,98783.5
4few_ligand,2702,128333
4few_ligand,2703,125093
4few_ligand,2704,82426.5
4few_ligand,2705,76526.3
4few_ligand,2706,102046
4few_ligand,2707,90169.8
4few_ligand,2708,103160
4few_ligand,2709,86228.6
4few_ligand,2710,112918
4few_ligand,2711,105660
4few_ligand,2712,100453
4few_ligand,2713,104007
4few_ligand,2714,92811.9
4few_ligand,2715,87616.6
4few_ligand,2716,89524.4
4few_ligand,2717,116359
4few_ligand,2718,125806
4few_ligand,2719,80377.3
4few_ligand,2720,93001.5
4few_ligand,2721,102792
4few_ligand,2722,80807.4
4few_ligand,2723,133537
4few_ligand,2724,140974
4few_ligand,2725,106242
4few_ligand,2726,117343
4few_ligand,2727,95522.5
4few_ligand,2728,84778
4few_ligand,2729,113364
4few_ligand,2730,108392
4few_ligand,2731,106830
4few_ligand,2732,125722
4few_ligand,2733,75645.3
4few_ligand,2734,110508
4few_ligand,2735,89267.1
4few_ligand,2736,105487
4few_ligand,2737,91882
4few_ligand,2738,101656
4few_ligand,2739,96845.4
4few_ligand,2740,124938
4few_ligand,2741,80636.4
4few_ligand,2742,115185
4few_ligand,2743,93987.3
4few_ligand,2744,77801.3
4few_ligand,2745,122806
4few_ligand,2746,100797
4few_ligand,2747,104254
4few_ligand,2748,97639.2
4few_ligand,2749,106828
4few_ligand,2750,93251.5
4few_ligand,2751,119331
4few_ligand,2752,82665.3
4few_ligand,2753,95573.1
4few_ligand,2754,100131
4few_ligand,2755,130816
4few_ligand,2756,80317
4few_ligand,2757,72987
4few_ligand,2758,74691.7
4few_ligand,2759,125926
4few_ligand,2760,88801.7
4few_ligand,2761,81544.4
4few_ligand,2762,68704
4few_ligand,2763,119399
4few_ligand,2764,87965.8
4few_ligand,2765,86190.8
4few_ligand,2766,124915
4few_ligand,2767,116305
4few_ligand,2768,121738
4few_ligand,2769,88262.5
4few_ligand,2770,92284.7
4few_ligand,2771,75558.9
4few_ligand,2772,93192.4
4few_ligand,2773,126449
4few_ligand,2774,79133.6
4few_ligand,2775,117236
4few_ligand,2776,84371.8
4few_ligand,2777,128017
4few_ligand,2778,74428.6
4few_ligand,2779,116244
4few_ligand,2780,85168.9
4few_ligand,2781,112093
4few_ligand,2782,93227.5
4few_ligand,2783,105931
4few_ligand,2784,100847
4few_ligand,2785,145196
4few_ligand,2786,96080.7
4few_ligand,2787,83058.4
4few_ligand,2788,110539
4few_ligand,2789,84626
4few_ligand,2790,130487
4few_ligand,2791,73350.6
4few_ligand,2792,84103.3
4few_ligand,2793,159190
4few_ligand,2794,111037
4few_ligand,2795,86194.8
4few_ligand,2796,86329.3
4few_ligand,2797,103289
4few_ligand,2798,114045
4few_ligand,2799,141602
4few_ligand,2800,86423.7
4few_ligand,2801,119768
4few_ligand,2802,78457.7
4few_ligand,2803,106316
4few_ligand,2804,131348
4few_ligand,2805,131910
4few_ligand,2806,157856
4few_ligand,2807,129022
4few_ligand,2808,180806
4few_ligand,2809,127149
4few_ligand,2810,158289
4few_ligand,2811,128047
4few_ligand,2812,81434.8
4few_ligand,2813,80594.6
4few_ligand,2814,85700.8
4few_ligand,2815,92789.3
4few_ligand,2816,104526
4few_ligand,2817,103135
4few_ligand,2818,105645
4few_ligand,2819,114021
4few_ligand,2820,90553
4few_ligand,2821,83165.4
4few_ligand,2822,142331
4few_ligand,2823,118262
4few_ligand,2824,138211
4few_ligand,2825,91011.2
4few_ligand,2826,110284
4few_ligand,2827,68440.5
4few_ligand,2828,68125.1
4few_ligand,2829,84492.5
4few_ligand,2830,90130.4
4few_ligand,2831,111571
4few_ligand,2832,81723
4few_ligand,2833,120276
4few_ligand,2834,118735
4few_ligand,2835,141098
4few_ligand,2836,71901.6
4few_ligand,2837,63152
4few_ligand,2838,112747
4few_ligand,2839,82092.4
4few_ligand,2840,114703
4few_ligand,2841,90218.5
4few_ligand,2842,108447
4few_ligand,2843,108714
4few_ligand,2844,121117
4few_ligand,2845,119384
4few_ligand,2846,118412
4few_ligand,2847,181985
4few_ligand,2848,114618
4few_ligand,2849,105845
4few_ligand,2850,123462
4few_ligand,2851,79757.9
4few_ligand,2852,107503
4few_ligand,2853,90902.3
4few_ligand,2854,126283
4few_ligand,2855,63675.2
4few_ligand,2856,112414
4few_ligand,2857,148795
4few_ligand,2858,94157.2
4few_ligand,2859,131676
4few_ligand,2860,136899
4few_ligand,2861,109571
4few_ligand,2862,87430.6
4few_ligand,2863,95677.8
4few_ligand,2864,74092.6
4few_ligand,2865,88345.5
4few_ligand,2866,96839
4few_ligand,2867,169835
4few_ligand,2868,106245
4few_ligand,2869,96421.5
4few_ligand,2870,68802.9
4few_ligand,2871,110447
4few_ligand,2872,92221.4
4few_ligand,2873,119338
4few_ligand,2874,78428.4
4few_ligand,2875,109468
4few_ligand,2876,90710.1
4few_ligand,2877,104999
4few_ligand,2878,94837.7
4few_ligand,2879,122586
4few_ligand,2880,66698.2
4few_ligand,2881,114459
4few_ligand,2882,84287.5
4few_ligand,2883,83466.7
4few_ligand,2884,106819
4few_ligand,2885,109024
4few_ligand,2886,159269
4few_ligand,2887,73432.3
4few_ligand,2888,103518
4few_ligand,2889,91766.9
4few_ligand,2890,121831
4few_ligand,2891,68969.6
4few_ligand,2892,100146
4few_ligand,2893,138609
4few_ligand,2894,84478.4
4few_ligand,2895,89714.5
4few_ligand,2896,87347.2
4few_ligand,2897,143369
4few_ligand,2898,80464.6
4few_ligand,2899,88584.1
4few_ligand,2900,77886.6
4few_ligand,2901,93492.6
4few_ligand,2902,85002.7
4few_ligand,2903,208113
4few_ligand,2904,120075
4few_ligand,2905,156846
4few_ligand,2906,86835.1
4few_ligand,2907,123640
4few_ligand,2908,94967.9
4few_ligand,2909,84987.6
4few_ligand,2910,97160.6
4few_ligand,2911,99339.7
4few_ligand,2912,100848
4few_ligand,2913,95241.4
4few_ligand,2914,103523
4few_ligand,2915,92570.6
4few_ligand,2916,129611
4few_ligand,2917,67650.9
4few_ligand,2918,98125.3
4few_ligand,2919,122820
4few_ligand,2920,85120.1
4few_ligand,2921,103735
4few_ligand,2922,86951.5
4few_ligand,2923,101374
4few_ligand,2924,121234
4few_ligand,2925,79895.4
4few_ligand,2926,98701.9
4few_ligand,2927,129138
4few_ligand,2928,86601.2
4few_ligand,2929,102595
4few_ligand,2930,107640
4few_ligand,2931,127233
4few_ligand,2932,80186.5
4few_ligand,2933,81899.4
4few_ligand,2934,112813
4few_ligand,2935,91562.4
4few_ligand,2936,126398
4few_ligand,2937,94300.1
4few_ligand,2938,76233.9
4few_ligand,2939,128367
4few_ligand,2940,67536.8
4few_ligand,2941,76413.4
4few_ligand,2942,94093.6
4few_ligand,2943,104092
4few_ligand,2944,121935
4few_ligand,2945,69094.7
4few_ligand,2946,84506
4few_ligand,2947,183374
4few_ligand,2948,117747
4few_ligand,2949,112826
4few_ligand,2950,103361
4few_ligand,2951,124505
4few_ligand,2952,111904
4few_ligand,2953,118572
4few_ligand,2954,88023.2
4few_ligand,2955,112525
4few_ligand,2956,99010.9
4few_ligand,2957,99422.6
4few_ligand,2958,113060
4few_ligand,2959,124154
4few_ligand,2960,79461.7
4few_ligand,2961,109741
4few_ligand,2962,100655
4few_ligand,2963,102708
4few_ligand,2964,106554
4few_ligand,2965,100693
4few_ligand,2966,95906.9
4few_ligand,2967,117642
4few_ligand,2968,117847
4few_ligand,2969,87544.9
4few_ligand,2970,113790
4few_ligand,2971,88398.9
4few_ligand,2972,77323.9
4few_ligand,2973,102304
4few_ligand,2974,94055.7
4few_ligand,2975,102084
4few_ligand,2976,88522.8
4few_ligand,2977,92298.2
4few_ligand,2978,80267.8
4few_ligand,2979,139415
4few_ligand,2980,136961
4few_ligand,2981,94144.7
4few_ligand,2982,88453.9
4few_ligand,2983,156364
4few_ligand,2984,124644
4few_ligand,2985,108600
4few_ligand,2986,74226.8
4few_ligand,2987,81575.8
4few_ligand,2988,102761
4few_ligand,2989,70053.6
4few_ligand,2990,89171.4
4few_ligand,2991,104118
4few_ligand,2992,69331.8
4few_ligand,2993,83408.8
4few_ligand,2994,112038
4few_ligand,2995,65654.9
4few_ligand,2996,82054.6
4few_ligand,2997,149889
4few_ligand,2998,96348.7
4few_ligand,2999,128764
4few_ligand,3000,132708
4few_ligand,3001,88164.6
4few_ligand,3002,71983.8
4few_ligand,3003,104190
4few_ligand,3004,100803
4few_ligand,3005,92279.1
4few_ligand,3006,120582
4few_ligand,3007,122630
4few_ligand,3008,79680.8
4few_ligand,3009,132411
4few_ligand,3010,77434.1
4few_ligand,3011,116810
4few_ligand,3012,85880.8
4few_ligand,3013,86404.2
4few_ligand,3014,115948
4few_ligand,3015,97630.8
4few_ligand,3016,111075
4few_ligand,3017,106872
4few_ligand,3018,123042
4few_ligand,3019,93304.8
4few_ligand,3020,111947
4few_ligand,3021,100781
4few_ligand,3022,99080.5
4few_ligand,3023,99751.7
4few_ligand,3024,95242.1
4few_ligand,3025,102119
4few_ligand,3026,91713
4few_ligand,3027,105034
4few_ligand,3028,92097.6
4few_ligand,3029,104096
4few_ligand,3030,101586
4few_ligand,3031,104540
4few_ligand,3032,132651
4few_ligand,3033,120332
4few_ligand,3034,83792.8
4few_ligand,3035,89095.9
4few_ligand,3036,105855
4few_ligand,3037,104969
4few_ligand,3038,95781.1
4few_ligand,3039,116188
4few_ligand,3040,85243.4
4few_ligand,3041,129251
4few_ligand,3042,66082
4few_ligand,3043,106483
4few_ligand,3044,88514.9
4few_ligand,3045,108209
4few_ligand,3046,81398.1
4few_ligand,3047,156895
4few_ligand,3048,122967
4few_ligand,3049,183737
4few_ligand,3050,121533
4few_ligand,3051,94772.4
4few_ligand,3052,87474
4few_ligand,3053,82654.9
4few_ligand,3054,107905
4few_ligand,3055,86461.5
4few_ligand,3056,100519
4few_ligand,3057,94174.6
4few_ligand,3058,102370
4few_ligand,3059,89375.2
4few_ligand,3060,102427
4few_ligand,3061,78370.5
4few_ligand,3062,128148
4few_ligand,3063,69879.2
4few_ligand,3064,93325.9
4few_ligand,3065,106575
4few_ligand,3066,139107
4few_ligand,3067,84390.1
4few_ligand,3068,145435
4few_ligand,3069,126464
4few_ligand,3070,82857.6
4few_ligand,3071,89707
4few_ligand,3072,139692
4few_ligand,3073,73962
4few_ligand,3074,84111.5
4few_ligand,3075,83982.9
4few_ligand,3076,94400.7
4few_ligand,3077,67971.2
4few_ligand,3078,137817
4few_ligand,3079,107795
4few_ligand,3080,106488
4few_ligand,3081,78523.9
4few_ligand,3082,84656.3
4few_ligand,3083,91398.8
4few_ligand,3084,148725
4few_ligand,3085,95629.9
4few_ligand,3086,107804
4few_ligand,3087,99639
4few_ligand,3088,99128.6
4few_ligand,3089,101226
4few_ligand,3090,107791
4few_ligand,3091,124212
4few_ligand,3092,83186.4
4few_ligand,3093,113543
4few_ligand,3094,86241.4
4few_ligand,3095,89916.3
4few_ligand,3096,93492.2
4few_ligand,3097,75932.4
4few_ligand,3098,82413.6
4few_ligand,3099,76291.2
4few_ligand,3100,109660
4few_ligand,3101,78512.1
4few_ligand,3102,109067
4few_ligand,3103,100150
4few_ligand,3104,136887
4few_ligand,3105,81073.1
4few_ligand,3106,83538.1
4few_ligand,3107,109449
4few_ligand,3108,91195.5
4few_ligand,3109,102092
4few_ligand,3110,117982
4few_ligand,3111,116273
4few_ligand,3112,123348
4few_ligand,3113,77855.4
4few_ligand,3114,145593
4few_ligand,3115,122915
4few_ligand,3116,177821
4few_ligand,3117,140635
4few_ligand,3118,92597.2
4few_ligand,3119,80758.6
4few_ligand,3120,130682
4few_ligand,3121,66034.1
4few_ligand,3122,107098
4few_ligand,3123,93710.2
4few_ligand,3124,125618
4few_ligand,3125,68507.9
4few_ligand,3126,114598
4few_ligand,3127,174144
4few_ligand,3128,93915.3
4few_ligand,3129,115987
4few_ligand,3130,105055
4few_ligand,3131,95677.7
4few_ligand,3132,74856.3
4few_ligand,3133,102774
4few_ligand,3134,85566.1
4few_ligand,3135,142155
4few_ligand,3136,87874.6
4few_ligand,3137,117586
4few_ligand,3138,96609.5
4few_ligand,3139,112180
4few_ligand,3140,108050
4few_ligand,3141,89576.1
4few_ligand,3142,112392
4few_ligand,3143,123138
4few_ligand,3144,85093.7
4few_ligand,3145,105345
4few_ligand,3146,95306.2
4few_ligand,3147,83887.3
4few_ligand,3148,155120
4few_ligand,3149,140432
4few_ligand,3150,147757
4few_ligand,3151,115256
4few_ligand,3152,174059
4few_ligand,3153,100606
4few_ligand,3154,106764
4few_ligand,3155,74356.3
4few_ligand,3156,67921.5
4few_ligand,3157,99826.9
4few_ligand,3158,103419
4few_ligand,3159,110729
4few_ligand,3160,87351.7
4few_ligand,3161,113838
4few_ligand,3162,75870.4
4few_ligand,3163,135763
4few_ligand,3164,64932.8
4few_ligand,3165,98905.8
4few_ligand,3166,150379
4few_ligand,3167,116286
4few_ligand,3168,159395
4few_ligand,3169,104520
4few_ligand,3170,142642
4few_ligand,3171,93817.1
4few_ligand,3172,81448.6
4few_ligand,3173,129979
4few_ligand,3174,85931.8
4few_ligand,3175,112957
4few_ligand,3176,90060.2
4few_ligand,3177,105341
4few_ligand,3178,97749.7
4few_ligand,3179,107689
4few_ligand,3180,99786.9
4few_ligand,3181,126033
4few_ligand,3182,76821.8
4few_ligand,3183,123245
4few_ligand,3184,80831.3
4few_ligand,3185,93072.8
4few_ligand,3186,130367
4few_ligand,3187,111699
4few_ligand,3188,125636
4few_ligand,3189,84192.4
4few_ligand,3190,104301
4few_ligand,3191,87851.1
4few_ligand,3192,155833
4few_ligand,3193,150704
4few_ligand,3194,116249
4few_ligand,3195,76021.4
4few_ligand,3196,87784.9
4few_ligand,3197,118655
4few_ligand,3198,81531.9
4few_ligand,3199,88762
4few_ligand,3200,77918.5
4few_ligand,3201,134495
4few_ligand,3202,91246.5
4few_ligand,3203,82466.4
4few_ligand,3204,84913.1
4few_ligand,3205,112684
4few_ligand,3206,83283
4few_ligand,3207,80024.3
4few_ligand,3208,98979.3
4few_ligand,3209,98652.3
4few_ligand,3210,111207
4few_ligand,3211,108043
4few_ligand,3212,133611
4few_ligand,3213,96700.2
4few_ligand,3214,114169
4few_ligand,3215,171772
4few_ligand,3216,107300
4few_ligand,3217,84602.4
4few_ligand,3218,107061
4few_ligand,3219,102790
4few_ligand,3220,123703
4few_ligand,3221,76603.8
4few_ligand,3222,102520
4few_ligand,3223,79474.9
4few_ligand,3224,126662
4few_ligand,3225,72184.1
4few_ligand,3226,73724.8
4few_ligand,3227,126833
4few_ligand,3228,89107.6
4few_ligand,3229,90106.7
4few_ligand,3230,76504
4few_ligand,3231,94694.8
4few_ligand,3232,85729.8
4few_ligand,3233,197308
4few_ligand,3234,128343
4few_ligand,3235,102403
4few_ligand,3236,84255.8
4few_ligand,3237,110351
4few_ligand,3238,73544
4few_ligand,3239,63942.8
4few_ligand,3240,100779
4few_ligand,3241,107106
4few_ligand,3242,120180
4few_ligand,3243,80107.6
4few_ligand,3244,120946
4few_ligand,3245,77689.1
4few_ligand,3246,90907.2
4few_ligand,3247,111946
4few_ligand,3248,81416.3
4few_ligand,3249,111925
4few_ligand,3250,86480.3
4few_ligand,3251,105813
4few_ligand,3252,93675.2
4few_ligand,3253,143624
4few_ligand,3254,86332.1
4few_ligand,3255,95068.3
4few_ligand,3256,147772
4few_ligand,3257,92670.2
4few_ligand,3258,132304
4few_ligand,3259,95929.5
4few_ligand,3260,73173.5
4few_ligand,3261,97236.3
4few_ligand,3262,115506
4few_ligand,3263,94961.6
4few_ligand,3264,86801
4few_ligand,3265,156784
4few_ligand,3266,148740
4few_ligand,3267,98856.7
4few_ligand,3268,86793.8
4few_ligand,3269,111641
4few_ligand,3270,82105.1
4few_ligand,3271,127260
4few_ligand,3272,106419
4few_ligand,3273,117970
4few_ligand,3274,88058.3
4few_ligand,3275,98438.5
4few_ligand,3276,140179
4few_ligand,3277,128696
4few_ligand,3278,147353
4few_ligand,3279,91434.7
4few_ligand,3280,79923
4few_ligand,3281,99640.7
4few_ligand,3282,84998.4
4few_ligand,3283,93898.2
4few_ligand,3284,93425.5
4few_ligand,3285,128042
4few_ligand,3286,74290.3
4few_ligand,3287,72797.1
4few_ligand,3288,107969
4few_ligand,3289,71150.4
4few_ligand,3290,74737.9
4few_ligand,3291,95465.7
4few_ligand,3292,77246.5
4few_ligand,3293,156837
4few_ligand,3294,91721.7
4few_ligand,3295,126492
4few_ligand,3296,116655
4few_ligand,3297,71276.1
4few_ligand,3298,101326
4few_ligand,3299,102122
4few_ligand,3300,66155.4
4few_ligand,3301,104855
4few_ligand,3302,101467
4few_ligand,3303,65111.3
4few_ligand,3304,70031.1
4few_ligand,3305,91634.5
4few_ligand,3306,70049.2
4few_ligand,3307,76844.8
4few_ligand,3308,94688.3
4few_ligand,3309,97383
4few_ligand,3310,69543.8
4few_ligand,3311,108967
4few_ligand,3312,154011
4few_ligand,3313,86320.3
4few_ligand,3314,132173
4few_ligand,3315,114248
4few_ligand,3316,83525.2
4few_ligand,3317,122357
4few_ligand,3318,70277.7
4few_ligand,3319,116056
4few_ligand,3320,83099.3
4few_ligand,3321,80607.4
4few_ligand,3322,115151
4few_ligand,3323,74470.5
4few_ligand,3324,110634
4few_ligand,3325,125850
4few_ligand,3326,76857.7
4few_ligand,3327,90297
4few_ligand,3328,105364
4few_ligand,3329,69063.2
4few_ligand,3330,107828
4few_ligand,3331,101211
4few_ligand,3332,78377.1
4few_ligand,3333,115329
4few_ligand,3334,99600.1
4few_ligand,3335,202786
4few_ligand,3336,117092
4few_ligand,3337,127767
4few_ligand,3338,82127.3
4few_ligand,3339,129964
4few_ligand,3340,69744.3
4few_ligand,3341,107296
4few_ligand,3342,88903.5
4few_ligand,3343,126560
4few_ligand,3344,68180.1
4few_ligand,3345,114370
4few_ligand,3346,75994.3
4few_ligand,3347,128365
4few_ligand,3348,62674.1
4few_ligand,3349,103796
4few_ligand,3350,135245
4few_ligand,3351,90713.6
4few_ligand,3352,134369
4few_ligand,3353,133096
4few_ligand,3354,109949
4few_ligand,3355,82896.5
4few_ligand,3356,131974
4few_ligand,3357,78755.2
4few_ligand,3358,96974.2
4few_ligand,3359,116735
4few_ligand,3360,89478.1
4few_ligand,3361,121218
4few_ligand,3362,67751.6
4few_ligand,3363,105790
4few_ligand,3364,84924.8
4few_ligand,3365,123134
4few_ligand,3366,63253.1
4few_ligand,3367,110925
4few_ligand,3368,152419
4few_ligand,3369,95045.8
4few_ligand,3370,127344
4few_ligand,3371,92232.5
4few_ligand,3372,85604.9
4few_ligand,3373,95888.8
4few_ligand,3374,159615
4few_ligand,3375,100414
4few_ligand,3376,93855.7
4few_ligand,3377,64031.3
4few_ligand,3378,75597.3
4few_ligand,3379,107663
4few_ligand,3380,84521.9
4few_ligand,3381,111622
4few_ligand,3382,79039.6
4few_ligand,3383,128013
4few_ligand,3384,63803.9
4few_ligand,3385,110031
4few_ligand,3386,136304
4few_ligand,3387,90615.3
4few_ligand,3388,125865
4few_ligand,3389,96940.5
4few_ligand,3390,90519.3
4few_ligand,3391,67572.2
4few_ligand,3392,76815.5
4few_ligand,3393,108593
4few_ligand,3394,80193.1
4few_ligand,3395,101833
4few_ligand,3396,91124.7
4few_ligand,3397,119623
4few_ligand,3398,79549.9
4few_ligand,3399,115520
4few_ligand,3400,83410.6
4few_ligand,3401,74747.8
4few_ligand,3402,99977.9
4few_ligand,3403,84153.3
4few_ligand,3404,132669
4few_ligand,3405,104495
4few_ligand,3406,108131
4few_ligand,3407,95555
4few_ligand,3408,125618
4few_ligand,3409,90104.4
4few_ligand,3410,102338
4few_ligand,3411,80647.6
4few_ligand,3412,106216
4few_ligand,3413,82891.1
4few_ligand,3414,104796
4few_ligand,3415,92122.8
4few_ligand,3416,115925
4few_ligand,3417,75461.1
4few_ligand,3418,108487
4few_ligand,3419,137558
4few_ligand,3420,149483
4few_ligand,3421,155527
4few_ligand,3422,109579
4few_ligand,3423,133148
4few_ligand,3424,79854
4few_ligand,3425,91044.3
4few_ligand,3426,74299.1
4few_ligand,3427,84849
4few_ligand,3428,85318.7
4few_ligand,3429,91839.6
4few_ligand,3430,77388.2
4few_ligand,3431,87168.8
4few_ligand,3432,91786
4few_ligand,3433,167750
4few_ligand,3434,121181
4few_ligand,3435,81736.1
4few_ligand,3436,113626
4few_ligand,3437,78807.8
4few_ligand,3438,109663
4few_ligand,3439,85044.8
4few_ligand,3440,100521
4few_ligand,3441,95315.8
4few_ligand,3442,98024.2
4few_ligand,3443,97282.1
4few_ligand,3444,118108
4few_ligand,3445,88629.4
4few_ligand,3446,116411
4few_ligand,3447,85500.6
4few_ligand,3448,106029
4few_ligand,3449,100246
4few_ligand,3450,115454
4few_ligand,3451,99320.2
4few_ligand,3452,107645
4few_ligand,3453,115308
4few_ligand,3454,92336.7
4few_ligand,3455,125906
4few_ligand,3456,72609.2
4few_ligand,3457,103811
4few_ligand,3458,89921.8
4few_ligand,3459,106950
4few_ligand,3460,85508.8
4few_ligand,3461,110318
4few_ligand,3462,86789.8
4few_ligand,3463,96159.7
4few_ligand,3464,102946
4few_ligand,3465,106845
4few_ligand,3466,139618
4few_ligand,3467,116072
4few_ligand,3468,140192
4few_ligand,3469,91070.4
4few_ligand,3470,119710
4few_ligand,3471,88573.8
4few_ligand,3472,101809
4few_ligand,3473,94250.3
4few_ligand,3474,93712.2
4few_ligand,3475,119245
4few_ligand,3476,87407.5
4few_ligand,3477,136401
4few_ligand,3478,62382.7
4few_ligand,3479,103874
4few_ligand,3480,137326
4few_ligand,3481,104568
4few_ligand,3482,110253
4few_ligand,3483,77860.9
4few_ligand,3484,78724.7
4few_ligand,3485,108452
4few_ligand,3486,120820
4few_ligand,3487,84265.8
4few_ligand,3488,112726
4few_ligand,3489,99109.9
4few_ligand,3490,129573
4few_ligand,3491,133474
4few_ligand,3492,75361.5
4few_ligand,3493,68616.5
4few_ligand,3494,102458
4few_ligand,3495,102301
4few_ligand,3496,108416
4few_ligand,3497,109539
4few_ligand,3498,132121
4few_ligand,3499,81848.5
4few_ligand,3500,115460
4few_ligand,3501,92659.4
4few_ligand,3502,87005.3
4few_ligand,3503,160107
4few_ligand,3504,164526
4few_ligand,3505,157240
4few_ligand,3506,127415
4few_ligand,3507,138224
4few_ligand,3508,86553.9
4few_ligand,3509,89234.9
4few_ligand,3510,87651.4
4few_ligand,3511,97503.7
4few_ligand,3512,111983
4few_ligand,3513,89610.3
4few_ligand,3514,119287
4few_ligand,3515,82967.5
4few_ligand,3516,95322.3
4few_ligand,3517,121808
4few_ligand,3518,85758.2
4few_ligand,3519,86666
4few_ligand,3520,74550.2
4few_ligand,3521,90908
4few_ligand,3522,129397
4few_ligand,3523,73547.5
4few_ligand,3524,106475
4few_ligand,3525,91177.2
4few_ligand,3526,105961
4few_ligand,3527,87156
4few_ligand,3528,105301
4few_ligand,3529,89269.5
4few_ligand,3530,111603
4few_ligand,3531,98788.7
4few_ligand,3532,100625
4few_ligand,3533,103451
4few_ligand,3534,95574.7
4few_ligand,3535,199090
4few_ligand,3536,92213.6
4few_ligand,3537,140554
4few_ligand,3538,108342
4few_ligand,3539,100427
4few_ligand,3540,102245
4few_ligand,3541,102792
4few_ligand,3542,118334
4few_ligand,3543,83197.9
4few_ligand,3544,102039
4few_ligand,3545,156446
4few_ligand,3546,123362
4few_ligand,3547,87287.8
4few_ligand,3548,75387.7
4few_ligand,3549,95812.1
4few_ligand,3550,122786
4few_ligand,3551,71837.4
4few_ligand,3552,104332
4few_ligand,3553,88243.2
4few_ligand,3554,100545
4few_ligand,3555,91374.6
4few_ligand,3556,100540
4few_ligand,3557,89154.9
4few_ligand,3558,102296
4few_ligand,3559,85534.8
4few_ligand,3560,117310
4few_ligand,3561,69933.1
4few_ligand,3562,120564
4few_ligand,3563,181845
4few_ligand,3564,98362.1
4few_ligand,3565,104134
4few_ligand,3566,122726
4few_ligand,3567,102384
4few_ligand,3568,70920.1
4few_ligand,3569,109735
4few_ligand,3570,89271.8
4few_ligand,3571,153899
4few_ligand,3572,111879
4few_ligand,3573,98429.7
4few_ligand,3574,63966.3
4few_ligand,3575,104856
4few_ligand,3576,128749
4few_ligand,3577,93805.6
4few_ligand,3578,114771
4few_ligand,3579,93325.8
4few_ligand,3580,98146.4
4few_ligand,3581,105972
4few_ligand,3582,90887.2
4few_ligand,3583,74363.2
4few_ligand,3584,108256
4few_ligand,3585,84625.1
4few_ligand,3586,107354
4few_ligand,3587,89259.7
4few_ligand,3588,127609
4few_ligand,3589,66296.8
4few_ligand,3590,102038
4few_ligand,3591,135727
4few_ligand,3592,104321
4few_ligand,3593,117418
4few_ligand,3594,96516.9
4few_ligand,3595,117926
4few_ligand,3596,92691.7
4few_ligand,3597,95508.7
4few_ligand,3598,117244
4few_ligand,3599,74179.2
4few_ligand,3600,104656
4few_ligand,3601,87994.8
4few_ligand,3602,122254
4few_ligand,3603,65239.2
4few_ligand,3604,104763
4few_ligand,3605,88304.8
4few_ligand,3606,96128.6
4few_ligand,3607,166267
4few_ligand,3608,119053
4few_ligand,3609,165322
4few_ligand,3610,128762
4few_ligand,3611,153795
4few_ligand,3612,91314
4few_ligand,3613,84370.4
4few_ligand,3614,81015.1
4few_ligand,3615,113190
4few_ligand,3616,84138.3
4few_ligand,3617,108397
4few_ligand,3618,95949.3
4few_ligand,3619,83790.1
4few_ligand,3620,104980
4few_ligand,3621,95072.1
4few_ligand,3622,116174
4few_ligand,3623,82075.1
4few_ligand,3624,69501.1
4few_ligand,3625,102006
4few_ligand,3626,87968.3
4few_ligand,3627,86747.9
4few_ligand,3628,108532
4few_ligand,3629,104572
4few_ligand,3630,120393
4few_ligand,3631,99669.1
4few_ligand,3632,106189
4few_ligand,3633,69381
4few_ligand,3634,96530.1
4few_ligand,3635,117031
4few_ligand,3636,72385.3
4few_ligand,3637,105254
4few_ligand,3638,86702.4
4few_ligand,3639,121840
4few_ligand,3640,81277.5
4few_ligand,3641,83736.4
4few_ligand,3642,82970.1
4few_ligand,3643,120187
4few_ligand,3644,132674
4few_ligand,3645,88611
4few_ligand,3646,89143.6
4few_ligand,3647,93297
4few_ligand,3648,139228
4few_ligand,3649,83942
4few_ligand,3650,85485.4
4few_ligand,3651,121753
4few_ligand,3652,209071
4few_ligand,3653,162500
4few_ligand,3654,232186
4few_ligand,3655,164139
4few_ligand,3656,240009
4few_ligand,3657,136890
4few_ligand,3658,178306
4few_ligand,3659,95591.2
4few_ligand,3660,102552
4few_ligand,3661,124870
4few_ligand,3662,82651.3
4few_ligand,3663,74592.2
4few_ligand,3664,96422.2
4few_ligand,3665,104770
4few_ligand,3666,120277
4few_ligand,3667,82288.9
4few_ligand,3668,114663
4few_ligand,3669,87276
4few_ligand,3670,71162.9
4few_ligand,3671,111873
4few_ligand,3672,131857
4few_ligand,3673,67150.9
4few_ligand,3674,100096
4few_ligand,3675,101993
4few_ligand,3676,64701.6
4few_ligand,3677,105087
4few_ligand,3678,152288
4few_ligand,3679,97933.4
4few_ligand,3680,112207
4few_ligand,3681,73309.5
4few_ligand,3682,114533
4few_ligand,3683,113879
4few_ligand,3684,79059.5
4few_ligand,3685,103709
4few_ligand,3686,89216.7
4few_ligand,3687,100948
4few_ligand,3688,88498.4
4few_ligand,3689,99829.4
4few_ligand,3690,98463.1
4few_ligand,3691,129951
4few_ligand,3692,79253.5
4few_ligand,3693,109037
4few_ligand,3694,111316
4few_ligand,3695,92474.8
4few_ligand,3696,85781.2
4few_ligand,3697,99350.1
4few_ligand,3698,186575
4few_ligand,3699,117617
4few_ligand,3700,94276.5
4few_ligand,3701,115653
4few_ligand,3702,88301.8
4few_ligand,3703,80514.4
4few_ligand,3704,107169
4few_ligand,3705,85407.9
4few_ligand,3706,87933.8
4few_ligand,3707,105398
4few_ligand,3708,94233.1
4few_ligand,3709,122634
4few_ligand,3710,79482.1
4few_ligand,3711,107993
4few_ligand,3712,69550.1
4few_ligand,3713,103466
4few_ligand,3714,112586
4few_ligand,3715,86953.8
4few_ligand,3716,106883
4few_ligand,3717,88961.4
4few_ligand,3718,104566
4few_ligand,3719,100261
4few_ligand,3720,124713
4few_ligand,3721,65900.4
4few_ligand,3722,95560.7
4few_ligand,3723,149564
4few_ligand,3724,127758
4few_ligand,3725,98107.4
4few_ligand,3726,80609.6
4few_ligand,3727,88243.2
4few_ligand,3728,71790.9
4few_ligand,3729,109442
4few_ligand,3730,113207
4few_ligand,3731,85861.6
4few_ligand,3732,82656.4
4few_ligand,3733,152859
4few_ligand,3734,89050.2
4few_ligand,3735,128646
4few_ligand,3736,98309.3
4few_ligand,3737,98288.1
4few_ligand,3738,115206
4few_ligand,3739,80391
4few_ligand,3740,98435.8
4few_ligand,3741,102903
4few_ligand,3742,114886
4few_ligand,3743,78452.8
4few_ligand,3744,105106
4few_ligand,3745,89042
4few_ligand,3746,104072
4few_ligand,3747,90104.3
4few_ligand,3748,102390
4few_ligand,3749,87822.8
4few_ligand,3750,104061
4few_ligand,3751,82056.8
4few_ligand,3752,103886
4few_ligand,3753,71218.2
4few_ligand,3754,140329
4few_ligand,3755,137286
4few_ligand,3756,160811
4few_ligand,3757,163338
4few_ligand,3758,136281
4few_ligand,3759,150354
4few_ligand,3760,129349
4few_ligand,3761,160485
4few_ligand,3762,109751
4few_ligand,3763,108754
4few_ligand,3764,107874
4few_ligand,3765,130874
4few_ligand,3766,94004.7
4few_ligand,3767,97073.8
4few_ligand,3768,95003.8
4few_ligand,3769,107359
4few_ligand,3770,119311
4few_ligand,3771,86607.8
4few_ligand,3772,84437.3
4few_ligand,3773,146804
4few_ligand,3774,133749
4few_ligand,3775,120676
4few_ligand,3776,109166
4few_ligand,3777,107410
4few_ligand,3778,77165
4few_ligand,3779,117265
4few_ligand,3780,138333
4few_ligand,3781,66999.6
4few_ligand,3782,102046
4few_ligand,3783,73979.7
4few_ligand,3784,80106.4
4few_ligand,3785,129976
4few_ligand,3786,97949.9
4few_ligand,3787,85844.5
4few_ligand,3788,70236.7
4few_ligand,3789,105616
4few_ligand,3790,88242.7
4few_ligand,3791,99935
4few_ligand,3792,91845.1
4few_ligand,3793,98332.6
4few_ligand,3794,95724.3
4few_ligand,3795,118078
4few_ligand,3796,81444
4few_ligand,3797,108245
4few_ligand,3798,91074
4few_ligand,3799,77874.2
4few_ligand,3800,108381
4few_ligand,3801,106050
4few_ligand,3802,124217
4few_ligand,3803,88891.6
4few_ligand,3804,116069
4few_ligand,3805,76315.8
4few_ligand,3806,107323
4few_ligand,3807,115572
4few_ligand,3808,116807
4few_ligand,3809,150843
4few_ligand,3810,168890
4few_ligand,3811,138273
4few_ligand,3812,94643.2
4few_ligand,3813,117396
4few_ligand,3814,86992.2
4few_ligand,3815,101868
4few_ligand,3816,117689
4few_ligand,3817,80311.6
4few_ligand,3818,79190.6
4few_ligand,3819,93287.9
4few_ligand,3820,91901
4few_ligand,3821,100270
4few_ligand,3822,104827
4few_ligand,3823,122684
4few_ligand,3824,77851.8
4few_ligand,3825,72375.6
4few_ligand,3826,123377
4few_ligand,3827,90087.7
4few_ligand,3828,90950.8
4few_ligand,3829,88387.8
4few_ligand,3830,130765
4few_ligand,3831,118808
4few_ligand,3832,98542.1
4few_ligand,3833,99985.1
4few_ligand,3834,84618.1
4few_ligand,3835,102685
4few_ligand,3836,87676.1
4few_ligand,3837,144797
4few_ligand,3838,91894.8
4few_ligand,3839,102363
4few_ligand,3840,98165.2
4few_ligand,3841,97660.4
4few_ligand,3842,107050
4few_ligand,3843,88247.9
4few_ligand,3844,109006
4few_ligand,3845,77389.7
4few_ligand,3846,97359.9
4few_ligand,3847,108679
4few_ligand,3848,84934.1
4few_ligand,3849,109808
4few_ligand,3850,89833.5
4few_ligand,3851,102152
4few_ligand,3852,90190.4
4few_ligand,3853,125083
4few_ligand,3854,92789.8
4few_ligand,3855,78697.9
4few_ligand,3856,134322
4few_ligand,3857,104590
4few_ligand,3858,120636
4few_ligand,3859,93614
4few_ligand,3860,142705
4few_ligand,3861,107201
4few_ligand,3862,106332
4few_ligand,3863,123461
4few_ligand,3864,89616.4
4few_ligand,3865,85317.9
4few_ligand,3866,159640
4few_ligand,3867,175437
4few_ligand,3868,152366
4few_ligand,3869,98616.9
4few_ligand,3870,130876
4few_ligand,3871,88454.5
4few_ligand,3872,79497.6
4few_ligand,3873,66467.4
4few_ligand,3874,109905
4few_ligand,3875,96951.2
4few_ligand,3876,108975
4few_ligand,3877,93640.4
4few_ligand,3878,104673
4few_ligand,3879,98221.3
4few_ligand,3880,102276
4few_ligand,3881,121124
4few_ligand,3882,128528
4few_ligand,3883,80718.4
4few_ligand,3884,109468
4few_ligand,3885,126905
4few_ligand,3886,90047.2
4few_ligand,3887,98473.4
4few_ligand,3888,87165.9
4few_ligand,3889,89253.4
4few_ligand,3890,83397.8
4few_ligand,3891,121495
4few_ligand,3892,100723
4few_ligand,3893,94898.5
4few_ligand,3894,113053
4few_ligand,3895,88310
4few_ligand,3896,130159
4few_ligand,3897,79970.9
4few_ligand,3898,68179.5
4few_ligand,3899,109617
4few_ligand,3900,90244.8
4few_ligand,3901,129236
4few_ligand,3902,78880.6
4few_ligand,3903,123595
4few_ligand,3904,99920
4few_ligand,3905,102474
4few_ligand,3906,82724.6
4few_ligand,3907,198090
4few_ligand,3908,98000.6
4few_ligand,3909,129220
4few_ligand,3910,107161
4few_ligand,3911,125992
4few_ligand,3912,97670.8
4few_ligand,3913,99773.7
4few_ligand,3914,89542.1
4few_ligand,3915,107944
4few_ligand,3916,94247.3
4few_ligand,3917,108862
4few_ligand,3918,90057.8
4few_ligand,3919,106840
4few_ligand,3920,91174.5
4few_ligand,3921,126711
4few_ligand,3922,68531.8
4few_ligand,3923,106227
4few_ligand,3924,92532.3
4few_ligand,3925,105216
4few_ligand,3926,98351.2
4few_ligand,3927,81631.4
4few_ligand,3928,144319
4few_ligand,3929,154575
4few_ligand,3930,197889
4few_ligand,3931,131887
4few_ligand,3932,168185
4few_ligand,3933,168026
4few_ligand,3934,201500
4few_ligand,3935,147570
4few_ligand,3936,145542
4few_ligand,3937,82051.2
4few_ligand,3938,73065.5
4few_ligand,3939,101670
4few_ligand,3940,101512
4few_ligand,3941,122793
4few_ligand,3942,91513.4
4few_ligand,3943,113043
4few_ligand,3944,77056.8
4few_ligand,3945,93130.9
4few_ligand,3946,117924
4few_ligand,3947,81970.5
4few_ligand,3948,92703.6
4few_ligand,3949,77492.2
4few_ligand,3950,93897
4few_ligand,3951,128792
4few_ligand,3952,73270.2
4few_ligand,3953,74882.5
4few_ligand,3954,121117
4few_ligand,3955,75950.4
4few_ligand,3956,122599
4few_ligand,3957,95592.9
4few_ligand,3958,85111.1
4few_ligand,3959,131706
4few_ligand,3960,72884.9
4few_ligand,3961,123799
4few_ligand,3962,78411.9
4few_ligand,3963,115557
4few_ligand,3964,84705.5
4few_ligand,3965,112595
4few_ligand,3966,93466.7
4few_ligand,3967,143385
4few_ligand,3968,86621
4few_ligand,3969,89924.8
4few_ligand,3970,116415
4few_ligand,3971,87988.7
4few_ligand,3972,90569.4
4few_ligand,3973,106856
4few_ligand,3974,110712
4few_ligand,3975,135445
4few_ligand,3976,98749.6
4few_ligand,3977,152058
4few_ligand,3978,131308
4few_ligand,3979,146754
4few_ligand,3980,99482.9
4few_ligand,3981,89019.9
4few_ligand,3982,131751
4few_ligand,3983,75297.1
4few_ligand,3984,117740
4few_ligand,3985,94899.9
4few_ligand,3986,78054.8
4few_ligand,3987,138215
4few_ligand,3988,91420
4few_ligand,3989,113207
4few_ligand,3990,100182
4few_ligand,3991,102932
4few_ligand,3992,110006
4few_ligand,3993,102882
4few_ligand,3994,132705
4few_ligand,3995,88261.2
4few_ligand,3996,70887.3
4few_ligand,3997,112893
4few_ligand,3998,86875.3
4few_ligand,3999,109177
4few_ligand,4000,99487.5
4few_ligand,4001,114853
4few_ligand,4002,98948.5
4few_ligand,4003,104400
4few_ligand,4004,96991
4few_ligand,4005,80135.2
4few_ligand,4006,193698
4few_ligand,4007,133767
4few_ligand,4008,190252
4few_ligand,4009,163989
4few_ligand,4010,225359
4few_ligand,4011,155049
4few_ligand,4012,160851
4few_ligand,4013,130549
4few_ligand,4014,121430
4few_ligand,4015,115984
4few_ligand,4016,80951.1
4few_ligand,4017,113719
4few_ligand,4018,84022.1
4few_ligand,4019,110369
4few_ligand,4020,95330.3
4few_ligand,4021,105953
4few_ligand,4022,100758
4few_ligand,4023,126828
4few_ligand,4024,82400.3
4few_ligand,4025,90693.5
4few_ligand,4026,114549
4few_ligand,4027,76781.1
4few_ligand,4028,82966.4
4few_ligand,4029,139709
4few_ligand,4030,72452.4
4few_ligand,4031,108260
4few_ligand,4032,155494
4few_ligand,4033,109955
4few_ligand,4034,163159
4few_ligand,4035,98333
4few_ligand,4036,101116
4few_ligand,4037,107297
4few_ligand,4038,97251.7
4few_ligand,4039,107073
4few_ligand,4040,97506.4
4few_ligand,4041,111585
4few_ligand,4042,95331.8
4few_ligand,4043,131227
4few_ligand,4044,69474.7
4few_ligand,4045,115543
4few_ligand,4046,85941.1
4few_ligand,4047,129173
4few_ligand,4048,93145.2
4few_ligand,4049,102693
4few_ligand,4050,61771.4
4few_ligand,4051,134041
4few_ligand,4052,88165.6
4few_ligand,4053,97111
4few_ligand,4054,107631
4few_ligand,4055,97820.7
4few_ligand,4056,136364
4few_ligand,4057,94096.3
4few_ligand,4058,160199
4few_ligand,4059,168431
4few_ligand,4060,119613
4few_ligand,4061,184699
4few_ligand,4062,142696
4few_ligand,4063,90895.4
4few_ligand,4064,77615.9
4few_ligand,4065,108540
4few_ligand,4066,92126.6
4few_ligand,4067,126372
4few_ligand,4068,84673.3
4few_ligand,4069,89743.2
4few_ligand,4070,92492.4
4few_ligand,4071,124953
4few_ligand,4072,76985.1
4few_ligand,4073,111060
4few_ligand,4074,77566.9
4few_ligand,4075,127876
4few_ligand,4076,71830.4
4few_ligand,4077,102613
4few_ligand,4078,94901.9
4few_ligand,4079,123778
4few_ligand,4080,142294
4few_ligand,4081,92933.8
4few_ligand,4082,116738
4few_ligand,4083,74554.9
4few_ligand,4084,113003
4few_ligand,4085,153013
4few_ligand,4086,156010
4few_ligand,4087,168201
4few_ligand,4088,135004
4few_ligand,4089,191849
4few_ligand,4090,140816
4few_ligand,4091,106306
4few_ligand,4092,86124.2
4few_ligand,4093,120393
4few_ligand,4094,79331.8
4few_ligand,4095,157820
4few_ligand,4096,153560
4few_ligand,4097,158864
4few_ligand,4098,118161
4few_ligand,4099,171498
4few_ligand,4100,120581
4few_ligand,4101,148960
4few_ligand,4102,107622
4few_ligand,4103,90959
4few_ligand,4104,120857
4few_ligand,4105,93562.7
4few_ligand,4106,111236
4few_ligand,4107,91961.2
4few_ligand,4108,116210
4few_ligand,4109,91302.9
4few_ligand,4110,109857
4few_ligand,4111,84106.1
4few_ligand,4112,88262.9
4few_ligand,4113,118096
4few_ligand,4114,79153.3
4few_ligand,4115,137245
4few_ligand,4116,130970
4few_ligand,4117,73189.2
4few_ligand,4118,69867.7
4few_ligand,4119,102720
4few_ligand,4120,101865
4few_ligand,4121,111156
4few_ligand,4122,94635.9
4few_ligand,4123,130780
4few_ligand,4124,71658.9
4few_ligand,4125,108122
4few_ligand,4126,135428
4few_ligand,4127,80595.4
4few_ligand,4128,97597
4few_ligand,4129,90663.7
4few_ligand,4130,141597
4few_ligand,4131,78879
4few_ligand,4132,116491
4few_ligand,4133,128069
4few_ligand,4134,63449.9
4few_ligand,4135,101271
4few_ligand,4136,135735
4few_ligand,4137,106863
4few_ligand,4138,111733
4few_ligand,4139,95150.8
4few_ligand,4140,137054
4few_ligand,4141,98568.2
4few_ligand,4142,98927.5
4few_ligand,4143,109336
4few_ligand,4144,91773.4
4few_ligand,4145,104183
4few_ligand,4146,117751
4few_ligand,4147,79530
4few_ligand,4148,100934
4few_ligand,4149,96854.1
4few_ligand,4150,109052
4few_ligand,4151,88541.8
4few_ligand,4152,92202.2
4few_ligand,4153,158596
4few_ligand,4154,107767
4few_ligand,4155,97596.2
4few_ligand,4156,70715.6
4few_ligand,4157,104698
4few_ligand,4158,90773.1
4few_ligand,4159,104302
4few_ligand,4160,90375.2
4few_ligand,4161,102909
4few_ligand,4162,77724.3
4few_ligand,4163,105238
4few_ligand,4164,84683.1
4few_ligand,4165,121525
4few_ligand,4166,80125.5
4few_ligand,4167,131752
4few_ligand,4168,98680.3
4few_ligand,4169,99564.3
4few_ligand,4170,102988
4few_ligand,4171,110135
4few_ligand,4172,127155
4few_ligand,4173,164207
4few_ligand,4174,121113
4few_ligand,4175,110841
4few_ligand,4176,95584.2
4few_ligand,4177,106120
4few_ligand,4178,92725.5
4few_ligand,4179,102412
4few_ligand,4180,83068.3
4few_ligand,4181,109635
4few_ligand,4182,87327.5
4few_ligand,4183,103996
4few_ligand,4184,93413.2
4few_ligand,4185,117479
4few_ligand,4186,74043.2
4few_ligand,4187,89812.6
4few_ligand,4188,114262
4few_ligand,4189,144460
4few_ligand,4190,175516
4few_ligand,4191,129687
4few_ligand,4192,172416
4few_ligand,4193,116727
4few_ligand,4194,182890
4few_ligand,4195,102471
4few_ligand,4196,91302.9
4few_ligand,4197,127796
4few_ligand,4198,66052.5
4few_ligand,4199,103987
4few_ligand,4200,133378
4few_ligand,4201,74239.6
4few_ligand,4202,88396.3
4few_ligand,4203,136733
4few_ligand,4204,76422.8
4few_ligand,4205,83970.5
4few_ligand,4206,107187
4few_ligand,4207,93657.5
4few_ligand,4208,124299
4few_ligand,4209,81863.4
4few_ligand,4210,118765
4few_ligand,4211,97689.2
4few_ligand,4212,164238
4few_ligand,4213,118545
4few_ligand,4214,166451
4few_ligand,4215,134405
4few_ligand,4216,166219
4few_ligand,4217,89372.1
4few_ligand,4218,121681
4few_ligand,4219,93723.8
4few_ligand,4220,121924
4few_ligand,4221,90625.1
4few_ligand,4222,112088
4few_ligand,4223,101696
4few_ligand,4224,126637
4few_ligand,4225,82541.6
4few_ligand,4226,86032.2
4few_ligand,4227,117766
4few_ligand,4228,99580.3
4few_ligand,4229,143428
4few_ligand,4230,94833.1
4few_ligand,4231,117176
4few_ligand,4232,139164
4few_ligand,4233,70835.7
4few_ligand,4234,77146.6
4few_ligand,4235,111524
4few_ligand,4236,88693.6
4few_ligand,4237,141895
4few_ligand,4238,77156.5
4few_ligand,4239,108504
4few_ligand,4240,131487
4few_ligand,4241,74785.9
4few_ligand,4242,93110.1
4few_ligand,4243,128382
4few_ligand,4244,84466.9
4few_ligand,4245,83942.3
4few_ligand,4246,97662.4
4few_ligand,4247,145383
4few_ligand,4248,132414
4few_ligand,4249,108186
4few_ligand,4250,80493.3
4few_ligand,4251,92891.3
4few_ligand,4252,113826
4few_ligand,4253,89418.7
4few_ligand,4254,109028
4few_ligand,4255,92503.5
4few_ligand,4256,105770
4few_ligand,4257,91558.7
4few_ligand,4258,114500
4few_ligand,4259,88305.2
4few_ligand,4260,129631
4few_ligand,4261,61658.6
4few_ligand,4262,111195
4few_ligand,4263,91992.3
4few_ligand,4264,130181
4few_ligand,4265,92640.7
4few_ligand,4266,76470.6
4few_ligand,4267,111351
4few_ligand,4268,64361.2
4few_ligand,4269,136760
4few_ligand,4270,98621
4few_ligand,4271,93394.2
4few_ligand,4272,200077
4few_ligand,4273,179218
4few_ligand,4274,171572
4few_ligand,4275,116266
4few_ligand,4276,164533
4few_ligand,4277,142762
4few_ligand,4278,96883.2
4few_ligand,4279,65090.6
4few_ligand,4280,111453
4few_ligand,4281,69520.6
4few_ligand,4282,103680
4few_ligand,4283,82429.6
4few_ligand,4284,124946
4few_ligand,4285,63099.5
4few_ligand,4286,91878.6
4few_ligand,4287,82979.4
4few_ligand,4288,132367
4few_ligand,4289,86954.9
4few_ligand,4290,77087.6
4few_ligand,4291,114455
4few_ligand,4292,137447
4few_ligand,4293,87588.3
4few_ligand,4294,111383
4few_ligand,4295,114894
4few_ligand,4296,83030.9
4few_ligand,4297,92638.5
4few_ligand,4298,155747
4few_ligand,4299,93560.2
4few_ligand,4300,114022
4few_ligand,4301,103716
4few_ligand,4302,110696
4few_ligand,4303,91988.5
4few_ligand,4304,101090
4few_ligand,4305,112566
4few_ligand,4306,85354
4few_ligand,4307,104514
4few_ligand,4308,86709.9
4few_ligand,4309,99581.7
4few_ligand,4310,99295
4few_ligand,4311,118298
4few_ligand,4312,75863.1
4few_ligand,4313,105444
4few_ligand,4314,81109.3
4few_ligand,4315,153084
4few_ligand,4316,88853.2
4few_ligand,4317,109283
4few_ligand,4318,99358.9
4few_ligand,4319,106940
4few_ligand,4320,96768.5
4few_ligand,4321,89757.3
4few_ligand,4322,91620.6
4few_ligand,4323,115873
4few_ligand,4324,70041.8
4few_ligand,4325,104963
4few_ligand,4326,84126.1
4few_ligand,4327,159816
4few_ligand,4328,104885
4few_ligand,4329,93548.5
4few_ligand,4330,75511.7
4few_ligand,4331,92346.6
4few_ligand,4332,92327.8
4few_ligand,4333,117175
4few_ligand,4334,74288.6
4few_ligand,4335,136329
4few_ligand,4336,122394
4few_ligand,4337,87856.3
4few_ligand,4338,81959.9
4few_ligand,4339,107317
4few_ligand,4340,85984.8
4few_ligand,4341,110829
4few_ligand,4342,82327.2
4few_ligand,4343,85221.8
4few_ligand,4344,127853
4few_ligand,4345,106672
4few_ligand,4346,130917
4few_ligand,4347,97613.8
4few_ligand,4348,132410
4few_ligand,4349,135801
4few_ligand,4350,87445.6
4few_ligand,4351,97498.6
4few_ligand,4352,120746
4few_ligand,4353,68908.1
4few_ligand,4354,105425
4few_ligand,4355,129401
4few_ligand,4356,71366.9
4few_ligand,4357,113921
4few_ligand,4358,88336
4few_ligand,4359,110102
4few_ligand,4360,88503.2
4few_ligand,4361,130843
4few_ligand,4362,62843.2
4few_ligand,4363,108709
4few_ligand,4364,177196
4few_ligand,4365,93658.2
4few_ligand,4366,122181
4few_ligand,4367,132085
4few_ligand,4368,62775.5
4few_ligand,4369,72951.8
4few_ligand,4370,93352.6
4few_ligand,4371,108336
4few_ligand,4372,98370.5
4few_ligand,4373,108255
4few_ligand,4374,123157
4few_ligand,4375,82050.3
4few_ligand,4376,104954
4few_ligand,4377,133386
4few_ligand,4378,78129.6
4few_ligand,4379,106154
4few_ligand,4380,136745
4few_ligand,4381,79771.9
4few_ligand,4382,105135
4few_ligand,4383,182597
4few_ligand,4384,111960
4few_ligand,4385,83869
4few_ligand,4386,81205.6
4few_ligand,4387,114390
4few_ligand,4388,77301.1
4few_ligand,4389,89329.9
4few_ligand,4390,123882
4few_ligand,4391,81941.3
4few_ligand,4392,84941.9
4few_ligand,4393,96658.7
4few_ligand,4394,89102.7
4few_ligand,4395,104578
4few_ligand,4396,100234
4few_ligand,4397,123375
4few_ligand,4398,70712.3
4few_ligand,4399,101833
4few_ligand,4400,99025.7
4few_ligand,4401,123075
4few_ligand,4402,74448
4few_ligand,4403,74491.8
4few_ligand,4404,105983
4few_ligand,4405,88593.6
4few_ligand,4406,107672
4few_ligand,4407,127697
4few_ligand,4408,91438.7
4few_ligand,4409,178759
4few_ligand,4410,131551
4few_ligand,4411,178547
4few_ligand,4412,124806
4few_ligand,4413,86000.4
4few_ligand,4414,83295.4
4few_ligand,4415,119844
4few_ligand,4416,84715
4few_ligand,4417,80929.3
4few_ligand,4418,74913.7
4few_ligand,4419,100056
4few_ligand,4420,121746
4few_ligand,4421,77666.4
4few_ligand,4422,66937.3
4few_ligand,4423,105641
4few_ligand,4424,92862.6
4few_ligand,4425,115738
4few_ligand,4426,75628
4few_ligand,4427,125465
4few_ligand,4428,64002.2
4few_ligand,4429,105464
4few_ligand,4430,89966.2
4few_ligand,4431,98894.2
4few_ligand,4432,79179.7
4few_ligand,4433,124218
4few_ligand,4434,78600.7
4few_ligand,4435,133406
4few_ligand,4436,140695
4few_ligand,4437,95053.8
4few_ligand,4438,128692
4few_ligand,4439,147358
4few_ligand,4440,176406
4few_ligand,4441,120954
4few_ligand,4442,161743
4few_ligand,4443,146046
4few_ligand,4444,235950
4few_ligand,4445,163819
4few_ligand,4446,231981
4few_ligand,4447,140833
4few_ligand,4448,142192
4few_ligand,4449,92678.9
4few_ligand,4450,107095
4few_ligand,4451,84108.5
4few_ligand,4452,74098.6
4few_ligand,4453,104403
4few_ligand,4454,98648.4
4few_ligand,4455,105280
4few_ligand,4456,100678
4few_ligand,4457,105934
4few_ligand,4458,95617.7
4few_ligand,4459,116529
4few_ligand,4460,90666.2
4few_ligand,4461,129448
4few_ligand,4462,85953.4
4few_ligand,4463,88225.6
4few_ligand,4464,80288.7
4few_ligand,4465,113170
4few_ligand,4466,85631.3
4few_ligand,4467,125837
4few_ligand,4468,88297.6
4few_ligand,4469,85635.1
4few_ligand,4470,140296
4few_ligand,4471,101199
4few_ligand,4472,129589
4few_ligand,4473,128928
4few_ligand,4474,73860.5
4few_ligand,4475,69460.3
4few_ligand,4476,104732
4few_ligand,4477,109083
4few_ligand,4478,136140
4few_ligand,4479,80918.6
4few_ligand,4480,87743.1
4few_ligand,4481,116489
4few_ligand,4482,70906.3
4few_ligand,4483,108014
4few_ligand,4484,95415.1
4few_ligand,4485,120310
4few_ligand,4486,176944
4few_ligand,4487,137985
4few_ligand,4488,173979
4few_ligand,4489,164845
4few_ligand,4490,157801
4few_ligand,4491,131654
4few_ligand,4492,141838
4few_ligand,4493,101057
4few_ligand,4494,140856
4few_ligand,4495,107744
4few_ligand,4496,89006.3
4few_ligand,4497,134969
4few_ligand,4498,72855.1
4few_ligand,4499,98295.9
4few_ligand,4500,115460
4few_ligand,4501,74972.4
4few_ligand,4502,92320.3
4few_ligand,4503,139156
4few_ligand,4504,66589.7
4few_ligand,4505,73519.7
4few_ligand,4506,139153
4few_ligand,4507,85912
4few_ligand,4508,109956
4few_ligand,4509,129947
4few_ligand,4510,86560.1
4few_ligand,4511,110734
4few_ligand,4512,82722
4few_ligand,4513,115663
4few_ligand,4514,88447.1
4few_ligand,4515,130791
4few_ligand,4516,73279.2
4few_ligand,4517,117020
4few_ligand,4518,84510.6
4few_ligand,4519,131029
4few_ligand,4520,97552.6
4few_ligand,4521,86640
4few_ligand,4522,124222
4few_ligand,4523,69196.3
4few_ligand,4524,118226
4few_ligand,4525,197326
4few_ligand,4526,128963
4few_ligand,4527,89383
4few_ligand,4528,82824
4few_ligand,4529,147931
4few_ligand,4530,99674.4
4few_ligand,4531,92787.6
4few_ligand,4532,78848.1
4few_ligand,4533,124192
4few_ligand,4534,84229.3
4few_ligand,4535,96416.7
4few_ligand,4536,67177.2
4few_ligand,4537,98549.4
4few_ligand,4538,128217
4few_ligand,4539,70617.5
4few_ligand,4540,110075
4few_ligand,4541,85620.4
4few_ligand,4542,92827.3
4few_ligand,4543,84971.4
4few_ligand,4544,101431
4few_ligand,4545,96053.4
4few_ligand,4546,104355
4few_ligand,4547,145045
4few_ligand,4548,146607
4few_ligand,4549,155217
4few_ligand,4550,105431
4few_ligand,4551,148162
4few_ligand,4552,114299
4few_ligand,4553,110872
4few_ligand,4554,74634.6
4few_ligand,4555,89970.3
4few_ligand,4556,127735
4few_ligand,4557,104924
4few_ligand,4558,97250.6
4few_ligand,4559,104536
4few_ligand,4560,89757.6
4few_ligand,4561,106818
4few_ligand,4562,120698
4few_ligand,4563,88872.4
4few_ligand,4564,102949
4few_ligand,4565,96528.8
4few_ligand,4566,125353
4few_ligand,4567,80633.1
4few_ligand,4568,69072.1
4few_ligand,4569,104983
4few_ligand,4570,89044
4few_ligand,4571,91610
4few_ligand,4572,133001
4few_ligand,4573,118700
4few_ligand,4574,138538
4few_ligand,4575,109459
4few_ligand,4576,108683
4few_ligand,4577,103947
4few_ligand,4578,91961.5
4few_ligand,4579,95786.6
4few_ligand,4580,122711
4few_ligand,4581,77194.4
4few_ligand,4582,102970
4few_ligand,4583,92161.3
4few_ligand,4584,126109
4few_ligand,4585,68401.7
4few_ligand,4586,115237
4few_ligand,4587,140836
4few_ligand,4588,94046.3
4few_ligand,4589,125093
4few_ligand,4590,121539
4few_ligand,4591,107487
4few_ligand,4592,71558.2
4few_ligand,4593,79019.2
4few_ligand,4594,115127
4few_ligand,4595,83896
4few_ligand,4596,92378.1
4few_ligand,4597,72277.8
4few_ligand,4598,140630
4few_ligand,4599,93316.5
4few_ligand,4600,80996.3
4few_ligand,4601,89076.7
4few_ligand,4602,116241
4few_ligand,4603,91961.8
4few_ligand,4604,90458.5
4few_ligand,4605,102043
4few_ligand,4606,105842
4few_ligand,4607,109289
4few_ligand,4608,98469.4
4few_ligand,4609,118242
4few_ligand,4610,88966.9
4few_ligand,4611,137910
4few_ligand,4612,70280.1
4few_ligand,4613,93797.4
4few_ligand,4614,142729
4few_ligand,4615,109545
4few_ligand,4616,110088
4few_ligand,4617,81299.4
4few_ligand,4618,101514
4few_ligand,4619,131141
4few_ligand,4620,71779.3
4few_ligand,4621,75578.9
4few_ligand,4622,124183
4few_ligand,4623,75885.7
4few_ligand,4624,120413
4few_ligand,4625,95408.4
4few_ligand,4626,88397.4
4few_ligand,4627,83952.7
4few_ligand,4628,116432
4few_ligand,4629,131145
4few_ligand,4630,89629.7
4few_ligand,4631,77847.8
4few_ligand,4632,110272
4few_ligand,4633,95545
4few_ligand,4634,112493
4few_ligand,4635,100313
4few_ligand,4636,127873
4few_ligand,4637,77821.7
4few_ligand,4638,93612.7
4few_ligand,4639,91748.7
4few_ligand,4640,75724.1
4few_ligand,4641,103440
4few_ligand,4642,113459
4few_ligand,4643,111942
4few_ligand,4644,102682
4few_ligand,4645,118522
4few_ligand,4646,81184.9
4few_ligand,4647,96289.8
4few_ligand,4648,84480.7
4few_ligand,4649,102675
4few_ligand,4650,98210.3
4few_ligand,4651,111416
4few_ligand,4652,99974.6
4few_ligand,4653,134227
4few_ligand,4654,74704.9
4few_ligand,4655,111007
4few_ligand,4656,94450.3
4few_ligand,4657,93614.8
4few_ligand,4658,194908
4few_ligand,4659,152509
4few_ligand,4660,172466
4few_ligand,4661,144990
4few_ligand,4662,145865
4few_ligand,4663,118597
4few_ligand,4664,133972
4few_ligand,4665,99104.5
4few_ligand,4666,104886
4few_ligand,4667,75815.7
4few_ligand,4668,83796.9
4few_ligand,4669,104149
4few_ligand,4670,71325.2
4few_ligand,4671,85730.8
4few_ligand,4672,105186
4few_ligand,4673,71419
4few_ligand,4674,68975.9
4few_ligand,4675,113522
4few_ligand,4676,101504
4few_ligand,4677,136367
4few_ligand,4678,74961
4few_ligand,4679,112323
4few_ligand,4680,78378.4
4few_ligand,4681,134611
4few_ligand,4682,65249.6
4few_ligand,4683,116229
4few_ligand,4684,85845.4
4few_ligand,4685,135156
4few_ligand,4686,70367.6
4few_ligand,4687,186117
4few_ligand,4688,155446
4few_ligand,4689,179822
4few_ligand,4690,141979
4few_ligand,4691,148537
4few_ligand,4692,123881
4few_ligand,4693,132917
4few_ligand,4694,103191
4few_ligand,4695,105899
4few_ligand,4696,73774.9
4few_ligand,4697,69801
4few_ligand,4698,96833.6
4few_ligand,4699,113404
4few_ligand,4700,127689
4few_ligand,4701,106876
4few_ligand,4702,117961
4few_ligand,4703,98583.1
4few_ligand,4704,67798.5
4few_ligand,4705,114487
4few_ligand,4706,95338.1
4few_ligand,4707,130830
4few_ligand,4708,76292.9
4few_ligand,4709,128696
4few_ligand,4710,81862.4
4few_ligand,4711,100487
4few_ligand,4712,85864.6
4few_ligand,4713,106375
4few_ligand,4714,129068
4few_ligand,4715,79351.4
4few_ligand,4716,64695.2
4few_ligand,4717,106129
4few_ligand,4718,159294
4few_ligand,4719,123506
4few_ligand,4720,100309
4few_ligand,4721,62625.9
4few_ligand,4722,95978.4
4few_ligand,4723,118700
4few_ligand,4724,76948.7
4few_ligand,4725,98746.1
4few_ligand,4726,128804
4few_ligand,4727,66597.9
4few_ligand,4728,83978.8
4few_ligand,4729,114825
4few_ligand,4730,65383.6
4few_ligand,4731,109355
4few_ligand,4732,102373
4few_ligand,4733,89251.1
4few_ligand,4734,128546
4few_ligand,4735,73148.9
4few_ligand,4736,123870
4few_ligand,4737,79553.5
4few_ligand,4738,92605.8
4few_ligand,4739,113257
4few_ligand,4740,88619.5
4few_ligand,4741,84652.6
4few_ligand,4742,88732.3
4few_ligand,4743,125004
4few_ligand,4744,116753
4few_ligand,4745,84440.6
4few_ligand,4746,119452
4few_ligand,4747,83427.3
4few_ligand,4748,80306.4
4few_ligand,4749,99420.1
4few_ligand,4750,90593.3
4few_ligand,4751,87503.7
4few_ligand,4752,94704.1
4few_ligand,4753,137949
4few_ligand,4754,110595
4few_ligand,4755,94454.4
4few_ligand,4756,103815
4few_ligand,4757,61847.9
4few_ligand,4758,110051
4few_ligand,4759,95556.6
4few_ligand,4760,95964.4
4few_ligand,4761,103213
4few_ligand,4762,115161
4few_ligand,4763,87155
4few_ligand,4764,110677
4few_ligand,4765,92540.7
4few_ligand,4766,74224.5
4few_ligand,4767,98977.5
4few_ligand,4768,91549.2
4few_ligand,4769,139030
4few_ligand,4770,111921
4few_ligand,4771,94306.6
4few_ligand,4772,121668
4few_ligand,4773,71338.6
4few_ligand,4774,102060
4few_ligand,4775,92054.9
4few_ligand,4776,122375
4few_ligand,4777,67985.9
4few_ligand,4778,99559.9
4few_ligand,4779,182251
4few_ligand,4780,124035
4few_ligand,4781,98019
4few_ligand,4782,64078.5
4few_ligand,4783,98846.6
4few_ligand,4784,91511.6
4few_ligand,4785,114466
4few_ligand,4786,69281.6
4few_ligand,4787,102799
4few_ligand,4788,122536
4few_ligand,4789,86108.8
4few_ligand,4790,89682.4
4few_ligand,4791,68014.9
4few_ligand,4792,75657
4few_ligand,4793,107716
4few_ligand,4794,85811.9
4few_ligand,4795,99619.8
4few_ligand,4796,95130.3
4few_ligand,4797,108119
4few_ligand,4798,78602.2
4few_ligand,4799,119082
4few_ligand,4800,170176
4few_ligand,4801,137857
4few_ligand,4802,197242
4few_ligand,4803,169796
4few_ligand,4804,186291
4few_ligand,4805,111024
4few_ligand,4806,109440
4few_ligand,4807,94975.3
4few_ligand,4808,85885.9
4few_ligand,4809,92329.1
4few_ligand,4810,101994
4few_ligand,4811,89698.5
4few_ligand,4812,99090
4few_ligand,4813,82950
4few_ligand,4814,99926.1
4few_ligand,4815,88615.2
4few_ligand,4816,101522
4few_ligand,4817,77840.1
4few_ligand,4818,102498
4few_ligand,4819,90464
4few_ligand,4820,121770
4few_ligand,4821,62966.5
4few_ligand,4822,128273
4few_ligand,4823,171032
4few_ligand,4824,97060.2
4few_ligand,4825,101361
4few_ligand,4826,114068
4few_ligand,4827,101534
4few_ligand,4828,90966.1
4few_ligand,4829,126513
4few_ligand,4830,98996.2
4few_ligand,4831,111704
4few_ligand,4832,81655.9
4few_ligand,4833,95068.2
4few_ligand,4834,71176
4few_ligand,4835,88984.1
4few_ligand,4836,126190
4few_ligand,4837,69340
4few_ligand,4838,94461.9
4few_ligand,4839,123272
4few_ligand,4840,84237.4
4few_ligand,4841,86965.8
4few_ligand,4842,80360.1
4few_ligand,4843,123995
4few_ligand,4844,77651.3
4few_ligand,4845,142468
4few_ligand,4846,119376
4few_ligand,4847,82516
4few_ligand,4848,121751
4few_ligand,4849,85674.9
4few_ligand,4850,120483
4few_ligand,4851,83028.7
4few_ligand,4852,113550
4few_ligand,4853,88744.1
4few_ligand,4854,130904
4few_ligand,4855,65983.1
4few_ligand,4856,109314
4few_ligand,4857,142312
4few_ligand,4858,98703.3
4few_ligand,4859,126960
4few_ligand,4860,96674.9
4few_ligand,4861,108224
4few_ligand,4862,126029
4few_ligand,4863,78746.6
4few_ligand,4864,70439.7
4few_ligand,4865,107108
4few_ligand,4866,90264.5
4few_ligand,4867,105098
4few_ligand,4868,91730.1
4few_ligand,4869,108238
4few_ligand,4870,84809.2
4few_ligand,4871,108637
4few_ligand,4872,80793.4
4few_ligand,4873,129795
4few_ligand,4874,70524.8
4few_ligand,4875,79699.3
4few_ligand,4876,134286
4few_ligand,4877,114086
4few_ligand,4878,136104
4few_ligand,4879,165858
4few_ligand,4880,203270
4few_ligand,4881,170299
4few_ligand,4882,147542
4few_ligand,4883,111438
4few_ligand,4884,117608
4few_ligand,4885,99049.1
4few_ligand,4886,82996.6
4few_ligand,4887,109103
4few_ligand,4888,88189.9
4few_ligand,4889,134326
4few_ligand,4890,85764.6
4few_ligand,4891,79858.8
4few_ligand,4892,85571.8
4few_ligand,4893,111556
4few_ligand,4894,72335
4few_ligand,4895,76280
4few_ligand,4896,109089
4few_ligand,4897,75753.1
4few_ligand,4898,106374
4few_ligand,4899,142580
4few_ligand,4900,94712.4
4few_ligand,4901,114406
4few_ligand,4902,98291.4
4few_ligand,4903,84274.5
4few_ligand,4904,101806
4few_ligand,4905,93740.2
4few_ligand,4906,104975
4few_ligand,4907,99773.2
4few_ligand,4908,111716
4few_ligand,4909,92992.6
4few_ligand,4910,127234
4few_ligand,4911,70815.9
4few_ligand,4912,113510
4few_ligand,4913,108899
4few_ligand,4914,82110.9
4few_ligand,4915,115080
4few_ligand,4916,89593
4few_ligand,4917,105250
4few_ligand,4918,98921.6
4few_ligand,4919,133825
4few_ligand,4920,70930.3
4few_ligand,4921,59931.6
4few_ligand,4922,88401.5
4few_ligand,4923,96734.9
4few_ligand,4924,137183
4few_ligand,4925,84870.6
4few_ligand,4926,101538
4few_ligand,4927,149477
4few_ligand,4928,107014
4few_ligand,4929,128991
4few_ligand,4930,96669.2
4few_ligand,4931,118541
4few_ligand,4932,96309.5
4few_ligand,4933,91104.9
4few_ligand,4934,117371
4few_ligand,4935,76315.8
4few_ligand,4936,109814
4few_ligand,4937,93054
4few_ligand,4938,144619
4few_ligand,4939,101587
4few_ligand,4940,138128
4few_ligand,4941,83519.9
4few_ligand,4942,127905
4few_ligand,4943,151173
4few_ligand,4944,79193.9
4few_ligand,4945,114967
4few_ligand,4946,119441
4few_ligand,4947,106403
4few_ligand,4948,103790
4few_ligand,4949,63874.9
4few_ligand,4950,103783
4few_ligand,4951,155953
4few_ligand,4952,123916
4few_ligand,4953,97516
4few_ligand,4954,99269.7
4few_ligand,4955,89115
4few_ligand,4956,123018
4few_ligand,4957,79990.4
4few_ligand,4958,76723
4few_ligand,4959,101182
4few_ligand,4960,94906.2
4few_ligand,4961,95937.8
4few_ligand,4962,111678
4few_ligand,4963,120936
4few_ligand,4964,75211
4few_ligand,4965,67490
4few_ligand,4966,104940
4few_ligand,4967,92360.7
4few_ligand,4968,117303
4few_ligand,4969,74740.8
4few_ligand,4970,116991
4few_ligand,4971,120917
4few_ligand,4972,131245
4few_ligand,4973,170969
4few_ligand,4974,160695
4few_ligand,4975,155487
4few_ligand,4976,96986.4
4few_ligand,4977,111167
4few_ligand,4978,81028.8
4few_ligand,4979,71934.2
4few_ligand,4980,98137.8
4few_ligand,4981,100273
4few_ligand,4982,109180
4few_ligand,4983,92573.4
4few_ligand,4984,101715
4few_ligand,4985,87651.9
4few_ligand,4986,113515
4few_ligand,4987,94598.4
4few_ligand,4988,73829.3
4few_ligand,4989,163064
4few_ligand,4990,122644
4few_ligand,4991,103065
4few_ligand,4992,63996.7
4few_ligand,4993,104965
4few_ligand,4994,118733
4few_ligand,4995,69061.4
4few_ligand,4996,114932
4few_ligand,4997,121386
4few_ligand,4998,73474.4
4few_ligand,4999,107338
