1mq6_ligand,274,100,100,200,5507400,0.377525,-8.766284,25.606865,17,56,0.800000,0.000001,0
1mq6_ligand,310,100,100,200,6231000,-0.314079,-8.766284,24.697279,17,56,0.800000,0.000001,10
1mq6_ligand,260,100,100,200,5226000,-1.469429,-8.766284,35.350224,17,56,0.800000,0.000001,11
1mq6_ligand,750,100,100,200,15075000,-4.512878,-8.766284,30.325691,17,56,0.800000,0.000001,12
1mq6_ligand,456,100,100,200,9165600,-4.111465,-8.766284,34.637127,17,56,0.800000,0.000001,13
1mq6_ligand,750,100,100,200,15075000,0.407299,-8.766284,27.009737,17,56,0.800000,0.000001,14
1mq6_ligand,728,100,100,200,14632800,-4.739606,-8.766284,38.676868,17,56,0.800000,0.000001,15
1mq6_ligand,98,100,100,200,1969800,1.070341,-8.766284,31.760935,17,56,0.800000,0.000001,16
1mq6_ligand,613,100,100,200,12321300,-2.893172,-8.766284,34.906647,17,56,0.800000,0.000001,17
1mq6_ligand,750,100,100,200,15075000,-1.227181,-8.766284,38.384655,17,56,0.800000,0.000001,18
1mq6_ligand,553,100,100,200,11115300,-2.162482,-8.766284,38.665562,17,56,0.800000,0.000001,19
1mq6_ligand,750,100,100,200,15075000,0.724779,-8.766284,35.139324,17,56,0.800000,0.000001,1
1mq6_ligand,246,100,100,200,4944600,-3.113979,-8.766284,34.136204,17,56,0.800000,0.000001,2
1mq6_ligand,188,100,100,200,3778800,-0.100871,-8.766284,21.675756,17,56,0.800000,0.000001,3
1mq6_ligand,304,100,100,200,6110400,-0.777440,-8.766284,34.075397,17,56,0.800000,0.000001,5
1mq6_ligand,162,100,100,200,3256200,-0.314932,-8.766284,31.245012,17,56,0.800000,0.000001,6
1mq6_ligand,116,100,100,200,2331600,0.225414,-8.766284,37.983986,17,56,0.800000,0.000001,7
1mq6_ligand,488,100,100,200,9808800,-0.999761,-8.766284,36.267437,17,56,0.800000,0.000001,8
1mq6_ligand,190,100,100,200,3819000,-1.289332,-8.766284,32.458626,17,56,0.800000,0.000001,9
1mq6_ligand,93,100,100,200,1869300,-2.256306,-8.766284,28.896944,17,56,0.800000,0.010000,0
1mq6_ligand,328,100,100,200,6592800,-4.563430,-8.766284,32.958775,17,56,0.800000,0.010000,10
1mq6_ligand,194,100,100,200,3899400,-4.900453,-8.766284,35.826389,17,56,0.800000,0.010000,11
1mq6_ligand,128,100,100,200,2572800,-5.827834,-8.766284,34.776207,17,56,0.800000,0.010000,12
1mq6_ligand,116,100,100,200,2331600,-2.788280,-8.766284,33.424873,17,56,0.800000,0.010000,13
1mq6_ligand,85,100,100,200,1708500,-4.324921,-8.766284,37.024307,17,56,0.800000,0.010000,14
1mq6_ligand,245,100,100,200,4924500,-5.013439,-8.766284,34.640247,17,56,0.800000,0.010000,15
1mq6_ligand,159,100,100,200,3195900,-4.581557,-8.766284,30.253342,17,56,0.800000,0.010000,16
1mq6_ligand,106,100,100,200,2130600,-3.039287,-8.766284,34.994083,17,56,0.800000,0.010000,17
1mq6_ligand,107,100,100,200,2150700,-3.702549,-8.766284,24.372459,17,56,0.800000,0.010000,18
1mq6_ligand,97,100,100,200,1949700,-4.077378,-8.766284,32.017273,17,56,0.800000,0.010000,19
1mq6_ligand,144,100,100,200,2894400,-3.240070,-8.766284,35.634674,17,56,0.800000,0.010000,1
1mq6_ligand,90,100,100,200,1809000,-1.587960,-8.766284,22.040775,17,56,0.800000,0.010000,2
1mq6_ligand,159,100,100,200,3195900,-1.936175,-8.766284,32.792614,17,56,0.800000,0.010000,3
1mq6_ligand,168,100,100,200,3376800,-2.966725,-8.766284,22.734035,17,56,0.800000,0.010000,4
1mq6_ligand,116,100,100,200,2331600,-4.441462,-8.766284,31.141361,17,56,0.800000,0.010000,5
1mq6_ligand,147,100,100,200,2954700,-4.281700,-8.766284,34.581501,17,56,0.800000,0.010000,6
1mq6_ligand,94,100,100,200,1889400,-2.271090,-8.766284,23.584129,17,56,0.800000,0.010000,7
1mq6_ligand,133,100,100,200,2673300,-3.840184,-8.766284,35.493996,17,56,0.800000,0.010000,8
1mq6_ligand,192,100,100,200,3859200,-3.796925,-8.766284,34.669029,17,56,0.800000,0.010000,9
1mq6_ligand,293,100,100,200,5889300,-1.490849,-8.766284,27.792881,17,56,0.900000,0.000001,0
1mq6_ligand,262,100,100,200,5266200,-0.300032,-8.766284,24.646978,17,56,0.900000,0.000001,10
1mq6_ligand,750,100,100,200,15075000,-4.743898,-8.766284,30.123728,17,56,0.900000,0.000001,12
1mq6_ligand,524,100,100,200,10532400,-3.345082,-8.766284,35.660870,17,56,0.900000,0.000001,13
1mq6_ligand,750,100,100,200,15075000,0.507648,-8.766284,32.775871,17,56,0.900000,0.000001,14
1mq6_ligand,78,100,100,200,1567800,-1.388839,-8.766284,39.074993,17,56,0.900000,0.000001,15
1mq6_ligand,64,100,100,200,1286400,2.607622,-8.766284,27.146433,17,56,0.900000,0.000001,16
1mq6_ligand,130,100,100,200,2613000,0.469074,-8.766284,35.868481,17,56,0.900000,0.000001,17
1mq6_ligand,724,100,100,200,14552400,-1.226850,-8.766284,38.385265,17,56,0.900000,0.000001,18
1mq6_ligand,382,100,100,200,7678200,-2.456703,-8.766284,35.609921,17,56,0.900000,0.000001,19
1mq6_ligand,144,100,100,200,2894400,0.847494,-8.766284,35.199932,17,56,0.900000,0.000001,1
1mq6_ligand,438,100,100,200,8803800,-3.306882,-8.766284,34.168053,17,56,0.900000,0.000001,2
1mq6_ligand,168,100,100,200,3376800,-0.178192,-8.766284,21.537739,17,56,0.900000,0.000001,3
1mq6_ligand,328,100,100,200,6592800,0.479068,-8.766284,25.169903,17,56,0.900000,0.000001,4
1mq6_ligand,568,100,100,200,11416800,-2.016862,-8.766284,33.743103,17,56,0.900000,0.000001,5
1mq6_ligand,150,100,100,200,3015000,1.582844,-8.766284,30.159018,17,56,0.900000,0.000001,6
1mq6_ligand,382,100,100,200,7678200,0.050975,-8.766284,38.353325,17,56,0.900000,0.000001,7
1mq6_ligand,290,100,100,200,5829000,-1.578670,-8.766284,37.593090,17,56,0.900000,0.000001,8
1mq6_ligand,266,100,100,200,5346600,-1.657509,-8.766284,35.488461,17,56,0.900000,0.000001,9
1mq6_ligand,192,100,100,200,3859200,-0.305474,-8.766284,23.422607,17,56,0.900000,0.010000,0
1mq6_ligand,78,100,100,200,1567800,-1.656158,-8.766284,23.655691,17,56,0.900000,0.010000,10
1mq6_ligand,258,100,100,200,5185800,-3.415171,-8.766284,32.393944,17,56,0.900000,0.010000,11
1mq6_ligand,89,100,100,200,1788900,-4.132263,-8.766284,32.966103,17,56,0.900000,0.010000,12
1mq6_ligand,80,100,100,200,1608000,-2.398884,-8.766284,32.664925,17,56,0.900000,0.010000,13
1mq6_ligand,177,100,100,200,3557700,-1.293315,-8.766284,35.247910,17,56,0.900000,0.010000,14
1mq6_ligand,102,100,100,200,2050200,-2.699202,-8.766284,35.033924,17,56,0.900000,0.010000,15
1mq6_ligand,86,100,100,200,1728600,-0.514019,-8.766284,31.126287,17,56,0.900000,0.010000,16
1mq6_ligand,68,100,100,200,1366800,-4.496786,-8.766284,38.219013,17,56,0.900000,0.010000,17
1mq6_ligand,230,100,100,200,4623000,-2.399194,-8.766284,34.399952,17,56,0.900000,0.010000,18
1mq6_ligand,209,100,100,200,4200900,-2.094280,-8.766284,36.930859,17,56,0.900000,0.010000,19
1mq6_ligand,120,100,100,200,2412000,-2.041440,-8.766284,28.894434,17,56,0.900000,0.010000,1
1mq6_ligand,102,100,100,200,2050200,-1.487282,-8.766284,38.822758,17,56,0.900000,0.010000,2
1mq6_ligand,110,100,100,200,2211000,-2.672057,-8.766284,25.563148,17,56,0.900000,0.010000,3
1mq6_ligand,144,100,100,200,2894400,-3.082920,-8.766284,29.607658,17,56,0.900000,0.010000,4
1mq6_ligand,106,100,100,200,2130600,-3.045249,-8.766284,39.205051,17,56,0.900000,0.010000,5
1mq6_ligand,64,100,100,200,1286400,-3.179141,-8.766284,23.043867,17,56,0.900000,0.010000,6
1mq6_ligand,194,100,100,200,3899400,-3.339641,-8.766284,38.375057,17,56,0.900000,0.010000,7
1mq6_ligand,90,100,100,200,1809000,-1.833050,-8.766284,35.106823,17,56,0.900000,0.010000,8
1mq6_ligand,212,100,100,200,4261200,-3.386719,-8.766284,38.484943,17,56,0.900000,0.010000,9
1mq6_ligand,592,100,100,200,11899200,-2.533188,-8.766284,24.342524,17,56,0.950000,0.000001,0
1mq6_ligand,164,100,100,200,3296400,0.460732,-8.766284,25.181671,17,56,0.950000,0.000001,10
1mq6_ligand,282,100,100,200,5668200,-1.764287,-8.766284,36.072800,17,56,0.950000,0.000001,11
1mq6_ligand,598,100,100,200,12019800,-3.241863,-8.766284,31.448757,17,56,0.950000,0.000001,12
1mq6_ligand,362,100,100,200,7276200,-3.284204,-8.766284,35.568466,17,56,0.950000,0.000001,13
1mq6_ligand,750,100,100,200,15075000,-0.892629,-8.766284,32.060101,17,56,0.950000,0.000001,14
1mq6_ligand,184,100,100,200,3698400,-3.711813,-8.766284,38.281563,17,56,0.950000,0.000001,15
1mq6_ligand,58,100,100,200,1165800,1.867118,-8.766284,25.538460,17,56,0.950000,0.000001,16
1mq6_ligand,498,100,100,200,10009800,-0.627344,-8.766284,33.718342,17,56,0.950000,0.000001,17
1mq6_ligand,750,100,100,200,15075000,-0.073934,-8.766284,34.570488,17,56,0.950000,0.000001,18
1mq6_ligand,226,100,100,200,4542600,-1.434881,-8.766284,35.749397,17,56,0.950000,0.000001,19
1mq6_ligand,118,100,100,200,2371800,-0.355637,-8.766284,38.663425,17,56,0.950000,0.000001,1
1mq6_ligand,86,100,100,200,1728600,-1.098606,-8.766284,20.100227,17,56,0.950000,0.000001,2
1mq6_ligand,436,100,100,200,8763600,-0.107542,-8.766284,21.664156,17,56,0.950000,0.000001,3
1mq6_ligand,178,100,100,200,3577800,0.586445,-8.766284,25.040405,17,56,0.950000,0.000001,4
1mq6_ligand,216,100,100,200,4341600,-0.659836,-8.766284,37.612255,17,56,0.950000,0.000001,6
1mq6_ligand,316,100,100,200,6351600,0.053306,-8.766284,38.565643,17,56,0.950000,0.000001,7
1mq6_ligand,188,100,100,200,3778800,-1.577455,-8.766284,37.574501,17,56,0.950000,0.000001,8
1mq6_ligand,346,100,100,200,6954600,-1.971646,-8.766284,37.700230,17,56,0.950000,0.000001,9
1mq6_ligand,92,100,100,200,1849200,-1.443727,-8.766284,33.247540,17,56,0.950000,0.010000,0
1mq6_ligand,190,100,100,200,3819000,-3.588551,-8.766284,19.159817,17,56,0.950000,0.010000,10
1mq6_ligand,192,100,100,200,3859200,-3.310769,-8.766284,29.571798,17,56,0.950000,0.010000,12
1mq6_ligand,394,100,100,200,7919400,-2.571266,-8.766284,32.626469,17,56,0.950000,0.010000,13
1mq6_ligand,172,100,100,200,3457200,-1.480163,-8.766284,29.949282,17,56,0.950000,0.010000,14
1mq6_ligand,219,100,100,200,4401900,-3.975937,-8.766284,34.620533,17,56,0.950000,0.010000,15
1mq6_ligand,196,100,100,200,3939600,-4.743306,-8.766284,30.258831,17,56,0.950000,0.010000,16
1mq6_ligand,132,100,100,200,2653200,-0.493333,-8.766284,22.123079,17,56,0.950000,0.010000,17
1mq6_ligand,92,100,100,200,1849200,-1.357203,-8.766284,35.351170,17,56,0.950000,0.010000,18
1mq6_ligand,60,100,100,200,1206000,-1.471662,-8.766284,36.518002,17,56,0.950000,0.010000,19
1mq6_ligand,136,100,100,200,2733600,-4.625062,-8.766284,37.709827,17,56,0.950000,0.010000,1
1mq6_ligand,226,100,100,200,4542600,-4.074544,-8.766284,36.474655,17,56,0.950000,0.010000,2
1mq6_ligand,164,100,100,200,3296400,-2.241448,-8.766284,24.394241,17,56,0.950000,0.010000,3
1mq6_ligand,198,100,100,200,3979800,-4.707472,-8.766284,38.417995,17,56,0.950000,0.010000,4
1mq6_ligand,174,100,100,200,3497400,-2.293771,-8.766284,32.966568,17,56,0.950000,0.010000,5
1mq6_ligand,190,100,100,200,3819000,-3.537696,-8.766284,38.894115,17,56,0.950000,0.010000,6
1mq6_ligand,126,100,100,200,2532600,-2.216535,-8.766284,35.476028,17,56,0.950000,0.010000,7
1mq6_ligand,140,100,100,200,2814000,-1.795517,-8.766284,34.633327,17,56,0.950000,0.010000,8
1mq6_ligand,111,100,100,200,2231100,-0.512909,-8.766284,38.501915,17,56,0.950000,0.010000,9
1z95_ligand,458,100,100,200,9205800,-0.853714,-4.041984,22.818283,9,43,0.800000,0.000001,0
1z95_ligand,750,100,100,200,15075000,21.238342,-4.041984,12.867396,9,43,0.800000,0.000001,10
1z95_ligand,750,100,100,200,15075000,38.138660,-4.041984,4.515416,9,43,0.800000,0.000001,11
1z95_ligand,750,100,100,200,15075000,-2.284924,-4.041984,18.486574,9,43,0.800000,0.000001,12
1z95_ligand,750,100,100,200,15075000,1.733971,-4.041984,16.851528,9,43,0.800000,0.000001,13
1z95_ligand,22,100,100,200,442200,-3.057603,-4.041984,18.020288,9,43,0.800000,0.000001,14
1z95_ligand,225,100,100,200,4522500,-1.976362,-4.041984,20.005466,9,43,0.800000,0.000001,15
1z95_ligand,750,100,100,200,15075000,2.503116,-4.041984,7.107177,9,43,0.800000,0.000001,16
1z95_ligand,750,100,100,200,15075000,-0.658316,-4.041984,19.444530,9,43,0.800000,0.000001,17
1z95_ligand,203,100,100,200,4080300,-0.556176,-4.041984,20.343975,9,43,0.800000,0.000001,18
1z95_ligand,727,100,100,200,14612700,186.375412,-4.041984,9.603764,9,43,0.800000,0.000001,19
1z95_ligand,750,100,100,200,15075000,1.224772,-4.041984,14.229949,9,43,0.800000,0.000001,1
1z95_ligand,750,100,100,200,15075000,171.454224,-4.041984,12.325294,9,43,0.800000,0.000001,2
1z95_ligand,547,100,100,200,10994700,-1.765565,-4.041984,22.889719,9,43,0.800000,0.000001,3
1z95_ligand,750,100,100,200,15075000,-0.209999,-4.041984,28.305738,9,43,0.800000,0.000001,4
1z95_ligand,750,100,100,200,15075000,90.466301,-4.041984,8.680893,9,43,0.800000,0.000001,5
1z95_ligand,161,100,100,200,3236100,-3.010158,-4.041984,18.014977,9,43,0.800000,0.000001,6
1z95_ligand,477,100,100,200,9587700,-2.071064,-4.041984,20.015381,9,43,0.800000,0.000001,7
1z95_ligand,146,100,100,200,2934600,-0.387059,-4.041984,20.964088,9,43,0.800000,0.000001,8
1z95_ligand,301,100,100,200,6050100,-1.294131,-4.041984,19.486589,9,43,0.800000,0.000001,9
1z95_ligand,135,100,100,200,2713500,-1.233300,-4.041984,23.005383,9,43,0.800000,0.010000,0
1z95_ligand,95,100,100,200,1909500,-2.239864,-4.041984,21.700315,9,43,0.800000,0.010000,10
1z95_ligand,113,100,100,200,2271300,-2.411969,-4.041984,21.963131,9,43,0.800000,0.010000,11
1z95_ligand,87,100,100,200,1748700,-2.197031,-4.041984,19.986797,9,43,0.800000,0.010000,12
1z95_ligand,145,100,100,200,2914500,-1.809039,-4.041984,19.348602,9,43,0.800000,0.010000,13
1z95_ligand,233,100,100,200,4683300,-2.385012,-4.041984,22.135460,9,43,0.800000,0.010000,14
1z95_ligand,105,100,100,200,2110500,-2.027677,-4.041984,20.275633,9,43,0.800000,0.010000,15
1z95_ligand,81,100,100,200,1628100,-1.646042,-4.041984,18.711363,9,43,0.800000,0.010000,16
1z95_ligand,127,100,100,200,2552700,-2.689025,-4.041984,20.070467,9,43,0.800000,0.010000,17
1z95_ligand,151,100,100,200,3035100,-2.150298,-4.041984,20.354202,9,43,0.800000,0.010000,18
1z95_ligand,111,100,100,200,2231100,-1.927196,-4.041984,21.349136,9,43,0.800000,0.010000,19
1z95_ligand,85,100,100,200,1708500,-2.115710,-4.041984,20.426668,9,43,0.800000,0.010000,1
1z95_ligand,139,100,100,200,2793900,-2.812849,-4.041984,20.378069,9,43,0.800000,0.010000,2
1z95_ligand,91,100,100,200,1829100,-2.376576,-4.041984,21.230898,9,43,0.800000,0.010000,3
1z95_ligand,88,100,100,200,1768800,-3.192367,-4.041984,21.555145,9,43,0.800000,0.010000,4
1z95_ligand,79,100,100,200,1587900,-1.408929,-4.041984,21.398619,9,43,0.800000,0.010000,5
1z95_ligand,117,100,100,200,2351700,-0.891967,-4.041984,20.583227,9,43,0.800000,0.010000,6
1z95_ligand,19,100,100,200,381900,-3.056559,-4.041984,18.396593,9,43,0.800000,0.010000,7
1z95_ligand,127,100,100,200,2552700,-2.842862,-4.041984,19.661549,9,43,0.800000,0.010000,8
1z95_ligand,107,100,100,200,2150700,-1.898396,-4.041984,23.426672,9,43,0.800000,0.010000,9
1z95_ligand,404,100,100,200,8120400,-1.052484,-4.041984,21.968056,9,43,0.900000,0.000001,0
1z95_ligand,750,100,100,200,15075000,21.079517,-4.041984,12.867963,9,43,0.900000,0.000001,10
1z95_ligand,622,100,100,200,12502200,21.549902,-4.041984,4.988614,9,43,0.900000,0.000001,11
1z95_ligand,445,100,100,200,8944500,-1.649471,-4.041984,19.579126,9,43,0.900000,0.000001,12
1z95_ligand,750,100,100,200,15075000,0.191086,-4.041984,17.176659,9,43,0.900000,0.000001,13
1z95_ligand,750,100,100,200,15075000,-2.363109,-4.041984,22.284721,9,43,0.900000,0.000001,14
1z95_ligand,282,100,100,200,5668200,-2.064245,-4.041984,20.076107,9,43,0.900000,0.000001,15
1z95_ligand,687,100,100,200,13808700,229.789276,-4.041984,9.148438,9,43,0.900000,0.000001,16
1z95_ligand,431,100,100,200,8663100,-0.259360,-4.041984,18.691357,9,43,0.900000,0.000001,17
1z95_ligand,249,100,100,200,5004900,-1.369729,-4.041984,20.406027,9,43,0.900000,0.000001,18
1z95_ligand,750,100,100,200,15075000,186.699921,-4.041984,9.596087,9,43,0.900000,0.000001,19
1z95_ligand,239,100,100,200,4803900,1.169819,-4.041984,14.572746,9,43,0.900000,0.000001,1
1z95_ligand,685,100,100,200,13768500,1.869312,-4.041984,13.662277,9,43,0.900000,0.000001,2
1z95_ligand,389,100,100,200,7818900,-0.025839,-4.041984,22.232336,9,43,0.900000,0.000001,3
1z95_ligand,362,100,100,200,7276200,-0.244809,-4.041984,28.682817,9,43,0.900000,0.000001,4
1z95_ligand,750,100,100,200,15075000,151.159607,-4.041984,20.708565,9,43,0.900000,0.000001,5
1z95_ligand,177,100,100,200,3557700,-3.024530,-4.041984,18.042309,9,43,0.900000,0.000001,6
1z95_ligand,407,100,100,200,8180700,-2.071389,-4.041984,20.019934,9,43,0.900000,0.000001,7
1z95_ligand,187,100,100,200,3758700,-0.267247,-4.041984,22.768024,9,43,0.900000,0.000001,8
1z95_ligand,624,100,100,200,12542400,-1.353714,-4.041984,19.725285,9,43,0.900000,0.000001,9
1z95_ligand,196,100,100,200,3939600,-1.649847,-4.041984,21.841522,9,43,0.900000,0.010000,0
1z95_ligand,91,100,100,200,1829100,-1.646293,-4.041984,19.960215,9,43,0.900000,0.010000,10
1z95_ligand,154,100,100,200,3095400,-2.201337,-4.041984,20.893190,9,43,0.900000,0.010000,11
1z95_ligand,281,100,100,200,5648100,-2.067230,-4.041984,18.201832,9,43,0.900000,0.010000,12
1z95_ligand,123,100,100,200,2472300,-1.920514,-4.041984,21.169565,9,43,0.900000,0.010000,13
1z95_ligand,171,100,100,200,3437100,-2.521931,-4.041984,23.962406,9,43,0.900000,0.010000,14
1z95_ligand,105,100,100,200,2110500,-2.042735,-4.041984,20.264275,9,43,0.900000,0.010000,15
1z95_ligand,12,100,100,200,241200,-3.554316,-4.041984,18.165289,9,43,0.900000,0.010000,16
1z95_ligand,147,100,100,200,2954700,-2.722893,-4.041984,20.072435,9,43,0.900000,0.010000,17
1z95_ligand,119,100,100,200,2391900,-2.804870,-4.041984,22.433334,9,43,0.900000,0.010000,18
1z95_ligand,124,100,100,200,2492400,-1.931970,-4.041984,21.360752,9,43,0.900000,0.010000,19
1z95_ligand,221,100,100,200,4442100,-2.156132,-4.041984,20.409864,9,43,0.900000,0.010000,1
1z95_ligand,253,100,100,200,5085300,-2.748081,-4.041984,23.748064,9,43,0.900000,0.010000,2
1z95_ligand,115,100,100,200,2311500,-2.369931,-4.041984,21.394058,9,43,0.900000,0.010000,3
1z95_ligand,125,100,100,200,2512500,-1.455261,-4.041984,19.687014,9,43,0.900000,0.010000,4
1z95_ligand,161,100,100,200,3236100,-0.603424,-4.041984,22.276897,9,43,0.900000,0.010000,5
1z95_ligand,12,100,100,200,241200,-3.165720,-4.041984,17.940912,9,43,0.900000,0.010000,6
1z95_ligand,177,100,100,200,3557700,-2.259581,-4.041984,22.516674,9,43,0.900000,0.010000,7
1z95_ligand,12,100,100,200,241200,-3.082528,-4.041984,20.107204,9,43,0.900000,0.010000,8
1z95_ligand,111,100,100,200,2231100,-2.006884,-4.041984,21.469440,9,43,0.900000,0.010000,9
1z95_ligand,160,100,100,200,3216000,-0.051957,-4.041984,27.868677,9,43,0.950000,0.000001,0
1z95_ligand,750,100,100,200,15075000,20.910208,-4.041984,12.877558,9,43,0.950000,0.000001,10
1z95_ligand,685,100,100,200,13768500,21.700113,-4.041984,5.269265,9,43,0.950000,0.000001,11
1z95_ligand,444,100,100,200,8924400,-0.650458,-4.041984,15.936927,9,43,0.950000,0.000001,12
1z95_ligand,382,100,100,200,7678200,-2.400438,-4.041984,18.039968,9,43,0.950000,0.000001,13
1z95_ligand,750,100,100,200,15075000,-1.116635,-4.041984,21.503073,9,43,0.950000,0.000001,14
1z95_ligand,150,100,100,200,3015000,-2.826397,-4.041984,20.204130,9,43,0.950000,0.000001,15
1z95_ligand,443,100,100,200,8904300,231.177460,-4.041984,9.094499,9,43,0.950000,0.000001,16
1z95_ligand,750,100,100,200,15075000,-0.918315,-4.041984,18.674004,9,43,0.950000,0.000001,17
1z95_ligand,129,100,100,200,2592900,-0.915962,-4.041984,21.026194,9,43,0.950000,0.000001,18
1z95_ligand,664,100,100,200,13346400,186.825424,-4.041984,9.598122,9,43,0.950000,0.000001,19
1z95_ligand,300,100,100,200,6030000,1.183364,-4.041984,14.657816,9,43,0.950000,0.000001,1
1z95_ligand,110,100,100,200,2211000,193.603088,-4.041984,12.269708,9,43,0.950000,0.000001,2
1z95_ligand,234,100,100,200,4703400,-1.039105,-4.041984,22.964481,9,43,0.950000,0.000001,3
1z95_ligand,574,100,100,200,11537400,-0.035107,-4.041984,27.959476,9,43,0.950000,0.000001,4
1z95_ligand,750,100,100,200,15075000,18.229935,-4.041984,8.405874,9,43,0.950000,0.000001,5
1z95_ligand,252,100,100,200,5065200,-1.875724,-4.041984,18.872074,9,43,0.950000,0.000001,6
1z95_ligand,406,100,100,200,8160600,-2.068297,-4.041984,20.025593,9,43,0.950000,0.000001,7
1z95_ligand,188,100,100,200,3778800,-1.447141,-4.041984,20.229666,9,43,0.950000,0.000001,8
1z95_ligand,278,100,100,200,5587800,-1.335263,-4.041984,19.494921,9,43,0.950000,0.000001,9
1z95_ligand,146,100,100,200,2934600,-0.793974,-4.041984,21.186443,9,43,0.950000,0.010000,0
1z95_ligand,123,100,100,200,2472300,-0.456660,-4.041984,17.906380,9,43,0.950000,0.010000,10
1z95_ligand,127,100,100,200,2552700,-0.709993,-4.041984,23.645174,9,43,0.950000,0.010000,11
1z95_ligand,157,100,100,200,3155700,-2.029904,-4.041984,18.171488,9,43,0.950000,0.010000,12
1z95_ligand,202,100,100,200,4060200,-1.925855,-4.041984,18.231070,9,43,0.950000,0.010000,13
1z95_ligand,103,100,100,200,2070300,-2.112931,-4.041984,24.887550,9,43,0.950000,0.010000,14
1z95_ligand,151,100,100,200,3035100,-2.245756,-4.041984,22.046127,9,43,0.950000,0.010000,15
1z95_ligand,78,100,100,200,1567800,-2.428902,-4.041984,15.849928,9,43,0.950000,0.010000,16
1z95_ligand,83,100,100,200,1668300,-0.347431,-4.041984,22.563013,9,43,0.950000,0.010000,17
1z95_ligand,122,100,100,200,2452200,-0.916236,-4.041984,21.027727,9,43,0.950000,0.010000,18
1z95_ligand,154,100,100,200,3095400,-0.943438,-4.041984,23.682268,9,43,0.950000,0.010000,19
1z95_ligand,94,100,100,200,1889400,-1.506976,-4.041984,21.726250,9,43,0.950000,0.010000,1
1z95_ligand,146,100,100,200,2934600,-1.586160,-4.041984,21.066528,9,43,0.950000,0.010000,2
1z95_ligand,117,100,100,200,2351700,-2.253967,-4.041984,21.317450,9,43,0.950000,0.010000,3
1z95_ligand,195,100,100,200,3919500,-2.660112,-4.041984,26.930092,9,43,0.950000,0.010000,4
1z95_ligand,82,100,100,200,1648200,-2.381116,-4.041984,20.221634,9,43,0.950000,0.010000,5
1z95_ligand,32,100,100,200,643200,-3.044755,-4.041984,18.006336,9,43,0.950000,0.010000,6
1z95_ligand,202,100,100,200,4060200,-2.278625,-4.041984,22.518978,9,43,0.950000,0.010000,7
1z95_ligand,424,100,100,200,8522400,-2.175475,-4.041984,20.196827,9,43,0.950000,0.010000,8
1z95_ligand,98,100,100,200,1969800,-1.885996,-4.041984,23.391178,9,43,0.950000,0.010000,9
2cet_ligand,101,100,100,200,2030100,1.580061,-0.100647,11.815045,16,42,0.800000,0.000001,0
2cet_ligand,8,100,100,200,160800,0.827565,-0.100647,8.486024,16,42,0.800000,0.000001,10
2cet_ligand,22,100,100,200,442200,0.854538,-0.100647,8.647314,16,42,0.800000,0.000001,11
2cet_ligand,14,100,100,200,281400,0.894759,-0.100647,12.329983,16,42,0.800000,0.000001,12
2cet_ligand,30,100,100,200,603000,0.874192,-0.100647,16.358152,16,42,0.800000,0.000001,13
2cet_ligand,159,100,100,200,3195900,0.948434,-0.100647,11.674392,16,42,0.800000,0.000001,14
2cet_ligand,8,100,100,200,160800,0.863637,-0.100647,12.264392,16,42,0.800000,0.000001,15
2cet_ligand,42,100,100,200,844200,0.818918,-0.100647,5.857115,16,42,0.800000,0.000001,16
2cet_ligand,189,100,100,200,3798900,1.385297,-0.100647,14.863525,16,42,0.800000,0.000001,17
2cet_ligand,213,100,100,200,4281300,1.122358,-0.100647,16.125513,16,42,0.800000,0.000001,18
2cet_ligand,12,100,100,200,241200,0.646009,-0.100647,7.770125,16,42,0.800000,0.000001,19
2cet_ligand,138,100,100,200,2773800,1.213934,-0.100647,8.638111,16,42,0.800000,0.000001,1
2cet_ligand,16,100,100,200,321600,0.766944,-0.100647,6.739750,16,42,0.800000,0.000001,2
2cet_ligand,12,100,100,200,241200,0.870685,-0.100647,11.133579,16,42,0.800000,0.000001,3
2cet_ligand,32,100,100,200,643200,0.896196,-0.100647,8.982800,16,42,0.800000,0.000001,4
2cet_ligand,10,100,100,200,201000,0.735882,-0.100647,7.073541,16,42,0.800000,0.000001,5
2cet_ligand,52,100,100,200,1045200,0.899340,-0.100647,12.138916,16,42,0.800000,0.000001,6
2cet_ligand,12,100,100,200,241200,0.882734,-0.100647,9.106963,16,42,0.800000,0.000001,7
2cet_ligand,10,100,100,200,201000,0.768105,-0.100647,9.294542,16,42,0.800000,0.000001,8
2cet_ligand,10,100,100,200,201000,0.778145,-0.100647,12.648499,16,42,0.800000,0.000001,9
2cet_ligand,2,100,100,200,40200,-0.116966,-0.100647,4.686884,16,42,0.800000,0.010000,0
2cet_ligand,3,100,100,200,60300,0.888617,-0.100647,11.304193,16,42,0.800000,0.010000,10
2cet_ligand,2,100,100,200,40200,0.528903,-0.100647,2.204373,16,42,0.800000,0.010000,11
2cet_ligand,2,100,100,200,40200,0.151601,-0.100647,7.545698,16,42,0.800000,0.010000,12
2cet_ligand,6,100,100,200,120600,0.636076,-0.100647,13.402190,16,42,0.800000,0.010000,13
2cet_ligand,4,100,100,200,80400,0.466492,-0.100647,7.491506,16,42,0.800000,0.010000,14
2cet_ligand,2,100,100,200,40200,0.505145,-0.100647,7.014563,16,42,0.800000,0.010000,15
2cet_ligand,2,100,100,200,40200,0.617050,-0.100647,7.732172,16,42,0.800000,0.010000,16
2cet_ligand,2,100,100,200,40200,0.420315,-0.100647,10.579797,16,42,0.800000,0.010000,17
2cet_ligand,2,100,100,200,40200,0.790015,-0.100647,8.170736,16,42,0.800000,0.010000,18
2cet_ligand,4,100,100,200,80400,-0.000082,-0.100647,7.842578,16,42,0.800000,0.010000,19
2cet_ligand,2,100,100,200,40200,0.708415,-0.100647,7.447428,16,42,0.800000,0.010000,1
2cet_ligand,2,100,100,200,40200,0.772705,-0.100647,6.715393,16,42,0.800000,0.010000,2
2cet_ligand,2,100,100,200,40200,-0.098396,-0.100647,8.415407,16,42,0.800000,0.010000,3
2cet_ligand,4,100,100,200,80400,0.235427,-0.100647,20.788013,16,42,0.800000,0.010000,4
2cet_ligand,2,100,100,200,40200,0.499407,-0.100647,7.233591,16,42,0.800000,0.010000,5
2cet_ligand,4,100,100,200,80400,-0.264554,-0.100647,7.085883,16,42,0.800000,0.010000,6
2cet_ligand,4,100,100,200,80400,0.340752,-0.100647,8.710711,16,42,0.800000,0.010000,7
2cet_ligand,2,100,100,200,40200,0.652100,-0.100647,9.275104,16,42,0.800000,0.010000,8
2cet_ligand,4,100,100,200,80400,-0.629689,-0.100647,7.023646,16,42,0.800000,0.010000,9
2cet_ligand,118,100,100,200,2371800,1.604038,-0.100647,11.467615,16,42,0.900000,0.000001,0
2cet_ligand,18,100,100,200,361800,0.837618,-0.100647,7.928303,16,42,0.900000,0.000001,10
2cet_ligand,18,100,100,200,361800,0.810992,-0.100647,8.371122,16,42,0.900000,0.000001,11
2cet_ligand,17,100,100,200,341700,0.855645,-0.100647,12.264506,16,42,0.900000,0.000001,12
2cet_ligand,32,100,100,200,643200,0.882896,-0.100647,16.277163,16,42,0.900000,0.000001,13
2cet_ligand,20,100,100,200,402000,0.791198,-0.100647,12.191356,16,42,0.900000,0.000001,14
2cet_ligand,16,100,100,200,321600,0.896789,-0.100647,11.824261,16,42,0.900000,0.000001,15
2cet_ligand,20,100,100,200,402000,0.796340,-0.100647,6.112779,16,42,0.900000,0.000001,16
2cet_ligand,212,100,100,200,4261200,0.899291,-0.100647,14.577520,16,42,0.900000,0.000001,17
2cet_ligand,36,100,100,200,723600,0.892902,-0.100647,16.448418,16,42,0.900000,0.000001,18
2cet_ligand,12,100,100,200,241200,0.668600,-0.100647,7.772779,16,42,0.900000,0.000001,19
2cet_ligand,168,100,100,200,3376800,1.231716,-0.100647,8.627034,16,42,0.900000,0.000001,1
2cet_ligand,12,100,100,200,241200,0.749742,-0.100647,7.187288,16,42,0.900000,0.000001,2
2cet_ligand,44,100,100,200,884400,0.731534,-0.100647,11.385886,16,42,0.900000,0.000001,3
2cet_ligand,16,100,100,200,321600,0.812167,-0.100647,8.414679,16,42,0.900000,0.000001,4
2cet_ligand,12,100,100,200,241200,0.720204,-0.100647,7.049071,16,42,0.900000,0.000001,5
2cet_ligand,102,100,100,200,2050200,0.826357,-0.100647,10.460723,16,42,0.900000,0.000001,6
2cet_ligand,8,100,100,200,160800,0.685412,-0.100647,9.664049,16,42,0.900000,0.000001,7
2cet_ligand,10,100,100,200,201000,0.821669,-0.100647,9.347795,16,42,0.900000,0.000001,8
2cet_ligand,12,100,100,200,241200,0.652715,-0.100647,12.462306,16,42,0.900000,0.000001,9
2cet_ligand,4,100,100,200,80400,0.055285,-0.100647,6.804173,16,42,0.900000,0.010000,0
2cet_ligand,4,100,100,200,80400,0.627298,-0.100647,11.073774,16,42,0.900000,0.010000,10
2cet_ligand,4,100,100,200,80400,0.760078,-0.100647,9.407816,16,42,0.900000,0.010000,11
2cet_ligand,4,100,100,200,80400,0.084963,-0.100647,7.484954,16,42,0.900000,0.010000,12
2cet_ligand,6,100,100,200,120600,0.827852,-0.100647,13.941380,16,42,0.900000,0.010000,13
2cet_ligand,4,100,100,200,80400,0.593014,-0.100647,7.845965,16,42,0.900000,0.010000,14
2cet_ligand,2,100,100,200,40200,0.477333,-0.100647,6.987551,16,42,0.900000,0.010000,15
2cet_ligand,4,100,100,200,80400,0.431385,-0.100647,7.749987,16,42,0.900000,0.010000,16
2cet_ligand,4,100,100,200,80400,0.068018,-0.100647,10.375826,16,42,0.900000,0.010000,17
2cet_ligand,4,100,100,200,80400,0.871000,-0.100647,8.898450,16,42,0.900000,0.010000,18
2cet_ligand,4,100,100,200,80400,0.004467,-0.100647,8.793797,16,42,0.900000,0.010000,19
2cet_ligand,4,100,100,200,80400,0.102939,-0.100647,7.161543,16,42,0.900000,0.010000,1
2cet_ligand,4,100,100,200,80400,0.181043,-0.100647,8.338464,16,42,0.900000,0.010000,2
2cet_ligand,4,100,100,200,80400,-0.405511,-0.100647,8.465719,16,42,0.900000,0.010000,3
2cet_ligand,6,100,100,200,120600,0.542820,-0.100647,15.486115,16,42,0.900000,0.010000,4
2cet_ligand,4,100,100,200,80400,-0.005097,-0.100647,7.240360,16,42,0.900000,0.010000,5
2cet_ligand,6,100,100,200,120600,-0.621960,-0.100647,7.038123,16,42,0.900000,0.010000,6
2cet_ligand,4,100,100,200,80400,0.537783,-0.100647,9.142842,16,42,0.900000,0.010000,7
2cet_ligand,4,100,100,200,80400,0.548335,-0.100647,9.531336,16,42,0.900000,0.010000,8
2cet_ligand,4,100,100,200,80400,-0.751612,-0.100647,7.096400,16,42,0.900000,0.010000,9
2cet_ligand,270,100,100,200,5427000,1.577159,-0.100647,11.797609,16,42,0.950000,0.000001,0
2cet_ligand,16,100,100,200,321600,0.598466,-0.100647,8.016897,16,42,0.950000,0.000001,10
2cet_ligand,22,100,100,200,442200,0.835379,-0.100647,8.566478,16,42,0.950000,0.000001,11
2cet_ligand,26,100,100,200,522600,0.857339,-0.100647,11.842028,16,42,0.950000,0.000001,12
2cet_ligand,24,100,100,200,482400,0.884538,-0.100647,16.690519,16,42,0.950000,0.000001,13
2cet_ligand,26,100,100,200,522600,0.852386,-0.100647,12.344610,16,42,0.950000,0.000001,14
2cet_ligand,14,100,100,200,281400,0.332354,-0.100647,11.560704,16,42,0.950000,0.000001,15
2cet_ligand,18,100,100,200,361800,0.599107,-0.100647,5.809817,16,42,0.950000,0.000001,16
2cet_ligand,32,100,100,200,643200,0.894682,-0.100647,14.756139,16,42,0.950000,0.000001,17
2cet_ligand,180,100,100,200,3618000,0.920627,-0.100647,14.832193,16,42,0.950000,0.000001,18
2cet_ligand,12,100,100,200,241200,0.876440,-0.100647,7.763060,16,42,0.950000,0.000001,19
2cet_ligand,136,100,100,200,2733600,1.231107,-0.100647,8.634488,16,42,0.950000,0.000001,1
2cet_ligand,30,100,100,200,603000,0.789076,-0.100647,6.916161,16,42,0.950000,0.000001,2
2cet_ligand,16,100,100,200,321600,0.828497,-0.100647,8.788691,16,42,0.950000,0.000001,3
2cet_ligand,14,100,100,200,281400,0.632862,-0.100647,7.736475,16,42,0.950000,0.000001,4
2cet_ligand,16,100,100,200,321600,0.897413,-0.100647,7.217143,16,42,0.950000,0.000001,5
2cet_ligand,48,100,100,200,964800,0.709653,-0.100647,9.050499,16,42,0.950000,0.000001,6
2cet_ligand,10,100,100,200,201000,0.704982,-0.100647,9.597519,16,42,0.950000,0.000001,7
2cet_ligand,12,100,100,200,241200,0.757409,-0.100647,9.414428,16,42,0.950000,0.000001,8
2cet_ligand,20,100,100,200,402000,0.876897,-0.100647,10.341929,16,42,0.950000,0.000001,9
2cet_ligand,6,100,100,200,120600,0.693036,-0.100647,12.746803,16,42,0.950000,0.010000,0
2cet_ligand,6,100,100,200,120600,0.841737,-0.100647,12.816846,16,42,0.950000,0.010000,10
2cet_ligand,6,100,100,200,120600,0.502765,-0.100647,10.283124,16,42,0.950000,0.010000,11
2cet_ligand,8,100,100,200,160800,0.827923,-0.100647,12.463686,16,42,0.950000,0.010000,12
2cet_ligand,10,100,100,200,201000,0.832465,-0.100647,18.801306,16,42,0.950000,0.010000,13
2cet_ligand,6,100,100,200,120600,0.738239,-0.100647,9.642151,16,42,0.950000,0.010000,14
2cet_ligand,6,100,100,200,120600,0.283752,-0.100647,12.601553,16,42,0.950000,0.010000,15
2cet_ligand,6,100,100,200,120600,0.187250,-0.100647,8.479202,16,42,0.950000,0.010000,16
2cet_ligand,4,100,100,200,80400,0.286293,-0.100647,12.649957,16,42,0.950000,0.010000,17
2cet_ligand,14,100,100,200,281400,0.796884,-0.100647,18.050159,16,42,0.950000,0.010000,18
2cet_ligand,6,100,100,200,120600,0.334542,-0.100647,7.683828,16,42,0.950000,0.010000,19
2cet_ligand,4,100,100,200,80400,0.884864,-0.100647,7.261771,16,42,0.950000,0.010000,1
2cet_ligand,10,100,100,200,201000,0.841114,-0.100647,7.530272,16,42,0.950000,0.010000,2
2cet_ligand,6,100,100,200,120600,0.527993,-0.100647,8.640172,16,42,0.950000,0.010000,3
2cet_ligand,6,100,100,200,120600,0.793741,-0.100647,18.588882,16,42,0.950000,0.010000,4
2cet_ligand,4,100,100,200,80400,0.608171,-0.100647,12.694203,16,42,0.950000,0.010000,5
2cet_ligand,10,100,100,200,201000,0.673191,-0.100647,7.767866,16,42,0.950000,0.010000,6
2cet_ligand,6,100,100,200,120600,0.535645,-0.100647,9.433924,16,42,0.950000,0.010000,7
2cet_ligand,4,100,100,200,80400,0.528456,-0.100647,9.553022,16,42,0.950000,0.010000,8
2cet_ligand,6,100,100,200,120600,-0.238889,-0.100647,8.024901,16,42,0.950000,0.010000,9
3ary_ligand,4,100,100,200,80400,0.492992,-0.404427,43.529377,9,26,0.800000,0.000001,0
3ary_ligand,4,100,100,200,80400,-0.148990,-0.404427,37.628761,9,26,0.800000,0.000001,10
3ary_ligand,15,100,100,200,301500,0.576597,-0.404427,35.987656,9,26,0.800000,0.000001,11
3ary_ligand,6,100,100,200,120600,0.509059,-0.404427,34.752438,9,26,0.800000,0.000001,12
3ary_ligand,28,100,100,200,562800,0.513138,-0.404427,38.479244,9,26,0.800000,0.000001,13
3ary_ligand,4,100,100,200,80400,0.567273,-0.404427,48.155941,9,26,0.800000,0.000001,14
3ary_ligand,10,100,100,200,201000,0.352915,-0.404427,36.893032,9,26,0.800000,0.000001,15
3ary_ligand,8,100,100,200,160800,0.541430,-0.404427,38.864651,9,26,0.800000,0.000001,16
3ary_ligand,6,100,100,200,120600,0.379237,-0.404427,37.199131,9,26,0.800000,0.000001,17
3ary_ligand,4,100,100,200,80400,0.129144,-0.404427,35.408585,9,26,0.800000,0.000001,18
3ary_ligand,6,100,100,200,120600,0.502216,-0.404427,33.807564,9,26,0.800000,0.000001,19
3ary_ligand,4,100,100,200,80400,0.413414,-0.404427,41.220566,9,26,0.800000,0.000001,1
3ary_ligand,6,100,100,200,120600,0.407881,-0.404427,37.149021,9,26,0.800000,0.000001,2
3ary_ligand,6,100,100,200,120600,0.528600,-0.404427,39.129089,9,26,0.800000,0.000001,3
3ary_ligand,6,100,100,200,120600,0.562762,-0.404427,36.929089,9,26,0.800000,0.000001,4
3ary_ligand,22,100,100,200,442200,0.582381,-0.404427,44.874798,9,26,0.800000,0.000001,5
3ary_ligand,2,100,100,200,40200,0.421298,-0.404427,37.561550,9,26,0.800000,0.000001,6
3ary_ligand,16,100,100,200,321600,0.571645,-0.404427,34.237827,9,26,0.800000,0.000001,7
3ary_ligand,4,100,100,200,80400,0.373911,-0.404427,40.533730,9,26,0.800000,0.000001,8
3ary_ligand,4,100,100,200,80400,0.445484,-0.404427,39.061081,9,26,0.800000,0.000001,9
3ary_ligand,2,100,100,200,40200,0.114280,-0.404427,35.026859,9,26,0.800000,0.010000,0
3ary_ligand,2,100,100,200,40200,-0.121382,-0.404427,34.310070,9,26,0.800000,0.010000,10
3ary_ligand,2,100,100,200,40200,-0.174732,-0.404427,35.876003,9,26,0.800000,0.010000,11
3ary_ligand,2,100,100,200,40200,-0.628978,-0.404427,38.265854,9,26,0.800000,0.010000,12
3ary_ligand,4,100,100,200,80400,-0.458265,-0.404427,36.586761,9,26,0.800000,0.010000,13
3ary_ligand,2,100,100,200,40200,-0.491957,-0.404427,44.477077,9,26,0.800000,0.010000,14
3ary_ligand,2,100,100,200,40200,0.437686,-0.404427,41.135017,9,26,0.800000,0.010000,15
3ary_ligand,2,100,100,200,40200,-1.374223,-0.404427,30.684395,9,26,0.800000,0.010000,16
3ary_ligand,2,100,100,200,40200,0.315003,-0.404427,35.189892,9,26,0.800000,0.010000,17
3ary_ligand,2,100,100,200,40200,0.037894,-0.404427,35.452099,9,26,0.800000,0.010000,18
3ary_ligand,2,100,100,200,40200,-0.735622,-0.404427,36.260696,9,26,0.800000,0.010000,19
3ary_ligand,2,100,100,200,40200,0.502883,-0.404427,33.839180,9,26,0.800000,0.010000,1
3ary_ligand,2,100,100,200,40200,-0.062708,-0.404427,43.778152,9,26,0.800000,0.010000,2
3ary_ligand,2,100,100,200,40200,-0.221368,-0.404427,39.463028,9,26,0.800000,0.010000,3
3ary_ligand,2,100,100,200,40200,-0.554155,-0.404427,34.650791,9,26,0.800000,0.010000,4
3ary_ligand,2,100,100,200,40200,-0.109994,-0.404427,32.972713,9,26,0.800000,0.010000,5
3ary_ligand,2,100,100,200,40200,-0.787684,-0.404427,37.377838,9,26,0.800000,0.010000,6
3ary_ligand,2,100,100,200,40200,-0.886634,-0.404427,36.258423,9,26,0.800000,0.010000,7
3ary_ligand,2,100,100,200,40200,-0.461551,-0.404427,41.766804,9,26,0.800000,0.010000,8
3ary_ligand,2,100,100,200,40200,-0.026776,-0.404427,45.197189,9,26,0.800000,0.010000,9
3ary_ligand,6,100,100,200,120600,0.415573,-0.404427,35.066814,9,26,0.900000,0.000001,0
3ary_ligand,4,100,100,200,80400,-0.139642,-0.404427,37.630619,9,26,0.900000,0.000001,10
3ary_ligand,16,100,100,200,321600,0.085376,-0.404427,35.480888,9,26,0.900000,0.000001,11
3ary_ligand,4,100,100,200,80400,0.577219,-0.404427,34.684845,9,26,0.900000,0.000001,12
3ary_ligand,32,100,100,200,643200,0.590274,-0.404427,40.801701,9,26,0.900000,0.000001,13
3ary_ligand,4,100,100,200,80400,0.363213,-0.404427,48.396912,9,26,0.900000,0.000001,14
3ary_ligand,6,100,100,200,120600,-0.464289,-0.404427,36.750996,9,26,0.900000,0.000001,15
3ary_ligand,34,100,100,200,683400,0.528452,-0.404427,42.481468,9,26,0.900000,0.000001,16
3ary_ligand,4,100,100,200,80400,0.493247,-0.404427,37.013588,9,26,0.900000,0.000001,17
3ary_ligand,4,100,100,200,80400,-0.287363,-0.404427,34.858433,9,26,0.900000,0.000001,18
3ary_ligand,28,100,100,200,562800,0.460074,-0.404427,33.292549,9,26,0.900000,0.000001,19
3ary_ligand,4,100,100,200,80400,0.325305,-0.404427,41.216385,9,26,0.900000,0.000001,1
3ary_ligand,6,100,100,200,120600,0.381160,-0.404427,37.101109,9,26,0.900000,0.000001,2
3ary_ligand,6,100,100,200,120600,0.549918,-0.404427,39.522457,9,26,0.900000,0.000001,3
3ary_ligand,4,100,100,200,80400,0.018043,-0.404427,41.906319,9,26,0.900000,0.000001,4
3ary_ligand,6,100,100,200,120600,0.579006,-0.404427,40.606075,9,26,0.900000,0.000001,5
3ary_ligand,2,100,100,200,40200,0.585757,-0.404427,37.361111,9,26,0.900000,0.000001,6
3ary_ligand,24,100,100,200,482400,0.589233,-0.404427,33.775860,9,26,0.900000,0.000001,7
3ary_ligand,4,100,100,200,80400,0.581883,-0.404427,39.268433,9,26,0.900000,0.000001,8
3ary_ligand,4,100,100,200,80400,0.584083,-0.404427,39.223312,9,26,0.900000,0.000001,9
3ary_ligand,2,100,100,200,40200,0.439585,-0.404427,35.932522,9,26,0.900000,0.010000,0
3ary_ligand,2,100,100,200,40200,-0.161518,-0.404427,35.906338,9,26,0.900000,0.010000,10
3ary_ligand,4,100,100,200,80400,0.104661,-0.404427,40.155430,9,26,0.900000,0.010000,11
3ary_ligand,2,100,100,200,40200,0.163227,-0.404427,38.832718,9,26,0.900000,0.010000,12
3ary_ligand,4,100,100,200,80400,-0.214831,-0.404427,26.151342,9,26,0.900000,0.010000,13
3ary_ligand,2,100,100,200,40200,0.095381,-0.404427,46.859921,9,26,0.900000,0.010000,14
3ary_ligand,4,100,100,200,80400,0.444354,-0.404427,41.151863,9,26,0.900000,0.010000,15
3ary_ligand,2,100,100,200,40200,-0.111489,-0.404427,31.645769,9,26,0.900000,0.010000,16
3ary_ligand,4,100,100,200,80400,0.344758,-0.404427,35.038368,9,26,0.900000,0.010000,17
3ary_ligand,2,100,100,200,40200,0.130585,-0.404427,35.346439,9,26,0.900000,0.010000,18
3ary_ligand,2,100,100,200,40200,0.185891,-0.404427,36.823135,9,26,0.900000,0.010000,19
3ary_ligand,2,100,100,200,40200,0.251582,-0.404427,39.675735,9,26,0.900000,0.010000,1
3ary_ligand,4,100,100,200,80400,-0.864830,-0.404427,34.421482,9,26,0.900000,0.010000,2
3ary_ligand,2,100,100,200,40200,0.432425,-0.404427,39.084652,9,26,0.900000,0.010000,3
3ary_ligand,2,100,100,200,40200,-0.102156,-0.404427,43.004215,9,26,0.900000,0.010000,4
3ary_ligand,4,100,100,200,80400,-0.770041,-0.404427,36.447445,9,26,0.900000,0.010000,5
3ary_ligand,2,100,100,200,40200,-0.106533,-0.404427,21.538090,9,26,0.900000,0.010000,6
3ary_ligand,2,100,100,200,40200,0.000582,-0.404427,36.851875,9,26,0.900000,0.010000,7
3ary_ligand,2,100,100,200,40200,0.337875,-0.404427,39.635006,9,26,0.900000,0.010000,8
3ary_ligand,2,100,100,200,40200,-0.153628,-0.404427,46.509033,9,26,0.900000,0.010000,9
3ary_ligand,6,100,100,200,120600,0.498564,-0.404427,35.095749,9,26,0.950000,0.000001,0
3ary_ligand,6,100,100,200,120600,-0.179563,-0.404427,37.622921,9,26,0.950000,0.000001,10
3ary_ligand,128,100,100,200,2572800,0.616609,-0.404427,37.796402,9,26,0.950000,0.000001,11
3ary_ligand,6,100,100,200,120600,0.500503,-0.404427,34.578518,9,26,0.950000,0.000001,12
3ary_ligand,20,100,100,200,402000,0.256293,-0.404427,37.279423,9,26,0.950000,0.000001,13
3ary_ligand,4,100,100,200,80400,0.321333,-0.404427,48.400806,9,26,0.950000,0.000001,14
3ary_ligand,70,100,100,200,1407000,0.570248,-0.404427,41.012131,9,26,0.950000,0.000001,15
3ary_ligand,306,100,100,200,6150600,0.595489,-0.404427,41.616600,9,26,0.950000,0.000001,16
3ary_ligand,6,100,100,200,120600,0.380093,-0.404427,37.171814,9,26,0.950000,0.000001,17
3ary_ligand,4,100,100,200,80400,0.273148,-0.404427,35.420200,9,26,0.950000,0.000001,18
3ary_ligand,10,100,100,200,201000,0.565193,-0.404427,33.306309,9,26,0.950000,0.000001,19
3ary_ligand,28,100,100,200,562800,0.354759,-0.404427,38.800747,9,26,0.950000,0.000001,1
3ary_ligand,10,100,100,200,201000,0.450144,-0.404427,36.114407,9,26,0.950000,0.000001,2
3ary_ligand,10,100,100,200,201000,0.562307,-0.404427,39.112923,9,26,0.950000,0.000001,3
3ary_ligand,8,100,100,200,160800,0.455948,-0.404427,35.772846,9,26,0.950000,0.000001,4
3ary_ligand,28,100,100,200,562800,0.411345,-0.404427,42.879673,9,26,0.950000,0.000001,5
3ary_ligand,4,100,100,200,80400,0.420637,-0.404427,37.555393,9,26,0.950000,0.000001,6
3ary_ligand,79,100,100,200,1587900,0.585011,-0.404427,32.059151,9,26,0.950000,0.000001,7
3ary_ligand,6,100,100,200,120600,0.296764,-0.404427,40.737129,9,26,0.950000,0.000001,8
3ary_ligand,6,100,100,200,120600,0.491106,-0.404427,38.967453,9,26,0.950000,0.000001,9
3ary_ligand,4,100,100,200,80400,0.469872,-0.404427,36.221180,9,26,0.950000,0.010000,0
3ary_ligand,4,100,100,200,80400,-0.088415,-0.404427,38.085693,9,26,0.950000,0.010000,10
3ary_ligand,6,100,100,200,120600,0.231411,-0.404427,38.755207,9,26,0.950000,0.010000,11
3ary_ligand,4,100,100,200,80400,-0.499274,-0.404427,34.819664,9,26,0.950000,0.010000,12
3ary_ligand,6,100,100,200,120600,-0.778322,-0.404427,36.309860,9,26,0.950000,0.010000,13
3ary_ligand,4,100,100,200,80400,0.042200,-0.404427,34.973965,9,26,0.950000,0.010000,14
3ary_ligand,4,100,100,200,80400,0.351348,-0.404427,39.663422,9,26,0.950000,0.010000,15
3ary_ligand,4,100,100,200,80400,-0.583584,-0.404427,34.837296,9,26,0.950000,0.010000,16
3ary_ligand,8,100,100,200,160800,0.414767,-0.404427,38.383530,9,26,0.950000,0.010000,17
3ary_ligand,2,100,100,200,40200,0.121970,-0.404427,35.395069,9,26,0.950000,0.010000,18
3ary_ligand,4,100,100,200,80400,0.137812,-0.404427,39.180729,9,26,0.950000,0.010000,19
3ary_ligand,4,100,100,200,80400,0.315701,-0.404427,41.215439,9,26,0.950000,0.010000,1
3ary_ligand,4,100,100,200,80400,0.588871,-0.404427,38.333359,9,26,0.950000,0.010000,2
3ary_ligand,4,100,100,200,80400,0.224115,-0.404427,39.214165,9,26,0.950000,0.010000,3
3ary_ligand,4,100,100,200,80400,0.182987,-0.404427,35.748707,9,26,0.950000,0.010000,4
3ary_ligand,8,100,100,200,160800,-0.649932,-0.404427,44.190544,9,26,0.950000,0.010000,5
3ary_ligand,4,100,100,200,80400,-0.640011,-0.404427,36.370018,9,26,0.950000,0.010000,6
3ary_ligand,4,100,100,200,80400,0.318958,-0.404427,37.954338,9,26,0.950000,0.010000,7
3ary_ligand,4,100,100,200,80400,-0.089659,-0.404427,34.144344,9,26,0.950000,0.010000,8
3ary_ligand,4,100,100,200,80400,-0.209406,-0.404427,38.412025,9,26,0.950000,0.010000,9
3coz_ligand,725,100,100,200,14572500,3.068256,-1.644277,39.062412,20,54,0.800000,0.000001,0
3coz_ligand,362,100,100,200,7276200,2.911900,-1.644277,30.204315,20,54,0.800000,0.000001,10
3coz_ligand,98,100,100,200,1969800,2.319350,-1.644277,30.966255,20,54,0.800000,0.000001,11
3coz_ligand,446,100,100,200,8964600,3.079889,-1.644277,28.168472,20,54,0.800000,0.000001,12
3coz_ligand,397,100,100,200,7979700,1.343047,-1.644277,24.854443,20,54,0.800000,0.000001,13
3coz_ligand,186,100,100,200,3738600,2.526122,-1.644277,27.773510,20,54,0.800000,0.000001,14
3coz_ligand,136,100,100,200,2733600,1.966336,-1.644277,28.844727,20,54,0.800000,0.000001,15
3coz_ligand,428,100,100,200,8602800,2.937938,-1.644277,32.039276,20,54,0.800000,0.000001,16
3coz_ligand,270,100,100,200,5427000,2.770011,-1.644277,25.676044,20,54,0.800000,0.000001,17
3coz_ligand,227,100,100,200,4562700,1.469590,-1.644277,33.473076,20,54,0.800000,0.000001,18
3coz_ligand,225,100,100,200,4522500,1.619069,-1.644277,31.769987,20,54,0.800000,0.000001,19
3coz_ligand,229,100,100,200,4602900,2.229459,-1.644277,38.536518,20,54,0.800000,0.000001,1
3coz_ligand,187,100,100,200,3758700,3.439897,-1.644277,37.482018,20,54,0.800000,0.000001,2
3coz_ligand,355,100,100,200,7135500,2.018029,-1.644277,33.751545,20,54,0.800000,0.000001,3
3coz_ligand,560,100,100,200,11256000,2.853837,-1.644277,31.932245,20,54,0.800000,0.000001,4
3coz_ligand,373,100,100,200,7497300,2.085830,-1.644277,35.671093,20,54,0.800000,0.000001,5
3coz_ligand,750,100,100,200,15075000,1.460821,-1.644277,28.751307,20,54,0.800000,0.000001,6
3coz_ligand,175,100,100,200,3517500,2.636059,-1.644277,27.842598,20,54,0.800000,0.000001,7
3coz_ligand,464,100,100,200,9326400,2.838708,-1.644277,28.072691,20,54,0.800000,0.000001,8
3coz_ligand,83,100,100,200,1668300,3.763758,-1.644277,27.987663,20,54,0.800000,0.000001,9
3coz_ligand,98,100,100,200,1969800,2.584455,-1.644277,29.655582,20,54,0.800000,0.010000,0
3coz_ligand,127,100,100,200,2552700,1.828940,-1.644277,33.629803,20,54,0.800000,0.010000,10
3coz_ligand,71,100,100,200,1427100,0.422199,-1.644277,29.129671,20,54,0.800000,0.010000,11
3coz_ligand,105,100,100,200,2110500,1.587173,-1.644277,35.245777,20,54,0.800000,0.010000,12
3coz_ligand,88,100,100,200,1768800,1.771552,-1.644277,24.702858,20,54,0.800000,0.010000,13
3coz_ligand,181,100,100,200,3638100,1.358122,-1.644277,27.975021,20,54,0.800000,0.010000,14
3coz_ligand,91,100,100,200,1829100,2.146838,-1.644277,32.256706,20,54,0.800000,0.010000,15
3coz_ligand,220,100,100,200,4422000,2.386863,-1.644277,37.037766,20,54,0.800000,0.010000,16
3coz_ligand,142,100,100,200,2854200,0.863146,-1.644277,27.474669,20,54,0.800000,0.010000,17
3coz_ligand,121,100,100,200,2432100,1.841935,-1.644277,30.532763,20,54,0.800000,0.010000,18
3coz_ligand,213,100,100,200,4281300,-0.232636,-1.644277,18.409103,20,54,0.800000,0.010000,19
3coz_ligand,79,100,100,200,1587900,1.095266,-1.644277,34.169174,20,54,0.800000,0.010000,1
3coz_ligand,152,100,100,200,3055200,2.385812,-1.644277,36.374557,20,54,0.800000,0.010000,2
3coz_ligand,212,100,100,200,4261200,1.166730,-1.644277,25.439713,20,54,0.800000,0.010000,3
3coz_ligand,84,100,100,200,1688400,1.159254,-1.644277,21.885572,20,54,0.800000,0.010000,4
3coz_ligand,135,100,100,200,2713500,2.062656,-1.644277,21.244320,20,54,0.800000,0.010000,5
3coz_ligand,85,100,100,200,1708500,-0.103074,-1.644277,29.481958,20,54,0.800000,0.010000,6
3coz_ligand,94,100,100,200,1889400,0.354827,-1.644277,28.789761,20,54,0.800000,0.010000,7
3coz_ligand,174,100,100,200,3497400,-0.127099,-1.644277,19.564037,20,54,0.800000,0.010000,8
3coz_ligand,91,100,100,200,1829100,0.469306,-1.644277,22.273252,20,54,0.800000,0.010000,9
3coz_ligand,269,100,100,200,5406900,3.398747,-1.644277,40.045727,20,54,0.900000,0.000001,0
3coz_ligand,750,100,100,200,15075000,2.311429,-1.644277,26.542669,20,54,0.900000,0.000001,10
3coz_ligand,201,100,100,200,4040100,2.337867,-1.644277,30.815048,20,54,0.900000,0.000001,11
3coz_ligand,526,100,100,200,10572600,2.962472,-1.644277,31.055574,20,54,0.900000,0.000001,12
3coz_ligand,184,100,100,200,3698400,2.426687,-1.644277,24.198029,20,54,0.900000,0.000001,13
3coz_ligand,522,100,100,200,10492200,1.324059,-1.644277,26.490194,20,54,0.900000,0.000001,14
3coz_ligand,311,100,100,200,6251100,1.923837,-1.644277,30.518148,20,54,0.900000,0.000001,15
3coz_ligand,750,100,100,200,15075000,3.235284,-1.644277,32.254150,20,54,0.900000,0.000001,16
3coz_ligand,750,100,100,200,15075000,1.942406,-1.644277,23.867687,20,54,0.900000,0.000001,17
3coz_ligand,292,100,100,200,5869200,2.696897,-1.644277,33.283909,20,54,0.900000,0.000001,18
3coz_ligand,512,100,100,200,10291200,1.825649,-1.644277,30.969990,20,54,0.900000,0.000001,19
3coz_ligand,156,100,100,200,3135600,2.315601,-1.644277,36.487381,20,54,0.900000,0.000001,1
3coz_ligand,142,100,100,200,2854200,3.462072,-1.644277,37.142231,20,54,0.900000,0.000001,2
3coz_ligand,736,100,100,200,14793600,2.592214,-1.644277,34.082615,20,54,0.900000,0.000001,3
3coz_ligand,419,100,100,200,8421900,1.325184,-1.644277,25.868628,20,54,0.900000,0.000001,4
3coz_ligand,552,100,100,200,11095200,2.486331,-1.644277,33.188713,20,54,0.900000,0.000001,5
3coz_ligand,142,100,100,200,2854200,2.569106,-1.644277,32.417751,20,54,0.900000,0.000001,6
3coz_ligand,396,100,100,200,7959600,2.583563,-1.644277,27.080832,20,54,0.900000,0.000001,7
3coz_ligand,224,100,100,200,4502400,2.647273,-1.644277,28.955933,20,54,0.900000,0.000001,8
3coz_ligand,750,100,100,200,15075000,1.348464,-1.644277,33.650120,20,54,0.900000,0.000001,9
3coz_ligand,179,100,100,200,3597900,2.293594,-1.644277,48.087811,20,54,0.900000,0.010000,0
3coz_ligand,154,100,100,200,3095400,1.785381,-1.644277,28.402967,20,54,0.900000,0.010000,10
3coz_ligand,100,100,100,200,2010000,1.521815,-1.644277,27.370895,20,54,0.900000,0.010000,11
3coz_ligand,86,100,100,200,1728600,1.405548,-1.644277,30.636045,20,54,0.900000,0.010000,12
3coz_ligand,150,100,100,200,3015000,1.731901,-1.644277,28.187866,20,54,0.900000,0.010000,13
3coz_ligand,187,100,100,200,3758700,-0.250513,-1.644277,31.432568,20,54,0.900000,0.010000,14
3coz_ligand,132,100,100,200,2653200,0.764721,-1.644277,27.679430,20,54,0.900000,0.010000,15
3coz_ligand,81,100,100,200,1628100,1.497025,-1.644277,27.508980,20,54,0.900000,0.010000,16
3coz_ligand,72,100,100,200,1447200,1.315482,-1.644277,24.832855,20,54,0.900000,0.010000,17
3coz_ligand,119,100,100,200,2391900,1.664885,-1.644277,23.947680,20,54,0.900000,0.010000,18
3coz_ligand,111,100,100,200,2231100,1.496619,-1.644277,30.040398,20,54,0.900000,0.010000,19
3coz_ligand,390,100,100,200,7839000,0.162203,-1.644277,31.558876,20,54,0.900000,0.010000,1
3coz_ligand,143,100,100,200,2874300,1.624638,-1.644277,32.819347,20,54,0.900000,0.010000,2
3coz_ligand,128,100,100,200,2572800,2.095583,-1.644277,26.037098,20,54,0.900000,0.010000,3
3coz_ligand,322,100,100,200,6472200,2.770322,-1.644277,61.263336,20,54,0.900000,0.010000,4
3coz_ligand,96,100,100,200,1929600,1.242956,-1.644277,27.900518,20,54,0.900000,0.010000,5
3coz_ligand,76,100,100,200,1527600,1.801447,-1.644277,33.001144,20,54,0.900000,0.010000,6
3coz_ligand,177,100,100,200,3557700,1.876124,-1.644277,28.815544,20,54,0.900000,0.010000,7
3coz_ligand,102,100,100,200,2050200,1.461600,-1.644277,27.575678,20,54,0.900000,0.010000,8
3coz_ligand,197,100,100,200,3959700,1.296646,-1.644277,26.108879,20,54,0.900000,0.010000,9
3coz_ligand,145,100,100,200,2914500,3.500543,-1.644277,35.446026,20,54,0.950000,0.000001,0
3coz_ligand,414,100,100,200,8321400,1.899893,-1.644277,29.386425,20,54,0.950000,0.000001,10
3coz_ligand,84,100,100,200,1688400,2.416699,-1.644277,31.023685,20,54,0.950000,0.000001,11
3coz_ligand,356,100,100,200,7155600,1.034793,-1.644277,49.530197,20,54,0.950000,0.000001,12
3coz_ligand,742,100,100,200,14914200,1.438217,-1.644277,23.946709,20,54,0.950000,0.000001,13
3coz_ligand,244,100,100,200,4904400,2.305243,-1.644277,27.305971,20,54,0.950000,0.000001,14
3coz_ligand,384,100,100,200,7718400,2.926686,-1.644277,30.051682,20,54,0.950000,0.000001,15
3coz_ligand,125,100,100,200,2512500,4.017221,-1.644277,70.122368,20,54,0.950000,0.000001,16
3coz_ligand,442,100,100,200,8884200,1.940540,-1.644277,24.184961,20,54,0.950000,0.000001,17
3coz_ligand,290,100,100,200,5829000,2.062350,-1.644277,33.229813,20,54,0.950000,0.000001,18
3coz_ligand,112,100,100,200,2251200,3.278440,-1.644277,69.313530,20,54,0.950000,0.000001,19
3coz_ligand,750,100,100,200,15075000,2.760758,-1.644277,31.067413,20,54,0.950000,0.000001,1
3coz_ligand,292,100,100,200,5869200,3.514130,-1.644277,39.770561,20,54,0.950000,0.000001,2
3coz_ligand,750,100,100,200,15075000,3.039836,-1.644277,33.878792,20,54,0.950000,0.000001,3
3coz_ligand,308,100,100,200,6190800,2.063029,-1.644277,25.322056,20,54,0.950000,0.000001,4
3coz_ligand,414,100,100,200,8321400,2.155709,-1.644277,32.045166,20,54,0.950000,0.000001,5
3coz_ligand,750,100,100,200,15075000,3.039952,-1.644277,29.208055,20,54,0.950000,0.000001,7
3coz_ligand,750,100,100,200,15075000,2.668781,-1.644277,25.941339,20,54,0.950000,0.000001,8
3coz_ligand,177,100,100,200,3557700,2.480693,-1.644277,32.944267,20,54,0.950000,0.000001,9
3coz_ligand,120,100,100,200,2412000,2.661980,-1.644277,43.562180,20,54,0.950000,0.010000,0
3coz_ligand,122,100,100,200,2452200,1.178385,-1.644277,27.292805,20,54,0.950000,0.010000,10
3coz_ligand,72,100,100,200,1447200,-0.960294,-1.644277,23.748312,20,54,0.950000,0.010000,11
3coz_ligand,198,100,100,200,3979800,1.434476,-1.644277,30.715536,20,54,0.950000,0.010000,12
3coz_ligand,195,100,100,200,3919500,1.742765,-1.644277,35.603245,20,54,0.950000,0.010000,13
3coz_ligand,346,100,100,200,6954600,1.185825,-1.644277,26.438145,20,54,0.950000,0.010000,14
3coz_ligand,97,100,100,200,1949700,1.365558,-1.644277,31.227345,20,54,0.950000,0.010000,15
3coz_ligand,94,100,100,200,1889400,1.813778,-1.644277,36.269310,20,54,0.950000,0.010000,16
3coz_ligand,205,100,100,200,4120500,1.043044,-1.644277,23.609024,20,54,0.950000,0.010000,17
3coz_ligand,104,100,100,200,2090400,1.361349,-1.644277,36.199551,20,54,0.950000,0.010000,18
3coz_ligand,134,100,100,200,2693400,2.194361,-1.644277,29.254795,20,54,0.950000,0.010000,19
3coz_ligand,124,100,100,200,2492400,1.411354,-1.644277,35.301384,20,54,0.950000,0.010000,1
3coz_ligand,118,100,100,200,2371800,2.315976,-1.644277,30.787472,20,54,0.950000,0.010000,2
3coz_ligand,252,100,100,200,5065200,1.499732,-1.644277,26.243273,20,54,0.950000,0.010000,3
3coz_ligand,80,100,100,200,1608000,1.397791,-1.644277,39.091541,20,54,0.950000,0.010000,4
3coz_ligand,92,100,100,200,1849200,2.452152,-1.644277,30.404556,20,54,0.950000,0.010000,5
3coz_ligand,172,100,100,200,3457200,1.201156,-1.644277,33.202110,20,54,0.950000,0.010000,6
3coz_ligand,83,100,100,200,1668300,2.089900,-1.644277,28.788364,20,54,0.950000,0.010000,7
3coz_ligand,114,100,100,200,2291400,0.177956,-1.644277,31.902653,20,54,0.950000,0.010000,8
3coz_ligand,152,100,100,200,3055200,2.464204,-1.644277,30.249992,20,54,0.950000,0.010000,9
3dx2_ligand,182,100,100,200,3658200,-0.749696,-2.943025,22.796078,11,26,0.800000,0.000001,0
3dx2_ligand,103,100,100,200,2070300,9.097156,-2.943025,14.361573,11,26,0.800000,0.000001,10
3dx2_ligand,143,100,100,200,2874300,-1.647862,-2.943025,21.550293,11,26,0.800000,0.000001,11
3dx2_ligand,161,100,100,200,3236100,-0.255242,-2.943025,21.123777,11,26,0.800000,0.000001,12
3dx2_ligand,76,100,100,200,1527600,-1.689708,-2.943025,23.331129,11,26,0.800000,0.000001,13
3dx2_ligand,151,100,100,200,3035100,-1.753494,-2.943025,23.359333,11,26,0.800000,0.000001,14
3dx2_ligand,291,100,100,200,5849100,0.153199,-2.943025,22.011532,11,26,0.800000,0.000001,15
3dx2_ligand,157,100,100,200,3155700,-0.782776,-2.943025,23.155010,11,26,0.800000,0.000001,16
3dx2_ligand,124,100,100,200,2492400,-0.711696,-2.943025,24.137150,11,26,0.800000,0.000001,17
3dx2_ligand,86,100,100,200,1728600,-0.404056,-2.943025,26.207890,11,26,0.800000,0.000001,18
3dx2_ligand,90,100,100,200,1809000,0.397774,-2.943025,23.335363,11,26,0.800000,0.000001,19
3dx2_ligand,101,100,100,200,2030100,-1.418719,-2.943025,23.178347,11,26,0.800000,0.000001,1
3dx2_ligand,22,100,100,200,442200,-1.952578,-2.943025,23.431011,11,26,0.800000,0.000001,2
3dx2_ligand,203,100,100,200,4080300,-0.375605,-2.943025,22.416977,11,26,0.800000,0.000001,3
3dx2_ligand,195,100,100,200,3919500,-1.785448,-2.943025,26.782993,11,26,0.800000,0.000001,4
3dx2_ligand,149,100,100,200,2994900,-0.938397,-2.943025,23.339008,11,26,0.800000,0.000001,5
3dx2_ligand,274,100,100,200,5507400,-1.232377,-2.943025,21.820488,11,26,0.800000,0.000001,6
3dx2_ligand,151,100,100,200,3035100,-0.513318,-2.943025,25.076982,11,26,0.800000,0.000001,7
3dx2_ligand,113,100,100,200,2271300,-1.468512,-2.943025,27.158426,11,26,0.800000,0.000001,8
3dx2_ligand,119,100,100,200,2391900,1.812273,-2.943025,25.902136,11,26,0.800000,0.000001,9
3dx2_ligand,112,100,100,200,2251200,-1.576471,-2.943025,24.549791,11,26,0.800000,0.010000,0
3dx2_ligand,28,100,100,200,562800,-1.963369,-2.943025,29.165035,11,26,0.800000,0.010000,10
3dx2_ligand,185,100,100,200,3718500,-1.599919,-2.943025,21.610044,11,26,0.800000,0.010000,11
3dx2_ligand,87,100,100,200,1748700,-1.277542,-2.943025,20.221603,11,26,0.800000,0.010000,12
3dx2_ligand,8,100,100,200,160800,-1.997973,-2.943025,23.194496,11,26,0.800000,0.010000,13
3dx2_ligand,81,100,100,200,1628100,-1.203340,-2.943025,21.638594,11,26,0.800000,0.010000,14
3dx2_ligand,83,100,100,200,1668300,-1.727911,-2.943025,24.472830,11,26,0.800000,0.010000,15
3dx2_ligand,8,100,100,200,160800,-2.000832,-2.943025,23.164707,11,26,0.800000,0.010000,16
3dx2_ligand,6,100,100,200,120600,-2.012331,-2.943025,23.281166,11,26,0.800000,0.010000,17
3dx2_ligand,6,100,100,200,120600,-1.958013,-2.943025,22.789755,11,26,0.800000,0.010000,18
3dx2_ligand,36,100,100,200,723600,-2.111324,-2.943025,20.099829,11,26,0.800000,0.010000,19
3dx2_ligand,8,100,100,200,160800,-2.046505,-2.943025,26.492882,11,26,0.800000,0.010000,1
3dx2_ligand,115,100,100,200,2311500,-1.601069,-2.943025,21.578524,11,26,0.800000,0.010000,2
3dx2_ligand,6,100,100,200,120600,-1.960763,-2.943025,30.569187,11,26,0.800000,0.010000,3
3dx2_ligand,267,100,100,200,5366700,-1.731371,-2.943025,26.641165,11,26,0.800000,0.010000,4
3dx2_ligand,95,100,100,200,1909500,-1.649039,-2.943025,26.577827,11,26,0.800000,0.010000,5
3dx2_ligand,6,100,100,200,120600,-1.982524,-2.943025,22.912725,11,26,0.800000,0.010000,6
3dx2_ligand,12,100,100,200,241200,-1.949875,-2.943025,29.090141,11,26,0.800000,0.010000,7
3dx2_ligand,8,100,100,200,160800,-2.011672,-2.943025,23.110107,11,26,0.800000,0.010000,8
3dx2_ligand,13,100,100,200,261300,-1.958093,-2.943025,19.932177,11,26,0.800000,0.010000,9
3dx2_ligand,121,100,100,200,2432100,-0.105434,-2.943025,23.187540,11,26,0.900000,0.000001,0
3dx2_ligand,147,100,100,200,2954700,17.215124,-2.943025,15.770935,11,26,0.900000,0.000001,10
3dx2_ligand,169,100,100,200,3396900,-1.648475,-2.943025,21.535500,11,26,0.900000,0.000001,11
3dx2_ligand,143,100,100,200,2874300,-1.083656,-2.943025,22.780546,11,26,0.900000,0.000001,12
3dx2_ligand,20,100,100,200,402000,-1.965881,-2.943025,23.182827,11,26,0.900000,0.000001,13
3dx2_ligand,172,100,100,200,3457200,-0.748731,-2.943025,22.214720,11,26,0.900000,0.000001,14
3dx2_ligand,128,100,100,200,2572800,26.298815,-2.943025,25.972448,11,26,0.900000,0.000001,15
3dx2_ligand,102,100,100,200,2050200,-1.575941,-2.943025,23.110884,11,26,0.900000,0.000001,16
3dx2_ligand,96,100,100,200,1929600,-0.681563,-2.943025,23.598631,11,26,0.900000,0.000001,17
3dx2_ligand,98,100,100,200,1969800,-0.790380,-2.943025,26.262684,11,26,0.900000,0.000001,18
3dx2_ligand,181,100,100,200,3638100,-0.009359,-2.943025,23.381634,11,26,0.900000,0.000001,19
3dx2_ligand,252,100,100,200,5065200,-1.021159,-2.943025,22.884560,11,26,0.900000,0.000001,1
3dx2_ligand,136,100,100,200,2733600,-0.015386,-2.943025,22.608421,11,26,0.900000,0.000001,2
3dx2_ligand,118,100,100,200,2371800,-0.985272,-2.943025,22.823208,11,26,0.900000,0.000001,3
3dx2_ligand,153,100,100,200,3075300,-1.004228,-2.943025,23.943260,11,26,0.900000,0.000001,4
3dx2_ligand,144,100,100,200,2894400,-1.482886,-2.943025,25.760050,11,26,0.900000,0.000001,5
3dx2_ligand,174,100,100,200,3497400,-0.359017,-2.943025,23.518244,11,26,0.900000,0.000001,6
3dx2_ligand,103,100,100,200,2070300,-0.512800,-2.943025,25.103539,11,26,0.900000,0.000001,7
3dx2_ligand,107,100,100,200,2150700,-1.468072,-2.943025,27.159739,11,26,0.900000,0.000001,8
3dx2_ligand,227,100,100,200,4562700,-0.718272,-2.943025,27.472351,11,26,0.900000,0.000001,9
3dx2_ligand,58,100,100,200,1165800,-1.524367,-2.943025,28.331337,11,26,0.900000,0.010000,0
3dx2_ligand,132,100,100,200,2653200,-1.826329,-2.943025,29.408260,11,26,0.900000,0.010000,10
3dx2_ligand,91,100,100,200,1829100,-1.517651,-2.943025,21.608360,11,26,0.900000,0.010000,11
3dx2_ligand,52,100,100,200,1045200,-2.500122,-2.943025,23.257710,11,26,0.900000,0.010000,12
3dx2_ligand,8,100,100,200,160800,-1.963913,-2.943025,23.188614,11,26,0.900000,0.010000,13
3dx2_ligand,12,100,100,200,241200,-1.946886,-2.943025,22.820959,11,26,0.900000,0.010000,14
3dx2_ligand,10,100,100,200,201000,-1.955545,-2.943025,23.822573,11,26,0.900000,0.010000,15
3dx2_ligand,6,100,100,200,120600,-1.957757,-2.943025,23.188316,11,26,0.900000,0.010000,16
3dx2_ligand,14,100,100,200,281400,-1.948612,-2.943025,27.345005,11,26,0.900000,0.010000,17
3dx2_ligand,8,100,100,200,160800,-1.952096,-2.943025,27.379330,11,26,0.900000,0.010000,18
3dx2_ligand,124,100,100,200,2492400,-1.943743,-2.943025,23.468571,11,26,0.900000,0.010000,19
3dx2_ligand,42,100,100,200,844200,-1.961231,-2.943025,23.780165,11,26,0.900000,0.010000,1
3dx2_ligand,239,100,100,200,4803900,-1.582780,-2.943025,21.596334,11,26,0.900000,0.010000,2
3dx2_ligand,159,100,100,200,3195900,-1.950929,-2.943025,19.530064,11,26,0.900000,0.010000,3
3dx2_ligand,104,100,100,200,2090400,-1.682362,-2.943025,28.622259,11,26,0.900000,0.010000,4
3dx2_ligand,214,100,100,200,4301400,-1.644977,-2.943025,26.570959,11,26,0.900000,0.010000,5
3dx2_ligand,6,100,100,200,120600,-1.956837,-2.943025,23.114874,11,26,0.900000,0.010000,6
3dx2_ligand,95,100,100,200,1909500,-1.515394,-2.943025,29.729771,11,26,0.900000,0.010000,7
3dx2_ligand,85,100,100,200,1708500,-1.930082,-2.943025,26.475489,11,26,0.900000,0.010000,8
3dx2_ligand,62,100,100,200,1246200,-1.657175,-2.943025,46.299755,11,26,0.900000,0.010000,9
3dx2_ligand,186,100,100,200,3738600,-1.408197,-2.943025,24.242462,11,26,0.950000,0.000001,0
3dx2_ligand,118,100,100,200,2371800,30.297136,-2.943025,15.067225,11,26,0.950000,0.000001,10
3dx2_ligand,130,100,100,200,2613000,-1.222052,-2.943025,22.279127,11,26,0.950000,0.000001,11
3dx2_ligand,109,100,100,200,2190900,-1.310370,-2.943025,20.235325,11,26,0.950000,0.000001,12
3dx2_ligand,210,100,100,200,4221000,-1.690187,-2.943025,23.368090,11,26,0.950000,0.000001,13
3dx2_ligand,126,100,100,200,2532600,-1.273460,-2.943025,25.713776,11,26,0.950000,0.000001,14
3dx2_ligand,128,100,100,200,2572800,26.288618,-2.943025,25.972443,11,26,0.950000,0.000001,15
3dx2_ligand,198,100,100,200,3979800,-0.791305,-2.943025,23.031853,11,26,0.950000,0.000001,16
3dx2_ligand,98,100,100,200,1969800,-0.519670,-2.943025,22.685488,11,26,0.950000,0.000001,17
3dx2_ligand,126,100,100,200,2532600,-0.793025,-2.943025,26.271948,11,26,0.950000,0.000001,18
3dx2_ligand,123,100,100,200,2472300,-0.021700,-2.943025,23.373222,11,26,0.950000,0.000001,19
3dx2_ligand,132,100,100,200,2653200,-0.958070,-2.943025,22.948660,11,26,0.950000,0.000001,1
3dx2_ligand,122,100,100,200,2452200,-0.032005,-2.943025,22.565033,11,26,0.950000,0.000001,2
3dx2_ligand,29,100,100,200,582900,-1.947722,-2.943025,23.149826,11,26,0.950000,0.000001,3
3dx2_ligand,118,100,100,200,2371800,-1.689525,-2.943025,26.788084,11,26,0.950000,0.000001,4
3dx2_ligand,100,100,100,200,2010000,-0.941487,-2.943025,23.428259,11,26,0.950000,0.000001,5
3dx2_ligand,103,100,100,200,2070300,-1.083079,-2.943025,20.518436,11,26,0.950000,0.000001,6
3dx2_ligand,109,100,100,200,2190900,-1.846462,-2.943025,24.555445,11,26,0.950000,0.000001,7
3dx2_ligand,136,100,100,200,2733600,-1.468166,-2.943025,27.158749,11,26,0.950000,0.000001,8
3dx2_ligand,262,100,100,200,5266200,-0.728970,-2.943025,27.472179,11,26,0.950000,0.000001,9
3dx2_ligand,22,100,100,200,442200,-1.972812,-2.943025,26.849445,11,26,0.950000,0.010000,0
3dx2_ligand,19,100,100,200,381900,-1.947896,-2.943025,27.399231,11,26,0.950000,0.010000,10
3dx2_ligand,211,100,100,200,4241100,-1.632759,-2.943025,26.552349,11,26,0.950000,0.010000,11
3dx2_ligand,126,100,100,200,2532600,-1.277131,-2.943025,20.235529,11,26,0.950000,0.010000,12
3dx2_ligand,8,100,100,200,160800,-1.983955,-2.943025,23.272028,11,26,0.950000,0.010000,13
3dx2_ligand,180,100,100,200,3618000,-1.172206,-2.943025,21.853096,11,26,0.950000,0.010000,14
3dx2_ligand,59,100,100,200,1185900,-1.729352,-2.943025,24.468309,11,26,0.950000,0.010000,15
3dx2_ligand,12,100,100,200,241200,-1.972160,-2.943025,23.183447,11,26,0.950000,0.010000,16
3dx2_ligand,11,100,100,200,221100,-1.947622,-2.943025,22.553316,11,26,0.950000,0.010000,17
3dx2_ligand,10,100,100,200,201000,-1.988078,-2.943025,22.730009,11,26,0.950000,0.010000,18
3dx2_ligand,147,100,100,200,2954700,-1.583774,-2.943025,21.550623,11,26,0.950000,0.010000,19
3dx2_ligand,10,100,100,200,201000,-2.147694,-2.943025,22.984991,11,26,0.950000,0.010000,1
3dx2_ligand,82,100,100,200,1648200,-1.279264,-2.943025,23.231516,11,26,0.950000,0.010000,2
3dx2_ligand,152,100,100,200,3055200,-1.427425,-2.943025,23.029972,11,26,0.950000,0.010000,3
3dx2_ligand,95,100,100,200,1909500,-1.718335,-2.943025,26.696501,11,26,0.950000,0.010000,4
3dx2_ligand,70,100,100,200,1407000,-0.938114,-2.943025,23.402212,11,26,0.950000,0.010000,5
3dx2_ligand,6,100,100,200,120600,-2.017942,-2.943025,22.913439,11,26,0.950000,0.010000,6
3dx2_ligand,115,100,100,200,2311500,-1.826558,-2.943025,24.505203,11,26,0.950000,0.010000,7
3dx2_ligand,237,100,100,200,4763700,-1.434822,-2.943025,28.072266,11,26,0.950000,0.010000,8
3dx2_ligand,24,100,100,200,482400,-2.222381,-2.943025,30.005730,11,26,0.950000,0.010000,9
3fur_ligand,387,100,100,200,7778700,1110.926392,-1.518824,15.444729,4,43,0.800000,0.000001,0
3fur_ligand,194,100,100,200,3899400,-0.560157,-1.518824,9.415676,4,43,0.800000,0.000001,10
3fur_ligand,20,100,100,200,402000,-0.573740,-1.518824,13.499551,4,43,0.800000,0.000001,11
3fur_ligand,263,100,100,200,5286300,1778.226074,-1.518824,14.491871,4,43,0.800000,0.000001,12
3fur_ligand,750,100,100,200,15075000,12.369089,-1.518824,11.235168,4,43,0.800000,0.000001,13
3fur_ligand,724,100,100,200,14552400,-0.095846,-1.518824,14.430254,4,43,0.800000,0.000001,14
3fur_ligand,750,100,100,200,15075000,233.129059,-1.518824,13.363066,4,43,0.800000,0.000001,15
3fur_ligand,11,100,100,200,221100,-0.609022,-1.518824,28.771027,4,43,0.800000,0.000001,16
3fur_ligand,643,100,100,200,12924300,263.484589,-1.518824,19.748636,4,43,0.800000,0.000001,17
3fur_ligand,750,100,100,200,15075000,27.208046,-1.518824,14.896668,4,43,0.800000,0.000001,18
3fur_ligand,215,100,100,200,4321500,100.220085,-1.518824,11.279229,4,43,0.800000,0.000001,19
3fur_ligand,24,100,100,200,482400,-0.685192,-1.518824,19.189222,4,43,0.800000,0.000001,1
3fur_ligand,32,100,100,200,643200,-0.543379,-1.518824,30.612041,4,43,0.800000,0.000001,2
3fur_ligand,365,100,100,200,7336500,4104.014160,-1.518824,12.432014,4,43,0.800000,0.000001,3
3fur_ligand,750,100,100,200,15075000,1.873528,-1.518824,10.355362,4,43,0.800000,0.000001,4
3fur_ligand,32,100,100,200,643200,-0.548455,-1.518824,14.458864,4,43,0.800000,0.000001,5
3fur_ligand,750,100,100,200,15075000,16.391460,-1.518824,10.404870,4,43,0.800000,0.000001,6
3fur_ligand,750,100,100,200,15075000,3.714894,-1.518824,11.383837,4,43,0.800000,0.000001,7
3fur_ligand,750,100,100,200,15075000,888.317749,-1.518824,11.183297,4,43,0.800000,0.000001,8
3fur_ligand,10,100,100,200,201000,-0.700106,-1.518824,19.526743,4,43,0.800000,0.000001,9
3fur_ligand,4,100,100,200,80400,-0.694132,-1.518824,20.070330,4,43,0.800000,0.010000,0
3fur_ligand,22,100,100,200,442200,-0.672065,-1.518824,10.127128,4,43,0.800000,0.010000,10
3fur_ligand,6,100,100,200,120600,-0.957594,-1.518824,21.720354,4,43,0.800000,0.010000,11
3fur_ligand,4,100,100,200,80400,-0.580604,-1.518824,28.076712,4,43,0.800000,0.010000,12
3fur_ligand,6,100,100,200,120600,-5.457918,-1.518824,2.738603,4,43,0.800000,0.010000,13
3fur_ligand,8,100,100,200,160800,-0.660811,-1.518824,21.845867,4,43,0.800000,0.010000,14
3fur_ligand,8,100,100,200,160800,-0.618469,-1.518824,28.300854,4,43,0.800000,0.010000,15
3fur_ligand,4,100,100,200,80400,-1.154813,-1.518824,29.892910,4,43,0.800000,0.010000,16
3fur_ligand,4,100,100,200,80400,-1.996561,-1.518824,24.225353,4,43,0.800000,0.010000,17
3fur_ligand,6,100,100,200,120600,-1.921445,-1.518824,17.299974,4,43,0.800000,0.010000,18
3fur_ligand,4,100,100,200,80400,-1.246437,-1.518824,29.388575,4,43,0.800000,0.010000,19
3fur_ligand,4,100,100,200,80400,-1.002897,-1.518824,21.681192,4,43,0.800000,0.010000,1
3fur_ligand,4,100,100,200,80400,-1.671423,-1.518824,25.007235,4,43,0.800000,0.010000,2
3fur_ligand,4,100,100,200,80400,-0.519640,-1.518824,22.568916,4,43,0.800000,0.010000,3
3fur_ligand,88,100,100,200,1768800,-0.625153,-1.518824,22.067228,4,43,0.800000,0.010000,4
3fur_ligand,6,100,100,200,120600,-0.779259,-1.518824,17.471334,4,43,0.800000,0.010000,5
3fur_ligand,4,100,100,200,80400,-0.732907,-1.518824,28.535477,4,43,0.800000,0.010000,6
3fur_ligand,10,100,100,200,201000,-1.807206,-1.518824,7.900387,4,43,0.800000,0.010000,7
3fur_ligand,4,100,100,200,80400,-0.947967,-1.518824,17.789295,4,43,0.800000,0.010000,8
3fur_ligand,4,100,100,200,80400,-0.879712,-1.518824,19.120508,4,43,0.800000,0.010000,9
3fur_ligand,750,100,100,200,15075000,1095.052856,-1.518824,15.509079,4,43,0.900000,0.000001,0
3fur_ligand,750,100,100,200,15075000,79.861549,-1.518824,11.291676,4,43,0.900000,0.000001,10
3fur_ligand,22,100,100,200,442200,-0.545761,-1.518824,13.517372,4,43,0.900000,0.000001,11
3fur_ligand,220,100,100,200,4422000,0.259520,-1.518824,23.138250,4,43,0.900000,0.000001,12
3fur_ligand,205,100,100,200,4120500,28.300068,-1.518824,11.183312,4,43,0.900000,0.000001,13
3fur_ligand,433,100,100,200,8703300,-0.096342,-1.518824,14.431123,4,43,0.900000,0.000001,14
3fur_ligand,750,100,100,200,15075000,198.913406,-1.518824,13.410690,4,43,0.900000,0.000001,15
3fur_ligand,10,100,100,200,201000,-1.184452,-1.518824,28.922100,4,43,0.900000,0.000001,16
3fur_ligand,523,100,100,200,10512300,263.401031,-1.518824,19.759832,4,43,0.900000,0.000001,17
3fur_ligand,205,100,100,200,4120500,59.953693,-1.518824,14.436131,4,43,0.900000,0.000001,18
3fur_ligand,665,100,100,200,13366500,9.748497,-1.518824,9.708302,4,43,0.900000,0.000001,19
3fur_ligand,32,100,100,200,643200,-0.561216,-1.518824,21.375042,4,43,0.900000,0.000001,1
3fur_ligand,24,100,100,200,482400,-0.548355,-1.518824,30.608471,4,43,0.900000,0.000001,2
3fur_ligand,247,100,100,200,4964700,4076.256348,-1.518824,12.537150,4,43,0.900000,0.000001,3
3fur_ligand,495,100,100,200,9949500,1.732779,-1.518824,10.075505,4,43,0.900000,0.000001,4
3fur_ligand,349,100,100,200,7014900,12.609045,-1.518824,15.494644,4,43,0.900000,0.000001,5
3fur_ligand,750,100,100,200,15075000,16.294739,-1.518824,10.404348,4,43,0.900000,0.000001,6
3fur_ligand,636,100,100,200,12783600,-0.731034,-1.518824,9.543301,4,43,0.900000,0.000001,7
3fur_ligand,523,100,100,200,10512300,312.636200,-1.518824,12.781386,4,43,0.900000,0.000001,8
3fur_ligand,26,100,100,200,522600,-0.546642,-1.518824,21.674225,4,43,0.900000,0.000001,9
3fur_ligand,8,100,100,200,160800,-1.128884,-1.518824,22.241589,4,43,0.900000,0.010000,0
3fur_ligand,10,100,100,200,201000,-1.092534,-1.518824,15.244252,4,43,0.900000,0.010000,10
3fur_ligand,6,100,100,200,120600,-1.710672,-1.518824,13.947312,4,43,0.900000,0.010000,11
3fur_ligand,6,100,100,200,120600,-1.371771,-1.518824,27.155251,4,43,0.900000,0.010000,12
3fur_ligand,8,100,100,200,160800,-2.491847,-1.518824,3.916930,4,43,0.900000,0.010000,13
3fur_ligand,10,100,100,200,201000,-1.063886,-1.518824,15.931804,4,43,0.900000,0.010000,14
3fur_ligand,10,100,100,200,201000,-0.631540,-1.518824,7.646007,4,43,0.900000,0.010000,15
3fur_ligand,6,100,100,200,120600,-1.925783,-1.518824,29.156860,4,43,0.900000,0.010000,16
3fur_ligand,4,100,100,200,80400,-0.725959,-1.518824,22.964600,4,43,0.900000,0.010000,17
3fur_ligand,6,100,100,200,120600,-1.140395,-1.518824,11.519568,4,43,0.900000,0.010000,18
3fur_ligand,6,100,100,200,120600,-1.448322,-1.518824,29.543026,4,43,0.900000,0.010000,19
3fur_ligand,4,100,100,200,80400,-1.192537,-1.518824,21.491932,4,43,0.900000,0.010000,1
3fur_ligand,4,100,100,200,80400,-1.164000,-1.518824,28.828918,4,43,0.900000,0.010000,2
3fur_ligand,6,100,100,200,120600,-1.973402,-1.518824,22.916483,4,43,0.900000,0.010000,3
3fur_ligand,12,100,100,200,241200,-1.320976,-1.518824,18.523132,4,43,0.900000,0.010000,4
3fur_ligand,6,100,100,200,120600,-0.586043,-1.518824,16.755201,4,43,0.900000,0.010000,5
3fur_ligand,6,100,100,200,120600,-0.545309,-1.518824,31.693594,4,43,0.900000,0.010000,6
3fur_ligand,8,100,100,200,160800,-0.718803,-1.518824,19.402548,4,43,0.900000,0.010000,7
3fur_ligand,6,100,100,200,120600,-2.195897,-1.518824,22.965687,4,43,0.900000,0.010000,8
3fur_ligand,4,100,100,200,80400,-0.770919,-1.518824,19.431311,4,43,0.900000,0.010000,9
3fur_ligand,750,100,100,200,15075000,1093.939209,-1.518824,15.512481,4,43,0.950000,0.000001,0
3fur_ligand,750,100,100,200,15075000,78.941910,-1.518824,11.261722,4,43,0.950000,0.000001,10
3fur_ligand,405,100,100,200,8140500,34.620201,-1.518824,8.838804,4,43,0.950000,0.000001,11
3fur_ligand,170,100,100,200,3417000,-0.160738,-1.518824,21.320356,4,43,0.950000,0.000001,12
3fur_ligand,452,100,100,200,9085200,59.882561,-1.518824,11.645491,4,43,0.950000,0.000001,13
3fur_ligand,440,100,100,200,8844000,-0.091109,-1.518824,14.431364,4,43,0.950000,0.000001,14
3fur_ligand,750,100,100,200,15075000,372.955688,-1.518824,11.056089,4,43,0.950000,0.000001,15
3fur_ligand,750,100,100,200,15075000,3.358819,-1.518824,8.116858,4,43,0.950000,0.000001,16
3fur_ligand,147,100,100,200,2954700,253.362518,-1.518824,21.071392,4,43,0.950000,0.000001,17
3fur_ligand,370,100,100,200,7437000,59.836151,-1.518824,14.406655,4,43,0.950000,0.000001,18
3fur_ligand,690,100,100,200,13869000,45.383045,-1.518824,11.927220,4,43,0.950000,0.000001,19
3fur_ligand,132,100,100,200,2653200,-0.387957,-1.518824,21.281094,4,43,0.950000,0.000001,1
3fur_ligand,36,100,100,200,723600,-0.544740,-1.518824,30.580221,4,43,0.950000,0.000001,2
3fur_ligand,225,100,100,200,4522500,4122.269043,-1.518824,12.426480,4,43,0.950000,0.000001,3
3fur_ligand,359,100,100,200,7215900,1.731421,-1.518824,10.075301,4,43,0.950000,0.000001,4
3fur_ligand,36,100,100,200,723600,-0.541363,-1.518824,14.382141,4,43,0.950000,0.000001,5
3fur_ligand,82,100,100,200,1648200,-0.568870,-1.518824,30.389147,4,43,0.950000,0.000001,6
3fur_ligand,143,100,100,200,2874300,76.902367,-1.518824,9.480864,4,43,0.950000,0.000001,7
3fur_ligand,290,100,100,200,5829000,308.755341,-1.518824,12.732198,4,43,0.950000,0.000001,8
3fur_ligand,379,100,100,200,7617900,-0.531444,-1.518824,20.167515,4,43,0.950000,0.000001,9
3fur_ligand,6,100,100,200,120600,-0.572058,-1.518824,23.705025,4,43,0.950000,0.010000,0
3fur_ligand,10,100,100,200,201000,-1.039593,-1.518824,13.648900,4,43,0.950000,0.010000,10
3fur_ligand,8,100,100,200,160800,-0.532342,-1.518824,14.606481,4,43,0.950000,0.010000,11
3fur_ligand,6,100,100,200,120600,-0.807163,-1.518824,22.941416,4,43,0.950000,0.010000,12
3fur_ligand,8,100,100,200,160800,-1.160810,-1.518824,8.232912,4,43,0.950000,0.010000,13
3fur_ligand,16,100,100,200,321600,-0.911217,-1.518824,18.166849,4,43,0.950000,0.010000,14
3fur_ligand,10,100,100,200,201000,-1.102178,-1.518824,22.160170,4,43,0.950000,0.010000,15
3fur_ligand,8,100,100,200,160800,-3.288767,-1.518824,21.836962,4,43,0.950000,0.010000,16
3fur_ligand,8,100,100,200,160800,-1.765966,-1.518824,22.691814,4,43,0.950000,0.010000,17
3fur_ligand,6,100,100,200,120600,-0.901565,-1.518824,18.550503,4,43,0.950000,0.010000,18
3fur_ligand,6,100,100,200,120600,-0.833964,-1.518824,30.185255,4,43,0.950000,0.010000,19
3fur_ligand,6,100,100,200,120600,-1.240223,-1.518824,21.567175,4,43,0.950000,0.010000,1
3fur_ligand,8,100,100,200,160800,-0.777551,-1.518824,27.997114,4,43,0.950000,0.010000,2
3fur_ligand,6,100,100,200,120600,-2.054063,-1.518824,22.943428,4,43,0.950000,0.010000,3
3fur_ligand,8,100,100,200,160800,-1.000754,-1.518824,16.807589,4,43,0.950000,0.010000,4
3fur_ligand,8,100,100,200,160800,-0.585731,-1.518824,17.578991,4,43,0.950000,0.010000,5
3fur_ligand,8,100,100,200,160800,-1.046477,-1.518824,28.950590,4,43,0.950000,0.010000,6
3fur_ligand,8,100,100,200,160800,-0.957804,-1.518824,18.908972,4,43,0.950000,0.010000,7
3fur_ligand,6,100,100,200,120600,-0.755983,-1.518824,24.767862,4,43,0.950000,0.010000,8
3fur_ligand,6,100,100,200,120600,-1.025816,-1.518824,19.247280,4,43,0.950000,0.010000,9
3gv9_ligand,4,100,100,200,80400,-0.152212,-0.644809,5.840158,6,18,0.800000,0.000001,0
3gv9_ligand,4,100,100,200,80400,0.147513,-0.644809,12.220178,6,18,0.800000,0.000001,10
3gv9_ligand,4,100,100,200,80400,0.149045,-0.644809,5.028143,6,18,0.800000,0.000001,11
3gv9_ligand,4,100,100,200,80400,-0.127811,-0.644809,10.569703,6,18,0.800000,0.000001,12
3gv9_ligand,4,100,100,200,80400,0.228813,-0.644809,9.812922,6,18,0.800000,0.000001,13
3gv9_ligand,4,100,100,200,80400,-0.136422,-0.644809,8.467943,6,18,0.800000,0.000001,14
3gv9_ligand,2,100,100,200,40200,0.262861,-0.644809,11.738811,6,18,0.800000,0.000001,15
3gv9_ligand,4,100,100,200,80400,0.063985,-0.644809,8.950559,6,18,0.800000,0.000001,16
3gv9_ligand,4,100,100,200,80400,-0.712779,-0.644809,5.445231,6,18,0.800000,0.000001,17
3gv9_ligand,2,100,100,200,40200,-0.015297,-0.644809,9.746694,6,18,0.800000,0.000001,18
3gv9_ligand,4,100,100,200,80400,-0.218571,-0.644809,5.772074,6,18,0.800000,0.000001,19
3gv9_ligand,8,100,100,200,160800,0.015484,-0.644809,3.626346,6,18,0.800000,0.000001,1
3gv9_ligand,4,100,100,200,80400,0.284660,-0.644809,4.323888,6,18,0.800000,0.000001,2
3gv9_ligand,4,100,100,200,80400,-0.503673,-0.644809,11.675683,6,18,0.800000,0.000001,3
3gv9_ligand,4,100,100,200,80400,0.016278,-0.644809,9.912045,6,18,0.800000,0.000001,4
3gv9_ligand,2,100,100,200,40200,0.106898,-0.644809,6.609549,6,18,0.800000,0.000001,5
3gv9_ligand,4,100,100,200,80400,0.002372,-0.644809,9.695484,6,18,0.800000,0.000001,6
3gv9_ligand,6,100,100,200,120600,0.303928,-0.644809,8.146443,6,18,0.800000,0.000001,7
3gv9_ligand,5,100,100,200,100500,0.317500,-0.644809,6.532126,6,18,0.800000,0.000001,8
3gv9_ligand,4,100,100,200,80400,0.148020,-0.644809,8.386038,6,18,0.800000,0.000001,9
3gv9_ligand,2,100,100,200,40200,-0.648114,-0.644809,6.788487,6,18,0.800000,0.010000,0
3gv9_ligand,2,100,100,200,40200,0.217728,-0.644809,4.750339,6,18,0.800000,0.010000,10
3gv9_ligand,2,100,100,200,40200,-0.724644,-0.644809,4.730744,6,18,0.800000,0.010000,11
3gv9_ligand,2,100,100,200,40200,-0.339933,-0.644809,10.235597,6,18,0.800000,0.010000,12
3gv9_ligand,2,100,100,200,40200,-0.288547,-0.644809,6.159434,6,18,0.800000,0.010000,13
3gv9_ligand,2,100,100,200,40200,-0.404651,-0.644809,9.332655,6,18,0.800000,0.010000,14
3gv9_ligand,2,100,100,200,40200,-1.210447,-0.644809,12.167582,6,18,0.800000,0.010000,15
3gv9_ligand,2,100,100,200,40200,0.028407,-0.644809,9.256134,6,18,0.800000,0.010000,16
3gv9_ligand,2,100,100,200,40200,-0.901540,-0.644809,5.387724,6,18,0.800000,0.010000,17
3gv9_ligand,2,100,100,200,40200,-0.817936,-0.644809,9.262516,6,18,0.800000,0.010000,18
3gv9_ligand,2,100,100,200,40200,-0.973870,-0.644809,12.393958,6,18,0.800000,0.010000,19
3gv9_ligand,2,100,100,200,40200,-0.775976,-0.644809,9.381988,6,18,0.800000,0.010000,1
3gv9_ligand,2,100,100,200,40200,-1.075927,-0.644809,4.768546,6,18,0.800000,0.010000,2
3gv9_ligand,2,100,100,200,40200,-0.515993,-0.644809,14.020462,6,18,0.800000,0.010000,3
3gv9_ligand,2,100,100,200,40200,-0.574326,-0.644809,4.907229,6,18,0.800000,0.010000,4
3gv9_ligand,2,100,100,200,40200,-1.338642,-0.644809,7.982765,6,18,0.800000,0.010000,5
3gv9_ligand,2,100,100,200,40200,-0.621140,-0.644809,11.551419,6,18,0.800000,0.010000,6
3gv9_ligand,2,100,100,200,40200,-0.431113,-0.644809,9.108335,6,18,0.800000,0.010000,7
3gv9_ligand,2,100,100,200,40200,-0.192860,-0.644809,6.841417,6,18,0.800000,0.010000,8
3gv9_ligand,2,100,100,200,40200,-0.290158,-0.644809,4.914976,6,18,0.800000,0.010000,9
3gv9_ligand,6,100,100,200,120600,0.165592,-0.644809,10.382018,6,18,0.900000,0.000001,0
3gv9_ligand,6,100,100,200,120600,0.149930,-0.644809,8.290853,6,18,0.900000,0.000001,10
3gv9_ligand,4,100,100,200,80400,-0.638818,-0.644809,6.916200,6,18,0.900000,0.000001,11
3gv9_ligand,4,100,100,200,80400,-0.260227,-0.644809,10.515373,6,18,0.900000,0.000001,12
3gv9_ligand,4,100,100,200,80400,0.335592,-0.644809,9.665228,6,18,0.900000,0.000001,13
3gv9_ligand,6,100,100,200,120600,-0.149096,-0.644809,8.195617,6,18,0.900000,0.000001,14
3gv9_ligand,4,100,100,200,80400,0.140392,-0.644809,12.143393,6,18,0.900000,0.000001,15
3gv9_ligand,4,100,100,200,80400,0.084312,-0.644809,9.011205,6,18,0.900000,0.000001,16
3gv9_ligand,60,100,100,200,1206000,0.339268,-0.644809,8.000406,6,18,0.900000,0.000001,17
3gv9_ligand,2,100,100,200,40200,0.349137,-0.644809,9.732367,6,18,0.900000,0.000001,18
3gv9_ligand,4,100,100,200,80400,0.289522,-0.644809,5.360273,6,18,0.900000,0.000001,19
3gv9_ligand,26,100,100,200,522600,0.336546,-0.644809,12.586018,6,18,0.900000,0.000001,1
3gv9_ligand,4,100,100,200,80400,-0.133298,-0.644809,6.359011,6,18,0.900000,0.000001,2
3gv9_ligand,4,100,100,200,80400,-0.143141,-0.644809,11.738369,6,18,0.900000,0.000001,3
3gv9_ligand,4,100,100,200,80400,0.091093,-0.644809,10.020383,6,18,0.900000,0.000001,4
3gv9_ligand,4,100,100,200,80400,-0.628635,-0.644809,6.742668,6,18,0.900000,0.000001,5
3gv9_ligand,4,100,100,200,80400,0.085894,-0.644809,9.168308,6,18,0.900000,0.000001,6
3gv9_ligand,8,100,100,200,160800,0.293905,-0.644809,12.149076,6,18,0.900000,0.000001,7
3gv9_ligand,8,100,100,200,160800,0.305487,-0.644809,6.555296,6,18,0.900000,0.000001,8
3gv9_ligand,4,100,100,200,80400,-0.010896,-0.644809,10.425342,6,18,0.900000,0.000001,9
3gv9_ligand,2,100,100,200,40200,-0.132750,-0.644809,8.058921,6,18,0.900000,0.010000,0
3gv9_ligand,4,100,100,200,80400,0.081306,-0.644809,5.126516,6,18,0.900000,0.010000,10
3gv9_ligand,2,100,100,200,40200,-0.379972,-0.644809,4.902725,6,18,0.900000,0.010000,11
3gv9_ligand,4,100,100,200,80400,-0.430560,-0.644809,10.257028,6,18,0.900000,0.010000,12
3gv9_ligand,2,100,100,200,40200,0.018499,-0.644809,3.111492,6,18,0.900000,0.010000,13
3gv9_ligand,2,100,100,200,40200,-0.245603,-0.644809,11.037072,6,18,0.900000,0.010000,14
3gv9_ligand,2,100,100,200,40200,-0.389231,-0.644809,12.873904,6,18,0.900000,0.010000,15
3gv9_ligand,4,100,100,200,80400,-1.006024,-0.644809,13.388337,6,18,0.900000,0.010000,16
3gv9_ligand,2,100,100,200,40200,-0.724925,-0.644809,5.396763,6,18,0.900000,0.010000,17
3gv9_ligand,2,100,100,200,40200,-0.576071,-0.644809,11.011407,6,18,0.900000,0.010000,18
3gv9_ligand,2,100,100,200,40200,-0.441437,-0.644809,7.107881,6,18,0.900000,0.010000,19
3gv9_ligand,2,100,100,200,40200,-0.456054,-0.644809,12.514839,6,18,0.900000,0.010000,1
3gv9_ligand,2,100,100,200,40200,-0.281267,-0.644809,5.024334,6,18,0.900000,0.010000,2
3gv9_ligand,2,100,100,200,40200,-0.329513,-0.644809,12.340453,6,18,0.900000,0.010000,3
3gv9_ligand,2,100,100,200,40200,-0.220620,-0.644809,11.568871,6,18,0.900000,0.010000,4
3gv9_ligand,2,100,100,200,40200,-0.604905,-0.644809,6.688419,6,18,0.900000,0.010000,5
3gv9_ligand,2,100,100,200,40200,-0.034601,-0.644809,8.611503,6,18,0.900000,0.010000,6
3gv9_ligand,2,100,100,200,40200,0.223233,-0.644809,5.597168,6,18,0.900000,0.010000,7
3gv9_ligand,2,100,100,200,40200,0.335305,-0.644809,6.469258,6,18,0.900000,0.010000,8
3gv9_ligand,2,100,100,200,40200,-0.319316,-0.644809,5.031911,6,18,0.900000,0.010000,9
3gv9_ligand,8,100,100,200,160800,0.138408,-0.644809,10.636136,6,18,0.950000,0.000001,0
3gv9_ligand,6,100,100,200,120600,0.037989,-0.644809,6.902837,6,18,0.950000,0.000001,10
3gv9_ligand,4,100,100,200,80400,-0.654373,-0.644809,6.929690,6,18,0.950000,0.000001,11
3gv9_ligand,6,100,100,200,120600,-0.131062,-0.644809,10.529586,6,18,0.950000,0.000001,12
3gv9_ligand,36,100,100,200,723600,0.243144,-0.644809,9.078622,6,18,0.950000,0.000001,13
3gv9_ligand,6,100,100,200,120600,0.148034,-0.644809,10.148050,6,18,0.950000,0.000001,14
3gv9_ligand,6,100,100,200,120600,0.197462,-0.644809,11.138881,6,18,0.950000,0.000001,15
3gv9_ligand,6,100,100,200,120600,0.059594,-0.644809,8.967325,6,18,0.950000,0.000001,16
3gv9_ligand,8,100,100,200,160800,0.285815,-0.644809,11.360236,6,18,0.950000,0.000001,17
3gv9_ligand,4,100,100,200,80400,0.074336,-0.644809,9.766497,6,18,0.950000,0.000001,18
3gv9_ligand,22,100,100,200,442200,0.354760,-0.644809,10.354238,6,18,0.950000,0.000001,19
3gv9_ligand,122,100,100,200,2452200,0.132459,-0.644809,11.254545,6,18,0.950000,0.000001,1
3gv9_ligand,4,100,100,200,80400,0.021143,-0.644809,5.529343,6,18,0.950000,0.000001,2
3gv9_ligand,4,100,100,200,80400,0.020004,-0.644809,10.819740,6,18,0.950000,0.000001,3
3gv9_ligand,6,100,100,200,120600,0.253990,-0.644809,12.253548,6,18,0.950000,0.000001,4
3gv9_ligand,4,100,100,200,80400,-0.312234,-0.644809,6.796550,6,18,0.950000,0.000001,5
3gv9_ligand,6,100,100,200,120600,-0.174943,-0.644809,9.318496,6,18,0.950000,0.000001,6
3gv9_ligand,8,100,100,200,160800,0.247563,-0.644809,11.597170,6,18,0.950000,0.000001,7
3gv9_ligand,6,100,100,200,120600,0.346377,-0.644809,6.339241,6,18,0.950000,0.000001,8
3gv9_ligand,4,100,100,200,80400,0.292372,-0.644809,8.695614,6,18,0.950000,0.000001,9
3gv9_ligand,2,100,100,200,40200,-0.070079,-0.644809,7.952090,6,18,0.950000,0.010000,0
3gv9_ligand,4,100,100,200,80400,-0.532438,-0.644809,11.282174,6,18,0.950000,0.010000,10
3gv9_ligand,2,100,100,200,40200,0.148007,-0.644809,5.065244,6,18,0.950000,0.010000,11
3gv9_ligand,4,100,100,200,80400,-0.613012,-0.644809,8.852447,6,18,0.950000,0.010000,12
3gv9_ligand,4,100,100,200,80400,0.043968,-0.644809,9.131953,6,18,0.950000,0.010000,13
3gv9_ligand,4,100,100,200,80400,-1.243405,-0.644809,9.455882,6,18,0.950000,0.010000,14
3gv9_ligand,2,100,100,200,40200,0.295350,-0.644809,12.201241,6,18,0.950000,0.010000,15
3gv9_ligand,2,100,100,200,40200,0.326546,-0.644809,10.471932,6,18,0.950000,0.010000,16
3gv9_ligand,2,100,100,200,40200,0.170660,-0.644809,5.661051,6,18,0.950000,0.010000,17
3gv9_ligand,2,100,100,200,40200,0.294707,-0.644809,11.820095,6,18,0.950000,0.010000,18
3gv9_ligand,2,100,100,200,40200,-0.068686,-0.644809,11.722653,6,18,0.950000,0.010000,19
3gv9_ligand,4,100,100,200,80400,-0.568775,-0.644809,12.401273,6,18,0.950000,0.010000,1
3gv9_ligand,2,100,100,200,40200,0.072913,-0.644809,4.590716,6,18,0.950000,0.010000,2
3gv9_ligand,4,100,100,200,80400,-1.536924,-0.644809,11.687463,6,18,0.950000,0.010000,3
3gv9_ligand,2,100,100,200,40200,-0.058345,-0.644809,11.467860,6,18,0.950000,0.010000,4
3gv9_ligand,2,100,100,200,40200,-0.240377,-0.644809,8.520271,6,18,0.950000,0.010000,5
3gv9_ligand,4,100,100,200,80400,-0.542989,-0.644809,8.625756,6,18,0.950000,0.010000,6
3gv9_ligand,4,100,100,200,80400,-0.143682,-0.644809,11.208090,6,18,0.950000,0.010000,7
3gv9_ligand,4,100,100,200,80400,-0.140934,-0.644809,5.793687,6,18,0.950000,0.010000,8
3gv9_ligand,2,100,100,200,40200,0.215156,-0.644809,8.914829,6,18,0.950000,0.010000,9
3k5v_ligand,18,100,100,200,361800,0.311121,-0.654886,34.460686,6,40,0.800000,0.000001,0
3k5v_ligand,44,100,100,200,884400,0.337426,-0.654886,35.680191,6,40,0.800000,0.000001,10
3k5v_ligand,14,100,100,200,281400,0.211940,-0.654886,31.951101,6,40,0.800000,0.000001,11
3k5v_ligand,8,100,100,200,160800,0.303733,-0.654886,33.962143,6,40,0.800000,0.000001,12
3k5v_ligand,392,100,100,200,7879200,1.152459,-0.654886,34.184799,6,40,0.800000,0.000001,13
3k5v_ligand,10,100,100,200,201000,0.118393,-0.654886,32.561237,6,40,0.800000,0.000001,14
3k5v_ligand,114,100,100,200,2291400,0.635784,-0.654886,33.338810,6,40,0.800000,0.000001,15
3k5v_ligand,10,100,100,200,201000,0.257324,-0.654886,34.311970,6,40,0.800000,0.000001,16
3k5v_ligand,12,100,100,200,241200,-0.205707,-0.654886,33.821815,6,40,0.800000,0.000001,17
3k5v_ligand,166,100,100,200,3336600,0.643071,-0.654886,32.101463,6,40,0.800000,0.000001,18
3k5v_ligand,15,100,100,200,301500,0.271608,-0.654886,33.927101,6,40,0.800000,0.000001,19
3k5v_ligand,199,100,100,200,3999900,0.618391,-0.654886,32.610107,6,40,0.800000,0.000001,1
3k5v_ligand,12,100,100,200,241200,0.234575,-0.654886,36.386993,6,40,0.800000,0.000001,2
3k5v_ligand,311,100,100,200,6251100,1.154507,-0.654886,33.672703,6,40,0.800000,0.000001,3
3k5v_ligand,16,100,100,200,321600,-0.098401,-0.654886,35.106915,6,40,0.800000,0.000001,4
3k5v_ligand,262,100,100,200,5266200,0.530847,-0.654886,34.946167,6,40,0.800000,0.000001,5
3k5v_ligand,113,100,100,200,2271300,0.372676,-0.654886,32.185417,6,40,0.800000,0.000001,6
3k5v_ligand,18,100,100,200,361800,0.326116,-0.654886,34.979328,6,40,0.800000,0.000001,7
3k5v_ligand,10,100,100,200,201000,0.273369,-0.654886,35.218372,6,40,0.800000,0.000001,8
3k5v_ligand,204,100,100,200,4100400,0.793521,-0.654886,33.301525,6,40,0.800000,0.000001,9
3k5v_ligand,2,100,100,200,40200,-0.131335,-0.654886,35.636112,6,40,0.800000,0.010000,0
3k5v_ligand,2,100,100,200,40200,-0.316648,-0.654886,36.539673,6,40,0.800000,0.010000,10
3k5v_ligand,2,100,100,200,40200,-0.124014,-0.654886,36.198536,6,40,0.800000,0.010000,11
3k5v_ligand,2,100,100,200,40200,0.226941,-0.654886,36.360115,6,40,0.800000,0.010000,12
3k5v_ligand,4,100,100,200,80400,-0.141125,-0.654886,34.866650,6,40,0.800000,0.010000,13
3k5v_ligand,2,100,100,200,40200,-0.740166,-0.654886,31.995117,6,40,0.800000,0.010000,14
3k5v_ligand,2,100,100,200,40200,-0.490456,-0.654886,32.188210,6,40,0.800000,0.010000,15
3k5v_ligand,2,100,100,200,40200,-0.367259,-0.654886,33.926151,6,40,0.800000,0.010000,16
3k5v_ligand,2,100,100,200,40200,-0.368213,-0.654886,33.864788,6,40,0.800000,0.010000,17
3k5v_ligand,2,100,100,200,40200,0.064351,-0.654886,32.857048,6,40,0.800000,0.010000,18
3k5v_ligand,2,100,100,200,40200,0.286909,-0.654886,33.078861,6,40,0.800000,0.010000,19
3k5v_ligand,6,100,100,200,120600,0.259974,-0.654886,33.538578,6,40,0.800000,0.010000,1
3k5v_ligand,2,100,100,200,40200,-1.048038,-0.654886,31.815718,6,40,0.800000,0.010000,2
3k5v_ligand,4,100,100,200,80400,0.312200,-0.654886,34.234016,6,40,0.800000,0.010000,3
3k5v_ligand,2,100,100,200,40200,0.094734,-0.654886,32.252296,6,40,0.800000,0.010000,4
3k5v_ligand,2,100,100,200,40200,0.052150,-0.654886,35.645264,6,40,0.800000,0.010000,5
3k5v_ligand,2,100,100,200,40200,0.050551,-0.654886,31.487255,6,40,0.800000,0.010000,6
3k5v_ligand,2,100,100,200,40200,-0.428225,-0.654886,34.738304,6,40,0.800000,0.010000,7
3k5v_ligand,2,100,100,200,40200,0.236279,-0.654886,35.042202,6,40,0.800000,0.010000,8
3k5v_ligand,2,100,100,200,40200,-0.072889,-0.654886,32.518410,6,40,0.800000,0.010000,9
3k5v_ligand,10,100,100,200,201000,0.301967,-0.654886,34.562206,6,40,0.900000,0.000001,0
3k5v_ligand,48,100,100,200,964800,0.317060,-0.654886,35.609116,6,40,0.900000,0.000001,10
3k5v_ligand,14,100,100,200,281400,0.338617,-0.654886,32.032845,6,40,0.900000,0.000001,11
3k5v_ligand,8,100,100,200,160800,0.294713,-0.654886,33.945610,6,40,0.900000,0.000001,12
3k5v_ligand,418,100,100,200,8401800,1.153876,-0.654886,34.185684,6,40,0.900000,0.000001,13
3k5v_ligand,16,100,100,200,321600,0.248164,-0.654886,32.967197,6,40,0.900000,0.000001,14
3k5v_ligand,511,100,100,200,10271100,0.626277,-0.654886,33.565273,6,40,0.900000,0.000001,15
3k5v_ligand,8,100,100,200,160800,0.111369,-0.654886,34.299889,6,40,0.900000,0.000001,16
3k5v_ligand,14,100,100,200,281400,-0.078806,-0.654886,33.829063,6,40,0.900000,0.000001,17
3k5v_ligand,32,100,100,200,643200,0.249440,-0.654886,31.549639,6,40,0.900000,0.000001,18
3k5v_ligand,12,100,100,200,241200,0.282902,-0.654886,33.908031,6,40,0.900000,0.000001,19
3k5v_ligand,460,100,100,200,9246000,0.578591,-0.654886,32.529678,6,40,0.900000,0.000001,1
3k5v_ligand,12,100,100,200,241200,0.258477,-0.654886,36.531208,6,40,0.900000,0.000001,2
3k5v_ligand,329,100,100,200,6612900,1.153186,-0.654886,33.677937,6,40,0.900000,0.000001,3
3k5v_ligand,18,100,100,200,361800,0.301957,-0.654886,36.608421,6,40,0.900000,0.000001,4
3k5v_ligand,304,100,100,200,6110400,0.279619,-0.654886,32.101681,6,40,0.900000,0.000001,5
3k5v_ligand,160,100,100,200,3216000,0.346949,-0.654886,32.170334,6,40,0.900000,0.000001,6
3k5v_ligand,8,100,100,200,160800,0.338100,-0.654886,35.043732,6,40,0.900000,0.000001,7
3k5v_ligand,14,100,100,200,281400,0.186513,-0.654886,35.246197,6,40,0.900000,0.000001,8
3k5v_ligand,344,100,100,200,6914400,0.692792,-0.654886,32.595661,6,40,0.900000,0.000001,9
3k5v_ligand,4,100,100,200,80400,-0.124884,-0.654886,35.513783,6,40,0.900000,0.010000,0
3k5v_ligand,3,100,100,200,60300,0.328882,-0.654886,36.912464,6,40,0.900000,0.010000,10
3k5v_ligand,4,100,100,200,80400,-0.953860,-0.654886,32.331776,6,40,0.900000,0.010000,11
3k5v_ligand,4,100,100,200,80400,-0.554003,-0.654886,33.984951,6,40,0.900000,0.010000,12
3k5v_ligand,6,100,100,200,120600,0.133281,-0.654886,34.979725,6,40,0.900000,0.010000,13
3k5v_ligand,6,100,100,200,120600,0.231614,-0.654886,33.299080,6,40,0.900000,0.010000,14
3k5v_ligand,4,100,100,200,80400,-0.194095,-0.654886,32.339096,6,40,0.900000,0.010000,15
3k5v_ligand,4,100,100,200,80400,-0.934660,-0.654886,34.341175,6,40,0.900000,0.010000,16
3k5v_ligand,4,100,100,200,80400,-0.441356,-0.654886,31.285267,6,40,0.900000,0.010000,17
3k5v_ligand,4,100,100,200,80400,-0.028957,-0.654886,32.854336,6,40,0.900000,0.010000,18
3k5v_ligand,4,100,100,200,80400,-0.053043,-0.654886,34.610172,6,40,0.900000,0.010000,19
3k5v_ligand,8,100,100,200,160800,0.291312,-0.654886,33.634590,6,40,0.900000,0.010000,1
3k5v_ligand,2,100,100,200,40200,-0.735207,-0.654886,31.246927,6,40,0.900000,0.010000,2
3k5v_ligand,10,100,100,200,201000,0.266651,-0.654886,35.430115,6,40,0.900000,0.010000,3
3k5v_ligand,4,100,100,200,80400,-0.086893,-0.654886,37.429657,6,40,0.900000,0.010000,4
3k5v_ligand,4,100,100,200,80400,0.318066,-0.654886,34.656811,6,40,0.900000,0.010000,5
3k5v_ligand,2,100,100,200,40200,0.242386,-0.654886,33.144966,6,40,0.900000,0.010000,6
3k5v_ligand,4,100,100,200,80400,-0.769362,-0.654886,34.643604,6,40,0.900000,0.010000,7
3k5v_ligand,4,100,100,200,80400,-0.151089,-0.654886,35.148445,6,40,0.900000,0.010000,8
3k5v_ligand,2,100,100,200,40200,0.066957,-0.654886,32.734821,6,40,0.900000,0.010000,9
3k5v_ligand,241,100,100,200,4844100,0.346049,-0.654886,34.162670,6,40,0.950000,0.000001,0
3k5v_ligand,58,100,100,200,1165800,0.340218,-0.654886,35.365067,6,40,0.950000,0.000001,10
3k5v_ligand,192,100,100,200,3859200,0.492313,-0.654886,31.904993,6,40,0.950000,0.000001,11
3k5v_ligand,8,100,100,200,160800,0.324243,-0.654886,33.954288,6,40,0.950000,0.000001,12
3k5v_ligand,426,100,100,200,8562600,0.734698,-0.654886,34.962360,6,40,0.950000,0.000001,13
3k5v_ligand,18,100,100,200,361800,0.237054,-0.654886,33.262894,6,40,0.950000,0.000001,14
3k5v_ligand,158,100,100,200,3175800,0.344765,-0.654886,33.194393,6,40,0.950000,0.000001,15
3k5v_ligand,10,100,100,200,201000,0.215728,-0.654886,34.356178,6,40,0.950000,0.000001,16
3k5v_ligand,750,100,100,200,15075000,9.164461,-0.654886,30.598022,6,40,0.950000,0.000001,17
3k5v_ligand,50,100,100,200,1005000,0.331294,-0.654886,31.620676,6,40,0.950000,0.000001,18
3k5v_ligand,12,100,100,200,241200,0.049581,-0.654886,33.745453,6,40,0.950000,0.000001,19
3k5v_ligand,330,100,100,200,6633000,0.414204,-0.654886,32.526638,6,40,0.950000,0.000001,1
3k5v_ligand,12,100,100,200,241200,0.239444,-0.654886,36.477692,6,40,0.950000,0.000001,2
3k5v_ligand,631,100,100,200,12683100,0.650596,-0.654886,34.136288,6,40,0.950000,0.000001,3
3k5v_ligand,16,100,100,200,321600,0.162191,-0.654886,37.072979,6,40,0.950000,0.000001,4
3k5v_ligand,154,100,100,200,3095400,0.338687,-0.654886,31.825125,6,40,0.950000,0.000001,5
3k5v_ligand,168,100,100,200,3376800,0.346974,-0.654886,32.170204,6,40,0.950000,0.000001,6
3k5v_ligand,16,100,100,200,321600,0.256461,-0.654886,35.116451,6,40,0.950000,0.000001,7
3k5v_ligand,614,100,100,200,12341400,0.674061,-0.654886,35.183491,6,40,0.950000,0.000001,8
3k5v_ligand,115,100,100,200,2311500,0.749038,-0.654886,32.740662,6,40,0.950000,0.000001,9
3k5v_ligand,4,100,100,200,80400,0.145246,-0.654886,34.836044,6,40,0.950000,0.010000,0
3k5v_ligand,4,100,100,200,80400,0.115595,-0.654886,37.304756,6,40,0.950000,0.010000,10
3k5v_ligand,6,100,100,200,120600,-0.311815,-0.654886,35.720272,6,40,0.950000,0.010000,11
3k5v_ligand,4,100,100,200,80400,-0.544152,-0.654886,33.626900,6,40,0.950000,0.010000,12
3k5v_ligand,6,100,100,200,120600,-0.411617,-0.654886,33.792309,6,40,0.950000,0.010000,13
3k5v_ligand,4,100,100,200,80400,-0.276861,-0.654886,32.202934,6,40,0.950000,0.010000,14
3k5v_ligand,4,100,100,200,80400,-0.016638,-0.654886,34.572887,6,40,0.950000,0.010000,15
3k5v_ligand,4,100,100,200,80400,0.005327,-0.654886,31.773794,6,40,0.950000,0.010000,16
3k5v_ligand,4,100,100,200,80400,-0.461347,-0.654886,33.785103,6,40,0.950000,0.010000,17
3k5v_ligand,6,100,100,200,120600,0.139085,-0.654886,31.533142,6,40,0.950000,0.010000,18
3k5v_ligand,6,100,100,200,120600,-0.113741,-0.654886,35.210411,6,40,0.950000,0.010000,19
3k5v_ligand,101,100,100,200,2030100,0.598796,-0.654886,32.781288,6,40,0.950000,0.010000,1
3k5v_ligand,4,100,100,200,80400,-0.285176,-0.654886,31.164803,6,40,0.950000,0.010000,2
3k5v_ligand,14,100,100,200,281400,0.328291,-0.654886,37.237488,6,40,0.950000,0.010000,3
3k5v_ligand,4,100,100,200,80400,-0.079416,-0.654886,35.202862,6,40,0.950000,0.010000,4
3k5v_ligand,6,100,100,200,120600,0.319354,-0.654886,34.798359,6,40,0.950000,0.010000,5
3k5v_ligand,4,100,100,200,80400,0.144734,-0.654886,33.189308,6,40,0.950000,0.010000,6
3k5v_ligand,4,100,100,200,80400,-0.479405,-0.654886,34.506817,6,40,0.950000,0.010000,7
3k5v_ligand,5,100,100,200,100500,0.099643,-0.654886,34.267990,6,40,0.950000,0.010000,8
3k5v_ligand,4,100,100,200,80400,-0.165689,-0.654886,32.379791,6,40,0.950000,0.010000,9
3lka_ligand,5,100,100,200,100500,-3.939612,-4.840909,2.773897,3,21,0.800000,0.000001,0
3lka_ligand,4,100,100,200,80400,-3.939696,-4.840909,2.832225,3,21,0.800000,0.000001,10
3lka_ligand,6,100,100,200,120600,-3.934327,-4.840909,4.173426,3,21,0.800000,0.000001,11
3lka_ligand,6,100,100,200,120600,-4.150766,-4.840909,8.316607,3,21,0.800000,0.000001,12
3lka_ligand,8,100,100,200,160800,-3.962107,-4.840909,7.658291,3,21,0.800000,0.000001,13
3lka_ligand,105,100,100,200,2110500,-2.991000,-4.840909,17.232533,3,21,0.800000,0.000001,14
3lka_ligand,179,100,100,200,3597900,-3.632514,-4.840909,8.821448,3,21,0.800000,0.000001,15
3lka_ligand,349,100,100,200,7014900,-1.297410,-4.840909,15.994080,3,21,0.800000,0.000001,16
3lka_ligand,10,100,100,200,201000,-4.517748,-4.840909,2.415369,3,21,0.800000,0.000001,17
3lka_ligand,10,100,100,200,201000,-3.900650,-4.840909,2.530295,3,21,0.800000,0.000001,18
3lka_ligand,4,100,100,200,80400,-4.098216,-4.840909,5.550639,3,21,0.800000,0.000001,19
3lka_ligand,14,100,100,200,281400,-3.842457,-4.840909,9.798557,3,21,0.800000,0.000001,1
3lka_ligand,52,100,100,200,1045200,-2.967260,-4.840909,6.071336,3,21,0.800000,0.000001,2
3lka_ligand,7,100,100,200,140700,-3.935425,-4.840909,5.834798,3,21,0.800000,0.000001,3
3lka_ligand,10,100,100,200,201000,-3.871935,-4.840909,2.410098,3,21,0.800000,0.000001,4
3lka_ligand,30,100,100,200,603000,-3.847879,-4.840909,7.978955,3,21,0.800000,0.000001,5
3lka_ligand,363,100,100,200,7296300,-0.786948,-4.840909,15.646262,3,21,0.800000,0.000001,6
3lka_ligand,6,100,100,200,120600,-4.097809,-4.840909,5.648867,3,21,0.800000,0.000001,7
3lka_ligand,246,100,100,200,4944600,-3.596079,-4.840909,18.401852,3,21,0.800000,0.000001,8
3lka_ligand,6,100,100,200,120600,-3.963765,-4.840909,3.730991,3,21,0.800000,0.000001,9
3lka_ligand,2,100,100,200,40200,-4.160216,-4.840909,2.901719,3,21,0.800000,0.010000,0
3lka_ligand,2,100,100,200,40200,-5.535322,-4.840909,2.358434,3,21,0.800000,0.010000,10
3lka_ligand,2,100,100,200,40200,-4.223231,-4.840909,4.050209,3,21,0.800000,0.010000,11
3lka_ligand,3,100,100,200,60300,-3.909267,-4.840909,8.293418,3,21,0.800000,0.010000,12
3lka_ligand,2,100,100,200,40200,-4.255888,-4.840909,7.303697,3,21,0.800000,0.010000,13
3lka_ligand,141,100,100,200,2834100,-3.810200,-4.840909,18.083529,3,21,0.800000,0.010000,14
3lka_ligand,2,100,100,200,40200,-5.147882,-4.840909,2.648627,3,21,0.800000,0.010000,15
3lka_ligand,4,100,100,200,80400,-4.476247,-4.840909,17.911451,3,21,0.800000,0.010000,16
3lka_ligand,2,100,100,200,40200,-5.366117,-4.840909,2.598373,3,21,0.800000,0.010000,17
3lka_ligand,4,100,100,200,80400,-4.744764,-4.840909,1.577206,3,21,0.800000,0.010000,18
3lka_ligand,2,100,100,200,40200,-5.238215,-4.840909,2.831106,3,21,0.800000,0.010000,19
3lka_ligand,2,100,100,200,40200,-4.502751,-4.840909,2.705711,3,21,0.800000,0.010000,1
3lka_ligand,2,100,100,200,40200,-5.391511,-4.840909,2.414356,3,21,0.800000,0.010000,2
3lka_ligand,2,100,100,200,40200,-4.437923,-4.840909,5.789129,3,21,0.800000,0.010000,3
3lka_ligand,4,100,100,200,80400,-5.378664,-4.840909,2.340827,3,21,0.800000,0.010000,4
3lka_ligand,2,100,100,200,40200,-4.257334,-4.840909,2.851249,3,21,0.800000,0.010000,5
3lka_ligand,60,100,100,200,1206000,-4.084108,-4.840909,18.063217,3,21,0.800000,0.010000,6
3lka_ligand,2,100,100,200,40200,-4.622495,-4.840909,5.342227,3,21,0.800000,0.010000,7
3lka_ligand,2,100,100,200,40200,-4.722677,-4.840909,1.647139,3,21,0.800000,0.010000,8
3lka_ligand,2,100,100,200,40200,-4.928739,-4.840909,2.757088,3,21,0.800000,0.010000,9
3lka_ligand,6,100,100,200,120600,-4.742567,-4.840909,2.724753,3,21,0.900000,0.000001,0
3lka_ligand,6,100,100,200,120600,-4.942099,-4.840909,2.713081,3,21,0.900000,0.000001,10
3lka_ligand,6,100,100,200,120600,-3.865993,-4.840909,4.335086,3,21,0.900000,0.000001,11
3lka_ligand,14,100,100,200,281400,-4.032038,-4.840909,7.874141,3,21,0.900000,0.000001,12
3lka_ligand,7,100,100,200,140700,-4.042324,-4.840909,7.758890,3,21,0.900000,0.000001,13
3lka_ligand,161,100,100,200,3236100,-3.757217,-4.840909,17.922554,3,21,0.900000,0.000001,14
3lka_ligand,169,100,100,200,3396900,-3.402728,-4.840909,5.348340,3,21,0.900000,0.000001,15
3lka_ligand,281,100,100,200,5648100,-1.399796,-4.840909,16.527988,3,21,0.900000,0.000001,16
3lka_ligand,8,100,100,200,160800,-4.322991,-4.840909,2.446050,3,21,0.900000,0.000001,17
3lka_ligand,10,100,100,200,201000,-4.073830,-4.840909,2.398932,3,21,0.900000,0.000001,18
3lka_ligand,6,100,100,200,120600,-4.269754,-4.840909,5.573979,3,21,0.900000,0.000001,19
3lka_ligand,20,100,100,200,402000,-3.853795,-4.840909,9.632473,3,21,0.900000,0.000001,1
3lka_ligand,52,100,100,200,1045200,-2.844316,-4.840909,6.002650,3,21,0.900000,0.000001,2
3lka_ligand,6,100,100,200,120600,-3.973884,-4.840909,5.872178,3,21,0.900000,0.000001,3
3lka_ligand,9,100,100,200,180900,-3.991823,-4.840909,2.916375,3,21,0.900000,0.000001,4
3lka_ligand,82,100,100,200,1648200,-3.853654,-4.840909,7.171701,3,21,0.900000,0.000001,5
3lka_ligand,750,100,100,200,15075000,0.506027,-4.840909,15.940818,3,21,0.900000,0.000001,6
3lka_ligand,16,100,100,200,321600,-4.114494,-4.840909,2.726228,3,21,0.900000,0.000001,7
3lka_ligand,122,100,100,200,2452200,-3.842367,-4.840909,18.854218,3,21,0.900000,0.000001,8
3lka_ligand,8,100,100,200,160800,-3.999914,-4.840909,3.697049,3,21,0.900000,0.000001,9
3lka_ligand,2,100,100,200,40200,-3.905581,-4.840909,3.178320,3,21,0.900000,0.010000,0
3lka_ligand,2,100,100,200,40200,-4.438657,-4.840909,2.476602,3,21,0.900000,0.010000,10
3lka_ligand,4,100,100,200,80400,-4.996386,-4.840909,2.967568,3,21,0.900000,0.010000,11
3lka_ligand,4,100,100,200,80400,-4.403092,-4.840909,7.638724,3,21,0.900000,0.010000,12
3lka_ligand,2,100,100,200,40200,-3.975993,-4.840909,7.316937,3,21,0.900000,0.010000,13
3lka_ligand,18,100,100,200,361800,-3.842720,-4.840909,17.885698,3,21,0.900000,0.010000,14
3lka_ligand,2,100,100,200,40200,-5.054775,-4.840909,2.360102,3,21,0.900000,0.010000,15
3lka_ligand,6,100,100,200,120600,-4.204532,-4.840909,18.036867,3,21,0.900000,0.010000,16
3lka_ligand,2,100,100,200,40200,-4.480915,-4.840909,2.603755,3,21,0.900000,0.010000,17
3lka_ligand,4,100,100,200,80400,-4.095456,-4.840909,3.146086,3,21,0.900000,0.010000,18
3lka_ligand,2,100,100,200,40200,-4.431680,-4.840909,3.351632,3,21,0.900000,0.010000,19
3lka_ligand,5,100,100,200,100500,-3.918141,-4.840909,7.782625,3,21,0.900000,0.010000,1
3lka_ligand,4,100,100,200,80400,-4.563606,-4.840909,2.520872,3,21,0.900000,0.010000,2
3lka_ligand,4,100,100,200,80400,-4.390299,-4.840909,5.784672,3,21,0.900000,0.010000,3
3lka_ligand,4,100,100,200,80400,-5.288522,-4.840909,2.293586,3,21,0.900000,0.010000,4
3lka_ligand,4,100,100,200,80400,-4.778901,-4.840909,2.482700,3,21,0.900000,0.010000,5
3lka_ligand,102,100,100,200,2050200,-3.853180,-4.840909,17.956791,3,21,0.900000,0.010000,6
3lka_ligand,3,100,100,200,60300,-4.090873,-4.840909,5.431799,3,21,0.900000,0.010000,7
3lka_ligand,3,100,100,200,60300,-3.986579,-4.840909,2.503578,3,21,0.900000,0.010000,8
3lka_ligand,2,100,100,200,40200,-4.161553,-4.840909,3.012496,3,21,0.900000,0.010000,9
3lka_ligand,8,100,100,200,160800,-4.023845,-4.840909,2.999858,3,21,0.950000,0.000001,0
3lka_ligand,6,100,100,200,120600,-4.586480,-4.840909,2.718112,3,21,0.950000,0.000001,10
3lka_ligand,8,100,100,200,160800,-4.046574,-4.840909,4.470187,3,21,0.950000,0.000001,11
3lka_ligand,14,100,100,200,281400,-4.312352,-4.840909,7.886506,3,21,0.950000,0.000001,12
3lka_ligand,10,100,100,200,201000,-3.901958,-4.840909,7.680203,3,21,0.950000,0.000001,13
3lka_ligand,153,100,100,200,3075300,-3.657352,-4.840909,18.233997,3,21,0.950000,0.000001,14
3lka_ligand,330,100,100,200,6633000,-3.384920,-4.840909,5.386588,3,21,0.950000,0.000001,15
3lka_ligand,489,100,100,200,9828900,-1.138059,-4.840909,16.560894,3,21,0.950000,0.000001,16
3lka_ligand,5,100,100,200,100500,-3.906137,-4.840909,2.592062,3,21,0.950000,0.000001,17
3lka_ligand,10,100,100,200,201000,-3.903142,-4.840909,2.565046,3,21,0.950000,0.000001,18
3lka_ligand,5,100,100,200,100500,-3.917505,-4.840909,5.502845,3,21,0.950000,0.000001,19
3lka_ligand,16,100,100,200,321600,-3.845009,-4.840909,9.569896,3,21,0.950000,0.000001,1
3lka_ligand,6,100,100,200,120600,-3.967369,-4.840909,2.977791,3,21,0.950000,0.000001,2
3lka_ligand,8,100,100,200,160800,-3.879218,-4.840909,5.974799,3,21,0.950000,0.000001,3
3lka_ligand,10,100,100,200,201000,-3.961144,-4.840909,2.232616,3,21,0.950000,0.000001,4
3lka_ligand,16,100,100,200,321600,-3.842673,-4.840909,7.946541,3,21,0.950000,0.000001,5
3lka_ligand,589,100,100,200,11838900,-0.786569,-4.840909,15.647654,3,21,0.950000,0.000001,6
3lka_ligand,12,100,100,200,241200,-4.755761,-4.840909,2.471979,3,21,0.950000,0.000001,7
3lka_ligand,188,100,100,200,3778800,-3.595068,-4.840909,18.398750,3,21,0.950000,0.000001,8
3lka_ligand,12,100,100,200,241200,-3.874251,-4.840909,3.885327,3,21,0.950000,0.000001,9
3lka_ligand,4,100,100,200,80400,-4.953510,-4.840909,2.607085,3,21,0.950000,0.010000,0
3lka_ligand,4,100,100,200,80400,-5.046950,-4.840909,2.575693,3,21,0.950000,0.010000,10
3lka_ligand,4,100,100,200,80400,-4.710581,-4.840909,3.166359,3,21,0.950000,0.010000,11
3lka_ligand,4,100,100,200,80400,-3.943725,-4.840909,8.459599,3,21,0.950000,0.010000,12
3lka_ligand,4,100,100,200,80400,-4.042212,-4.840909,7.563075,3,21,0.950000,0.010000,13
3lka_ligand,6,100,100,200,120600,-4.711422,-4.840909,5.987231,3,21,0.950000,0.010000,14
3lka_ligand,4,100,100,200,80400,-5.464281,-4.840909,2.718541,3,21,0.950000,0.010000,15
3lka_ligand,12,100,100,200,241200,-3.843517,-4.840909,17.918999,3,21,0.950000,0.010000,16
3lka_ligand,4,100,100,200,80400,-5.369957,-4.840909,2.567919,3,21,0.950000,0.010000,17
3lka_ligand,4,100,100,200,80400,-3.869132,-4.840909,3.270974,3,21,0.950000,0.010000,18
3lka_ligand,4,100,100,200,80400,-4.710611,-4.840909,3.259962,3,21,0.950000,0.010000,19
3lka_ligand,10,100,100,200,201000,-4.263202,-4.840909,7.372024,3,21,0.950000,0.010000,1
3lka_ligand,4,100,100,200,80400,-5.271623,-4.840909,2.327780,3,21,0.950000,0.010000,2
3lka_ligand,4,100,100,200,80400,-4.614802,-4.840909,1.438152,3,21,0.950000,0.010000,3
3lka_ligand,4,100,100,200,80400,-4.416741,-4.840909,7.339385,3,21,0.950000,0.010000,4
3lka_ligand,4,100,100,200,80400,-4.677122,-4.840909,2.497825,3,21,0.950000,0.010000,5
3lka_ligand,303,100,100,200,6090300,-2.150048,-4.840909,13.707548,3,21,0.950000,0.010000,6
3lka_ligand,4,100,100,200,80400,-4.617013,-4.840909,5.274857,3,21,0.950000,0.010000,7
3lka_ligand,188,100,100,200,3778800,-3.842544,-4.840909,18.840088,3,21,0.950000,0.010000,8
3lka_ligand,4,100,100,200,80400,-4.625608,-4.840909,3.305943,3,21,0.950000,0.010000,9
3nw9_ligand,628,100,100,200,12622800,-2.999871,-7.317592,14.732581,19,62,0.800000,0.000001,0
3nw9_ligand,750,100,100,200,15075000,-1.573428,-7.317592,18.781393,19,62,0.800000,0.000001,10
3nw9_ligand,750,100,100,200,15075000,-2.172490,-7.317592,23.923521,19,62,0.800000,0.000001,11
3nw9_ligand,317,100,100,200,6371700,-4.635809,-7.317592,20.179440,19,62,0.800000,0.000001,12
3nw9_ligand,750,100,100,200,15075000,-2.318190,-7.317592,25.573242,19,62,0.800000,0.000001,13
3nw9_ligand,161,100,100,200,3236100,-2.268698,-7.317592,15.176908,19,62,0.800000,0.000001,14
3nw9_ligand,124,100,100,200,2492400,0.258815,-7.317592,32.894718,19,62,0.800000,0.000001,15
3nw9_ligand,708,100,100,200,14230800,-1.021370,-7.317592,29.699999,19,62,0.800000,0.000001,16
3nw9_ligand,120,100,100,200,2412000,-0.881648,-7.317592,24.702499,19,62,0.800000,0.000001,17
3nw9_ligand,750,100,100,200,15075000,-1.038424,-7.317592,29.958311,19,62,0.800000,0.000001,18
3nw9_ligand,588,100,100,200,11818800,-2.291500,-7.317592,14.939797,19,62,0.800000,0.000001,19
3nw9_ligand,302,100,100,200,6070200,-2.299669,-7.317592,11.147098,19,62,0.800000,0.000001,1
3nw9_ligand,750,100,100,200,15075000,-2.676836,-7.317592,19.828611,19,62,0.800000,0.000001,2
3nw9_ligand,512,100,100,200,10291200,-0.966232,-7.317592,29.201561,19,62,0.800000,0.000001,3
3nw9_ligand,750,100,100,200,15075000,-1.541410,-7.317592,28.934269,19,62,0.800000,0.000001,4
3nw9_ligand,447,100,100,200,8984700,-3.941959,-7.317592,28.782450,19,62,0.800000,0.000001,5
3nw9_ligand,563,100,100,200,11316300,-2.190086,-7.317592,12.125055,19,62,0.800000,0.000001,6
3nw9_ligand,750,100,100,200,15075000,-4.437104,-7.317592,27.384081,19,62,0.800000,0.000001,7
3nw9_ligand,282,100,100,200,5668200,-2.017031,-7.317592,24.054392,19,62,0.800000,0.000001,8
3nw9_ligand,750,100,100,200,15075000,-4.178164,-7.317592,18.275059,19,62,0.800000,0.000001,9
3nw9_ligand,178,100,100,200,3577800,-4.186049,-7.317592,12.263491,19,62,0.800000,0.010000,0
3nw9_ligand,286,100,100,200,5748600,-5.444736,-7.317592,10.130640,19,62,0.800000,0.010000,10
3nw9_ligand,252,100,100,200,5065200,-4.370931,-7.317592,18.064674,19,62,0.800000,0.010000,11
3nw9_ligand,111,100,100,200,2231100,-5.052950,-7.317592,20.432867,19,62,0.800000,0.010000,12
3nw9_ligand,243,100,100,200,4884300,-5.201116,-7.317592,19.723463,19,62,0.800000,0.010000,13
3nw9_ligand,113,100,100,200,2271300,-4.342900,-7.317592,22.145508,19,62,0.800000,0.010000,14
3nw9_ligand,77,100,100,200,1547700,-5.381516,-7.317592,10.901795,19,62,0.800000,0.010000,15
3nw9_ligand,34,100,100,200,683400,-6.659749,-7.317592,4.098052,19,62,0.800000,0.010000,16
3nw9_ligand,108,100,100,200,2170800,-2.070269,-7.317592,10.577651,19,62,0.800000,0.010000,17
3nw9_ligand,67,100,100,200,1346700,-3.099577,-7.317592,28.001532,19,62,0.800000,0.010000,18
3nw9_ligand,12,100,100,200,241200,-6.547775,-7.317592,10.466923,19,62,0.800000,0.010000,19
3nw9_ligand,129,100,100,200,2592900,-3.618309,-7.317592,11.006458,19,62,0.800000,0.010000,1
3nw9_ligand,91,100,100,200,1829100,-2.519796,-7.317592,20.183926,19,62,0.800000,0.010000,2
3nw9_ligand,177,100,100,200,3557700,-5.708515,-7.317592,21.794405,19,62,0.800000,0.010000,3
3nw9_ligand,166,100,100,200,3336600,-1.952041,-7.317592,26.420694,19,62,0.800000,0.010000,4
3nw9_ligand,130,100,100,200,2613000,-5.021277,-7.317592,24.617903,19,62,0.800000,0.010000,5
3nw9_ligand,36,100,100,200,723600,-6.455699,-7.317592,11.062378,19,62,0.800000,0.010000,6
3nw9_ligand,119,100,100,200,2391900,-4.321827,-7.317592,27.407135,19,62,0.800000,0.010000,7
3nw9_ligand,94,100,100,200,1889400,-4.384472,-7.317592,27.635046,19,62,0.800000,0.010000,8
3nw9_ligand,69,100,100,200,1386900,-4.317635,-7.317592,22.053858,19,62,0.800000,0.010000,9
3nw9_ligand,241,100,100,200,4844100,-1.394181,-7.317592,14.280302,19,62,0.900000,0.000001,0
3nw9_ligand,750,100,100,200,15075000,-2.551415,-7.317592,17.802216,19,62,0.900000,0.000001,10
3nw9_ligand,572,100,100,200,11497200,-1.580019,-7.317592,13.366766,19,62,0.900000,0.000001,11
3nw9_ligand,262,100,100,200,5266200,-2.274672,-7.317592,23.489218,19,62,0.900000,0.000001,12
3nw9_ligand,750,100,100,200,15075000,-4.811052,-7.317592,19.542021,19,62,0.900000,0.000001,13
3nw9_ligand,174,100,100,200,3497400,-1.204906,-7.317592,13.852157,19,62,0.900000,0.000001,14
3nw9_ligand,374,100,100,200,7517400,-2.926179,-7.317592,10.477903,19,62,0.900000,0.000001,15
3nw9_ligand,384,100,100,200,7718400,-2.364691,-7.317592,29.018488,19,62,0.900000,0.000001,16
3nw9_ligand,170,100,100,200,3417000,-0.942776,-7.317592,24.698093,19,62,0.900000,0.000001,17
3nw9_ligand,365,100,100,200,7336500,-0.522549,-7.317592,14.520864,19,62,0.900000,0.000001,18
3nw9_ligand,750,100,100,200,15075000,-2.853671,-7.317592,8.438081,19,62,0.900000,0.000001,19
3nw9_ligand,141,100,100,200,2834100,-0.807467,-7.317592,12.393445,19,62,0.900000,0.000001,1
3nw9_ligand,520,100,100,200,10452000,-2.239250,-7.317592,19.957979,19,62,0.900000,0.000001,2
3nw9_ligand,212,100,100,200,4261200,-2.507617,-7.317592,30.376257,19,62,0.900000,0.000001,3
3nw9_ligand,338,100,100,200,6793800,-2.752688,-7.317592,29.508709,19,62,0.900000,0.000001,4
3nw9_ligand,750,100,100,200,15075000,-0.814833,-7.317592,28.712624,19,62,0.900000,0.000001,5
3nw9_ligand,188,100,100,200,3778800,-2.099464,-7.317592,11.952027,19,62,0.900000,0.000001,6
3nw9_ligand,750,100,100,200,15075000,-1.292655,-7.317592,31.098293,19,62,0.900000,0.000001,7
3nw9_ligand,750,100,100,200,15075000,-2.513099,-7.317592,25.036085,19,62,0.900000,0.000001,8
3nw9_ligand,170,100,100,200,3417000,-1.317664,-7.317592,20.910212,19,62,0.900000,0.000001,9
3nw9_ligand,206,100,100,200,4140600,-5.124748,-7.317592,10.694388,19,62,0.900000,0.010000,0
3nw9_ligand,107,100,100,200,2150700,-3.243687,-7.317592,16.868164,19,62,0.900000,0.010000,10
3nw9_ligand,119,100,100,200,2391900,-2.127563,-7.317592,16.408257,19,62,0.900000,0.010000,11
3nw9_ligand,209,100,100,200,4200900,-2.873523,-7.317592,25.254339,19,62,0.900000,0.010000,12
3nw9_ligand,178,100,100,200,3577800,-5.509397,-7.317592,18.051147,19,62,0.900000,0.010000,13
3nw9_ligand,124,100,100,200,2492400,-4.030568,-7.317592,8.159433,19,62,0.900000,0.010000,14
3nw9_ligand,90,100,100,200,1809000,-3.360643,-7.317592,19.594255,19,62,0.900000,0.010000,15
3nw9_ligand,10,100,100,200,201000,-6.447383,-7.317592,4.037377,19,62,0.900000,0.010000,16
3nw9_ligand,239,100,100,200,4803900,-1.746210,-7.317592,12.575913,19,62,0.900000,0.010000,17
3nw9_ligand,130,100,100,200,2613000,-1.406428,-7.317592,14.102812,19,62,0.900000,0.010000,18
3nw9_ligand,94,100,100,200,1889400,-3.560724,-7.317592,12.742549,19,62,0.900000,0.010000,19
3nw9_ligand,66,100,100,200,1326600,-5.283844,-7.317592,9.918894,19,62,0.900000,0.010000,1
3nw9_ligand,202,100,100,200,4060200,-3.312394,-7.317592,21.271244,19,62,0.900000,0.010000,2
3nw9_ligand,178,100,100,200,3577800,-3.294539,-7.317592,28.869665,19,62,0.900000,0.010000,3
3nw9_ligand,65,100,100,200,1306500,-1.737915,-7.317592,26.404726,19,62,0.900000,0.010000,4
3nw9_ligand,314,100,100,200,6311400,-3.179552,-7.317592,28.581053,19,62,0.900000,0.010000,5
3nw9_ligand,259,100,100,200,5205900,-4.076603,-7.317592,11.475857,19,62,0.900000,0.010000,6
3nw9_ligand,156,100,100,200,3135600,-3.834394,-7.317592,29.365639,19,62,0.900000,0.010000,7
3nw9_ligand,146,100,100,200,2934600,-3.286430,-7.317592,28.956474,19,62,0.900000,0.010000,8
3nw9_ligand,69,100,100,200,1386900,-2.753594,-7.317592,20.446566,19,62,0.900000,0.010000,9
3nw9_ligand,750,100,100,200,15075000,-2.664034,-7.317592,14.606753,19,62,0.950000,0.000001,0
3nw9_ligand,750,100,100,200,15075000,-1.371867,-7.317592,18.225515,19,62,0.950000,0.000001,10
3nw9_ligand,602,100,100,200,12100200,-1.138703,-7.317592,14.682473,19,62,0.950000,0.000001,11
3nw9_ligand,426,100,100,200,8562600,-2.016824,-7.317592,26.145172,19,62,0.950000,0.000001,12
3nw9_ligand,80,100,100,200,1608000,1.137401,-7.317592,16.610138,19,62,0.950000,0.000001,13
3nw9_ligand,86,100,100,200,1728600,-1.610790,-7.317592,14.513927,19,62,0.950000,0.000001,14
3nw9_ligand,575,100,100,200,11557500,0.053229,-7.317592,34.890781,19,62,0.950000,0.000001,15
3nw9_ligand,738,100,100,200,14833800,-3.745056,-7.317592,27.618111,19,62,0.950000,0.000001,16
3nw9_ligand,262,100,100,200,5266200,-1.318112,-7.317592,21.576563,19,62,0.950000,0.000001,17
3nw9_ligand,374,100,100,200,7517400,-0.519777,-7.317592,14.513197,19,62,0.950000,0.000001,18
3nw9_ligand,750,100,100,200,15075000,-3.790039,-7.317592,17.130308,19,62,0.950000,0.000001,19
3nw9_ligand,297,100,100,200,5969700,-0.572537,-7.317592,12.529003,19,62,0.950000,0.000001,1
3nw9_ligand,456,100,100,200,9165600,-2.252833,-7.317592,20.007648,19,62,0.950000,0.000001,2
3nw9_ligand,750,100,100,200,15075000,-2.104986,-7.317592,29.151724,19,62,0.950000,0.000001,3
3nw9_ligand,448,100,100,200,9004800,-2.817109,-7.317592,27.179886,19,62,0.950000,0.000001,4
3nw9_ligand,750,100,100,200,15075000,-1.329466,-7.317592,27.260397,19,62,0.950000,0.000001,5
3nw9_ligand,434,100,100,200,8723400,-2.265464,-7.317592,12.169434,19,62,0.950000,0.000001,6
3nw9_ligand,750,100,100,200,15075000,-1.330087,-7.317592,31.180374,19,62,0.950000,0.000001,7
3nw9_ligand,382,100,100,200,7678200,-2.144038,-7.317592,24.033178,19,62,0.950000,0.000001,8
3nw9_ligand,440,100,100,200,8844000,-1.246950,-7.317592,20.914513,19,62,0.950000,0.000001,9
3nw9_ligand,238,100,100,200,4783800,-3.617441,-7.317592,16.416979,19,62,0.950000,0.010000,0
3nw9_ligand,70,100,100,200,1407000,-0.917489,-7.317592,21.586195,19,62,0.950000,0.010000,10
3nw9_ligand,76,100,100,200,1527600,-2.541188,-7.317592,15.969694,19,62,0.950000,0.010000,11
3nw9_ligand,108,100,100,200,2170800,-2.059697,-7.317592,23.417570,19,62,0.950000,0.010000,12
3nw9_ligand,188,100,100,200,3778800,-1.515593,-7.317592,13.588431,19,62,0.950000,0.010000,13
3nw9_ligand,282,100,100,200,5668200,-4.678016,-7.317592,8.759248,19,62,0.950000,0.010000,14
3nw9_ligand,60,100,100,200,1206000,-2.783562,-7.317592,11.115483,19,62,0.950000,0.010000,15
3nw9_ligand,249,100,100,200,5004900,-4.320613,-7.317592,12.361189,19,62,0.950000,0.010000,16
3nw9_ligand,150,100,100,200,3015000,-1.644211,-7.317592,21.009787,19,62,0.950000,0.010000,17
3nw9_ligand,114,100,100,200,2291400,-5.681417,-7.317592,24.290646,19,62,0.950000,0.010000,18
3nw9_ligand,110,100,100,200,2211000,-2.149930,-7.317592,16.037617,19,62,0.950000,0.010000,19
3nw9_ligand,210,100,100,200,4221000,-2.580717,-7.317592,13.257796,19,62,0.950000,0.010000,1
3nw9_ligand,84,100,100,200,1688400,-2.220922,-7.317592,19.818268,19,62,0.950000,0.010000,2
3nw9_ligand,134,100,100,200,2693400,-2.281141,-7.317592,23.523905,19,62,0.950000,0.010000,3
3nw9_ligand,214,100,100,200,4301400,-3.816267,-7.317592,25.214478,19,62,0.950000,0.010000,4
3nw9_ligand,147,100,100,200,2954700,-3.664792,-7.317592,25.573172,19,62,0.950000,0.010000,5
3nw9_ligand,283,100,100,200,5688300,-3.305918,-7.317592,13.249331,19,62,0.950000,0.010000,6
3nw9_ligand,84,100,100,200,1688400,-4.211254,-7.317592,27.414164,19,62,0.950000,0.010000,7
3nw9_ligand,116,100,100,200,2331600,-5.185819,-7.317592,22.240295,19,62,0.950000,0.010000,8
3nw9_ligand,216,100,100,200,4341600,-2.488107,-7.317592,23.222023,19,62,0.950000,0.010000,9
3p5o_ligand,204,100,100,200,4100400,0.123660,-2.251232,27.276728,15,52,0.800000,0.000001,0
3p5o_ligand,247,100,100,200,4964700,0.976493,-2.251232,21.337540,15,52,0.800000,0.000001,10
3p5o_ligand,260,100,100,200,5226000,0.809038,-2.251232,22.060644,15,52,0.800000,0.000001,11
3p5o_ligand,277,100,100,200,5567700,-0.273216,-2.251232,23.582047,15,52,0.800000,0.000001,12
3p5o_ligand,112,100,100,200,2251200,0.319179,-2.251232,19.649103,15,52,0.800000,0.000001,13
3p5o_ligand,212,100,100,200,4261200,1.079515,-2.251232,25.209042,15,52,0.800000,0.000001,14
3p5o_ligand,96,100,100,200,1929600,-1.287071,-2.251232,22.640314,15,52,0.800000,0.000001,15
3p5o_ligand,138,100,100,200,2773800,1.150512,-2.251232,19.524731,15,52,0.800000,0.000001,16
3p5o_ligand,108,100,100,200,2170800,1.599510,-2.251232,26.765312,15,52,0.800000,0.000001,17
3p5o_ligand,229,100,100,200,4602900,1.084908,-2.251232,25.439669,15,52,0.800000,0.000001,18
3p5o_ligand,82,100,100,200,1648200,0.662811,-2.251232,21.904177,15,52,0.800000,0.000001,19
3p5o_ligand,411,100,100,200,8261100,-0.404535,-2.251232,21.399933,15,52,0.800000,0.000001,1
3p5o_ligand,155,100,100,200,3115500,0.500860,-2.251232,25.989027,15,52,0.800000,0.000001,2
3p5o_ligand,108,100,100,200,2170800,1.293485,-2.251232,30.714363,15,52,0.800000,0.000001,3
3p5o_ligand,92,100,100,200,1849200,-0.129824,-2.251232,18.276932,15,52,0.800000,0.000001,4
3p5o_ligand,91,100,100,200,1829100,-0.019263,-2.251232,28.862640,15,52,0.800000,0.000001,5
3p5o_ligand,125,100,100,200,2512500,1.207206,-2.251232,21.551416,15,52,0.800000,0.000001,6
3p5o_ligand,121,100,100,200,2432100,-0.388417,-2.251232,22.051304,15,52,0.800000,0.000001,7
3p5o_ligand,234,100,100,200,4703400,-0.190539,-2.251232,19.267874,15,52,0.800000,0.000001,8
3p5o_ligand,415,100,100,200,8341500,0.632374,-2.251232,23.033707,15,52,0.800000,0.000001,9
3p5o_ligand,123,100,100,200,2472300,-0.277480,-2.251232,17.837885,15,52,0.800000,0.010000,0
3p5o_ligand,101,100,100,200,2030100,-0.588839,-2.251232,17.690706,15,52,0.800000,0.010000,10
3p5o_ligand,78,100,100,200,1567800,-0.324977,-2.251232,21.617990,15,52,0.800000,0.010000,11
3p5o_ligand,81,100,100,200,1628100,-0.875469,-2.251232,21.326111,15,52,0.800000,0.010000,12
3p5o_ligand,69,100,100,200,1386900,-0.495119,-2.251232,23.576805,15,52,0.800000,0.010000,13
3p5o_ligand,147,100,100,200,2954700,-0.086177,-2.251232,27.673809,15,52,0.800000,0.010000,14
3p5o_ligand,98,100,100,200,1969800,-0.538269,-2.251232,23.539728,15,52,0.800000,0.010000,15
3p5o_ligand,72,100,100,200,1447200,-0.218827,-2.251232,16.805275,15,52,0.800000,0.010000,16
3p5o_ligand,4,100,100,200,80400,-1.600804,-2.251232,24.810177,15,52,0.800000,0.010000,17
3p5o_ligand,79,100,100,200,1587900,-1.088381,-2.251232,27.183847,15,52,0.800000,0.010000,18
3p5o_ligand,159,100,100,200,3195900,0.302430,-2.251232,21.735229,15,52,0.800000,0.010000,19
3p5o_ligand,8,100,100,200,160800,-1.383653,-2.251232,21.008690,15,52,0.800000,0.010000,1
3p5o_ligand,16,100,100,200,321600,-1.254841,-2.251232,20.971193,15,52,0.800000,0.010000,2
3p5o_ligand,127,100,100,200,2552700,0.323610,-2.251232,20.064734,15,52,0.800000,0.010000,3
3p5o_ligand,91,100,100,200,1829100,-0.960080,-2.251232,20.662819,15,52,0.800000,0.010000,4
3p5o_ligand,8,100,100,200,160800,-1.414883,-2.251232,23.610302,15,52,0.800000,0.010000,5
3p5o_ligand,75,100,100,200,1507500,-0.821599,-2.251232,16.163042,15,52,0.800000,0.010000,6
3p5o_ligand,85,100,100,200,1708500,-0.393242,-2.251232,21.894520,15,52,0.800000,0.010000,7
3p5o_ligand,7,100,100,200,140700,-1.354200,-2.251232,23.832165,15,52,0.800000,0.010000,8
3p5o_ligand,29,100,100,200,582900,-1.257883,-2.251232,19.621864,15,52,0.800000,0.010000,9
3p5o_ligand,212,100,100,200,4261200,1.255034,-2.251232,24.884657,15,52,0.900000,0.000001,0
3p5o_ligand,116,100,100,200,2331600,0.940830,-2.251232,21.467110,15,52,0.900000,0.000001,10
3p5o_ligand,750,100,100,200,15075000,0.110150,-2.251232,21.759016,15,52,0.900000,0.000001,11
3p5o_ligand,263,100,100,200,5286300,1.658802,-2.251232,27.224897,15,52,0.900000,0.000001,12
3p5o_ligand,150,100,100,200,3015000,0.299894,-2.251232,19.593878,15,52,0.900000,0.000001,13
3p5o_ligand,134,100,100,200,2693400,0.788293,-2.251232,24.911547,15,52,0.900000,0.000001,14
3p5o_ligand,148,100,100,200,2974800,-0.725019,-2.251232,20.564745,15,52,0.900000,0.000001,15
3p5o_ligand,240,100,100,200,4824000,1.311260,-2.251232,23.056625,15,52,0.900000,0.000001,16
3p5o_ligand,26,100,100,200,522600,-1.272381,-2.251232,20.919552,15,52,0.900000,0.000001,17
3p5o_ligand,202,100,100,200,4060200,0.504711,-2.251232,26.703756,15,52,0.900000,0.000001,18
3p5o_ligand,158,100,100,200,3175800,0.120125,-2.251232,21.466648,15,52,0.900000,0.000001,19
3p5o_ligand,202,100,100,200,4060200,-0.039572,-2.251232,21.517586,15,52,0.900000,0.000001,1
3p5o_ligand,147,100,100,200,2954700,-0.302109,-2.251232,26.683912,15,52,0.900000,0.000001,2
3p5o_ligand,167,100,100,200,3356700,1.359396,-2.251232,30.644396,15,52,0.900000,0.000001,3
3p5o_ligand,229,100,100,200,4602900,1.426614,-2.251232,21.422308,15,52,0.900000,0.000001,4
3p5o_ligand,180,100,100,200,3618000,1.576232,-2.251232,21.720713,15,52,0.900000,0.000001,5
3p5o_ligand,136,100,100,200,2733600,-0.332669,-2.251232,25.316849,15,52,0.900000,0.000001,6
3p5o_ligand,114,100,100,200,2291400,0.367819,-2.251232,19.635836,15,52,0.900000,0.000001,7
3p5o_ligand,141,100,100,200,2834100,-0.029838,-2.251232,24.058119,15,52,0.900000,0.000001,8
3p5o_ligand,143,100,100,200,2874300,-0.092441,-2.251232,28.948263,15,52,0.900000,0.000001,9
3p5o_ligand,69,100,100,200,1386900,0.085637,-2.251232,17.158375,15,52,0.900000,0.010000,0
3p5o_ligand,173,100,100,200,3477300,-0.570397,-2.251232,17.654913,15,52,0.900000,0.010000,10
3p5o_ligand,117,100,100,200,2351700,-0.554083,-2.251232,18.579460,15,52,0.900000,0.010000,11
3p5o_ligand,94,100,100,200,1889400,-0.462214,-2.251232,26.625185,15,52,0.900000,0.010000,12
3p5o_ligand,83,100,100,200,1668300,-0.086946,-2.251232,27.575003,15,52,0.900000,0.010000,13
3p5o_ligand,153,100,100,200,3075300,0.549947,-2.251232,23.540848,15,52,0.900000,0.010000,14
3p5o_ligand,78,100,100,200,1567800,-0.644313,-2.251232,21.442900,15,52,0.900000,0.010000,15
3p5o_ligand,233,100,100,200,4683300,-1.075924,-2.251232,17.266420,15,52,0.900000,0.010000,16
3p5o_ligand,82,100,100,200,1648200,-0.359512,-2.251232,22.828358,15,52,0.900000,0.010000,17
3p5o_ligand,95,100,100,200,1909500,-1.068245,-2.251232,27.223928,15,52,0.900000,0.010000,18
3p5o_ligand,140,100,100,200,2814000,0.273291,-2.251232,21.612394,15,52,0.900000,0.010000,19
3p5o_ligand,128,100,100,200,2572800,-0.216784,-2.251232,20.461042,15,52,0.900000,0.010000,1
3p5o_ligand,89,100,100,200,1788900,-1.209240,-2.251232,21.941530,15,52,0.900000,0.010000,2
3p5o_ligand,141,100,100,200,2834100,0.389946,-2.251232,22.719875,15,52,0.900000,0.010000,3
3p5o_ligand,143,100,100,200,2874300,-0.330550,-2.251232,20.099386,15,52,0.900000,0.010000,4
3p5o_ligand,6,100,100,200,120600,-1.511568,-2.251232,23.863659,15,52,0.900000,0.010000,5
3p5o_ligand,144,100,100,200,2894400,-0.834383,-2.251232,16.048201,15,52,0.900000,0.010000,6
3p5o_ligand,77,100,100,200,1547700,-1.034931,-2.251232,19.757153,15,52,0.900000,0.010000,7
3p5o_ligand,108,100,100,200,2170800,0.247087,-2.251232,24.830982,15,52,0.900000,0.010000,8
3p5o_ligand,190,100,100,200,3819000,-0.502163,-2.251232,20.602291,15,52,0.900000,0.010000,9
3p5o_ligand,169,100,100,200,3396900,0.000299,-2.251232,19.383665,15,52,0.950000,0.000001,0
3p5o_ligand,254,100,100,200,5105400,0.920044,-2.251232,21.128777,15,52,0.950000,0.000001,10
3p5o_ligand,366,100,100,200,7356600,1.595680,-2.251232,22.135057,15,52,0.950000,0.000001,11
3p5o_ligand,204,100,100,200,4100400,1.401705,-2.251232,26.703711,15,52,0.950000,0.000001,12
3p5o_ligand,180,100,100,200,3618000,2.762711,-2.251232,23.642696,15,52,0.950000,0.000001,13
3p5o_ligand,250,100,100,200,5025000,0.783682,-2.251232,24.896992,15,52,0.950000,0.000001,14
3p5o_ligand,68,100,100,200,1366800,-1.297778,-2.251232,22.763241,15,52,0.950000,0.000001,15
3p5o_ligand,264,100,100,200,5306400,1.252190,-2.251232,23.342943,15,52,0.950000,0.000001,16
3p5o_ligand,170,100,100,200,3417000,0.150807,-2.251232,22.639685,15,52,0.950000,0.000001,17
3p5o_ligand,168,100,100,200,3376800,0.504002,-2.251232,26.686548,15,52,0.950000,0.000001,18
3p5o_ligand,192,100,100,200,3859200,0.660133,-2.251232,21.937895,15,52,0.950000,0.000001,19
3p5o_ligand,119,100,100,200,2391900,0.537244,-2.251232,22.310852,15,52,0.950000,0.000001,1
3p5o_ligand,264,100,100,200,5306400,-0.013604,-2.251232,22.626158,15,52,0.950000,0.000001,2
3p5o_ligand,150,100,100,200,3015000,1.334427,-2.251232,30.956835,15,52,0.950000,0.000001,3
3p5o_ligand,210,100,100,200,4221000,1.426313,-2.251232,21.422962,15,52,0.950000,0.000001,4
3p5o_ligand,154,100,100,200,3095400,1.092665,-2.251232,22.457933,15,52,0.950000,0.000001,5
3p5o_ligand,180,100,100,200,3618000,-0.442817,-2.251232,26.439709,15,52,0.950000,0.000001,6
3p5o_ligand,96,100,100,200,1929600,1.011207,-2.251232,22.520546,15,52,0.950000,0.000001,7
3p5o_ligand,146,100,100,200,2934600,-0.148692,-2.251232,20.737040,15,52,0.950000,0.000001,8
3p5o_ligand,148,100,100,200,2974800,1.040722,-2.251232,25.409170,15,52,0.950000,0.000001,9
3p5o_ligand,190,100,100,200,3819000,-0.335732,-2.251232,20.751129,15,52,0.950000,0.010000,0
3p5o_ligand,100,100,100,200,2010000,-0.644513,-2.251232,20.398794,15,52,0.950000,0.010000,10
3p5o_ligand,92,100,100,200,1849200,-0.856352,-2.251232,20.577497,15,52,0.950000,0.010000,11
3p5o_ligand,111,100,100,200,2231100,-0.477075,-2.251232,26.605717,15,52,0.950000,0.010000,12
3p5o_ligand,142,100,100,200,2854200,-0.598029,-2.251232,18.115213,15,52,0.950000,0.010000,13
3p5o_ligand,90,100,100,200,1809000,-0.090531,-2.251232,28.975935,15,52,0.950000,0.010000,14
3p5o_ligand,128,100,100,200,2572800,-0.858994,-2.251232,22.591066,15,52,0.950000,0.010000,15
3p5o_ligand,113,100,100,200,2271300,-0.388208,-2.251232,19.807978,15,52,0.950000,0.010000,16
3p5o_ligand,20,100,100,200,402000,-1.266661,-2.251232,20.997677,15,52,0.950000,0.010000,17
3p5o_ligand,14,100,100,200,281400,-1.254957,-2.251232,27.065502,15,52,0.950000,0.010000,18
3p5o_ligand,114,100,100,200,2291400,0.252979,-2.251232,21.581680,15,52,0.950000,0.010000,19
3p5o_ligand,129,100,100,200,2592900,-0.747204,-2.251232,20.221519,15,52,0.950000,0.010000,1
3p5o_ligand,36,100,100,200,723600,-1.328905,-2.251232,21.919285,15,52,0.950000,0.010000,2
3p5o_ligand,124,100,100,200,2492400,0.595535,-2.251232,27.945095,15,52,0.950000,0.010000,3
3p5o_ligand,106,100,100,200,2130600,-0.921357,-2.251232,20.617611,15,52,0.950000,0.010000,4
3p5o_ligand,8,100,100,200,160800,-1.489964,-2.251232,23.921946,15,52,0.950000,0.010000,5
3p5o_ligand,77,100,100,200,1547700,-0.351875,-2.251232,26.967113,15,52,0.950000,0.010000,6
3p5o_ligand,86,100,100,200,1728600,-0.247712,-2.251232,21.347355,15,52,0.950000,0.010000,7
3p5o_ligand,67,100,100,200,1346700,1.018083,-2.251232,24.257154,15,52,0.950000,0.010000,8
3p5o_ligand,228,100,100,200,4582800,-0.589462,-2.251232,22.296236,15,52,0.950000,0.010000,9
3qgy_ligand,110,100,100,200,2211000,0.155699,-1.487910,28.996981,7,46,0.800000,0.000001,0
3qgy_ligand,16,100,100,200,321600,-0.506780,-1.487910,20.435877,7,46,0.800000,0.000001,10
3qgy_ligand,6,100,100,200,120600,-0.577370,-1.487910,18.807682,7,46,0.800000,0.000001,11
3qgy_ligand,28,100,100,200,562800,-0.503741,-1.487910,19.540380,7,46,0.800000,0.000001,12
3qgy_ligand,75,100,100,200,1507500,0.040528,-1.487910,12.409581,7,46,0.800000,0.000001,13
3qgy_ligand,4,100,100,200,80400,-0.892679,-1.487910,23.446299,7,46,0.800000,0.000001,14
3qgy_ligand,8,100,100,200,160800,-0.513959,-1.487910,15.447732,7,46,0.800000,0.000001,15
3qgy_ligand,50,100,100,200,1005000,-0.555113,-1.487910,18.823700,7,46,0.800000,0.000001,16
3qgy_ligand,71,100,100,200,1427100,0.081348,-1.487910,18.128479,7,46,0.800000,0.000001,17
3qgy_ligand,10,100,100,200,201000,-0.623144,-1.487910,18.464001,7,46,0.800000,0.000001,18
3qgy_ligand,214,100,100,200,4301400,-0.459053,-1.487910,19.633074,7,46,0.800000,0.000001,19
3qgy_ligand,22,100,100,200,442200,-0.547376,-1.487910,18.733299,7,46,0.800000,0.000001,1
3qgy_ligand,241,100,100,200,4844100,0.084004,-1.487910,17.585886,7,46,0.800000,0.000001,2
3qgy_ligand,144,100,100,200,2894400,-0.469504,-1.487910,26.688213,7,46,0.800000,0.000001,3
3qgy_ligand,6,100,100,200,120600,-0.885396,-1.487910,21.202789,7,46,0.800000,0.000001,4
3qgy_ligand,178,100,100,200,3577800,-0.463394,-1.487910,16.158636,7,46,0.800000,0.000001,5
3qgy_ligand,127,100,100,200,2552700,0.093706,-1.487910,16.210016,7,46,0.800000,0.000001,6
3qgy_ligand,8,100,100,200,160800,-0.516161,-1.487910,17.445210,7,46,0.800000,0.000001,7
3qgy_ligand,89,100,100,200,1788900,0.073943,-1.487910,17.152828,7,46,0.800000,0.000001,8
3qgy_ligand,441,100,100,200,8864100,-0.196633,-1.487910,15.587823,7,46,0.800000,0.000001,9
3qgy_ligand,2,100,100,200,40200,-0.748976,-1.487910,30.086792,7,46,0.800000,0.010000,0
3qgy_ligand,4,100,100,200,80400,-0.710363,-1.487910,18.288662,7,46,0.800000,0.010000,10
3qgy_ligand,2,100,100,200,40200,-0.881826,-1.487910,17.427780,7,46,0.800000,0.010000,11
3qgy_ligand,2,100,100,200,40200,-1.510872,-1.487910,5.255650,7,46,0.800000,0.010000,12
3qgy_ligand,4,100,100,200,80400,-0.794988,-1.487910,16.468025,7,46,0.800000,0.010000,13
3qgy_ligand,2,100,100,200,40200,-1.865405,-1.487910,8.457543,7,46,0.800000,0.010000,14
3qgy_ligand,2,100,100,200,40200,-0.667288,-1.487910,23.340500,7,46,0.800000,0.010000,15
3qgy_ligand,2,100,100,200,40200,-0.817557,-1.487910,20.112198,7,46,0.800000,0.010000,16
3qgy_ligand,4,100,100,200,80400,-0.645921,-1.487910,21.784508,7,46,0.800000,0.010000,17
3qgy_ligand,8,100,100,200,160800,-0.547086,-1.487910,14.629797,7,46,0.800000,0.010000,18
3qgy_ligand,4,100,100,200,80400,-0.603075,-1.487910,19.370832,7,46,0.800000,0.010000,19
3qgy_ligand,2,100,100,200,40200,-0.508674,-1.487910,14.846647,7,46,0.800000,0.010000,1
3qgy_ligand,2,100,100,200,40200,-0.641556,-1.487910,9.456044,7,46,0.800000,0.010000,2
3qgy_ligand,6,100,100,200,120600,-1.032970,-1.487910,27.144335,7,46,0.800000,0.010000,3
3qgy_ligand,2,100,100,200,40200,-1.071463,-1.487910,20.188032,7,46,0.800000,0.010000,4
3qgy_ligand,4,100,100,200,80400,-0.774347,-1.487910,21.837391,7,46,0.800000,0.010000,5
3qgy_ligand,6,100,100,200,120600,-1.506814,-1.487910,9.756167,7,46,0.800000,0.010000,6
3qgy_ligand,2,100,100,200,40200,-0.604499,-1.487910,10.681561,7,46,0.800000,0.010000,7
3qgy_ligand,2,100,100,200,40200,-0.603037,-1.487910,17.062300,7,46,0.800000,0.010000,8
3qgy_ligand,4,100,100,200,80400,-0.698613,-1.487910,23.554234,7,46,0.800000,0.010000,9
3qgy_ligand,50,100,100,200,1005000,-0.560663,-1.487910,24.543104,7,46,0.900000,0.000001,0
3qgy_ligand,12,100,100,200,241200,-0.534443,-1.487910,20.379452,7,46,0.900000,0.000001,10
3qgy_ligand,8,100,100,200,160800,-0.730907,-1.487910,18.769571,7,46,0.900000,0.000001,11
3qgy_ligand,216,100,100,200,4341600,-0.647136,-1.487910,17.367790,7,46,0.900000,0.000001,12
3qgy_ligand,79,100,100,200,1587900,0.174629,-1.487910,15.456043,7,46,0.900000,0.000001,13
3qgy_ligand,4,100,100,200,80400,-0.784693,-1.487910,23.361938,7,46,0.900000,0.000001,14
3qgy_ligand,4,100,100,200,80400,-0.618071,-1.487910,22.772514,7,46,0.900000,0.000001,15
3qgy_ligand,68,100,100,200,1366800,-0.507758,-1.487910,20.677818,7,46,0.900000,0.000001,16
3qgy_ligand,26,100,100,200,522600,-0.493602,-1.487910,20.072439,7,46,0.900000,0.000001,17
3qgy_ligand,257,100,100,200,5165700,-0.261124,-1.487910,16.433830,7,46,0.900000,0.000001,18
3qgy_ligand,114,100,100,200,2291400,-0.459053,-1.487910,19.630816,7,46,0.900000,0.000001,19
3qgy_ligand,60,100,100,200,1206000,-0.494872,-1.487910,15.096564,7,46,0.900000,0.000001,1
3qgy_ligand,250,100,100,200,5025000,0.099459,-1.487910,18.734087,7,46,0.900000,0.000001,2
3qgy_ligand,26,100,100,200,522600,-0.497608,-1.487910,27.353319,7,46,0.900000,0.000001,3
3qgy_ligand,20,100,100,200,402000,-0.501104,-1.487910,18.894491,7,46,0.900000,0.000001,4
3qgy_ligand,349,100,100,200,7014900,-0.360187,-1.487910,19.626766,7,46,0.900000,0.000001,5
3qgy_ligand,124,100,100,200,2492400,0.092748,-1.487910,16.181122,7,46,0.900000,0.000001,6
3qgy_ligand,8,100,100,200,160800,-0.622852,-1.487910,17.205931,7,46,0.900000,0.000001,7
3qgy_ligand,286,100,100,200,5748600,0.276172,-1.487910,19.114004,7,46,0.900000,0.000001,8
3qgy_ligand,68,100,100,200,1366800,-0.505819,-1.487910,23.479790,7,46,0.900000,0.000001,9
3qgy_ligand,4,100,100,200,80400,-0.835419,-1.487910,29.473097,7,46,0.900000,0.010000,0
3qgy_ligand,4,100,100,200,80400,-0.573654,-1.487910,20.072897,7,46,0.900000,0.010000,10
3qgy_ligand,4,100,100,200,80400,-0.742190,-1.487910,17.503025,7,46,0.900000,0.010000,11
3qgy_ligand,2,100,100,200,40200,-0.488913,-1.487910,5.052442,7,46,0.900000,0.010000,12
3qgy_ligand,4,100,100,200,80400,-0.779830,-1.487910,16.825323,7,46,0.900000,0.010000,13
3qgy_ligand,2,100,100,200,40200,-0.726773,-1.487910,8.901318,7,46,0.900000,0.010000,14
3qgy_ligand,4,100,100,200,80400,-0.790994,-1.487910,15.032838,7,46,0.900000,0.010000,15
3qgy_ligand,3,100,100,200,60300,-0.683358,-1.487910,19.666056,7,46,0.900000,0.010000,16
3qgy_ligand,4,100,100,200,80400,-0.680878,-1.487910,21.335306,7,46,0.900000,0.010000,17
3qgy_ligand,4,100,100,200,80400,-1.156479,-1.487910,18.320963,7,46,0.900000,0.010000,18
3qgy_ligand,4,100,100,200,80400,-0.534684,-1.487910,14.676226,7,46,0.900000,0.010000,19
3qgy_ligand,6,100,100,200,120600,-0.504949,-1.487910,11.514925,7,46,0.900000,0.010000,1
3qgy_ligand,4,100,100,200,80400,-0.760083,-1.487910,28.332939,7,46,0.900000,0.010000,2
3qgy_ligand,17,100,100,200,341700,-0.514823,-1.487910,27.607212,7,46,0.900000,0.010000,3
3qgy_ligand,4,100,100,200,80400,-1.441268,-1.487910,19.500298,7,46,0.900000,0.010000,4
3qgy_ligand,3,100,100,200,60300,-0.490484,-1.487910,21.449846,7,46,0.900000,0.010000,5
3qgy_ligand,4,100,100,200,80400,-0.668124,-1.487910,6.739960,7,46,0.900000,0.010000,6
3qgy_ligand,4,100,100,200,80400,-2.104524,-1.487910,3.458952,7,46,0.900000,0.010000,7
3qgy_ligand,4,100,100,200,80400,-1.578730,-1.487910,16.870489,7,46,0.900000,0.010000,8
3qgy_ligand,4,100,100,200,80400,-0.524862,-1.487910,17.909983,7,46,0.900000,0.010000,9
3qgy_ligand,98,100,100,200,1969800,-0.129501,-1.487910,24.682686,7,46,0.950000,0.000001,0
3qgy_ligand,14,100,100,200,281400,-0.585555,-1.487910,20.489361,7,46,0.950000,0.000001,10
3qgy_ligand,26,100,100,200,522600,-0.489949,-1.487910,17.451620,7,46,0.950000,0.000001,11
3qgy_ligand,150,100,100,200,3015000,-0.440840,-1.487910,19.254681,7,46,0.950000,0.000001,12
3qgy_ligand,122,100,100,200,2452200,0.189207,-1.487910,15.459732,7,46,0.950000,0.000001,13
3qgy_ligand,10,100,100,200,201000,-0.517081,-1.487910,12.135565,7,46,0.950000,0.000001,14
3qgy_ligand,6,100,100,200,120600,-1.167623,-1.487910,23.032240,7,46,0.950000,0.000001,15
3qgy_ligand,22,100,100,200,442200,-0.494635,-1.487910,22.431633,7,46,0.950000,0.000001,16
3qgy_ligand,28,100,100,200,562800,-0.675107,-1.487910,21.894386,7,46,0.950000,0.000001,17
3qgy_ligand,268,100,100,200,5386800,0.406811,-1.487910,22.263317,7,46,0.950000,0.000001,18
3qgy_ligand,121,100,100,200,2432100,-0.104062,-1.487910,17.864799,7,46,0.950000,0.000001,19
3qgy_ligand,150,100,100,200,3015000,-0.476371,-1.487910,15.162864,7,46,0.950000,0.000001,1
3qgy_ligand,80,100,100,200,1608000,-0.552392,-1.487910,14.366751,7,46,0.950000,0.000001,2
3qgy_ligand,57,100,100,200,1145700,-0.490426,-1.487910,27.255280,7,46,0.950000,0.000001,3
3qgy_ligand,22,100,100,200,442200,-0.497963,-1.487910,19.111393,7,46,0.950000,0.000001,4
3qgy_ligand,148,100,100,200,2974800,-0.392168,-1.487910,19.542446,7,46,0.950000,0.000001,5
3qgy_ligand,66,100,100,200,1326600,-0.837435,-1.487910,15.925260,7,46,0.950000,0.000001,6
3qgy_ligand,6,100,100,200,120600,-0.509220,-1.487910,16.496212,7,46,0.950000,0.000001,7
3qgy_ligand,124,100,100,200,2492400,0.059643,-1.487910,22.320005,7,46,0.950000,0.000001,8
3qgy_ligand,136,100,100,200,2733600,0.846703,-1.487910,21.071716,7,46,0.950000,0.000001,9
3qgy_ligand,6,100,100,200,120600,-0.737513,-1.487910,27.256798,7,46,0.950000,0.010000,0
3qgy_ligand,4,100,100,200,80400,-0.622919,-1.487910,20.507133,7,46,0.950000,0.010000,10
3qgy_ligand,7,100,100,200,140700,-0.505218,-1.487910,17.687553,7,46,0.950000,0.010000,11
3qgy_ligand,4,100,100,200,80400,-1.514386,-1.487910,23.334457,7,46,0.950000,0.010000,12
3qgy_ligand,8,100,100,200,160800,-0.510634,-1.487910,12.855982,7,46,0.950000,0.010000,13
3qgy_ligand,4,100,100,200,80400,-1.568771,-1.487910,8.752096,7,46,0.950000,0.010000,14
3qgy_ligand,6,100,100,200,120600,-0.752273,-1.487910,20.018356,7,46,0.950000,0.010000,15
3qgy_ligand,8,100,100,200,160800,-0.837812,-1.487910,17.739077,7,46,0.950000,0.010000,16
3qgy_ligand,4,100,100,200,80400,-0.608228,-1.487910,21.609461,7,46,0.950000,0.010000,17
3qgy_ligand,6,100,100,200,120600,-1.298354,-1.487910,16.738222,7,46,0.950000,0.010000,18
3qgy_ligand,22,100,100,200,442200,-1.006091,-1.487910,20.595102,7,46,0.950000,0.010000,19
3qgy_ligand,6,100,100,200,120600,-0.738169,-1.487910,14.697638,7,46,0.950000,0.010000,1
3qgy_ligand,46,100,100,200,924600,-0.496488,-1.487910,19.864914,7,46,0.950000,0.010000,2
3qgy_ligand,92,100,100,200,1849200,-0.385771,-1.487910,27.494761,7,46,0.950000,0.010000,3
3qgy_ligand,4,100,100,200,80400,-1.054359,-1.487910,20.008696,7,46,0.950000,0.010000,4
3qgy_ligand,4,100,100,200,80400,-0.488334,-1.487910,21.361521,7,46,0.950000,0.010000,5
3qgy_ligand,22,100,100,200,442200,-0.596447,-1.487910,18.584442,7,46,0.950000,0.010000,6
3qgy_ligand,6,100,100,200,120600,-1.380449,-1.487910,5.732455,7,46,0.950000,0.010000,7
3qgy_ligand,12,100,100,200,241200,-0.499602,-1.487910,16.555481,7,46,0.950000,0.010000,8
3qgy_ligand,4,100,100,200,80400,-0.569996,-1.487910,22.577570,7,46,0.950000,0.010000,9
3qqs_ligand,172,100,100,200,3457200,-4.083653,-5.760470,23.638371,4,28,0.800000,0.000001,0
3qqs_ligand,6,100,100,200,120600,-5.120537,-5.760470,20.757267,4,28,0.800000,0.000001,10
3qqs_ligand,351,100,100,200,7055100,-4.582434,-5.760470,21.459042,4,28,0.800000,0.000001,11
3qqs_ligand,14,100,100,200,281400,-4.805815,-5.760470,18.404625,4,28,0.800000,0.000001,12
3qqs_ligand,102,100,100,200,2050200,-2.153038,-5.760470,19.729570,4,28,0.800000,0.000001,13
3qqs_ligand,120,100,100,200,2412000,-4.590786,-5.760470,20.615192,4,28,0.800000,0.000001,14
3qqs_ligand,136,100,100,200,2733600,-4.689477,-5.760470,21.343309,4,28,0.800000,0.000001,15
3qqs_ligand,14,100,100,200,281400,-4.830751,-5.760470,22.085760,4,28,0.800000,0.000001,16
3qqs_ligand,286,100,100,200,5748600,-3.972259,-5.760470,23.155005,4,28,0.800000,0.000001,17
3qqs_ligand,192,100,100,200,3859200,-3.942049,-5.760470,21.521767,4,28,0.800000,0.000001,18
3qqs_ligand,353,100,100,200,7095300,-4.621353,-5.760470,22.239916,4,28,0.800000,0.000001,19
3qqs_ligand,283,100,100,200,5688300,-4.377161,-5.760470,21.044559,4,28,0.800000,0.000001,1
3qqs_ligand,368,100,100,200,7396800,-4.557231,-5.760470,21.570856,4,28,0.800000,0.000001,2
3qqs_ligand,16,100,100,200,321600,-4.884271,-5.760470,21.119556,4,28,0.800000,0.000001,3
3qqs_ligand,186,100,100,200,3738600,-3.677387,-5.760470,21.440836,4,28,0.800000,0.000001,4
3qqs_ligand,694,100,100,200,13949400,-4.786051,-5.760470,22.086470,4,28,0.800000,0.000001,5
3qqs_ligand,38,100,100,200,763800,-4.843859,-5.760470,21.630657,4,28,0.800000,0.000001,6
3qqs_ligand,226,100,100,200,4542600,-3.242714,-5.760470,21.548267,4,28,0.800000,0.000001,7
3qqs_ligand,143,100,100,200,2874300,-4.488945,-5.760470,21.072557,4,28,0.800000,0.000001,8
3qqs_ligand,106,100,100,200,2130600,-4.763086,-5.760470,20.411009,4,28,0.800000,0.000001,9
3qqs_ligand,6,100,100,200,120600,-5.317710,-5.760470,22.066904,4,28,0.800000,0.010000,0
3qqs_ligand,2,100,100,200,40200,-5.595377,-5.760470,21.050055,4,28,0.800000,0.010000,10
3qqs_ligand,71,100,100,200,1427100,-4.312544,-5.760470,20.674183,4,28,0.800000,0.010000,11
3qqs_ligand,4,100,100,200,80400,-5.481481,-5.760470,21.283422,4,28,0.800000,0.010000,12
3qqs_ligand,4,100,100,200,80400,-4.878465,-5.760470,21.655371,4,28,0.800000,0.010000,13
3qqs_ligand,2,100,100,200,40200,-5.283484,-5.760470,14.355056,4,28,0.800000,0.010000,14
3qqs_ligand,4,100,100,200,80400,-5.828836,-5.760470,21.284939,4,28,0.800000,0.010000,15
3qqs_ligand,2,100,100,200,40200,-5.283840,-5.760470,21.147707,4,28,0.800000,0.010000,16
3qqs_ligand,4,100,100,200,80400,-4.961790,-5.760470,21.560471,4,28,0.800000,0.010000,17
3qqs_ligand,4,100,100,200,80400,-4.818231,-5.760470,20.797861,4,28,0.800000,0.010000,18
3qqs_ligand,20,100,100,200,402000,-4.778853,-5.760470,20.659729,4,28,0.800000,0.010000,19
3qqs_ligand,47,100,100,200,944700,-4.761222,-5.760470,21.576698,4,28,0.800000,0.010000,1
3qqs_ligand,4,100,100,200,80400,-4.767377,-5.760470,21.261408,4,28,0.800000,0.010000,2
3qqs_ligand,4,100,100,200,80400,-5.574770,-5.760470,21.349142,4,28,0.800000,0.010000,3
3qqs_ligand,8,100,100,200,160800,-4.871646,-5.760470,21.345011,4,28,0.800000,0.010000,4
3qqs_ligand,2,100,100,200,40200,-5.111332,-5.760470,21.505775,4,28,0.800000,0.010000,5
3qqs_ligand,4,100,100,200,80400,-5.643127,-5.760470,20.701822,4,28,0.800000,0.010000,6
3qqs_ligand,4,100,100,200,80400,-5.561090,-5.760470,20.578699,4,28,0.800000,0.010000,7
3qqs_ligand,4,100,100,200,80400,-4.814878,-5.760470,20.209770,4,28,0.800000,0.010000,8
3qqs_ligand,25,100,100,200,502500,-4.762688,-5.760470,20.413111,4,28,0.800000,0.010000,9
3qqs_ligand,142,100,100,200,2854200,-4.083664,-5.760470,23.637403,4,28,0.900000,0.000001,0
3qqs_ligand,50,100,100,200,1005000,-4.773063,-5.760470,20.408625,4,28,0.900000,0.000001,10
3qqs_ligand,281,100,100,200,5648100,-4.584396,-5.760470,21.437172,4,28,0.900000,0.000001,11
3qqs_ligand,70,100,100,200,1407000,-5.061601,-5.760470,17.742407,4,28,0.900000,0.000001,12
3qqs_ligand,292,100,100,200,5869200,-4.761371,-5.760470,20.149536,4,28,0.900000,0.000001,13
3qqs_ligand,257,100,100,200,5165700,-4.609987,-5.760470,20.639887,4,28,0.900000,0.000001,14
3qqs_ligand,394,100,100,200,7919400,-3.434451,-5.760470,22.858778,4,28,0.900000,0.000001,15
3qqs_ligand,14,100,100,200,281400,-4.884986,-5.760470,22.071857,4,28,0.900000,0.000001,16
3qqs_ligand,265,100,100,200,5326500,-3.053051,-5.760470,23.349751,4,28,0.900000,0.000001,17
3qqs_ligand,368,100,100,200,7396800,-5.427339,-5.760470,21.168364,4,28,0.900000,0.000001,18
3qqs_ligand,291,100,100,200,5849100,-4.646207,-5.760470,22.234367,4,28,0.900000,0.000001,19
3qqs_ligand,237,100,100,200,4763700,-4.376896,-5.760470,21.050053,4,28,0.900000,0.000001,1
3qqs_ligand,587,100,100,200,11798700,-4.579001,-5.760470,21.915350,4,28,0.900000,0.000001,2
3qqs_ligand,34,100,100,200,683400,-4.788460,-5.760470,21.270039,4,28,0.900000,0.000001,3
3qqs_ligand,391,100,100,200,7859100,-3.676835,-5.760470,21.445704,4,28,0.900000,0.000001,4
3qqs_ligand,522,100,100,200,10492200,-4.779516,-5.760470,22.090376,4,28,0.900000,0.000001,5
3qqs_ligand,26,100,100,200,522600,-4.846310,-5.760470,20.960497,4,28,0.900000,0.000001,6
3qqs_ligand,157,100,100,200,3155700,-3.609557,-5.760470,22.178442,4,28,0.900000,0.000001,7
3qqs_ligand,148,100,100,200,2974800,-4.546901,-5.760470,21.074455,4,28,0.900000,0.000001,8
3qqs_ligand,34,100,100,200,683400,-4.767138,-5.760470,20.465816,4,28,0.900000,0.000001,9
3qqs_ligand,152,100,100,200,3055200,-4.726997,-5.760470,21.200125,4,28,0.900000,0.010000,0
3qqs_ligand,2,100,100,200,40200,-5.480200,-5.760470,21.150894,4,28,0.900000,0.010000,10
3qqs_ligand,9,100,100,200,180900,-4.805702,-5.760470,21.403030,4,28,0.900000,0.010000,11
3qqs_ligand,4,100,100,200,80400,-5.663436,-5.760470,21.424589,4,28,0.900000,0.010000,12
3qqs_ligand,24,100,100,200,482400,-4.761431,-5.760470,20.409681,4,28,0.900000,0.010000,13
3qqs_ligand,4,100,100,200,80400,-4.858200,-5.760470,14.316635,4,28,0.900000,0.010000,14
3qqs_ligand,4,100,100,200,80400,-5.746108,-5.760470,21.286819,4,28,0.900000,0.010000,15
3qqs_ligand,5,100,100,200,100500,-4.764407,-5.760470,21.465326,4,28,0.900000,0.010000,16
3qqs_ligand,6,100,100,200,120600,-4.778103,-5.760470,20.994654,4,28,0.900000,0.010000,17
3qqs_ligand,23,100,100,200,462300,-4.788098,-5.760470,17.926378,4,28,0.900000,0.010000,18
3qqs_ligand,36,100,100,200,723600,-4.799277,-5.760470,20.118166,4,28,0.900000,0.010000,19
3qqs_ligand,133,100,100,200,2673300,-4.572564,-5.760470,21.189711,4,28,0.900000,0.010000,1
3qqs_ligand,6,100,100,200,120600,-4.802535,-5.760470,21.258427,4,28,0.900000,0.010000,2
3qqs_ligand,6,100,100,200,120600,-5.040265,-5.760470,21.244160,4,28,0.900000,0.010000,3
3qqs_ligand,162,100,100,200,3256200,-4.636467,-5.760470,23.505836,4,28,0.900000,0.010000,4
3qqs_ligand,4,100,100,200,80400,-5.729461,-5.760470,21.271875,4,28,0.900000,0.010000,5
3qqs_ligand,4,100,100,200,80400,-5.178668,-5.760470,21.124712,4,28,0.900000,0.010000,6
3qqs_ligand,10,100,100,200,201000,-4.815030,-5.760470,20.820583,4,28,0.900000,0.010000,7
3qqs_ligand,4,100,100,200,80400,-4.902530,-5.760470,21.785717,4,28,0.900000,0.010000,8
3qqs_ligand,7,100,100,200,140700,-4.805254,-5.760470,21.019594,4,28,0.900000,0.010000,9
3qqs_ligand,104,100,100,200,2090400,-4.058218,-5.760470,23.638491,4,28,0.950000,0.000001,0
3qqs_ligand,54,100,100,200,1085400,-4.780965,-5.760470,20.453577,4,28,0.950000,0.000001,10
3qqs_ligand,271,100,100,200,5447100,-4.693094,-5.760470,21.375162,4,28,0.950000,0.000001,11
3qqs_ligand,14,100,100,200,281400,-4.975544,-5.760470,18.074350,4,28,0.950000,0.000001,12
3qqs_ligand,88,100,100,200,1768800,-4.922540,-5.760470,20.112968,4,28,0.950000,0.000001,13
3qqs_ligand,156,100,100,200,3135600,-4.590317,-5.760470,20.616920,4,28,0.950000,0.000001,14
3qqs_ligand,469,100,100,200,9426900,-3.601876,-5.760470,22.976158,4,28,0.950000,0.000001,15
3qqs_ligand,16,100,100,200,321600,-4.805938,-5.760470,21.438627,4,28,0.950000,0.000001,16
3qqs_ligand,510,100,100,200,10251000,-3.972874,-5.760470,23.151205,4,28,0.950000,0.000001,17
3qqs_ligand,172,100,100,200,3457200,-2.248162,-5.760470,21.352003,4,28,0.950000,0.000001,18
3qqs_ligand,116,100,100,200,2331600,-4.773722,-5.760470,19.793404,4,28,0.950000,0.000001,19
3qqs_ligand,750,100,100,200,15075000,-4.754020,-5.760470,21.554056,4,28,0.950000,0.000001,1
3qqs_ligand,76,100,100,200,1527600,-4.760947,-5.760470,21.779760,4,28,0.950000,0.000001,2
3qqs_ligand,12,100,100,200,241200,-4.985491,-5.760470,21.170200,4,28,0.950000,0.000001,3
3qqs_ligand,282,100,100,200,5668200,-3.676988,-5.760470,21.444170,4,28,0.950000,0.000001,4
3qqs_ligand,282,100,100,200,5668200,-4.790346,-5.760470,22.080427,4,28,0.950000,0.000001,5
3qqs_ligand,20,100,100,200,402000,-4.924389,-5.760470,20.956783,4,28,0.950000,0.000001,6
3qqs_ligand,102,100,100,200,2050200,-3.614147,-5.760470,22.157259,4,28,0.950000,0.000001,7
3qqs_ligand,207,100,100,200,4160700,-4.488743,-5.760470,21.071579,4,28,0.950000,0.000001,8
3qqs_ligand,30,100,100,200,603000,-4.766537,-5.760470,21.242928,4,28,0.950000,0.000001,9
3qqs_ligand,70,100,100,200,1407000,-4.083198,-5.760470,23.629536,4,28,0.950000,0.010000,0
3qqs_ligand,4,100,100,200,80400,-5.472787,-5.760470,21.096922,4,28,0.950000,0.010000,10
3qqs_ligand,28,100,100,200,562800,-4.823054,-5.760470,21.022861,4,28,0.950000,0.010000,11
3qqs_ligand,8,100,100,200,160800,-5.016727,-5.760470,21.706799,4,28,0.950000,0.010000,12
3qqs_ligand,46,100,100,200,924600,-4.761451,-5.760470,20.423555,4,28,0.950000,0.010000,13
3qqs_ligand,242,100,100,200,4864200,-4.129365,-5.760470,20.906301,4,28,0.950000,0.010000,14
3qqs_ligand,6,100,100,200,120600,-5.753830,-5.760470,21.298008,4,28,0.950000,0.010000,15
3qqs_ligand,4,100,100,200,80400,-4.913867,-5.760470,21.353434,4,28,0.950000,0.010000,16
3qqs_ligand,88,100,100,200,1768800,-4.636467,-5.760470,20.528383,4,28,0.950000,0.010000,17
3qqs_ligand,6,100,100,200,120600,-4.902895,-5.760470,21.424953,4,28,0.950000,0.010000,18
3qqs_ligand,14,100,100,200,281400,-4.901371,-5.760470,20.990738,4,28,0.950000,0.010000,19
3qqs_ligand,8,100,100,200,160800,-4.765659,-5.760470,21.324162,4,28,0.950000,0.010000,1
3qqs_ligand,6,100,100,200,120600,-4.763349,-5.760470,21.290937,4,28,0.950000,0.010000,2
3qqs_ligand,50,100,100,200,1005000,-5.023606,-5.760470,20.542040,4,28,0.950000,0.010000,3
3qqs_ligand,160,100,100,200,3216000,-4.644516,-5.760470,23.491898,4,28,0.950000,0.010000,4
3qqs_ligand,4,100,100,200,80400,-5.139776,-5.760470,21.326971,4,28,0.950000,0.010000,5
3qqs_ligand,6,100,100,200,120600,-5.211806,-5.760470,21.131361,4,28,0.950000,0.010000,6
3qqs_ligand,139,100,100,200,2793900,-4.337410,-5.760470,19.959053,4,28,0.950000,0.010000,7
3qqs_ligand,8,100,100,200,160800,-4.913805,-5.760470,21.138025,4,28,0.950000,0.010000,8
3qqs_ligand,8,100,100,200,160800,-4.844647,-5.760470,21.320272,4,28,0.950000,0.010000,9
4bkt_ligand,156,100,100,200,3135600,-2.536803,-3.921186,32.525299,14,36,0.800000,0.000001,0
4bkt_ligand,654,100,100,200,13145400,-1.793179,-3.921186,47.820255,14,36,0.800000,0.000001,10
4bkt_ligand,145,100,100,200,2914500,-1.492662,-3.921186,27.172707,14,36,0.800000,0.000001,11
4bkt_ligand,148,100,100,200,2974800,-1.671094,-3.921186,41.439194,14,36,0.800000,0.000001,12
4bkt_ligand,156,100,100,200,3135600,-2.576733,-3.921186,37.126770,14,36,0.800000,0.000001,13
4bkt_ligand,712,100,100,200,14311200,-2.120825,-3.921186,28.364592,14,36,0.800000,0.000001,14
4bkt_ligand,271,100,100,200,5447100,-2.220367,-3.921186,38.266731,14,36,0.800000,0.000001,15
4bkt_ligand,268,100,100,200,5386800,-1.809120,-3.921186,36.356525,14,36,0.800000,0.000001,16
4bkt_ligand,12,100,100,200,241200,-2.938202,-3.921186,39.643787,14,36,0.800000,0.000001,17
4bkt_ligand,134,100,100,200,2693400,-2.284345,-3.921186,37.447880,14,36,0.800000,0.000001,18
4bkt_ligand,195,100,100,200,3919500,-2.790483,-3.921186,29.827089,14,36,0.800000,0.000001,19
4bkt_ligand,42,100,100,200,844200,-3.000403,-3.921186,33.573624,14,36,0.800000,0.000001,1
4bkt_ligand,96,100,100,200,1929600,-2.461426,-3.921186,29.991693,14,36,0.800000,0.000001,2
4bkt_ligand,149,100,100,200,2994900,-2.139707,-3.921186,30.817945,14,36,0.800000,0.000001,3
4bkt_ligand,160,100,100,200,3216000,-2.407598,-3.921186,26.942434,14,36,0.800000,0.000001,4
4bkt_ligand,265,100,100,200,5326500,-1.293892,-3.921186,48.592304,14,36,0.800000,0.000001,5
4bkt_ligand,244,100,100,200,4904400,-2.128147,-3.921186,37.190113,14,36,0.800000,0.000001,6
4bkt_ligand,12,100,100,200,241200,-3.117403,-3.921186,35.691776,14,36,0.800000,0.000001,7
4bkt_ligand,263,100,100,200,5286300,-2.219250,-3.921186,37.608418,14,36,0.800000,0.000001,8
4bkt_ligand,231,100,100,200,4643100,-1.714572,-3.921186,41.344925,14,36,0.800000,0.000001,9
4bkt_ligand,165,100,100,200,3316500,-2.635788,-3.921186,34.465302,14,36,0.800000,0.010000,0
4bkt_ligand,8,100,100,200,160800,-3.274545,-3.921186,31.160053,14,36,0.800000,0.010000,10
4bkt_ligand,2,100,100,200,40200,-3.454980,-3.921186,28.153666,14,36,0.800000,0.010000,11
4bkt_ligand,114,100,100,200,2291400,-2.857026,-3.921186,37.025230,14,36,0.800000,0.010000,12
4bkt_ligand,10,100,100,200,201000,-3.604716,-3.921186,33.541168,14,36,0.800000,0.010000,13
4bkt_ligand,144,100,100,200,2894400,-2.703340,-3.921186,36.663010,14,36,0.800000,0.010000,14
4bkt_ligand,138,100,100,200,2773800,-3.305802,-3.921186,24.920820,14,36,0.800000,0.010000,15
4bkt_ligand,6,100,100,200,120600,-3.482024,-3.921186,52.773403,14,36,0.800000,0.010000,16
4bkt_ligand,4,100,100,200,80400,-3.051973,-3.921186,39.423050,14,36,0.800000,0.010000,17
4bkt_ligand,90,100,100,200,1809000,-2.308837,-3.921186,37.097900,14,36,0.800000,0.010000,18
4bkt_ligand,2,100,100,200,40200,-3.331798,-3.921186,39.097565,14,36,0.800000,0.010000,19
4bkt_ligand,6,100,100,200,120600,-3.350546,-3.921186,32.097607,14,36,0.800000,0.010000,1
4bkt_ligand,8,100,100,200,160800,-3.358444,-3.921186,33.931946,14,36,0.800000,0.010000,2
4bkt_ligand,2,100,100,200,40200,-3.099042,-3.921186,39.563866,14,36,0.800000,0.010000,3
4bkt_ligand,2,100,100,200,40200,-3.863389,-3.921186,28.579500,14,36,0.800000,0.010000,4
4bkt_ligand,4,100,100,200,80400,-3.564124,-3.921186,29.334988,14,36,0.800000,0.010000,5
4bkt_ligand,9,100,100,200,180900,-3.101339,-3.921186,33.737480,14,36,0.800000,0.010000,6
4bkt_ligand,5,100,100,200,100500,-2.962361,-3.921186,35.658672,14,36,0.800000,0.010000,7
4bkt_ligand,4,100,100,200,80400,-2.936852,-3.921186,50.019470,14,36,0.800000,0.010000,8
4bkt_ligand,6,100,100,200,120600,-2.949583,-3.921186,30.326433,14,36,0.800000,0.010000,9
4bkt_ligand,124,100,100,200,2492400,-1.734434,-3.921186,34.543713,14,36,0.900000,0.000001,0
4bkt_ligand,132,100,100,200,2653200,-1.761969,-3.921186,48.471142,14,36,0.900000,0.000001,10
4bkt_ligand,128,100,100,200,2572800,-1.497159,-3.921186,27.164633,14,36,0.900000,0.000001,11
4bkt_ligand,221,100,100,200,4442100,-1.536969,-3.921186,42.964359,14,36,0.900000,0.000001,12
4bkt_ligand,230,100,100,200,4623000,-2.567446,-3.921186,37.111233,14,36,0.900000,0.000001,13
4bkt_ligand,132,100,100,200,2653200,-2.063339,-3.921186,32.227806,14,36,0.900000,0.000001,14
4bkt_ligand,236,100,100,200,4743600,-2.378601,-3.921186,38.462772,14,36,0.900000,0.000001,15
4bkt_ligand,202,100,100,200,4060200,-2.455235,-3.921186,49.072651,14,36,0.900000,0.000001,16
4bkt_ligand,14,100,100,200,281400,-3.055486,-3.921186,39.272858,14,36,0.900000,0.000001,17
4bkt_ligand,284,100,100,200,5708400,-2.349584,-3.921186,37.993828,14,36,0.900000,0.000001,18
4bkt_ligand,251,100,100,200,5045100,-2.801890,-3.921186,29.852819,14,36,0.900000,0.000001,19
4bkt_ligand,168,100,100,200,3376800,-0.391410,-3.921186,34.426434,14,36,0.900000,0.000001,1
4bkt_ligand,140,100,100,200,2814000,-2.005233,-3.921186,31.121685,14,36,0.900000,0.000001,2
4bkt_ligand,339,100,100,200,6813900,-2.583243,-3.921186,39.218319,14,36,0.900000,0.000001,3
4bkt_ligand,172,100,100,200,3457200,-2.406659,-3.921186,26.948912,14,36,0.900000,0.000001,4
4bkt_ligand,318,100,100,200,6391800,-1.587958,-3.921186,49.425201,14,36,0.900000,0.000001,5
4bkt_ligand,98,100,100,200,1969800,-1.681243,-3.921186,35.383045,14,36,0.900000,0.000001,6
4bkt_ligand,16,100,100,200,321600,-2.940600,-3.921186,36.201569,14,36,0.900000,0.000001,7
4bkt_ligand,204,100,100,200,4100400,-2.220046,-3.921186,37.611328,14,36,0.900000,0.000001,8
4bkt_ligand,234,100,100,200,4703400,-2.725903,-3.921186,35.762447,14,36,0.900000,0.000001,9
4bkt_ligand,12,100,100,200,241200,-3.007415,-3.921186,36.127914,14,36,0.900000,0.010000,0
4bkt_ligand,28,100,100,200,562800,-2.954087,-3.921186,28.031515,14,36,0.900000,0.010000,10
4bkt_ligand,4,100,100,200,80400,-4.007836,-3.921186,28.050842,14,36,0.900000,0.010000,11
4bkt_ligand,93,100,100,200,1869300,-2.895966,-3.921186,37.029045,14,36,0.900000,0.010000,12
4bkt_ligand,8,100,100,200,160800,-3.278280,-3.921186,33.432743,14,36,0.900000,0.010000,13
4bkt_ligand,4,100,100,200,80400,-3.589948,-3.921186,35.410339,14,36,0.900000,0.010000,14
4bkt_ligand,4,100,100,200,80400,-2.989361,-3.921186,38.899567,14,36,0.900000,0.010000,15
4bkt_ligand,6,100,100,200,120600,-3.254781,-3.921186,53.692291,14,36,0.900000,0.010000,16
4bkt_ligand,4,100,100,200,80400,-3.022133,-3.921186,39.425114,14,36,0.900000,0.010000,17
4bkt_ligand,81,100,100,200,1628100,-2.182534,-3.921186,37.727192,14,36,0.900000,0.010000,18
4bkt_ligand,8,100,100,200,160800,-3.001680,-3.921186,29.516907,14,36,0.900000,0.010000,19
4bkt_ligand,137,100,100,200,2753700,-2.840318,-3.921186,36.290112,14,36,0.900000,0.010000,1
4bkt_ligand,112,100,100,200,2251200,-2.497167,-3.921186,38.175587,14,36,0.900000,0.010000,2
4bkt_ligand,4,100,100,200,80400,-3.456367,-3.921186,28.110479,14,36,0.900000,0.010000,3
4bkt_ligand,2,100,100,200,40200,-3.931835,-3.921186,29.354103,14,36,0.900000,0.010000,4
4bkt_ligand,128,100,100,200,2572800,-2.402772,-3.921186,29.578842,14,36,0.900000,0.010000,5
4bkt_ligand,30,100,100,200,603000,-3.021092,-3.921186,32.619598,14,36,0.900000,0.010000,6
4bkt_ligand,4,100,100,200,80400,-2.929374,-3.921186,35.587757,14,36,0.900000,0.010000,7
4bkt_ligand,6,100,100,200,120600,-2.991380,-3.921186,50.032127,14,36,0.900000,0.010000,8
4bkt_ligand,101,100,100,200,2030100,-2.720339,-3.921186,29.484114,14,36,0.900000,0.010000,9
4bkt_ligand,231,100,100,200,4643100,-1.859979,-3.921186,31.808525,14,36,0.950000,0.000001,0
4bkt_ligand,122,100,100,200,2452200,-0.968368,-3.921186,50.192940,14,36,0.950000,0.000001,10
4bkt_ligand,404,100,100,200,8120400,-1.495630,-3.921186,27.166161,14,36,0.950000,0.000001,11
4bkt_ligand,394,100,100,200,7919400,-1.501971,-3.921186,43.042427,14,36,0.950000,0.000001,12
4bkt_ligand,144,100,100,200,2894400,-2.593002,-3.921186,37.011253,14,36,0.950000,0.000001,13
4bkt_ligand,102,100,100,200,2050200,-2.068628,-3.921186,34.308826,14,36,0.950000,0.000001,14
4bkt_ligand,186,100,100,200,3738600,-2.378880,-3.921186,38.465427,14,36,0.950000,0.000001,15
4bkt_ligand,230,100,100,200,4623000,-2.477897,-3.921186,49.190010,14,36,0.950000,0.000001,16
4bkt_ligand,184,100,100,200,3698400,-1.116231,-3.921186,31.224646,14,36,0.950000,0.000001,17
4bkt_ligand,256,100,100,200,5145600,-2.348849,-3.921186,37.995136,14,36,0.950000,0.000001,18
4bkt_ligand,132,100,100,200,2653200,-2.922753,-3.921186,29.100344,14,36,0.950000,0.000001,19
4bkt_ligand,417,100,100,200,8381700,-2.876827,-3.921186,33.742779,14,36,0.950000,0.000001,1
4bkt_ligand,16,100,100,200,321600,-3.140636,-3.921186,29.675865,14,36,0.950000,0.000001,2
4bkt_ligand,223,100,100,200,4482300,-1.594930,-3.921186,32.183388,14,36,0.950000,0.000001,3
4bkt_ligand,96,100,100,200,1929600,-2.389990,-3.921186,26.780453,14,36,0.950000,0.000001,4
4bkt_ligand,260,100,100,200,5226000,-0.810657,-3.921186,29.956255,14,36,0.950000,0.000001,5
4bkt_ligand,146,100,100,200,2934600,-0.897620,-3.921186,35.338997,14,36,0.950000,0.000001,6
4bkt_ligand,86,100,100,200,1728600,-2.031495,-3.921186,41.037182,14,36,0.950000,0.000001,7
4bkt_ligand,8,100,100,200,160800,-3.283935,-3.921186,35.049664,14,36,0.950000,0.000001,8
4bkt_ligand,188,100,100,200,3778800,-1.536002,-3.921186,36.112812,14,36,0.950000,0.000001,9
4bkt_ligand,364,100,100,200,7316400,-2.782587,-3.921186,44.741611,14,36,0.950000,0.010000,0
4bkt_ligand,114,100,100,200,2291400,-2.645579,-3.921186,49.474232,14,36,0.950000,0.010000,10
4bkt_ligand,10,100,100,200,201000,-3.065403,-3.921186,30.000940,14,36,0.950000,0.010000,11
4bkt_ligand,26,100,100,200,522600,-2.995999,-3.921186,29.597866,14,36,0.950000,0.010000,12
4bkt_ligand,10,100,100,200,201000,-3.188701,-3.921186,33.479622,14,36,0.950000,0.010000,13
4bkt_ligand,128,100,100,200,2572800,-2.094426,-3.921186,27.940392,14,36,0.950000,0.010000,14
4bkt_ligand,262,100,100,200,5266200,-2.440573,-3.921186,36.633518,14,36,0.950000,0.010000,15
4bkt_ligand,28,100,100,200,562800,-3.135046,-3.921186,52.648212,14,36,0.950000,0.010000,16
4bkt_ligand,4,100,100,200,80400,-3.014816,-3.921186,39.423679,14,36,0.950000,0.010000,17
4bkt_ligand,66,100,100,200,1326600,-2.291628,-3.921186,37.478325,14,36,0.950000,0.010000,18
4bkt_ligand,8,100,100,200,160800,-2.942355,-3.921186,29.149412,14,36,0.950000,0.010000,19
4bkt_ligand,8,100,100,200,160800,-3.098312,-3.921186,30.277668,14,36,0.950000,0.010000,1
4bkt_ligand,2,100,100,200,40200,-2.940751,-3.921186,29.562483,14,36,0.950000,0.010000,2
4bkt_ligand,58,100,100,200,1165800,-1.052033,-3.921186,37.787601,14,36,0.950000,0.010000,3
4bkt_ligand,4,100,100,200,80400,-4.308067,-3.921186,28.954742,14,36,0.950000,0.010000,4
4bkt_ligand,94,100,100,200,1889400,-2.444498,-3.921186,29.521009,14,36,0.950000,0.010000,5
4bkt_ligand,6,100,100,200,120600,-3.410882,-3.921186,34.033863,14,36,0.950000,0.010000,6
4bkt_ligand,4,100,100,200,80400,-3.006205,-3.921186,36.261429,14,36,0.950000,0.010000,7
4bkt_ligand,6,100,100,200,120600,-3.272541,-3.921186,50.258156,14,36,0.950000,0.010000,8
4bkt_ligand,168,100,100,200,3376800,-1.916091,-3.921186,44.502415,14,36,0.950000,0.010000,9
4dld_ligand,750,100,100,200,15075000,-2.339136,-5.967893,18.094612,8,33,0.800000,0.000001,0
4dld_ligand,750,100,100,200,15075000,-2.602009,-5.967893,19.396086,8,33,0.800000,0.000001,10
4dld_ligand,617,100,100,200,12401700,-2.742641,-5.967893,17.919043,8,33,0.800000,0.000001,11
4dld_ligand,116,100,100,200,2331600,-3.829414,-5.967893,18.096121,8,33,0.800000,0.000001,12
4dld_ligand,306,100,100,200,6150600,-4.094161,-5.967893,19.217457,8,33,0.800000,0.000001,13
4dld_ligand,414,100,100,200,8321400,-2.357471,-5.967893,19.477865,8,33,0.800000,0.000001,14
4dld_ligand,159,100,100,200,3195900,-4.114681,-5.967893,18.699806,8,33,0.800000,0.000001,15
4dld_ligand,750,100,100,200,15075000,-2.377284,-5.967893,23.065702,8,33,0.800000,0.000001,16
4dld_ligand,250,100,100,200,5025000,-1.715587,-5.967893,18.456022,8,33,0.800000,0.000001,17
4dld_ligand,405,100,100,200,8140500,-2.638954,-5.967893,19.224541,8,33,0.800000,0.000001,18
4dld_ligand,750,100,100,200,15075000,-3.485923,-5.967893,19.405611,8,33,0.800000,0.000001,19
4dld_ligand,641,100,100,200,12884100,-3.326196,-5.967893,20.386600,8,33,0.800000,0.000001,1
4dld_ligand,750,100,100,200,15075000,-2.809883,-5.967893,19.634621,8,33,0.800000,0.000001,2
4dld_ligand,206,100,100,200,4140600,-2.728439,-5.967893,22.563547,8,33,0.800000,0.000001,3
4dld_ligand,277,100,100,200,5567700,-1.781438,-5.967893,17.985205,8,33,0.800000,0.000001,4
4dld_ligand,487,100,100,200,9788700,-4.967925,-5.967893,19.286554,8,33,0.800000,0.000001,5
4dld_ligand,679,100,100,200,13647900,-1.485921,-5.967893,22.474167,8,33,0.800000,0.000001,6
4dld_ligand,246,100,100,200,4944600,-3.322043,-5.967893,19.198063,8,33,0.800000,0.000001,7
4dld_ligand,164,100,100,200,3296400,-3.932541,-5.967893,20.162630,8,33,0.800000,0.000001,8
4dld_ligand,750,100,100,200,15075000,-2.828127,-5.967893,18.963785,8,33,0.800000,0.000001,9
4dld_ligand,129,100,100,200,2592900,-4.930522,-5.967893,18.148689,8,33,0.800000,0.010000,0
4dld_ligand,79,100,100,200,1587900,-4.433784,-5.967893,19.345270,8,33,0.800000,0.010000,10
4dld_ligand,92,100,100,200,1849200,-4.436888,-5.967893,19.508553,8,33,0.800000,0.010000,11
4dld_ligand,119,100,100,200,2391900,-4.130660,-5.967893,19.021854,8,33,0.800000,0.010000,12
4dld_ligand,94,100,100,200,1889400,-4.744561,-5.967893,19.355209,8,33,0.800000,0.010000,13
4dld_ligand,8,100,100,200,160800,-5.144440,-5.967893,19.844803,8,33,0.800000,0.010000,14
4dld_ligand,8,100,100,200,160800,-5.005563,-5.967893,20.732225,8,33,0.800000,0.010000,15
4dld_ligand,83,100,100,200,1668300,-4.699219,-5.967893,20.479479,8,33,0.800000,0.010000,16
4dld_ligand,83,100,100,200,1668300,-4.198338,-5.967893,16.623077,8,33,0.800000,0.010000,17
4dld_ligand,135,100,100,200,2713500,-4.376077,-5.967893,17.923349,8,33,0.800000,0.010000,18
4dld_ligand,8,100,100,200,160800,-5.179874,-5.967893,24.100714,8,33,0.800000,0.010000,19
4dld_ligand,81,100,100,200,1628100,-4.722868,-5.967893,22.657183,8,33,0.800000,0.010000,1
4dld_ligand,121,100,100,200,2432100,-4.588665,-5.967893,21.122988,8,33,0.800000,0.010000,2
4dld_ligand,8,100,100,200,160800,-5.188433,-5.967893,22.818584,8,33,0.800000,0.010000,3
4dld_ligand,151,100,100,200,3035100,-4.396493,-5.967893,19.896618,8,33,0.800000,0.010000,4
4dld_ligand,79,100,100,200,1587900,-4.908095,-5.967893,19.963825,8,33,0.800000,0.010000,5
4dld_ligand,117,100,100,200,2351700,-4.841938,-5.967893,16.729643,8,33,0.800000,0.010000,6
4dld_ligand,72,100,100,200,1447200,-4.704814,-5.967893,17.801699,8,33,0.800000,0.010000,7
4dld_ligand,103,100,100,200,2070300,-4.819265,-5.967893,19.003187,8,33,0.800000,0.010000,8
4dld_ligand,69,100,100,200,1386900,-4.929323,-5.967893,19.031708,8,33,0.800000,0.010000,9
4dld_ligand,220,100,100,200,4422000,-2.220394,-5.967893,18.339249,8,33,0.900000,0.000001,0
4dld_ligand,202,100,100,200,4060200,-2.295615,-5.967893,23.066645,8,33,0.900000,0.000001,10
4dld_ligand,344,100,100,200,6914400,-2.646921,-5.967893,17.739037,8,33,0.900000,0.000001,11
4dld_ligand,310,100,100,200,6231000,-4.070892,-5.967893,22.913675,8,33,0.900000,0.000001,12
4dld_ligand,612,100,100,200,12301200,-4.818377,-5.967893,19.950066,8,33,0.900000,0.000001,13
4dld_ligand,430,100,100,200,8643000,-2.329792,-5.967893,19.708687,8,33,0.900000,0.000001,14
4dld_ligand,191,100,100,200,3839100,-2.595586,-5.967893,18.807552,8,33,0.900000,0.000001,15
4dld_ligand,570,100,100,200,11457000,-2.305036,-5.967893,23.026144,8,33,0.900000,0.000001,16
4dld_ligand,296,100,100,200,5949600,-3.225057,-5.967893,21.557070,8,33,0.900000,0.000001,17
4dld_ligand,433,100,100,200,8703300,-2.638871,-5.967893,19.226566,8,33,0.900000,0.000001,18
4dld_ligand,212,100,100,200,4261200,-3.446884,-5.967893,20.895617,8,33,0.900000,0.000001,19
4dld_ligand,633,100,100,200,12723300,-3.328508,-5.967893,20.403212,8,33,0.900000,0.000001,1
4dld_ligand,136,100,100,200,2733600,-4.242540,-5.967893,18.467575,8,33,0.900000,0.000001,2
4dld_ligand,141,100,100,200,2834100,-2.774700,-5.967893,22.561623,8,33,0.900000,0.000001,3
4dld_ligand,441,100,100,200,8864100,-2.694080,-5.967893,20.304600,8,33,0.900000,0.000001,4
4dld_ligand,436,100,100,200,8763600,-4.966865,-5.967893,19.287285,8,33,0.900000,0.000001,5
4dld_ligand,451,100,100,200,9065100,-2.540883,-5.967893,24.088007,8,33,0.900000,0.000001,6
4dld_ligand,750,100,100,200,15075000,-3.162331,-5.967893,17.501223,8,33,0.900000,0.000001,7
4dld_ligand,349,100,100,200,7014900,-3.932774,-5.967893,20.166494,8,33,0.900000,0.000001,8
4dld_ligand,409,100,100,200,8220900,-2.503365,-5.967893,17.963585,8,33,0.900000,0.000001,9
4dld_ligand,20,100,100,200,402000,-4.973039,-5.967893,18.898762,8,33,0.900000,0.010000,0
4dld_ligand,110,100,100,200,2211000,-4.743052,-5.967893,20.819569,8,33,0.900000,0.010000,10
4dld_ligand,12,100,100,200,241200,-5.039779,-5.967893,20.476393,8,33,0.900000,0.010000,11
4dld_ligand,70,100,100,200,1407000,-3.892202,-5.967893,18.936382,8,33,0.900000,0.010000,12
4dld_ligand,147,100,100,200,2954700,-4.617312,-5.967893,20.950441,8,33,0.900000,0.010000,13
4dld_ligand,71,100,100,200,1427100,-4.332220,-5.967893,20.152782,8,33,0.900000,0.010000,14
4dld_ligand,66,100,100,200,1326600,-4.722756,-5.967893,17.150537,8,33,0.900000,0.010000,15
4dld_ligand,110,100,100,200,2211000,-4.703983,-5.967893,20.467672,8,33,0.900000,0.010000,16
4dld_ligand,127,100,100,200,2552700,-3.918688,-5.967893,20.555677,8,33,0.900000,0.010000,17
4dld_ligand,63,100,100,200,1266300,-4.178515,-5.967893,23.018698,8,33,0.900000,0.010000,18
4dld_ligand,69,100,100,200,1386900,-4.974151,-5.967893,22.133471,8,33,0.900000,0.010000,19
4dld_ligand,18,100,100,200,361800,-5.001157,-5.967893,19.387798,8,33,0.900000,0.010000,1
4dld_ligand,106,100,100,200,2130600,-4.868538,-5.967893,16.050594,8,33,0.900000,0.010000,2
4dld_ligand,71,100,100,200,1427100,-4.138476,-5.967893,22.147400,8,33,0.900000,0.010000,3
4dld_ligand,91,100,100,200,1829100,-4.304686,-5.967893,19.089901,8,33,0.900000,0.010000,4
4dld_ligand,6,100,100,200,120600,-5.075091,-5.967893,19.874413,8,33,0.900000,0.010000,5
4dld_ligand,131,100,100,200,2633100,-3.032504,-5.967893,22.495281,8,33,0.900000,0.010000,6
4dld_ligand,116,100,100,200,2331600,-4.686791,-5.967893,17.778095,8,33,0.900000,0.010000,7
4dld_ligand,89,100,100,200,1788900,-4.613626,-5.967893,18.400475,8,33,0.900000,0.010000,8
4dld_ligand,63,100,100,200,1266300,-3.667426,-5.967893,21.532747,8,33,0.900000,0.010000,9
4dld_ligand,750,100,100,200,15075000,-2.624047,-5.967893,18.279398,8,33,0.950000,0.000001,0
4dld_ligand,246,100,100,200,4944600,-3.942238,-5.967893,18.686205,8,33,0.950000,0.000001,10
4dld_ligand,500,100,100,200,10050000,-2.728715,-5.967893,17.732304,8,33,0.950000,0.000001,11
4dld_ligand,330,100,100,200,6633000,-4.743579,-5.967893,23.030708,8,33,0.950000,0.000001,12
4dld_ligand,536,100,100,200,10773600,-2.988645,-5.967893,16.403315,8,33,0.950000,0.000001,13
4dld_ligand,118,100,100,200,2371800,-2.514950,-5.967893,18.723974,8,33,0.950000,0.000001,14
4dld_ligand,307,100,100,200,6170700,-3.053287,-5.967893,18.051529,8,33,0.950000,0.000001,15
4dld_ligand,239,100,100,200,4803900,-4.235819,-5.967893,24.702951,8,33,0.950000,0.000001,16
4dld_ligand,290,100,100,200,5829000,-2.632562,-5.967893,19.390242,8,33,0.950000,0.000001,17
4dld_ligand,138,100,100,200,2773800,-2.444639,-5.967893,19.435934,8,33,0.950000,0.000001,18
4dld_ligand,298,100,100,200,5989800,-2.825158,-5.967893,18.466955,8,33,0.950000,0.000001,19
4dld_ligand,737,100,100,200,14813700,-2.252501,-5.967893,22.118097,8,33,0.950000,0.000001,1
4dld_ligand,112,100,100,200,2251200,-4.220088,-5.967893,19.252707,8,33,0.950000,0.000001,2
4dld_ligand,106,100,100,200,2130600,-3.632565,-5.967893,26.135120,8,33,0.950000,0.000001,3
4dld_ligand,236,100,100,200,4743600,-2.761557,-5.967893,16.560822,8,33,0.950000,0.000001,4
4dld_ligand,294,100,100,200,5909400,-3.825214,-5.967893,19.424459,8,33,0.950000,0.000001,5
4dld_ligand,750,100,100,200,15075000,-2.558112,-5.967893,24.081482,8,33,0.950000,0.000001,6
4dld_ligand,750,100,100,200,15075000,-4.591516,-5.967893,17.185038,8,33,0.950000,0.000001,7
4dld_ligand,267,100,100,200,5366700,-4.101699,-5.967893,19.910149,8,33,0.950000,0.000001,8
4dld_ligand,199,100,100,200,3999900,-2.829615,-5.967893,18.807470,8,33,0.950000,0.000001,9
4dld_ligand,64,100,100,200,1286400,-5.091246,-5.967893,18.613136,8,33,0.950000,0.010000,0
4dld_ligand,8,100,100,200,160800,-5.057077,-5.967893,21.203308,8,33,0.950000,0.010000,10
4dld_ligand,120,100,100,200,2412000,-4.723487,-5.967893,18.038248,8,33,0.950000,0.010000,11
4dld_ligand,167,100,100,200,3356700,-4.744539,-5.967893,20.492386,8,33,0.950000,0.010000,12
4dld_ligand,464,100,100,200,9326400,-3.951238,-5.967893,22.263094,8,33,0.950000,0.010000,13
4dld_ligand,152,100,100,200,3055200,-3.986935,-5.967893,19.825605,8,33,0.950000,0.010000,14
4dld_ligand,119,100,100,200,2391900,-3.839468,-5.967893,20.277702,8,33,0.950000,0.010000,15
4dld_ligand,220,100,100,200,4422000,-4.754489,-5.967893,20.494061,8,33,0.950000,0.010000,16
4dld_ligand,102,100,100,200,2050200,-3.674595,-5.967893,20.027037,8,33,0.950000,0.010000,17
4dld_ligand,166,100,100,200,3336600,-4.872695,-5.967893,18.302904,8,33,0.950000,0.010000,18
4dld_ligand,88,100,100,200,1768800,-4.979877,-5.967893,22.140633,8,33,0.950000,0.010000,19
4dld_ligand,186,100,100,200,3738600,-4.229733,-5.967893,21.626728,8,33,0.950000,0.010000,1
4dld_ligand,134,100,100,200,2693400,-4.804226,-5.967893,20.915577,8,33,0.950000,0.010000,2
4dld_ligand,248,100,100,200,4984800,-4.167860,-5.967893,22.143351,8,33,0.950000,0.010000,3
4dld_ligand,92,100,100,200,1849200,-2.801844,-5.967893,19.205797,8,33,0.950000,0.010000,4
4dld_ligand,20,100,100,200,402000,-5.141090,-5.967893,19.990654,8,33,0.950000,0.010000,5
4dld_ligand,287,100,100,200,5768700,-4.541276,-5.967893,27.078579,8,33,0.950000,0.010000,6
4dld_ligand,326,100,100,200,6552600,-4.369576,-5.967893,18.030308,8,33,0.950000,0.010000,7
4dld_ligand,409,100,100,200,8220900,-4.626004,-5.967893,20.020552,8,33,0.950000,0.010000,8
4dld_ligand,139,100,100,200,2793900,-2.740581,-5.967893,18.575739,8,33,0.950000,0.010000,9
4j21_ligand,167,100,100,200,3356700,-3.095196,-8.883362,10.140443,6,33,0.800000,0.000001,0
4j21_ligand,114,100,100,200,2291400,-2.984509,-8.883362,21.191570,6,33,0.800000,0.000001,10
4j21_ligand,75,100,100,200,1507500,-3.552963,-8.883362,12.958582,6,33,0.800000,0.000001,11
4j21_ligand,129,100,100,200,2592900,-2.273139,-8.883362,14.359002,6,33,0.800000,0.000001,12
4j21_ligand,243,100,100,200,4884300,-4.539002,-8.883362,13.490328,6,33,0.800000,0.000001,13
4j21_ligand,80,100,100,200,1608000,-5.407673,-8.883362,13.041585,6,33,0.800000,0.000001,14
4j21_ligand,136,100,100,200,2733600,-3.395863,-8.883362,23.957861,6,33,0.800000,0.000001,15
4j21_ligand,289,100,100,200,5808900,-3.874214,-8.883362,13.893494,6,33,0.800000,0.000001,16
4j21_ligand,126,100,100,200,2532600,-2.388735,-8.883362,9.546058,6,33,0.800000,0.000001,17
4j21_ligand,175,100,100,200,3517500,-4.232830,-8.883362,6.873441,6,33,0.800000,0.000001,18
4j21_ligand,137,100,100,200,2753700,-2.941862,-8.883362,21.502621,6,33,0.800000,0.000001,19
4j21_ligand,321,100,100,200,6452100,-3.920154,-8.883362,22.452032,6,33,0.800000,0.000001,1
4j21_ligand,120,100,100,200,2412000,-3.945764,-8.883362,16.641565,6,33,0.800000,0.000001,2
4j21_ligand,93,100,100,200,1869300,-2.371352,-8.883362,21.450033,6,33,0.800000,0.000001,3
4j21_ligand,118,100,100,200,2371800,-2.583432,-8.883362,17.485498,6,33,0.800000,0.000001,4
4j21_ligand,184,100,100,200,3698400,-2.820349,-8.883362,20.948082,6,33,0.800000,0.000001,5
4j21_ligand,287,100,100,200,5768700,-3.431856,-8.883362,9.655863,6,33,0.800000,0.000001,6
4j21_ligand,126,100,100,200,2532600,-2.864573,-8.883362,17.107325,6,33,0.800000,0.000001,7
4j21_ligand,146,100,100,200,2934600,-4.781970,-8.883362,6.623778,6,33,0.800000,0.000001,8
4j21_ligand,188,100,100,200,3778800,-3.359254,-8.883362,22.049931,6,33,0.800000,0.000001,9
4j21_ligand,81,100,100,200,1628100,-4.265232,-8.883362,21.161335,6,33,0.800000,0.010000,0
4j21_ligand,91,100,100,200,1829100,-4.838942,-8.883362,13.442312,6,33,0.800000,0.010000,10
4j21_ligand,166,100,100,200,3336600,-5.732108,-8.883362,15.636065,6,33,0.800000,0.010000,11
4j21_ligand,84,100,100,200,1688400,-4.145477,-8.883362,13.040613,6,33,0.800000,0.010000,12
4j21_ligand,67,100,100,200,1346700,-5.355625,-8.883362,13.082367,6,33,0.800000,0.010000,13
4j21_ligand,127,100,100,200,2552700,-5.399585,-8.883362,13.105836,6,33,0.800000,0.010000,14
4j21_ligand,87,100,100,200,1748700,-4.082639,-8.883362,8.344300,6,33,0.800000,0.010000,15
4j21_ligand,139,100,100,200,2793900,-5.021129,-8.883362,14.125719,6,33,0.800000,0.010000,16
4j21_ligand,93,100,100,200,1869300,-4.550498,-8.883362,12.897510,6,33,0.800000,0.010000,17
4j21_ligand,139,100,100,200,2793900,-5.421141,-8.883362,13.129069,6,33,0.800000,0.010000,18
4j21_ligand,77,100,100,200,1547700,-3.627013,-8.883362,21.236641,6,33,0.800000,0.010000,19
4j21_ligand,191,100,100,200,3839100,-4.736801,-8.883362,14.117160,6,33,0.800000,0.010000,1
4j21_ligand,129,100,100,200,2592900,-5.749044,-8.883362,16.506821,6,33,0.800000,0.010000,2
4j21_ligand,67,100,100,200,1346700,-3.484872,-8.883362,25.523239,6,33,0.800000,0.010000,3
4j21_ligand,167,100,100,200,3356700,-4.709496,-8.883362,6.792128,6,33,0.800000,0.010000,4
4j21_ligand,135,100,100,200,2713500,-4.781516,-8.883362,13.700208,6,33,0.800000,0.010000,5
4j21_ligand,83,100,100,200,1668300,-4.355488,-8.883362,12.352887,6,33,0.800000,0.010000,6
4j21_ligand,137,100,100,200,2753700,-5.744532,-8.883362,16.554197,6,33,0.800000,0.010000,7
4j21_ligand,205,100,100,200,4120500,-5.744452,-8.883362,16.577465,6,33,0.800000,0.010000,8
4j21_ligand,8,100,100,200,160800,-8.999228,-8.883362,0.681356,6,33,0.800000,0.010000,9
4j21_ligand,172,100,100,200,3457200,-3.083579,-8.883362,9.716033,6,33,0.900000,0.000001,0
4j21_ligand,103,100,100,200,2070300,-2.981075,-8.883362,21.213854,6,33,0.900000,0.000001,10
4j21_ligand,144,100,100,200,2894400,-3.552746,-8.883362,12.967916,6,33,0.900000,0.000001,11
4j21_ligand,106,100,100,200,2130600,-2.201971,-8.883362,14.293989,6,33,0.900000,0.000001,12
4j21_ligand,142,100,100,200,2854200,-2.875004,-8.883362,13.863419,6,33,0.900000,0.000001,13
4j21_ligand,69,100,100,200,1386900,-5.407332,-8.883362,13.029264,6,33,0.900000,0.000001,14
4j21_ligand,94,100,100,200,1889400,-2.735096,-8.883362,21.054064,6,33,0.900000,0.000001,15
4j21_ligand,254,100,100,200,5105400,-3.873320,-8.883362,13.893093,6,33,0.900000,0.000001,16
4j21_ligand,74,100,100,200,1487400,-1.694163,-8.883362,9.532411,6,33,0.900000,0.000001,17
4j21_ligand,185,100,100,200,3718500,-3.965921,-8.883362,14.590204,6,33,0.900000,0.000001,18
4j21_ligand,115,100,100,200,2311500,-2.941708,-8.883362,21.502975,6,33,0.900000,0.000001,19
4j21_ligand,139,100,100,200,2793900,-3.921376,-8.883362,22.447598,6,33,0.900000,0.000001,1
4j21_ligand,206,100,100,200,4140600,-3.952734,-8.883362,16.650928,6,33,0.900000,0.000001,2
4j21_ligand,97,100,100,200,1949700,-2.436765,-8.883362,22.343031,6,33,0.900000,0.000001,3
4j21_ligand,100,100,100,200,2010000,-1.082788,-8.883362,16.216553,6,33,0.900000,0.000001,4
4j21_ligand,156,100,100,200,3135600,-2.818706,-8.883362,20.943954,6,33,0.900000,0.000001,5
4j21_ligand,86,100,100,200,1728600,-3.493014,-8.883362,9.631036,6,33,0.900000,0.000001,6
4j21_ligand,114,100,100,200,2291400,-2.345503,-8.883362,17.865028,6,33,0.900000,0.000001,7
4j21_ligand,141,100,100,200,2834100,-4.801502,-8.883362,13.206800,6,33,0.900000,0.000001,8
4j21_ligand,89,100,100,200,1788900,-3.057683,-8.883362,21.066954,6,33,0.900000,0.000001,9
4j21_ligand,244,100,100,200,4904400,-4.638374,-8.883362,24.020391,6,33,0.900000,0.010000,0
4j21_ligand,74,100,100,200,1487400,-5.180046,-8.883362,13.116660,6,33,0.900000,0.010000,10
4j21_ligand,77,100,100,200,1547700,-5.747209,-8.883362,15.598277,6,33,0.900000,0.010000,11
4j21_ligand,103,100,100,200,2070300,-4.075853,-8.883362,13.854570,6,33,0.900000,0.010000,12
4j21_ligand,101,100,100,200,2030100,-4.535008,-8.883362,12.970330,6,33,0.900000,0.010000,13
4j21_ligand,152,100,100,200,3055200,-5.445240,-8.883362,13.134892,6,33,0.900000,0.010000,14
4j21_ligand,78,100,100,200,1567800,-5.274446,-8.883362,13.085800,6,33,0.900000,0.010000,15
4j21_ligand,147,100,100,200,2954700,-5.019572,-8.883362,14.131385,6,33,0.900000,0.010000,16
4j21_ligand,113,100,100,200,2271300,-4.525488,-8.883362,12.924216,6,33,0.900000,0.010000,17
4j21_ligand,58,100,100,200,1165800,-5.387090,-8.883362,13.172285,6,33,0.900000,0.010000,18
4j21_ligand,56,100,100,200,1125600,-2.920962,-8.883362,21.596838,6,33,0.900000,0.010000,19
4j21_ligand,106,100,100,200,2130600,-5.424122,-8.883362,13.129452,6,33,0.900000,0.010000,1
4j21_ligand,153,100,100,200,3075300,-5.752869,-8.883362,16.536507,6,33,0.900000,0.010000,2
4j21_ligand,85,100,100,200,1708500,-3.491452,-8.883362,25.508886,6,33,0.900000,0.010000,3
4j21_ligand,132,100,100,200,2653200,-4.670597,-8.883362,6.963913,6,33,0.900000,0.010000,4
4j21_ligand,153,100,100,200,3075300,-4.779435,-8.883362,13.683599,6,33,0.900000,0.010000,5
4j21_ligand,154,100,100,200,3095400,-5.550855,-8.883362,5.752567,6,33,0.900000,0.010000,6
4j21_ligand,67,100,100,200,1346700,-5.015495,-8.883362,14.135301,6,33,0.900000,0.010000,7
4j21_ligand,96,100,100,200,1929600,-4.720682,-8.883362,13.163333,6,33,0.900000,0.010000,8
4j21_ligand,149,100,100,200,2994900,-3.378736,-8.883362,22.014547,6,33,0.900000,0.010000,9
4j21_ligand,136,100,100,200,2733600,-3.113935,-8.883362,9.847130,6,33,0.950000,0.000001,0
4j21_ligand,186,100,100,200,3738600,-2.233952,-8.883362,24.529650,6,33,0.950000,0.000001,10
4j21_ligand,152,100,100,200,3055200,-2.292188,-8.883362,22.053698,6,33,0.950000,0.000001,11
4j21_ligand,186,100,100,200,3738600,-2.226654,-8.883362,14.021801,6,33,0.950000,0.000001,12
4j21_ligand,192,100,100,200,3859200,-5.000190,-8.883362,14.020832,6,33,0.950000,0.000001,13
4j21_ligand,86,100,100,200,1728600,-5.469846,-8.883362,13.127090,6,33,0.950000,0.000001,14
4j21_ligand,134,100,100,200,2693400,-2.735130,-8.883362,21.052494,6,33,0.950000,0.000001,15
4j21_ligand,162,100,100,200,3256200,-3.873608,-8.883362,13.894279,6,33,0.950000,0.000001,16
4j21_ligand,111,100,100,200,2231100,-1.694518,-8.883362,9.531800,6,33,0.950000,0.000001,17
4j21_ligand,218,100,100,200,4381800,-4.235045,-8.883362,6.896008,6,33,0.950000,0.000001,18
4j21_ligand,140,100,100,200,2814000,-2.942080,-8.883362,21.582287,6,33,0.950000,0.000001,19
4j21_ligand,208,100,100,200,4180800,-3.953390,-8.883362,22.852270,6,33,0.950000,0.000001,1
4j21_ligand,114,100,100,200,2291400,-3.952461,-8.883362,16.655790,6,33,0.950000,0.000001,2
4j21_ligand,90,100,100,200,1809000,-2.329450,-8.883362,22.104456,6,33,0.950000,0.000001,3
4j21_ligand,88,100,100,200,1768800,-1.082340,-8.883362,16.216557,6,33,0.950000,0.000001,4
4j21_ligand,104,100,100,200,2090400,-2.818141,-8.883362,20.946430,6,33,0.950000,0.000001,5
4j21_ligand,96,100,100,200,1929600,-3.481391,-8.883362,9.642672,6,33,0.950000,0.000001,6
4j21_ligand,186,100,100,200,3738600,-4.621468,-8.883362,12.388090,6,33,0.950000,0.000001,7
4j21_ligand,78,100,100,200,1567800,-2.423601,-8.883362,29.414095,6,33,0.950000,0.000001,8
4j21_ligand,122,100,100,200,2452200,-3.434352,-8.883362,21.983788,6,33,0.950000,0.000001,9
4j21_ligand,64,100,100,200,1286400,-4.622907,-8.883362,23.983368,6,33,0.950000,0.010000,0
4j21_ligand,60,100,100,200,1206000,-3.635269,-8.883362,21.346153,6,33,0.950000,0.010000,10
4j21_ligand,69,100,100,200,1386900,-4.641344,-8.883362,12.547059,6,33,0.950000,0.010000,11
4j21_ligand,118,100,100,200,2371800,-3.693685,-8.883362,17.006821,6,33,0.950000,0.010000,12
4j21_ligand,64,100,100,200,1286400,-5.022379,-8.883362,14.116012,6,33,0.950000,0.010000,13
4j21_ligand,76,100,100,200,1527600,-5.407029,-8.883362,13.061074,6,33,0.950000,0.010000,14
4j21_ligand,60,100,100,200,1206000,-3.514901,-8.883362,22.322821,6,33,0.950000,0.010000,15
4j21_ligand,64,100,100,200,1286400,-5.010588,-8.883362,14.151193,6,33,0.950000,0.010000,16
4j21_ligand,190,100,100,200,3819000,-3.570631,-8.883362,8.691861,6,33,0.950000,0.010000,17
4j21_ligand,76,100,100,200,1527600,-5.469920,-8.883362,13.126572,6,33,0.950000,0.010000,18
4j21_ligand,150,100,100,200,3015000,-3.645652,-8.883362,24.801060,6,33,0.950000,0.010000,19
4j21_ligand,96,100,100,200,1929600,-5.469219,-8.883362,13.145147,6,33,0.950000,0.010000,1
4j21_ligand,86,100,100,200,1728600,-5.749150,-8.883362,16.517479,6,33,0.950000,0.010000,2
4j21_ligand,104,100,100,200,2090400,-3.862560,-8.883362,20.423595,6,33,0.950000,0.010000,3
4j21_ligand,172,100,100,200,3457200,-4.729572,-8.883362,13.690278,6,33,0.950000,0.010000,4
4j21_ligand,178,100,100,200,3577800,-3.744223,-8.883362,22.461515,6,33,0.950000,0.010000,5
4j21_ligand,158,100,100,200,3175800,-4.379085,-8.883362,12.107952,6,33,0.950000,0.010000,6
4j21_ligand,146,100,100,200,2934600,-5.761642,-8.883362,16.541004,6,33,0.950000,0.010000,7
4j21_ligand,121,100,100,200,2432100,-4.749792,-8.883362,13.239573,6,33,0.950000,0.010000,8
4j21_ligand,128,100,100,200,2572800,-3.434167,-8.883362,21.983088,6,33,0.950000,0.010000,9
4kz6_ligand,6,100,100,200,120600,0.000497,-0.303014,10.296517,11,31,0.800000,0.000001,0
4kz6_ligand,4,100,100,200,80400,0.220649,-0.303014,11.146068,11,31,0.800000,0.000001,10
4kz6_ligand,6,100,100,200,120600,0.124267,-0.303014,11.950777,11,31,0.800000,0.000001,11
4kz6_ligand,4,100,100,200,80400,0.581785,-0.303014,5.771398,11,31,0.800000,0.000001,12
4kz6_ligand,4,100,100,200,80400,-0.275406,-0.303014,6.307703,11,31,0.800000,0.000001,13
4kz6_ligand,4,100,100,200,80400,0.099240,-0.303014,8.845832,11,31,0.800000,0.000001,14
4kz6_ligand,6,100,100,200,120600,0.126567,-0.303014,8.966614,11,31,0.800000,0.000001,15
4kz6_ligand,4,100,100,200,80400,0.602329,-0.303014,6.677510,11,31,0.800000,0.000001,16
4kz6_ligand,6,100,100,200,120600,0.656892,-0.303014,6.119068,11,31,0.800000,0.000001,17
4kz6_ligand,2,100,100,200,40200,0.100160,-0.303014,12.277671,11,31,0.800000,0.000001,18
4kz6_ligand,6,100,100,200,120600,-0.180388,-0.303014,11.615817,11,31,0.800000,0.000001,19
4kz6_ligand,4,100,100,200,80400,0.500120,-0.303014,6.433967,11,31,0.800000,0.000001,1
4kz6_ligand,4,100,100,200,80400,-0.108952,-0.303014,4.972061,11,31,0.800000,0.000001,2
4kz6_ligand,4,100,100,200,80400,0.193063,-0.303014,5.266624,11,31,0.800000,0.000001,3
4kz6_ligand,4,100,100,200,80400,0.425661,-0.303014,5.869075,11,31,0.800000,0.000001,4
4kz6_ligand,4,100,100,200,80400,-0.011411,-0.303014,12.797941,11,31,0.800000,0.000001,5
4kz6_ligand,2,100,100,200,40200,0.426707,-0.303014,7.252518,11,31,0.800000,0.000001,6
4kz6_ligand,4,100,100,200,80400,0.396413,-0.303014,10.646813,11,31,0.800000,0.000001,7
4kz6_ligand,4,100,100,200,80400,0.696846,-0.303014,9.813322,11,31,0.800000,0.000001,8
4kz6_ligand,4,100,100,200,80400,0.202732,-0.303014,10.511145,11,31,0.800000,0.000001,9
4kz6_ligand,2,100,100,200,40200,-0.231677,-0.303014,3.709163,11,31,0.800000,0.010000,0
4kz6_ligand,2,100,100,200,40200,-0.738410,-0.303014,4.428103,11,31,0.800000,0.010000,10
4kz6_ligand,2,100,100,200,40200,-0.273625,-0.303014,6.550783,11,31,0.800000,0.010000,11
4kz6_ligand,2,100,100,200,40200,-0.840846,-0.303014,5.970143,11,31,0.800000,0.010000,12
4kz6_ligand,2,100,100,200,40200,-1.047568,-0.303014,6.527566,11,31,0.800000,0.010000,13
4kz6_ligand,2,100,100,200,40200,-1.191420,-0.303014,5.971887,11,31,0.800000,0.010000,14
4kz6_ligand,2,100,100,200,40200,-0.306356,-0.303014,9.314857,11,31,0.800000,0.010000,15
4kz6_ligand,2,100,100,200,40200,-1.021591,-0.303014,8.636521,11,31,0.800000,0.010000,16
4kz6_ligand,2,100,100,200,40200,-0.216501,-0.303014,4.745766,11,31,0.800000,0.010000,17
4kz6_ligand,2,100,100,200,40200,-0.914588,-0.303014,12.368976,11,31,0.800000,0.010000,18
4kz6_ligand,2,100,100,200,40200,-1.478733,-0.303014,7.527658,11,31,0.800000,0.010000,19
4kz6_ligand,2,100,100,200,40200,-1.282323,-0.303014,7.063715,11,31,0.800000,0.010000,1
4kz6_ligand,2,100,100,200,40200,-0.832360,-0.303014,11.132405,11,31,0.800000,0.010000,2
4kz6_ligand,2,100,100,200,40200,-0.023629,-0.303014,8.300278,11,31,0.800000,0.010000,3
4kz6_ligand,2,100,100,200,40200,-0.738574,-0.303014,11.747629,11,31,0.800000,0.010000,4
4kz6_ligand,2,100,100,200,40200,-1.802961,-0.303014,8.279127,11,31,0.800000,0.010000,5
4kz6_ligand,2,100,100,200,40200,-1.602992,-0.303014,7.277068,11,31,0.800000,0.010000,6
4kz6_ligand,2,100,100,200,40200,-0.415211,-0.303014,5.268999,11,31,0.800000,0.010000,7
4kz6_ligand,2,100,100,200,40200,-0.522419,-0.303014,8.551021,11,31,0.800000,0.010000,8
4kz6_ligand,2,100,100,200,40200,-0.764254,-0.303014,6.244992,11,31,0.800000,0.010000,9
4kz6_ligand,6,100,100,200,120600,0.292051,-0.303014,5.998600,11,31,0.900000,0.000001,0
4kz6_ligand,4,100,100,200,80400,0.541993,-0.303014,10.749913,11,31,0.900000,0.000001,10
4kz6_ligand,6,100,100,200,120600,0.237991,-0.303014,12.102482,11,31,0.900000,0.000001,11
4kz6_ligand,5,100,100,200,100500,0.513169,-0.303014,5.780118,11,31,0.900000,0.000001,12
4kz6_ligand,4,100,100,200,80400,-0.147968,-0.303014,6.971285,11,31,0.900000,0.000001,13
4kz6_ligand,4,100,100,200,80400,-0.054519,-0.303014,10.950991,11,31,0.900000,0.000001,14
4kz6_ligand,6,100,100,200,120600,0.560922,-0.303014,6.702521,11,31,0.900000,0.000001,15
4kz6_ligand,6,100,100,200,120600,0.580234,-0.303014,7.088821,11,31,0.900000,0.000001,16
4kz6_ligand,7,100,100,200,140700,0.682969,-0.303014,6.109373,11,31,0.900000,0.000001,17
4kz6_ligand,2,100,100,200,40200,0.171098,-0.303014,12.160854,11,31,0.900000,0.000001,18
4kz6_ligand,4,100,100,200,80400,0.424974,-0.303014,11.666671,11,31,0.900000,0.000001,19
4kz6_ligand,4,100,100,200,80400,0.641594,-0.303014,6.466947,11,31,0.900000,0.000001,1
4kz6_ligand,8,100,100,200,160800,0.655659,-0.303014,10.297585,11,31,0.900000,0.000001,2
4kz6_ligand,4,100,100,200,80400,0.461307,-0.303014,8.026281,11,31,0.900000,0.000001,3
4kz6_ligand,6,100,100,200,120600,0.648790,-0.303014,8.961697,11,31,0.900000,0.000001,4
4kz6_ligand,4,100,100,200,80400,0.613727,-0.303014,12.478888,11,31,0.900000,0.000001,5
4kz6_ligand,3,100,100,200,60300,0.657251,-0.303014,7.347078,11,31,0.900000,0.000001,6
4kz6_ligand,4,100,100,200,80400,0.441744,-0.303014,10.724787,11,31,0.900000,0.000001,7
4kz6_ligand,4,100,100,200,80400,0.289347,-0.303014,4.916884,11,31,0.900000,0.000001,8
4kz6_ligand,4,100,100,200,80400,0.301721,-0.303014,11.016690,11,31,0.900000,0.000001,9
4kz6_ligand,2,100,100,200,40200,0.123631,-0.303014,4.110306,11,31,0.900000,0.010000,0
4kz6_ligand,2,100,100,200,40200,-0.413862,-0.303014,4.261191,11,31,0.900000,0.010000,10
4kz6_ligand,2,100,100,200,40200,0.414453,-0.303014,10.962148,11,31,0.900000,0.010000,11
4kz6_ligand,2,100,100,200,40200,-0.811850,-0.303014,5.867379,11,31,0.900000,0.010000,12
4kz6_ligand,2,100,100,200,40200,-1.189896,-0.303014,6.660363,11,31,0.900000,0.010000,13
4kz6_ligand,2,100,100,200,40200,-0.671372,-0.303014,6.009480,11,31,0.900000,0.010000,14
4kz6_ligand,2,100,100,200,40200,0.143991,-0.303014,9.260520,11,31,0.900000,0.010000,15
4kz6_ligand,2,100,100,200,40200,-0.939659,-0.303014,9.714590,11,31,0.900000,0.010000,16
4kz6_ligand,2,100,100,200,40200,-0.149537,-0.303014,3.436689,11,31,0.900000,0.010000,17
4kz6_ligand,2,100,100,200,40200,-0.790986,-0.303014,12.179280,11,31,0.900000,0.010000,18
4kz6_ligand,2,100,100,200,40200,-0.965635,-0.303014,7.706965,11,31,0.900000,0.010000,19
4kz6_ligand,2,100,100,200,40200,0.097911,-0.303014,5.430631,11,31,0.900000,0.010000,1
4kz6_ligand,2,100,100,200,40200,-0.044209,-0.303014,10.846995,11,31,0.900000,0.010000,2
4kz6_ligand,2,100,100,200,40200,0.261514,-0.303014,9.806016,11,31,0.900000,0.010000,3
4kz6_ligand,2,100,100,200,40200,0.047433,-0.303014,4.166145,11,31,0.900000,0.010000,4
4kz6_ligand,2,100,100,200,40200,-0.671902,-0.303014,7.470737,11,31,0.900000,0.010000,5
4kz6_ligand,2,100,100,200,40200,-1.517123,-0.303014,6.272368,11,31,0.900000,0.010000,6
4kz6_ligand,2,100,100,200,40200,0.035180,-0.303014,5.203781,11,31,0.900000,0.010000,7
4kz6_ligand,2,100,100,200,40200,-0.013271,-0.303014,10.493887,11,31,0.900000,0.010000,8
4kz6_ligand,2,100,100,200,40200,0.476493,-0.303014,16.957783,11,31,0.900000,0.010000,9
4kz6_ligand,6,100,100,200,120600,0.497452,-0.303014,5.507728,11,31,0.950000,0.000001,0
4kz6_ligand,4,100,100,200,80400,0.601806,-0.303014,10.631869,11,31,0.950000,0.000001,10
4kz6_ligand,8,100,100,200,160800,-0.304181,-0.303014,5.398041,11,31,0.950000,0.000001,11
4kz6_ligand,6,100,100,200,120600,0.675779,-0.303014,5.822243,11,31,0.950000,0.000001,12
4kz6_ligand,4,100,100,200,80400,0.277441,-0.303014,6.322445,11,31,0.950000,0.000001,13
4kz6_ligand,6,100,100,200,120600,-0.191277,-0.303014,11.151886,11,31,0.950000,0.000001,14
4kz6_ligand,10,100,100,200,201000,0.589294,-0.303014,9.046347,11,31,0.950000,0.000001,15
4kz6_ligand,7,100,100,200,140700,0.680811,-0.303014,6.763926,11,31,0.950000,0.000001,16
4kz6_ligand,7,100,100,200,140700,0.653643,-0.303014,6.178415,11,31,0.950000,0.000001,17
4kz6_ligand,2,100,100,200,40200,0.173712,-0.303014,12.157454,11,31,0.950000,0.000001,18
4kz6_ligand,6,100,100,200,120600,-0.356158,-0.303014,11.606625,11,31,0.950000,0.000001,19
4kz6_ligand,6,100,100,200,120600,0.692809,-0.303014,6.741950,11,31,0.950000,0.000001,1
4kz6_ligand,11,100,100,200,221100,0.681288,-0.303014,10.115830,11,31,0.950000,0.000001,2
4kz6_ligand,6,100,100,200,120600,0.392874,-0.303014,11.432357,11,31,0.950000,0.000001,3
4kz6_ligand,8,100,100,200,160800,0.642126,-0.303014,8.691247,11,31,0.950000,0.000001,4
4kz6_ligand,5,100,100,200,100500,0.581747,-0.303014,12.527391,11,31,0.950000,0.000001,5
4kz6_ligand,3,100,100,200,60300,0.680392,-0.303014,7.269774,11,31,0.950000,0.000001,6
4kz6_ligand,4,100,100,200,80400,0.631864,-0.303014,10.581895,11,31,0.950000,0.000001,7
4kz6_ligand,5,100,100,200,100500,0.650723,-0.303014,9.856676,11,31,0.950000,0.000001,8
4kz6_ligand,6,100,100,200,120600,-1.145341,-0.303014,12.097136,11,31,0.950000,0.000001,9
4kz6_ligand,4,100,100,200,80400,-0.654728,-0.303014,2.450576,11,31,0.950000,0.010000,0
4kz6_ligand,2,100,100,200,40200,-0.729929,-0.303014,4.260165,11,31,0.950000,0.010000,10
4kz6_ligand,4,100,100,200,80400,0.407593,-0.303014,9.818959,11,31,0.950000,0.010000,11
4kz6_ligand,2,100,100,200,40200,0.123325,-0.303014,5.680599,11,31,0.950000,0.010000,12
4kz6_ligand,2,100,100,200,40200,0.266391,-0.303014,4.265276,11,31,0.950000,0.010000,13
4kz6_ligand,2,100,100,200,40200,0.376275,-0.303014,5.953425,11,31,0.950000,0.010000,14
4kz6_ligand,2,100,100,200,40200,0.591703,-0.303014,6.308146,11,31,0.950000,0.010000,15
4kz6_ligand,4,100,100,200,80400,-0.762288,-0.303014,6.184603,11,31,0.950000,0.010000,16
4kz6_ligand,2,100,100,200,40200,0.353684,-0.303014,6.205291,11,31,0.950000,0.010000,17
4kz6_ligand,2,100,100,200,40200,-0.184888,-0.303014,12.794901,11,31,0.950000,0.010000,18
4kz6_ligand,2,100,100,200,40200,0.183316,-0.303014,11.321259,11,31,0.950000,0.010000,19
4kz6_ligand,4,100,100,200,80400,-0.476867,-0.303014,8.871324,11,31,0.950000,0.010000,1
4kz6_ligand,4,100,100,200,80400,-0.302911,-0.303014,9.774073,11,31,0.950000,0.010000,2
4kz6_ligand,4,100,100,200,80400,-0.091671,-0.303014,5.159569,11,31,0.950000,0.010000,3
4kz6_ligand,4,100,100,200,80400,0.498713,-0.303014,4.332607,11,31,0.950000,0.010000,4
4kz6_ligand,3,100,100,200,60300,0.416657,-0.303014,13.292256,11,31,0.950000,0.010000,5
4kz6_ligand,2,100,100,200,40200,-0.948395,-0.303014,7.413170,11,31,0.950000,0.010000,6
4kz6_ligand,2,100,100,200,40200,0.142341,-0.303014,6.012592,11,31,0.950000,0.010000,7
4kz6_ligand,2,100,100,200,40200,0.378982,-0.303014,4.839251,11,31,0.950000,0.010000,8
4kz6_ligand,4,100,100,200,80400,-0.217638,-0.303014,10.255054,11,31,0.950000,0.010000,9
4ty7_ligand,528,100,100,200,10612800,2.166028,-3.464769,18.848845,20,66,0.800000,0.000001,0
4ty7_ligand,175,100,100,200,3517500,3.461740,-3.464769,18.049616,20,66,0.800000,0.000001,10
4ty7_ligand,160,100,100,200,3216000,2.307946,-3.464769,22.573204,20,66,0.800000,0.000001,11
4ty7_ligand,226,100,100,200,4542600,2.388374,-3.464769,20.547226,20,66,0.800000,0.000001,12
4ty7_ligand,236,100,100,200,4743600,1.451190,-3.464769,30.006512,20,66,0.800000,0.000001,13
4ty7_ligand,154,100,100,200,3095400,2.647812,-3.464769,29.732836,20,66,0.800000,0.000001,14
4ty7_ligand,254,100,100,200,5105400,2.214527,-3.464769,31.969398,20,66,0.800000,0.000001,15
4ty7_ligand,131,100,100,200,2633100,4.273788,-3.464769,23.074926,20,66,0.800000,0.000001,16
4ty7_ligand,378,100,100,200,7597800,1.652272,-3.464769,18.103455,20,66,0.800000,0.000001,17
4ty7_ligand,583,100,100,200,11718300,0.156195,-3.464769,10.002149,20,66,0.800000,0.000001,1
4ty7_ligand,166,100,100,200,3336600,1.428284,-3.464769,15.308960,20,66,0.800000,0.000001,3
4ty7_ligand,428,100,100,200,8602800,1.802732,-3.464769,19.532944,20,66,0.800000,0.000001,5
4ty7_ligand,176,100,100,200,3537600,1.399168,-3.464769,9.555797,20,66,0.800000,0.000001,6
4ty7_ligand,270,100,100,200,5427000,2.139934,-3.464769,21.702209,20,66,0.800000,0.000001,7
4ty7_ligand,443,100,100,200,8904300,1.145002,-3.464769,27.509106,20,66,0.800000,0.000001,8
4ty7_ligand,432,100,100,200,8683200,2.553168,-3.464769,31.045555,20,66,0.800000,0.000001,9
4ty7_ligand,90,100,100,200,1809000,0.382353,-3.464769,24.338652,20,66,0.800000,0.010000,0
4ty7_ligand,108,100,100,200,2170800,-0.401479,-3.464769,29.394957,20,66,0.800000,0.010000,10
4ty7_ligand,91,100,100,200,1829100,-0.682483,-3.464769,28.341763,20,66,0.800000,0.010000,11
4ty7_ligand,102,100,100,200,2050200,0.953551,-3.464769,26.046419,20,66,0.800000,0.010000,12
4ty7_ligand,116,100,100,200,2331600,1.578493,-3.464769,12.058259,20,66,0.800000,0.010000,13
4ty7_ligand,172,100,100,200,3457200,0.336103,-3.464769,27.955471,20,66,0.800000,0.010000,14
4ty7_ligand,126,100,100,200,2532600,0.184117,-3.464769,25.745018,20,66,0.800000,0.010000,15
4ty7_ligand,92,100,100,200,1849200,0.530313,-3.464769,24.336145,20,66,0.800000,0.010000,16
4ty7_ligand,72,100,100,200,1447200,0.236415,-3.464769,17.143616,20,66,0.800000,0.010000,17
4ty7_ligand,102,100,100,200,2050200,2.218744,-3.464769,20.969887,20,66,0.800000,0.010000,18
4ty7_ligand,92,100,100,200,1849200,-0.844312,-3.464769,22.561005,20,66,0.800000,0.010000,1
4ty7_ligand,70,100,100,200,1407000,0.165377,-3.464769,24.100191,20,66,0.800000,0.010000,2
4ty7_ligand,117,100,100,200,2351700,-0.810256,-3.464769,18.350542,20,66,0.800000,0.010000,3
4ty7_ligand,54,100,100,200,1085400,1.982498,-3.464769,32.687412,20,66,0.800000,0.010000,4
4ty7_ligand,73,100,100,200,1467300,-0.711527,-3.464769,18.918837,20,66,0.800000,0.010000,5
4ty7_ligand,78,100,100,200,1567800,0.018466,-3.464769,17.264290,20,66,0.800000,0.010000,6
4ty7_ligand,163,100,100,200,3276300,0.856803,-3.464769,19.122587,20,66,0.800000,0.010000,7
4ty7_ligand,126,100,100,200,2532600,-2.098142,-3.464769,20.589956,20,66,0.800000,0.010000,8
4ty7_ligand,149,100,100,200,2994900,-0.790541,-3.464769,20.718845,20,66,0.800000,0.010000,9
4ty7_ligand,196,100,100,200,3939600,3.149156,-3.464769,14.178924,20,66,0.900000,0.000001,0
4ty7_ligand,152,100,100,200,3055200,2.778259,-3.464769,14.080638,20,66,0.900000,0.000001,10
4ty7_ligand,154,100,100,200,3095400,2.467639,-3.464769,11.753519,20,66,0.900000,0.000001,11
4ty7_ligand,114,100,100,200,2291400,2.354925,-3.464769,23.710901,20,66,0.900000,0.000001,12
4ty7_ligand,192,100,100,200,3859200,2.651068,-3.464769,29.755844,20,66,0.900000,0.000001,14
4ty7_ligand,212,100,100,200,4261200,1.177139,-3.464769,16.986624,20,66,0.900000,0.000001,15
4ty7_ligand,240,100,100,200,4824000,3.790733,-3.464769,23.126686,20,66,0.900000,0.000001,16
4ty7_ligand,286,100,100,200,5748600,0.409017,-3.464769,11.064335,20,66,0.900000,0.000001,17
4ty7_ligand,366,100,100,200,7356600,0.062887,-3.464769,25.486673,20,66,0.900000,0.000001,18
4ty7_ligand,264,100,100,200,5306400,2.969797,-3.464769,20.810106,20,66,0.900000,0.000001,1
4ty7_ligand,316,100,100,200,6351600,0.652168,-3.464769,12.118292,20,66,0.900000,0.000001,2
4ty7_ligand,136,100,100,200,2733600,2.795651,-3.464769,15.486337,20,66,0.900000,0.000001,3
4ty7_ligand,436,100,100,200,8763600,0.848033,-3.464769,25.057240,20,66,0.900000,0.000001,4
4ty7_ligand,290,100,100,200,5829000,1.802932,-3.464769,19.516153,20,66,0.900000,0.000001,5
4ty7_ligand,418,100,100,200,8401800,1.616552,-3.464769,19.305786,20,66,0.900000,0.000001,6
4ty7_ligand,296,100,100,200,5949600,1.755480,-3.464769,28.903307,20,66,0.900000,0.000001,7
4ty7_ligand,304,100,100,200,6110400,-0.308824,-3.464769,27.430967,20,66,0.900000,0.000001,8
4ty7_ligand,170,100,100,200,3417000,1.131564,-3.464769,22.680073,20,66,0.900000,0.000001,9
4ty7_ligand,104,100,100,200,2090400,0.182634,-3.464769,17.669556,20,66,0.900000,0.010000,0
4ty7_ligand,107,100,100,200,2150700,-0.402373,-3.464769,29.422113,20,66,0.900000,0.010000,10
4ty7_ligand,87,100,100,200,1748700,-0.031202,-3.464769,28.375486,20,66,0.900000,0.010000,11
4ty7_ligand,100,100,100,200,2010000,-0.204427,-3.464769,18.553396,20,66,0.900000,0.010000,12
4ty7_ligand,92,100,100,200,1849200,0.487338,-3.464769,29.298304,20,66,0.900000,0.010000,13
4ty7_ligand,131,100,100,200,2633100,-0.210079,-3.464769,26.888811,20,66,0.900000,0.010000,14
4ty7_ligand,152,100,100,200,3055200,0.130552,-3.464769,15.985734,20,66,0.900000,0.010000,15
4ty7_ligand,106,100,100,200,2130600,0.450079,-3.464769,21.438574,20,66,0.900000,0.010000,16
4ty7_ligand,206,100,100,200,4140600,0.281692,-3.464769,17.220778,20,66,0.900000,0.010000,17
4ty7_ligand,112,100,100,200,2251200,0.637758,-3.464769,21.234011,20,66,0.900000,0.010000,18
4ty7_ligand,78,100,100,200,1567800,0.901497,-3.464769,32.601654,20,66,0.900000,0.010000,19
4ty7_ligand,114,100,100,200,2291400,-0.469929,-3.464769,26.585226,20,66,0.900000,0.010000,2
4ty7_ligand,68,100,100,200,1366800,-0.475733,-3.464769,22.621264,20,66,0.900000,0.010000,3
4ty7_ligand,128,100,100,200,2572800,0.445179,-3.464769,21.464769,20,66,0.900000,0.010000,4
4ty7_ligand,122,100,100,200,2452200,-0.398539,-3.464769,19.194906,20,66,0.900000,0.010000,5
4ty7_ligand,126,100,100,200,2532600,-0.220433,-3.464769,27.698528,20,66,0.900000,0.010000,6
4ty7_ligand,84,100,100,200,1688400,2.152755,-3.464769,25.992405,20,66,0.900000,0.010000,7
4ty7_ligand,160,100,100,200,3216000,-0.143593,-3.464769,27.196226,20,66,0.900000,0.010000,8
4ty7_ligand,194,100,100,200,3899400,-0.878016,-3.464769,22.839401,20,66,0.900000,0.010000,9
4ty7_ligand,218,100,100,200,4381800,2.983657,-3.464769,13.377782,20,66,0.950000,0.000001,0
4ty7_ligand,80,100,100,200,1608000,3.575005,-3.464769,19.342758,20,66,0.950000,0.000001,10
4ty7_ligand,212,100,100,200,4261200,2.733086,-3.464769,14.337749,20,66,0.950000,0.000001,11
4ty7_ligand,363,100,100,200,7296300,1.387774,-3.464769,23.101816,20,66,0.950000,0.000001,12
4ty7_ligand,233,100,100,200,4683300,0.542659,-3.464769,28.826130,20,66,0.950000,0.000001,14
4ty7_ligand,136,100,100,200,2733600,2.282771,-3.464769,31.954372,20,66,0.950000,0.000001,15
4ty7_ligand,750,100,100,200,15075000,0.128867,-3.464769,20.937277,20,66,0.950000,0.000001,16
4ty7_ligand,264,100,100,200,5306400,1.674475,-3.464769,17.948200,20,66,0.950000,0.000001,17
4ty7_ligand,167,100,100,200,3356700,1.392765,-3.464769,23.110811,20,66,0.950000,0.000001,18
4ty7_ligand,190,100,100,200,3819000,-0.024634,-3.464769,34.942184,20,66,0.950000,0.000001,19
4ty7_ligand,138,100,100,200,2773800,1.796086,-3.464769,18.016768,20,66,0.950000,0.000001,1
4ty7_ligand,345,100,100,200,6934500,1.963280,-3.464769,11.255411,20,66,0.950000,0.000001,2
4ty7_ligand,330,100,100,200,6633000,0.659963,-3.464769,15.349165,20,66,0.950000,0.000001,3
4ty7_ligand,476,100,100,200,9567600,1.834456,-3.464769,19.531319,20,66,0.950000,0.000001,5
4ty7_ligand,408,100,100,200,8200800,1.384133,-3.464769,18.992056,20,66,0.950000,0.000001,6
4ty7_ligand,124,100,100,200,2492400,4.976312,-3.464769,44.629108,20,66,0.950000,0.000001,7
4ty7_ligand,282,100,100,200,5668200,0.618639,-3.464769,22.806591,20,66,0.950000,0.000001,8
4ty7_ligand,93,100,100,200,1869300,3.119892,-3.464769,20.859013,20,66,0.950000,0.000001,9
4ty7_ligand,114,100,100,200,2291400,0.789772,-3.464769,15.122457,20,66,0.950000,0.010000,0
4ty7_ligand,180,100,100,200,3618000,-0.602014,-3.464769,17.265572,20,66,0.950000,0.010000,10
4ty7_ligand,142,100,100,200,2854200,0.635933,-3.464769,30.533716,20,66,0.950000,0.010000,11
4ty7_ligand,140,100,100,200,2814000,-1.239630,-3.464769,20.303230,20,66,0.950000,0.010000,13
4ty7_ligand,120,100,100,200,2412000,0.309710,-3.464769,27.974550,20,66,0.950000,0.010000,14
4ty7_ligand,238,100,100,200,4783800,0.759736,-3.464769,31.675556,20,66,0.950000,0.010000,15
4ty7_ligand,268,100,100,200,5386800,1.696452,-3.464769,28.339064,20,66,0.950000,0.010000,16
4ty7_ligand,208,100,100,200,4180800,-0.635907,-3.464769,21.704500,20,66,0.950000,0.010000,17
4ty7_ligand,200,100,100,200,4020000,1.559748,-3.464769,23.179558,20,66,0.950000,0.010000,18
4ty7_ligand,200,100,100,200,4020000,0.140654,-3.464769,33.967064,20,66,0.950000,0.010000,19
4ty7_ligand,392,100,100,200,7879200,0.049104,-3.464769,8.757515,20,66,0.950000,0.010000,1
4ty7_ligand,116,100,100,200,2331600,0.477677,-3.464769,11.339643,20,66,0.950000,0.010000,2
4ty7_ligand,112,100,100,200,2251200,0.467535,-3.464769,20.059671,20,66,0.950000,0.010000,3
4ty7_ligand,136,100,100,200,2733600,1.363329,-3.464769,24.369316,20,66,0.950000,0.010000,4
4ty7_ligand,272,100,100,200,5467200,-1.412107,-3.464769,20.354458,20,66,0.950000,0.010000,5
4ty7_ligand,224,100,100,200,4502400,0.844898,-3.464769,25.955227,20,66,0.950000,0.010000,6
4ty7_ligand,224,100,100,200,4502400,1.916321,-3.464769,24.730791,20,66,0.950000,0.010000,7
4ty7_ligand,174,100,100,200,3497400,-0.261409,-3.464769,27.425734,20,66,0.950000,0.010000,8
4ty7_ligand,58,100,100,200,1165800,1.946442,-3.464769,17.168518,20,66,0.950000,0.010000,9
5tmn_ligand,750,100,100,200,15075000,-4.031017,-10.883055,11.767567,17,64,0.800000,0.000001,0
5tmn_ligand,750,100,100,200,15075000,-9.786715,-10.883055,13.934889,17,64,0.800000,0.000001,10
5tmn_ligand,750,100,100,200,15075000,-6.806212,-10.883055,16.219921,17,64,0.800000,0.000001,11
5tmn_ligand,750,100,100,200,15075000,-9.876314,-10.883055,11.006892,17,64,0.800000,0.000001,12
5tmn_ligand,750,100,100,200,15075000,-8.745582,-10.883055,11.143703,17,64,0.800000,0.000001,13
5tmn_ligand,543,100,100,200,10914300,-8.483030,-10.883055,11.904834,17,64,0.800000,0.000001,14
5tmn_ligand,553,100,100,200,11115300,-5.519691,-10.883055,15.197580,17,64,0.800000,0.000001,15
5tmn_ligand,397,100,100,200,7979700,-4.945685,-10.883055,12.980233,17,64,0.800000,0.000001,16
5tmn_ligand,750,100,100,200,15075000,-4.666308,-10.883055,10.103823,17,64,0.800000,0.000001,17
5tmn_ligand,750,100,100,200,15075000,-8.097663,-10.883055,13.222543,17,64,0.800000,0.000001,18
5tmn_ligand,465,100,100,200,9346500,-7.556974,-10.883055,13.142433,17,64,0.800000,0.000001,19
5tmn_ligand,435,100,100,200,8743500,-9.452302,-10.883055,11.780961,17,64,0.800000,0.000001,1
5tmn_ligand,503,100,100,200,10110300,-8.009024,-10.883055,11.588519,17,64,0.800000,0.000001,2
5tmn_ligand,750,100,100,200,15075000,-8.214457,-10.883055,12.756355,17,64,0.800000,0.000001,3
5tmn_ligand,745,100,100,200,14974500,-8.588419,-10.883055,7.829657,17,64,0.800000,0.000001,4
5tmn_ligand,750,100,100,200,15075000,-5.127036,-10.883055,8.540821,17,64,0.800000,0.000001,5
5tmn_ligand,716,100,100,200,14391600,-5.811762,-10.883055,12.793356,17,64,0.800000,0.000001,6
5tmn_ligand,750,100,100,200,15075000,-9.201260,-10.883055,12.647050,17,64,0.800000,0.000001,7
5tmn_ligand,750,100,100,200,15075000,-9.452309,-10.883055,10.860178,17,64,0.800000,0.000001,8
5tmn_ligand,367,100,100,200,7376700,-6.132337,-10.883055,13.480898,17,64,0.800000,0.000001,9
5tmn_ligand,46,100,100,200,924600,-9.901450,-10.883055,9.417524,17,64,0.800000,0.010000,0
5tmn_ligand,74,100,100,200,1487400,-9.978035,-10.883055,8.320603,17,64,0.800000,0.010000,10
5tmn_ligand,12,100,100,200,241200,-9.949265,-10.883055,13.994431,17,64,0.800000,0.010000,11
5tmn_ligand,109,100,100,200,2190900,-8.921335,-10.883055,14.220873,17,64,0.800000,0.010000,12
5tmn_ligand,161,100,100,200,3236100,-9.234562,-10.883055,9.753633,17,64,0.800000,0.010000,13
5tmn_ligand,97,100,100,200,1949700,-9.828948,-10.883055,11.509725,17,64,0.800000,0.010000,14
5tmn_ligand,8,100,100,200,160800,-10.584637,-10.883055,10.576090,17,64,0.800000,0.010000,15
5tmn_ligand,79,100,100,200,1587900,-8.728830,-10.883055,18.943409,17,64,0.800000,0.010000,16
5tmn_ligand,87,100,100,200,1748700,-9.654669,-10.883055,11.221459,17,64,0.800000,0.010000,17
5tmn_ligand,137,100,100,200,2753700,-9.496143,-10.883055,9.037231,17,64,0.800000,0.010000,18
5tmn_ligand,153,100,100,200,3075300,-9.536066,-10.883055,8.374196,17,64,0.800000,0.010000,19
5tmn_ligand,32,100,100,200,643200,-9.891375,-10.883055,13.190155,17,64,0.800000,0.010000,1
5tmn_ligand,85,100,100,200,1708500,-8.386597,-10.883055,11.153026,17,64,0.800000,0.010000,2
5tmn_ligand,85,100,100,200,1708500,-9.887224,-10.883055,11.797881,17,64,0.800000,0.010000,3
5tmn_ligand,108,100,100,200,2170800,-8.115224,-10.883055,14.516540,17,64,0.800000,0.010000,4
5tmn_ligand,44,100,100,200,884400,-9.926716,-10.883055,9.994164,17,64,0.800000,0.010000,5
5tmn_ligand,95,100,100,200,1909500,-8.900368,-10.883055,17.695797,17,64,0.800000,0.010000,6
5tmn_ligand,8,100,100,200,160800,-10.102808,-10.883055,9.911603,17,64,0.800000,0.010000,7
5tmn_ligand,17,100,100,200,341700,-9.884708,-10.883055,18.054787,17,64,0.800000,0.010000,8
5tmn_ligand,8,100,100,200,160800,-10.037303,-10.883055,10.300191,17,64,0.800000,0.010000,9
5tmn_ligand,405,100,100,200,8140500,-4.469886,-10.883055,12.279144,17,64,0.900000,0.000001,0
5tmn_ligand,750,100,100,200,15075000,-9.075052,-10.883055,13.223471,17,64,0.900000,0.000001,10
5tmn_ligand,750,100,100,200,15075000,-6.630293,-10.883055,17.176672,17,64,0.900000,0.000001,11
5tmn_ligand,750,100,100,200,15075000,-7.163626,-10.883055,9.915817,17,64,0.900000,0.000001,12
5tmn_ligand,486,100,100,200,9768600,-8.769719,-10.883055,11.297003,17,64,0.900000,0.000001,13
5tmn_ligand,689,100,100,200,13848900,-7.782586,-10.883055,12.964033,17,64,0.900000,0.000001,14
5tmn_ligand,500,100,100,200,10050000,-7.617378,-10.883055,16.153688,17,64,0.900000,0.000001,15
5tmn_ligand,750,100,100,200,15075000,-6.314515,-10.883055,12.724852,17,64,0.900000,0.000001,16
5tmn_ligand,750,100,100,200,15075000,-8.735431,-10.883055,11.707424,17,64,0.900000,0.000001,17
5tmn_ligand,571,100,100,200,11477100,-9.507468,-10.883055,11.404754,17,64,0.900000,0.000001,18
5tmn_ligand,361,100,100,200,7256100,-7.543028,-10.883055,13.105839,17,64,0.900000,0.000001,19
5tmn_ligand,429,100,100,200,8622900,-8.120770,-10.883055,9.972573,17,64,0.900000,0.000001,1
5tmn_ligand,432,100,100,200,8683200,-8.003350,-10.883055,11.727509,17,64,0.900000,0.000001,2
5tmn_ligand,629,100,100,200,12642900,-3.548975,-10.883055,11.070310,17,64,0.900000,0.000001,3
5tmn_ligand,750,100,100,200,15075000,-8.742424,-10.883055,16.456903,17,64,0.900000,0.000001,4
5tmn_ligand,750,100,100,200,15075000,-5.183721,-10.883055,8.779417,17,64,0.900000,0.000001,5
5tmn_ligand,587,100,100,200,11798700,-6.807761,-10.883055,13.008578,17,64,0.900000,0.000001,6
5tmn_ligand,277,100,100,200,5567700,-7.622784,-10.883055,13.747890,17,64,0.900000,0.000001,7
5tmn_ligand,750,100,100,200,15075000,-7.044449,-10.883055,12.865217,17,64,0.900000,0.000001,8
5tmn_ligand,543,100,100,200,10914300,-8.738913,-10.883055,14.584291,17,64,0.900000,0.000001,9
5tmn_ligand,27,100,100,200,542700,-9.893621,-10.883055,10.977901,17,64,0.900000,0.010000,0
5tmn_ligand,117,100,100,200,2351700,-9.587122,-10.883055,8.259715,17,64,0.900000,0.010000,10
5tmn_ligand,104,100,100,200,2090400,-6.995691,-10.883055,14.643511,17,64,0.900000,0.010000,11
5tmn_ligand,105,100,100,200,2110500,-9.336598,-10.883055,11.808969,17,64,0.900000,0.010000,12
5tmn_ligand,163,100,100,200,3276300,-8.831704,-10.883055,9.383152,17,64,0.900000,0.010000,13
5tmn_ligand,77,100,100,200,1547700,-8.042226,-10.883055,12.702400,17,64,0.900000,0.010000,14
5tmn_ligand,63,100,100,200,1266300,-9.888268,-10.883055,13.811753,17,64,0.900000,0.010000,15
5tmn_ligand,74,100,100,200,1487400,-8.779573,-10.883055,18.987030,17,64,0.900000,0.010000,16
5tmn_ligand,141,100,100,200,2834100,-8.639626,-10.883055,8.656873,17,64,0.900000,0.010000,17
5tmn_ligand,22,100,100,200,442200,-10.055027,-10.883055,10.295755,17,64,0.900000,0.010000,18
5tmn_ligand,101,100,100,200,2030100,-7.176471,-10.883055,12.546105,17,64,0.900000,0.010000,19
5tmn_ligand,24,100,100,200,482400,-9.906857,-10.883055,13.192864,17,64,0.900000,0.010000,1
5tmn_ligand,82,100,100,200,1648200,-8.260113,-10.883055,11.015491,17,64,0.900000,0.010000,2
5tmn_ligand,242,100,100,200,4864200,-9.538969,-10.883055,11.984874,17,64,0.900000,0.010000,3
5tmn_ligand,259,100,100,200,5205900,-8.887476,-10.883055,17.843121,17,64,0.900000,0.010000,4
5tmn_ligand,30,100,100,200,603000,-9.923859,-10.883055,10.369837,17,64,0.900000,0.010000,5
5tmn_ligand,172,100,100,200,3457200,-8.770609,-10.883055,17.093193,17,64,0.900000,0.010000,6
5tmn_ligand,18,100,100,200,361800,-9.884837,-10.883055,12.714931,17,64,0.900000,0.010000,7
5tmn_ligand,178,100,100,200,3577800,-8.873622,-10.883055,12.014814,17,64,0.900000,0.010000,8
5tmn_ligand,14,100,100,200,281400,-10.071702,-10.883055,10.793669,17,64,0.900000,0.010000,9
5tmn_ligand,688,100,100,200,13828800,-4.815037,-10.883055,11.490733,17,64,0.950000,0.000001,0
5tmn_ligand,722,100,100,200,14512200,-4.721813,-10.883055,9.918853,17,64,0.950000,0.000001,10
5tmn_ligand,750,100,100,200,15075000,-7.324430,-10.883055,16.403490,17,64,0.950000,0.000001,11
5tmn_ligand,750,100,100,200,15075000,-7.013166,-10.883055,20.275448,17,64,0.950000,0.000001,12
5tmn_ligand,451,100,100,200,9065100,-8.817945,-10.883055,11.362690,17,64,0.950000,0.000001,13
5tmn_ligand,750,100,100,200,15075000,-7.393157,-10.883055,10.911139,17,64,0.950000,0.000001,14
5tmn_ligand,750,100,100,200,15075000,-7.217859,-10.883055,16.755850,17,64,0.950000,0.000001,15
5tmn_ligand,690,100,100,200,13869000,-6.776513,-10.883055,14.604541,17,64,0.950000,0.000001,16
5tmn_ligand,750,100,100,200,15075000,-9.767719,-10.883055,11.792094,17,64,0.950000,0.000001,17
5tmn_ligand,750,100,100,200,15075000,-7.441561,-10.883055,10.037126,17,64,0.950000,0.000001,18
5tmn_ligand,644,100,100,200,12944400,-7.560000,-10.883055,13.076271,17,64,0.950000,0.000001,19
5tmn_ligand,458,100,100,200,9205800,-9.521871,-10.883055,11.699239,17,64,0.950000,0.000001,1
5tmn_ligand,750,100,100,200,15075000,-8.307384,-10.883055,11.695599,17,64,0.950000,0.000001,2
5tmn_ligand,750,100,100,200,15075000,-8.310577,-10.883055,11.922445,17,64,0.950000,0.000001,3
5tmn_ligand,750,100,100,200,15075000,-8.092023,-10.883055,17.182611,17,64,0.950000,0.000001,4
5tmn_ligand,750,100,100,200,15075000,-4.667997,-10.883055,9.231286,17,64,0.950000,0.000001,5
5tmn_ligand,342,100,100,200,6874200,-6.390816,-10.883055,15.044214,17,64,0.950000,0.000001,6
5tmn_ligand,346,100,100,200,6954600,-9.009565,-10.883055,14.037174,17,64,0.950000,0.000001,7
5tmn_ligand,570,100,100,200,11457000,-8.689623,-10.883055,10.091828,17,64,0.950000,0.000001,8
5tmn_ligand,750,100,100,200,15075000,-7.928649,-10.883055,11.625140,17,64,0.950000,0.000001,9
5tmn_ligand,232,100,100,200,4663200,-6.795895,-10.883055,12.807300,17,64,0.950000,0.010000,0
5tmn_ligand,750,100,100,200,15075000,-7.790421,-10.883055,13.030894,17,64,0.950000,0.010000,10
5tmn_ligand,351,100,100,200,7055100,-7.740250,-10.883055,17.116686,17,64,0.950000,0.010000,11
5tmn_ligand,222,100,100,200,4462200,-8.054891,-10.883055,10.045743,17,64,0.950000,0.010000,12
5tmn_ligand,462,100,100,200,9286200,-7.256447,-10.883055,10.932510,17,64,0.950000,0.010000,13
5tmn_ligand,247,100,100,200,4964700,-9.080856,-10.883055,12.672054,17,64,0.950000,0.010000,14
5tmn_ligand,428,100,100,200,8602800,-8.337595,-10.883055,14.846676,17,64,0.950000,0.010000,15
5tmn_ligand,750,100,100,200,15075000,-9.266581,-10.883055,19.194315,17,64,0.950000,0.010000,16
5tmn_ligand,750,100,100,200,15075000,-8.927477,-10.883055,9.543822,17,64,0.950000,0.010000,17
5tmn_ligand,212,100,100,200,4261200,-9.268168,-10.883055,10.697665,17,64,0.950000,0.010000,18
5tmn_ligand,120,100,100,200,2412000,-7.862948,-10.883055,13.045468,17,64,0.950000,0.010000,19
5tmn_ligand,632,100,100,200,12703200,-9.848595,-10.883055,11.623589,17,64,0.950000,0.010000,1
5tmn_ligand,60,100,100,200,1206000,-8.333729,-10.883055,11.011250,17,64,0.950000,0.010000,2
5tmn_ligand,116,100,100,200,2331600,-7.571148,-10.883055,12.032675,17,64,0.950000,0.010000,3
5tmn_ligand,150,100,100,200,3015000,-9.160340,-10.883055,16.603451,17,64,0.950000,0.010000,4
5tmn_ligand,130,100,100,200,2613000,-9.914185,-10.883055,10.398782,17,64,0.950000,0.010000,5
5tmn_ligand,434,100,100,200,8723400,-9.110494,-10.883055,17.232956,17,64,0.950000,0.010000,6
5tmn_ligand,140,100,100,200,2814000,-8.329259,-10.883055,12.466043,17,64,0.950000,0.010000,7
5tmn_ligand,750,100,100,200,15075000,-9.544351,-10.883055,15.501683,17,64,0.950000,0.010000,8
5tmn_ligand,16,100,100,200,321600,-9.943208,-10.883055,10.276580,17,64,0.950000,0.010000,9
