ligand,iteration,com_distance
1hii_ligand,0,0
1hii_ligand,1,0.395062
1hii_ligand,2,0.365199
1hii_ligand,3,0.558923
1hii_ligand,4,0.496985
1hii_ligand,5,0.444145
1hii_ligand,6,0.460604
1hii_ligand,7,0.602509
1hii_ligand,8,0.283684
1hii_ligand,9,0.637601
1hii_ligand,10,0.284693
1hii_ligand,11,0.650532
1hii_ligand,12,0.424797
1hii_ligand,13,0.598025
1hii_ligand,14,0.347875
1hii_ligand,15,0.634916
1hii_ligand,16,0.35055
1hii_ligand,17,0.572803
1hii_ligand,18,0.294605
1hii_ligand,19,0.656752
1hii_ligand,20,0.554894
1hii_ligand,21,0.41325
1hii_ligand,22,0.671879
1hii_ligand,23,0.40559
1hii_ligand,24,0.724828
1hii_ligand,25,0.43924
1hii_ligand,26,0.525576
1hii_ligand,27,0.614984
1hii_ligand,28,0.322901
1hii_ligand,29,0.911741
1hii_ligand,30,1.05009
1hii_ligand,31,1.46731
1hii_ligand,32,1.6254
1hii_ligand,33,1.80605
1hii_ligand,34,1.7092
1hii_ligand,35,1.77997
1hii_ligand,36,1.42392
1hii_ligand,37,1.72116
1hii_ligand,38,1.57452
1hii_ligand,39,1.85059
1hii_ligand,40,1.41362
1hii_ligand,41,1.88601
1hii_ligand,42,1.77769
1hii_ligand,43,1.8707
1hii_ligand,44,1.65178
1hii_ligand,45,1.83107
1hii_ligand,46,1.73245
1hii_ligand,47,1.89502
1hii_ligand,48,1.71737
1hii_ligand,49,1.82575
1hii_ligand,50,1.51493
1hii_ligand,51,1.74223
1hii_ligand,52,1.62063
1hii_ligand,53,1.72306
1hii_ligand,54,1.7118
1hii_ligand,55,1.75996
1hii_ligand,56,1.47617
1hii_ligand,57,1.90336
1hii_ligand,58,1.61705
1hii_ligand,59,1.78404
1hii_ligand,60,1.66207
1hii_ligand,61,1.86765
1hii_ligand,62,1.71721
1hii_ligand,63,1.64863
1hii_ligand,64,1.81394
1hii_ligand,65,1.79896
1hii_ligand,66,1.62473
1hii_ligand,67,1.69282
1hii_ligand,68,1.63738
1hii_ligand,69,1.68537
1hii_ligand,70,1.93183
1hii_ligand,71,1.94748
1hii_ligand,72,1.67162
1hii_ligand,73,1.84239
1hii_ligand,74,1.61316
1hii_ligand,75,1.76186
1hii_ligand,76,1.61807
1hii_ligand,77,1.79722
1hii_ligand,78,1.5996
1hii_ligand,79,1.82378
1hii_ligand,80,1.59078
1hii_ligand,81,1.75058
1hii_ligand,82,1.81406
1hii_ligand,83,1.94695
1hii_ligand,84,1.60694
1hii_ligand,85,1.86203
1hii_ligand,86,1.61898
1hii_ligand,87,1.73804
1hii_ligand,88,1.72526
1hii_ligand,89,1.60814
1hii_ligand,90,1.90158
1hii_ligand,91,1.89342
1hii_ligand,92,1.50942
1hii_ligand,93,1.85146
1hii_ligand,94,1.70986
1hii_ligand,95,1.76345
1hii_ligand,96,1.93093
1hii_ligand,97,1.82865
1hii_ligand,98,1.61593
1hii_ligand,99,1.67795
1hii_ligand,100,1.91666
1hii_ligand,101,1.81805
1hii_ligand,102,1.62294
1hii_ligand,103,1.77293
1hii_ligand,104,1.6764
1hii_ligand,105,1.77713
1hii_ligand,106,1.90766
1hii_ligand,107,1.99132
1hii_ligand,108,1.72768
1hii_ligand,109,1.71934
1hii_ligand,110,1.79758
1hii_ligand,111,1.87547
1hii_ligand,112,1.84533
1hii_ligand,113,2.03917
1hii_ligand,114,1.61245
1hii_ligand,115,1.75854
1hii_ligand,116,1.60606
1hii_ligand,117,1.57414
1hii_ligand,118,1.79835
1hii_ligand,119,1.75714
1hii_ligand,120,1.6763
1hii_ligand,121,1.85134
1hii_ligand,122,1.75825
1hii_ligand,123,1.95836
1hii_ligand,124,1.87115
1hii_ligand,125,1.84078
1hii_ligand,126,1.89502
1hii_ligand,127,1.7212
1hii_ligand,128,1.79229
1hii_ligand,129,1.71442
1hii_ligand,130,1.6521
1hii_ligand,131,1.64061
1hii_ligand,132,1.67366
1hii_ligand,133,1.75629
1hii_ligand,134,1.66042
1hii_ligand,135,1.84119
1hii_ligand,136,1.80193
1hii_ligand,137,1.76897
1hii_ligand,138,1.79925
1hii_ligand,139,1.78476
1hii_ligand,140,1.82
1hii_ligand,141,1.6626
1hii_ligand,142,1.82629
1hii_ligand,143,1.60784
1hii_ligand,144,1.7841
1hii_ligand,145,1.45415
1hii_ligand,146,1.74026
1hii_ligand,147,1.509
1hii_ligand,148,1.7299
1hii_ligand,149,1.68616
1hii_ligand,150,1.8422
1hii_ligand,151,1.89537
1hii_ligand,152,1.90513
1hii_ligand,153,1.64784
1hii_ligand,154,1.72069
1hii_ligand,155,1.63529
1hii_ligand,156,1.79557
1hii_ligand,157,1.82936
1hii_ligand,158,1.77763
1hii_ligand,159,1.67042
1hii_ligand,160,1.80129
1hii_ligand,161,1.85408
1hii_ligand,162,1.93767
1hii_ligand,163,1.71254
1hii_ligand,164,1.75684
1hii_ligand,165,1.81534
1hii_ligand,166,1.87595
1hii_ligand,167,1.8685
1hii_ligand,168,1.59646
1hii_ligand,169,1.98025
1hii_ligand,170,1.50522
1hii_ligand,171,1.80636
1hii_ligand,172,1.52022
1hii_ligand,173,1.84015
1hii_ligand,174,1.48444
1hii_ligand,175,1.7233
1hii_ligand,176,1.64508
1hii_ligand,177,1.72321
1hii_ligand,178,1.8423
1hii_ligand,179,1.85415
1hii_ligand,180,1.83633
1hii_ligand,181,1.68432
1hii_ligand,182,1.73802
1hii_ligand,183,1.83005
1hii_ligand,184,1.7775
1hii_ligand,185,1.91158
1hii_ligand,186,1.85357
1hii_ligand,187,1.65388
1hii_ligand,188,1.80016
1hii_ligand,189,1.76679
1hii_ligand,190,1.76209
1hii_ligand,191,1.86854
1hii_ligand,192,1.9565
1hii_ligand,193,1.74985
1hii_ligand,194,1.58253
1hii_ligand,195,1.8169
1hii_ligand,196,1.85443
1hii_ligand,197,1.80783
1hii_ligand,198,1.67379
1hii_ligand,199,1.83685
1hii_ligand,200,1.92326
1hii_ligand,201,1.82946
1hii_ligand,202,1.7761
1hii_ligand,203,1.7953
1hii_ligand,204,1.838
1hii_ligand,205,1.55425
1hii_ligand,206,1.7926
1hii_ligand,207,1.60098
1hii_ligand,208,1.85036
1hii_ligand,209,1.52662
1hii_ligand,210,1.69761
1hii_ligand,211,1.77999
1hii_ligand,212,1.76972
1hii_ligand,213,1.79648
1hii_ligand,214,1.93697
1hii_ligand,215,1.74516
1hii_ligand,216,1.85789
1hii_ligand,217,1.87339
1hii_ligand,218,1.81168
1hii_ligand,219,1.61127
1hii_ligand,220,1.79176
1hii_ligand,221,1.78528
1hii_ligand,222,1.80559
1hii_ligand,223,1.77496
1hii_ligand,224,1.90931
1hii_ligand,225,1.84282
1hii_ligand,226,1.78933
1hii_ligand,227,1.66854
1hii_ligand,228,1.8652
1hii_ligand,229,1.88151
1hii_ligand,230,1.97468
1hii_ligand,231,1.72894
1hii_ligand,232,1.77453
1hii_ligand,233,1.85
1hii_ligand,234,1.87277
1hii_ligand,235,1.89549
1hii_ligand,236,1.90908
1hii_ligand,237,1.51873
1hii_ligand,238,1.8347
1hii_ligand,239,1.8672
1hii_ligand,240,1.99696
1hii_ligand,241,1.693
1hii_ligand,242,1.77203
1hii_ligand,243,1.81825
1hii_ligand,244,1.85195
1hii_ligand,245,1.84998
1hii_ligand,246,1.74854
1hii_ligand,247,1.97304
1hii_ligand,248,1.44212
1hii_ligand,249,1.80858
1hii_ligand,250,1.62065
1hii_ligand,251,1.78097
1hii_ligand,252,1.88364
1hii_ligand,253,1.98151
1hii_ligand,254,1.88661
1hii_ligand,255,1.88401
1hii_ligand,256,1.75314
1hii_ligand,257,1.69476
1hii_ligand,258,1.75476
1hii_ligand,259,1.61784
1hii_ligand,260,1.7878
1hii_ligand,261,1.53231
1hii_ligand,262,1.78026
1hii_ligand,263,1.52512
1hii_ligand,264,1.75834
1hii_ligand,265,1.79716
1hii_ligand,266,1.79527
1hii_ligand,267,1.86451
1hii_ligand,268,1.91033
1hii_ligand,269,1.99784
1hii_ligand,270,1.80028
1hii_ligand,271,1.80133
1hii_ligand,272,1.76925
1hii_ligand,273,1.78519
1hii_ligand,274,1.92403
1hii_ligand,275,1.54098
1hii_ligand,276,1.69964
1hii_ligand,277,1.76909
1hii_ligand,278,1.79155
1hii_ligand,279,1.7374
1hii_ligand,280,1.89978
1hii_ligand,281,1.64059
1hii_ligand,282,1.75952
1hii_ligand,283,1.75213
1hii_ligand,284,1.84455
1hii_ligand,285,1.90497
1hii_ligand,286,1.99886
1hii_ligand,287,1.63389
1hii_ligand,288,1.8514
1hii_ligand,289,1.83115
1hii_ligand,290,1.96063
1hii_ligand,291,1.85873
1hii_ligand,292,1.98472
1hii_ligand,293,1.93183
1hii_ligand,294,1.79062
1hii_ligand,295,1.80613
1hii_ligand,296,1.7851
1hii_ligand,297,1.75685
1hii_ligand,298,1.81675
1hii_ligand,299,1.80875
1hii_ligand,300,1.91054
1hii_ligand,301,1.80371
1hii_ligand,302,1.84107
1hii_ligand,303,1.87458
1hii_ligand,304,1.9662
1hii_ligand,305,1.767
1hii_ligand,306,1.89431
1hii_ligand,307,1.98693
1hii_ligand,308,1.9103
1hii_ligand,309,1.92901
1hii_ligand,310,1.92152
1hii_ligand,311,1.86281
1hii_ligand,312,1.9998
1hii_ligand,313,1.75266
1hii_ligand,314,1.91144
1hii_ligand,315,1.82073
1hii_ligand,316,1.98052
1hii_ligand,317,1.68038
1hii_ligand,318,1.87367
1hii_ligand,319,1.83742
1hii_ligand,320,1.98176
1hii_ligand,321,1.79463
1hii_ligand,322,1.97322
1hii_ligand,323,1.80104
1hii_ligand,324,1.90757
1hii_ligand,325,1.78981
1hii_ligand,326,1.90567
1hii_ligand,327,2.04081
1hii_ligand,328,1.91691
1hii_ligand,329,1.65257
1hii_ligand,330,1.69972
1hii_ligand,331,1.94668
1hii_ligand,332,1.89892
1hii_ligand,333,1.71045
1hii_ligand,334,1.81562
1hii_ligand,335,1.86837
1hii_ligand,336,1.98209
1hii_ligand,337,1.93691
1hii_ligand,338,1.95132
1hii_ligand,339,1.71082
1hii_ligand,340,1.87278
1hii_ligand,341,1.88258
1hii_ligand,342,2.05509
1hii_ligand,343,1.64313
1hii_ligand,344,1.91697
1hii_ligand,345,1.86413
1hii_ligand,346,2.00175
1hii_ligand,347,1.79629
1hii_ligand,348,1.98577
1hii_ligand,349,1.91574
1hii_ligand,350,2.00171
1hii_ligand,351,1.63736
1hii_ligand,352,1.86731
1hii_ligand,353,1.89953
1hii_ligand,354,1.95965
1hii_ligand,355,1.65743
1hii_ligand,356,1.72312
1hii_ligand,357,2.00347
1hii_ligand,358,1.86319
1hii_ligand,359,1.6379
1hii_ligand,360,1.95529
1hii_ligand,361,1.92113
1hii_ligand,362,2.06241
1hii_ligand,363,1.58646
1hii_ligand,364,1.91372
1hii_ligand,365,1.78299
1hii_ligand,366,1.99314
1hii_ligand,367,1.5899
1hii_ligand,368,1.88826
1hii_ligand,369,1.84378
1hii_ligand,370,2.03975
1hii_ligand,371,1.49945
1hii_ligand,372,1.76819
1hii_ligand,373,1.62836
1hii_ligand,374,1.87989
1hii_ligand,375,1.6671
1hii_ligand,376,1.95849
1hii_ligand,377,1.78861
1hii_ligand,378,2.01474
1hii_ligand,379,1.83739
1hii_ligand,380,1.9647
1hii_ligand,381,1.68302
1hii_ligand,382,1.92563
1hii_ligand,383,1.85894
1hii_ligand,384,2.08179
1hii_ligand,385,1.58155
1hii_ligand,386,1.81744
1hii_ligand,387,1.73228
1hii_ligand,388,1.88498
1hii_ligand,389,1.86098
1hii_ligand,390,2.02921
1hii_ligand,391,1.70826
1hii_ligand,392,1.65212
1hii_ligand,393,1.99463
1hii_ligand,394,1.95674
1hii_ligand,395,1.63658
1hii_ligand,396,1.76818
1hii_ligand,397,1.91701
1hii_ligand,398,1.90431
1hii_ligand,399,1.74444
1hii_ligand,400,1.7333
1hii_ligand,401,1.91218
1hii_ligand,402,1.90585
1hii_ligand,403,1.69621
1hii_ligand,404,1.716
1hii_ligand,405,1.89184
1hii_ligand,406,1.79843
1hii_ligand,407,1.73595
1hii_ligand,408,2.03046
1hii_ligand,409,1.99733
1hii_ligand,410,1.63435
1hii_ligand,411,1.91875
1hii_ligand,412,1.76868
1hii_ligand,413,1.74673
1hii_ligand,414,1.71328
1hii_ligand,415,1.84067
1hii_ligand,416,1.80704
1hii_ligand,417,1.71264
1hii_ligand,418,1.70187
1hii_ligand,419,1.98596
1hii_ligand,420,1.76741
1hii_ligand,421,1.77881
1hii_ligand,422,1.94266
1hii_ligand,423,1.64757
1hii_ligand,424,1.74931
1hii_ligand,425,1.90849
1hii_ligand,426,1.79325
1hii_ligand,427,1.83062
1hii_ligand,428,2.02586
1hii_ligand,429,1.9189
1hii_ligand,430,1.82143
1hii_ligand,431,1.66429
1hii_ligand,432,1.98005
1hii_ligand,433,1.83538
1hii_ligand,434,2.01811
1hii_ligand,435,1.90072
1hii_ligand,436,1.90199
1hii_ligand,437,1.77665
1hii_ligand,438,1.95846
1hii_ligand,439,1.90957
1hii_ligand,440,1.9546
1hii_ligand,441,1.85673
1hii_ligand,442,1.96436
1hii_ligand,443,1.88152
1hii_ligand,444,1.95927
1hii_ligand,445,1.92816
1hii_ligand,446,1.9643
1hii_ligand,447,1.87619
1hii_ligand,448,2.04884
1hii_ligand,449,1.93936
1hii_ligand,450,2.03073
1hii_ligand,451,1.62261
1hii_ligand,452,1.82985
1hii_ligand,453,1.817
1hii_ligand,454,1.99588
1hii_ligand,455,1.63266
1hii_ligand,456,1.79231
1hii_ligand,457,1.70892
1hii_ligand,458,1.76545
1hii_ligand,459,1.60295
1hii_ligand,460,1.87223
1hii_ligand,461,1.68084
1hii_ligand,462,1.77881
1hii_ligand,463,1.55782
1hii_ligand,464,1.80211
1hii_ligand,465,1.57908
1hii_ligand,466,1.77545
1hii_ligand,467,1.56188
1hii_ligand,468,1.7821
1hii_ligand,469,1.55025
1hii_ligand,470,1.63506
1hii_ligand,471,1.96123
1hii_ligand,472,1.92172
1hii_ligand,473,1.75312
1hii_ligand,474,1.86237
1hii_ligand,475,1.91591
1hii_ligand,476,2.01287
1hii_ligand,477,1.53747
1hii_ligand,478,1.71187
1hii_ligand,479,1.96838
1hii_ligand,480,1.88769
1hii_ligand,481,1.75322
1hii_ligand,482,1.82855
1hii_ligand,483,1.88504
1hii_ligand,484,1.94461
1hii_ligand,485,1.7864
1hii_ligand,486,1.82514
1hii_ligand,487,1.66447
1hii_ligand,488,1.92711
1hii_ligand,489,1.74352
1hii_ligand,490,1.76107
1hii_ligand,491,1.62081
1hii_ligand,492,1.66216
1hii_ligand,493,1.98827
1hii_ligand,494,1.83388
1hii_ligand,495,1.81525
1hii_ligand,496,1.56158
1hii_ligand,497,1.89117
1hii_ligand,498,1.76631
1hii_ligand,499,1.90876
1hii_ligand,500,1.75861
1hii_ligand,501,1.842
1hii_ligand,502,1.6975
1hii_ligand,503,1.89659
1hii_ligand,504,1.74755
1hii_ligand,505,1.77761
1hii_ligand,506,1.67115
1hii_ligand,507,1.57528
1hii_ligand,508,1.90343
1hii_ligand,509,1.91867
1hii_ligand,510,1.74463
1hii_ligand,511,1.67615
1hii_ligand,512,1.68195
1hii_ligand,513,1.69852
1hii_ligand,514,1.70793
1hii_ligand,515,1.64459
1hii_ligand,516,1.97513
1hii_ligand,517,2.0154
1hii_ligand,518,1.86744
1hii_ligand,519,1.79321
1hii_ligand,520,1.53584
1hii_ligand,521,1.79103
1hii_ligand,522,1.59723
1hii_ligand,523,1.65461
1hii_ligand,524,1.84126
1hii_ligand,525,1.64684
1hii_ligand,526,1.98619
1hii_ligand,527,2.03408
1hii_ligand,528,1.81663
1hii_ligand,529,1.92016
1hii_ligand,530,1.62173
1hii_ligand,531,1.64145
1hii_ligand,532,1.83899
1hii_ligand,533,1.77734
1hii_ligand,534,1.74212
1hii_ligand,535,1.4325
1hii_ligand,536,1.83376
1hii_ligand,537,1.70643
1hii_ligand,538,1.69915
1hii_ligand,539,1.68502
1hii_ligand,540,1.72705
1hii_ligand,541,1.60922
1hii_ligand,542,1.82764
1hii_ligand,543,1.66597
1hii_ligand,544,1.92257
1hii_ligand,545,1.84942
1hii_ligand,546,1.7285
1hii_ligand,547,1.73494
1hii_ligand,548,1.7291
1hii_ligand,549,1.59318
1hii_ligand,550,1.69367
1hii_ligand,551,1.51435
1hii_ligand,552,1.8746
1hii_ligand,553,1.68361
1hii_ligand,554,1.73491
1hii_ligand,555,1.81087
1hii_ligand,556,1.67526
1hii_ligand,557,1.81668
1hii_ligand,558,1.56157
1hii_ligand,559,1.94857
1hii_ligand,560,1.66174
1hii_ligand,561,1.70743
1hii_ligand,562,1.6823
1hii_ligand,563,1.63576
1hii_ligand,564,1.54088
1hii_ligand,565,1.79907
1hii_ligand,566,1.64078
1hii_ligand,567,1.84216
1hii_ligand,568,1.54594
1hii_ligand,569,1.98514
1hii_ligand,570,1.7277
1hii_ligand,571,1.75475
1hii_ligand,572,1.5399
1hii_ligand,573,1.96246
1hii_ligand,574,1.6878
1hii_ligand,575,1.83268
1hii_ligand,576,1.59922
1hii_ligand,577,1.82026
1hii_ligand,578,1.52949
1hii_ligand,579,1.93761
1hii_ligand,580,1.66538
1hii_ligand,581,1.79703
1hii_ligand,582,1.51323
1hii_ligand,583,1.89316
1hii_ligand,584,1.55523
1hii_ligand,585,1.72067
1hii_ligand,586,1.40449
1hii_ligand,587,1.51394
1hii_ligand,588,1.67996
1hii_ligand,589,1.60228
1hii_ligand,590,1.64306
1hii_ligand,591,1.71655
1hii_ligand,592,1.69955
1hii_ligand,593,1.72665
1hii_ligand,594,1.47017
1hii_ligand,595,1.50571
1hii_ligand,596,1.69224
1hii_ligand,597,1.53058
1hii_ligand,598,1.7541
1hii_ligand,599,1.36718
1hii_ligand,600,1.6596
1hii_ligand,601,1.5838
1hii_ligand,602,1.49385
1hii_ligand,603,1.72404
1hii_ligand,604,1.52611
1hii_ligand,605,1.80675
1hii_ligand,606,1.44779
1hii_ligand,607,1.80549
1hii_ligand,608,1.65008
1hii_ligand,609,1.57073
1hii_ligand,610,1.60657
1hii_ligand,611,1.72462
1hii_ligand,612,1.8025
1hii_ligand,613,1.41254
1hii_ligand,614,1.90993
1hii_ligand,615,1.46874
1hii_ligand,616,1.39512
1hii_ligand,617,1.90717
1hii_ligand,618,1.35003
1hii_ligand,619,1.74528
1hii_ligand,620,1.74409
1hii_ligand,621,1.5758
1hii_ligand,622,1.63437
1hii_ligand,623,1.66948
1hii_ligand,624,1.62204
1hii_ligand,625,1.81797
1hii_ligand,626,1.48897
1hii_ligand,627,1.68476
1hii_ligand,628,1.47109
1hii_ligand,629,1.85106
1hii_ligand,630,1.60655
1hii_ligand,631,1.66519
1hii_ligand,632,1.63642
1hii_ligand,633,1.74309
1hii_ligand,634,1.42318
1hii_ligand,635,1.86016
1hii_ligand,636,1.61642
1hii_ligand,637,1.56004
1hii_ligand,638,1.86784
1hii_ligand,639,1.62907
1hii_ligand,640,1.65573
1hii_ligand,641,1.7833
1hii_ligand,642,1.50868
1hii_ligand,643,1.76307
1hii_ligand,644,1.6062
1hii_ligand,645,1.69855
1hii_ligand,646,1.61926
1hii_ligand,647,1.85857
1hii_ligand,648,1.54441
1hii_ligand,649,1.64557
1hii_ligand,650,1.73864
1hii_ligand,651,1.81684
1hii_ligand,652,1.46912
1hii_ligand,653,1.77553
1hii_ligand,654,1.67578
1hii_ligand,655,1.6492
1hii_ligand,656,1.80364
1hii_ligand,657,1.63985
1hii_ligand,658,1.89624
1hii_ligand,659,1.50102
1hii_ligand,660,1.75145
1hii_ligand,661,1.52081
1hii_ligand,662,1.83345
1hii_ligand,663,1.50709
1hii_ligand,664,1.86258
1hii_ligand,665,1.56692
1hii_ligand,666,1.6425
1hii_ligand,667,1.79625
1hii_ligand,668,1.62037
1hii_ligand,669,1.73087
1hii_ligand,670,1.60567
1hii_ligand,671,1.64751
1hii_ligand,672,1.87623
1hii_ligand,673,1.61542
1hii_ligand,674,1.87743
1hii_ligand,675,1.52656
1hii_ligand,676,1.71629
1hii_ligand,677,1.67365
1hii_ligand,678,1.63629
1hii_ligand,679,1.6846
1hii_ligand,680,1.82187
1hii_ligand,681,1.61994
1hii_ligand,682,1.96403
1hii_ligand,683,1.59948
1hii_ligand,684,1.64027
1hii_ligand,685,1.75851
1hii_ligand,686,1.59881
1hii_ligand,687,1.74702
1hii_ligand,688,1.65129
1hii_ligand,689,1.94323
1hii_ligand,690,1.60468
1hii_ligand,691,1.68599
1hii_ligand,692,1.60934
1hii_ligand,693,1.65228
1hii_ligand,694,1.74785
1hii_ligand,695,1.90855
1hii_ligand,696,1.5884
1hii_ligand,697,1.7061
1hii_ligand,698,1.47616
1hii_ligand,699,1.69768
1hii_ligand,700,1.65114
1hii_ligand,701,1.64168
1hii_ligand,702,1.80195
1hii_ligand,703,1.63843
1hii_ligand,704,1.72624
1hii_ligand,705,1.69608
1hii_ligand,706,1.72814
1hii_ligand,707,1.77177
1hii_ligand,708,1.47948
1hii_ligand,709,1.82944
1hii_ligand,710,1.62338
1hii_ligand,711,1.70788
1hii_ligand,712,1.68132
1hii_ligand,713,1.89616
1hii_ligand,714,1.56456
1hii_ligand,715,1.82386
1hii_ligand,716,1.68804
1hii_ligand,717,1.66317
1hii_ligand,718,1.79294
1hii_ligand,719,1.6676
1hii_ligand,720,1.71687
1hii_ligand,721,1.95919
1hii_ligand,722,1.64
1hii_ligand,723,1.74409
1hii_ligand,724,1.47621
1hii_ligand,725,1.9077
1hii_ligand,726,1.59682
1hii_ligand,727,1.7122
1hii_ligand,728,1.81554
1hii_ligand,729,1.52723
1hii_ligand,730,1.84288
1hii_ligand,731,1.71406
1hii_ligand,732,1.66395
1hii_ligand,733,1.70309
1hii_ligand,734,1.71927
1hii_ligand,735,1.69202
1hii_ligand,736,1.73102
1hii_ligand,737,1.49318
1hii_ligand,738,1.8323
1hii_ligand,739,1.71494
1hii_ligand,740,1.62216
1hii_ligand,741,1.85503
1hii_ligand,742,1.61604
1hii_ligand,743,1.61299
1hii_ligand,744,1.79974
1hii_ligand,745,1.66339
1hii_ligand,746,1.77942
1hii_ligand,747,1.67064
1hii_ligand,748,1.87435
1hii_ligand,749,1.55959
1hii_ligand,750,1.70763
1hii_ligand,751,1.50297
1hii_ligand,752,1.7763
1hii_ligand,753,1.63153
1hii_ligand,754,1.87699
1hii_ligand,755,1.62225
1hii_ligand,756,1.662
1hii_ligand,757,1.71407
1hii_ligand,758,1.84936
1hii_ligand,759,1.67233
1hii_ligand,760,1.69444
1hii_ligand,761,1.73124
1hii_ligand,762,1.88401
1hii_ligand,763,1.56821
1hii_ligand,764,1.82165
1hii_ligand,765,1.6635
1hii_ligand,766,1.65867
1hii_ligand,767,1.79619
1hii_ligand,768,1.80481
1hii_ligand,769,1.66009
1hii_ligand,770,1.89768
1hii_ligand,771,1.5653
1hii_ligand,772,1.61588
1hii_ligand,773,2.01421
1hii_ligand,774,1.52455
1hii_ligand,775,1.90924
1hii_ligand,776,1.73821
1hii_ligand,777,1.52662
1hii_ligand,778,1.64848
1hii_ligand,779,1.8807
1hii_ligand,780,1.7493
1hii_ligand,781,1.68347
1hii_ligand,782,1.76853
1hii_ligand,783,1.71451
1hii_ligand,784,1.57704
1hii_ligand,785,1.62086
1hii_ligand,786,1.83375
1hii_ligand,787,1.64034
1hii_ligand,788,1.64092
1hii_ligand,789,1.90939
1hii_ligand,790,1.62134
1hii_ligand,791,1.7168
1hii_ligand,792,1.74062
1hii_ligand,793,1.50082
1hii_ligand,794,1.90697
1hii_ligand,795,1.55112
1hii_ligand,796,1.71596
1hii_ligand,797,1.83684
1hii_ligand,798,1.52254
1hii_ligand,799,1.82969
1hii_ligand,800,1.77304
1hii_ligand,801,1.61499
1hii_ligand,802,1.70141
1hii_ligand,803,1.81541
1hii_ligand,804,1.63101
1hii_ligand,805,1.89502
1hii_ligand,806,1.65788
1hii_ligand,807,1.71938
1hii_ligand,808,1.47109
1hii_ligand,809,1.81151
1hii_ligand,810,1.82576
1hii_ligand,811,1.60318
1hii_ligand,812,1.91859
1hii_ligand,813,1.57851
1hii_ligand,814,1.65989
1hii_ligand,815,1.78982
1hii_ligand,816,1.69757
1hii_ligand,817,1.83431
1hii_ligand,818,1.51187
1hii_ligand,819,1.77624
1hii_ligand,820,1.54068
1hii_ligand,821,1.83923
1hii_ligand,822,1.69898
1hii_ligand,823,1.66226
1hii_ligand,824,1.76246
1hii_ligand,825,1.64039
1hii_ligand,826,1.75479
1hii_ligand,827,1.77719
1hii_ligand,828,1.82158
1hii_ligand,829,1.48123
1hii_ligand,830,1.85214
1hii_ligand,831,1.67622
1hii_ligand,832,1.6546
1hii_ligand,833,1.70254
1hii_ligand,834,1.73334
1hii_ligand,835,1.62948
1hii_ligand,836,1.85957
1hii_ligand,837,1.66311
1hii_ligand,838,1.70794
1hii_ligand,839,1.5373
1hii_ligand,840,1.8529
1hii_ligand,841,1.64753
1hii_ligand,842,1.68635
1hii_ligand,843,1.72758
1hii_ligand,844,1.83614
1hii_ligand,845,1.5153
1hii_ligand,846,1.87902
1hii_ligand,847,1.80101
1hii_ligand,848,1.74915
1hii_ligand,849,1.55123
1hii_ligand,850,1.62836
1hii_ligand,851,1.84159
1hii_ligand,852,1.73169
1hii_ligand,853,1.60814
1hii_ligand,854,1.82459
1hii_ligand,855,1.70411
1hii_ligand,856,1.69156
1hii_ligand,857,1.71255
1hii_ligand,858,1.66337
1hii_ligand,859,1.65367
1hii_ligand,860,1.90989
1hii_ligand,861,1.50608
1hii_ligand,862,1.66027
1hii_ligand,863,1.94042
1hii_ligand,864,1.55878
1hii_ligand,865,1.73435
1hii_ligand,866,1.7257
1hii_ligand,867,1.6591
1hii_ligand,868,1.84428
1hii_ligand,869,1.65491
1hii_ligand,870,1.99347
1hii_ligand,871,1.63428
1hii_ligand,872,1.68909
1hii_ligand,873,1.64472
1hii_ligand,874,1.65653
1hii_ligand,875,1.70325
1hii_ligand,876,1.68301
1hii_ligand,877,1.73658
1hii_ligand,878,1.6623
1hii_ligand,879,1.60814
1hii_ligand,880,1.70675
1hii_ligand,881,1.8477
1hii_ligand,882,1.64823
1hii_ligand,883,1.79538
1hii_ligand,884,1.69025
1hii_ligand,885,1.95288
1hii_ligand,886,1.62216
1hii_ligand,887,1.60752
1hii_ligand,888,1.75017
1hii_ligand,889,1.87256
1hii_ligand,890,1.55593
1hii_ligand,891,1.91954
1hii_ligand,892,1.83124
1hii_ligand,893,1.65104
1hii_ligand,894,1.71934
1hii_ligand,895,1.75523
1hii_ligand,896,1.50697
1hii_ligand,897,1.93486
1hii_ligand,898,1.74081
1hii_ligand,899,1.68987
1hii_ligand,900,1.83025
1hii_ligand,901,1.67004
1hii_ligand,902,1.67462
1hii_ligand,903,1.87187
1hii_ligand,904,1.54483
1hii_ligand,905,1.63919
1hii_ligand,906,1.95329
1hii_ligand,907,1.4834
1hii_ligand,908,1.88677
1hii_ligand,909,1.71956
1hii_ligand,910,1.70103
1hii_ligand,911,1.81644
1hii_ligand,912,1.56124
1hii_ligand,913,1.90438
1hii_ligand,914,1.81614
1hii_ligand,915,1.49637
1hii_ligand,916,1.88031
1hii_ligand,917,1.73447
1hii_ligand,918,1.57282
1hii_ligand,919,1.79974
1hii_ligand,920,1.54388
1hii_ligand,921,1.91932
1hii_ligand,922,1.57943
1hii_ligand,923,1.72679
1hii_ligand,924,1.66083
1hii_ligand,925,1.5601
1hii_ligand,926,1.70378
1hii_ligand,927,1.71321
1hii_ligand,928,1.72766
1hii_ligand,929,1.66495
1hii_ligand,930,1.7734
1hii_ligand,931,1.64868
1hii_ligand,932,1.84081
1hii_ligand,933,1.56756
1hii_ligand,934,1.72743
1hii_ligand,935,1.82697
1hii_ligand,936,1.67118
1hii_ligand,937,1.75341
1hii_ligand,938,1.83846
1hii_ligand,939,1.60814
1hii_ligand,940,1.93454
1hii_ligand,941,1.62516
1hii_ligand,942,1.74073
1hii_ligand,943,1.63887
1hii_ligand,944,1.78292
1hii_ligand,945,1.63842
1hii_ligand,946,1.71441
1hii_ligand,947,1.71035
1hii_ligand,948,1.85082
1hii_ligand,949,1.5137
1hii_ligand,950,1.90182
1hii_ligand,951,1.55858
1hii_ligand,952,1.66899
1hii_ligand,953,1.88247
1hii_ligand,954,1.53467
1hii_ligand,955,1.87368
1hii_ligand,956,1.68925
1hii_ligand,957,1.70569
1hii_ligand,958,1.84782
1hii_ligand,959,1.51193
1hii_ligand,960,1.92471
1hii_ligand,961,1.82588
1hii_ligand,962,1.71118
1hii_ligand,963,1.70229
1hii_ligand,964,1.82749
1hii_ligand,965,1.47383
1hii_ligand,966,1.45181
1hii_ligand,967,1.68057
1hii_ligand,968,1.54597
1hii_ligand,969,1.86975
1hii_ligand,970,1.66984
1hii_ligand,971,1.7459
1hii_ligand,972,1.73774
1hii_ligand,973,1.70694
1hii_ligand,974,1.83628
1hii_ligand,975,1.59761
1hii_ligand,976,1.92807
1hii_ligand,977,1.62891
1hii_ligand,978,1.65422
1hii_ligand,979,1.74866
1hii_ligand,980,1.6506
1hii_ligand,981,1.73428
1hii_ligand,982,1.70483
1hii_ligand,983,1.80034
1hii_ligand,984,1.70375
1hii_ligand,985,1.66737
1hii_ligand,986,1.95505
1hii_ligand,987,1.5808
1hii_ligand,988,1.63333
1hii_ligand,989,1.86695
1hii_ligand,990,1.56627
1hii_ligand,991,1.82902
1hii_ligand,992,1.70946
1hii_ligand,993,1.71358
1hii_ligand,994,1.7278
1hii_ligand,995,1.55495
1hii_ligand,996,1.81274
1hii_ligand,997,1.65076
1hii_ligand,998,1.88284
1hii_ligand,999,1.56776
1hii_ligand,1000,1.67105
1hii_ligand,1001,1.90968
1hii_ligand,1002,1.48045
1hii_ligand,1003,1.74766
1hii_ligand,1004,1.68028
1hii_ligand,1005,1.69017
1hii_ligand,1006,1.67672
1hii_ligand,1007,1.76445
1hii_ligand,1008,1.85317
1hii_ligand,1009,1.4764
1hii_ligand,1010,1.81019
1hii_ligand,1011,1.82503
1hii_ligand,1012,1.66546
1hii_ligand,1013,1.85428
1hii_ligand,1014,1.73268
1hii_ligand,1015,1.77019
1hii_ligand,1016,1.65006
1hii_ligand,1017,1.71489
1hii_ligand,1018,1.75893
1hii_ligand,1019,1.73521
1hii_ligand,1020,1.74793
1hii_ligand,1021,1.67337
1hii_ligand,1022,1.73689
1hii_ligand,1023,1.86912
1hii_ligand,1024,1.52213
1hii_ligand,1025,1.86273
1hii_ligand,1026,1.69146
1hii_ligand,1027,1.69599
1hii_ligand,1028,1.71598
1hii_ligand,1029,1.87637
1hii_ligand,1030,1.61259
1hii_ligand,1031,1.79312
1hii_ligand,1032,1.65386
1hii_ligand,1033,1.92915
1hii_ligand,1034,1.55643
1hii_ligand,1035,1.73628
1hii_ligand,1036,1.70681
1hii_ligand,1037,1.68977
1hii_ligand,1038,1.88743
1hii_ligand,1039,1.62013
1hii_ligand,1040,1.66592
1hii_ligand,1041,1.85515
1hii_ligand,1042,1.47967
1hii_ligand,1043,1.88012
1hii_ligand,1044,1.77149
1hii_ligand,1045,1.74662
1hii_ligand,1046,1.66763
1hii_ligand,1047,1.9225
1hii_ligand,1048,1.6539
1hii_ligand,1049,1.66265
1hii_ligand,1050,1.88232
1hii_ligand,1051,1.55466
1hii_ligand,1052,1.70284
1hii_ligand,1053,1.92806
1hii_ligand,1054,1.53546
1hii_ligand,1055,1.56633
1hii_ligand,1056,1.90783
1hii_ligand,1057,1.6578
1hii_ligand,1058,1.77956
1hii_ligand,1059,1.63589
1hii_ligand,1060,1.92456
1hii_ligand,1061,1.50966
1hii_ligand,1062,1.80386
1hii_ligand,1063,1.70112
1hii_ligand,1064,1.68259
1hii_ligand,1065,1.62787
1hii_ligand,1066,1.73073
1hii_ligand,1067,1.69499
1hii_ligand,1068,1.97959
1hii_ligand,1069,1.68321
1hii_ligand,1070,1.60378
1hii_ligand,1071,1.89379
1hii_ligand,1072,1.57499
1hii_ligand,1073,1.66393
1hii_ligand,1074,1.79137
1hii_ligand,1075,1.72876
1hii_ligand,1076,1.92437
1hii_ligand,1077,1.70775
1hii_ligand,1078,1.72325
1hii_ligand,1079,1.72691
1hii_ligand,1080,1.66369
1hii_ligand,1081,1.80309
1hii_ligand,1082,1.58682
1hii_ligand,1083,1.9328
1hii_ligand,1084,1.60039
1hii_ligand,1085,1.7526
1hii_ligand,1086,1.56709
1hii_ligand,1087,1.54556
1hii_ligand,1088,1.83864
1hii_ligand,1089,1.71169
1hii_ligand,1090,1.70974
1hii_ligand,1091,1.72935
1hii_ligand,1092,1.70722
1hii_ligand,1093,1.6886
1hii_ligand,1094,1.79625
1hii_ligand,1095,1.62579
1hii_ligand,1096,1.87552
1hii_ligand,1097,1.76089
1hii_ligand,1098,1.75984
1hii_ligand,1099,1.53595
1hii_ligand,1100,1.75954
1hii_ligand,1101,1.71256
1hii_ligand,1102,1.7158
1hii_ligand,1103,1.85502
1hii_ligand,1104,1.46181
1hii_ligand,1105,1.77753
1hii_ligand,1106,1.70922
1hii_ligand,1107,1.58065
1hii_ligand,1108,1.90258
1hii_ligand,1109,1.61236
1hii_ligand,1110,1.77465
1hii_ligand,1111,1.68542
1hii_ligand,1112,1.92032
1hii_ligand,1113,1.58721
1hii_ligand,1114,1.7502
1hii_ligand,1115,1.70222
1hii_ligand,1116,1.79719
1hii_ligand,1117,1.70328
1hii_ligand,1118,1.71775
1hii_ligand,1119,1.85096
1hii_ligand,1120,1.49411
1hii_ligand,1121,1.88154
1hii_ligand,1122,1.72179
1hii_ligand,1123,1.73185
1hii_ligand,1124,1.62861
1hii_ligand,1125,1.76965
1hii_ligand,1126,1.64865
1hii_ligand,1127,1.8129
1hii_ligand,1128,1.62176
1hii_ligand,1129,1.77714
1hii_ligand,1130,1.44128
1hii_ligand,1131,1.87085
1hii_ligand,1132,1.7969
1hii_ligand,1133,1.74224
1hii_ligand,1134,1.733
1hii_ligand,1135,1.73978
1hii_ligand,1136,1.50597
1hii_ligand,1137,1.71189
1hii_ligand,1138,1.68903
1hii_ligand,1139,1.81758
1hii_ligand,1140,1.54258
1hii_ligand,1141,1.82795
1hii_ligand,1142,1.74264
1hii_ligand,1143,1.75785
1hii_ligand,1144,1.50299
1hii_ligand,1145,1.76851
1hii_ligand,1146,1.67274
1hii_ligand,1147,1.86602
1hii_ligand,1148,1.68543
1hii_ligand,1149,1.75276
1hii_ligand,1150,1.65075
1hii_ligand,1151,1.90736
1hii_ligand,1152,1.60731
1hii_ligand,1153,1.66755
1hii_ligand,1154,1.80438
1hii_ligand,1155,1.59176
1hii_ligand,1156,1.81954
1hii_ligand,1157,1.57335
1hii_ligand,1158,1.84156
1hii_ligand,1159,1.68957
1hii_ligand,1160,1.77027
1hii_ligand,1161,1.85238
1hii_ligand,1162,1.55026
1hii_ligand,1163,1.87044
1hii_ligand,1164,1.71784
1hii_ligand,1165,1.79376
1hii_ligand,1166,1.66083
1hii_ligand,1167,1.93216
1hii_ligand,1168,1.55846
1hii_ligand,1169,1.62184
1hii_ligand,1170,1.88813
1hii_ligand,1171,1.81869
1hii_ligand,1172,1.54036
1hii_ligand,1173,1.71066
1hii_ligand,1174,1.82531
1hii_ligand,1175,1.70062
1hii_ligand,1176,1.67065
1hii_ligand,1177,1.83699
1hii_ligand,1178,1.69507
1hii_ligand,1179,1.69412
1hii_ligand,1180,1.76343
1hii_ligand,1181,1.51888
1hii_ligand,1182,1.84205
1hii_ligand,1183,1.76866
1hii_ligand,1184,1.67377
1hii_ligand,1185,1.85131
1hii_ligand,1186,1.55828
1hii_ligand,1187,1.88972
1hii_ligand,1188,1.74389
1hii_ligand,1189,1.72589
1hii_ligand,1190,1.57741
1hii_ligand,1191,1.90301
1hii_ligand,1192,1.71456
1hii_ligand,1193,1.69438
1hii_ligand,1194,1.86487
1hii_ligand,1195,1.57491
1hii_ligand,1196,1.94181
1hii_ligand,1197,1.66409
1hii_ligand,1198,1.81413
1hii_ligand,1199,1.63321
1hii_ligand,1200,1.75291
1hii_ligand,1201,1.73338
1hii_ligand,1202,1.56456
1hii_ligand,1203,1.76685
1hii_ligand,1204,1.58769
1hii_ligand,1205,1.70449
1hii_ligand,1206,1.72957
1hii_ligand,1207,1.73102
1hii_ligand,1208,1.75182
1hii_ligand,1209,1.67198
1hii_ligand,1210,1.90465
1hii_ligand,1211,1.69931
1hii_ligand,1212,1.92365
1hii_ligand,1213,1.73894
1hii_ligand,1214,1.73096
1hii_ligand,1215,1.62078
1hii_ligand,1216,1.77673
1hii_ligand,1217,1.71126
1hii_ligand,1218,1.91288
1hii_ligand,1219,1.56808
1hii_ligand,1220,1.90579
1hii_ligand,1221,1.85226
1hii_ligand,1222,1.68829
1hii_ligand,1223,1.68824
1hii_ligand,1224,1.94314
1hii_ligand,1225,1.6682
1hii_ligand,1226,1.73511
1hii_ligand,1227,1.67359
1hii_ligand,1228,1.70128
1hii_ligand,1229,1.75984
1hii_ligand,1230,1.68056
1hii_ligand,1231,1.70202
1hii_ligand,1232,1.7343
1hii_ligand,1233,1.84568
1hii_ligand,1234,1.54631
1hii_ligand,1235,1.8805
1hii_ligand,1236,1.75884
1hii_ligand,1237,1.70276
1hii_ligand,1238,1.67718
1hii_ligand,1239,1.70168
1hii_ligand,1240,1.84776
1hii_ligand,1241,1.66568
1hii_ligand,1242,1.95676
1hii_ligand,1243,1.66389
1hii_ligand,1244,1.64995
1hii_ligand,1245,1.97746
1hii_ligand,1246,1.58071
1hii_ligand,1247,1.904
1hii_ligand,1248,1.71654
1hii_ligand,1249,1.69505
1hii_ligand,1250,1.53257
1hii_ligand,1251,1.92134
1hii_ligand,1252,1.72001
1hii_ligand,1253,1.65218
1hii_ligand,1254,1.66577
1hii_ligand,1255,1.75526
1hii_ligand,1256,1.66609
1hii_ligand,1257,1.69931
1hii_ligand,1258,1.99883
1hii_ligand,1259,1.7051
1hii_ligand,1260,1.71464
1hii_ligand,1261,1.73099
1hii_ligand,1262,1.67361
1hii_ligand,1263,1.72885
1hii_ligand,1264,1.7666
1hii_ligand,1265,1.62174
1hii_ligand,1266,1.84566
1hii_ligand,1267,1.71861
1hii_ligand,1268,1.68688
1hii_ligand,1269,1.70523
1hii_ligand,1270,1.9373
1hii_ligand,1271,1.61133
1hii_ligand,1272,1.62871
1hii_ligand,1273,1.94288
1hii_ligand,1274,1.6176
1hii_ligand,1275,1.70421
1hii_ligand,1276,1.83873
1hii_ligand,1277,1.67859
1hii_ligand,1278,1.8936
1hii_ligand,1279,1.70491
1hii_ligand,1280,1.74921
1hii_ligand,1281,1.66654
1hii_ligand,1282,1.9225
1hii_ligand,1283,1.58044
1hii_ligand,1284,1.62083
1hii_ligand,1285,1.84844
1hii_ligand,1286,1.6439
1hii_ligand,1287,1.87912
1hii_ligand,1288,1.68912
1hii_ligand,1289,1.63616
1hii_ligand,1290,1.89634
1hii_ligand,1291,1.6743
1hii_ligand,1292,1.79599
1hii_ligand,1293,1.48332
1hii_ligand,1294,1.853
1hii_ligand,1295,1.68172
1hii_ligand,1296,1.71269
1hii_ligand,1297,1.71215
1hii_ligand,1298,1.75174
1hii_ligand,1299,1.63762
1hii_ligand,1300,1.90512
1hii_ligand,1301,1.57809
1hii_ligand,1302,1.63233
1hii_ligand,1303,1.91502
1hii_ligand,1304,1.58538
1hii_ligand,1305,1.76746
1hii_ligand,1306,1.71884
1hii_ligand,1307,1.94487
1hii_ligand,1308,1.62286
1hii_ligand,1309,1.63663
1hii_ligand,1310,1.97875
1hii_ligand,1311,1.67899
1hii_ligand,1312,1.73958
1hii_ligand,1313,1.62794
1hii_ligand,1314,1.80321
1hii_ligand,1315,1.73665
1hii_ligand,1316,1.73923
1hii_ligand,1317,1.85227
1hii_ligand,1318,1.59961
1hii_ligand,1319,1.70276
1hii_ligand,1320,1.87696
1hii_ligand,1321,1.79038
1hii_ligand,1322,1.89521
1hii_ligand,1323,1.5345
1hii_ligand,1324,1.84711
1hii_ligand,1325,1.71261
1hii_ligand,1326,1.56803
1hii_ligand,1327,1.95328
1hii_ligand,1328,1.67519
1hii_ligand,1329,1.79146
1hii_ligand,1330,1.67734
1hii_ligand,1331,1.86972
1hii_ligand,1332,1.51214
1hii_ligand,1333,1.91504
1hii_ligand,1334,1.66941
1hii_ligand,1335,1.73791
1hii_ligand,1336,1.8781
1hii_ligand,1337,1.52919
1hii_ligand,1338,1.92067
1hii_ligand,1339,1.77302
1hii_ligand,1340,1.76321
1hii_ligand,1341,1.6483
1hii_ligand,1342,1.72496
1hii_ligand,1343,1.7036
1hii_ligand,1344,1.85763
1hii_ligand,1345,1.56059
1hii_ligand,1346,1.93063
1hii_ligand,1347,1.65204
1hii_ligand,1348,1.72054
1hii_ligand,1349,1.58793
1hii_ligand,1350,1.75971
1hii_ligand,1351,1.70477
1hii_ligand,1352,1.66625
1hii_ligand,1353,1.73698
1hii_ligand,1354,1.8622
1hii_ligand,1355,1.71456
1hii_ligand,1356,1.60725
1hii_ligand,1357,1.92727
1hii_ligand,1358,1.74501
1hii_ligand,1359,1.58448
1hii_ligand,1360,1.866
1hii_ligand,1361,1.69131
1hii_ligand,1362,1.68818
1hii_ligand,1363,1.87285
1hii_ligand,1364,1.51272
1hii_ligand,1365,1.92468
1hii_ligand,1366,1.58226
1hii_ligand,1367,1.93754
1hii_ligand,1368,1.56127
1hii_ligand,1369,1.58273
1hii_ligand,1370,1.83401
1hii_ligand,1371,1.76706
1hii_ligand,1372,1.60923
1hii_ligand,1373,1.65406
1hii_ligand,1374,1.77812
1hii_ligand,1375,1.7202
1hii_ligand,1376,1.94272
1hii_ligand,1377,1.60816
1hii_ligand,1378,1.63562
1hii_ligand,1379,1.79353
1hii_ligand,1380,1.68162
1hii_ligand,1381,1.8213
1hii_ligand,1382,1.72932
1hii_ligand,1383,1.69994
1hii_ligand,1384,1.85914
1hii_ligand,1385,1.53617
1hii_ligand,1386,1.82398
1hii_ligand,1387,1.69904
1hii_ligand,1388,1.63141
1hii_ligand,1389,1.91013
1hii_ligand,1390,1.75479
1hii_ligand,1391,1.64479
1hii_ligand,1392,1.74607
1hii_ligand,1393,1.87464
1hii_ligand,1394,1.72848
1hii_ligand,1395,1.78312
1hii_ligand,1396,1.68652
1hii_ligand,1397,1.93322
1hii_ligand,1398,1.68171
1hii_ligand,1399,1.64276
1hii_ligand,1400,1.9005
1hii_ligand,1401,1.6303
1hii_ligand,1402,1.84358
1hii_ligand,1403,1.69752
1hii_ligand,1404,1.91456
1hii_ligand,1405,1.70086
1hii_ligand,1406,1.95897
1hii_ligand,1407,1.57552
1hii_ligand,1408,1.9144
1hii_ligand,1409,1.70738
1hii_ligand,1410,1.77501
1hii_ligand,1411,1.73113
1hii_ligand,1412,1.91467
1hii_ligand,1413,1.71975
1hii_ligand,1414,1.7278
1hii_ligand,1415,1.93981
1hii_ligand,1416,1.62254
1hii_ligand,1417,1.91235
1hii_ligand,1418,1.75131
1hii_ligand,1419,1.62357
1hii_ligand,1420,2.01588
1hii_ligand,1421,1.71064
1hii_ligand,1422,1.63718
1hii_ligand,1423,1.96138
1hii_ligand,1424,1.56424
1hii_ligand,1425,1.72818
1hii_ligand,1426,1.8548
1hii_ligand,1427,1.80436
1hii_ligand,1428,1.6646
1hii_ligand,1429,1.83015
1hii_ligand,1430,1.50094
1hii_ligand,1431,1.81529
1hii_ligand,1432,1.77357
1hii_ligand,1433,1.63443
1hii_ligand,1434,1.93029
1hii_ligand,1435,1.59478
1hii_ligand,1436,1.72957
1hii_ligand,1437,1.95561
1hii_ligand,1438,1.70724
1hii_ligand,1439,1.62873
1hii_ligand,1440,1.90426
1hii_ligand,1441,1.81506
1hii_ligand,1442,1.54134
1hii_ligand,1443,1.73586
1hii_ligand,1444,1.75589
1hii_ligand,1445,1.58942
1hii_ligand,1446,1.82027
1hii_ligand,1447,1.68087
1hii_ligand,1448,1.69721
1hii_ligand,1449,1.68566
1hii_ligand,1450,1.64787
1hii_ligand,1451,1.85053
1hii_ligand,1452,1.61498
1hii_ligand,1453,1.90703
1hii_ligand,1454,1.59397
1hii_ligand,1455,1.8416
1hii_ligand,1456,1.78435
1hii_ligand,1457,1.91644
1hii_ligand,1458,1.57612
1hii_ligand,1459,1.66713
1hii_ligand,1460,1.99041
1hii_ligand,1461,1.60684
1hii_ligand,1462,1.91703
1hii_ligand,1463,1.79556
1hii_ligand,1464,1.77577
1hii_ligand,1465,1.68722
1hii_ligand,1466,1.96311
1hii_ligand,1467,1.62809
1hii_ligand,1468,1.68194
1hii_ligand,1469,1.91215
1hii_ligand,1470,1.56014
1hii_ligand,1471,1.84314
1hii_ligand,1472,1.72024
1hii_ligand,1473,1.78605
1hii_ligand,1474,1.54308
1hii_ligand,1475,1.73125
1hii_ligand,1476,1.72897
1hii_ligand,1477,1.85888
1hii_ligand,1478,1.71006
1hii_ligand,1479,1.90034
1hii_ligand,1480,1.68435
1hii_ligand,1481,1.91092
1hii_ligand,1482,1.80088
1hii_ligand,1483,1.68589
1hii_ligand,1484,1.74042
1hii_ligand,1485,1.87684
1hii_ligand,1486,1.73629
1hii_ligand,1487,1.74698
1hii_ligand,1488,1.72029
1hii_ligand,1489,1.78964
1hii_ligand,1490,1.81388
1hii_ligand,1491,1.56622
1hii_ligand,1492,1.72651
1hii_ligand,1493,1.71318
1hii_ligand,1494,1.95444
1hii_ligand,1495,1.61399
1hii_ligand,1496,1.69121
1hii_ligand,1497,1.93305
1hii_ligand,1498,1.57285
1hii_ligand,1499,1.84636
1hii_ligand,1500,1.70347
1hii_ligand,1501,1.75609
1hii_ligand,1502,1.66904
1hii_ligand,1503,1.67917
1hii_ligand,1504,1.89495
1hii_ligand,1505,1.74731
1hii_ligand,1506,1.88403
1hii_ligand,1507,1.63963
1hii_ligand,1508,1.99485
1hii_ligand,1509,1.79553
1hii_ligand,1510,1.689
1hii_ligand,1511,1.78495
1hii_ligand,1512,1.77732
1hii_ligand,1513,1.68192
1hii_ligand,1514,1.845
1hii_ligand,1515,1.70451
1hii_ligand,1516,1.89255
1hii_ligand,1517,1.69277
1hii_ligand,1518,1.91898
1hii_ligand,1519,1.70957
1hii_ligand,1520,1.77017
1hii_ligand,1521,1.54056
1hii_ligand,1522,1.96244
1hii_ligand,1523,1.78623
1hii_ligand,1524,1.6902
1hii_ligand,1525,1.6885
1hii_ligand,1526,1.76498
1hii_ligand,1527,1.69459
1hii_ligand,1528,1.88837
1hii_ligand,1529,1.68792
1hii_ligand,1530,1.73924
1hii_ligand,1531,1.80644
1hii_ligand,1532,1.49795
1hii_ligand,1533,1.91752
1hii_ligand,1534,1.87951
1hii_ligand,1535,1.60502
1hii_ligand,1536,1.7172
1hii_ligand,1537,1.77336
1hii_ligand,1538,1.83715
1hii_ligand,1539,1.75461
1hii_ligand,1540,1.77511
1hii_ligand,1541,1.78781
1hii_ligand,1542,1.72478
1hii_ligand,1543,1.70549
1hii_ligand,1544,1.92534
1hii_ligand,1545,1.67186
1hii_ligand,1546,1.67669
1hii_ligand,1547,1.84376
1hii_ligand,1548,1.73902
1hii_ligand,1549,1.94931
1hii_ligand,1550,1.60531
1hii_ligand,1551,1.67106
1hii_ligand,1552,1.87412
1hii_ligand,1553,1.54861
1hii_ligand,1554,1.87735
1hii_ligand,1555,1.70242
1hii_ligand,1556,1.75825
1hii_ligand,1557,1.67594
1hii_ligand,1558,1.71503
1hii_ligand,1559,1.86215
1hii_ligand,1560,1.74485
1hii_ligand,1561,1.95202
1hii_ligand,1562,1.64548
1hii_ligand,1563,1.73519
1hii_ligand,1564,1.68277
1hii_ligand,1565,1.81306
1hii_ligand,1566,1.75376
1hii_ligand,1567,1.93516
1hii_ligand,1568,1.71401
1hii_ligand,1569,1.66548
1hii_ligand,1570,1.94665
1hii_ligand,1571,1.58399
1hii_ligand,1572,1.6733
1hii_ligand,1573,1.96641
1hii_ligand,1574,1.82245
1hii_ligand,1575,1.70606
1hii_ligand,1576,1.76295
1hii_ligand,1577,1.79441
1hii_ligand,1578,1.55689
1hii_ligand,1579,1.72942
1hii_ligand,1580,1.67149
1hii_ligand,1581,1.82614
1hii_ligand,1582,1.75191
1hii_ligand,1583,1.73633
1hii_ligand,1584,1.60722
1hii_ligand,1585,1.90185
1hii_ligand,1586,1.68011
1hii_ligand,1587,1.62468
1hii_ligand,1588,1.94536
1hii_ligand,1589,1.60708
1hii_ligand,1590,1.72262
1hii_ligand,1591,1.82562
1hii_ligand,1592,1.69142
1hii_ligand,1593,1.74018
1hii_ligand,1594,1.5687
1hii_ligand,1595,1.57698
1hii_ligand,1596,1.86887
1hii_ligand,1597,1.7655
1hii_ligand,1598,1.79112
1hii_ligand,1599,1.59673
1hii_ligand,1600,1.67581
1hii_ligand,1601,1.80982
1hii_ligand,1602,1.71156
1hii_ligand,1603,1.87165
1hii_ligand,1604,1.65012
1hii_ligand,1605,1.90499
1hii_ligand,1606,1.61503
1hii_ligand,1607,1.71224
1hii_ligand,1608,1.78784
1hii_ligand,1609,1.66232
1hii_ligand,1610,1.93688
1hii_ligand,1611,1.61788
1hii_ligand,1612,1.79488
1hii_ligand,1613,1.66745
1hii_ligand,1614,1.92618
1hii_ligand,1615,1.81286
1hii_ligand,1616,1.80065
1hii_ligand,1617,1.55613
1hii_ligand,1618,1.81928
1hii_ligand,1619,1.80114
1hii_ligand,1620,1.74536
1hii_ligand,1621,1.71364
1hii_ligand,1622,1.71381
1hii_ligand,1623,1.84995
1hii_ligand,1624,1.7054
1hii_ligand,1625,1.96581
1hii_ligand,1626,1.60877
1hii_ligand,1627,1.70867
1hii_ligand,1628,1.76605
1hii_ligand,1629,1.69688
1hii_ligand,1630,1.7371
1hii_ligand,1631,1.81167
1hii_ligand,1632,1.66373
1hii_ligand,1633,1.91085
1hii_ligand,1634,1.60379
1hii_ligand,1635,1.79148
1hii_ligand,1636,1.76464
1hii_ligand,1637,1.70623
1hii_ligand,1638,1.82373
1hii_ligand,1639,1.5068
1hii_ligand,1640,1.71804
1hii_ligand,1641,1.57991
1hii_ligand,1642,1.8838
1hii_ligand,1643,1.74468
1hii_ligand,1644,1.77366
1hii_ligand,1645,1.85429
1hii_ligand,1646,1.56706
1hii_ligand,1647,1.86066
1hii_ligand,1648,1.74117
1hii_ligand,1649,1.74052
1hii_ligand,1650,1.75907
1hii_ligand,1651,1.91919
1hii_ligand,1652,1.63781
1hii_ligand,1653,1.71465
1hii_ligand,1654,1.89625
1hii_ligand,1655,1.67868
1hii_ligand,1656,1.93181
1hii_ligand,1657,1.6406
1hii_ligand,1658,1.83885
1hii_ligand,1659,1.81102
1hii_ligand,1660,1.75183
1hii_ligand,1661,1.80087
1hii_ligand,1662,1.75512
1hii_ligand,1663,1.72157
1hii_ligand,1664,1.6497
1hii_ligand,1665,1.90884
1hii_ligand,1666,1.73016
1hii_ligand,1667,1.80209
1hii_ligand,1668,1.69185
1hii_ligand,1669,1.86699
1hii_ligand,1670,1.74645
1hii_ligand,1671,1.86258
1hii_ligand,1672,1.70205
1hii_ligand,1673,1.68558
1hii_ligand,1674,1.95358
1hii_ligand,1675,1.57282
1hii_ligand,1676,1.95471
1hii_ligand,1677,1.92167
1hii_ligand,1678,1.5458
1hii_ligand,1679,1.81207
1hii_ligand,1680,1.69419
1hii_ligand,1681,1.84472
1hii_ligand,1682,1.68698
1hii_ligand,1683,1.82373
1hii_ligand,1684,1.64311
1hii_ligand,1685,1.99071
1hii_ligand,1686,1.59831
1hii_ligand,1687,1.67163
1hii_ligand,1688,1.88899
1hii_ligand,1689,1.69298
1hii_ligand,1690,1.84777
1hii_ligand,1691,1.68104
1hii_ligand,1692,1.97239
1hii_ligand,1693,1.80358
1hii_ligand,1694,1.78444
1hii_ligand,1695,1.56928
1hii_ligand,1696,1.62577
1hii_ligand,1697,1.91048
1hii_ligand,1698,1.76686
1hii_ligand,1699,1.7172
1hii_ligand,1700,1.70699
1hii_ligand,1701,1.72815
1hii_ligand,1702,1.78227
1hii_ligand,1703,1.57788
1hii_ligand,1704,1.69058
1hii_ligand,1705,1.88761
1hii_ligand,1706,1.84213
1hii_ligand,1707,1.71408
1hii_ligand,1708,1.74335
1hii_ligand,1709,1.89059
1hii_ligand,1710,1.70551
1hii_ligand,1711,1.70522
1hii_ligand,1712,1.75153
1hii_ligand,1713,1.71434
1hii_ligand,1714,1.71192
1hii_ligand,1715,1.74122
1hii_ligand,1716,1.67723
1hii_ligand,1717,1.92656
1hii_ligand,1718,1.79452
1hii_ligand,1719,1.78708
1hii_ligand,1720,1.55418
1hii_ligand,1721,1.83801
1hii_ligand,1722,1.74827
1hii_ligand,1723,1.71278
1hii_ligand,1724,1.82842
1hii_ligand,1725,1.51877
1hii_ligand,1726,1.8209
1hii_ligand,1727,1.74939
1hii_ligand,1728,1.73017
1hii_ligand,1729,1.75599
1hii_ligand,1730,1.74503
1hii_ligand,1731,1.78515
1hii_ligand,1732,1.74327
1hii_ligand,1733,1.76541
1hii_ligand,1734,1.67476
1hii_ligand,1735,1.91601
1hii_ligand,1736,1.76269
1hii_ligand,1737,1.96611
1hii_ligand,1738,1.64049
1hii_ligand,1739,1.66124
1hii_ligand,1740,1.79569
1hii_ligand,1741,1.71336
1hii_ligand,1742,1.76764
1hii_ligand,1743,1.80506
1hii_ligand,1744,1.76327
1hii_ligand,1745,1.66392
1hii_ligand,1746,1.69879
1hii_ligand,1747,1.77515
1hii_ligand,1748,1.6257
1hii_ligand,1749,1.77658
1hii_ligand,1750,1.74652
1hii_ligand,1751,1.9066
1hii_ligand,1752,1.63491
1hii_ligand,1753,1.9025
1hii_ligand,1754,1.78306
1hii_ligand,1755,1.84137
1hii_ligand,1756,1.56273
1hii_ligand,1757,1.89898
1hii_ligand,1758,1.77606
1hii_ligand,1759,1.72549
1hii_ligand,1760,1.77739
1hii_ligand,1761,1.7357
1hii_ligand,1762,1.8002
1hii_ligand,1763,1.59917
1hii_ligand,1764,1.75504
1hii_ligand,1765,1.90922
1hii_ligand,1766,1.63089
1hii_ligand,1767,1.92584
1hii_ligand,1768,1.69437
1hii_ligand,1769,1.81059
1hii_ligand,1770,1.75472
1hii_ligand,1771,1.94415
1hii_ligand,1772,1.62508
1hii_ligand,1773,1.60618
1hii_ligand,1774,1.92152
1hii_ligand,1775,1.78725
1hii_ligand,1776,1.68518
1hii_ligand,1777,1.71118
1hii_ligand,1778,1.84779
1hii_ligand,1779,1.62805
1hii_ligand,1780,1.88914
1hii_ligand,1781,1.71428
1hii_ligand,1782,1.9745
1hii_ligand,1783,1.61905
1hii_ligand,1784,1.91335
1hii_ligand,1785,1.83249
1hii_ligand,1786,1.74553
1hii_ligand,1787,1.78398
1hii_ligand,1788,1.71336
1hii_ligand,1789,1.68261
1hii_ligand,1790,1.99046
1hii_ligand,1791,1.74924
1hii_ligand,1792,1.69733
1hii_ligand,1793,2.00358
1hii_ligand,1794,1.56556
1hii_ligand,1795,1.71156
1hii_ligand,1796,2.04258
1hii_ligand,1797,1.98824
1hii_ligand,1798,1.65592
1hii_ligand,1799,1.66737
1hii_ligand,1800,1.95761
1hii_ligand,1801,1.88948
1hii_ligand,1802,1.51831
1hii_ligand,1803,1.91897
1hii_ligand,1804,1.71974
1hii_ligand,1805,1.69127
1hii_ligand,1806,1.74332
1hii_ligand,1807,1.77939
1hii_ligand,1808,1.71344
1hii_ligand,1809,1.85687
1hii_ligand,1810,1.72118
1hii_ligand,1811,1.97994
1hii_ligand,1812,1.6257
1hii_ligand,1813,1.69775
1hii_ligand,1814,1.8951
1hii_ligand,1815,1.74941
1hii_ligand,1816,1.77079
1hii_ligand,1817,1.74867
1hii_ligand,1818,1.85819
1hii_ligand,1819,1.52337
1hii_ligand,1820,1.73858
1hii_ligand,1821,1.602
1hii_ligand,1822,1.88816
1hii_ligand,1823,1.785
1hii_ligand,1824,1.87119
1hii_ligand,1825,1.62271
1hii_ligand,1826,1.93304
1hii_ligand,1827,1.87204
1hii_ligand,1828,1.6364
1hii_ligand,1829,1.69693
1hii_ligand,1830,1.81305
1hii_ligand,1831,1.78762
1hii_ligand,1832,1.92747
1hii_ligand,1833,1.79231
1hii_ligand,1834,1.74488
1hii_ligand,1835,1.73597
1hii_ligand,1836,1.72928
1hii_ligand,1837,1.77825
1hii_ligand,1838,1.69155
1hii_ligand,1839,1.98693
1hii_ligand,1840,1.68929
1hii_ligand,1841,1.62939
1hii_ligand,1842,1.86818
1hii_ligand,1843,1.74822
1hii_ligand,1844,1.80953
1hii_ligand,1845,1.46507
1hii_ligand,1846,1.89652
1hii_ligand,1847,1.74289
1hii_ligand,1848,1.77906
1hii_ligand,1849,1.68757
1hii_ligand,1850,1.73713
1hii_ligand,1851,1.83382
1hii_ligand,1852,1.63572
1hii_ligand,1853,1.88725
1hii_ligand,1854,1.80528
1hii_ligand,1855,1.7999
1hii_ligand,1856,1.56343
1hii_ligand,1857,1.78633
1hii_ligand,1858,1.69917
1hii_ligand,1859,1.87149
1hii_ligand,1860,1.76489
1hii_ligand,1861,1.95942
1hii_ligand,1862,1.68221
1hii_ligand,1863,1.66415
1hii_ligand,1864,1.93756
1hii_ligand,1865,1.75609
1hii_ligand,1866,1.74977
1hii_ligand,1867,1.67997
1hii_ligand,1868,1.96115
1hii_ligand,1869,1.55911
1hii_ligand,1870,1.93243
1hii_ligand,1871,1.81072
1hii_ligand,1872,1.75143
1hii_ligand,1873,1.55242
1hii_ligand,1874,1.77671
1hii_ligand,1875,1.6951
1hii_ligand,1876,1.8765
1hii_ligand,1877,1.75985
1hii_ligand,1878,1.97373
1hii_ligand,1879,1.8272
1hii_ligand,1880,1.79567
1hii_ligand,1881,1.61003
1hii_ligand,1882,1.74701
1hii_ligand,1883,1.68651
1hii_ligand,1884,1.97824
1hii_ligand,1885,1.82029
1hii_ligand,1886,1.59364
1hii_ligand,1887,1.71925
1hii_ligand,1888,1.68658
1hii_ligand,1889,1.97931
1hii_ligand,1890,1.66726
1hii_ligand,1891,1.63358
1hii_ligand,1892,1.93556
1hii_ligand,1893,1.75142
1hii_ligand,1894,1.5506
1hii_ligand,1895,1.90617
1hii_ligand,1896,1.6874
1hii_ligand,1897,1.9403
1hii_ligand,1898,1.64927
1hii_ligand,1899,1.75633
1hii_ligand,1900,1.75095
1hii_ligand,1901,1.75248
1hii_ligand,1902,1.82963
1hii_ligand,1903,1.62423
1hii_ligand,1904,1.73014
1hii_ligand,1905,1.67695
1hii_ligand,1906,1.91816
1hii_ligand,1907,1.83243
1hii_ligand,1908,1.74865
1hii_ligand,1909,1.75786
1hii_ligand,1910,1.88656
1hii_ligand,1911,1.65855
1hii_ligand,1912,1.82569
1hii_ligand,1913,1.77271
1hii_ligand,1914,1.82371
1hii_ligand,1915,1.82453
1hii_ligand,1916,1.53348
1hii_ligand,1917,1.74433
1hii_ligand,1918,1.71424
1hii_ligand,1919,1.95227
1hii_ligand,1920,1.58399
1hii_ligand,1921,1.92088
1hii_ligand,1922,1.85043
1hii_ligand,1923,1.76311
1hii_ligand,1924,1.82609
1hii_ligand,1925,1.66598
1hii_ligand,1926,1.74946
1hii_ligand,1927,1.89796
1hii_ligand,1928,1.68671
1hii_ligand,1929,1.98272
1hii_ligand,1930,1.64151
1hii_ligand,1931,1.97671
1hii_ligand,1932,1.53729
1hii_ligand,1933,1.91486
1hii_ligand,1934,1.77306
1hii_ligand,1935,1.73634
1hii_ligand,1936,1.7537
1hii_ligand,1937,1.6568
1hii_ligand,1938,1.98521
1hii_ligand,1939,1.62963
1hii_ligand,1940,2.02618
1hii_ligand,1941,1.66086
1hii_ligand,1942,1.63814
1hii_ligand,1943,1.98539
1hii_ligand,1944,1.72552
1hii_ligand,1945,1.68993
1hii_ligand,1946,1.88303
1hii_ligand,1947,1.50243
1hii_ligand,1948,1.81719
1hii_ligand,1949,1.64553
1hii_ligand,1950,1.7603
1hii_ligand,1951,1.6689
1hii_ligand,1952,1.99279
1hii_ligand,1953,1.52798
1hii_ligand,1954,1.79129
1hii_ligand,1955,1.74591
1hii_ligand,1956,1.70435
1hii_ligand,1957,1.61416
1hii_ligand,1958,1.93053
1hii_ligand,1959,1.69229
1hii_ligand,1960,1.82113
1hii_ligand,1961,1.7056
1hii_ligand,1962,1.92023
1hii_ligand,1963,1.5984
1hii_ligand,1964,1.91982
1hii_ligand,1965,1.7288
1hii_ligand,1966,2.04451
1hii_ligand,1967,1.71289
1hii_ligand,1968,1.69426
1hii_ligand,1969,1.79854
1hii_ligand,1970,1.81066
1hii_ligand,1971,1.76886
1hii_ligand,1972,1.83971
1hii_ligand,1973,1.64084
1hii_ligand,1974,1.67057
1hii_ligand,1975,1.69398
1hii_ligand,1976,1.5276
1hii_ligand,1977,1.70351
1hii_ligand,1978,1.62693
1hii_ligand,1979,1.57158
1hii_ligand,1980,1.65906
1hii_ligand,1981,1.49325
1hii_ligand,1982,1.70062
1hii_ligand,1983,1.53521
1hii_ligand,1984,1.67118
1hii_ligand,1985,1.6257
1hii_ligand,1986,1.61615
1hii_ligand,1987,1.72925
1hii_ligand,1988,1.61286
1hii_ligand,1989,1.61361
1hii_ligand,1990,1.58049
1hii_ligand,1991,1.74014
1hii_ligand,1992,1.70778
1hii_ligand,1993,1.5685
1hii_ligand,1994,1.72309
1hii_ligand,1995,1.68128
1hii_ligand,1996,1.63627
1hii_ligand,1997,1.56692
1hii_ligand,1998,1.71331
1hii_ligand,1999,1.57652
1hii_ligand,2000,1.71059
1hii_ligand,2001,1.63071
1hii_ligand,2002,1.71715
1hii_ligand,2003,1.64104
1hii_ligand,2004,1.62949
1hii_ligand,2005,1.62674
1hii_ligand,2006,1.62841
1hii_ligand,2007,1.74644
1hii_ligand,2008,1.48186
1hii_ligand,2009,1.75378
1hii_ligand,2010,1.53645
1hii_ligand,2011,1.7808
1hii_ligand,2012,1.50601
1hii_ligand,2013,1.56846
1hii_ligand,2014,1.71134
1hii_ligand,2015,1.68976
1hii_ligand,2016,1.68497
1hii_ligand,2017,1.61381
1hii_ligand,2018,1.61169
1hii_ligand,2019,1.76829
1hii_ligand,2020,1.58452
1hii_ligand,2021,1.68294
1hii_ligand,2022,1.73009
1hii_ligand,2023,1.59369
1hii_ligand,2024,1.89275
1hii_ligand,2025,1.80729
1hii_ligand,2026,1.84661
1hii_ligand,2027,1.67091
1hii_ligand,2028,1.82137
1hii_ligand,2029,1.7519
1hii_ligand,2030,1.72335
1hii_ligand,2031,1.69695
1hii_ligand,2032,1.61208
1hii_ligand,2033,1.83105
1hii_ligand,2034,1.83939
1hii_ligand,2035,1.92206
1hii_ligand,2036,1.68079
1hii_ligand,2037,1.70239
1hii_ligand,2038,1.6913
1hii_ligand,2039,1.56675
1hii_ligand,2040,1.65213
1hii_ligand,2041,1.63967
1hii_ligand,2042,1.68109
1hii_ligand,2043,1.64482
1hii_ligand,2044,1.85423
1hii_ligand,2045,1.58225
1hii_ligand,2046,1.70405
1hii_ligand,2047,1.57185
1hii_ligand,2048,1.66424
1hii_ligand,2049,1.61768
1hii_ligand,2050,1.7115
1hii_ligand,2051,1.89416
1hii_ligand,2052,1.63051
1hii_ligand,2053,1.77406
1hii_ligand,2054,1.62764
1hii_ligand,2055,1.79617
1hii_ligand,2056,1.51433
1hii_ligand,2057,1.87751
1hii_ligand,2058,1.58028
1hii_ligand,2059,1.8131
1hii_ligand,2060,1.53834
1hii_ligand,2061,1.92348
1hii_ligand,2062,1.64364
1hii_ligand,2063,1.7624
1hii_ligand,2064,1.81468
1hii_ligand,2065,1.76679
1hii_ligand,2066,1.79417
1hii_ligand,2067,1.61738
1hii_ligand,2068,1.7137
1hii_ligand,2069,1.90009
1hii_ligand,2070,1.77744
1hii_ligand,2071,1.84451
1hii_ligand,2072,1.86593
1hii_ligand,2073,1.80153
1hii_ligand,2074,1.80157
1hii_ligand,2075,1.74576
1hii_ligand,2076,1.75654
1hii_ligand,2077,1.70729
1hii_ligand,2078,1.65229
1hii_ligand,2079,1.66319
1hii_ligand,2080,1.90181
1hii_ligand,2081,1.78235
1hii_ligand,2082,2.07482
1hii_ligand,2083,1.81745
1hii_ligand,2084,1.92238
1hii_ligand,2085,1.6219
1hii_ligand,2086,2.03838
1hii_ligand,2087,1.83936
1hii_ligand,2088,1.92219
1hii_ligand,2089,1.69502
1hii_ligand,2090,1.86414
1hii_ligand,2091,1.84766
1hii_ligand,2092,1.81529
1hii_ligand,2093,1.75071
1hii_ligand,2094,1.67076
1hii_ligand,2095,1.8026
1hii_ligand,2096,1.75929
1hii_ligand,2097,1.98672
1hii_ligand,2098,1.85503
1hii_ligand,2099,1.98305
1hii_ligand,2100,1.75271
1hii_ligand,2101,2.0056
1hii_ligand,2102,1.85508
1hii_ligand,2103,1.93151
1hii_ligand,2104,1.7176
1hii_ligand,2105,2.10403
1hii_ligand,2106,1.76111
1hii_ligand,2107,1.91164
1hii_ligand,2108,1.57677
1hii_ligand,2109,1.95143
1hii_ligand,2110,1.79433
1hii_ligand,2111,1.93897
1hii_ligand,2112,1.82229
1hii_ligand,2113,1.9171
1hii_ligand,2114,1.77384
1hii_ligand,2115,1.91272
1hii_ligand,2116,1.78629
1hii_ligand,2117,2.03471
1hii_ligand,2118,1.80463
1hii_ligand,2119,1.93759
1hii_ligand,2120,1.77931
1hii_ligand,2121,2.05026
1hii_ligand,2122,1.73777
1hii_ligand,2123,2.03123
1hii_ligand,2124,1.72653
1hii_ligand,2125,2.05017
1hii_ligand,2126,1.69558
1hii_ligand,2127,2.08783
1hii_ligand,2128,1.78154
1hii_ligand,2129,1.76363
1hii_ligand,2130,1.86086
1hii_ligand,2131,1.87979
1hii_ligand,2132,1.88317
1hii_ligand,2133,1.7671
1hii_ligand,2134,1.76978
1hii_ligand,2135,1.90399
1hii_ligand,2136,1.91202
1hii_ligand,2137,1.83748
1hii_ligand,2138,1.87501
1hii_ligand,2139,1.81219
1hii_ligand,2140,1.93799
1hii_ligand,2141,1.7972
1hii_ligand,2142,1.96592
1hii_ligand,2143,1.87839
1hii_ligand,2144,1.93027
1hii_ligand,2145,1.67157
1hii_ligand,2146,1.73994
1hii_ligand,2147,2.00748
1hii_ligand,2148,1.92228
1hii_ligand,2149,1.8947
1hii_ligand,2150,1.85035
1hii_ligand,2151,2.10155
1hii_ligand,2152,1.65571
1hii_ligand,2153,1.88879
1hii_ligand,2154,1.87584
1hii_ligand,2155,1.83192
1hii_ligand,2156,1.85595
1hii_ligand,2157,1.82354
1hii_ligand,2158,2.05084
1hii_ligand,2159,1.81092
1hii_ligand,2160,1.80438
1hii_ligand,2161,1.96397
1hii_ligand,2162,1.83051
1hii_ligand,2163,1.97465
1hii_ligand,2164,1.8666
1hii_ligand,2165,1.88957
1hii_ligand,2166,1.76541
1hii_ligand,2167,1.86404
1hii_ligand,2168,1.95857
1hii_ligand,2169,1.62788
1hii_ligand,2170,1.95978
1hii_ligand,2171,1.87132
1hii_ligand,2172,1.88606
1hii_ligand,2173,1.78401
1hii_ligand,2174,1.92443
1hii_ligand,2175,1.79422
1hii_ligand,2176,2.05388
1hii_ligand,2177,1.66186
1hii_ligand,2178,2.01043
1hii_ligand,2179,1.87286
1hii_ligand,2180,1.8462
1hii_ligand,2181,1.88441
1hii_ligand,2182,1.90194
1hii_ligand,2183,1.85432
1hii_ligand,2184,2.04426
1hii_ligand,2185,1.7174
1hii_ligand,2186,1.97785
1hii_ligand,2187,1.91979
1hii_ligand,2188,1.92048
1hii_ligand,2189,1.9598
1hii_ligand,2190,1.90236
1hii_ligand,2191,1.85091
1hii_ligand,2192,1.83826
1hii_ligand,2193,2.00607
1hii_ligand,2194,1.76597
1hii_ligand,2195,2.05936
1hii_ligand,2196,1.98371
1hii_ligand,2197,1.76999
1hii_ligand,2198,1.80651
1hii_ligand,2199,2.07402
1hii_ligand,2200,1.8246
1hii_ligand,2201,1.89434
1hii_ligand,2202,1.81602
1hii_ligand,2203,2.11242
1hii_ligand,2204,1.79717
1hii_ligand,2205,1.83138
1hii_ligand,2206,1.83941
1hii_ligand,2207,1.86261
1hii_ligand,2208,1.90341
1hii_ligand,2209,1.83625
1hii_ligand,2210,2.08395
1hii_ligand,2211,1.75256
1hii_ligand,2212,1.95465
1hii_ligand,2213,1.87315
1hii_ligand,2214,1.87708
1hii_ligand,2215,1.85047
1hii_ligand,2216,2.01625
1hii_ligand,2217,1.75466
1hii_ligand,2218,2.0296
1hii_ligand,2219,1.87271
1hii_ligand,2220,1.88451
1hii_ligand,2221,1.88652
1hii_ligand,2222,1.94198
1hii_ligand,2223,1.90241
1hii_ligand,2224,1.97782
1hii_ligand,2225,1.86074
1hii_ligand,2226,1.75999
1hii_ligand,2227,2.07301
1hii_ligand,2228,1.85886
1hii_ligand,2229,2.01629
1hii_ligand,2230,1.69117
1hii_ligand,2231,2.06275
1hii_ligand,2232,2.00336
1hii_ligand,2233,1.72542
1hii_ligand,2234,1.92224
1hii_ligand,2235,1.81437
1hii_ligand,2236,1.90453
1hii_ligand,2237,1.80268
1hii_ligand,2238,1.98715
1hii_ligand,2239,1.81433
1hii_ligand,2240,2.04295
1hii_ligand,2241,1.86849
1hii_ligand,2242,1.90969
1hii_ligand,2243,1.78773
1hii_ligand,2244,2.05012
1hii_ligand,2245,1.99994
1hii_ligand,2246,1.94489
1hii_ligand,2247,1.7154
1hii_ligand,2248,2.01913
1hii_ligand,2249,1.90289
1hii_ligand,2250,1.97715
1hii_ligand,2251,1.71458
1hii_ligand,2252,1.99517
1hii_ligand,2253,1.88869
1hii_ligand,2254,2.02004
1hii_ligand,2255,1.66383
1hii_ligand,2256,2.033
1hii_ligand,2257,1.81855
1hii_ligand,2258,1.83174
1hii_ligand,2259,1.86672
1hii_ligand,2260,1.99183
1hii_ligand,2261,1.89117
1hii_ligand,2262,2.02022
1hii_ligand,2263,1.79499
1hii_ligand,2264,2.0572
1hii_ligand,2265,1.89987
1hii_ligand,2266,1.95504
1hii_ligand,2267,1.7962
1hii_ligand,2268,2.15095
1hii_ligand,2269,1.75177
1hii_ligand,2270,1.85821
1hii_ligand,2271,1.88235
1hii_ligand,2272,1.78164
1hii_ligand,2273,1.94117
1hii_ligand,2274,1.94768
1hii_ligand,2275,1.98446
1hii_ligand,2276,2.00015
1hii_ligand,2277,1.79635
1hii_ligand,2278,2.06174
1hii_ligand,2279,1.90036
1hii_ligand,2280,2.00915
1hii_ligand,2281,1.78524
1hii_ligand,2282,2.10144
1hii_ligand,2283,2.02108
1hii_ligand,2284,1.64278
1hii_ligand,2285,2.02816
1hii_ligand,2286,1.96436
1hii_ligand,2287,1.83139
1hii_ligand,2288,1.95503
1hii_ligand,2289,1.91838
1hii_ligand,2290,1.92719
1hii_ligand,2291,1.92829
1hii_ligand,2292,1.78686
1hii_ligand,2293,1.95555
1hii_ligand,2294,1.74775
1hii_ligand,2295,1.97577
1hii_ligand,2296,1.83535
1hii_ligand,2297,2.07483
1hii_ligand,2298,1.78973
1hii_ligand,2299,1.9224
1hii_ligand,2300,1.864
1hii_ligand,2301,2.06848
1hii_ligand,2302,1.74677
1hii_ligand,2303,2.06492
1hii_ligand,2304,1.84776
1hii_ligand,2305,1.98832
1hii_ligand,2306,1.82398
1hii_ligand,2307,1.81438
1hii_ligand,2308,2.0074
1hii_ligand,2309,1.96444
1hii_ligand,2310,1.91468
1hii_ligand,2311,1.78585
1hii_ligand,2312,1.80325
1hii_ligand,2313,2.08229
1hii_ligand,2314,1.88692
1hii_ligand,2315,1.95283
1hii_ligand,2316,1.86466
1hii_ligand,2317,2.12564
1hii_ligand,2318,1.78417
1hii_ligand,2319,1.73069
1hii_ligand,2320,1.95666
1hii_ligand,2321,1.92588
1hii_ligand,2322,1.92236
1hii_ligand,2323,1.92649
1hii_ligand,2324,1.80565
1hii_ligand,2325,2.01376
1hii_ligand,2326,1.85955
1hii_ligand,2327,1.90971
1hii_ligand,2328,1.94142
1hii_ligand,2329,1.90125
1hii_ligand,2330,1.84483
1hii_ligand,2331,2.11153
1hii_ligand,2332,1.73823
1hii_ligand,2333,1.92338
1hii_ligand,2334,1.90326
1hii_ligand,2335,2.05487
1hii_ligand,2336,2.01751
1hii_ligand,2337,1.84427
1hii_ligand,2338,1.84806
1hii_ligand,2339,1.80219
1hii_ligand,2340,1.94802
1hii_ligand,2341,1.86142
1hii_ligand,2342,1.92947
1hii_ligand,2343,1.83687
1hii_ligand,2344,1.78884
1hii_ligand,2345,2.09424
1hii_ligand,2346,1.95144
1hii_ligand,2347,1.87413
1hii_ligand,2348,1.90739
1hii_ligand,2349,1.85612
1hii_ligand,2350,1.89053
1hii_ligand,2351,1.99823
1hii_ligand,2352,1.88462
1hii_ligand,2353,2.00383
1hii_ligand,2354,1.84747
1hii_ligand,2355,2.12373
1hii_ligand,2356,1.88142
1hii_ligand,2357,1.78801
1hii_ligand,2358,1.95721
1hii_ligand,2359,1.85319
1hii_ligand,2360,2.03642
1hii_ligand,2361,1.85449
1hii_ligand,2362,1.9307
1hii_ligand,2363,1.86038
1hii_ligand,2364,1.84743
1hii_ligand,2365,1.86207
1hii_ligand,2366,1.9989
1hii_ligand,2367,1.77136
1hii_ligand,2368,2.0184
1hii_ligand,2369,1.92781
1hii_ligand,2370,2.03008
1hii_ligand,2371,1.67693
1hii_ligand,2372,2.07121
1hii_ligand,2373,2.03759
1hii_ligand,2374,1.93754
1hii_ligand,2375,1.83424
1hii_ligand,2376,1.74094
1hii_ligand,2377,2.05765
1hii_ligand,2378,1.81854
1hii_ligand,2379,2.04409
1hii_ligand,2380,1.64844
1hii_ligand,2381,2.03162
1hii_ligand,2382,1.94091
1hii_ligand,2383,1.88562
1hii_ligand,2384,1.79894
1hii_ligand,2385,1.75518
1hii_ligand,2386,2.09007
1hii_ligand,2387,1.84055
1hii_ligand,2388,1.77411
1hii_ligand,2389,1.94264
1hii_ligand,2390,1.84997
1hii_ligand,2391,2.10912
1hii_ligand,2392,1.80518
1hii_ligand,2393,1.81317
1hii_ligand,2394,2.09784
1hii_ligand,2395,1.72616
1hii_ligand,2396,1.95899
1hii_ligand,2397,1.87714
1hii_ligand,2398,1.91495
1hii_ligand,2399,1.97742
1hii_ligand,2400,1.90033
1hii_ligand,2401,1.85426
1hii_ligand,2402,1.81001
1hii_ligand,2403,1.95944
1hii_ligand,2404,1.89481
1hii_ligand,2405,1.97866
1hii_ligand,2406,1.80909
1hii_ligand,2407,1.90282
1hii_ligand,2408,1.8017
1hii_ligand,2409,2.06936
1hii_ligand,2410,1.877
1hii_ligand,2411,1.85485
1hii_ligand,2412,1.93643
1hii_ligand,2413,1.82119
1hii_ligand,2414,1.84913
1hii_ligand,2415,1.80232
1hii_ligand,2416,2.01927
1hii_ligand,2417,1.77235
1hii_ligand,2418,2.08165
1hii_ligand,2419,1.76872
1hii_ligand,2420,1.93873
1hii_ligand,2421,1.70526
1hii_ligand,2422,1.93911
1hii_ligand,2423,1.90945
1hii_ligand,2424,2.01277
1hii_ligand,2425,1.94111
1hii_ligand,2426,2.06435
1hii_ligand,2427,1.69622
1hii_ligand,2428,2.04296
1hii_ligand,2429,1.92397
1hii_ligand,2430,2.05532
1hii_ligand,2431,1.78235
1hii_ligand,2432,2.02993
1hii_ligand,2433,2.00012
1hii_ligand,2434,1.84364
1hii_ligand,2435,1.8455
1hii_ligand,2436,1.77201
1hii_ligand,2437,2.13425
1hii_ligand,2438,2.00463
1hii_ligand,2439,1.81203
1hii_ligand,2440,2.02711
1hii_ligand,2441,2.01994
1hii_ligand,2442,2.04661
1hii_ligand,2443,1.97311
1hii_ligand,2444,1.89647
1hii_ligand,2445,1.9182
1hii_ligand,2446,1.84145
1hii_ligand,2447,2.017
1hii_ligand,2448,1.75768
1hii_ligand,2449,2.14679
1hii_ligand,2450,1.79822
1hii_ligand,2451,1.85336
1hii_ligand,2452,2.0071
1hii_ligand,2453,1.69537
1hii_ligand,2454,2.03121
1hii_ligand,2455,2.00613
1hii_ligand,2456,1.92564
1hii_ligand,2457,1.92432
1hii_ligand,2458,1.79891
1hii_ligand,2459,1.78305
1hii_ligand,2460,2.10205
1hii_ligand,2461,1.76311
1hii_ligand,2462,1.9134
1hii_ligand,2463,1.77654
1hii_ligand,2464,2.11808
1hii_ligand,2465,1.78252
1hii_ligand,2466,1.79183
1hii_ligand,2467,2.07442
1hii_ligand,2468,1.68377
1hii_ligand,2469,2.07952
1hii_ligand,2470,1.79974
1hii_ligand,2471,1.80704
1hii_ligand,2472,1.80194
1hii_ligand,2473,2.07195
1hii_ligand,2474,1.71486
1hii_ligand,2475,1.93861
1hii_ligand,2476,1.83592
1hii_ligand,2477,2.14768
1hii_ligand,2478,1.87065
1hii_ligand,2479,1.79728
1hii_ligand,2480,2.19183
1hii_ligand,2481,1.83394
1hii_ligand,2482,1.74241
1hii_ligand,2483,2.11121
1hii_ligand,2484,1.93
1hii_ligand,2485,1.82835
1hii_ligand,2486,1.82443
1hii_ligand,2487,1.87328
1hii_ligand,2488,1.71451
1hii_ligand,2489,1.69584
1hii_ligand,2490,1.99778
1hii_ligand,2491,1.91741
1hii_ligand,2492,1.93729
1hii_ligand,2493,1.86341
1hii_ligand,2494,2.20227
1hii_ligand,2495,1.90463
1hii_ligand,2496,1.77242
1hii_ligand,2497,2.12584
1hii_ligand,2498,1.75744
1hii_ligand,2499,1.95368
1hii_ligand,2500,1.9447
1hii_ligand,2501,1.80873
1hii_ligand,2502,1.86612
1hii_ligand,2503,2.04484
1hii_ligand,2504,1.96402
1hii_ligand,2505,1.8886
1hii_ligand,2506,1.82435
1hii_ligand,2507,1.78131
1hii_ligand,2508,2.01259
1hii_ligand,2509,1.80513
1hii_ligand,2510,2.00052
1hii_ligand,2511,1.88445
1hii_ligand,2512,2.05941
1hii_ligand,2513,1.70095
1hii_ligand,2514,2.08468
1hii_ligand,2515,2.03051
1hii_ligand,2516,1.8135
1hii_ligand,2517,2.15716
1hii_ligand,2518,1.91801
1hii_ligand,2519,1.72699
1hii_ligand,2520,2.09109
1hii_ligand,2521,2.10405
1hii_ligand,2522,1.8944
1hii_ligand,2523,1.98557
1hii_ligand,2524,2.19296
1hii_ligand,2525,1.71371
1hii_ligand,2526,2.04151
1hii_ligand,2527,1.74615
1hii_ligand,2528,1.85632
1hii_ligand,2529,1.80689
1hii_ligand,2530,1.94333
1hii_ligand,2531,1.93011
1hii_ligand,2532,1.75432
1hii_ligand,2533,2.03651
1hii_ligand,2534,1.76543
1hii_ligand,2535,2.03875
1hii_ligand,2536,1.91094
1hii_ligand,2537,1.78639
1hii_ligand,2538,1.80193
1hii_ligand,2539,2.05144
1hii_ligand,2540,1.74651
1hii_ligand,2541,1.98863
1hii_ligand,2542,1.80605
1hii_ligand,2543,1.96906
1hii_ligand,2544,1.90389
1hii_ligand,2545,1.89118
1hii_ligand,2546,1.88748
1hii_ligand,2547,1.89324
1hii_ligand,2548,1.85012
1hii_ligand,2549,2.11144
1hii_ligand,2550,1.77222
1hii_ligand,2551,1.99282
1hii_ligand,2552,1.90156
1hii_ligand,2553,1.96347
1hii_ligand,2554,2.00108
1hii_ligand,2555,1.76414
1hii_ligand,2556,1.80896
1hii_ligand,2557,1.98749
1hii_ligand,2558,1.81498
1hii_ligand,2559,2.10383
1hii_ligand,2560,1.92338
1hii_ligand,2561,1.82329
1hii_ligand,2562,1.87882
1hii_ligand,2563,1.73893
1hii_ligand,2564,1.79613
1hii_ligand,2565,2.02249
1hii_ligand,2566,1.71112
1hii_ligand,2567,2.0803
1hii_ligand,2568,1.86187
1hii_ligand,2569,1.87727
1hii_ligand,2570,2.05362
1hii_ligand,2571,1.70829
1hii_ligand,2572,2.04165
1hii_ligand,2573,1.88014
1hii_ligand,2574,2.04475
1hii_ligand,2575,1.72048
1hii_ligand,2576,2.06804
1hii_ligand,2577,1.99493
1hii_ligand,2578,1.83419
1hii_ligand,2579,1.78314
1hii_ligand,2580,2.05904
1hii_ligand,2581,1.68651
1hii_ligand,2582,2.05866
1hii_ligand,2583,2.0199
1hii_ligand,2584,1.91312
1hii_ligand,2585,1.8587
1hii_ligand,2586,1.80406
1hii_ligand,2587,1.82559
1hii_ligand,2588,1.85963
1hii_ligand,2589,1.87618
1hii_ligand,2590,2.03805
1hii_ligand,2591,1.66586
1hii_ligand,2592,2.0818
1hii_ligand,2593,2.01191
1hii_ligand,2594,1.84013
1hii_ligand,2595,1.93274
1hii_ligand,2596,1.8612
1hii_ligand,2597,2.1098
1hii_ligand,2598,1.76874
1hii_ligand,2599,1.97436
1hii_ligand,2600,1.87901
1hii_ligand,2601,1.88547
1hii_ligand,2602,1.94078
1hii_ligand,2603,1.94698
1hii_ligand,2604,1.85323
1hii_ligand,2605,1.94466
1hii_ligand,2606,1.84621
1hii_ligand,2607,2.14721
1hii_ligand,2608,1.82814
1hii_ligand,2609,2.0142
1hii_ligand,2610,1.87101
1hii_ligand,2611,1.86296
1hii_ligand,2612,1.87641
1hii_ligand,2613,1.92513
1hii_ligand,2614,1.82711
1hii_ligand,2615,2.20942
1hii_ligand,2616,1.93566
1hii_ligand,2617,1.80591
1hii_ligand,2618,2.15674
1hii_ligand,2619,1.92019
1hii_ligand,2620,1.8093
1hii_ligand,2621,2.07611
1hii_ligand,2622,1.73481
1hii_ligand,2623,1.882
1hii_ligand,2624,1.80886
1hii_ligand,2625,2.12581
1hii_ligand,2626,1.77334
1hii_ligand,2627,1.98519
1hii_ligand,2628,1.8854
1hii_ligand,2629,1.83347
1hii_ligand,2630,1.81984
1hii_ligand,2631,1.98172
1hii_ligand,2632,1.79221
1hii_ligand,2633,2.18062
1hii_ligand,2634,1.90563
1hii_ligand,2635,1.75811
1hii_ligand,2636,2.01636
1hii_ligand,2637,1.79738
1hii_ligand,2638,2.04977
1hii_ligand,2639,2.01244
1hii_ligand,2640,1.82498
1hii_ligand,2641,1.92709
1hii_ligand,2642,1.81597
1hii_ligand,2643,1.85824
1hii_ligand,2644,1.99525
1hii_ligand,2645,1.89734
1hii_ligand,2646,2.10476
1hii_ligand,2647,1.74648
1hii_ligand,2648,2.03186
1hii_ligand,2649,1.80404
1hii_ligand,2650,2.03401
1hii_ligand,2651,1.99165
1hii_ligand,2652,1.94126
1hii_ligand,2653,1.85242
1hii_ligand,2654,1.90904
1hii_ligand,2655,2.09261
1hii_ligand,2656,1.67659
1hii_ligand,2657,2.05285
1hii_ligand,2658,1.73493
1hii_ligand,2659,1.9509
1hii_ligand,2660,1.72907
1hii_ligand,2661,1.99859
1hii_ligand,2662,1.88812
1hii_ligand,2663,2.03427
1hii_ligand,2664,1.6756
1hii_ligand,2665,2.08374
1hii_ligand,2666,1.88334
1hii_ligand,2667,2.0153
1hii_ligand,2668,1.79689
1hii_ligand,2669,2.0637
1hii_ligand,2670,2.05339
1hii_ligand,2671,1.85868
1hii_ligand,2672,1.87282
1hii_ligand,2673,1.84319
1hii_ligand,2674,1.79014
1hii_ligand,2675,1.86052
1hii_ligand,2676,1.78207
1hii_ligand,2677,2.15574
1hii_ligand,2678,1.85834
1hii_ligand,2679,1.87617
1hii_ligand,2680,1.83817
1hii_ligand,2681,1.85025
1hii_ligand,2682,1.83879
1hii_ligand,2683,1.89508
1hii_ligand,2684,2.02588
1hii_ligand,2685,1.88286
1hii_ligand,2686,2.07931
1hii_ligand,2687,1.68794
1hii_ligand,2688,2.07546
1hii_ligand,2689,2.03578
1hii_ligand,2690,1.98495
1hii_ligand,2691,2.0025
1hii_ligand,2692,1.85213
1hii_ligand,2693,1.73462
1hii_ligand,2694,2.07425
1hii_ligand,2695,1.98184
1hii_ligand,2696,1.80363
1hii_ligand,2697,1.97146
1hii_ligand,2698,2.01194
1hii_ligand,2699,1.95765
1hii_ligand,2700,1.835
1hii_ligand,2701,1.84597
1hii_ligand,2702,1.87636
1hii_ligand,2703,2.00306
1hii_ligand,2704,1.85436
1hii_ligand,2705,2.05475
1hii_ligand,2706,1.70012
1hii_ligand,2707,2.11119
1hii_ligand,2708,1.90443
1hii_ligand,2709,1.71609
1hii_ligand,2710,1.73194
1hii_ligand,2711,1.88307
1hii_ligand,2712,1.89132
1hii_ligand,2713,2.04887
1hii_ligand,2714,1.75504
1hii_ligand,2715,1.97874
1hii_ligand,2716,1.85167
1hii_ligand,2717,1.98898
1hii_ligand,2718,1.76416
1hii_ligand,2719,2.03786
1hii_ligand,2720,1.88512
1hii_ligand,2721,1.80781
1hii_ligand,2722,1.99692
1hii_ligand,2723,1.86593
1hii_ligand,2724,2.00975
1hii_ligand,2725,1.86849
1hii_ligand,2726,1.95508
1hii_ligand,2727,1.98252
1hii_ligand,2728,1.83636
1hii_ligand,2729,1.76939
1hii_ligand,2730,1.81116
1hii_ligand,2731,1.93725
1hii_ligand,2732,1.84775
1hii_ligand,2733,2.11231
1hii_ligand,2734,1.83185
1hii_ligand,2735,1.8472
1hii_ligand,2736,1.97014
1hii_ligand,2737,1.89025
1hii_ligand,2738,2.05514
1hii_ligand,2739,1.97805
1hii_ligand,2740,1.89159
1hii_ligand,2741,1.86595
1hii_ligand,2742,1.77755
1hii_ligand,2743,2.00431
1hii_ligand,2744,1.8131
1hii_ligand,2745,2.0564
1hii_ligand,2746,1.99815
1hii_ligand,2747,1.91922
1hii_ligand,2748,2.01135
1hii_ligand,2749,1.74027
1hii_ligand,2750,2.10045
1hii_ligand,2751,1.94481
1hii_ligand,2752,1.88176
1hii_ligand,2753,1.86336
1hii_ligand,2754,1.74538
1hii_ligand,2755,2.03221
1hii_ligand,2756,1.70722
1hii_ligand,2757,2.0829
1hii_ligand,2758,1.90739
1hii_ligand,2759,1.97068
1hii_ligand,2760,1.94418
1hii_ligand,2761,1.80191
1hii_ligand,2762,2.13136
1hii_ligand,2763,1.7574
1hii_ligand,2764,1.91028
1hii_ligand,2765,1.8566
1hii_ligand,2766,1.8921
1hii_ligand,2767,1.96638
1hii_ligand,2768,1.90834
1hii_ligand,2769,1.86783
1hii_ligand,2770,1.83511
1hii_ligand,2771,1.78531
1hii_ligand,2772,1.83729
1hii_ligand,2773,2.00706
1hii_ligand,2774,1.87532
1hii_ligand,2775,1.90183
1hii_ligand,2776,1.91725
1hii_ligand,2777,1.81352
1hii_ligand,2778,1.86634
1hii_ligand,2779,2.03497
1hii_ligand,2780,1.90214
1hii_ligand,2781,2.09799
1hii_ligand,2782,1.73366
1hii_ligand,2783,1.97455
1hii_ligand,2784,1.76466
1hii_ligand,2785,1.89628
1hii_ligand,2786,1.85963
1hii_ligand,2787,2.13076
1hii_ligand,2788,1.94254
1hii_ligand,2789,1.84266
1hii_ligand,2790,2.11621
1hii_ligand,2791,1.97322
1hii_ligand,2792,1.85605
1hii_ligand,2793,1.86504
1hii_ligand,2794,1.78113
1hii_ligand,2795,2.06255
1hii_ligand,2796,1.71679
1hii_ligand,2797,2.0541
1hii_ligand,2798,2.01343
1hii_ligand,2799,2.02513
1hii_ligand,2800,1.92734
1hii_ligand,2801,1.74862
1hii_ligand,2802,2.16999
1hii_ligand,2803,1.95338
1hii_ligand,2804,1.71268
1hii_ligand,2805,2.02669
1hii_ligand,2806,1.87207
1hii_ligand,2807,2.07728
1hii_ligand,2808,1.94661
1hii_ligand,2809,2.03481
1hii_ligand,2810,1.95977
1hii_ligand,2811,1.83776
1hii_ligand,2812,1.84582
1hii_ligand,2813,1.85016
1hii_ligand,2814,2.00183
1hii_ligand,2815,1.9092
1hii_ligand,2816,2.00193
1hii_ligand,2817,1.731
1hii_ligand,2818,2.13291
1hii_ligand,2819,1.90611
1hii_ligand,2820,1.90919
1hii_ligand,2821,1.92682
1hii_ligand,2822,1.90139
1hii_ligand,2823,1.84632
1hii_ligand,2824,1.98878
1hii_ligand,2825,1.73969
1hii_ligand,2826,2.05617
1hii_ligand,2827,1.79817
1hii_ligand,2828,2.0602
1hii_ligand,2829,1.84602
1hii_ligand,2830,1.82766
1hii_ligand,2831,1.98453
1hii_ligand,2832,1.9193
1hii_ligand,2833,2.02003
1hii_ligand,2834,1.9793
1hii_ligand,2835,1.86685
1hii_ligand,2836,1.91062
1hii_ligand,2837,1.76247
1hii_ligand,2838,2.05082
1hii_ligand,2839,1.79473
1hii_ligand,2840,2.08779
1hii_ligand,2841,1.89434
1hii_ligand,2842,1.86118
1hii_ligand,2843,1.83909
1hii_ligand,2844,1.8199
1hii_ligand,2845,1.94492
1hii_ligand,2846,1.79974
1hii_ligand,2847,1.96948
1hii_ligand,2848,1.76959
1hii_ligand,2849,2.0771
1hii_ligand,2850,1.99222
1hii_ligand,2851,1.72157
1hii_ligand,2852,2.11527
1hii_ligand,2853,1.87614
1hii_ligand,2854,1.85364
1hii_ligand,2855,2.03847
1hii_ligand,2856,2.006
1hii_ligand,2857,1.83052
1hii_ligand,2858,1.8904
1hii_ligand,2859,1.90155
1hii_ligand,2860,1.88055
1hii_ligand,2861,1.76374
1hii_ligand,2862,2.04062
1hii_ligand,2863,2.02055
1hii_ligand,2864,1.83257
1hii_ligand,2865,1.76433
1hii_ligand,2866,2.0917
1hii_ligand,2867,1.81762
1hii_ligand,2868,1.90287
1hii_ligand,2869,1.97946
1hii_ligand,2870,1.86823
1hii_ligand,2871,1.90241
1hii_ligand,2872,2.04455
1hii_ligand,2873,1.96318
1hii_ligand,2874,1.95031
1hii_ligand,2875,1.82449
1hii_ligand,2876,1.97478
1hii_ligand,2877,1.83052
1hii_ligand,2878,1.88497
1hii_ligand,2879,1.77323
1hii_ligand,2880,2.14348
1hii_ligand,2881,2.09246
1hii_ligand,2882,1.65839
1hii_ligand,2883,1.95535
1hii_ligand,2884,1.73634
1hii_ligand,2885,2.09731
1hii_ligand,2886,1.87654
1hii_ligand,2887,1.86246
1hii_ligand,2888,2.04689
1hii_ligand,2889,1.75676
1hii_ligand,2890,1.96724
1hii_ligand,2891,1.89151
1hii_ligand,2892,1.97649
1hii_ligand,2893,1.83651
1hii_ligand,2894,1.90402
1hii_ligand,2895,2.07055
1hii_ligand,2896,1.92265
1hii_ligand,2897,1.84012
1hii_ligand,2898,1.90203
1hii_ligand,2899,1.89114
1hii_ligand,2900,1.89755
1hii_ligand,2901,1.9225
1hii_ligand,2902,1.93593
1hii_ligand,2903,1.90565
1hii_ligand,2904,1.59468
1hii_ligand,2905,2.0059
1hii_ligand,2906,1.72997
1hii_ligand,2907,1.97678
1hii_ligand,2908,1.86536
1hii_ligand,2909,2.09073
1hii_ligand,2910,1.89351
1hii_ligand,2911,1.93217
1hii_ligand,2912,2.00731
1hii_ligand,2913,1.81969
1hii_ligand,2914,2.05348
1hii_ligand,2915,1.74557
1hii_ligand,2916,1.99115
1hii_ligand,2917,1.88255
1hii_ligand,2918,2.04493
1hii_ligand,2919,1.85552
1hii_ligand,2920,2.05769
1hii_ligand,2921,1.94983
1hii_ligand,2922,1.91477
1hii_ligand,2923,1.72864
1hii_ligand,2924,2.04528
1hii_ligand,2925,1.76375
1hii_ligand,2926,1.94992
1hii_ligand,2927,1.86237
1hii_ligand,2928,2.06791
1hii_ligand,2929,1.87372
1hii_ligand,2930,1.84925
1hii_ligand,2931,2.0413
1hii_ligand,2932,1.74332
1hii_ligand,2933,2.13834
1hii_ligand,2934,1.83102
1hii_ligand,2935,1.81377
1hii_ligand,2936,2.00702
1hii_ligand,2937,1.90835
1hii_ligand,2938,2.06059
1hii_ligand,2939,1.76967
1hii_ligand,2940,1.88141
1hii_ligand,2941,1.70844
1hii_ligand,2942,1.89863
1hii_ligand,2943,1.86255
1hii_ligand,2944,1.97114
1hii_ligand,2945,1.88671
1hii_ligand,2946,2.01402
1hii_ligand,2947,2.00474
1hii_ligand,2948,1.82348
1hii_ligand,2949,1.84927
1hii_ligand,2950,1.7665
1hii_ligand,2951,2.01601
1hii_ligand,2952,1.92682
1hii_ligand,2953,1.92937
1hii_ligand,2954,1.86429
1hii_ligand,2955,1.72133
1hii_ligand,2956,1.90836
1hii_ligand,2957,1.85458
1hii_ligand,2958,1.9184
1hii_ligand,2959,1.72472
1hii_ligand,2960,2.04961
1hii_ligand,2961,1.77106
1hii_ligand,2962,2.00512
1hii_ligand,2963,1.96129
1hii_ligand,2964,1.91538
1hii_ligand,2965,1.66769
1hii_ligand,2966,2.0937
1hii_ligand,2967,1.93503
1hii_ligand,2968,1.72911
1hii_ligand,2969,1.94824
1hii_ligand,2970,1.84844
1hii_ligand,2971,2.03586
1hii_ligand,2972,1.96818
1hii_ligand,2973,1.94223
1hii_ligand,2974,2.08539
1hii_ligand,2975,1.81789
1hii_ligand,2976,1.842
1hii_ligand,2977,1.86394
1hii_ligand,2978,1.79918
1hii_ligand,2979,2.04922
1hii_ligand,2980,1.88273
1hii_ligand,2981,1.84113
1hii_ligand,2982,2.05689
1hii_ligand,2983,1.74539
1hii_ligand,2984,2.04295
1hii_ligand,2985,1.87466
1hii_ligand,2986,1.82715
1hii_ligand,2987,2.05585
1hii_ligand,2988,1.73389
1hii_ligand,2989,2.14328
1hii_ligand,2990,1.74328
1hii_ligand,2991,1.81787
1hii_ligand,2992,1.98854
1hii_ligand,2993,1.97119
1hii_ligand,2994,1.90763
1hii_ligand,2995,1.7955
1hii_ligand,2996,1.97577
1hii_ligand,2997,1.97999
1hii_ligand,2998,1.91303
1hii_ligand,2999,1.75582
1hii_ligand,3000,2.03669
1hii_ligand,3001,1.77219
1hii_ligand,3002,1.9778
1hii_ligand,3003,1.97765
1hii_ligand,3004,1.93248
1hii_ligand,3005,1.67658
1hii_ligand,3006,2.12299
1hii_ligand,3007,1.7114
1hii_ligand,3008,2.01693
1hii_ligand,3009,1.87671
1hii_ligand,3010,1.97483
1hii_ligand,3011,1.91257
1hii_ligand,3012,1.96123
1hii_ligand,3013,1.99037
1hii_ligand,3014,1.92018
1hii_ligand,3015,1.88449
1hii_ligand,3016,1.6926
1hii_ligand,3017,1.90262
1hii_ligand,3018,1.72717
1hii_ligand,3019,1.89259
1hii_ligand,3020,1.87387
1hii_ligand,3021,2.01239
1hii_ligand,3022,1.74553
1hii_ligand,3023,1.93361
1hii_ligand,3024,1.72789
1hii_ligand,3025,1.83352
1hii_ligand,3026,1.71593
1hii_ligand,3027,1.95754
1hii_ligand,3028,1.73925
1hii_ligand,3029,1.98399
1hii_ligand,3030,1.69184
1hii_ligand,3031,1.98714
1hii_ligand,3032,1.67407
1hii_ligand,3033,1.91766
1hii_ligand,3034,1.77992
1hii_ligand,3035,1.99784
1hii_ligand,3036,1.67466
1hii_ligand,3037,1.91437
1hii_ligand,3038,1.95179
1hii_ligand,3039,1.89829
1hii_ligand,3040,1.83624
1hii_ligand,3041,1.74475
1hii_ligand,3042,1.85583
1hii_ligand,3043,1.65838
1hii_ligand,3044,1.90591
1hii_ligand,3045,1.63575
1hii_ligand,3046,1.92122
1hii_ligand,3047,1.6222
1hii_ligand,3048,1.91398
1hii_ligand,3049,1.6799
1hii_ligand,3050,1.65783
1hii_ligand,3051,1.87108
1hii_ligand,3052,1.65142
1hii_ligand,3053,1.86223
1hii_ligand,3054,1.71753
1hii_ligand,3055,1.85285
1hii_ligand,3056,1.74804
1hii_ligand,3057,1.84041
1hii_ligand,3058,1.73711
1hii_ligand,3059,1.85153
1hii_ligand,3060,1.68963
1hii_ligand,3061,1.76832
1hii_ligand,3062,1.77247
1hii_ligand,3063,1.87623
1hii_ligand,3064,1.66843
1hii_ligand,3065,1.84464
1hii_ligand,3066,1.88584
1hii_ligand,3067,1.78043
1hii_ligand,3068,1.72084
1hii_ligand,3069,1.86777
1hii_ligand,3070,1.70412
1hii_ligand,3071,1.81557
1hii_ligand,3072,1.79668
1hii_ligand,3073,2.04249
1hii_ligand,3074,1.61788
1hii_ligand,3075,1.92607
1hii_ligand,3076,1.70869
1hii_ligand,3077,1.8581
1hii_ligand,3078,1.8694
1hii_ligand,3079,1.88934
1hii_ligand,3080,1.97868
1hii_ligand,3081,1.92468
1hii_ligand,3082,1.74378
1hii_ligand,3083,1.82996
1hii_ligand,3084,2.0223
1hii_ligand,3085,1.72117
1hii_ligand,3086,1.92014
1hii_ligand,3087,1.85277
1hii_ligand,3088,1.8256
1hii_ligand,3089,1.67371
1hii_ligand,3090,1.92618
1hii_ligand,3091,1.79496
1hii_ligand,3092,2.04366
1hii_ligand,3093,1.71801
1hii_ligand,3094,1.96432
1hii_ligand,3095,1.75686
1hii_ligand,3096,1.81376
1hii_ligand,3097,1.82161
1hii_ligand,3098,1.95444
1hii_ligand,3099,1.70355
1hii_ligand,3100,1.98897
1hii_ligand,3101,1.69352
1hii_ligand,3102,2.00097
1hii_ligand,3103,1.80277
1hii_ligand,3104,1.9313
1hii_ligand,3105,1.8843
1hii_ligand,3106,1.9306
1hii_ligand,3107,2.00556
1hii_ligand,3108,1.90416
1hii_ligand,3109,1.77404
1hii_ligand,3110,2.02938
1hii_ligand,3111,1.87443
1hii_ligand,3112,1.91551
1hii_ligand,3113,1.80526
1hii_ligand,3114,1.98028
1hii_ligand,3115,1.90277
1hii_ligand,3116,1.88767
1hii_ligand,3117,1.64588
1hii_ligand,3118,1.92256
1hii_ligand,3119,1.79236
1hii_ligand,3120,1.9751
1hii_ligand,3121,1.72348
1hii_ligand,3122,1.94756
1hii_ligand,3123,1.88851
1hii_ligand,3124,1.94232
1hii_ligand,3125,1.86523
1hii_ligand,3126,2.017
1hii_ligand,3127,1.97399
1hii_ligand,3128,1.89575
1hii_ligand,3129,1.85782
1hii_ligand,3130,1.96701
1hii_ligand,3131,1.92503
1hii_ligand,3132,2.05163
1hii_ligand,3133,1.58856
1hii_ligand,3134,2.11363
1hii_ligand,3135,1.72565
1hii_ligand,3136,2.00918
1hii_ligand,3137,1.76413
1hii_ligand,3138,2.01577
1hii_ligand,3139,1.66114
1hii_ligand,3140,1.90956
1hii_ligand,3141,1.90708
1hii_ligand,3142,1.92639
1hii_ligand,3143,1.72278
1hii_ligand,3144,1.86542
1hii_ligand,3145,1.86519
1hii_ligand,3146,1.82697
1hii_ligand,3147,2.02996
1hii_ligand,3148,1.78414
1hii_ligand,3149,1.9436
1hii_ligand,3150,1.56644
1hii_ligand,3151,1.79252
1hii_ligand,3152,1.83221
1hii_ligand,3153,1.88372
1hii_ligand,3154,1.81922
1hii_ligand,3155,1.79324
1hii_ligand,3156,1.7691
1hii_ligand,3157,1.82472
1hii_ligand,3158,1.80405
1hii_ligand,3159,1.74518
1hii_ligand,3160,1.77979
1hii_ligand,3161,1.81074
1hii_ligand,3162,1.80618
1hii_ligand,3163,1.68193
1hii_ligand,3164,1.7904
1hii_ligand,3165,1.83755
1hii_ligand,3166,1.73105
1hii_ligand,3167,1.75715
1hii_ligand,3168,1.85412
1hii_ligand,3169,1.85223
1hii_ligand,3170,1.80954
1hii_ligand,3171,1.74218
1hii_ligand,3172,1.8553
1hii_ligand,3173,1.76974
1hii_ligand,3174,1.88521
1hii_ligand,3175,1.79141
1hii_ligand,3176,1.89314
1hii_ligand,3177,1.8694
1hii_ligand,3178,1.83626
1hii_ligand,3179,1.83485
1hii_ligand,3180,1.90396
1hii_ligand,3181,1.69334
1hii_ligand,3182,1.84909
1hii_ligand,3183,1.79469
1hii_ligand,3184,1.86826
1hii_ligand,3185,1.77124
1hii_ligand,3186,1.90508
1hii_ligand,3187,1.83489
1hii_ligand,3188,1.92397
1hii_ligand,3189,1.74109
1hii_ligand,3190,1.93307
1hii_ligand,3191,1.63811
1hii_ligand,3192,1.86947
1hii_ligand,3193,1.75783
1hii_ligand,3194,1.94935
1hii_ligand,3195,1.7482
1hii_ligand,3196,1.93835
1hii_ligand,3197,1.78151
1hii_ligand,3198,1.94385
1hii_ligand,3199,1.69614
1hii_ligand,3200,1.92405
1hii_ligand,3201,1.71292
1hii_ligand,3202,1.7934
1hii_ligand,3203,1.87944
1hii_ligand,3204,1.83832
1hii_ligand,3205,1.81744
1hii_ligand,3206,1.78041
1hii_ligand,3207,1.98675
1hii_ligand,3208,1.56875
1hii_ligand,3209,1.91437
1hii_ligand,3210,1.63536
1hii_ligand,3211,1.93741
1hii_ligand,3212,1.48612
1hii_ligand,3213,1.94756
1hii_ligand,3214,1.52702
1hii_ligand,3215,2.00462
1hii_ligand,3216,1.48734
1hii_ligand,3217,1.99397
1hii_ligand,3218,1.59188
1hii_ligand,3219,1.94153
1hii_ligand,3220,1.64795
1hii_ligand,3221,1.92089
1hii_ligand,3222,1.79157
1hii_ligand,3223,1.76286
1hii_ligand,3224,1.88803
1hii_ligand,3225,1.84838
1hii_ligand,3226,1.75417
1hii_ligand,3227,1.8018
1hii_ligand,3228,1.7399
1hii_ligand,3229,1.88516
1hii_ligand,3230,1.76195
1hii_ligand,3231,1.84419
1hii_ligand,3232,1.74868
1hii_ligand,3233,1.72237
1hii_ligand,3234,1.79611
1hii_ligand,3235,1.84455
1hii_ligand,3236,1.73088
1hii_ligand,3237,1.78705
1hii_ligand,3238,1.81211
1hii_ligand,3239,1.9263
1hii_ligand,3240,1.62057
1hii_ligand,3241,1.85616
1hii_ligand,3242,1.71954
1hii_ligand,3243,1.76582
1hii_ligand,3244,1.85562
1hii_ligand,3245,1.80761
1hii_ligand,3246,1.78358
1hii_ligand,3247,1.78528
1hii_ligand,3248,1.79617
1hii_ligand,3249,1.76352
1hii_ligand,3250,1.77619
1hii_ligand,3251,1.82713
1hii_ligand,3252,1.67889
1hii_ligand,3253,1.82008
1hii_ligand,3254,1.6922
1hii_ligand,3255,1.89045
1hii_ligand,3256,1.70564
1hii_ligand,3257,1.79175
1hii_ligand,3258,1.76746
1hii_ligand,3259,1.89214
1hii_ligand,3260,1.66575
1hii_ligand,3261,1.82081
1hii_ligand,3262,1.7532
1hii_ligand,3263,1.85785
1hii_ligand,3264,1.65473
1hii_ligand,3265,1.74439
1hii_ligand,3266,1.95885
1hii_ligand,3267,1.58626
1hii_ligand,3268,1.68307
1hii_ligand,3269,1.79511
1hii_ligand,3270,1.74733
1hii_ligand,3271,1.84617
1hii_ligand,3272,1.7679
1hii_ligand,3273,1.78843
1hii_ligand,3274,1.80403
1hii_ligand,3275,1.71302
1hii_ligand,3276,1.81882
1hii_ligand,3277,1.73135
1hii_ligand,3278,1.82506
1hii_ligand,3279,1.74367
1hii_ligand,3280,1.80149
1hii_ligand,3281,1.73113
1hii_ligand,3282,1.84198
1hii_ligand,3283,1.65817
1hii_ligand,3284,1.98978
1hii_ligand,3285,1.49688
1hii_ligand,3286,1.88972
1hii_ligand,3287,1.84224
1hii_ligand,3288,1.81569
1hii_ligand,3289,1.8485
1hii_ligand,3290,1.75529
1hii_ligand,3291,1.69616
1hii_ligand,3292,1.75166
1hii_ligand,3293,1.83589
1hii_ligand,3294,1.80013
1hii_ligand,3295,1.77774
1hii_ligand,3296,1.84305
1hii_ligand,3297,1.76778
1hii_ligand,3298,1.76674
1hii_ligand,3299,1.85332
1hii_ligand,3300,1.68142
1hii_ligand,3301,1.78032
1hii_ligand,3302,1.9076
1hii_ligand,3303,1.67873
1hii_ligand,3304,1.84733
1hii_ligand,3305,1.78648
1hii_ligand,3306,1.88335
1hii_ligand,3307,1.79237
1hii_ligand,3308,1.80141
1hii_ligand,3309,1.79452
1hii_ligand,3310,1.83317
1hii_ligand,3311,1.79723
1hii_ligand,3312,1.86414
1hii_ligand,3313,1.85853
1hii_ligand,3314,1.77314
1hii_ligand,3315,1.77297
1hii_ligand,3316,1.80944
1hii_ligand,3317,1.87441
1hii_ligand,3318,1.80519
1hii_ligand,3319,1.90631
1hii_ligand,3320,1.88736
1hii_ligand,3321,1.70185
1hii_ligand,3322,1.93689
1hii_ligand,3323,1.71782
1hii_ligand,3324,1.80004
1hii_ligand,3325,1.93497
1hii_ligand,3326,1.77769
1hii_ligand,3327,1.90102
1hii_ligand,3328,1.74596
1hii_ligand,3329,1.95561
1hii_ligand,3330,1.7384
1hii_ligand,3331,1.97956
1hii_ligand,3332,1.74492
1hii_ligand,3333,1.75334
1hii_ligand,3334,1.82324
1hii_ligand,3335,1.81679
1hii_ligand,3336,1.80905
1hii_ligand,3337,1.9626
1hii_ligand,3338,1.77322
1hii_ligand,3339,1.82133
1hii_ligand,3340,1.82565
1hii_ligand,3341,1.85451
1hii_ligand,3342,1.84333
1hii_ligand,3343,1.89736
1hii_ligand,3344,1.80596
1hii_ligand,3345,1.74602
1hii_ligand,3346,1.86753
1hii_ligand,3347,1.73487
1hii_ligand,3348,1.95749
1hii_ligand,3349,1.52684
1hii_ligand,3350,1.96835
1hii_ligand,3351,1.65059
1hii_ligand,3352,1.87569
1hii_ligand,3353,1.86519
1hii_ligand,3354,1.82821
1hii_ligand,3355,1.91873
1hii_ligand,3356,1.75053
1hii_ligand,3357,1.91362
1hii_ligand,3358,1.90995
1hii_ligand,3359,1.80906
1hii_ligand,3360,1.8557
1hii_ligand,3361,1.899
1hii_ligand,3362,1.79699
1hii_ligand,3363,1.71182
1hii_ligand,3364,1.8423
1hii_ligand,3365,1.91025
1hii_ligand,3366,1.89589
1hii_ligand,3367,1.75983
1hii_ligand,3368,1.82213
1hii_ligand,3369,1.84791
1hii_ligand,3370,1.91321
1hii_ligand,3371,1.80766
1hii_ligand,3372,1.95212
1hii_ligand,3373,1.86889
1hii_ligand,3374,1.85013
1hii_ligand,3375,1.95715
1hii_ligand,3376,1.77836
1hii_ligand,3377,1.92386
1hii_ligand,3378,1.90849
1hii_ligand,3379,1.71226
1hii_ligand,3380,1.93822
1hii_ligand,3381,1.5163
1hii_ligand,3382,2.00327
1hii_ligand,3383,1.59332
1hii_ligand,3384,2.03951
1hii_ligand,3385,1.60288
1hii_ligand,3386,2.11901
1hii_ligand,3387,1.47243
1hii_ligand,3388,1.91438
1hii_ligand,3389,1.88935
1hii_ligand,3390,1.73316
1hii_ligand,3391,1.93794
1hii_ligand,3392,1.56334
1hii_ligand,3393,1.80531
1hii_ligand,3394,2.05907
1hii_ligand,3395,1.84663
1hii_ligand,3396,1.71694
1hii_ligand,3397,1.79073
1hii_ligand,3398,2.01132
1hii_ligand,3399,1.84215
1hii_ligand,3400,1.83332
1hii_ligand,3401,1.82641
1hii_ligand,3402,1.92742
1hii_ligand,3403,1.80589
1hii_ligand,3404,1.93168
1hii_ligand,3405,1.87019
1hii_ligand,3406,1.95071
1hii_ligand,3407,1.8143
1hii_ligand,3408,1.97794
1hii_ligand,3409,1.7336
1hii_ligand,3410,1.97487
1hii_ligand,3411,1.82097
1hii_ligand,3412,1.95706
1hii_ligand,3413,1.74793
1hii_ligand,3414,1.9194
1hii_ligand,3415,1.88912
1hii_ligand,3416,1.75758
1hii_ligand,3417,1.8194
1hii_ligand,3418,1.94226
1hii_ligand,3419,1.74253
1hii_ligand,3420,1.92954
1hii_ligand,3421,1.93719
1hii_ligand,3422,1.71103
1hii_ligand,3423,1.98858
1hii_ligand,3424,1.60352
1hii_ligand,3425,1.95571
1hii_ligand,3426,1.57954
1hii_ligand,3427,1.8941
1hii_ligand,3428,1.78924
1hii_ligand,3429,1.78416
1hii_ligand,3430,1.95554
1hii_ligand,3431,1.92773
1hii_ligand,3432,1.77009
1hii_ligand,3433,1.78969
1hii_ligand,3434,1.91512
1hii_ligand,3435,1.78522
1hii_ligand,3436,2.00271
1hii_ligand,3437,1.82124
1hii_ligand,3438,1.8795
1hii_ligand,3439,1.75083
1hii_ligand,3440,1.95861
1hii_ligand,3441,1.75531
1hii_ligand,3442,2.07126
1hii_ligand,3443,1.76838
1hii_ligand,3444,2.09832
1hii_ligand,3445,1.76498
1hii_ligand,3446,1.98458
1hii_ligand,3447,1.83827
1hii_ligand,3448,1.84718
1hii_ligand,3449,1.93401
1hii_ligand,3450,1.73276
1hii_ligand,3451,1.91848
1hii_ligand,3452,1.73512
1hii_ligand,3453,1.85824
1hii_ligand,3454,1.91514
1hii_ligand,3455,1.94691
1hii_ligand,3456,1.7185
1hii_ligand,3457,1.99143
1hii_ligand,3458,1.57522
1hii_ligand,3459,1.95166
1hii_ligand,3460,1.64785
1hii_ligand,3461,1.92072
1hii_ligand,3462,1.74736
1hii_ligand,3463,1.92342
1hii_ligand,3464,1.75527
1hii_ligand,3465,1.91594
1hii_ligand,3466,1.66911
1hii_ligand,3467,1.92402
1hii_ligand,3468,1.7691
1hii_ligand,3469,1.87068
1hii_ligand,3470,1.86197
1hii_ligand,3471,1.85036
1hii_ligand,3472,1.81957
1hii_ligand,3473,1.85154
1hii_ligand,3474,1.80728
1hii_ligand,3475,1.82351
1hii_ligand,3476,1.98817
1hii_ligand,3477,1.82789
1hii_ligand,3478,1.77929
1hii_ligand,3479,1.91052
1hii_ligand,3480,1.85401
1hii_ligand,3481,1.90626
1hii_ligand,3482,1.96323
1hii_ligand,3483,1.80779
1hii_ligand,3484,2.07797
1hii_ligand,3485,1.75394
1hii_ligand,3486,2.0187
1hii_ligand,3487,1.85024
1hii_ligand,3488,1.79866
1hii_ligand,3489,1.81849
1hii_ligand,3490,1.96174
1hii_ligand,3491,1.83772
1hii_ligand,3492,1.84348
1hii_ligand,3493,1.79879
1hii_ligand,3494,2.03819
1hii_ligand,3495,1.63154
1hii_ligand,3496,2.08671
1hii_ligand,3497,1.55262
1hii_ligand,3498,2.14646
1hii_ligand,3499,1.37198
1hii_ligand,3500,2.06618
1hii_ligand,3501,1.43689
1hii_ligand,3502,2.11091
1hii_ligand,3503,1.4212
1hii_ligand,3504,1.87213
1hii_ligand,3505,1.72746
1hii_ligand,3506,2.11301
1hii_ligand,3507,1.69079
1hii_ligand,3508,2.10507
1hii_ligand,3509,1.7569
1hii_ligand,3510,1.94426
1hii_ligand,3511,1.85918
1hii_ligand,3512,1.80493
1hii_ligand,3513,1.87601
1hii_ligand,3514,1.82739
1hii_ligand,3515,1.80711
1hii_ligand,3516,1.93053
1hii_ligand,3517,1.80663
1hii_ligand,3518,1.909
1hii_ligand,3519,1.81559
1hii_ligand,3520,1.90365
1hii_ligand,3521,1.8841
1hii_ligand,3522,1.78356
1hii_ligand,3523,1.84143
1hii_ligand,3524,1.90763
1hii_ligand,3525,1.78098
1hii_ligand,3526,1.7683
1hii_ligand,3527,1.89313
1hii_ligand,3528,1.81541
1hii_ligand,3529,1.91119
1hii_ligand,3530,1.83708
1hii_ligand,3531,1.75556
1hii_ligand,3532,2.04787
1hii_ligand,3533,1.77021
1hii_ligand,3534,1.85595
1hii_ligand,3535,1.84957
1hii_ligand,3536,1.88367
1hii_ligand,3537,1.73291
1hii_ligand,3538,2.00212
1hii_ligand,3539,1.69039
1hii_ligand,3540,2.0817
1hii_ligand,3541,1.47753
1hii_ligand,3542,2.07484
1hii_ligand,3543,1.48887
1hii_ligand,3544,2.11032
1hii_ligand,3545,1.47707
1hii_ligand,3546,2.09453
1hii_ligand,3547,1.4775
1hii_ligand,3548,2.10491
1hii_ligand,3549,1.47376
1hii_ligand,3550,2.01698
1hii_ligand,3551,1.77084
1hii_ligand,3552,2.02386
1hii_ligand,3553,1.74486
1hii_ligand,3554,1.94018
1hii_ligand,3555,1.83641
1hii_ligand,3556,1.79533
1hii_ligand,3557,1.83132
1hii_ligand,3558,1.78917
1hii_ligand,3559,1.90234
1hii_ligand,3560,1.81542
1hii_ligand,3561,1.85618
1hii_ligand,3562,1.83307
1hii_ligand,3563,1.84932
1hii_ligand,3564,1.85491
1hii_ligand,3565,1.83906
1hii_ligand,3566,1.76216
1hii_ligand,3567,1.88209
1hii_ligand,3568,1.83412
1hii_ligand,3569,1.85496
1hii_ligand,3570,1.82216
1hii_ligand,3571,1.84087
1hii_ligand,3572,1.95639
1hii_ligand,3573,1.76721
1hii_ligand,3574,1.92914
1hii_ligand,3575,1.9316
1hii_ligand,3576,1.71733
1hii_ligand,3577,1.89869
1hii_ligand,3578,1.8056
1hii_ligand,3579,1.87586
1hii_ligand,3580,1.8609
1hii_ligand,3581,1.81995
1hii_ligand,3582,1.90158
1hii_ligand,3583,1.85148
1hii_ligand,3584,1.98478
1hii_ligand,3585,1.85948
1hii_ligand,3586,1.89773
1hii_ligand,3587,1.88406
1hii_ligand,3588,1.7632
1hii_ligand,3589,1.93566
1hii_ligand,3590,1.60835
1hii_ligand,3591,1.95243
1hii_ligand,3592,1.78232
1hii_ligand,3593,1.83187
1hii_ligand,3594,1.89764
1hii_ligand,3595,1.7499
1hii_ligand,3596,1.93106
1hii_ligand,3597,1.85997
1hii_ligand,3598,1.76447
1hii_ligand,3599,1.89219
1hii_ligand,3600,1.83524
1hii_ligand,3601,1.87524
1hii_ligand,3602,1.83042
1hii_ligand,3603,1.87338
1hii_ligand,3604,1.83952
1hii_ligand,3605,1.85113
1hii_ligand,3606,1.78966
1hii_ligand,3607,1.90222
1hii_ligand,3608,1.85673
1hii_ligand,3609,1.86647
1hii_ligand,3610,1.87994
1hii_ligand,3611,1.87242
1hii_ligand,3612,1.84664
1hii_ligand,3613,1.88157
1hii_ligand,3614,1.91559
1hii_ligand,3615,1.74553
1hii_ligand,3616,1.95405
1hii_ligand,3617,1.88717
1hii_ligand,3618,1.72008
1hii_ligand,3619,1.89763
1hii_ligand,3620,1.8872
1hii_ligand,3621,1.7792
1hii_ligand,3622,1.93928
1hii_ligand,3623,1.81928
1hii_ligand,3624,1.76138
1hii_ligand,3625,1.90893
1hii_ligand,3626,1.85545
1hii_ligand,3627,1.84483
1hii_ligand,3628,1.84331
1hii_ligand,3629,1.89427
1hii_ligand,3630,1.78206
1hii_ligand,3631,1.87661
1hii_ligand,3632,1.88863
1hii_ligand,3633,1.87572
1hii_ligand,3634,1.77157
1hii_ligand,3635,2.01152
1hii_ligand,3636,1.61913
1hii_ligand,3637,1.93312
1hii_ligand,3638,1.70775
1hii_ligand,3639,1.87266
1hii_ligand,3640,1.8834
1hii_ligand,3641,1.73436
1hii_ligand,3642,2.11305
1hii_ligand,3643,1.4915
1hii_ligand,3644,2.11264
1hii_ligand,3645,1.49868
1hii_ligand,3646,2.00231
1hii_ligand,3647,1.73895
1hii_ligand,3648,1.88154
1hii_ligand,3649,1.82813
1hii_ligand,3650,1.81165
1hii_ligand,3651,1.99477
1hii_ligand,3652,1.49798
1hii_ligand,3653,1.95377
1hii_ligand,3654,1.76097
1hii_ligand,3655,1.88413
1hii_ligand,3656,1.79749
1hii_ligand,3657,1.85444
1hii_ligand,3658,1.82724
1hii_ligand,3659,1.78526
1hii_ligand,3660,2.00025
1hii_ligand,3661,1.86456
1hii_ligand,3662,1.77638
1hii_ligand,3663,1.92072
1hii_ligand,3664,1.75385
1hii_ligand,3665,1.9089
1hii_ligand,3666,1.82544
1hii_ligand,3667,1.87117
1hii_ligand,3668,1.73371
1hii_ligand,3669,1.90584
1hii_ligand,3670,1.63847
1hii_ligand,3671,1.7696
1hii_ligand,3672,1.886
1hii_ligand,3673,1.78073
1hii_ligand,3674,1.9563
1hii_ligand,3675,1.76237
1hii_ligand,3676,1.92495
1hii_ligand,3677,1.89788
1hii_ligand,3678,1.78336
1hii_ligand,3679,1.8509
1hii_ligand,3680,1.81597
1hii_ligand,3681,1.8536
1hii_ligand,3682,1.79805
1hii_ligand,3683,1.85073
1hii_ligand,3684,1.85626
1hii_ligand,3685,1.78607
1hii_ligand,3686,1.98314
1hii_ligand,3687,1.81819
1hii_ligand,3688,1.93085
1hii_ligand,3689,1.79759
1hii_ligand,3690,1.77244
1hii_ligand,3691,1.88341
1hii_ligand,3692,1.89687
1hii_ligand,3693,1.75075
1hii_ligand,3694,1.83112
1hii_ligand,3695,1.83602
1hii_ligand,3696,1.8229
1hii_ligand,3697,1.86077
1hii_ligand,3698,1.86909
1hii_ligand,3699,1.89041
1hii_ligand,3700,1.83965
1hii_ligand,3701,1.79099
1hii_ligand,3702,1.85134
1hii_ligand,3703,1.89196
1hii_ligand,3704,1.81212
1hii_ligand,3705,1.88192
1hii_ligand,3706,1.84296
1hii_ligand,3707,1.89566
1hii_ligand,3708,1.82897
1hii_ligand,3709,1.89152
1hii_ligand,3710,1.81232
1hii_ligand,3711,1.86911
1hii_ligand,3712,1.92135
1hii_ligand,3713,1.83586
1hii_ligand,3714,1.84256
1hii_ligand,3715,1.80399
1hii_ligand,3716,2.03932
1hii_ligand,3717,1.59077
1hii_ligand,3718,2.0722
1hii_ligand,3719,1.5601
1hii_ligand,3720,2.06831
1hii_ligand,3721,1.44179
1hii_ligand,3722,2.07895
1hii_ligand,3723,1.49411
1hii_ligand,3724,1.97399
1hii_ligand,3725,1.71546
1hii_ligand,3726,1.89447
1hii_ligand,3727,1.91431
1hii_ligand,3728,1.66637
1hii_ligand,3729,1.92087
1hii_ligand,3730,1.58763
1hii_ligand,3731,1.98458
1hii_ligand,3732,1.53671
1hii_ligand,3733,2.01049
1hii_ligand,3734,1.54351
1hii_ligand,3735,2.03297
1hii_ligand,3736,1.50129
1hii_ligand,3737,1.99987
1hii_ligand,3738,1.87205
1hii_ligand,3739,1.78948
1hii_ligand,3740,2.04929
1hii_ligand,3741,1.64624
1hii_ligand,3742,2.08922
1hii_ligand,3743,1.56755
1hii_ligand,3744,2.09623
1hii_ligand,3745,1.55778
1hii_ligand,3746,2.23402
1hii_ligand,3747,1.63109
1hii_ligand,3748,2.21766
1hii_ligand,3749,1.56666
1hii_ligand,3750,2.16118
1hii_ligand,3751,1.57028
1hii_ligand,3752,2.05191
1hii_ligand,3753,1.49478
1hii_ligand,3754,2.09146
1hii_ligand,3755,1.48511
1hii_ligand,3756,2.09001
1hii_ligand,3757,1.47091
1hii_ligand,3758,1.96816
1hii_ligand,3759,1.73669
1hii_ligand,3760,1.87006
1hii_ligand,3761,1.80236
1hii_ligand,3762,1.97053
1hii_ligand,3763,1.65506
1hii_ligand,3764,1.72923
1hii_ligand,3765,1.81246
1hii_ligand,3766,1.84241
1hii_ligand,3767,1.91358
1hii_ligand,3768,1.71405
1hii_ligand,3769,1.95519
1hii_ligand,3770,1.56749
1hii_ligand,3771,1.95468
1hii_ligand,3772,1.55743
1hii_ligand,3773,1.94286
1hii_ligand,3774,1.57415
1hii_ligand,3775,1.90528
1hii_ligand,3776,1.73485
1hii_ligand,3777,1.77545
1hii_ligand,3778,1.96817
1hii_ligand,3779,1.80764
1hii_ligand,3780,1.91087
1hii_ligand,3781,1.88011
1hii_ligand,3782,1.77537
1hii_ligand,3783,1.79287
1hii_ligand,3784,1.85625
1hii_ligand,3785,1.78774
1hii_ligand,3786,1.93257
1hii_ligand,3787,1.83339
1hii_ligand,3788,1.83008
1hii_ligand,3789,1.82336
1hii_ligand,3790,1.73302
1hii_ligand,3791,1.92507
1hii_ligand,3792,1.72984
1hii_ligand,3793,1.99439
1hii_ligand,3794,1.47845
1hii_ligand,3795,2.06502
1hii_ligand,3796,1.49163
1hii_ligand,3797,1.95629
1hii_ligand,3798,1.68662
1hii_ligand,3799,2.04411
1hii_ligand,3800,1.77048
1hii_ligand,3801,1.91044
1hii_ligand,3802,1.86986
1hii_ligand,3803,1.87633
1hii_ligand,3804,1.84561
1hii_ligand,3805,1.81106
1hii_ligand,3806,1.81556
1hii_ligand,3807,1.77633
1hii_ligand,3808,1.85923
1hii_ligand,3809,1.83912
1hii_ligand,3810,1.76463
1hii_ligand,3811,1.87867
1hii_ligand,3812,1.85491
1hii_ligand,3813,1.83353
1hii_ligand,3814,1.87211
1hii_ligand,3815,1.74944
1hii_ligand,3816,1.7805
1hii_ligand,3817,1.85636
1hii_ligand,3818,1.89748
1hii_ligand,3819,1.7738
1hii_ligand,3820,1.83162
1hii_ligand,3821,1.98435
1hii_ligand,3822,1.7931
1hii_ligand,3823,1.65696
1hii_ligand,3824,1.94105
1hii_ligand,3825,1.51778
1hii_ligand,3826,1.93984
1hii_ligand,3827,1.57097
1hii_ligand,3828,1.91425
1hii_ligand,3829,1.62633
1hii_ligand,3830,1.92174
1hii_ligand,3831,1.78968
1hii_ligand,3832,1.82592
1hii_ligand,3833,1.77619
1hii_ligand,3834,1.85612
1hii_ligand,3835,1.78248
1hii_ligand,3836,1.88715
1hii_ligand,3837,1.75796
1hii_ligand,3838,1.89777
1hii_ligand,3839,1.84863
1hii_ligand,3840,1.84471
1hii_ligand,3841,1.79756
1hii_ligand,3842,1.8527
1hii_ligand,3843,1.80887
1hii_ligand,3844,1.85847
1hii_ligand,3845,1.81978
1hii_ligand,3846,1.87183
1hii_ligand,3847,1.87575
1hii_ligand,3848,1.86837
1hii_ligand,3849,2.00788
1hii_ligand,3850,1.89156
1hii_ligand,3851,2.21207
1hii_ligand,3852,1.34609
1hii_ligand,3853,1.98892
1hii_ligand,3854,1.73019
1hii_ligand,3855,1.91066
1hii_ligand,3856,1.86701
1hii_ligand,3857,1.86485
1hii_ligand,3858,1.80123
1hii_ligand,3859,1.82177
1hii_ligand,3860,1.98414
1hii_ligand,3861,1.52517
1hii_ligand,3862,2.06084
1hii_ligand,3863,1.48125
1hii_ligand,3864,2.11772
1hii_ligand,3865,1.47269
1hii_ligand,3866,2.05453
1hii_ligand,3867,1.57187
1hii_ligand,3868,2.02159
1hii_ligand,3869,1.64141
1hii_ligand,3870,2.07197
1hii_ligand,3871,1.43256
1hii_ligand,3872,2.05681
1hii_ligand,3873,1.43158
1hii_ligand,3874,2.03255
1hii_ligand,3875,1.5373
1hii_ligand,3876,1.98002
1hii_ligand,3877,1.64051
1hii_ligand,3878,1.99988
1hii_ligand,3879,1.51519
1hii_ligand,3880,2.03715
1hii_ligand,3881,1.43187
1hii_ligand,3882,2.03859
1hii_ligand,3883,1.55915
1hii_ligand,3884,2.02697
1hii_ligand,3885,1.42325
1hii_ligand,3886,1.94225
1hii_ligand,3887,1.79954
1hii_ligand,3888,1.87675
1hii_ligand,3889,1.76095
1hii_ligand,3890,2.07981
1hii_ligand,3891,1.41686
1hii_ligand,3892,2.00057
1hii_ligand,3893,1.64496
1hii_ligand,3894,1.83944
1hii_ligand,3895,1.65817
1hii_ligand,3896,1.93185
1hii_ligand,3897,1.52654
1hii_ligand,3898,2.03299
1hii_ligand,3899,1.57296
1hii_ligand,3900,2.06896
1hii_ligand,3901,1.62932
1hii_ligand,3902,2.11912
1hii_ligand,3903,1.50316
1hii_ligand,3904,2.10944
1hii_ligand,3905,1.62224
1hii_ligand,3906,2.28608
1hii_ligand,3907,1.52494
1hii_ligand,3908,2.05483
1hii_ligand,3909,1.50995
1hii_ligand,3910,2.04978
1hii_ligand,3911,1.47592
1hii_ligand,3912,2.05069
1hii_ligand,3913,1.4564
1hii_ligand,3914,2.03655
1hii_ligand,3915,1.45146
1hii_ligand,3916,2.04227
1hii_ligand,3917,1.4426
1hii_ligand,3918,2.04245
1hii_ligand,3919,1.45203
1hii_ligand,3920,2.06836
1hii_ligand,3921,1.40227
1hii_ligand,3922,2.06159
1hii_ligand,3923,1.45016
1hii_ligand,3924,2.05648
1hii_ligand,3925,1.43195
1hii_ligand,3926,2.05975
1hii_ligand,3927,1.4182
1hii_ligand,3928,2.04549
1hii_ligand,3929,1.44263
1hii_ligand,3930,2.06482
1hii_ligand,3931,1.40405
1hii_ligand,3932,1.89947
1hii_ligand,3933,1.7387
1hii_ligand,3934,2.1168
1hii_ligand,3935,1.78607
1hii_ligand,3936,2.12946
1hii_ligand,3937,1.52813
1hii_ligand,3938,1.9687
1hii_ligand,3939,1.47329
1hii_ligand,3940,1.89867
1hii_ligand,3941,1.66594
1hii_ligand,3942,1.88145
1hii_ligand,3943,1.82477
1hii_ligand,3944,1.88086
1hii_ligand,3945,1.84312
1hii_ligand,3946,1.76435
1hii_ligand,3947,1.76791
1hii_ligand,3948,1.77252
1hii_ligand,3949,1.77163
1hii_ligand,3950,1.86173
1hii_ligand,3951,1.78927
1hii_ligand,3952,1.86352
1hii_ligand,3953,1.80045
1hii_ligand,3954,1.78154
1hii_ligand,3955,1.74214
1hii_ligand,3956,1.73769
1hii_ligand,3957,1.82224
1hii_ligand,3958,1.82273
1hii_ligand,3959,1.74108
1hii_ligand,3960,1.87173
1hii_ligand,3961,1.79841
1hii_ligand,3962,1.74667
1hii_ligand,3963,1.74737
1hii_ligand,3964,1.76746
1hii_ligand,3965,1.66693
1hii_ligand,3966,1.94321
1hii_ligand,3967,1.76045
1hii_ligand,3968,1.70367
1hii_ligand,3969,1.75186
1hii_ligand,3970,1.79391
1hii_ligand,3971,1.68571
1hii_ligand,3972,1.91748
1hii_ligand,3973,1.80004
1hii_ligand,3974,1.71221
1hii_ligand,3975,1.8186
1hii_ligand,3976,1.58018
1hii_ligand,3977,2.11277
1hii_ligand,3978,1.49946
1hii_ligand,3979,1.95934
1hii_ligand,3980,1.59819
1hii_ligand,3981,1.90774
1hii_ligand,3982,1.66742
1hii_ligand,3983,1.96611
1hii_ligand,3984,1.39543
1hii_ligand,3985,1.97128
1hii_ligand,3986,1.46014
1hii_ligand,3987,1.87449
1hii_ligand,3988,1.75405
1hii_ligand,3989,1.8548
1hii_ligand,3990,1.72957
1hii_ligand,3991,1.93817
1hii_ligand,3992,1.45357
1hii_ligand,3993,1.92788
1hii_ligand,3994,1.53942
1hii_ligand,3995,1.94385
1hii_ligand,3996,1.53866
1hii_ligand,3997,1.78308
1hii_ligand,3998,1.8945
1hii_ligand,3999,1.74558
1hii_ligand,4000,1.84619
1hii_ligand,4001,1.77152
1hii_ligand,4002,1.71143
1hii_ligand,4003,1.8701
1hii_ligand,4004,1.78919
1hii_ligand,4005,1.72949
1hii_ligand,4006,1.76792
1hii_ligand,4007,1.79755
1hii_ligand,4008,1.76536
1hii_ligand,4009,1.78429
1hii_ligand,4010,1.78241
1hii_ligand,4011,1.73969
1hii_ligand,4012,1.90607
1hii_ligand,4013,1.75001
1hii_ligand,4014,1.73624
1hii_ligand,4015,1.75466
1hii_ligand,4016,1.76191
1hii_ligand,4017,1.7723
1hii_ligand,4018,1.74401
1hii_ligand,4019,1.64378
1hii_ligand,4020,2.02616
1hii_ligand,4021,1.45877
1hii_ligand,4022,2.02337
1hii_ligand,4023,1.41544
1hii_ligand,4024,2.04575
1hii_ligand,4025,1.66656
1hii_ligand,4026,1.99255
1hii_ligand,4027,1.81053
1hii_ligand,4028,2.0877
1hii_ligand,4029,1.67959
1hii_ligand,4030,1.94883
1hii_ligand,4031,1.77723
1hii_ligand,4032,1.9062
1hii_ligand,4033,1.69632
1hii_ligand,4034,1.75088
1hii_ligand,4035,1.73411
1hii_ligand,4036,1.49723
1hii_ligand,4037,1.98058
1hii_ligand,4038,1.49747
1hii_ligand,4039,1.96403
1hii_ligand,4040,1.59416
1hii_ligand,4041,1.93672
1hii_ligand,4042,1.55776
1hii_ligand,4043,1.96523
1hii_ligand,4044,1.36726
1hii_ligand,4045,1.83283
1hii_ligand,4046,1.68271
1hii_ligand,4047,1.89379
1hii_ligand,4048,1.60627
1hii_ligand,4049,1.96074
1hii_ligand,4050,1.50862
1hii_ligand,4051,2.03344
1hii_ligand,4052,1.43846
1hii_ligand,4053,1.92395
1hii_ligand,4054,1.71894
1hii_ligand,4055,1.61796
1hii_ligand,4056,1.74313
1hii_ligand,4057,1.53036
1hii_ligand,4058,1.99133
1hii_ligand,4059,1.42132
1hii_ligand,4060,2.0509
1hii_ligand,4061,1.42193
1hii_ligand,4062,2.0018
1hii_ligand,4063,1.56982
1hii_ligand,4064,1.95148
1hii_ligand,4065,1.5289
1hii_ligand,4066,2.00294
1hii_ligand,4067,1.49165
1hii_ligand,4068,2.07904
1hii_ligand,4069,1.43004
1hii_ligand,4070,2.0496
1hii_ligand,4071,1.46951
1hii_ligand,4072,2.02556
1hii_ligand,4073,1.47512
1hii_ligand,4074,1.97287
1hii_ligand,4075,1.42428
1hii_ligand,4076,2.01496
1hii_ligand,4077,1.41223
1hii_ligand,4078,1.96876
1hii_ligand,4079,1.53075
1hii_ligand,4080,1.9202
1hii_ligand,4081,1.76398
1hii_ligand,4082,1.81341
1hii_ligand,4083,1.64823
1hii_ligand,4084,1.82676
1hii_ligand,4085,1.35829
1hii_ligand,4086,1.95966
1hii_ligand,4087,1.72876
1hii_ligand,4088,1.80127
1hii_ligand,4089,1.63935
1hii_ligand,4090,1.81447
1hii_ligand,4091,1.55862
1hii_ligand,4092,2.06037
1hii_ligand,4093,1.65652
1hii_ligand,4094,1.91475
1hii_ligand,4095,1.7651
1hii_ligand,4096,1.85435
1hii_ligand,4097,1.83225
1hii_ligand,4098,1.73905
1hii_ligand,4099,1.75195
1hii_ligand,4100,1.81043
1hii_ligand,4101,1.87123
1hii_ligand,4102,1.72429
1hii_ligand,4103,1.94416
1hii_ligand,4104,1.44863
1hii_ligand,4105,1.86107
1hii_ligand,4106,1.75523
1hii_ligand,4107,1.96443
1hii_ligand,4108,1.51197
1hii_ligand,4109,1.90234
1hii_ligand,4110,1.70691
1hii_ligand,4111,1.90636
1hii_ligand,4112,1.72473
1hii_ligand,4113,1.74571
1hii_ligand,4114,1.84481
1hii_ligand,4115,1.7737
1hii_ligand,4116,1.9687
1hii_ligand,4117,1.50131
1hii_ligand,4118,2.06549
1hii_ligand,4119,1.49922
1hii_ligand,4120,2.12092
1hii_ligand,4121,1.50183
1hii_ligand,4122,1.92826
1hii_ligand,4123,1.62229
1hii_ligand,4124,2.03058
1hii_ligand,4125,1.43341
1hii_ligand,4126,1.89259
1hii_ligand,4127,1.74471
1hii_ligand,4128,1.84898
1hii_ligand,4129,1.75582
1hii_ligand,4130,1.84095
1hii_ligand,4131,1.77056
1hii_ligand,4132,1.77654
1hii_ligand,4133,1.70133
1hii_ligand,4134,1.84426
1hii_ligand,4135,1.81783
1hii_ligand,4136,1.51931
1hii_ligand,4137,1.9648
1hii_ligand,4138,1.55149
1hii_ligand,4139,1.89098
1hii_ligand,4140,1.81833
1hii_ligand,4141,1.72695
1hii_ligand,4142,1.49974
1hii_ligand,4143,1.92971
1hii_ligand,4144,1.75475
1hii_ligand,4145,1.78368
1hii_ligand,4146,1.92218
1hii_ligand,4147,1.57015
1hii_ligand,4148,1.8474
1hii_ligand,4149,1.6562
1hii_ligand,4150,1.8786
1hii_ligand,4151,1.49362
1hii_ligand,4152,1.90437
1hii_ligand,4153,1.44151
1hii_ligand,4154,1.90457
1hii_ligand,4155,1.49141
1hii_ligand,4156,1.71834
1hii_ligand,4157,1.93782
1hii_ligand,4158,1.72813
1hii_ligand,4159,1.80217
1hii_ligand,4160,1.78745
1hii_ligand,4161,1.73833
1hii_ligand,4162,1.78057
1hii_ligand,4163,1.70786
1hii_ligand,4164,1.74159
1hii_ligand,4165,1.68627
1hii_ligand,4166,1.77467
1hii_ligand,4167,1.88219
1hii_ligand,4168,1.71307
1hii_ligand,4169,1.66014
1hii_ligand,4170,1.96374
1hii_ligand,4171,1.3179
1hii_ligand,4172,1.76624
1hii_ligand,4173,1.63784
1hii_ligand,4174,1.86934
1hii_ligand,4175,1.52087
1hii_ligand,4176,1.98755
1hii_ligand,4177,1.46796
1hii_ligand,4178,1.9824
1hii_ligand,4179,1.47402
1hii_ligand,4180,1.96127
1hii_ligand,4181,1.43573
1hii_ligand,4182,1.88967
1hii_ligand,4183,1.37181
1hii_ligand,4184,1.84878
1hii_ligand,4185,1.55964
1hii_ligand,4186,1.82976
1hii_ligand,4187,1.59971
1hii_ligand,4188,1.76304
1hii_ligand,4189,1.65802
1hii_ligand,4190,1.85105
1hii_ligand,4191,1.43258
1hii_ligand,4192,1.85434
1hii_ligand,4193,1.48409
1hii_ligand,4194,1.81234
1hii_ligand,4195,1.69558
1hii_ligand,4196,1.75313
1hii_ligand,4197,1.72008
1hii_ligand,4198,1.74068
1hii_ligand,4199,1.71967
1hii_ligand,4200,1.59988
1hii_ligand,4201,1.97003
1hii_ligand,4202,1.40605
1hii_ligand,4203,1.99966
1hii_ligand,4204,1.37929
1hii_ligand,4205,1.90928
1hii_ligand,4206,1.71434
1hii_ligand,4207,1.6699
1hii_ligand,4208,1.52942
1hii_ligand,4209,2.00816
1hii_ligand,4210,1.40841
1hii_ligand,4211,2.00712
1hii_ligand,4212,1.41418
1hii_ligand,4213,1.93531
1hii_ligand,4214,1.57013
1hii_ligand,4215,1.91866
1hii_ligand,4216,1.45792
1hii_ligand,4217,1.96675
1hii_ligand,4218,1.449
1hii_ligand,4219,1.98184
1hii_ligand,4220,1.39569
1hii_ligand,4221,1.88285
1hii_ligand,4222,1.73457
1hii_ligand,4223,1.81201
1hii_ligand,4224,1.67673
1hii_ligand,4225,1.7226
1hii_ligand,4226,1.74594
1hii_ligand,4227,1.41538
1hii_ligand,4228,1.94689
1hii_ligand,4229,1.54269
1hii_ligand,4230,1.92335
1hii_ligand,4231,1.51547
1hii_ligand,4232,2.03656
1hii_ligand,4233,1.41217
1hii_ligand,4234,1.9727
1hii_ligand,4235,1.47936
1hii_ligand,4236,1.97999
1hii_ligand,4237,1.40703
1hii_ligand,4238,1.99042
1hii_ligand,4239,1.49176
1hii_ligand,4240,1.93257
1hii_ligand,4241,1.75123
1hii_ligand,4242,1.70794
1hii_ligand,4243,1.75271
1hii_ligand,4244,1.71479
1hii_ligand,4245,1.7755
1hii_ligand,4246,1.78954
1hii_ligand,4247,1.7121
1hii_ligand,4248,1.78584
1hii_ligand,4249,1.59554
1hii_ligand,4250,1.55621
1hii_ligand,4251,2.01463
1hii_ligand,4252,1.43273
1hii_ligand,4253,2.02162
1hii_ligand,4254,1.40253
1hii_ligand,4255,1.97726
1hii_ligand,4256,1.40349
1hii_ligand,4257,1.96998
1hii_ligand,4258,1.53127
1hii_ligand,4259,1.89538
1hii_ligand,4260,1.57053
1hii_ligand,4261,1.93025
1hii_ligand,4262,1.59244
1hii_ligand,4263,1.90879
1hii_ligand,4264,1.40857
1hii_ligand,4265,1.88848
1hii_ligand,4266,1.3838
1hii_ligand,4267,1.90062
1hii_ligand,4268,1.46146
1hii_ligand,4269,1.90455
1hii_ligand,4270,1.40822
1hii_ligand,4271,1.84917
1hii_ligand,4272,1.6995
1hii_ligand,4273,1.76187
1hii_ligand,4274,1.66957
1hii_ligand,4275,1.88122
1hii_ligand,4276,1.72274
1hii_ligand,4277,1.75618
1hii_ligand,4278,1.49816
1hii_ligand,4279,2.01004
1hii_ligand,4280,1.36151
1hii_ligand,4281,1.97534
1hii_ligand,4282,1.63332
1hii_ligand,4283,1.58548
1hii_ligand,4284,1.83426
1hii_ligand,4285,1.79459
1hii_ligand,4286,1.76441
1hii_ligand,4287,1.75602
1hii_ligand,4288,1.82539
1hii_ligand,4289,1.76265
1hii_ligand,4290,1.83694
1hii_ligand,4291,1.72343
1hii_ligand,4292,1.66768
1hii_ligand,4293,1.73618
1hii_ligand,4294,1.64218
1hii_ligand,4295,1.89996
1hii_ligand,4296,1.55081
1hii_ligand,4297,1.8638
1hii_ligand,4298,1.47359
1hii_ligand,4299,1.8944
1hii_ligand,4300,1.42754
1hii_ligand,4301,1.83785
1hii_ligand,4302,1.67686
1hii_ligand,4303,1.63935
1hii_ligand,4304,1.81845
1hii_ligand,4305,1.60474
1hii_ligand,4306,2.00614
1hii_ligand,4307,1.46021
1hii_ligand,4308,1.94076
1hii_ligand,4309,1.44538
1hii_ligand,4310,2.03786
1hii_ligand,4311,1.40236
1hii_ligand,4312,2.00859
1hii_ligand,4313,1.37417
1hii_ligand,4314,2.01855
1hii_ligand,4315,1.46607
1hii_ligand,4316,2.00367
1hii_ligand,4317,1.45378
1hii_ligand,4318,1.9578
1hii_ligand,4319,1.37441
1hii_ligand,4320,2.01938
1hii_ligand,4321,1.44505
1hii_ligand,4322,1.97804
1hii_ligand,4323,1.42763
1hii_ligand,4324,2.02361
1hii_ligand,4325,1.36684
1hii_ligand,4326,2.06261
1hii_ligand,4327,1.67175
1hii_ligand,4328,1.77639
1hii_ligand,4329,1.52694
1hii_ligand,4330,1.78948
1hii_ligand,4331,1.76657
1hii_ligand,4332,1.70214
1hii_ligand,4333,1.85618
1hii_ligand,4334,1.7892
1hii_ligand,4335,1.72784
1hii_ligand,4336,1.66665
1hii_ligand,4337,1.85803
1hii_ligand,4338,1.60393
1hii_ligand,4339,1.56687
1hii_ligand,4340,1.85575
1hii_ligand,4341,1.56881
1hii_ligand,4342,1.87461
1hii_ligand,4343,1.47847
1hii_ligand,4344,1.88631
1hii_ligand,4345,1.49331
1hii_ligand,4346,1.89008
1hii_ligand,4347,1.48511
1hii_ligand,4348,1.88355
1hii_ligand,4349,1.53582
1hii_ligand,4350,1.978
1hii_ligand,4351,1.35866
1hii_ligand,4352,1.90587
1hii_ligand,4353,1.51941
1hii_ligand,4354,2.02458
1hii_ligand,4355,1.52869
1hii_ligand,4356,1.93492
1hii_ligand,4357,1.72833
1hii_ligand,4358,1.71963
1hii_ligand,4359,1.74468
1hii_ligand,4360,1.70181
1hii_ligand,4361,1.71947
1hii_ligand,4362,1.91663
1hii_ligand,4363,1.61691
1hii_ligand,4364,2.00595
1hii_ligand,4365,1.41923
1hii_ligand,4366,2.01871
1hii_ligand,4367,1.43661
1hii_ligand,4368,1.99968
1hii_ligand,4369,1.4639
1hii_ligand,4370,1.99615
1hii_ligand,4371,1.48221
1hii_ligand,4372,1.98214
1hii_ligand,4373,1.38333
1hii_ligand,4374,2.01402
1hii_ligand,4375,1.42408
1hii_ligand,4376,2.01153
1hii_ligand,4377,1.41127
1hii_ligand,4378,1.97928
1hii_ligand,4379,1.64311
1hii_ligand,4380,1.93011
1hii_ligand,4381,1.7518
1hii_ligand,4382,1.6839
1hii_ligand,4383,1.70651
1hii_ligand,4384,1.80964
1hii_ligand,4385,1.67983
1hii_ligand,4386,1.88388
1hii_ligand,4387,1.63804
1hii_ligand,4388,1.88716
1hii_ligand,4389,1.824
1hii_ligand,4390,1.80376
1hii_ligand,4391,1.75494
1hii_ligand,4392,1.78214
1hii_ligand,4393,1.73055
1hii_ligand,4394,1.7773
1hii_ligand,4395,1.75041
1hii_ligand,4396,1.76349
1hii_ligand,4397,1.72451
1hii_ligand,4398,1.76939
1hii_ligand,4399,1.65375
1hii_ligand,4400,1.73561
1hii_ligand,4401,1.73674
1hii_ligand,4402,1.65922
1hii_ligand,4403,1.71677
1hii_ligand,4404,1.64386
1hii_ligand,4405,1.70454
1hii_ligand,4406,1.67446
1hii_ligand,4407,1.7223
1hii_ligand,4408,1.63644
1hii_ligand,4409,1.79084
1hii_ligand,4410,1.62004
1hii_ligand,4411,1.69183
1hii_ligand,4412,1.55694
1hii_ligand,4413,2.05623
1hii_ligand,4414,1.37065
1hii_ligand,4415,1.93682
1hii_ligand,4416,1.4278
1hii_ligand,4417,1.91385
1hii_ligand,4418,1.42303
1hii_ligand,4419,1.9077
1hii_ligand,4420,1.31448
1hii_ligand,4421,1.94937
1hii_ligand,4422,1.35906
1hii_ligand,4423,1.8959
1hii_ligand,4424,1.47873
1hii_ligand,4425,1.78962
1hii_ligand,4426,1.63366
1hii_ligand,4427,1.83085
1hii_ligand,4428,1.47653
1hii_ligand,4429,1.87219
1hii_ligand,4430,1.47057
1hii_ligand,4431,1.90019
1hii_ligand,4432,1.4032
1hii_ligand,4433,1.89084
1hii_ligand,4434,1.45533
1hii_ligand,4435,1.71705
1hii_ligand,4436,1.70542
1hii_ligand,4437,1.87632
1hii_ligand,4438,1.40755
1hii_ligand,4439,1.8432
1hii_ligand,4440,1.44973
1hii_ligand,4441,1.87946
1hii_ligand,4442,1.43264
1hii_ligand,4443,1.87173
1hii_ligand,4444,1.51817
1hii_ligand,4445,1.81137
1hii_ligand,4446,1.57771
1hii_ligand,4447,1.78716
1hii_ligand,4448,1.60157
1hii_ligand,4449,1.64176
1hii_ligand,4450,1.91102
1hii_ligand,4451,1.79017
1hii_ligand,4452,1.786
1hii_ligand,4453,1.54137
1hii_ligand,4454,2.11245
1hii_ligand,4455,1.57691
1hii_ligand,4456,2.15572
1hii_ligand,4457,1.64258
1hii_ligand,4458,2.20858
1hii_ligand,4459,1.6309
1hii_ligand,4460,1.93867
1hii_ligand,4461,1.37506
1hii_ligand,4462,1.97196
1hii_ligand,4463,1.40759
1hii_ligand,4464,1.93952
1hii_ligand,4465,1.5574
1hii_ligand,4466,1.95149
1hii_ligand,4467,1.40005
1hii_ligand,4468,1.98334
1hii_ligand,4469,1.45713
1hii_ligand,4470,2.00656
1hii_ligand,4471,1.38872
1hii_ligand,4472,1.93911
1hii_ligand,4473,1.36326
1hii_ligand,4474,1.99202
1hii_ligand,4475,1.34438
1hii_ligand,4476,1.96167
1hii_ligand,4477,1.33136
1hii_ligand,4478,1.89655
1hii_ligand,4479,1.371
1hii_ligand,4480,1.93821
1hii_ligand,4481,1.34092
1hii_ligand,4482,1.84077
1hii_ligand,4483,1.60571
1hii_ligand,4484,1.8893
1hii_ligand,4485,1.46674
1hii_ligand,4486,1.92892
1hii_ligand,4487,1.34263
1hii_ligand,4488,1.90751
1hii_ligand,4489,1.44381
1hii_ligand,4490,1.80688
1hii_ligand,4491,1.71488
1hii_ligand,4492,1.70399
1hii_ligand,4493,1.95644
1hii_ligand,4494,1.70682
1hii_ligand,4495,1.788
1hii_ligand,4496,1.77955
1hii_ligand,4497,1.77438
1hii_ligand,4498,1.93492
1hii_ligand,4499,1.52143
1hii_ligand,4500,1.85501
1hii_ligand,4501,1.48984
1hii_ligand,4502,1.89878
1hii_ligand,4503,1.38176
1hii_ligand,4504,1.92485
1hii_ligand,4505,1.34585
1hii_ligand,4506,1.94387
1hii_ligand,4507,1.41377
1hii_ligand,4508,1.94732
1hii_ligand,4509,1.52481
1hii_ligand,4510,1.97221
1hii_ligand,4511,1.29787
1hii_ligand,4512,1.77354
1hii_ligand,4513,1.7078
1hii_ligand,4514,1.80812
1hii_ligand,4515,1.72526
1hii_ligand,4516,1.70708
1hii_ligand,4517,1.76763
1hii_ligand,4518,1.688
1hii_ligand,4519,1.70413
1hii_ligand,4520,1.79732
1hii_ligand,4521,1.59239
1hii_ligand,4522,1.93405
1hii_ligand,4523,1.4246
1hii_ligand,4524,1.9849
1hii_ligand,4525,1.32456
1hii_ligand,4526,1.92229
1hii_ligand,4527,1.51595
1hii_ligand,4528,1.99053
1hii_ligand,4529,1.31137
1hii_ligand,4530,1.91846
1hii_ligand,4531,1.48491
1hii_ligand,4532,2.047
1hii_ligand,4533,1.3846
1hii_ligand,4534,1.93304
1hii_ligand,4535,1.32404
1hii_ligand,4536,1.90892
1hii_ligand,4537,1.42991
1hii_ligand,4538,1.95755
1hii_ligand,4539,1.35435
1hii_ligand,4540,2.05256
1hii_ligand,4541,1.23208
1hii_ligand,4542,1.77732
1hii_ligand,4543,1.57264
1hii_ligand,4544,1.83307
1hii_ligand,4545,1.56645
1hii_ligand,4546,1.81307
1hii_ligand,4547,1.5069
1hii_ligand,4548,1.89088
1hii_ligand,4549,1.4407
1hii_ligand,4550,1.8956
1hii_ligand,4551,1.37998
1hii_ligand,4552,1.82515
1hii_ligand,4553,1.5956
1hii_ligand,4554,1.95239
1hii_ligand,4555,1.33724
1hii_ligand,4556,1.87359
1hii_ligand,4557,1.49273
1hii_ligand,4558,1.72003
1hii_ligand,4559,1.77076
1hii_ligand,4560,1.95809
1hii_ligand,4561,1.47834
1hii_ligand,4562,1.91014
1hii_ligand,4563,1.45806
1hii_ligand,4564,1.85602
1hii_ligand,4565,1.49879
1hii_ligand,4566,1.7398
1hii_ligand,4567,1.75027
1hii_ligand,4568,1.79099
1hii_ligand,4569,1.72798
1hii_ligand,4570,1.48518
1hii_ligand,4571,2.02987
1hii_ligand,4572,1.45874
1hii_ligand,4573,2.11521
1hii_ligand,4574,1.56719
1hii_ligand,4575,2.09021
1hii_ligand,4576,1.58605
1hii_ligand,4577,2.06557
1hii_ligand,4578,1.45922
1hii_ligand,4579,2.00182
1hii_ligand,4580,1.3997
1hii_ligand,4581,1.94003
1hii_ligand,4582,1.35608
1hii_ligand,4583,1.95429
1hii_ligand,4584,1.31097
1hii_ligand,4585,1.91631
1hii_ligand,4586,1.42607
1hii_ligand,4587,1.91114
1hii_ligand,4588,1.37584
1hii_ligand,4589,1.91283
1hii_ligand,4590,1.41678
1hii_ligand,4591,1.77557
1hii_ligand,4592,1.61712
1hii_ligand,4593,1.6871
1hii_ligand,4594,1.96288
1hii_ligand,4595,1.7018
1hii_ligand,4596,1.65398
1hii_ligand,4597,1.80529
1hii_ligand,4598,1.66457
1hii_ligand,4599,1.6425
1hii_ligand,4600,1.61955
1hii_ligand,4601,1.79379
1hii_ligand,4602,1.65339
1hii_ligand,4603,1.69404
1hii_ligand,4604,1.42931
1hii_ligand,4605,1.95781
1hii_ligand,4606,1.45283
1hii_ligand,4607,1.89306
1hii_ligand,4608,1.55914
1hii_ligand,4609,1.96995
1hii_ligand,4610,1.43583
1hii_ligand,4611,1.99681
1hii_ligand,4612,1.42077
1hii_ligand,4613,1.97948
1hii_ligand,4614,1.59253
1hii_ligand,4615,1.83699
1hii_ligand,4616,1.68056
1hii_ligand,4617,1.65838
1hii_ligand,4618,1.74017
1hii_ligand,4619,1.62964
1hii_ligand,4620,1.74884
1hii_ligand,4621,1.59762
1hii_ligand,4622,1.69568
1hii_ligand,4623,1.54792
1hii_ligand,4624,2.05462
1hii_ligand,4625,1.34862
1hii_ligand,4626,1.86084
1hii_ligand,4627,1.55025
1hii_ligand,4628,1.89136
1hii_ligand,4629,1.43962
1hii_ligand,4630,1.88669
1hii_ligand,4631,1.44925
1hii_ligand,4632,1.88288
1hii_ligand,4633,1.4638
1hii_ligand,4634,1.93855
1hii_ligand,4635,1.69871
1hii_ligand,4636,1.61128
1hii_ligand,4637,1.91103
1hii_ligand,4638,1.48855
1hii_ligand,4639,1.89336
1hii_ligand,4640,1.61747
1hii_ligand,4641,1.93388
1hii_ligand,4642,1.39608
1hii_ligand,4643,1.95853
1hii_ligand,4644,1.43982
1hii_ligand,4645,2.012
1hii_ligand,4646,1.42405
1hii_ligand,4647,1.95242
1hii_ligand,4648,1.34657
1hii_ligand,4649,1.91067
1hii_ligand,4650,1.39327
1hii_ligand,4651,1.91736
1hii_ligand,4652,1.38222
1hii_ligand,4653,1.8498
1hii_ligand,4654,1.76913
1hii_ligand,4655,1.63956
1hii_ligand,4656,1.82026
1hii_ligand,4657,1.64499
1hii_ligand,4658,1.66298
1hii_ligand,4659,1.75825
1hii_ligand,4660,1.73534
1hii_ligand,4661,1.90028
1hii_ligand,4662,1.45196
1hii_ligand,4663,1.88312
1hii_ligand,4664,1.50615
1hii_ligand,4665,1.86581
1hii_ligand,4666,1.4585
1hii_ligand,4667,1.86783
1hii_ligand,4668,1.45592
1hii_ligand,4669,1.88145
1hii_ligand,4670,1.49017
1hii_ligand,4671,1.80054
1hii_ligand,4672,1.61154
1hii_ligand,4673,1.79381
1hii_ligand,4674,1.6376
1hii_ligand,4675,1.82823
1hii_ligand,4676,1.47738
1hii_ligand,4677,1.84181
1hii_ligand,4678,1.73303
1hii_ligand,4679,1.74367
1hii_ligand,4680,1.7501
1hii_ligand,4681,1.68648
1hii_ligand,4682,1.76639
1hii_ligand,4683,1.71154
1hii_ligand,4684,1.65696
1hii_ligand,4685,1.744
1hii_ligand,4686,1.66578
1hii_ligand,4687,1.71847
1hii_ligand,4688,1.70249
1hii_ligand,4689,1.77718
1hii_ligand,4690,1.67287
1hii_ligand,4691,1.85251
1hii_ligand,4692,1.68241
1hii_ligand,4693,1.71074
1hii_ligand,4694,1.54103
1hii_ligand,4695,2.01402
1hii_ligand,4696,1.37845
1hii_ligand,4697,1.97744
1hii_ligand,4698,1.49508
1hii_ligand,4699,2.03915
1hii_ligand,4700,1.39948
1hii_ligand,4701,1.98999
1hii_ligand,4702,1.48986
1hii_ligand,4703,1.97258
1hii_ligand,4704,1.45827
1hii_ligand,4705,1.97017
1hii_ligand,4706,1.37061
1hii_ligand,4707,2.00488
1hii_ligand,4708,1.37082
1hii_ligand,4709,2.02112
1hii_ligand,4710,1.41817
1hii_ligand,4711,1.96759
1hii_ligand,4712,1.37516
1hii_ligand,4713,2.017
1hii_ligand,4714,1.42612
1hii_ligand,4715,2.00163
1hii_ligand,4716,1.46376
1hii_ligand,4717,1.90938
1hii_ligand,4718,1.42608
1hii_ligand,4719,2.06709
1hii_ligand,4720,1.31232
1hii_ligand,4721,2.01036
1hii_ligand,4722,1.39811
1hii_ligand,4723,1.92649
1hii_ligand,4724,1.50836
1hii_ligand,4725,2.01133
1hii_ligand,4726,1.46965
1hii_ligand,4727,1.8636
1hii_ligand,4728,1.59224
1hii_ligand,4729,1.71536
1hii_ligand,4730,1.87717
1hii_ligand,4731,1.63603
1hii_ligand,4732,1.87965
1hii_ligand,4733,1.73668
1hii_ligand,4734,1.58861
1hii_ligand,4735,2.01591
1hii_ligand,4736,1.33891
1hii_ligand,4737,1.95431
1hii_ligand,4738,1.38625
1hii_ligand,4739,1.99026
1hii_ligand,4740,1.43089
1hii_ligand,4741,1.94417
1hii_ligand,4742,1.38368
1hii_ligand,4743,1.8444
1hii_ligand,4744,1.4055
1hii_ligand,4745,1.86872
1hii_ligand,4746,1.49589
1hii_ligand,4747,1.8784
1hii_ligand,4748,1.40871
1hii_ligand,4749,1.92157
1hii_ligand,4750,1.35237
1hii_ligand,4751,1.8581
1hii_ligand,4752,1.4489
1hii_ligand,4753,1.7684
1hii_ligand,4754,1.62019
1hii_ligand,4755,1.86551
1hii_ligand,4756,1.41526
1hii_ligand,4757,1.91573
1hii_ligand,4758,1.43549
1hii_ligand,4759,1.89044
1hii_ligand,4760,1.45397
1hii_ligand,4761,1.87653
1hii_ligand,4762,1.50528
1hii_ligand,4763,1.80142
1hii_ligand,4764,1.63454
1hii_ligand,4765,1.81206
1hii_ligand,4766,1.64224
1hii_ligand,4767,1.825
1hii_ligand,4768,1.5295
1hii_ligand,4769,1.88679
1hii_ligand,4770,1.35914
1hii_ligand,4771,1.94948
1hii_ligand,4772,1.27079
1hii_ligand,4773,1.88958
1hii_ligand,4774,1.61048
1hii_ligand,4775,1.94829
1hii_ligand,4776,1.45906
1hii_ligand,4777,1.84347
1hii_ligand,4778,1.64163
1hii_ligand,4779,1.836
1hii_ligand,4780,1.76521
1hii_ligand,4781,1.68015
1hii_ligand,4782,1.79241
1hii_ligand,4783,1.49282
1hii_ligand,4784,1.98058
1hii_ligand,4785,1.54081
1hii_ligand,4786,2.23904
1hii_ligand,4787,1.54522
1hii_ligand,4788,2.19448
1hii_ligand,4789,1.47419
1hii_ligand,4790,2.04237
1hii_ligand,4791,1.47704
1hii_ligand,4792,2.03057
1hii_ligand,4793,1.44674
1hii_ligand,4794,1.95012
1hii_ligand,4795,1.3968
1hii_ligand,4796,1.93567
1hii_ligand,4797,1.32628
1hii_ligand,4798,1.95816
1hii_ligand,4799,1.37106
1hii_ligand,4800,1.80422
1hii_ligand,4801,1.9088
1hii_ligand,4802,1.66405
1hii_ligand,4803,1.81635
1hii_ligand,4804,1.72719
1hii_ligand,4805,1.8388
1hii_ligand,4806,1.67852
1hii_ligand,4807,1.83052
1hii_ligand,4808,1.80186
1hii_ligand,4809,1.69567
1hii_ligand,4810,1.75671
1hii_ligand,4811,1.68039
1hii_ligand,4812,1.75533
1hii_ligand,4813,1.66228
1hii_ligand,4814,1.73558
1hii_ligand,4815,1.69003
1hii_ligand,4816,1.79629
1hii_ligand,4817,1.69634
1hii_ligand,4818,1.71403
1hii_ligand,4819,1.51809
1hii_ligand,4820,1.96201
1hii_ligand,4821,1.45939
1hii_ligand,4822,2.01036
1hii_ligand,4823,1.5128
1hii_ligand,4824,1.98741
1hii_ligand,4825,1.43361
1hii_ligand,4826,1.94623
1hii_ligand,4827,1.53666
1hii_ligand,4828,1.99579
1hii_ligand,4829,1.42783
1hii_ligand,4830,1.99786
1hii_ligand,4831,1.52875
1hii_ligand,4832,1.90751
1hii_ligand,4833,1.47364
1hii_ligand,4834,1.91153
1hii_ligand,4835,1.44528
1hii_ligand,4836,1.93552
1hii_ligand,4837,1.37722
1hii_ligand,4838,1.95521
1hii_ligand,4839,1.34922
1hii_ligand,4840,1.85823
1hii_ligand,4841,1.76642
1hii_ligand,4842,1.6166
1hii_ligand,4843,1.97177
1hii_ligand,4844,1.36407
1hii_ligand,4845,1.92424
1hii_ligand,4846,1.43318
1hii_ligand,4847,2.00068
1hii_ligand,4848,1.46513
1hii_ligand,4849,1.9519
1hii_ligand,4850,1.36597
1hii_ligand,4851,1.99812
1hii_ligand,4852,1.42469
1hii_ligand,4853,2.05368
1hii_ligand,4854,1.34585
1hii_ligand,4855,1.96427
1hii_ligand,4856,1.32207
1hii_ligand,4857,2.02376
1hii_ligand,4858,1.39552
1hii_ligand,4859,1.96402
1hii_ligand,4860,1.3696
1hii_ligand,4861,1.90393
1hii_ligand,4862,1.82977
1hii_ligand,4863,1.61768
1hii_ligand,4864,1.80604
1hii_ligand,4865,1.94436
1hii_ligand,4866,1.44893
1hii_ligand,4867,1.71316
1hii_ligand,4868,1.95728
1hii_ligand,4869,1.55109
1hii_ligand,4870,1.94617
1hii_ligand,4871,1.57546
1hii_ligand,4872,1.94938
1hii_ligand,4873,1.42234
1hii_ligand,4874,1.96176
1hii_ligand,4875,1.46039
1hii_ligand,4876,1.90389
1hii_ligand,4877,1.54019
1hii_ligand,4878,2.02376
1hii_ligand,4879,1.38586
1hii_ligand,4880,1.97526
1hii_ligand,4881,1.39999
1hii_ligand,4882,1.96147
1hii_ligand,4883,1.39845
1hii_ligand,4884,1.9878
1hii_ligand,4885,1.43855
1hii_ligand,4886,1.96895
1hii_ligand,4887,1.40637
1hii_ligand,4888,2.0054
1hii_ligand,4889,1.37195
1hii_ligand,4890,1.98881
1hii_ligand,4891,1.40038
1hii_ligand,4892,1.98484
1hii_ligand,4893,1.37897
1hii_ligand,4894,1.95187
1hii_ligand,4895,1.37636
1hii_ligand,4896,1.98068
1hii_ligand,4897,1.30957
1hii_ligand,4898,1.93235
1hii_ligand,4899,1.46362
1hii_ligand,4900,1.98587
1hii_ligand,4901,1.91311
1hii_ligand,4902,1.45118
1hii_ligand,4903,1.80315
1hii_ligand,4904,1.80594
1hii_ligand,4905,1.57185
1hii_ligand,4906,1.93755
1hii_ligand,4907,1.40944
1hii_ligand,4908,1.8814
1hii_ligand,4909,1.48798
1hii_ligand,4910,1.91057
1hii_ligand,4911,1.4306
1hii_ligand,4912,1.87468
1hii_ligand,4913,1.56907
1hii_ligand,4914,1.82834
1hii_ligand,4915,1.63199
1hii_ligand,4916,1.80346
1hii_ligand,4917,1.61738
1hii_ligand,4918,1.82909
1hii_ligand,4919,1.56622
1hii_ligand,4920,1.87594
1hii_ligand,4921,1.44714
1hii_ligand,4922,1.92173
1hii_ligand,4923,1.36801
1hii_ligand,4924,1.90737
1hii_ligand,4925,1.43676
1hii_ligand,4926,1.87125
1hii_ligand,4927,1.55249
1hii_ligand,4928,1.8391
1hii_ligand,4929,1.6421
1hii_ligand,4930,1.86008
1hii_ligand,4931,1.57901
1hii_ligand,4932,1.8123
1hii_ligand,4933,1.59172
1hii_ligand,4934,1.79625
1hii_ligand,4935,1.75525
1hii_ligand,4936,1.63521
1hii_ligand,4937,1.70449
1hii_ligand,4938,1.63345
1hii_ligand,4939,1.85905
1hii_ligand,4940,1.72471
1hii_ligand,4941,1.70497
1hii_ligand,4942,1.57247
1hii_ligand,4943,2.12319
1hii_ligand,4944,1.44715
1hii_ligand,4945,2.02295
1hii_ligand,4946,1.6798
1hii_ligand,4947,2.09641
1hii_ligand,4948,1.42173
1hii_ligand,4949,2.01473
1hii_ligand,4950,1.37341
1hii_ligand,4951,1.89209
1hii_ligand,4952,1.4715
1hii_ligand,4953,1.87826
1hii_ligand,4954,1.49831
1hii_ligand,4955,1.87671
1hii_ligand,4956,1.47324
1hii_ligand,4957,1.91273
1hii_ligand,4958,1.46113
1hii_ligand,4959,1.84925
1hii_ligand,4960,1.57334
1hii_ligand,4961,1.78306
1hii_ligand,4962,1.6809
1hii_ligand,4963,1.81377
1hii_ligand,4964,1.62064
1hii_ligand,4965,1.58886
1hii_ligand,4966,1.99366
1hii_ligand,4967,1.45488
1hii_ligand,4968,1.99148
1hii_ligand,4969,1.34775
1hii_ligand,4970,1.95366
1hii_ligand,4971,1.49648
1hii_ligand,4972,2.0655
1hii_ligand,4973,1.49322
1hii_ligand,4974,2.03545
1hii_ligand,4975,1.42629
1hii_ligand,4976,1.97892
1hii_ligand,4977,1.40965
1hii_ligand,4978,1.99472
1hii_ligand,4979,1.30202
1hii_ligand,4980,1.92859
1hii_ligand,4981,1.37345
1hii_ligand,4982,1.93574
1hii_ligand,4983,1.3509
1hii_ligand,4984,1.92978
1hii_ligand,4985,1.41333
1hii_ligand,4986,1.76567
1hii_ligand,4987,1.86504
1hii_ligand,4988,1.64258
1hii_ligand,4989,1.68469
1hii_ligand,4990,1.93731
1hii_ligand,4991,1.42666
1hii_ligand,4992,1.9379
1hii_ligand,4993,1.3416
1hii_ligand,4994,1.81584
1hii_ligand,4995,1.74702
1hii_ligand,4996,1.71561
1hii_ligand,4997,1.52807
1hii_ligand,4998,1.93342
1hii_ligand,4999,1.5147
