ligand,iteration,standalone_ls_score
1fkb_ligand,0,2.40322e+06
1fkb_ligand,1,2.26777e+06
1fkb_ligand,2,2.11681e+06
1fkb_ligand,3,2.03343e+06
1fkb_ligand,4,1.95038e+06
1fkb_ligand,5,1.93794e+06
1fkb_ligand,6,1.89667e+06
1fkb_ligand,7,1.80184e+06
1fkb_ligand,8,1.82314e+06
1fkb_ligand,9,1.77871e+06
1fkb_ligand,10,1.85028e+06
1fkb_ligand,11,1.75308e+06
1fkb_ligand,12,1.72911e+06
1fkb_ligand,13,1.69781e+06
1fkb_ligand,14,1.68346e+06
1fkb_ligand,15,1.64271e+06
1fkb_ligand,16,1.63375e+06
1fkb_ligand,17,1.62822e+06
1fkb_ligand,18,1.65716e+06
1fkb_ligand,19,1.62188e+06
1fkb_ligand,20,1.67735e+06
1fkb_ligand,21,1.73647e+06
1fkb_ligand,22,1.73539e+06
1fkb_ligand,23,1.60214e+06
1fkb_ligand,24,1.57612e+06
1fkb_ligand,25,1.64798e+06
1fkb_ligand,26,1.64828e+06
1fkb_ligand,27,1.68863e+06
1fkb_ligand,28,1.66236e+06
1fkb_ligand,29,1.69235e+06
1fkb_ligand,30,1.68215e+06
1fkb_ligand,31,1.58774e+06
1fkb_ligand,32,1.60359e+06
1fkb_ligand,33,1.54589e+06
1fkb_ligand,34,1.66891e+06
1fkb_ligand,35,1.65042e+06
1fkb_ligand,36,1.7448e+06
1fkb_ligand,37,1.70156e+06
1fkb_ligand,38,1.62241e+06
1fkb_ligand,39,1.59019e+06
1fkb_ligand,40,1.67371e+06
1fkb_ligand,41,1.62684e+06
1fkb_ligand,42,1.56176e+06
1fkb_ligand,43,1.53752e+06
1fkb_ligand,44,1.67063e+06
1fkb_ligand,45,1.69411e+06
1fkb_ligand,46,1.60086e+06
1fkb_ligand,47,1.57054e+06
1fkb_ligand,48,1.64583e+06
1fkb_ligand,49,1.5655e+06
1fkb_ligand,50,1.53343e+06
1fkb_ligand,51,1.53868e+06
1fkb_ligand,52,1.68919e+06
1fkb_ligand,53,1.57143e+06
1fkb_ligand,54,1.64515e+06
1fkb_ligand,55,1.8343e+06
1fkb_ligand,56,1.69992e+06
1fkb_ligand,57,1.56631e+06
1fkb_ligand,58,1.51018e+06
1fkb_ligand,59,1.58167e+06
1fkb_ligand,60,1.5988e+06
1fkb_ligand,61,1.48404e+06
1fkb_ligand,62,1.61352e+06
1fkb_ligand,63,1.65253e+06
1fkb_ligand,64,1.52389e+06
1fkb_ligand,65,1.51189e+06
1fkb_ligand,66,1.65245e+06
1fkb_ligand,67,1.65866e+06
1fkb_ligand,68,1.66386e+06
1fkb_ligand,69,1.52705e+06
1fkb_ligand,70,1.59434e+06
1fkb_ligand,71,1.57128e+06
1fkb_ligand,72,1.63989e+06
1fkb_ligand,73,1.65569e+06
1fkb_ligand,74,1.56853e+06
1fkb_ligand,75,1.48328e+06
1fkb_ligand,76,1.67481e+06
1fkb_ligand,77,1.65621e+06
1fkb_ligand,78,1.7187e+06
1fkb_ligand,79,1.60292e+06
1fkb_ligand,80,1.65269e+06
1fkb_ligand,81,1.66108e+06
1fkb_ligand,82,1.57475e+06
1fkb_ligand,83,1.61202e+06
1fkb_ligand,84,1.713e+06
1fkb_ligand,85,1.65743e+06
1fkb_ligand,86,1.68609e+06
1fkb_ligand,87,1.66984e+06
1fkb_ligand,88,1.6307e+06
1fkb_ligand,89,1.62151e+06
1fkb_ligand,90,1.50029e+06
1fkb_ligand,91,1.64922e+06
1fkb_ligand,92,1.86866e+06
1fkb_ligand,93,1.54738e+06
1fkb_ligand,94,1.67199e+06
1fkb_ligand,95,1.68706e+06
1fkb_ligand,96,1.61044e+06
1fkb_ligand,97,1.51179e+06
1fkb_ligand,98,1.59559e+06
1fkb_ligand,99,1.70953e+06
1fkb_ligand,100,1.62335e+06
1fkb_ligand,101,1.64502e+06
1fkb_ligand,102,1.56363e+06
1fkb_ligand,103,1.48497e+06
1fkb_ligand,104,1.67635e+06
1fkb_ligand,105,1.73598e+06
1fkb_ligand,106,1.71729e+06
1fkb_ligand,107,1.50421e+06
1fkb_ligand,108,1.60478e+06
1fkb_ligand,109,1.56639e+06
1fkb_ligand,110,1.53373e+06
1fkb_ligand,111,1.6385e+06
1fkb_ligand,112,1.51661e+06
1fkb_ligand,113,1.57317e+06
1fkb_ligand,114,1.48873e+06
1fkb_ligand,115,1.62108e+06
1fkb_ligand,116,1.47912e+06
1fkb_ligand,117,1.83396e+06
1fkb_ligand,118,1.69384e+06
1fkb_ligand,119,1.66426e+06
1fkb_ligand,120,1.58539e+06
1fkb_ligand,121,1.59974e+06
1fkb_ligand,122,1.60112e+06
1fkb_ligand,123,1.57984e+06
1fkb_ligand,124,1.48632e+06
1fkb_ligand,125,1.58168e+06
1fkb_ligand,126,1.61544e+06
1fkb_ligand,127,1.62734e+06
1fkb_ligand,128,1.47197e+06
1fkb_ligand,129,1.4679e+06
1fkb_ligand,130,1.6188e+06
1fkb_ligand,131,1.77316e+06
1fkb_ligand,132,1.55354e+06
1fkb_ligand,133,1.74268e+06
1fkb_ligand,134,1.50334e+06
1fkb_ligand,135,1.71361e+06
1fkb_ligand,136,1.53628e+06
1fkb_ligand,137,1.61022e+06
1fkb_ligand,138,1.5898e+06
1fkb_ligand,139,1.5421e+06
1fkb_ligand,140,1.48205e+06
1fkb_ligand,141,1.57934e+06
1fkb_ligand,142,1.57559e+06
1fkb_ligand,143,1.62529e+06
1fkb_ligand,144,1.58337e+06
1fkb_ligand,145,1.53854e+06
1fkb_ligand,146,1.61059e+06
1fkb_ligand,147,1.61159e+06
1fkb_ligand,148,1.67755e+06
1fkb_ligand,149,1.68212e+06
1fkb_ligand,150,1.55545e+06
1fkb_ligand,151,1.54157e+06
1fkb_ligand,152,1.67016e+06
1fkb_ligand,153,1.59554e+06
1fkb_ligand,154,1.53563e+06
1fkb_ligand,155,1.50194e+06
1fkb_ligand,156,1.68373e+06
1fkb_ligand,157,1.57375e+06
1fkb_ligand,158,1.5436e+06
1fkb_ligand,159,1.66077e+06
1fkb_ligand,160,1.54081e+06
1fkb_ligand,161,1.57535e+06
1fkb_ligand,162,1.59764e+06
1fkb_ligand,163,1.55795e+06
1fkb_ligand,164,1.49955e+06
1fkb_ligand,165,1.65034e+06
1fkb_ligand,166,1.57494e+06
1fkb_ligand,167,1.52515e+06
1fkb_ligand,168,1.68994e+06
1fkb_ligand,169,1.59103e+06
1fkb_ligand,170,1.65814e+06
1fkb_ligand,171,1.58066e+06
1fkb_ligand,172,1.57597e+06
1fkb_ligand,173,1.63823e+06
1fkb_ligand,174,1.63898e+06
1fkb_ligand,175,1.60174e+06
1fkb_ligand,176,1.58304e+06
1fkb_ligand,177,1.65898e+06
1fkb_ligand,178,1.63537e+06
1fkb_ligand,179,1.66292e+06
1fkb_ligand,180,1.60509e+06
1fkb_ligand,181,1.72344e+06
1fkb_ligand,182,1.60111e+06
1fkb_ligand,183,1.62971e+06
1fkb_ligand,184,1.60598e+06
1fkb_ligand,185,1.52145e+06
1fkb_ligand,186,1.57513e+06
1fkb_ligand,187,1.60848e+06
1fkb_ligand,188,1.59657e+06
1fkb_ligand,189,1.59474e+06
1fkb_ligand,190,1.60036e+06
1fkb_ligand,191,1.52754e+06
1fkb_ligand,192,1.52135e+06
1fkb_ligand,193,1.62267e+06
1fkb_ligand,194,1.67252e+06
1fkb_ligand,195,1.67075e+06
1fkb_ligand,196,1.55711e+06
1fkb_ligand,197,1.52365e+06
1fkb_ligand,198,1.72681e+06
1fkb_ligand,199,1.57403e+06
1fkb_ligand,200,1.78631e+06
1fkb_ligand,201,1.57577e+06
1fkb_ligand,202,1.64137e+06
1fkb_ligand,203,1.67745e+06
1fkb_ligand,204,1.62464e+06
1fkb_ligand,205,1.61079e+06
1fkb_ligand,206,1.59271e+06
1fkb_ligand,207,1.59704e+06
1fkb_ligand,208,1.56938e+06
1fkb_ligand,209,1.48542e+06
1fkb_ligand,210,1.49234e+06
1fkb_ligand,211,1.68431e+06
1fkb_ligand,212,1.4492e+06
1fkb_ligand,213,1.67957e+06
1fkb_ligand,214,1.6646e+06
1fkb_ligand,215,1.63243e+06
1fkb_ligand,216,1.68023e+06
1fkb_ligand,217,1.60803e+06
1fkb_ligand,218,1.57821e+06
1fkb_ligand,219,1.5862e+06
1fkb_ligand,220,1.59326e+06
1fkb_ligand,221,1.50411e+06
1fkb_ligand,222,1.65921e+06
1fkb_ligand,223,1.58029e+06
1fkb_ligand,224,1.62915e+06
1fkb_ligand,225,1.62004e+06
1fkb_ligand,226,1.66562e+06
1fkb_ligand,227,1.69808e+06
1fkb_ligand,228,1.60825e+06
1fkb_ligand,229,1.6788e+06
1fkb_ligand,230,1.54741e+06
1fkb_ligand,231,1.50356e+06
1fkb_ligand,232,1.47759e+06
1fkb_ligand,233,1.70293e+06
1fkb_ligand,234,1.58814e+06
1fkb_ligand,235,1.571e+06
1fkb_ligand,236,1.57598e+06
1fkb_ligand,237,1.53253e+06
1fkb_ligand,238,1.55094e+06
1fkb_ligand,239,1.55011e+06
1fkb_ligand,240,1.5911e+06
1fkb_ligand,241,1.55405e+06
1fkb_ligand,242,1.64715e+06
1fkb_ligand,243,1.67561e+06
1fkb_ligand,244,1.55875e+06
1fkb_ligand,245,1.73149e+06
1fkb_ligand,246,1.66539e+06
1fkb_ligand,247,1.58629e+06
1fkb_ligand,248,1.58256e+06
1fkb_ligand,249,1.68388e+06
1fkb_ligand,250,1.73287e+06
1fkb_ligand,251,1.56325e+06
1fkb_ligand,252,1.54967e+06
1fkb_ligand,253,1.47053e+06
1fkb_ligand,254,1.32643e+06
1fkb_ligand,255,1.25117e+06
1fkb_ligand,256,1.23938e+06
1fkb_ligand,257,1.55237e+06
1fkb_ligand,258,1.36314e+06
1fkb_ligand,259,1.41965e+06
1fkb_ligand,260,1.26983e+06
1fkb_ligand,261,1.47897e+06
1fkb_ligand,262,1.11172e+06
1fkb_ligand,263,1.21821e+06
1fkb_ligand,264,1.29493e+06
1fkb_ligand,265,1.35762e+06
1fkb_ligand,266,1.43061e+06
1fkb_ligand,267,1.43983e+06
1fkb_ligand,268,1.27432e+06
1fkb_ligand,269,1.2633e+06
1fkb_ligand,270,1.32864e+06
1fkb_ligand,271,1.24985e+06
1fkb_ligand,272,1.33244e+06
1fkb_ligand,273,1.39402e+06
1fkb_ligand,274,1.381e+06
1fkb_ligand,275,1.43789e+06
1fkb_ligand,276,1.2498e+06
1fkb_ligand,277,1.1773e+06
1fkb_ligand,278,1.2639e+06
1fkb_ligand,279,1.23048e+06
1fkb_ligand,280,1.28443e+06
1fkb_ligand,281,1.51519e+06
1fkb_ligand,282,1.18602e+06
1fkb_ligand,283,1.19349e+06
1fkb_ligand,284,1.31755e+06
1fkb_ligand,285,1.3567e+06
1fkb_ligand,286,1.37887e+06
1fkb_ligand,287,1.31145e+06
1fkb_ligand,288,1.29834e+06
1fkb_ligand,289,1.30482e+06
1fkb_ligand,290,1.31191e+06
1fkb_ligand,291,1.32486e+06
1fkb_ligand,292,1.31633e+06
1fkb_ligand,293,1.29697e+06
1fkb_ligand,294,1.3118e+06
1fkb_ligand,295,1.31152e+06
1fkb_ligand,296,1.36422e+06
1fkb_ligand,297,1.31713e+06
1fkb_ligand,298,1.30821e+06
1fkb_ligand,299,1.38437e+06
1fkb_ligand,300,1.39419e+06
1fkb_ligand,301,1.36515e+06
1fkb_ligand,302,1.4872e+06
1fkb_ligand,303,1.25236e+06
1fkb_ligand,304,1.31705e+06
1fkb_ligand,305,1.4481e+06
1fkb_ligand,306,1.43693e+06
1fkb_ligand,307,1.1812e+06
1fkb_ligand,308,1.3573e+06
1fkb_ligand,309,1.2626e+06
1fkb_ligand,310,1.23553e+06
1fkb_ligand,311,1.20813e+06
1fkb_ligand,312,1.4021e+06
1fkb_ligand,313,1.25734e+06
1fkb_ligand,314,1.21117e+06
1fkb_ligand,315,1.13825e+06
1fkb_ligand,316,1.13468e+06
1fkb_ligand,317,902682
1fkb_ligand,318,831615
1fkb_ligand,319,889465
1fkb_ligand,320,781026
1fkb_ligand,321,797255
1fkb_ligand,322,749355
1fkb_ligand,323,750399
1fkb_ligand,324,771170
1fkb_ligand,325,819116
1fkb_ligand,326,831202
1fkb_ligand,327,759103
1fkb_ligand,328,753279
1fkb_ligand,329,864402
1fkb_ligand,330,822202
1fkb_ligand,331,781262
1fkb_ligand,332,749991
1fkb_ligand,333,814222
1fkb_ligand,334,837032
1fkb_ligand,335,804818
1fkb_ligand,336,839055
1fkb_ligand,337,756576
1fkb_ligand,338,790920
1fkb_ligand,339,811932
1fkb_ligand,340,737928
1fkb_ligand,341,714461
1fkb_ligand,342,735265
1fkb_ligand,343,734909
1fkb_ligand,344,755670
1fkb_ligand,345,792120
1fkb_ligand,346,809308
1fkb_ligand,347,782464
1fkb_ligand,348,720952
1fkb_ligand,349,788736
1fkb_ligand,350,718890
1fkb_ligand,351,800666
1fkb_ligand,352,753451
1fkb_ligand,353,732749
1fkb_ligand,354,737671
1fkb_ligand,355,703536
1fkb_ligand,356,701341
1fkb_ligand,357,764513
1fkb_ligand,358,735871
1fkb_ligand,359,870596
1fkb_ligand,360,756751
1fkb_ligand,361,788113
1fkb_ligand,362,782305
1fkb_ligand,363,835311
1fkb_ligand,364,806962
1fkb_ligand,365,808339
1fkb_ligand,366,779902
1fkb_ligand,367,834414
1fkb_ligand,368,701833
1fkb_ligand,369,687254
1fkb_ligand,370,634244
1fkb_ligand,371,615171
1fkb_ligand,372,618120
1fkb_ligand,373,667592
1fkb_ligand,374,716091
1fkb_ligand,375,684626
1fkb_ligand,376,649229
1fkb_ligand,377,725166
1fkb_ligand,378,682243
1fkb_ligand,379,719082
1fkb_ligand,380,687840
1fkb_ligand,381,730558
1fkb_ligand,382,763795
1fkb_ligand,383,701696
1fkb_ligand,384,663131
1fkb_ligand,385,653784
1fkb_ligand,386,709562
1fkb_ligand,387,652662
1fkb_ligand,388,607238
1fkb_ligand,389,605367
1fkb_ligand,390,707380
1fkb_ligand,391,770778
1fkb_ligand,392,677837
1fkb_ligand,393,659827
1fkb_ligand,394,615724
1fkb_ligand,395,647462
1fkb_ligand,396,781678
1fkb_ligand,397,743944
1fkb_ligand,398,681685
1fkb_ligand,399,604770
1fkb_ligand,400,594770
1fkb_ligand,401,678766
1fkb_ligand,402,696520
1fkb_ligand,403,720613
1fkb_ligand,404,684432
1fkb_ligand,405,654441
1fkb_ligand,406,566638
1fkb_ligand,407,642500
1fkb_ligand,408,809530
1fkb_ligand,409,762007
1fkb_ligand,410,673132
1fkb_ligand,411,620037
1fkb_ligand,412,565259
1fkb_ligand,413,687127
1fkb_ligand,414,793501
1fkb_ligand,415,687627
1fkb_ligand,416,529652
1fkb_ligand,417,555275
1fkb_ligand,418,654837
1fkb_ligand,419,784337
1fkb_ligand,420,720616
1fkb_ligand,421,549292
1fkb_ligand,422,577606
1fkb_ligand,423,716316
1fkb_ligand,424,749175
1fkb_ligand,425,744558
1fkb_ligand,426,706699
1fkb_ligand,427,588636
1fkb_ligand,428,698080
1fkb_ligand,429,668438
1fkb_ligand,430,788291
1fkb_ligand,431,634792
1fkb_ligand,432,639829
1fkb_ligand,433,639291
1fkb_ligand,434,697175
1fkb_ligand,435,694633
1fkb_ligand,436,608240
1fkb_ligand,437,626091
1fkb_ligand,438,690237
1fkb_ligand,439,807798
1fkb_ligand,440,713076
1fkb_ligand,441,572560
1fkb_ligand,442,678072
1fkb_ligand,443,724902
1fkb_ligand,444,779789
1fkb_ligand,445,620785
1fkb_ligand,446,653715
1fkb_ligand,447,659920
1fkb_ligand,448,835605
1fkb_ligand,449,599481
1fkb_ligand,450,723421
1fkb_ligand,451,705414
1fkb_ligand,452,638240
1fkb_ligand,453,607517
1fkb_ligand,454,738941
1fkb_ligand,455,651552
1fkb_ligand,456,774241
1fkb_ligand,457,654072
1fkb_ligand,458,609351
1fkb_ligand,459,660556
1fkb_ligand,460,820367
1fkb_ligand,461,580248
1fkb_ligand,462,672192
1fkb_ligand,463,668676
1fkb_ligand,464,625958
1fkb_ligand,465,654372
1fkb_ligand,466,782666
1fkb_ligand,467,596025
1fkb_ligand,468,711232
1fkb_ligand,469,637582
1fkb_ligand,470,804178
1fkb_ligand,471,613962
1fkb_ligand,472,689281
1fkb_ligand,473,785491
1fkb_ligand,474,711649
1fkb_ligand,475,719799
1fkb_ligand,476,744142
1fkb_ligand,477,765590
1fkb_ligand,478,704273
1fkb_ligand,479,649882
1fkb_ligand,480,753374
1fkb_ligand,481,682460
1fkb_ligand,482,653861
1fkb_ligand,483,654397
1fkb_ligand,484,744090
1fkb_ligand,485,888723
1fkb_ligand,486,605436
1fkb_ligand,487,630743
1fkb_ligand,488,750138
1fkb_ligand,489,802842
1fkb_ligand,490,813914
1fkb_ligand,491,687401
1fkb_ligand,492,721521
1fkb_ligand,493,655226
1fkb_ligand,494,768023
1fkb_ligand,495,660795
1fkb_ligand,496,632070
1fkb_ligand,497,632054
1fkb_ligand,498,675421
1fkb_ligand,499,831603
1fkb_ligand,500,663617
1fkb_ligand,501,800038
1fkb_ligand,502,716793
1fkb_ligand,503,756767
1fkb_ligand,504,618547
1fkb_ligand,505,758051
1fkb_ligand,506,740586
1fkb_ligand,507,836550
1fkb_ligand,508,615003
1fkb_ligand,509,764604
1fkb_ligand,510,596661
1fkb_ligand,511,658332
1fkb_ligand,512,579982
1fkb_ligand,513,697230
1fkb_ligand,514,596484
1fkb_ligand,515,733926
1fkb_ligand,516,749988
1fkb_ligand,517,815516
1fkb_ligand,518,590624
1fkb_ligand,519,662073
1fkb_ligand,520,742892
1fkb_ligand,521,835776
1fkb_ligand,522,584601
1fkb_ligand,523,620268
1fkb_ligand,524,677800
1fkb_ligand,525,790890
1fkb_ligand,526,604031
1fkb_ligand,527,746003
1fkb_ligand,528,662577
1fkb_ligand,529,814412
1fkb_ligand,530,588715
1fkb_ligand,531,566771
1fkb_ligand,532,600073
1fkb_ligand,533,638168
1fkb_ligand,534,679876
1fkb_ligand,535,663955
1fkb_ligand,536,678359
1fkb_ligand,537,840890
1fkb_ligand,538,664450
1fkb_ligand,539,785794
1fkb_ligand,540,593768
1fkb_ligand,541,606190
1fkb_ligand,542,665872
1fkb_ligand,543,619191
1fkb_ligand,544,736910
1fkb_ligand,545,580843
1fkb_ligand,546,805876
1fkb_ligand,547,621637
1fkb_ligand,548,606510
1fkb_ligand,549,588626
1fkb_ligand,550,708501
1fkb_ligand,551,805447
1fkb_ligand,552,618001
1fkb_ligand,553,715335
1fkb_ligand,554,643132
1fkb_ligand,555,768594
1fkb_ligand,556,591848
1fkb_ligand,557,690540
1fkb_ligand,558,646601
1fkb_ligand,559,781170
1fkb_ligand,560,618095
1fkb_ligand,561,662972
1fkb_ligand,562,714994
1fkb_ligand,563,753009
1fkb_ligand,564,615504
1fkb_ligand,565,705982
1fkb_ligand,566,558015
1fkb_ligand,567,615580
1fkb_ligand,568,688972
1fkb_ligand,569,840270
1fkb_ligand,570,594636
1fkb_ligand,571,628041
1fkb_ligand,572,620448
1fkb_ligand,573,637274
1fkb_ligand,574,736372
1fkb_ligand,575,596701
1fkb_ligand,576,707568
1fkb_ligand,577,695470
1fkb_ligand,578,770640
1fkb_ligand,579,582545
1fkb_ligand,580,693610
1fkb_ligand,581,613753
1fkb_ligand,582,635900
1fkb_ligand,583,821838
1fkb_ligand,584,667534
1fkb_ligand,585,804579
1fkb_ligand,586,873033
1fkb_ligand,587,867928
1fkb_ligand,588,650397
1fkb_ligand,589,649131
1fkb_ligand,590,665213
1fkb_ligand,591,744037
1fkb_ligand,592,578485
1fkb_ligand,593,632430
1fkb_ligand,594,651426
1fkb_ligand,595,783711
1fkb_ligand,596,679435
1fkb_ligand,597,813556
1fkb_ligand,598,638385
1fkb_ligand,599,667967
1fkb_ligand,600,676593
1fkb_ligand,601,763633
1fkb_ligand,602,603296
1fkb_ligand,603,645843
1fkb_ligand,604,742186
1fkb_ligand,605,835558
1fkb_ligand,606,584225
1fkb_ligand,607,558984
1fkb_ligand,608,611190
1fkb_ligand,609,690548
1fkb_ligand,610,552256
1fkb_ligand,611,676340
1fkb_ligand,612,756952
1fkb_ligand,613,781122
1fkb_ligand,614,656891
1fkb_ligand,615,667573
1fkb_ligand,616,731454
1fkb_ligand,617,603134
1fkb_ligand,618,667909
1fkb_ligand,619,610210
1fkb_ligand,620,733160
1fkb_ligand,621,584185
1fkb_ligand,622,672599
1fkb_ligand,623,531239
1fkb_ligand,624,592322
1fkb_ligand,625,573021
1fkb_ligand,626,727086
1fkb_ligand,627,699874
1fkb_ligand,628,623541
1fkb_ligand,629,708517
1fkb_ligand,630,637950
1fkb_ligand,631,656852
1fkb_ligand,632,664806
1fkb_ligand,633,744766
1fkb_ligand,634,629822
1fkb_ligand,635,605985
1fkb_ligand,636,695304
1fkb_ligand,637,572846
1fkb_ligand,638,599229
1fkb_ligand,639,518841
1fkb_ligand,640,631086
1fkb_ligand,641,731190
1fkb_ligand,642,786146
1fkb_ligand,643,585030
1fkb_ligand,644,569487
1fkb_ligand,645,619703
1fkb_ligand,646,604001
1fkb_ligand,647,653299
1fkb_ligand,648,695605
1fkb_ligand,649,615965
1fkb_ligand,650,626476
1fkb_ligand,651,673056
1fkb_ligand,652,578354
1fkb_ligand,653,636676
1fkb_ligand,654,635435
1fkb_ligand,655,650524
1fkb_ligand,656,739520
1fkb_ligand,657,732218
1fkb_ligand,658,637944
1fkb_ligand,659,580825
1fkb_ligand,660,535949
1fkb_ligand,661,643630
1fkb_ligand,662,608952
1fkb_ligand,663,732822
1fkb_ligand,664,572593
1fkb_ligand,665,668199
1fkb_ligand,666,573007
1fkb_ligand,667,690553
1fkb_ligand,668,596351
1fkb_ligand,669,672418
1fkb_ligand,670,510837
1fkb_ligand,671,548669
1fkb_ligand,672,521501
1fkb_ligand,673,561700
1fkb_ligand,674,537978
1fkb_ligand,675,630941
1fkb_ligand,676,543269
1fkb_ligand,677,765226
1fkb_ligand,678,588317
1fkb_ligand,679,677074
1fkb_ligand,680,629234
1fkb_ligand,681,702786
1fkb_ligand,682,616344
1fkb_ligand,683,699986
1fkb_ligand,684,595728
1fkb_ligand,685,682789
1fkb_ligand,686,648919
1fkb_ligand,687,794358
1fkb_ligand,688,568484
1fkb_ligand,689,717004
1fkb_ligand,690,761476
1fkb_ligand,691,788136
1fkb_ligand,692,623401
1fkb_ligand,693,811863
1fkb_ligand,694,662669
1fkb_ligand,695,794909
1fkb_ligand,696,569261
1fkb_ligand,697,649735
1fkb_ligand,698,682686
1fkb_ligand,699,791190
1fkb_ligand,700,579120
1fkb_ligand,701,581001
1fkb_ligand,702,588031
1fkb_ligand,703,637052
1fkb_ligand,704,733385
1fkb_ligand,705,705402
1fkb_ligand,706,594487
1fkb_ligand,707,743437
1fkb_ligand,708,582059
1fkb_ligand,709,602502
1fkb_ligand,710,730094
1fkb_ligand,711,594263
1fkb_ligand,712,693423
1fkb_ligand,713,627392
1fkb_ligand,714,715536
1fkb_ligand,715,583756
1fkb_ligand,716,747021
1fkb_ligand,717,659293
1fkb_ligand,718,701094
1fkb_ligand,719,615637
1fkb_ligand,720,859575
1fkb_ligand,721,622016
1fkb_ligand,722,698799
1fkb_ligand,723,521303
1fkb_ligand,724,549874
1fkb_ligand,725,536485
1fkb_ligand,726,555984
1fkb_ligand,727,523423
1fkb_ligand,728,578231
1fkb_ligand,729,621077
1fkb_ligand,730,722963
1fkb_ligand,731,615861
1fkb_ligand,732,674068
1fkb_ligand,733,623193
1fkb_ligand,734,633834
1fkb_ligand,735,663243
1fkb_ligand,736,686198
1fkb_ligand,737,683104
1fkb_ligand,738,661676
1fkb_ligand,739,618044
1fkb_ligand,740,615826
1fkb_ligand,741,566592
1fkb_ligand,742,665064
1fkb_ligand,743,535663
1fkb_ligand,744,635507
1fkb_ligand,745,582466
1fkb_ligand,746,622756
1fkb_ligand,747,606727
1fkb_ligand,748,612218
1fkb_ligand,749,533925
1fkb_ligand,750,579328
1fkb_ligand,751,638067
1fkb_ligand,752,766145
1fkb_ligand,753,642416
1fkb_ligand,754,655380
1fkb_ligand,755,690792
1fkb_ligand,756,708000
1fkb_ligand,757,569134
1fkb_ligand,758,671243
1fkb_ligand,759,734512
1fkb_ligand,760,676932
1fkb_ligand,761,578009
1fkb_ligand,762,661008
1fkb_ligand,763,669302
1fkb_ligand,764,646282
1fkb_ligand,765,750818
1fkb_ligand,766,634870
1fkb_ligand,767,616009
1fkb_ligand,768,735172
1fkb_ligand,769,674388
1fkb_ligand,770,690487
1fkb_ligand,771,619087
1fkb_ligand,772,714427
1fkb_ligand,773,631264
1fkb_ligand,774,711149
1fkb_ligand,775,541034
1fkb_ligand,776,534355
1fkb_ligand,777,576950
1fkb_ligand,778,504556
1fkb_ligand,779,569215
1fkb_ligand,780,554223
1fkb_ligand,781,623305
1fkb_ligand,782,748577
1fkb_ligand,783,740910
1fkb_ligand,784,673233
1fkb_ligand,785,650815
1fkb_ligand,786,693878
1fkb_ligand,787,592518
1fkb_ligand,788,659471
1fkb_ligand,789,696495
1fkb_ligand,790,685241
1fkb_ligand,791,594686
1fkb_ligand,792,616885
1fkb_ligand,793,689483
1fkb_ligand,794,770929
1fkb_ligand,795,719124
1fkb_ligand,796,666332
1fkb_ligand,797,533961
1fkb_ligand,798,583960
1fkb_ligand,799,573117
1fkb_ligand,800,754268
1fkb_ligand,801,591662
1fkb_ligand,802,708101
1fkb_ligand,803,588346
1fkb_ligand,804,629916
1fkb_ligand,805,578276
1fkb_ligand,806,581502
1fkb_ligand,807,617122
1fkb_ligand,808,638042
1fkb_ligand,809,644969
1fkb_ligand,810,590453
1fkb_ligand,811,691367
1fkb_ligand,812,655730
1fkb_ligand,813,683736
1fkb_ligand,814,753934
1fkb_ligand,815,546083
1fkb_ligand,816,659533
1fkb_ligand,817,555249
1fkb_ligand,818,589992
1fkb_ligand,819,615167
1fkb_ligand,820,706221
1fkb_ligand,821,564253
1fkb_ligand,822,580034
1fkb_ligand,823,608172
1fkb_ligand,824,562737
1fkb_ligand,825,636573
1fkb_ligand,826,687861
1fkb_ligand,827,627232
1fkb_ligand,828,713762
1fkb_ligand,829,762751
1fkb_ligand,830,639420
1fkb_ligand,831,636130
1fkb_ligand,832,682862
1fkb_ligand,833,581544
1fkb_ligand,834,643098
1fkb_ligand,835,687857
1fkb_ligand,836,692537
1fkb_ligand,837,558257
1fkb_ligand,838,625746
1fkb_ligand,839,531124
1fkb_ligand,840,572855
1fkb_ligand,841,643084
1fkb_ligand,842,663601
1fkb_ligand,843,603289
1fkb_ligand,844,671339
1fkb_ligand,845,648488
1fkb_ligand,846,694110
1fkb_ligand,847,591360
1fkb_ligand,848,655816
1fkb_ligand,849,600597
1fkb_ligand,850,619149
1fkb_ligand,851,664625
1fkb_ligand,852,674890
1fkb_ligand,853,656713
1fkb_ligand,854,642097
1fkb_ligand,855,672604
1fkb_ligand,856,644045
1fkb_ligand,857,590839
1fkb_ligand,858,678147
1fkb_ligand,859,609518
1fkb_ligand,860,678053
1fkb_ligand,861,657244
1fkb_ligand,862,727098
1fkb_ligand,863,594176
1fkb_ligand,864,615153
1fkb_ligand,865,638345
1fkb_ligand,866,705004
1fkb_ligand,867,586221
1fkb_ligand,868,633483
1fkb_ligand,869,672591
1fkb_ligand,870,598175
1fkb_ligand,871,536822
1fkb_ligand,872,578914
1fkb_ligand,873,529986
1fkb_ligand,874,578283
1fkb_ligand,875,653881
1fkb_ligand,876,676819
1fkb_ligand,877,679205
1fkb_ligand,878,671050
1fkb_ligand,879,617116
1fkb_ligand,880,667449
1fkb_ligand,881,670290
1fkb_ligand,882,733454
1fkb_ligand,883,675913
1fkb_ligand,884,622329
1fkb_ligand,885,663723
1fkb_ligand,886,778251
1fkb_ligand,887,566354
1fkb_ligand,888,688485
1fkb_ligand,889,556794
1fkb_ligand,890,664147
1fkb_ligand,891,581166
1fkb_ligand,892,597037
1fkb_ligand,893,531596
1fkb_ligand,894,623502
1fkb_ligand,895,608136
1fkb_ligand,896,633251
1fkb_ligand,897,618012
1fkb_ligand,898,685014
1fkb_ligand,899,760619
1fkb_ligand,900,710666
1fkb_ligand,901,652747
1fkb_ligand,902,607450
1fkb_ligand,903,690785
1fkb_ligand,904,693031
1fkb_ligand,905,599286
1fkb_ligand,906,545219
1fkb_ligand,907,522987
1fkb_ligand,908,594373
1fkb_ligand,909,642629
1fkb_ligand,910,606757
1fkb_ligand,911,651276
1fkb_ligand,912,562527
1fkb_ligand,913,566722
1fkb_ligand,914,567120
1fkb_ligand,915,638049
1fkb_ligand,916,626615
1fkb_ligand,917,623785
1fkb_ligand,918,615383
1fkb_ligand,919,667323
1fkb_ligand,920,622361
1fkb_ligand,921,641164
1fkb_ligand,922,586217
1fkb_ligand,923,635855
1fkb_ligand,924,662684
1fkb_ligand,925,602302
1fkb_ligand,926,655556
1fkb_ligand,927,563299
1fkb_ligand,928,545206
1fkb_ligand,929,523121
1fkb_ligand,930,548535
1fkb_ligand,931,524679
1fkb_ligand,932,579112
1fkb_ligand,933,577308
1fkb_ligand,934,670365
1fkb_ligand,935,585571
1fkb_ligand,936,625661
1fkb_ligand,937,592432
1fkb_ligand,938,672248
1fkb_ligand,939,657468
1fkb_ligand,940,568355
1fkb_ligand,941,565468
1fkb_ligand,942,516482
1fkb_ligand,943,516269
1fkb_ligand,944,591237
1fkb_ligand,945,777656
1fkb_ligand,946,623781
1fkb_ligand,947,583398
1fkb_ligand,948,716347
1fkb_ligand,949,540837
1fkb_ligand,950,557171
1fkb_ligand,951,536121
1fkb_ligand,952,577351
1fkb_ligand,953,625452
1fkb_ligand,954,728754
1fkb_ligand,955,800155
1fkb_ligand,956,618729
1fkb_ligand,957,708227
1fkb_ligand,958,637536
1fkb_ligand,959,623906
1fkb_ligand,960,629605
1fkb_ligand,961,705895
1fkb_ligand,962,554862
1fkb_ligand,963,616493
1fkb_ligand,964,574793
1fkb_ligand,965,670471
1fkb_ligand,966,557485
1fkb_ligand,967,638732
1fkb_ligand,968,643628
1fkb_ligand,969,638754
1fkb_ligand,970,665453
1fkb_ligand,971,743520
1fkb_ligand,972,597383
1fkb_ligand,973,580861
1fkb_ligand,974,696909
1fkb_ligand,975,756182
1fkb_ligand,976,651988
1fkb_ligand,977,605328
1fkb_ligand,978,569764
1fkb_ligand,979,641339
1fkb_ligand,980,620095
1fkb_ligand,981,718288
1fkb_ligand,982,591338
1fkb_ligand,983,649524
1fkb_ligand,984,683347
1fkb_ligand,985,744681
1fkb_ligand,986,620979
1fkb_ligand,987,640940
1fkb_ligand,988,603859
1fkb_ligand,989,669072
1fkb_ligand,990,661696
1fkb_ligand,991,558768
1fkb_ligand,992,594405
1fkb_ligand,993,613402
1fkb_ligand,994,645775
1fkb_ligand,995,636913
1fkb_ligand,996,715003
1fkb_ligand,997,646972
1fkb_ligand,998,734269
1fkb_ligand,999,565912
1fkb_ligand,1000,706612
1fkb_ligand,1001,713000
1fkb_ligand,1002,801907
1fkb_ligand,1003,596457
1fkb_ligand,1004,566788
1fkb_ligand,1005,570254
1fkb_ligand,1006,584499
1fkb_ligand,1007,584452
1fkb_ligand,1008,694188
1fkb_ligand,1009,905485
1fkb_ligand,1010,725249
1fkb_ligand,1011,627720
1fkb_ligand,1012,500304
1fkb_ligand,1013,555996
1fkb_ligand,1014,536315
1fkb_ligand,1015,611839
1fkb_ligand,1016,620415
1fkb_ligand,1017,739268
1fkb_ligand,1018,810980
1fkb_ligand,1019,588507
1fkb_ligand,1020,660338
1fkb_ligand,1021,614243
1fkb_ligand,1022,735372
1fkb_ligand,1023,584902
1fkb_ligand,1024,624183
1fkb_ligand,1025,597136
1fkb_ligand,1026,557114
1fkb_ligand,1027,656845
1fkb_ligand,1028,658965
1fkb_ligand,1029,773802
1fkb_ligand,1030,833263
1fkb_ligand,1031,638011
1fkb_ligand,1032,689285
1fkb_ligand,1033,744077
1fkb_ligand,1034,779937
1fkb_ligand,1035,623112
1fkb_ligand,1036,650547
1fkb_ligand,1037,633614
1fkb_ligand,1038,748139
1fkb_ligand,1039,581016
1fkb_ligand,1040,668649
1fkb_ligand,1041,644223
1fkb_ligand,1042,655329
1fkb_ligand,1043,689164
1fkb_ligand,1044,778890
1fkb_ligand,1045,599887
1fkb_ligand,1046,565694
1fkb_ligand,1047,626658
1fkb_ligand,1048,731563
1fkb_ligand,1049,580975
1fkb_ligand,1050,621554
1fkb_ligand,1051,803882
1fkb_ligand,1052,786708
1fkb_ligand,1053,649321
1fkb_ligand,1054,590095
1fkb_ligand,1055,598056
1fkb_ligand,1056,637495
1fkb_ligand,1057,682134
1fkb_ligand,1058,830011
1fkb_ligand,1059,663672
1fkb_ligand,1060,672450
1fkb_ligand,1061,669319
1fkb_ligand,1062,634938
1fkb_ligand,1063,601811
1fkb_ligand,1064,658513
1fkb_ligand,1065,604508
1fkb_ligand,1066,691642
1fkb_ligand,1067,646962
1fkb_ligand,1068,844978
1fkb_ligand,1069,633945
1fkb_ligand,1070,715292
1fkb_ligand,1071,721322
1fkb_ligand,1072,854736
1fkb_ligand,1073,651978
1fkb_ligand,1074,705961
1fkb_ligand,1075,698582
1fkb_ligand,1076,656566
1fkb_ligand,1077,699934
1fkb_ligand,1078,595955
1fkb_ligand,1079,653438
1fkb_ligand,1080,508294
1fkb_ligand,1081,602496
1fkb_ligand,1082,580366
1fkb_ligand,1083,562399
1fkb_ligand,1084,616580
1fkb_ligand,1085,683696
1fkb_ligand,1086,791154
1fkb_ligand,1087,634975
1fkb_ligand,1088,651034
1fkb_ligand,1089,740264
1fkb_ligand,1090,788720
1fkb_ligand,1091,684895
1fkb_ligand,1092,578854
1fkb_ligand,1093,577647
1fkb_ligand,1094,613770
1fkb_ligand,1095,659150
1fkb_ligand,1096,699779
1fkb_ligand,1097,595381
1fkb_ligand,1098,701164
1fkb_ligand,1099,602863
1fkb_ligand,1100,622266
1fkb_ligand,1101,620344
1fkb_ligand,1102,662621
1fkb_ligand,1103,667660
1fkb_ligand,1104,753858
1fkb_ligand,1105,620849
1fkb_ligand,1106,597792
1fkb_ligand,1107,600575
1fkb_ligand,1108,591837
1fkb_ligand,1109,600808
1fkb_ligand,1110,719021
1fkb_ligand,1111,581293
1fkb_ligand,1112,623333
1fkb_ligand,1113,608510
1fkb_ligand,1114,746958
1fkb_ligand,1115,621018
1fkb_ligand,1116,606386
1fkb_ligand,1117,578607
1fkb_ligand,1118,610747
1fkb_ligand,1119,689778
1fkb_ligand,1120,643561
1fkb_ligand,1121,713797
1fkb_ligand,1122,613809
1fkb_ligand,1123,652793
1fkb_ligand,1124,568145
1fkb_ligand,1125,783275
1fkb_ligand,1126,584490
1fkb_ligand,1127,577882
1fkb_ligand,1128,566584
1fkb_ligand,1129,664949
1fkb_ligand,1130,692291
1fkb_ligand,1131,723305
1fkb_ligand,1132,628062
1fkb_ligand,1133,625769
1fkb_ligand,1134,660576
1fkb_ligand,1135,652671
1fkb_ligand,1136,659854
1fkb_ligand,1137,718900
1fkb_ligand,1138,722865
1fkb_ligand,1139,683699
1fkb_ligand,1140,587986
1fkb_ligand,1141,656887
1fkb_ligand,1142,656046
1fkb_ligand,1143,762465
1fkb_ligand,1144,592445
1fkb_ligand,1145,662364
1fkb_ligand,1146,695650
1fkb_ligand,1147,601074
1fkb_ligand,1148,595345
1fkb_ligand,1149,668456
1fkb_ligand,1150,767088
1fkb_ligand,1151,570416
1fkb_ligand,1152,557169
1fkb_ligand,1153,548049
1fkb_ligand,1154,603546
1fkb_ligand,1155,706237
1fkb_ligand,1156,796312
1fkb_ligand,1157,781288
1fkb_ligand,1158,606319
1fkb_ligand,1159,616718
1fkb_ligand,1160,597918
1fkb_ligand,1161,731766
1fkb_ligand,1162,698922
1fkb_ligand,1163,620196
1fkb_ligand,1164,593458
1fkb_ligand,1165,615588
1fkb_ligand,1166,650473
1fkb_ligand,1167,678064
1fkb_ligand,1168,720091
1fkb_ligand,1169,622072
1fkb_ligand,1170,729432
1fkb_ligand,1171,628820
1fkb_ligand,1172,698794
1fkb_ligand,1173,685590
1fkb_ligand,1174,790933
1fkb_ligand,1175,634132
1fkb_ligand,1176,620814
1fkb_ligand,1177,526348
1fkb_ligand,1178,585872
1fkb_ligand,1179,512637
1fkb_ligand,1180,559909
1fkb_ligand,1181,583482
1fkb_ligand,1182,704448
1fkb_ligand,1183,868049
1fkb_ligand,1184,665669
1fkb_ligand,1185,654748
1fkb_ligand,1186,613649
1fkb_ligand,1187,726774
1fkb_ligand,1188,761992
1fkb_ligand,1189,589716
1fkb_ligand,1190,526530
1fkb_ligand,1191,643043
1fkb_ligand,1192,618636
1fkb_ligand,1193,716501
1fkb_ligand,1194,588386
1fkb_ligand,1195,654143
1fkb_ligand,1196,704839
1fkb_ligand,1197,568820
1fkb_ligand,1198,742294
1fkb_ligand,1199,834771
1fkb_ligand,1200,655626
1fkb_ligand,1201,637623
1fkb_ligand,1202,607980
1fkb_ligand,1203,633192
1fkb_ligand,1204,656434
1fkb_ligand,1205,691257
1fkb_ligand,1206,734119
1fkb_ligand,1207,802091
1fkb_ligand,1208,579019
1fkb_ligand,1209,519484
1fkb_ligand,1210,570628
1fkb_ligand,1211,708263
1fkb_ligand,1212,772291
1fkb_ligand,1213,558967
1fkb_ligand,1214,532580
1fkb_ligand,1215,569974
1fkb_ligand,1216,655288
1fkb_ligand,1217,701771
1fkb_ligand,1218,710433
1fkb_ligand,1219,675881
1fkb_ligand,1220,595815
1fkb_ligand,1221,660465
1fkb_ligand,1222,625392
1fkb_ligand,1223,730504
1fkb_ligand,1224,563515
1fkb_ligand,1225,667655
1fkb_ligand,1226,687910
1fkb_ligand,1227,610750
1fkb_ligand,1228,705717
1fkb_ligand,1229,561215
1fkb_ligand,1230,755018
1fkb_ligand,1231,588554
1fkb_ligand,1232,729630
1fkb_ligand,1233,562662
1fkb_ligand,1234,716244
1fkb_ligand,1235,627471
1fkb_ligand,1236,706913
1fkb_ligand,1237,560124
1fkb_ligand,1238,719934
1fkb_ligand,1239,574410
1fkb_ligand,1240,725570
1fkb_ligand,1241,588554
1fkb_ligand,1242,596598
1fkb_ligand,1243,597729
1fkb_ligand,1244,697407
1fkb_ligand,1245,866437
1fkb_ligand,1246,626152
1fkb_ligand,1247,707296
1fkb_ligand,1248,710504
1fkb_ligand,1249,798132
1fkb_ligand,1250,545324
1fkb_ligand,1251,559574
1fkb_ligand,1252,724232
1fkb_ligand,1253,629885
1fkb_ligand,1254,638438
1fkb_ligand,1255,552494
1fkb_ligand,1256,585485
1fkb_ligand,1257,826809
1fkb_ligand,1258,730225
1fkb_ligand,1259,662352
1fkb_ligand,1260,552855
1fkb_ligand,1261,593354
1fkb_ligand,1262,548618
1fkb_ligand,1263,637726
1fkb_ligand,1264,654514
1fkb_ligand,1265,633589
1fkb_ligand,1266,590926
1fkb_ligand,1267,673413
1fkb_ligand,1268,603316
1fkb_ligand,1269,682792
1fkb_ligand,1270,601741
1fkb_ligand,1271,695118
1fkb_ligand,1272,631809
1fkb_ligand,1273,756387
1fkb_ligand,1274,582234
1fkb_ligand,1275,611039
1fkb_ligand,1276,575759
1fkb_ligand,1277,669289
1fkb_ligand,1278,613389
1fkb_ligand,1279,783607
1fkb_ligand,1280,601258
1fkb_ligand,1281,674588
1fkb_ligand,1282,642401
1fkb_ligand,1283,700133
1fkb_ligand,1284,611745
1fkb_ligand,1285,623724
1fkb_ligand,1286,697370
1fkb_ligand,1287,772916
1fkb_ligand,1288,580726
1fkb_ligand,1289,669274
1fkb_ligand,1290,662776
1fkb_ligand,1291,820819
1fkb_ligand,1292,584005
1fkb_ligand,1293,609612
1fkb_ligand,1294,565155
1fkb_ligand,1295,648720
1fkb_ligand,1296,614252
1fkb_ligand,1297,712626
1fkb_ligand,1298,596239
1fkb_ligand,1299,723142
1fkb_ligand,1300,606077
1fkb_ligand,1301,679531
1fkb_ligand,1302,620029
1fkb_ligand,1303,750473
1fkb_ligand,1304,585458
1fkb_ligand,1305,647623
1fkb_ligand,1306,700884
1fkb_ligand,1307,746431
1fkb_ligand,1308,602662
1fkb_ligand,1309,699710
1fkb_ligand,1310,701308
1fkb_ligand,1311,752978
1fkb_ligand,1312,591162
1fkb_ligand,1313,652161
1fkb_ligand,1314,719255
1fkb_ligand,1315,801782
1fkb_ligand,1316,599701
1fkb_ligand,1317,611853
1fkb_ligand,1318,751085
1fkb_ligand,1319,692750
1fkb_ligand,1320,643616
1fkb_ligand,1321,724677
1fkb_ligand,1322,687054
1fkb_ligand,1323,645507
1fkb_ligand,1324,631384
1fkb_ligand,1325,564156
1fkb_ligand,1326,560636
1fkb_ligand,1327,724560
1fkb_ligand,1328,638251
1fkb_ligand,1329,640950
1fkb_ligand,1330,523862
1fkb_ligand,1331,577589
1fkb_ligand,1332,518497
1fkb_ligand,1333,609488
1fkb_ligand,1334,615652
1fkb_ligand,1335,596800
1fkb_ligand,1336,618931
1fkb_ligand,1337,748365
1fkb_ligand,1338,647322
1fkb_ligand,1339,768327
1fkb_ligand,1340,593085
1fkb_ligand,1341,633976
1fkb_ligand,1342,689825
1fkb_ligand,1343,810837
1fkb_ligand,1344,568041
1fkb_ligand,1345,636796
1fkb_ligand,1346,700615
1fkb_ligand,1347,738305
1fkb_ligand,1348,740782
1fkb_ligand,1349,826760
1fkb_ligand,1350,556089
1fkb_ligand,1351,616465
1fkb_ligand,1352,631166
1fkb_ligand,1353,856692
1fkb_ligand,1354,756403
1fkb_ligand,1355,585223
1fkb_ligand,1356,688821
1fkb_ligand,1357,809677
1fkb_ligand,1358,686108
1fkb_ligand,1359,687467
1fkb_ligand,1360,658739
1fkb_ligand,1361,702756
1fkb_ligand,1362,814711
1fkb_ligand,1363,753113
1fkb_ligand,1364,586461
1fkb_ligand,1365,589463
1fkb_ligand,1366,584662
1fkb_ligand,1367,583417
1fkb_ligand,1368,707879
1fkb_ligand,1369,632901
1fkb_ligand,1370,646738
1fkb_ligand,1371,707257
1fkb_ligand,1372,775037
1fkb_ligand,1373,626096
1fkb_ligand,1374,644198
1fkb_ligand,1375,626384
1fkb_ligand,1376,640015
1fkb_ligand,1377,667489
1fkb_ligand,1378,623558
1fkb_ligand,1379,670794
1fkb_ligand,1380,609320
1fkb_ligand,1381,723392
1fkb_ligand,1382,646695
1fkb_ligand,1383,662553
1fkb_ligand,1384,704465
1fkb_ligand,1385,740996
1fkb_ligand,1386,677969
1fkb_ligand,1387,674410
1fkb_ligand,1388,706790
1fkb_ligand,1389,721325
1fkb_ligand,1390,686755
1fkb_ligand,1391,629761
1fkb_ligand,1392,827305
1fkb_ligand,1393,677540
1fkb_ligand,1394,726796
1fkb_ligand,1395,681590
1fkb_ligand,1396,812476
1fkb_ligand,1397,706324
1fkb_ligand,1398,705639
1fkb_ligand,1399,848016
1fkb_ligand,1400,728188
1fkb_ligand,1401,624970
1fkb_ligand,1402,706926
1fkb_ligand,1403,711136
1fkb_ligand,1404,878947
1fkb_ligand,1405,595457
1fkb_ligand,1406,681528
1fkb_ligand,1407,685789
1fkb_ligand,1408,689811
1fkb_ligand,1409,639199
1fkb_ligand,1410,682039
1fkb_ligand,1411,657126
1fkb_ligand,1412,693818
1fkb_ligand,1413,786726
1fkb_ligand,1414,658139
1fkb_ligand,1415,769187
1fkb_ligand,1416,611858
1fkb_ligand,1417,673584
1fkb_ligand,1418,520437
1fkb_ligand,1419,629739
1fkb_ligand,1420,621568
1fkb_ligand,1421,631530
1fkb_ligand,1422,691932
1fkb_ligand,1423,682813
1fkb_ligand,1424,731181
1fkb_ligand,1425,812334
1fkb_ligand,1426,743380
1fkb_ligand,1427,599713
1fkb_ligand,1428,713967
1fkb_ligand,1429,676656
1fkb_ligand,1430,649324
1fkb_ligand,1431,675917
1fkb_ligand,1432,791342
1fkb_ligand,1433,625632
1fkb_ligand,1434,652204
1fkb_ligand,1435,627752
1fkb_ligand,1436,641454
1fkb_ligand,1437,766969
1fkb_ligand,1438,562869
1fkb_ligand,1439,636296
1fkb_ligand,1440,668124
1fkb_ligand,1441,761937
1fkb_ligand,1442,628376
1fkb_ligand,1443,677548
1fkb_ligand,1444,697794
1fkb_ligand,1445,783165
1fkb_ligand,1446,641570
1fkb_ligand,1447,708147
1fkb_ligand,1448,765188
1fkb_ligand,1449,907944
1fkb_ligand,1450,844100
1fkb_ligand,1451,693419
1fkb_ligand,1452,721888
1fkb_ligand,1453,633201
1fkb_ligand,1454,795111
1fkb_ligand,1455,708061
1fkb_ligand,1456,700557
1fkb_ligand,1457,650226
1fkb_ligand,1458,665522
1fkb_ligand,1459,790852
1fkb_ligand,1460,555665
1fkb_ligand,1461,557177
1fkb_ligand,1462,607012
1fkb_ligand,1463,788450
1fkb_ligand,1464,755573
1fkb_ligand,1465,627004
1fkb_ligand,1466,616477
1fkb_ligand,1467,603796
1fkb_ligand,1468,612427
1fkb_ligand,1469,800126
1fkb_ligand,1470,637578
1fkb_ligand,1471,563921
1fkb_ligand,1472,597793
1fkb_ligand,1473,554028
1fkb_ligand,1474,643001
1fkb_ligand,1475,491434
1fkb_ligand,1476,542744
1fkb_ligand,1477,590673
1fkb_ligand,1478,749440
1fkb_ligand,1479,548504
1fkb_ligand,1480,572654
1fkb_ligand,1481,589430
1fkb_ligand,1482,675351
1fkb_ligand,1483,570467
1fkb_ligand,1484,709590
1fkb_ligand,1485,603290
1fkb_ligand,1486,653113
1fkb_ligand,1487,604841
1fkb_ligand,1488,741882
1fkb_ligand,1489,579690
1fkb_ligand,1490,618776
1fkb_ligand,1491,691785
1fkb_ligand,1492,661601
1fkb_ligand,1493,617510
1fkb_ligand,1494,703669
1fkb_ligand,1495,616799
1fkb_ligand,1496,706613
1fkb_ligand,1497,631239
1fkb_ligand,1498,706879
1fkb_ligand,1499,634479
1fkb_ligand,1500,672245
1fkb_ligand,1501,728622
1fkb_ligand,1502,795533
1fkb_ligand,1503,576277
1fkb_ligand,1504,631187
1fkb_ligand,1505,686104
1fkb_ligand,1506,667910
1fkb_ligand,1507,689119
1fkb_ligand,1508,618505
1fkb_ligand,1509,655001
1fkb_ligand,1510,692678
1fkb_ligand,1511,761933
1fkb_ligand,1512,565526
1fkb_ligand,1513,601568
1fkb_ligand,1514,641297
1fkb_ligand,1515,864388
1fkb_ligand,1516,774973
1fkb_ligand,1517,626284
1fkb_ligand,1518,748415
1fkb_ligand,1519,657072
1fkb_ligand,1520,636357
1fkb_ligand,1521,788270
1fkb_ligand,1522,732781
1fkb_ligand,1523,589484
1fkb_ligand,1524,649652
1fkb_ligand,1525,692667
1fkb_ligand,1526,754342
1fkb_ligand,1527,608840
1fkb_ligand,1528,628778
1fkb_ligand,1529,602006
1fkb_ligand,1530,691890
1fkb_ligand,1531,738452
1fkb_ligand,1532,742241
1fkb_ligand,1533,703702
1fkb_ligand,1534,599699
1fkb_ligand,1535,603919
1fkb_ligand,1536,623828
1fkb_ligand,1537,684811
1fkb_ligand,1538,687035
1fkb_ligand,1539,634599
1fkb_ligand,1540,700499
1fkb_ligand,1541,575511
1fkb_ligand,1542,680771
1fkb_ligand,1543,609997
1fkb_ligand,1544,711587
1fkb_ligand,1545,606366
1fkb_ligand,1546,707327
1fkb_ligand,1547,632977
1fkb_ligand,1548,731128
1fkb_ligand,1549,606997
1fkb_ligand,1550,726234
1fkb_ligand,1551,659945
1fkb_ligand,1552,782187
1fkb_ligand,1553,647300
1fkb_ligand,1554,811996
1fkb_ligand,1555,658113
1fkb_ligand,1556,793017
1fkb_ligand,1557,673786
1fkb_ligand,1558,628563
1fkb_ligand,1559,694776
1fkb_ligand,1560,791857
1fkb_ligand,1561,606596
1fkb_ligand,1562,628276
1fkb_ligand,1563,705957
1fkb_ligand,1564,709504
1fkb_ligand,1565,792856
1fkb_ligand,1566,636017
1fkb_ligand,1567,815087
1fkb_ligand,1568,648788
1fkb_ligand,1569,791863
1fkb_ligand,1570,673577
1fkb_ligand,1571,796390
1fkb_ligand,1572,600540
1fkb_ligand,1573,679517
1fkb_ligand,1574,600548
1fkb_ligand,1575,897375
1fkb_ligand,1576,742278
1fkb_ligand,1577,730682
1fkb_ligand,1578,518663
1fkb_ligand,1579,557627
1fkb_ligand,1580,553342
1fkb_ligand,1581,648044
1fkb_ligand,1582,637566
1fkb_ligand,1583,620379
1fkb_ligand,1584,618634
1fkb_ligand,1585,675726
1fkb_ligand,1586,605243
1fkb_ligand,1587,618344
1fkb_ligand,1588,687093
1fkb_ligand,1589,863445
1fkb_ligand,1590,698145
1fkb_ligand,1591,602886
1fkb_ligand,1592,678095
1fkb_ligand,1593,725574
1fkb_ligand,1594,752142
1fkb_ligand,1595,619974
1fkb_ligand,1596,627757
1fkb_ligand,1597,591875
1fkb_ligand,1598,606582
1fkb_ligand,1599,640232
1fkb_ligand,1600,590461
1fkb_ligand,1601,711525
1fkb_ligand,1602,670165
1fkb_ligand,1603,683726
1fkb_ligand,1604,709735
1fkb_ligand,1605,704009
1fkb_ligand,1606,691339
1fkb_ligand,1607,585741
1fkb_ligand,1608,624129
1fkb_ligand,1609,773351
1fkb_ligand,1610,697905
1fkb_ligand,1611,595388
1fkb_ligand,1612,652773
1fkb_ligand,1613,692672
1fkb_ligand,1614,735769
1fkb_ligand,1615,587050
1fkb_ligand,1616,668069
1fkb_ligand,1617,699804
1fkb_ligand,1618,634793
1fkb_ligand,1619,569567
1fkb_ligand,1620,522181
1fkb_ligand,1621,600061
1fkb_ligand,1622,585832
1fkb_ligand,1623,584680
1fkb_ligand,1624,565434
1fkb_ligand,1625,572104
1fkb_ligand,1626,661128
1fkb_ligand,1627,709524
1fkb_ligand,1628,640152
1fkb_ligand,1629,666702
1fkb_ligand,1630,721786
1fkb_ligand,1631,771780
1fkb_ligand,1632,570347
1fkb_ligand,1633,601802
1fkb_ligand,1634,648469
1fkb_ligand,1635,639337
1fkb_ligand,1636,579448
1fkb_ligand,1637,750453
1fkb_ligand,1638,697507
1fkb_ligand,1639,834855
1fkb_ligand,1640,623789
1fkb_ligand,1641,697055
1fkb_ligand,1642,651347
1fkb_ligand,1643,747698
1fkb_ligand,1644,772771
1fkb_ligand,1645,742841
1fkb_ligand,1646,741639
1fkb_ligand,1647,661235
1fkb_ligand,1648,739275
1fkb_ligand,1649,837995
1fkb_ligand,1650,744146
1fkb_ligand,1651,648227
1fkb_ligand,1652,659047
1fkb_ligand,1653,665777
1fkb_ligand,1654,765444
1fkb_ligand,1655,605375
1fkb_ligand,1656,736884
1fkb_ligand,1657,747028
1fkb_ligand,1658,799823
1fkb_ligand,1659,691956
1fkb_ligand,1660,707570
1fkb_ligand,1661,629025
1fkb_ligand,1662,687132
1fkb_ligand,1663,648395
1fkb_ligand,1664,737241
1fkb_ligand,1665,616850
1fkb_ligand,1666,715476
1fkb_ligand,1667,623378
1fkb_ligand,1668,672158
1fkb_ligand,1669,690928
1fkb_ligand,1670,798058
1fkb_ligand,1671,587117
1fkb_ligand,1672,673350
1fkb_ligand,1673,691950
1fkb_ligand,1674,757030
1fkb_ligand,1675,607003
1fkb_ligand,1676,664067
1fkb_ligand,1677,749742
1fkb_ligand,1678,852247
1fkb_ligand,1679,624999
1fkb_ligand,1680,626599
1fkb_ligand,1681,598872
1fkb_ligand,1682,764391
1fkb_ligand,1683,622468
1fkb_ligand,1684,646671
1fkb_ligand,1685,646642
1fkb_ligand,1686,645082
1fkb_ligand,1687,605082
1fkb_ligand,1688,577402
1fkb_ligand,1689,592898
1fkb_ligand,1690,622868
1fkb_ligand,1691,686842
1fkb_ligand,1692,614515
1fkb_ligand,1693,750792
1fkb_ligand,1694,807898
1fkb_ligand,1695,702545
1fkb_ligand,1696,673088
1fkb_ligand,1697,723132
1fkb_ligand,1698,674429
1fkb_ligand,1699,675579
1fkb_ligand,1700,810935
1fkb_ligand,1701,730130
1fkb_ligand,1702,610457
1fkb_ligand,1703,733115
1fkb_ligand,1704,786630
1fkb_ligand,1705,665270
1fkb_ligand,1706,606912
1fkb_ligand,1707,577447
1fkb_ligand,1708,705253
1fkb_ligand,1709,708295
1fkb_ligand,1710,752671
1fkb_ligand,1711,630722
1fkb_ligand,1712,723079
1fkb_ligand,1713,667757
1fkb_ligand,1714,809552
1fkb_ligand,1715,656746
1fkb_ligand,1716,665232
1fkb_ligand,1717,599800
1fkb_ligand,1718,738351
1fkb_ligand,1719,693422
1fkb_ligand,1720,738205
1fkb_ligand,1721,678705
1fkb_ligand,1722,691806
1fkb_ligand,1723,680655
1fkb_ligand,1724,716104
1fkb_ligand,1725,672096
1fkb_ligand,1726,810097
1fkb_ligand,1727,617863
1fkb_ligand,1728,715782
1fkb_ligand,1729,701235
1fkb_ligand,1730,788366
1fkb_ligand,1731,639693
1fkb_ligand,1732,755181
1fkb_ligand,1733,672473
1fkb_ligand,1734,804414
1fkb_ligand,1735,734633
1fkb_ligand,1736,847788
1fkb_ligand,1737,728823
1fkb_ligand,1738,674829
1fkb_ligand,1739,975898
1fkb_ligand,1740,708734
1fkb_ligand,1741,633163
1fkb_ligand,1742,796070
1fkb_ligand,1743,793984
1fkb_ligand,1744,604973
1fkb_ligand,1745,733168
1fkb_ligand,1746,661408
1fkb_ligand,1747,861267
1fkb_ligand,1748,675252
1fkb_ligand,1749,788245
1fkb_ligand,1750,774750
1fkb_ligand,1751,847986
1fkb_ligand,1752,613452
1fkb_ligand,1753,685770
1fkb_ligand,1754,736914
1fkb_ligand,1755,728241
1fkb_ligand,1756,567040
1fkb_ligand,1757,580573
1fkb_ligand,1758,599277
1fkb_ligand,1759,581727
1fkb_ligand,1760,651980
1fkb_ligand,1761,703645
1fkb_ligand,1762,749603
1fkb_ligand,1763,584388
1fkb_ligand,1764,639599
1fkb_ligand,1765,639563
1fkb_ligand,1766,687949
1fkb_ligand,1767,816991
1fkb_ligand,1768,678621
1fkb_ligand,1769,575909
1fkb_ligand,1770,544778
1fkb_ligand,1771,639446
1fkb_ligand,1772,730430
1fkb_ligand,1773,816276
1fkb_ligand,1774,644022
1fkb_ligand,1775,655905
1fkb_ligand,1776,524544
1fkb_ligand,1777,634044
1fkb_ligand,1778,646108
1fkb_ligand,1779,605864
1fkb_ligand,1780,637940
1fkb_ligand,1781,712062
1fkb_ligand,1782,645490
1fkb_ligand,1783,765340
1fkb_ligand,1784,699578
1fkb_ligand,1785,678123
1fkb_ligand,1786,588183
1fkb_ligand,1787,644715
1fkb_ligand,1788,708282
1fkb_ligand,1789,807032
1fkb_ligand,1790,612191
1fkb_ligand,1791,712852
1fkb_ligand,1792,739684
1fkb_ligand,1793,781356
1fkb_ligand,1794,592803
1fkb_ligand,1795,643018
1fkb_ligand,1796,782633
1fkb_ligand,1797,998867
1fkb_ligand,1798,566461
1fkb_ligand,1799,535247
1fkb_ligand,1800,595978
1fkb_ligand,1801,566177
1fkb_ligand,1802,649934
1fkb_ligand,1803,570501
1fkb_ligand,1804,666213
1fkb_ligand,1805,644684
1fkb_ligand,1806,706910
1fkb_ligand,1807,584822
1fkb_ligand,1808,560696
1fkb_ligand,1809,582371
1fkb_ligand,1810,635275
1fkb_ligand,1811,803213
1fkb_ligand,1812,705144
1fkb_ligand,1813,650731
1fkb_ligand,1814,637788
1fkb_ligand,1815,727462
1fkb_ligand,1816,734266
1fkb_ligand,1817,720798
1fkb_ligand,1818,595875
1fkb_ligand,1819,735150
1fkb_ligand,1820,613083
1fkb_ligand,1821,673800
1fkb_ligand,1822,665276
1fkb_ligand,1823,814754
1fkb_ligand,1824,550994
1fkb_ligand,1825,630744
1fkb_ligand,1826,645799
1fkb_ligand,1827,778692
1fkb_ligand,1828,565003
1fkb_ligand,1829,643703
1fkb_ligand,1830,645666
1fkb_ligand,1831,758520
1fkb_ligand,1832,610980
1fkb_ligand,1833,647051
1fkb_ligand,1834,647861
1fkb_ligand,1835,648437
1fkb_ligand,1836,725438
1fkb_ligand,1837,621717
1fkb_ligand,1838,790407
1fkb_ligand,1839,634178
1fkb_ligand,1840,794735
1fkb_ligand,1841,605620
1fkb_ligand,1842,767283
1fkb_ligand,1843,777569
1fkb_ligand,1844,833496
1fkb_ligand,1845,562928
1fkb_ligand,1846,621510
1fkb_ligand,1847,689886
1fkb_ligand,1848,846730
1fkb_ligand,1849,809387
1fkb_ligand,1850,633301
1fkb_ligand,1851,780603
1fkb_ligand,1852,699225
1fkb_ligand,1853,698404
1fkb_ligand,1854,828926
1fkb_ligand,1855,742374
1fkb_ligand,1856,656724
1fkb_ligand,1857,599496
1fkb_ligand,1858,677361
1fkb_ligand,1859,669831
1fkb_ligand,1860,734650
1fkb_ligand,1861,580308
1fkb_ligand,1862,529553
1fkb_ligand,1863,574070
1fkb_ligand,1864,790554
1fkb_ligand,1865,790720
1fkb_ligand,1866,590575
1fkb_ligand,1867,651470
1fkb_ligand,1868,687293
1fkb_ligand,1869,806228
1fkb_ligand,1870,586199
1fkb_ligand,1871,609090
1fkb_ligand,1872,789321
1fkb_ligand,1873,691061
1fkb_ligand,1874,589195
1fkb_ligand,1875,641402
1fkb_ligand,1876,710574
1fkb_ligand,1877,805473
1fkb_ligand,1878,604128
1fkb_ligand,1879,582522
1fkb_ligand,1880,581310
1fkb_ligand,1881,579485
1fkb_ligand,1882,576802
1fkb_ligand,1883,624683
1fkb_ligand,1884,663534
1fkb_ligand,1885,600354
1fkb_ligand,1886,594219
1fkb_ligand,1887,706611
1fkb_ligand,1888,829082
1fkb_ligand,1889,674200
1fkb_ligand,1890,613568
1fkb_ligand,1891,658460
1fkb_ligand,1892,673055
1fkb_ligand,1893,704800
1fkb_ligand,1894,619401
1fkb_ligand,1895,635504
1fkb_ligand,1896,719563
1fkb_ligand,1897,740607
1fkb_ligand,1898,588399
1fkb_ligand,1899,669853
1fkb_ligand,1900,692272
1fkb_ligand,1901,603193
1fkb_ligand,1902,600569
1fkb_ligand,1903,628845
1fkb_ligand,1904,754516
1fkb_ligand,1905,566690
1fkb_ligand,1906,682257
1fkb_ligand,1907,667600
1fkb_ligand,1908,743762
1fkb_ligand,1909,604835
1fkb_ligand,1910,612020
1fkb_ligand,1911,646487
1fkb_ligand,1912,711411
1fkb_ligand,1913,783836
1fkb_ligand,1914,699170
1fkb_ligand,1915,632309
1fkb_ligand,1916,778592
1fkb_ligand,1917,600577
1fkb_ligand,1918,734027
1fkb_ligand,1919,738608
1fkb_ligand,1920,855949
1fkb_ligand,1921,540205
1fkb_ligand,1922,565582
1fkb_ligand,1923,584437
1fkb_ligand,1924,551706
1fkb_ligand,1925,646873
1fkb_ligand,1926,513278
1fkb_ligand,1927,599523
1fkb_ligand,1928,669625
1fkb_ligand,1929,703764
1fkb_ligand,1930,754591
1fkb_ligand,1931,589777
1fkb_ligand,1932,607802
1fkb_ligand,1933,667384
1fkb_ligand,1934,765835
1fkb_ligand,1935,633557
1fkb_ligand,1936,696823
1fkb_ligand,1937,806150
1fkb_ligand,1938,764138
1fkb_ligand,1939,623932
1fkb_ligand,1940,613250
1fkb_ligand,1941,584843
1fkb_ligand,1942,730854
1fkb_ligand,1943,692346
1fkb_ligand,1944,593200
1fkb_ligand,1945,682785
1fkb_ligand,1946,780094
1fkb_ligand,1947,587671
1fkb_ligand,1948,625206
1fkb_ligand,1949,676606
1fkb_ligand,1950,773356
1fkb_ligand,1951,688963
1fkb_ligand,1952,717437
1fkb_ligand,1953,749978
1fkb_ligand,1954,660129
1fkb_ligand,1955,674850
1fkb_ligand,1956,642497
1fkb_ligand,1957,629883
1fkb_ligand,1958,666644
1fkb_ligand,1959,687942
1fkb_ligand,1960,581105
1fkb_ligand,1961,687198
1fkb_ligand,1962,664609
1fkb_ligand,1963,807208
1fkb_ligand,1964,603026
1fkb_ligand,1965,611545
1fkb_ligand,1966,597164
1fkb_ligand,1967,678825
1fkb_ligand,1968,595124
1fkb_ligand,1969,646732
1fkb_ligand,1970,698494
1fkb_ligand,1971,755881
1fkb_ligand,1972,878836
1fkb_ligand,1973,612170
1fkb_ligand,1974,652586
1fkb_ligand,1975,627392
1fkb_ligand,1976,610229
1fkb_ligand,1977,625404
1fkb_ligand,1978,702684
1fkb_ligand,1979,621542
1fkb_ligand,1980,667529
1fkb_ligand,1981,694661
1fkb_ligand,1982,787101
1fkb_ligand,1983,564043
1fkb_ligand,1984,701206
1fkb_ligand,1985,695859
1fkb_ligand,1986,581667
1fkb_ligand,1987,576165
1fkb_ligand,1988,649157
1fkb_ligand,1989,672912
1fkb_ligand,1990,697977
1fkb_ligand,1991,847424
1fkb_ligand,1992,713098
1fkb_ligand,1993,669442
1fkb_ligand,1994,681946
1fkb_ligand,1995,689522
1fkb_ligand,1996,791143
1fkb_ligand,1997,594476
1fkb_ligand,1998,670966
1fkb_ligand,1999,649316
1fkb_ligand,2000,694156
1fkb_ligand,2001,739513
1fkb_ligand,2002,631217
1fkb_ligand,2003,807550
1fkb_ligand,2004,536267
1fkb_ligand,2005,638850
1fkb_ligand,2006,719496
1fkb_ligand,2007,683341
1fkb_ligand,2008,688168
1fkb_ligand,2009,768940
1fkb_ligand,2010,645126
1fkb_ligand,2011,720552
1fkb_ligand,2012,686062
1fkb_ligand,2013,840755
1fkb_ligand,2014,875952
1fkb_ligand,2015,632631
1fkb_ligand,2016,839746
1fkb_ligand,2017,755651
1fkb_ligand,2018,794390
1fkb_ligand,2019,524015
1fkb_ligand,2020,592324
1fkb_ligand,2021,652003
1fkb_ligand,2022,660516
1fkb_ligand,2023,710320
1fkb_ligand,2024,644363
1fkb_ligand,2025,703050
1fkb_ligand,2026,733421
1fkb_ligand,2027,766953
1fkb_ligand,2028,574945
1fkb_ligand,2029,594864
1fkb_ligand,2030,626912
1fkb_ligand,2031,729643
1fkb_ligand,2032,666828
1fkb_ligand,2033,701655
1fkb_ligand,2034,641944
1fkb_ligand,2035,842488
1fkb_ligand,2036,645159
1fkb_ligand,2037,731904
1fkb_ligand,2038,660507
1fkb_ligand,2039,665790
1fkb_ligand,2040,701319
1fkb_ligand,2041,790757
1fkb_ligand,2042,583626
1fkb_ligand,2043,650006
1fkb_ligand,2044,616113
1fkb_ligand,2045,665983
1fkb_ligand,2046,682301
1fkb_ligand,2047,981073
1fkb_ligand,2048,682090
1fkb_ligand,2049,722772
1fkb_ligand,2050,782076
1fkb_ligand,2051,837462
1fkb_ligand,2052,805465
1fkb_ligand,2053,604388
1fkb_ligand,2054,745684
1fkb_ligand,2055,705381
1fkb_ligand,2056,726347
1fkb_ligand,2057,681474
1fkb_ligand,2058,741344
1fkb_ligand,2059,799610
1fkb_ligand,2060,774171
1fkb_ligand,2061,588600
1fkb_ligand,2062,629635
1fkb_ligand,2063,584579
1fkb_ligand,2064,637979
1fkb_ligand,2065,719508
1fkb_ligand,2066,730178
1fkb_ligand,2067,735767
1fkb_ligand,2068,657122
1fkb_ligand,2069,714446
1fkb_ligand,2070,705086
1fkb_ligand,2071,658936
1fkb_ligand,2072,667318
1fkb_ligand,2073,820023
1fkb_ligand,2074,748732
1fkb_ligand,2075,635611
1fkb_ligand,2076,707528
1fkb_ligand,2077,641889
1fkb_ligand,2078,720592
1fkb_ligand,2079,738732
1fkb_ligand,2080,788342
1fkb_ligand,2081,655098
1fkb_ligand,2082,708741
1fkb_ligand,2083,623440
1fkb_ligand,2084,699797
1fkb_ligand,2085,616483
1fkb_ligand,2086,536118
1fkb_ligand,2087,640831
1fkb_ligand,2088,669703
1fkb_ligand,2089,676066
1fkb_ligand,2090,630482
1fkb_ligand,2091,657988
1fkb_ligand,2092,642842
1fkb_ligand,2093,831340
1fkb_ligand,2094,713226
1fkb_ligand,2095,587023
1fkb_ligand,2096,659302
1fkb_ligand,2097,806976
1fkb_ligand,2098,781768
1fkb_ligand,2099,599366
1fkb_ligand,2100,737829
1fkb_ligand,2101,740968
1fkb_ligand,2102,691259
1fkb_ligand,2103,586010
1fkb_ligand,2104,664994
1fkb_ligand,2105,633572
1fkb_ligand,2106,648073
1fkb_ligand,2107,699837
1fkb_ligand,2108,651094
1fkb_ligand,2109,678173
1fkb_ligand,2110,641301
1fkb_ligand,2111,830510
1fkb_ligand,2112,738717
1fkb_ligand,2113,623879
1fkb_ligand,2114,833142
1fkb_ligand,2115,690006
1fkb_ligand,2116,654799
1fkb_ligand,2117,683847
1fkb_ligand,2118,881995
1fkb_ligand,2119,607711
1fkb_ligand,2120,677512
1fkb_ligand,2121,674477
1fkb_ligand,2122,837342
1fkb_ligand,2123,663665
1fkb_ligand,2124,635315
1fkb_ligand,2125,674476
1fkb_ligand,2126,650169
1fkb_ligand,2127,626436
1fkb_ligand,2128,574844
1fkb_ligand,2129,616512
1fkb_ligand,2130,730115
1fkb_ligand,2131,734022
1fkb_ligand,2132,655144
1fkb_ligand,2133,794799
1fkb_ligand,2134,619612
1fkb_ligand,2135,711779
1fkb_ligand,2136,657787
1fkb_ligand,2137,784283
1fkb_ligand,2138,576012
1fkb_ligand,2139,580008
1fkb_ligand,2140,567973
1fkb_ligand,2141,650671
1fkb_ligand,2142,547202
1fkb_ligand,2143,734366
1fkb_ligand,2144,786033
1fkb_ligand,2145,716898
1fkb_ligand,2146,762094
1fkb_ligand,2147,644392
1fkb_ligand,2148,725936
1fkb_ligand,2149,939762
1fkb_ligand,2150,705291
1fkb_ligand,2151,655636
1fkb_ligand,2152,718276
1fkb_ligand,2153,830263
1fkb_ligand,2154,784190
1fkb_ligand,2155,653772
1fkb_ligand,2156,730922
1fkb_ligand,2157,845691
1fkb_ligand,2158,723913
1fkb_ligand,2159,642723
1fkb_ligand,2160,764186
1fkb_ligand,2161,799930
1fkb_ligand,2162,784853
1fkb_ligand,2163,599622
1fkb_ligand,2164,717807
1fkb_ligand,2165,730714
1fkb_ligand,2166,803249
1fkb_ligand,2167,699685
1fkb_ligand,2168,651776
1fkb_ligand,2169,620741
1fkb_ligand,2170,684730
1fkb_ligand,2171,696865
1fkb_ligand,2172,729415
1fkb_ligand,2173,691319
1fkb_ligand,2174,796884
1fkb_ligand,2175,722484
1fkb_ligand,2176,758151
1fkb_ligand,2177,657572
1fkb_ligand,2178,780545
1fkb_ligand,2179,647168
1fkb_ligand,2180,798781
1fkb_ligand,2181,658981
1fkb_ligand,2182,629982
1fkb_ligand,2183,680427
1fkb_ligand,2184,635900
1fkb_ligand,2185,919999
1fkb_ligand,2186,725764
1fkb_ligand,2187,705390
1fkb_ligand,2188,730792
1fkb_ligand,2189,894080
1fkb_ligand,2190,812639
1fkb_ligand,2191,594637
1fkb_ligand,2192,641339
1fkb_ligand,2193,747298
1fkb_ligand,2194,808366
1fkb_ligand,2195,584649
1fkb_ligand,2196,617984
1fkb_ligand,2197,735070
1fkb_ligand,2198,700841
1fkb_ligand,2199,759516
1fkb_ligand,2200,724848
1fkb_ligand,2201,595402
1fkb_ligand,2202,573405
1fkb_ligand,2203,755934
1fkb_ligand,2204,706107
1fkb_ligand,2205,805097
1fkb_ligand,2206,651397
1fkb_ligand,2207,750923
1fkb_ligand,2208,712726
1fkb_ligand,2209,762006
1fkb_ligand,2210,820763
1fkb_ligand,2211,791872
1fkb_ligand,2212,792114
1fkb_ligand,2213,817899
1fkb_ligand,2214,637153
1fkb_ligand,2215,675920
1fkb_ligand,2216,547259
1fkb_ligand,2217,628001
1fkb_ligand,2218,773195
1fkb_ligand,2219,946768
1fkb_ligand,2220,700789
1fkb_ligand,2221,664685
1fkb_ligand,2222,706601
1fkb_ligand,2223,872746
1fkb_ligand,2224,837188
1fkb_ligand,2225,585942
1fkb_ligand,2226,708746
1fkb_ligand,2227,689465
1fkb_ligand,2228,631440
1fkb_ligand,2229,561205
1fkb_ligand,2230,638153
1fkb_ligand,2231,779535
1fkb_ligand,2232,752895
1fkb_ligand,2233,686176
1fkb_ligand,2234,655882
1fkb_ligand,2235,685904
1fkb_ligand,2236,663104
1fkb_ligand,2237,675732
1fkb_ligand,2238,602204
1fkb_ligand,2239,682511
1fkb_ligand,2240,828341
1fkb_ligand,2241,727555
1fkb_ligand,2242,653660
1fkb_ligand,2243,673236
1fkb_ligand,2244,635112
1fkb_ligand,2245,630886
1fkb_ligand,2246,736957
1fkb_ligand,2247,748048
1fkb_ligand,2248,678114
1fkb_ligand,2249,607578
1fkb_ligand,2250,714170
1fkb_ligand,2251,773163
1fkb_ligand,2252,757766
1fkb_ligand,2253,634428
1fkb_ligand,2254,750173
1fkb_ligand,2255,748353
1fkb_ligand,2256,696694
1fkb_ligand,2257,681352
1fkb_ligand,2258,639982
1fkb_ligand,2259,690170
1fkb_ligand,2260,543335
1fkb_ligand,2261,672823
1fkb_ligand,2262,698176
1fkb_ligand,2263,787989
1fkb_ligand,2264,599347
1fkb_ligand,2265,697084
1fkb_ligand,2266,676859
1fkb_ligand,2267,812651
1fkb_ligand,2268,617386
1fkb_ligand,2269,710044
1fkb_ligand,2270,684147
1fkb_ligand,2271,800731
1fkb_ligand,2272,594470
1fkb_ligand,2273,623383
1fkb_ligand,2274,609430
1fkb_ligand,2275,821788
1fkb_ligand,2276,706881
1fkb_ligand,2277,773434
1fkb_ligand,2278,674232
1fkb_ligand,2279,787689
1fkb_ligand,2280,637882
1fkb_ligand,2281,745560
1fkb_ligand,2282,698652
1fkb_ligand,2283,948212
1fkb_ligand,2284,774107
1fkb_ligand,2285,655464
1fkb_ligand,2286,851310
1fkb_ligand,2287,734740
1fkb_ligand,2288,760852
1fkb_ligand,2289,821231
1fkb_ligand,2290,901837
1fkb_ligand,2291,681864
1fkb_ligand,2292,670666
1fkb_ligand,2293,657604
1fkb_ligand,2294,635334
1fkb_ligand,2295,693913
1fkb_ligand,2296,680260
1fkb_ligand,2297,720863
1fkb_ligand,2298,607595
1fkb_ligand,2299,836938
1fkb_ligand,2300,621661
1fkb_ligand,2301,760196
1fkb_ligand,2302,712552
1fkb_ligand,2303,873575
1fkb_ligand,2304,559181
1fkb_ligand,2305,578015
1fkb_ligand,2306,531093
1fkb_ligand,2307,634667
1fkb_ligand,2308,627278
1fkb_ligand,2309,799178
1fkb_ligand,2310,922567
1fkb_ligand,2311,641177
1fkb_ligand,2312,659666
1fkb_ligand,2313,706893
1fkb_ligand,2314,751419
1fkb_ligand,2315,632264
1fkb_ligand,2316,645232
1fkb_ligand,2317,697900
1fkb_ligand,2318,675993
1fkb_ligand,2319,631486
1fkb_ligand,2320,778992
1fkb_ligand,2321,744472
1fkb_ligand,2322,802481
1fkb_ligand,2323,718029
1fkb_ligand,2324,700765
1fkb_ligand,2325,629690
1fkb_ligand,2326,606483
1fkb_ligand,2327,538153
1fkb_ligand,2328,575945
1fkb_ligand,2329,620479
1fkb_ligand,2330,729246
1fkb_ligand,2331,607836
1fkb_ligand,2332,646768
1fkb_ligand,2333,671305
1fkb_ligand,2334,730567
1fkb_ligand,2335,594762
1fkb_ligand,2336,752308
1fkb_ligand,2337,679599
1fkb_ligand,2338,715960
1fkb_ligand,2339,665893
1fkb_ligand,2340,675243
1fkb_ligand,2341,544248
1fkb_ligand,2342,645666
1fkb_ligand,2343,675529
1fkb_ligand,2344,781972
1fkb_ligand,2345,622614
1fkb_ligand,2346,680955
1fkb_ligand,2347,678725
1fkb_ligand,2348,676038
1fkb_ligand,2349,594521
1fkb_ligand,2350,555729
1fkb_ligand,2351,644965
1fkb_ligand,2352,564454
1fkb_ligand,2353,697509
1fkb_ligand,2354,641719
1fkb_ligand,2355,646782
1fkb_ligand,2356,721389
1fkb_ligand,2357,703538
1fkb_ligand,2358,669021
1fkb_ligand,2359,756069
1fkb_ligand,2360,621279
1fkb_ligand,2361,722741
1fkb_ligand,2362,656378
1fkb_ligand,2363,791398
1fkb_ligand,2364,699669
1fkb_ligand,2365,774986
1fkb_ligand,2366,649511
1fkb_ligand,2367,732501
1fkb_ligand,2368,593182
1fkb_ligand,2369,670970
1fkb_ligand,2370,672694
1fkb_ligand,2371,775038
1fkb_ligand,2372,595129
1fkb_ligand,2373,808889
1fkb_ligand,2374,720691
1fkb_ligand,2375,779845
1fkb_ligand,2376,591543
1fkb_ligand,2377,724214
1fkb_ligand,2378,663848
1fkb_ligand,2379,787755
1fkb_ligand,2380,831336
1fkb_ligand,2381,742448
1fkb_ligand,2382,683142
1fkb_ligand,2383,828590
1fkb_ligand,2384,917718
1fkb_ligand,2385,659259
1fkb_ligand,2386,804494
1fkb_ligand,2387,719493
1fkb_ligand,2388,596927
1fkb_ligand,2389,728418
1fkb_ligand,2390,757978
1fkb_ligand,2391,607448
1fkb_ligand,2392,642090
1fkb_ligand,2393,679469
1fkb_ligand,2394,631845
1fkb_ligand,2395,720657
1fkb_ligand,2396,796317
1fkb_ligand,2397,717019
1fkb_ligand,2398,612652
1fkb_ligand,2399,660110
1fkb_ligand,2400,742974
1fkb_ligand,2401,658518
1fkb_ligand,2402,697844
1fkb_ligand,2403,780164
1fkb_ligand,2404,785015
1fkb_ligand,2405,582369
1fkb_ligand,2406,729677
1fkb_ligand,2407,726804
1fkb_ligand,2408,591275
1fkb_ligand,2409,611948
1fkb_ligand,2410,559399
1fkb_ligand,2411,702922
1fkb_ligand,2412,635743
1fkb_ligand,2413,657599
1fkb_ligand,2414,664726
1fkb_ligand,2415,693481
1fkb_ligand,2416,766824
1fkb_ligand,2417,716326
1fkb_ligand,2418,655998
1fkb_ligand,2419,588287
1fkb_ligand,2420,655036
1fkb_ligand,2421,656166
1fkb_ligand,2422,812803
1fkb_ligand,2423,689232
1fkb_ligand,2424,677239
1fkb_ligand,2425,630923
1fkb_ligand,2426,745742
1fkb_ligand,2427,646444
1fkb_ligand,2428,778696
1fkb_ligand,2429,738356
1fkb_ligand,2430,708609
1fkb_ligand,2431,645107
1fkb_ligand,2432,540957
1fkb_ligand,2433,599720
1fkb_ligand,2434,635816
1fkb_ligand,2435,674586
1fkb_ligand,2436,660290
1fkb_ligand,2437,673822
1fkb_ligand,2438,651136
1fkb_ligand,2439,631263
1fkb_ligand,2440,537875
1fkb_ligand,2441,623404
1fkb_ligand,2442,794283
1fkb_ligand,2443,689290
1fkb_ligand,2444,712461
1fkb_ligand,2445,637720
1fkb_ligand,2446,800018
1fkb_ligand,2447,717200
1fkb_ligand,2448,714235
1fkb_ligand,2449,636158
1fkb_ligand,2450,723618
1fkb_ligand,2451,668023
1fkb_ligand,2452,655152
1fkb_ligand,2453,673217
1fkb_ligand,2454,697976
1fkb_ligand,2455,691702
1fkb_ligand,2456,670591
1fkb_ligand,2457,773927
1fkb_ligand,2458,640808
1fkb_ligand,2459,653181
1fkb_ligand,2460,508955
1fkb_ligand,2461,537128
1fkb_ligand,2462,515518
1fkb_ligand,2463,661313
1fkb_ligand,2464,685326
1fkb_ligand,2465,671318
1fkb_ligand,2466,714493
1fkb_ligand,2467,853335
1fkb_ligand,2468,673260
1fkb_ligand,2469,713841
1fkb_ligand,2470,515499
1fkb_ligand,2471,623485
1fkb_ligand,2472,661747
1fkb_ligand,2473,769920
1fkb_ligand,2474,566422
1fkb_ligand,2475,639925
1fkb_ligand,2476,717427
1fkb_ligand,2477,779440
1fkb_ligand,2478,595618
1fkb_ligand,2479,705600
1fkb_ligand,2480,597484
1fkb_ligand,2481,714747
1fkb_ligand,2482,628608
1fkb_ligand,2483,675075
1fkb_ligand,2484,601125
1fkb_ligand,2485,704668
1fkb_ligand,2486,607060
1fkb_ligand,2487,661856
1fkb_ligand,2488,685873
1fkb_ligand,2489,582864
1fkb_ligand,2490,635461
1fkb_ligand,2491,699816
1fkb_ligand,2492,719975
1fkb_ligand,2493,630897
1fkb_ligand,2494,729916
1fkb_ligand,2495,707845
1fkb_ligand,2496,766841
1fkb_ligand,2497,610494
1fkb_ligand,2498,740311
1fkb_ligand,2499,659359
1fkb_ligand,2500,741576
1fkb_ligand,2501,654507
1fkb_ligand,2502,787183
1fkb_ligand,2503,755067
1fkb_ligand,2504,849656
1fkb_ligand,2505,554247
1fkb_ligand,2506,611286
1fkb_ligand,2507,716153
1fkb_ligand,2508,950185
1fkb_ligand,2509,685743
1fkb_ligand,2510,661023
1fkb_ligand,2511,692902
1fkb_ligand,2512,888187
1fkb_ligand,2513,703184
1fkb_ligand,2514,633140
1fkb_ligand,2515,661964
1fkb_ligand,2516,721350
1fkb_ligand,2517,790443
1fkb_ligand,2518,620662
1fkb_ligand,2519,679464
1fkb_ligand,2520,853209
1fkb_ligand,2521,764884
1fkb_ligand,2522,642767
1fkb_ligand,2523,695316
1fkb_ligand,2524,840370
1fkb_ligand,2525,775983
1fkb_ligand,2526,614855
1fkb_ligand,2527,773680
1fkb_ligand,2528,718493
1fkb_ligand,2529,604021
1fkb_ligand,2530,573402
1fkb_ligand,2531,598083
1fkb_ligand,2532,555524
1fkb_ligand,2533,594226
1fkb_ligand,2534,662403
1fkb_ligand,2535,695010
1fkb_ligand,2536,741081
1fkb_ligand,2537,608484
1fkb_ligand,2538,716206
1fkb_ligand,2539,648664
1fkb_ligand,2540,724122
1fkb_ligand,2541,650162
1fkb_ligand,2542,674874
1fkb_ligand,2543,722238
1fkb_ligand,2544,824379
1fkb_ligand,2545,813411
1fkb_ligand,2546,722127
1fkb_ligand,2547,720748
1fkb_ligand,2548,671961
1fkb_ligand,2549,659664
1fkb_ligand,2550,819474
1fkb_ligand,2551,661236
1fkb_ligand,2552,659914
1fkb_ligand,2553,752535
1fkb_ligand,2554,740234
1fkb_ligand,2555,733097
1fkb_ligand,2556,626145
1fkb_ligand,2557,675670
1fkb_ligand,2558,703073
1fkb_ligand,2559,717326
1fkb_ligand,2560,867578
1fkb_ligand,2561,750785
1fkb_ligand,2562,651652
1fkb_ligand,2563,659810
1fkb_ligand,2564,692113
1fkb_ligand,2565,831965
1fkb_ligand,2566,648390
1fkb_ligand,2567,685522
1fkb_ligand,2568,708708
1fkb_ligand,2569,677210
1fkb_ligand,2570,673682
1fkb_ligand,2571,714637
1fkb_ligand,2572,697724
1fkb_ligand,2573,836930
1fkb_ligand,2574,629060
1fkb_ligand,2575,665578
1fkb_ligand,2576,703357
1fkb_ligand,2577,815757
1fkb_ligand,2578,621692
1fkb_ligand,2579,643819
1fkb_ligand,2580,715756
1fkb_ligand,2581,639391
1fkb_ligand,2582,710229
1fkb_ligand,2583,661398
1fkb_ligand,2584,804361
1fkb_ligand,2585,854535
1fkb_ligand,2586,802680
1fkb_ligand,2587,566014
1fkb_ligand,2588,593068
1fkb_ligand,2589,676705
1fkb_ligand,2590,565697
1fkb_ligand,2591,574236
1fkb_ligand,2592,577791
1fkb_ligand,2593,701457
1fkb_ligand,2594,669104
1fkb_ligand,2595,676574
1fkb_ligand,2596,609564
1fkb_ligand,2597,808940
1fkb_ligand,2598,627530
1fkb_ligand,2599,780727
1fkb_ligand,2600,663192
1fkb_ligand,2601,804860
1fkb_ligand,2602,634864
1fkb_ligand,2603,706618
1fkb_ligand,2604,601392
1fkb_ligand,2605,807045
1fkb_ligand,2606,675650
1fkb_ligand,2607,813231
1fkb_ligand,2608,616893
1fkb_ligand,2609,743635
1fkb_ligand,2610,654943
1fkb_ligand,2611,770030
1fkb_ligand,2612,667125
1fkb_ligand,2613,751795
1fkb_ligand,2614,752674
1fkb_ligand,2615,838167
1fkb_ligand,2616,569130
1fkb_ligand,2617,624201
1fkb_ligand,2618,702382
1fkb_ligand,2619,786091
1fkb_ligand,2620,609001
1fkb_ligand,2621,636666
1fkb_ligand,2622,782756
1fkb_ligand,2623,780489
1fkb_ligand,2624,592783
1fkb_ligand,2625,609508
1fkb_ligand,2626,645777
1fkb_ligand,2627,718822
1fkb_ligand,2628,728951
1fkb_ligand,2629,915314
1fkb_ligand,2630,666173
1fkb_ligand,2631,642969
1fkb_ligand,2632,533452
1fkb_ligand,2633,770575
1fkb_ligand,2634,678282
1fkb_ligand,2635,520247
1fkb_ligand,2636,628537
1fkb_ligand,2637,706090
1fkb_ligand,2638,952557
1fkb_ligand,2639,705203
1fkb_ligand,2640,655670
1fkb_ligand,2641,609218
1fkb_ligand,2642,603283
1fkb_ligand,2643,626593
1fkb_ligand,2644,704976
1fkb_ligand,2645,717501
1fkb_ligand,2646,622356
1fkb_ligand,2647,706406
1fkb_ligand,2648,703838
1fkb_ligand,2649,791611
1fkb_ligand,2650,592564
1fkb_ligand,2651,645788
1fkb_ligand,2652,719810
1fkb_ligand,2653,812101
1fkb_ligand,2654,555719
1fkb_ligand,2655,644397
1fkb_ligand,2656,662334
1fkb_ligand,2657,604439
1fkb_ligand,2658,554109
1fkb_ligand,2659,556150
1fkb_ligand,2660,581250
1fkb_ligand,2661,582519
1fkb_ligand,2662,613752
1fkb_ligand,2663,741584
1fkb_ligand,2664,730493
1fkb_ligand,2665,731771
1fkb_ligand,2666,670424
1fkb_ligand,2667,595946
1fkb_ligand,2668,619783
1fkb_ligand,2669,697855
1fkb_ligand,2670,640608
1fkb_ligand,2671,834309
1fkb_ligand,2672,570360
1fkb_ligand,2673,666781
1fkb_ligand,2674,626472
1fkb_ligand,2675,775520
1fkb_ligand,2676,698113
1fkb_ligand,2677,597989
1fkb_ligand,2678,605582
1fkb_ligand,2679,675972
1fkb_ligand,2680,657736
1fkb_ligand,2681,828896
1fkb_ligand,2682,635563
1fkb_ligand,2683,723286
1fkb_ligand,2684,612959
1fkb_ligand,2685,711905
1fkb_ligand,2686,627009
1fkb_ligand,2687,710990
1fkb_ligand,2688,596244
1fkb_ligand,2689,678301
1fkb_ligand,2690,698688
1fkb_ligand,2691,817956
1fkb_ligand,2692,586829
1fkb_ligand,2693,628743
1fkb_ligand,2694,691172
1fkb_ligand,2695,604740
1fkb_ligand,2696,626532
1fkb_ligand,2697,716516
1fkb_ligand,2698,568210
1fkb_ligand,2699,709029
1fkb_ligand,2700,638552
1fkb_ligand,2701,777214
1fkb_ligand,2702,688453
1fkb_ligand,2703,670840
1fkb_ligand,2704,700507
1fkb_ligand,2705,761047
1fkb_ligand,2706,561775
1fkb_ligand,2707,708894
1fkb_ligand,2708,761153
1fkb_ligand,2709,654090
1fkb_ligand,2710,648019
1fkb_ligand,2711,516909
1fkb_ligand,2712,613213
1fkb_ligand,2713,589528
1fkb_ligand,2714,655644
1fkb_ligand,2715,536249
1fkb_ligand,2716,570816
1fkb_ligand,2717,579765
1fkb_ligand,2718,744284
1fkb_ligand,2719,551186
1fkb_ligand,2720,591880
1fkb_ligand,2721,541424
1fkb_ligand,2722,672497
1fkb_ligand,2723,505977
1fkb_ligand,2724,559968
1fkb_ligand,2725,562958
1fkb_ligand,2726,790682
1fkb_ligand,2727,631470
1fkb_ligand,2728,855926
1fkb_ligand,2729,659891
1fkb_ligand,2730,859847
1fkb_ligand,2731,618316
1fkb_ligand,2732,688081
1fkb_ligand,2733,583255
1fkb_ligand,2734,656467
1fkb_ligand,2735,751676
1fkb_ligand,2736,618800
1fkb_ligand,2737,713474
1fkb_ligand,2738,552947
1fkb_ligand,2739,702256
1fkb_ligand,2740,732212
1fkb_ligand,2741,797123
1fkb_ligand,2742,571810
1fkb_ligand,2743,758183
1fkb_ligand,2744,700457
1fkb_ligand,2745,762248
1fkb_ligand,2746,609415
1fkb_ligand,2747,741637
1fkb_ligand,2748,691811
1fkb_ligand,2749,863254
1fkb_ligand,2750,598611
1fkb_ligand,2751,689503
1fkb_ligand,2752,593155
1fkb_ligand,2753,769303
1fkb_ligand,2754,720507
1fkb_ligand,2755,783679
1fkb_ligand,2756,656329
1fkb_ligand,2757,693595
1fkb_ligand,2758,622755
1fkb_ligand,2759,789799
1fkb_ligand,2760,863011
1fkb_ligand,2761,812277
1fkb_ligand,2762,580343
1fkb_ligand,2763,644733
1fkb_ligand,2764,745601
1fkb_ligand,2765,1.0172e+06
1fkb_ligand,2766,739181
1fkb_ligand,2767,712014
1fkb_ligand,2768,785556
1fkb_ligand,2769,786068
1fkb_ligand,2770,877982
1fkb_ligand,2771,548316
1fkb_ligand,2772,550198
1fkb_ligand,2773,603493
1fkb_ligand,2774,612423
1fkb_ligand,2775,665257
1fkb_ligand,2776,676140
1fkb_ligand,2777,679528
1fkb_ligand,2778,629046
1fkb_ligand,2779,848776
1fkb_ligand,2780,713675
1fkb_ligand,2781,608599
1fkb_ligand,2782,709553
1fkb_ligand,2783,782168
1fkb_ligand,2784,887832
1fkb_ligand,2785,669226
1fkb_ligand,2786,766697
1fkb_ligand,2787,682355
1fkb_ligand,2788,581291
1fkb_ligand,2789,577310
1fkb_ligand,2790,569357
1fkb_ligand,2791,679646
1fkb_ligand,2792,839069
1fkb_ligand,2793,683127
1fkb_ligand,2794,654000
1fkb_ligand,2795,612724
1fkb_ligand,2796,649473
1fkb_ligand,2797,758390
1fkb_ligand,2798,806214
1fkb_ligand,2799,675151
1fkb_ligand,2800,625116
1fkb_ligand,2801,622046
1fkb_ligand,2802,699441
1fkb_ligand,2803,608989
1fkb_ligand,2804,667724
1fkb_ligand,2805,788618
1fkb_ligand,2806,767724
1fkb_ligand,2807,577605
1fkb_ligand,2808,689237
1fkb_ligand,2809,675692
1fkb_ligand,2810,595213
1fkb_ligand,2811,596428
1fkb_ligand,2812,767961
1fkb_ligand,2813,711832
1fkb_ligand,2814,684748
1fkb_ligand,2815,672093
1fkb_ligand,2816,765871
1fkb_ligand,2817,628214
1fkb_ligand,2818,632604
1fkb_ligand,2819,605979
1fkb_ligand,2820,638416
1fkb_ligand,2821,685507
1fkb_ligand,2822,588382
1fkb_ligand,2823,719283
1fkb_ligand,2824,611060
1fkb_ligand,2825,678935
1fkb_ligand,2826,677131
1fkb_ligand,2827,835000
1fkb_ligand,2828,687027
1fkb_ligand,2829,687382
1fkb_ligand,2830,647004
1fkb_ligand,2831,736050
1fkb_ligand,2832,701485
1fkb_ligand,2833,624382
1fkb_ligand,2834,713692
1fkb_ligand,2835,814308
1fkb_ligand,2836,730378
1fkb_ligand,2837,642940
1fkb_ligand,2838,743774
1fkb_ligand,2839,783754
1fkb_ligand,2840,766746
1fkb_ligand,2841,624733
1fkb_ligand,2842,688639
1fkb_ligand,2843,677532
1fkb_ligand,2844,698494
1fkb_ligand,2845,643000
1fkb_ligand,2846,791735
1fkb_ligand,2847,694444
1fkb_ligand,2848,682341
1fkb_ligand,2849,644873
1fkb_ligand,2850,722988
1fkb_ligand,2851,717938
1fkb_ligand,2852,734727
1fkb_ligand,2853,682215
1fkb_ligand,2854,761834
1fkb_ligand,2855,661297
1fkb_ligand,2856,620038
1fkb_ligand,2857,627815
1fkb_ligand,2858,541341
1fkb_ligand,2859,569297
1fkb_ligand,2860,663260
1fkb_ligand,2861,616911
1fkb_ligand,2862,657825
1fkb_ligand,2863,662161
1fkb_ligand,2864,635522
1fkb_ligand,2865,644001
1fkb_ligand,2866,697675
1fkb_ligand,2867,753907
1fkb_ligand,2868,605358
1fkb_ligand,2869,638873
1fkb_ligand,2870,619492
1fkb_ligand,2871,701712
1fkb_ligand,2872,634296
1fkb_ligand,2873,675382
1fkb_ligand,2874,725660
1fkb_ligand,2875,719004
1fkb_ligand,2876,687593
1fkb_ligand,2877,646744
1fkb_ligand,2878,638903
1fkb_ligand,2879,572092
1fkb_ligand,2880,634328
1fkb_ligand,2881,654419
1fkb_ligand,2882,788844
1fkb_ligand,2883,680242
1fkb_ligand,2884,629766
1fkb_ligand,2885,554220
1fkb_ligand,2886,578482
1fkb_ligand,2887,638419
1fkb_ligand,2888,763990
1fkb_ligand,2889,619672
1fkb_ligand,2890,659943
1fkb_ligand,2891,669188
1fkb_ligand,2892,655906
1fkb_ligand,2893,736089
1fkb_ligand,2894,607770
1fkb_ligand,2895,639275
1fkb_ligand,2896,576810
1fkb_ligand,2897,706354
1fkb_ligand,2898,635062
1fkb_ligand,2899,673173
1fkb_ligand,2900,668808
1fkb_ligand,2901,919222
1fkb_ligand,2902,755554
1fkb_ligand,2903,645635
1fkb_ligand,2904,692300
1fkb_ligand,2905,828754
1fkb_ligand,2906,588675
1fkb_ligand,2907,651159
1fkb_ligand,2908,803948
1fkb_ligand,2909,713309
1fkb_ligand,2910,629118
1fkb_ligand,2911,581104
1fkb_ligand,2912,626888
1fkb_ligand,2913,714815
1fkb_ligand,2914,758733
1fkb_ligand,2915,575869
1fkb_ligand,2916,696739
1fkb_ligand,2917,680269
1fkb_ligand,2918,616531
1fkb_ligand,2919,568370
1fkb_ligand,2920,585417
1fkb_ligand,2921,623900
1fkb_ligand,2922,628472
1fkb_ligand,2923,658272
1fkb_ligand,2924,597697
1fkb_ligand,2925,734805
1fkb_ligand,2926,614832
1fkb_ligand,2927,671424
1fkb_ligand,2928,628177
1fkb_ligand,2929,755132
1fkb_ligand,2930,702458
1fkb_ligand,2931,790271
1fkb_ligand,2932,616972
1fkb_ligand,2933,686011
1fkb_ligand,2934,619684
1fkb_ligand,2935,706956
1fkb_ligand,2936,656649
1fkb_ligand,2937,752355
1fkb_ligand,2938,638511
1fkb_ligand,2939,932055
1fkb_ligand,2940,721603
1fkb_ligand,2941,676254
1fkb_ligand,2942,856202
1fkb_ligand,2943,769689
1fkb_ligand,2944,711590
1fkb_ligand,2945,726921
1fkb_ligand,2946,680197
1fkb_ligand,2947,673417
1fkb_ligand,2948,756942
1fkb_ligand,2949,609851
1fkb_ligand,2950,741515
1fkb_ligand,2951,685192
1fkb_ligand,2952,762348
1fkb_ligand,2953,609011
1fkb_ligand,2954,754631
1fkb_ligand,2955,652376
1fkb_ligand,2956,766027
1fkb_ligand,2957,640851
1fkb_ligand,2958,712819
1fkb_ligand,2959,634463
1fkb_ligand,2960,718575
1fkb_ligand,2961,629409
1fkb_ligand,2962,713541
1fkb_ligand,2963,651539
1fkb_ligand,2964,730549
1fkb_ligand,2965,661929
1fkb_ligand,2966,553507
1fkb_ligand,2967,677852
1fkb_ligand,2968,805870
1fkb_ligand,2969,728012
1fkb_ligand,2970,761146
1fkb_ligand,2971,650928
1fkb_ligand,2972,780835
1fkb_ligand,2973,693544
1fkb_ligand,2974,774351
1fkb_ligand,2975,674528
1fkb_ligand,2976,557924
1fkb_ligand,2977,664485
1fkb_ligand,2978,795357
1fkb_ligand,2979,559929
1fkb_ligand,2980,638968
1fkb_ligand,2981,805615
1fkb_ligand,2982,716155
1fkb_ligand,2983,917525
1fkb_ligand,2984,680150
1fkb_ligand,2985,681679
1fkb_ligand,2986,519322
1fkb_ligand,2987,558612
1fkb_ligand,2988,638200
1fkb_ligand,2989,907135
1fkb_ligand,2990,609166
1fkb_ligand,2991,679599
1fkb_ligand,2992,505922
1fkb_ligand,2993,558558
1fkb_ligand,2994,599532
1fkb_ligand,2995,850335
1fkb_ligand,2996,599953
1fkb_ligand,2997,634463
1fkb_ligand,2998,750380
1fkb_ligand,2999,748095
1fkb_ligand,3000,636474
1fkb_ligand,3001,650799
1fkb_ligand,3002,594332
1fkb_ligand,3003,679046
1fkb_ligand,3004,687289
1fkb_ligand,3005,769552
1fkb_ligand,3006,776312
1fkb_ligand,3007,726386
1fkb_ligand,3008,659752
1fkb_ligand,3009,699351
1fkb_ligand,3010,616788
1fkb_ligand,3011,729939
1fkb_ligand,3012,640755
1fkb_ligand,3013,789997
1fkb_ligand,3014,761558
1fkb_ligand,3015,807374
1fkb_ligand,3016,674512
1fkb_ligand,3017,673537
1fkb_ligand,3018,647061
1fkb_ligand,3019,718206
1fkb_ligand,3020,691720
1fkb_ligand,3021,791396
1fkb_ligand,3022,753225
1fkb_ligand,3023,797786
1fkb_ligand,3024,685668
1fkb_ligand,3025,754913
1fkb_ligand,3026,696057
1fkb_ligand,3027,726520
1fkb_ligand,3028,730922
1fkb_ligand,3029,1.00603e+06
1fkb_ligand,3030,716940
1fkb_ligand,3031,690204
1fkb_ligand,3032,817309
1fkb_ligand,3033,763079
1fkb_ligand,3034,750977
1fkb_ligand,3035,610814
1fkb_ligand,3036,752745
1fkb_ligand,3037,627905
1fkb_ligand,3038,758222
1fkb_ligand,3039,699238
1fkb_ligand,3040,745186
1fkb_ligand,3041,627184
1fkb_ligand,3042,748261
1fkb_ligand,3043,841457
1fkb_ligand,3044,831462
1fkb_ligand,3045,594443
1fkb_ligand,3046,707251
1fkb_ligand,3047,720508
1fkb_ligand,3048,816012
1fkb_ligand,3049,598868
1fkb_ligand,3050,701910
1fkb_ligand,3051,802960
1fkb_ligand,3052,589718
1fkb_ligand,3053,588529
1fkb_ligand,3054,519956
1fkb_ligand,3055,571097
1fkb_ligand,3056,568032
1fkb_ligand,3057,591954
1fkb_ligand,3058,579333
1fkb_ligand,3059,595197
1fkb_ligand,3060,638025
1fkb_ligand,3061,726117
1fkb_ligand,3062,805847
1fkb_ligand,3063,705451
1fkb_ligand,3064,665628
1fkb_ligand,3065,587135
1fkb_ligand,3066,634331
1fkb_ligand,3067,659939
1fkb_ligand,3068,801565
1fkb_ligand,3069,567366
1fkb_ligand,3070,576840
1fkb_ligand,3071,647167
1fkb_ligand,3072,706083
1fkb_ligand,3073,701545
1fkb_ligand,3074,660230
1fkb_ligand,3075,680934
1fkb_ligand,3076,586818
1fkb_ligand,3077,710598
1fkb_ligand,3078,658556
1fkb_ligand,3079,732144
1fkb_ligand,3080,684380
1fkb_ligand,3081,841312
1fkb_ligand,3082,663068
1fkb_ligand,3083,668597
1fkb_ligand,3084,636678
1fkb_ligand,3085,686439
1fkb_ligand,3086,602263
1fkb_ligand,3087,759969
1fkb_ligand,3088,783712
1fkb_ligand,3089,808655
1fkb_ligand,3090,655922
1fkb_ligand,3091,714289
1fkb_ligand,3092,721064
1fkb_ligand,3093,762187
1fkb_ligand,3094,706230
1fkb_ligand,3095,760624
1fkb_ligand,3096,738759
1fkb_ligand,3097,637918
1fkb_ligand,3098,565303
1fkb_ligand,3099,682772
1fkb_ligand,3100,645884
1fkb_ligand,3101,710065
1fkb_ligand,3102,727504
1fkb_ligand,3103,855079
1fkb_ligand,3104,940713
1fkb_ligand,3105,696867
1fkb_ligand,3106,698436
1fkb_ligand,3107,681835
1fkb_ligand,3108,715701
1fkb_ligand,3109,656699
1fkb_ligand,3110,885199
1fkb_ligand,3111,703799
1fkb_ligand,3112,701678
1fkb_ligand,3113,652152
1fkb_ligand,3114,674587
1fkb_ligand,3115,631517
1fkb_ligand,3116,599750
1fkb_ligand,3117,566181
1fkb_ligand,3118,566624
1fkb_ligand,3119,605471
1fkb_ligand,3120,622971
1fkb_ligand,3121,682470
1fkb_ligand,3122,697441
1fkb_ligand,3123,740578
1fkb_ligand,3124,687707
1fkb_ligand,3125,793964
1fkb_ligand,3126,704505
1fkb_ligand,3127,795953
1fkb_ligand,3128,697866
1fkb_ligand,3129,638989
1fkb_ligand,3130,579182
1fkb_ligand,3131,741103
1fkb_ligand,3132,600455
1fkb_ligand,3133,733283
1fkb_ligand,3134,861496
1fkb_ligand,3135,597541
1fkb_ligand,3136,532599
1fkb_ligand,3137,658641
1fkb_ligand,3138,536497
1fkb_ligand,3139,673693
1fkb_ligand,3140,539685
1fkb_ligand,3141,581016
1fkb_ligand,3142,604506
1fkb_ligand,3143,745064
1fkb_ligand,3144,695190
1fkb_ligand,3145,791367
1fkb_ligand,3146,714581
1fkb_ligand,3147,728368
1fkb_ligand,3148,660766
1fkb_ligand,3149,740969
1fkb_ligand,3150,641022
1fkb_ligand,3151,717798
1fkb_ligand,3152,632737
1fkb_ligand,3153,676876
1fkb_ligand,3154,642669
1fkb_ligand,3155,811342
1fkb_ligand,3156,706335
1fkb_ligand,3157,787957
1fkb_ligand,3158,752063
1fkb_ligand,3159,908610
1fkb_ligand,3160,541458
1fkb_ligand,3161,636848
1fkb_ligand,3162,508515
1fkb_ligand,3163,574901
1fkb_ligand,3164,585778
1fkb_ligand,3165,925479
1fkb_ligand,3166,782301
1fkb_ligand,3167,671185
1fkb_ligand,3168,907430
1fkb_ligand,3169,776031
1fkb_ligand,3170,892847
1fkb_ligand,3171,626468
1fkb_ligand,3172,797433
1fkb_ligand,3173,615198
1fkb_ligand,3174,639493
1fkb_ligand,3175,613815
1fkb_ligand,3176,537918
1fkb_ligand,3177,598754
1fkb_ligand,3178,547215
1fkb_ligand,3179,644904
1fkb_ligand,3180,553125
1fkb_ligand,3181,600622
1fkb_ligand,3182,623106
1fkb_ligand,3183,726016
1fkb_ligand,3184,580268
1fkb_ligand,3185,686100
1fkb_ligand,3186,663011
1fkb_ligand,3187,828303
1fkb_ligand,3188,669308
1fkb_ligand,3189,681557
1fkb_ligand,3190,658674
1fkb_ligand,3191,676140
1fkb_ligand,3192,586420
1fkb_ligand,3193,796905
1fkb_ligand,3194,707807
1fkb_ligand,3195,637782
1fkb_ligand,3196,682168
1fkb_ligand,3197,610960
1fkb_ligand,3198,706335
1fkb_ligand,3199,581318
1fkb_ligand,3200,615790
1fkb_ligand,3201,663996
1fkb_ligand,3202,834861
1fkb_ligand,3203,655097
1fkb_ligand,3204,707614
1fkb_ligand,3205,693787
1fkb_ligand,3206,808109
1fkb_ligand,3207,636061
1fkb_ligand,3208,844714
1fkb_ligand,3209,616937
1fkb_ligand,3210,745992
1fkb_ligand,3211,601977
1fkb_ligand,3212,554991
1fkb_ligand,3213,686108
1fkb_ligand,3214,838710
1fkb_ligand,3215,567764
1fkb_ligand,3216,610774
1fkb_ligand,3217,724767
1fkb_ligand,3218,685166
1fkb_ligand,3219,589286
1fkb_ligand,3220,671754
1fkb_ligand,3221,635598
1fkb_ligand,3222,711616
1fkb_ligand,3223,579758
1fkb_ligand,3224,631572
1fkb_ligand,3225,690830
1fkb_ligand,3226,732553
1fkb_ligand,3227,656369
1fkb_ligand,3228,712758
1fkb_ligand,3229,537671
1fkb_ligand,3230,590632
1fkb_ligand,3231,669392
1fkb_ligand,3232,766187
1fkb_ligand,3233,602112
1fkb_ligand,3234,617033
1fkb_ligand,3235,702909
1fkb_ligand,3236,602329
1fkb_ligand,3237,618423
1fkb_ligand,3238,600746
1fkb_ligand,3239,664349
1fkb_ligand,3240,677875
1fkb_ligand,3241,775724
1fkb_ligand,3242,636660
1fkb_ligand,3243,700784
1fkb_ligand,3244,597451
1fkb_ligand,3245,757376
1fkb_ligand,3246,664025
1fkb_ligand,3247,704414
1fkb_ligand,3248,693445
1fkb_ligand,3249,868186
1fkb_ligand,3250,659937
1fkb_ligand,3251,655771
1fkb_ligand,3252,581839
1fkb_ligand,3253,698802
1fkb_ligand,3254,753166
1fkb_ligand,3255,845671
1fkb_ligand,3256,639936
1fkb_ligand,3257,845984
1fkb_ligand,3258,644058
1fkb_ligand,3259,824989
1fkb_ligand,3260,769441
1fkb_ligand,3261,691342
1fkb_ligand,3262,568654
1fkb_ligand,3263,611148
1fkb_ligand,3264,583931
1fkb_ligand,3265,716090
1fkb_ligand,3266,595563
1fkb_ligand,3267,615373
1fkb_ligand,3268,616074
1fkb_ligand,3269,589180
1fkb_ligand,3270,708523
1fkb_ligand,3271,606611
1fkb_ligand,3272,699696
1fkb_ligand,3273,646320
1fkb_ligand,3274,829775
1fkb_ligand,3275,629491
1fkb_ligand,3276,670441
1fkb_ligand,3277,580202
1fkb_ligand,3278,822052
1fkb_ligand,3279,604867
1fkb_ligand,3280,716682
1fkb_ligand,3281,570968
1fkb_ligand,3282,626365
1fkb_ligand,3283,641635
1fkb_ligand,3284,583898
1fkb_ligand,3285,621470
1fkb_ligand,3286,578134
1fkb_ligand,3287,598634
1fkb_ligand,3288,675002
1fkb_ligand,3289,782142
1fkb_ligand,3290,869466
1fkb_ligand,3291,615157
1fkb_ligand,3292,679469
1fkb_ligand,3293,607117
1fkb_ligand,3294,698104
1fkb_ligand,3295,592397
1fkb_ligand,3296,682634
1fkb_ligand,3297,613113
1fkb_ligand,3298,698059
1fkb_ligand,3299,578596
1fkb_ligand,3300,637682
1fkb_ligand,3301,727986
1fkb_ligand,3302,768038
1fkb_ligand,3303,581625
1fkb_ligand,3304,624467
1fkb_ligand,3305,660805
1fkb_ligand,3306,698143
1fkb_ligand,3307,793057
1fkb_ligand,3308,766528
1fkb_ligand,3309,593314
1fkb_ligand,3310,617295
1fkb_ligand,3311,568742
1fkb_ligand,3312,525785
1fkb_ligand,3313,628847
1fkb_ligand,3314,721023
1fkb_ligand,3315,669997
1fkb_ligand,3316,722329
1fkb_ligand,3317,625098
1fkb_ligand,3318,673576
1fkb_ligand,3319,892440
1fkb_ligand,3320,708395
1fkb_ligand,3321,617980
1fkb_ligand,3322,595766
1fkb_ligand,3323,699365
1fkb_ligand,3324,721554
1fkb_ligand,3325,613392
1fkb_ligand,3326,636289
1fkb_ligand,3327,652082
1fkb_ligand,3328,594176
1fkb_ligand,3329,607881
1fkb_ligand,3330,683218
1fkb_ligand,3331,856186
1fkb_ligand,3332,693564
1fkb_ligand,3333,705825
1fkb_ligand,3334,702251
1fkb_ligand,3335,843716
1fkb_ligand,3336,607576
1fkb_ligand,3337,611417
1fkb_ligand,3338,694253
1fkb_ligand,3339,661590
1fkb_ligand,3340,827280
1fkb_ligand,3341,666853
1fkb_ligand,3342,699853
1fkb_ligand,3343,646632
1fkb_ligand,3344,707790
1fkb_ligand,3345,731185
1fkb_ligand,3346,797673
1fkb_ligand,3347,588040
1fkb_ligand,3348,679222
1fkb_ligand,3349,683390
1fkb_ligand,3350,674676
1fkb_ligand,3351,637089
1fkb_ligand,3352,609500
1fkb_ligand,3353,618938
1fkb_ligand,3354,633387
1fkb_ligand,3355,881787
1fkb_ligand,3356,704885
1fkb_ligand,3357,609650
1fkb_ligand,3358,608563
1fkb_ligand,3359,653052
1fkb_ligand,3360,814990
1fkb_ligand,3361,680360
1fkb_ligand,3362,624996
1fkb_ligand,3363,593221
1fkb_ligand,3364,660743
1fkb_ligand,3365,616391
1fkb_ligand,3366,738914
1fkb_ligand,3367,582490
1fkb_ligand,3368,637132
1fkb_ligand,3369,691076
1fkb_ligand,3370,690904
1fkb_ligand,3371,598393
1fkb_ligand,3372,691171
1fkb_ligand,3373,734068
1fkb_ligand,3374,639605
1fkb_ligand,3375,686996
1fkb_ligand,3376,585459
1fkb_ligand,3377,747432
1fkb_ligand,3378,656630
1fkb_ligand,3379,744119
1fkb_ligand,3380,618651
1fkb_ligand,3381,653295
1fkb_ligand,3382,639612
1fkb_ligand,3383,747529
1fkb_ligand,3384,678365
1fkb_ligand,3385,801313
1fkb_ligand,3386,604536
1fkb_ligand,3387,675533
1fkb_ligand,3388,536065
1fkb_ligand,3389,563336
1fkb_ligand,3390,573932
1fkb_ligand,3391,735807
1fkb_ligand,3392,834987
1fkb_ligand,3393,694623
1fkb_ligand,3394,808878
1fkb_ligand,3395,674749
1fkb_ligand,3396,705457
1fkb_ligand,3397,670116
1fkb_ligand,3398,665287
1fkb_ligand,3399,877678
1fkb_ligand,3400,737018
1fkb_ligand,3401,630539
1fkb_ligand,3402,620013
1fkb_ligand,3403,584937
1fkb_ligand,3404,559018
1fkb_ligand,3405,622621
1fkb_ligand,3406,768670
1fkb_ligand,3407,699710
1fkb_ligand,3408,754457
1fkb_ligand,3409,630689
1fkb_ligand,3410,691056
1fkb_ligand,3411,932890
1fkb_ligand,3412,669284
1fkb_ligand,3413,645474
1fkb_ligand,3414,713343
1fkb_ligand,3415,861404
1fkb_ligand,3416,662919
1fkb_ligand,3417,771729
1fkb_ligand,3418,743210
1fkb_ligand,3419,647454
1fkb_ligand,3420,713024
1fkb_ligand,3421,656706
1fkb_ligand,3422,768882
1fkb_ligand,3423,576086
1fkb_ligand,3424,650987
1fkb_ligand,3425,756485
1fkb_ligand,3426,736632
1fkb_ligand,3427,595820
1fkb_ligand,3428,713669
1fkb_ligand,3429,620962
1fkb_ligand,3430,708297
1fkb_ligand,3431,612547
1fkb_ligand,3432,731458
1fkb_ligand,3433,644612
1fkb_ligand,3434,807359
1fkb_ligand,3435,693203
1fkb_ligand,3436,779178
1fkb_ligand,3437,642357
1fkb_ligand,3438,719811
1fkb_ligand,3439,621820
1fkb_ligand,3440,704349
1fkb_ligand,3441,637141
1fkb_ligand,3442,690217
1fkb_ligand,3443,710502
1fkb_ligand,3444,812209
1fkb_ligand,3445,628717
1fkb_ligand,3446,706073
1fkb_ligand,3447,919464
1fkb_ligand,3448,681364
1fkb_ligand,3449,890211
1fkb_ligand,3450,598702
1fkb_ligand,3451,819693
1fkb_ligand,3452,651936
1fkb_ligand,3453,691658
1fkb_ligand,3454,515678
1fkb_ligand,3455,656948
1fkb_ligand,3456,668286
1fkb_ligand,3457,825402
1fkb_ligand,3458,640838
1fkb_ligand,3459,743128
1fkb_ligand,3460,770135
1fkb_ligand,3461,851776
1fkb_ligand,3462,632420
1fkb_ligand,3463,680250
1fkb_ligand,3464,546262
1fkb_ligand,3465,680337
1fkb_ligand,3466,589224
1fkb_ligand,3467,722628
1fkb_ligand,3468,656908
1fkb_ligand,3469,809178
1fkb_ligand,3470,830578
1fkb_ligand,3471,754309
1fkb_ligand,3472,650012
1fkb_ligand,3473,718168
1fkb_ligand,3474,676558
1fkb_ligand,3475,806808
1fkb_ligand,3476,757939
1fkb_ligand,3477,795019
1fkb_ligand,3478,681988
1fkb_ligand,3479,700120
1fkb_ligand,3480,627725
1fkb_ligand,3481,736645
1fkb_ligand,3482,791163
1fkb_ligand,3483,836838
1fkb_ligand,3484,716430
1fkb_ligand,3485,736239
1fkb_ligand,3486,737222
1fkb_ligand,3487,645886
1fkb_ligand,3488,685824
1fkb_ligand,3489,783676
1fkb_ligand,3490,872989
1fkb_ligand,3491,752223
1fkb_ligand,3492,856116
1fkb_ligand,3493,556424
1fkb_ligand,3494,692651
1fkb_ligand,3495,693631
1fkb_ligand,3496,622284
1fkb_ligand,3497,663999
1fkb_ligand,3498,591865
1fkb_ligand,3499,679225
1fkb_ligand,3500,613919
1fkb_ligand,3501,738069
1fkb_ligand,3502,712830
1fkb_ligand,3503,871039
1fkb_ligand,3504,726632
1fkb_ligand,3505,642799
1fkb_ligand,3506,597572
1fkb_ligand,3507,681456
1fkb_ligand,3508,627265
1fkb_ligand,3509,767863
1fkb_ligand,3510,702499
1fkb_ligand,3511,694574
1fkb_ligand,3512,772899
1fkb_ligand,3513,812642
1fkb_ligand,3514,703756
1fkb_ligand,3515,694678
1fkb_ligand,3516,658148
1fkb_ligand,3517,789809
1fkb_ligand,3518,768410
1fkb_ligand,3519,793626
1fkb_ligand,3520,763067
1fkb_ligand,3521,743768
1fkb_ligand,3522,785619
1fkb_ligand,3523,823868
1fkb_ligand,3524,580905
1fkb_ligand,3525,656410
1fkb_ligand,3526,615787
1fkb_ligand,3527,767388
1fkb_ligand,3528,1.00213e+06
1fkb_ligand,3529,734068
1fkb_ligand,3530,754770
1fkb_ligand,3531,690085
1fkb_ligand,3532,699967
1fkb_ligand,3533,896856
1fkb_ligand,3534,842369
1fkb_ligand,3535,676580
1fkb_ligand,3536,798275
1fkb_ligand,3537,665595
1fkb_ligand,3538,662690
1fkb_ligand,3539,734254
1fkb_ligand,3540,836186
1fkb_ligand,3541,628818
1fkb_ligand,3542,705128
1fkb_ligand,3543,645648
1fkb_ligand,3544,745412
1fkb_ligand,3545,745828
1fkb_ligand,3546,781535
1fkb_ligand,3547,649150
1fkb_ligand,3548,616934
1fkb_ligand,3549,582277
1fkb_ligand,3550,540579
1fkb_ligand,3551,583472
1fkb_ligand,3552,550963
1fkb_ligand,3553,585421
1fkb_ligand,3554,578309
1fkb_ligand,3555,619059
1fkb_ligand,3556,544059
1fkb_ligand,3557,658015
1fkb_ligand,3558,577703
1fkb_ligand,3559,619911
1fkb_ligand,3560,658674
1fkb_ligand,3561,709420
1fkb_ligand,3562,772125
1fkb_ligand,3563,739557
1fkb_ligand,3564,705285
1fkb_ligand,3565,724472
1fkb_ligand,3566,758707
1fkb_ligand,3567,635382
1fkb_ligand,3568,811788
1fkb_ligand,3569,574713
1fkb_ligand,3570,684217
1fkb_ligand,3571,652474
1fkb_ligand,3572,727684
1fkb_ligand,3573,615794
1fkb_ligand,3574,735264
1fkb_ligand,3575,655281
1fkb_ligand,3576,749402
1fkb_ligand,3577,856564
1fkb_ligand,3578,828173
1fkb_ligand,3579,669803
1fkb_ligand,3580,743380
1fkb_ligand,3581,714632
1fkb_ligand,3582,552726
1fkb_ligand,3583,664356
1fkb_ligand,3584,625747
1fkb_ligand,3585,680410
1fkb_ligand,3586,633259
1fkb_ligand,3587,761764
1fkb_ligand,3588,598627
1fkb_ligand,3589,653155
1fkb_ligand,3590,596268
1fkb_ligand,3591,734164
1fkb_ligand,3592,688316
1fkb_ligand,3593,800961
1fkb_ligand,3594,583294
1fkb_ligand,3595,605514
1fkb_ligand,3596,534883
1fkb_ligand,3597,579218
1fkb_ligand,3598,510984
1fkb_ligand,3599,658573
1fkb_ligand,3600,899793
1fkb_ligand,3601,678335
1fkb_ligand,3602,687252
1fkb_ligand,3603,587324
1fkb_ligand,3604,685843
1fkb_ligand,3605,622016
1fkb_ligand,3606,703524
1fkb_ligand,3607,607115
1fkb_ligand,3608,709725
1fkb_ligand,3609,598047
1fkb_ligand,3610,672617
1fkb_ligand,3611,755163
1fkb_ligand,3612,847622
1fkb_ligand,3613,662479
1fkb_ligand,3614,686143
1fkb_ligand,3615,619436
1fkb_ligand,3616,593912
1fkb_ligand,3617,638603
1fkb_ligand,3618,737412
1fkb_ligand,3619,625842
1fkb_ligand,3620,635385
1fkb_ligand,3621,716966
1fkb_ligand,3622,689798
1fkb_ligand,3623,699399
1fkb_ligand,3624,676968
1fkb_ligand,3625,637492
1fkb_ligand,3626,663313
1fkb_ligand,3627,763752
1fkb_ligand,3628,634077
1fkb_ligand,3629,607196
1fkb_ligand,3630,656488
1fkb_ligand,3631,677259
1fkb_ligand,3632,768337
1fkb_ligand,3633,595076
1fkb_ligand,3634,653421
1fkb_ligand,3635,680292
1fkb_ligand,3636,776772
1fkb_ligand,3637,597335
1fkb_ligand,3638,636532
1fkb_ligand,3639,702564
1fkb_ligand,3640,610444
1fkb_ligand,3641,724374
1fkb_ligand,3642,858562
1fkb_ligand,3643,637041
1fkb_ligand,3644,722405
1fkb_ligand,3645,635673
1fkb_ligand,3646,654808
1fkb_ligand,3647,666097
1fkb_ligand,3648,728388
1fkb_ligand,3649,616062
1fkb_ligand,3650,750336
1fkb_ligand,3651,741730
1fkb_ligand,3652,747168
1fkb_ligand,3653,579901
1fkb_ligand,3654,659023
1fkb_ligand,3655,649439
1fkb_ligand,3656,671165
1fkb_ligand,3657,687130
1fkb_ligand,3658,755952
1fkb_ligand,3659,595949
1fkb_ligand,3660,626652
1fkb_ligand,3661,707980
1fkb_ligand,3662,739775
1fkb_ligand,3663,588082
1fkb_ligand,3664,768386
1fkb_ligand,3665,721150
1fkb_ligand,3666,633673
1fkb_ligand,3667,610735
1fkb_ligand,3668,595247
1fkb_ligand,3669,704075
1fkb_ligand,3670,606363
1fkb_ligand,3671,619991
1fkb_ligand,3672,634369
1fkb_ligand,3673,649964
1fkb_ligand,3674,649496
1fkb_ligand,3675,798399
1fkb_ligand,3676,835220
1fkb_ligand,3677,667135
1fkb_ligand,3678,598810
1fkb_ligand,3679,711966
1fkb_ligand,3680,779578
1fkb_ligand,3681,583106
1fkb_ligand,3682,720339
1fkb_ligand,3683,649698
1fkb_ligand,3684,673647
1fkb_ligand,3685,673395
1fkb_ligand,3686,810214
1fkb_ligand,3687,676352
1fkb_ligand,3688,761000
1fkb_ligand,3689,657051
1fkb_ligand,3690,713187
1fkb_ligand,3691,642260
1fkb_ligand,3692,656403
1fkb_ligand,3693,624852
1fkb_ligand,3694,590537
1fkb_ligand,3695,693139
1fkb_ligand,3696,642577
1fkb_ligand,3697,779256
1fkb_ligand,3698,590234
1fkb_ligand,3699,614028
1fkb_ligand,3700,731433
1fkb_ligand,3701,911607
1fkb_ligand,3702,662509
1fkb_ligand,3703,704173
1fkb_ligand,3704,759470
1fkb_ligand,3705,736930
1fkb_ligand,3706,686954
1fkb_ligand,3707,606333
1fkb_ligand,3708,688910
1fkb_ligand,3709,650407
1fkb_ligand,3710,696894
1fkb_ligand,3711,681643
1fkb_ligand,3712,657495
1fkb_ligand,3713,673491
1fkb_ligand,3714,715767
1fkb_ligand,3715,689173
1fkb_ligand,3716,709516
1fkb_ligand,3717,643635
1fkb_ligand,3718,513005
1fkb_ligand,3719,582952
1fkb_ligand,3720,602144
1fkb_ligand,3721,610180
1fkb_ligand,3722,646005
1fkb_ligand,3723,732245
1fkb_ligand,3724,621938
1fkb_ligand,3725,696897
1fkb_ligand,3726,651924
1fkb_ligand,3727,778166
1fkb_ligand,3728,635534
1fkb_ligand,3729,790809
1fkb_ligand,3730,710367
1fkb_ligand,3731,800889
1fkb_ligand,3732,658540
1fkb_ligand,3733,759796
1fkb_ligand,3734,597190
1fkb_ligand,3735,720424
1fkb_ligand,3736,592484
1fkb_ligand,3737,736096
1fkb_ligand,3738,620087
1fkb_ligand,3739,682153
1fkb_ligand,3740,672347
1fkb_ligand,3741,701764
1fkb_ligand,3742,693651
1fkb_ligand,3743,777070
1fkb_ligand,3744,807052
1fkb_ligand,3745,654428
1fkb_ligand,3746,804937
1fkb_ligand,3747,693276
1fkb_ligand,3748,562916
1fkb_ligand,3749,582273
1fkb_ligand,3750,702359
1fkb_ligand,3751,598050
1fkb_ligand,3752,599557
1fkb_ligand,3753,556381
1fkb_ligand,3754,614830
1fkb_ligand,3755,651664
1fkb_ligand,3756,696594
1fkb_ligand,3757,754220
1fkb_ligand,3758,848495
1fkb_ligand,3759,596015
1fkb_ligand,3760,634045
1fkb_ligand,3761,569544
1fkb_ligand,3762,748329
1fkb_ligand,3763,673671
1fkb_ligand,3764,789119
1fkb_ligand,3765,641846
1fkb_ligand,3766,665326
1fkb_ligand,3767,606587
1fkb_ligand,3768,717924
1fkb_ligand,3769,704595
1fkb_ligand,3770,803408
1fkb_ligand,3771,565122
1fkb_ligand,3772,590485
1fkb_ligand,3773,679940
1fkb_ligand,3774,915258
1fkb_ligand,3775,817574
1fkb_ligand,3776,673107
1fkb_ligand,3777,838850
1fkb_ligand,3778,684768
1fkb_ligand,3779,634057
1fkb_ligand,3780,659383
1fkb_ligand,3781,739433
1fkb_ligand,3782,630585
1fkb_ligand,3783,680043
1fkb_ligand,3784,679183
1fkb_ligand,3785,607282
1fkb_ligand,3786,569193
1fkb_ligand,3787,574004
1fkb_ligand,3788,599716
1fkb_ligand,3789,565920
1fkb_ligand,3790,590651
1fkb_ligand,3791,530545
1fkb_ligand,3792,558905
1fkb_ligand,3793,547742
1fkb_ligand,3794,691666
1fkb_ligand,3795,609321
1fkb_ligand,3796,772266
1fkb_ligand,3797,568163
1fkb_ligand,3798,566730
1fkb_ligand,3799,589360
1fkb_ligand,3800,642101
1fkb_ligand,3801,763106
1fkb_ligand,3802,804862
1fkb_ligand,3803,557601
1fkb_ligand,3804,678842
1fkb_ligand,3805,720669
1fkb_ligand,3806,845839
1fkb_ligand,3807,828583
1fkb_ligand,3808,614781
1fkb_ligand,3809,726609
1fkb_ligand,3810,616068
1fkb_ligand,3811,737200
1fkb_ligand,3812,688166
1fkb_ligand,3813,726188
1fkb_ligand,3814,686230
1fkb_ligand,3815,756833
1fkb_ligand,3816,579065
1fkb_ligand,3817,682605
1fkb_ligand,3818,702085
1fkb_ligand,3819,638210
1fkb_ligand,3820,702993
1fkb_ligand,3821,607134
1fkb_ligand,3822,586080
1fkb_ligand,3823,549587
1fkb_ligand,3824,639162
1fkb_ligand,3825,663825
1fkb_ligand,3826,730536
1fkb_ligand,3827,659152
1fkb_ligand,3828,778921
1fkb_ligand,3829,567395
1fkb_ligand,3830,559254
1fkb_ligand,3831,583854
1fkb_ligand,3832,763963
1fkb_ligand,3833,950459
1fkb_ligand,3834,658046
1fkb_ligand,3835,660474
1fkb_ligand,3836,763742
1fkb_ligand,3837,843198
1fkb_ligand,3838,661832
1fkb_ligand,3839,701003
1fkb_ligand,3840,694156
1fkb_ligand,3841,557109
1fkb_ligand,3842,652522
1fkb_ligand,3843,699382
1fkb_ligand,3844,676126
1fkb_ligand,3845,723069
1fkb_ligand,3846,597444
1fkb_ligand,3847,656223
1fkb_ligand,3848,609809
1fkb_ligand,3849,563341
1fkb_ligand,3850,580358
1fkb_ligand,3851,569188
1fkb_ligand,3852,645518
1fkb_ligand,3853,641125
1fkb_ligand,3854,688713
1fkb_ligand,3855,582669
1fkb_ligand,3856,743148
1fkb_ligand,3857,582164
1fkb_ligand,3858,566058
1fkb_ligand,3859,570472
1fkb_ligand,3860,755402
1fkb_ligand,3861,781636
1fkb_ligand,3862,660258
1fkb_ligand,3863,796520
1fkb_ligand,3864,701744
1fkb_ligand,3865,751940
1fkb_ligand,3866,733870
1fkb_ligand,3867,735202
1fkb_ligand,3868,622523
1fkb_ligand,3869,709862
1fkb_ligand,3870,629402
1fkb_ligand,3871,716981
1fkb_ligand,3872,618878
1fkb_ligand,3873,717456
1fkb_ligand,3874,598645
1fkb_ligand,3875,620485
1fkb_ligand,3876,785882
1fkb_ligand,3877,775515
1fkb_ligand,3878,595634
1fkb_ligand,3879,635341
1fkb_ligand,3880,649306
1fkb_ligand,3881,606544
1fkb_ligand,3882,670063
1fkb_ligand,3883,641323
1fkb_ligand,3884,788854
1fkb_ligand,3885,579650
1fkb_ligand,3886,508170
1fkb_ligand,3887,527638
1fkb_ligand,3888,679597
1fkb_ligand,3889,612596
1fkb_ligand,3890,602151
1fkb_ligand,3891,546303
1fkb_ligand,3892,692704
1fkb_ligand,3893,635875
1fkb_ligand,3894,675305
1fkb_ligand,3895,555904
1fkb_ligand,3896,699293
1fkb_ligand,3897,619741
1fkb_ligand,3898,620788
1fkb_ligand,3899,653456
1fkb_ligand,3900,691761
1fkb_ligand,3901,703023
1fkb_ligand,3902,799050
1fkb_ligand,3903,852853
1fkb_ligand,3904,616239
1fkb_ligand,3905,723272
1fkb_ligand,3906,663531
1fkb_ligand,3907,673320
1fkb_ligand,3908,848534
1fkb_ligand,3909,662078
1fkb_ligand,3910,679338
1fkb_ligand,3911,708857
1fkb_ligand,3912,648292
1fkb_ligand,3913,693191
1fkb_ligand,3914,707174
1fkb_ligand,3915,767713
1fkb_ligand,3916,608631
1fkb_ligand,3917,711324
1fkb_ligand,3918,793418
1fkb_ligand,3919,736734
1fkb_ligand,3920,661579
1fkb_ligand,3921,742658
1fkb_ligand,3922,651538
1fkb_ligand,3923,732921
1fkb_ligand,3924,731750
1fkb_ligand,3925,787921
1fkb_ligand,3926,595588
1fkb_ligand,3927,666418
1fkb_ligand,3928,693805
1fkb_ligand,3929,624091
1fkb_ligand,3930,764783
1fkb_ligand,3931,576007
1fkb_ligand,3932,619046
1fkb_ligand,3933,616304
1fkb_ligand,3934,778888
1fkb_ligand,3935,588651
1fkb_ligand,3936,625241
1fkb_ligand,3937,632967
1fkb_ligand,3938,764446
1fkb_ligand,3939,823622
1fkb_ligand,3940,629493
1fkb_ligand,3941,706081
1fkb_ligand,3942,791656
1fkb_ligand,3943,633975
1fkb_ligand,3944,699640
1fkb_ligand,3945,714986
1fkb_ligand,3946,664540
1fkb_ligand,3947,626289
1fkb_ligand,3948,658272
1fkb_ligand,3949,723274
1fkb_ligand,3950,628782
1fkb_ligand,3951,608764
1fkb_ligand,3952,547845
1fkb_ligand,3953,593394
1fkb_ligand,3954,578301
1fkb_ligand,3955,603020
1fkb_ligand,3956,708327
1fkb_ligand,3957,646697
1fkb_ligand,3958,698994
1fkb_ligand,3959,695882
1fkb_ligand,3960,763254
1fkb_ligand,3961,767214
1fkb_ligand,3962,611862
1fkb_ligand,3963,692930
1fkb_ligand,3964,798608
1fkb_ligand,3965,713665
1fkb_ligand,3966,615472
1fkb_ligand,3967,662103
1fkb_ligand,3968,665980
1fkb_ligand,3969,638566
1fkb_ligand,3970,755015
1fkb_ligand,3971,641678
1fkb_ligand,3972,690905
1fkb_ligand,3973,722024
1fkb_ligand,3974,813864
1fkb_ligand,3975,843124
1fkb_ligand,3976,704288
1fkb_ligand,3977,713827
1fkb_ligand,3978,838975
1fkb_ligand,3979,669188
1fkb_ligand,3980,569187
1fkb_ligand,3981,598428
1fkb_ligand,3982,618537
1fkb_ligand,3983,656134
1fkb_ligand,3984,752502
1fkb_ligand,3985,678273
1fkb_ligand,3986,788899
1fkb_ligand,3987,580417
1fkb_ligand,3988,590048
1fkb_ligand,3989,634736
1fkb_ligand,3990,670850
1fkb_ligand,3991,596911
1fkb_ligand,3992,813560
1fkb_ligand,3993,641638
1fkb_ligand,3994,735112
1fkb_ligand,3995,654889
1fkb_ligand,3996,696281
1fkb_ligand,3997,707529
1fkb_ligand,3998,826525
1fkb_ligand,3999,582307
1fkb_ligand,4000,665079
1fkb_ligand,4001,1.01415e+06
1fkb_ligand,4002,683472
1fkb_ligand,4003,558105
1fkb_ligand,4004,548704
1fkb_ligand,4005,633412
1fkb_ligand,4006,653736
1fkb_ligand,4007,658144
1fkb_ligand,4008,618196
1fkb_ligand,4009,644014
1fkb_ligand,4010,667167
1fkb_ligand,4011,935465
1fkb_ligand,4012,736246
1fkb_ligand,4013,686754
1fkb_ligand,4014,813182
1fkb_ligand,4015,833563
1fkb_ligand,4016,624903
1fkb_ligand,4017,525407
1fkb_ligand,4018,588045
1fkb_ligand,4019,631293
1fkb_ligand,4020,715041
1fkb_ligand,4021,651133
1fkb_ligand,4022,760374
1fkb_ligand,4023,652393
1fkb_ligand,4024,614284
1fkb_ligand,4025,672908
1fkb_ligand,4026,810983
1fkb_ligand,4027,665579
1fkb_ligand,4028,630586
1fkb_ligand,4029,541746
1fkb_ligand,4030,579616
1fkb_ligand,4031,624048
1fkb_ligand,4032,674287
1fkb_ligand,4033,843533
1fkb_ligand,4034,714411
1fkb_ligand,4035,618268
1fkb_ligand,4036,627933
1fkb_ligand,4037,605698
1fkb_ligand,4038,752515
1fkb_ligand,4039,638241
1fkb_ligand,4040,639502
1fkb_ligand,4041,614896
1fkb_ligand,4042,599173
1fkb_ligand,4043,649053
1fkb_ligand,4044,745729
1fkb_ligand,4045,590118
1fkb_ligand,4046,661603
1fkb_ligand,4047,662350
1fkb_ligand,4048,615317
1fkb_ligand,4049,631950
1fkb_ligand,4050,558126
1fkb_ligand,4051,818365
1fkb_ligand,4052,709139
1fkb_ligand,4053,620450
1fkb_ligand,4054,627049
1fkb_ligand,4055,646651
1fkb_ligand,4056,795250
1fkb_ligand,4057,640022
1fkb_ligand,4058,682224
1fkb_ligand,4059,651643
1fkb_ligand,4060,663988
1fkb_ligand,4061,720547
1fkb_ligand,4062,721240
1fkb_ligand,4063,621484
1fkb_ligand,4064,707775
1fkb_ligand,4065,719641
1fkb_ligand,4066,858196
1fkb_ligand,4067,678283
1fkb_ligand,4068,785119
1fkb_ligand,4069,678302
1fkb_ligand,4070,583588
1fkb_ligand,4071,706105
1fkb_ligand,4072,694818
1fkb_ligand,4073,603205
1fkb_ligand,4074,670616
1fkb_ligand,4075,768479
1fkb_ligand,4076,646606
1fkb_ligand,4077,668790
1fkb_ligand,4078,514566
1fkb_ligand,4079,642990
1fkb_ligand,4080,636485
1fkb_ligand,4081,619640
1fkb_ligand,4082,653248
1fkb_ligand,4083,736284
1fkb_ligand,4084,657984
1fkb_ligand,4085,654023
1fkb_ligand,4086,536446
1fkb_ligand,4087,577865
1fkb_ligand,4088,529342
1fkb_ligand,4089,620189
1fkb_ligand,4090,589943
1fkb_ligand,4091,601643
1fkb_ligand,4092,667000
1fkb_ligand,4093,768268
1fkb_ligand,4094,628981
1fkb_ligand,4095,792492
1fkb_ligand,4096,588693
1fkb_ligand,4097,708212
1fkb_ligand,4098,720766
1fkb_ligand,4099,862977
1fkb_ligand,4100,590605
1fkb_ligand,4101,667445
1fkb_ligand,4102,544102
1fkb_ligand,4103,645318
1fkb_ligand,4104,718939
1fkb_ligand,4105,924051
1fkb_ligand,4106,727075
1fkb_ligand,4107,713455
1fkb_ligand,4108,644526
1fkb_ligand,4109,761509
1fkb_ligand,4110,870736
1fkb_ligand,4111,665295
1fkb_ligand,4112,645713
1fkb_ligand,4113,708098
1fkb_ligand,4114,861066
1fkb_ligand,4115,657273
1fkb_ligand,4116,618631
1fkb_ligand,4117,748797
1fkb_ligand,4118,747227
1fkb_ligand,4119,607389
1fkb_ligand,4120,717258
1fkb_ligand,4121,646634
1fkb_ligand,4122,729370
1fkb_ligand,4123,655511
1fkb_ligand,4124,658996
1fkb_ligand,4125,752966
1fkb_ligand,4126,754745
1fkb_ligand,4127,724741
1fkb_ligand,4128,677573
1fkb_ligand,4129,713433
1fkb_ligand,4130,683592
1fkb_ligand,4131,671921
1fkb_ligand,4132,600505
1fkb_ligand,4133,664176
1fkb_ligand,4134,724096
1fkb_ligand,4135,777740
1fkb_ligand,4136,561893
1fkb_ligand,4137,624730
1fkb_ligand,4138,679521
1fkb_ligand,4139,739772
1fkb_ligand,4140,649789
1fkb_ligand,4141,793059
1fkb_ligand,4142,710488
1fkb_ligand,4143,613369
1fkb_ligand,4144,666089
1fkb_ligand,4145,844749
1fkb_ligand,4146,745546
1fkb_ligand,4147,673187
1fkb_ligand,4148,680754
1fkb_ligand,4149,656744
1fkb_ligand,4150,643544
1fkb_ligand,4151,616562
1fkb_ligand,4152,628174
1fkb_ligand,4153,734246
1fkb_ligand,4154,646588
1fkb_ligand,4155,681925
1fkb_ligand,4156,878115
1fkb_ligand,4157,648804
1fkb_ligand,4158,633587
1fkb_ligand,4159,652842
1fkb_ligand,4160,767155
1fkb_ligand,4161,687060
1fkb_ligand,4162,686090
1fkb_ligand,4163,709354
1fkb_ligand,4164,615128
1fkb_ligand,4165,654774
1fkb_ligand,4166,708895
1fkb_ligand,4167,677883
1fkb_ligand,4168,641172
1fkb_ligand,4169,716768
1fkb_ligand,4170,758091
1fkb_ligand,4171,724200
1fkb_ligand,4172,682930
1fkb_ligand,4173,665523
1fkb_ligand,4174,803003
1fkb_ligand,4175,638707
1fkb_ligand,4176,628332
1fkb_ligand,4177,644974
1fkb_ligand,4178,667397
1fkb_ligand,4179,613027
1fkb_ligand,4180,549786
1fkb_ligand,4181,590429
1fkb_ligand,4182,555646
1fkb_ligand,4183,608020
1fkb_ligand,4184,617907
1fkb_ligand,4185,584731
1fkb_ligand,4186,550701
1fkb_ligand,4187,612954
1fkb_ligand,4188,651337
1fkb_ligand,4189,673678
1fkb_ligand,4190,587193
1fkb_ligand,4191,779525
1fkb_ligand,4192,677637
1fkb_ligand,4193,766723
1fkb_ligand,4194,811072
1fkb_ligand,4195,551487
1fkb_ligand,4196,647568
1fkb_ligand,4197,688800
1fkb_ligand,4198,754792
1fkb_ligand,4199,687069
1fkb_ligand,4200,791648
1fkb_ligand,4201,586828
1fkb_ligand,4202,613747
1fkb_ligand,4203,626940
1fkb_ligand,4204,694047
1fkb_ligand,4205,708013
1fkb_ligand,4206,916131
1fkb_ligand,4207,763302
1fkb_ligand,4208,757031
1fkb_ligand,4209,597472
1fkb_ligand,4210,661507
1fkb_ligand,4211,872102
1fkb_ligand,4212,666612
1fkb_ligand,4213,713017
1fkb_ligand,4214,661059
1fkb_ligand,4215,661033
1fkb_ligand,4216,774354
1fkb_ligand,4217,733988
1fkb_ligand,4218,746913
1fkb_ligand,4219,674960
1fkb_ligand,4220,701351
1fkb_ligand,4221,842420
1fkb_ligand,4222,681115
1fkb_ligand,4223,628956
1fkb_ligand,4224,830870
1fkb_ligand,4225,663094
1fkb_ligand,4226,552060
1fkb_ligand,4227,539328
1fkb_ligand,4228,635448
1fkb_ligand,4229,536973
1fkb_ligand,4230,644692
1fkb_ligand,4231,686724
1fkb_ligand,4232,695205
1fkb_ligand,4233,594291
1fkb_ligand,4234,714295
1fkb_ligand,4235,579861
1fkb_ligand,4236,620639
1fkb_ligand,4237,632907
1fkb_ligand,4238,629312
1fkb_ligand,4239,756980
1fkb_ligand,4240,690415
1fkb_ligand,4241,597703
1fkb_ligand,4242,617660
1fkb_ligand,4243,671105
1fkb_ligand,4244,765425
1fkb_ligand,4245,576227
1fkb_ligand,4246,657242
1fkb_ligand,4247,650747
1fkb_ligand,4248,761927
1fkb_ligand,4249,590076
1fkb_ligand,4250,659984
1fkb_ligand,4251,590413
1fkb_ligand,4252,717010
1fkb_ligand,4253,660825
1fkb_ligand,4254,666873
1fkb_ligand,4255,715383
1fkb_ligand,4256,874294
1fkb_ligand,4257,882037
1fkb_ligand,4258,684971
1fkb_ligand,4259,584494
1fkb_ligand,4260,639438
1fkb_ligand,4261,780097
1fkb_ligand,4262,689563
1fkb_ligand,4263,676926
1fkb_ligand,4264,606256
1fkb_ligand,4265,724424
1fkb_ligand,4266,658358
1fkb_ligand,4267,666298
1fkb_ligand,4268,688762
1fkb_ligand,4269,762465
1fkb_ligand,4270,608650
1fkb_ligand,4271,647044
1fkb_ligand,4272,637451
1fkb_ligand,4273,721516
1fkb_ligand,4274,628605
1fkb_ligand,4275,633360
1fkb_ligand,4276,629034
1fkb_ligand,4277,634842
1fkb_ligand,4278,679489
1fkb_ligand,4279,600977
1fkb_ligand,4280,565437
1fkb_ligand,4281,558786
1fkb_ligand,4282,619832
1fkb_ligand,4283,589649
1fkb_ligand,4284,559701
1fkb_ligand,4285,652359
1fkb_ligand,4286,651216
1fkb_ligand,4287,668059
1fkb_ligand,4288,648972
1fkb_ligand,4289,694606
1fkb_ligand,4290,699538
1fkb_ligand,4291,707506
1fkb_ligand,4292,803655
1fkb_ligand,4293,638364
1fkb_ligand,4294,741686
1fkb_ligand,4295,726069
1fkb_ligand,4296,752694
1fkb_ligand,4297,726478
1fkb_ligand,4298,723492
1fkb_ligand,4299,748004
1fkb_ligand,4300,820774
1fkb_ligand,4301,689195
1fkb_ligand,4302,677518
1fkb_ligand,4303,699297
1fkb_ligand,4304,800893
1fkb_ligand,4305,755492
1fkb_ligand,4306,808952
1fkb_ligand,4307,604174
1fkb_ligand,4308,651168
1fkb_ligand,4309,733881
1fkb_ligand,4310,998471
1fkb_ligand,4311,655619
1fkb_ligand,4312,731603
1fkb_ligand,4313,847150
1fkb_ligand,4314,798080
1fkb_ligand,4315,809460
1fkb_ligand,4316,639307
1fkb_ligand,4317,796682
1fkb_ligand,4318,731096
1fkb_ligand,4319,663483
1fkb_ligand,4320,679152
1fkb_ligand,4321,709677
1fkb_ligand,4322,675906
1fkb_ligand,4323,654163
1fkb_ligand,4324,675640
1fkb_ligand,4325,664589
1fkb_ligand,4326,755287
1fkb_ligand,4327,665207
1fkb_ligand,4328,826115
1fkb_ligand,4329,643036
1fkb_ligand,4330,741272
1fkb_ligand,4331,795778
1fkb_ligand,4332,835994
1fkb_ligand,4333,687216
1fkb_ligand,4334,799416
1fkb_ligand,4335,825900
1fkb_ligand,4336,857422
1fkb_ligand,4337,682157
1fkb_ligand,4338,711397
1fkb_ligand,4339,566980
1fkb_ligand,4340,684806
1fkb_ligand,4341,575742
1fkb_ligand,4342,673778
1fkb_ligand,4343,724365
1fkb_ligand,4344,744457
1fkb_ligand,4345,656406
1fkb_ligand,4346,755798
1fkb_ligand,4347,769283
1fkb_ligand,4348,822793
1fkb_ligand,4349,709819
1fkb_ligand,4350,808049
1fkb_ligand,4351,757971
1fkb_ligand,4352,632364
1fkb_ligand,4353,633652
1fkb_ligand,4354,697903
1fkb_ligand,4355,683492
1fkb_ligand,4356,787536
1fkb_ligand,4357,679828
1fkb_ligand,4358,693641
1fkb_ligand,4359,698022
1fkb_ligand,4360,778505
1fkb_ligand,4361,730071
1fkb_ligand,4362,887849
1fkb_ligand,4363,1.09007e+06
1fkb_ligand,4364,870049
1fkb_ligand,4365,718080
1fkb_ligand,4366,789201
1fkb_ligand,4367,632995
1fkb_ligand,4368,655410
1fkb_ligand,4369,764037
1fkb_ligand,4370,1.1166e+06
1fkb_ligand,4371,733284
1fkb_ligand,4372,729194
1fkb_ligand,4373,645840
1fkb_ligand,4374,952056
1fkb_ligand,4375,764033
1fkb_ligand,4376,733003
1fkb_ligand,4377,665954
1fkb_ligand,4378,669626
1fkb_ligand,4379,861014
1fkb_ligand,4380,755072
1fkb_ligand,4381,713460
1fkb_ligand,4382,683042
1fkb_ligand,4383,757698
1fkb_ligand,4384,687758
1fkb_ligand,4385,607248
1fkb_ligand,4386,602717
1fkb_ligand,4387,641209
1fkb_ligand,4388,719708
1fkb_ligand,4389,627456
1fkb_ligand,4390,645986
1fkb_ligand,4391,699244
1fkb_ligand,4392,634707
1fkb_ligand,4393,725699
1fkb_ligand,4394,721750
1fkb_ligand,4395,665139
1fkb_ligand,4396,724095
1fkb_ligand,4397,642000
1fkb_ligand,4398,891605
1fkb_ligand,4399,718754
1fkb_ligand,4400,667716
1fkb_ligand,4401,501074
1fkb_ligand,4402,540467
1fkb_ligand,4403,505336
1fkb_ligand,4404,543233
1fkb_ligand,4405,524095
1fkb_ligand,4406,692089
1fkb_ligand,4407,561246
1fkb_ligand,4408,640426
1fkb_ligand,4409,640021
1fkb_ligand,4410,702397
1fkb_ligand,4411,797656
1fkb_ligand,4412,727821
1fkb_ligand,4413,663331
1fkb_ligand,4414,516739
1fkb_ligand,4415,680708
1fkb_ligand,4416,606600
1fkb_ligand,4417,673119
1fkb_ligand,4418,670573
1fkb_ligand,4419,765919
1fkb_ligand,4420,603731
1fkb_ligand,4421,753761
1fkb_ligand,4422,602859
1fkb_ligand,4423,701610
1fkb_ligand,4424,717804
1fkb_ligand,4425,678502
1fkb_ligand,4426,629589
1fkb_ligand,4427,616446
1fkb_ligand,4428,615870
1fkb_ligand,4429,720351
1fkb_ligand,4430,615250
1fkb_ligand,4431,695362
1fkb_ligand,4432,667566
1fkb_ligand,4433,757808
1fkb_ligand,4434,633503
1fkb_ligand,4435,674122
1fkb_ligand,4436,697720
1fkb_ligand,4437,635673
1fkb_ligand,4438,714701
1fkb_ligand,4439,797532
1fkb_ligand,4440,550861
1fkb_ligand,4441,628782
1fkb_ligand,4442,680992
1fkb_ligand,4443,707907
1fkb_ligand,4444,601755
1fkb_ligand,4445,730162
1fkb_ligand,4446,653991
1fkb_ligand,4447,676495
1fkb_ligand,4448,626940
1fkb_ligand,4449,747759
1fkb_ligand,4450,628224
1fkb_ligand,4451,740733
1fkb_ligand,4452,638146
1fkb_ligand,4453,723534
1fkb_ligand,4454,619627
1fkb_ligand,4455,791636
1fkb_ligand,4456,648383
1fkb_ligand,4457,714589
1fkb_ligand,4458,598870
1fkb_ligand,4459,672731
1fkb_ligand,4460,789267
1fkb_ligand,4461,706729
1fkb_ligand,4462,664480
1fkb_ligand,4463,772496
1fkb_ligand,4464,684086
1fkb_ligand,4465,675763
1fkb_ligand,4466,604584
1fkb_ligand,4467,788987
1fkb_ligand,4468,642282
1fkb_ligand,4469,788762
1fkb_ligand,4470,673399
1fkb_ligand,4471,753196
1fkb_ligand,4472,677503
1fkb_ligand,4473,702162
1fkb_ligand,4474,773001
1fkb_ligand,4475,593258
1fkb_ligand,4476,646640
1fkb_ligand,4477,803493
1fkb_ligand,4478,660726
1fkb_ligand,4479,755753
1fkb_ligand,4480,601174
1fkb_ligand,4481,675692
1fkb_ligand,4482,717800
1fkb_ligand,4483,840286
1fkb_ligand,4484,745764
1fkb_ligand,4485,714213
1fkb_ligand,4486,538155
1fkb_ligand,4487,601253
1fkb_ligand,4488,621912
1fkb_ligand,4489,814750
1fkb_ligand,4490,728471
1fkb_ligand,4491,720347
1fkb_ligand,4492,549210
1fkb_ligand,4493,632169
1fkb_ligand,4494,655740
1fkb_ligand,4495,759712
1fkb_ligand,4496,714866
1fkb_ligand,4497,823977
1fkb_ligand,4498,674273
1fkb_ligand,4499,666692
1fkb_ligand,4500,537028
1fkb_ligand,4501,714962
1fkb_ligand,4502,602185
1fkb_ligand,4503,719960
1fkb_ligand,4504,691351
1fkb_ligand,4505,732285
1fkb_ligand,4506,549180
1fkb_ligand,4507,629455
1fkb_ligand,4508,754809
1fkb_ligand,4509,722740
1fkb_ligand,4510,582591
1fkb_ligand,4511,618480
1fkb_ligand,4512,781191
1fkb_ligand,4513,675097
1fkb_ligand,4514,562994
1fkb_ligand,4515,664340
1fkb_ligand,4516,731782
1fkb_ligand,4517,853111
1fkb_ligand,4518,676560
1fkb_ligand,4519,723572
1fkb_ligand,4520,528484
1fkb_ligand,4521,721810
1fkb_ligand,4522,874442
1fkb_ligand,4523,740545
1fkb_ligand,4524,641077
1fkb_ligand,4525,686140
1fkb_ligand,4526,850230
1fkb_ligand,4527,674212
1fkb_ligand,4528,727646
1fkb_ligand,4529,631950
1fkb_ligand,4530,793328
1fkb_ligand,4531,643286
1fkb_ligand,4532,606147
1fkb_ligand,4533,598633
1fkb_ligand,4534,614527
1fkb_ligand,4535,737762
1fkb_ligand,4536,568125
1fkb_ligand,4537,633327
1fkb_ligand,4538,609142
1fkb_ligand,4539,605808
1fkb_ligand,4540,641147
1fkb_ligand,4541,707682
1fkb_ligand,4542,655738
1fkb_ligand,4543,605114
1fkb_ligand,4544,724793
1fkb_ligand,4545,647436
1fkb_ligand,4546,794026
1fkb_ligand,4547,673560
1fkb_ligand,4548,834508
1fkb_ligand,4549,682169
1fkb_ligand,4550,651048
1fkb_ligand,4551,537955
1fkb_ligand,4552,800095
1fkb_ligand,4553,597127
1fkb_ligand,4554,668455
1fkb_ligand,4555,575027
1fkb_ligand,4556,755113
1fkb_ligand,4557,688000
1fkb_ligand,4558,813759
1fkb_ligand,4559,641093
1fkb_ligand,4560,688169
1fkb_ligand,4561,673219
1fkb_ligand,4562,815972
1fkb_ligand,4563,661182
1fkb_ligand,4564,684801
1fkb_ligand,4565,650393
1fkb_ligand,4566,672168
1fkb_ligand,4567,732207
1fkb_ligand,4568,916479
1fkb_ligand,4569,608146
1fkb_ligand,4570,504654
1fkb_ligand,4571,521326
1fkb_ligand,4572,543181
1fkb_ligand,4573,576549
1fkb_ligand,4574,524211
1fkb_ligand,4575,578633
1fkb_ligand,4576,579048
1fkb_ligand,4577,678882
1fkb_ligand,4578,613669
1fkb_ligand,4579,751846
1fkb_ligand,4580,561211
1fkb_ligand,4581,635085
1fkb_ligand,4582,536480
1fkb_ligand,4583,591582
1fkb_ligand,4584,553081
1fkb_ligand,4585,667784
1fkb_ligand,4586,885482
1fkb_ligand,4587,608822
1fkb_ligand,4588,700493
1fkb_ligand,4589,622587
1fkb_ligand,4590,764307
1fkb_ligand,4591,631046
1fkb_ligand,4592,828286
1fkb_ligand,4593,592240
1fkb_ligand,4594,664934
1fkb_ligand,4595,638559
1fkb_ligand,4596,664038
1fkb_ligand,4597,637216
1fkb_ligand,4598,712926
1fkb_ligand,4599,573025
1fkb_ligand,4600,679488
1fkb_ligand,4601,614539
1fkb_ligand,4602,667088
1fkb_ligand,4603,701060
1fkb_ligand,4604,822857
1fkb_ligand,4605,591345
1fkb_ligand,4606,671466
1fkb_ligand,4607,665665
1fkb_ligand,4608,668501
1fkb_ligand,4609,796502
1fkb_ligand,4610,689305
1fkb_ligand,4611,525590
1fkb_ligand,4612,566199
1fkb_ligand,4613,702217
1fkb_ligand,4614,769356
1fkb_ligand,4615,627415
1fkb_ligand,4616,623877
1fkb_ligand,4617,662504
1fkb_ligand,4618,722428
1fkb_ligand,4619,701904
1fkb_ligand,4620,750302
1fkb_ligand,4621,593865
1fkb_ligand,4622,724048
1fkb_ligand,4623,667082
1fkb_ligand,4624,664837
1fkb_ligand,4625,623115
1fkb_ligand,4626,661264
1fkb_ligand,4627,637992
1fkb_ligand,4628,806688
1fkb_ligand,4629,706654
1fkb_ligand,4630,626454
1fkb_ligand,4631,534550
1fkb_ligand,4632,641343
1fkb_ligand,4633,607611
1fkb_ligand,4634,707067
1fkb_ligand,4635,698174
1fkb_ligand,4636,695913
1fkb_ligand,4637,540631
1fkb_ligand,4638,647820
1fkb_ligand,4639,571388
1fkb_ligand,4640,591576
1fkb_ligand,4641,564290
1fkb_ligand,4642,621261
1fkb_ligand,4643,828029
1fkb_ligand,4644,617669
1fkb_ligand,4645,696726
1fkb_ligand,4646,595173
1fkb_ligand,4647,608863
1fkb_ligand,4648,577478
1fkb_ligand,4649,535373
1fkb_ligand,4650,591570
1fkb_ligand,4651,669469
1fkb_ligand,4652,786439
1fkb_ligand,4653,778217
1fkb_ligand,4654,572141
1fkb_ligand,4655,591481
1fkb_ligand,4656,686466
1fkb_ligand,4657,736982
1fkb_ligand,4658,580973
1fkb_ligand,4659,610901
1fkb_ligand,4660,590108
1fkb_ligand,4661,515293
1fkb_ligand,4662,551121
1fkb_ligand,4663,613524
1fkb_ligand,4664,653723
1fkb_ligand,4665,737107
1fkb_ligand,4666,620448
1fkb_ligand,4667,610994
1fkb_ligand,4668,661390
1fkb_ligand,4669,723028
1fkb_ligand,4670,584526
1fkb_ligand,4671,625430
1fkb_ligand,4672,620474
1fkb_ligand,4673,709825
1fkb_ligand,4674,588656
1fkb_ligand,4675,611568
1fkb_ligand,4676,636253
1fkb_ligand,4677,718326
1fkb_ligand,4678,616896
1fkb_ligand,4679,614363
1fkb_ligand,4680,571397
1fkb_ligand,4681,618306
1fkb_ligand,4682,689592
1fkb_ligand,4683,766172
1fkb_ligand,4684,679867
1fkb_ligand,4685,603284
1fkb_ligand,4686,577498
1fkb_ligand,4687,529918
1fkb_ligand,4688,623727
1fkb_ligand,4689,760626
1fkb_ligand,4690,679200
1fkb_ligand,4691,603597
1fkb_ligand,4692,596085
1fkb_ligand,4693,565922
1fkb_ligand,4694,691911
1fkb_ligand,4695,628980
1fkb_ligand,4696,732211
1fkb_ligand,4697,583725
1fkb_ligand,4698,586271
1fkb_ligand,4699,552395
1fkb_ligand,4700,561823
1fkb_ligand,4701,604864
1fkb_ligand,4702,818623
1fkb_ligand,4703,678768
1fkb_ligand,4704,624174
1fkb_ligand,4705,731118
1fkb_ligand,4706,748050
1fkb_ligand,4707,662374
1fkb_ligand,4708,614447
1fkb_ligand,4709,708949
1fkb_ligand,4710,772197
1fkb_ligand,4711,688447
1fkb_ligand,4712,587428
1fkb_ligand,4713,650582
1fkb_ligand,4714,651540
1fkb_ligand,4715,806144
1fkb_ligand,4716,608682
1fkb_ligand,4717,652585
1fkb_ligand,4718,666439
1fkb_ligand,4719,763239
1fkb_ligand,4720,580149
1fkb_ligand,4721,634977
1fkb_ligand,4722,665399
1fkb_ligand,4723,763738
1fkb_ligand,4724,568379
1fkb_ligand,4725,654524
1fkb_ligand,4726,785928
1fkb_ligand,4727,781708
1fkb_ligand,4728,686532
1fkb_ligand,4729,657171
1fkb_ligand,4730,603121
1fkb_ligand,4731,543365
1fkb_ligand,4732,662360
1fkb_ligand,4733,587875
1fkb_ligand,4734,580680
1fkb_ligand,4735,566505
1fkb_ligand,4736,700334
1fkb_ligand,4737,587810
1fkb_ligand,4738,636613
1fkb_ligand,4739,639776
1fkb_ligand,4740,682864
1fkb_ligand,4741,783868
1fkb_ligand,4742,602836
1fkb_ligand,4743,762915
1fkb_ligand,4744,675914
1fkb_ligand,4745,613635
1fkb_ligand,4746,656947
1fkb_ligand,4747,691248
1fkb_ligand,4748,800477
1fkb_ligand,4749,766352
1fkb_ligand,4750,631218
1fkb_ligand,4751,597391
1fkb_ligand,4752,564226
1fkb_ligand,4753,637863
1fkb_ligand,4754,795605
1fkb_ligand,4755,815906
1fkb_ligand,4756,681193
1fkb_ligand,4757,702183
1fkb_ligand,4758,604918
1fkb_ligand,4759,690774
1fkb_ligand,4760,656998
1fkb_ligand,4761,604815
1fkb_ligand,4762,737320
1fkb_ligand,4763,641084
1fkb_ligand,4764,594898
1fkb_ligand,4765,568731
1fkb_ligand,4766,630913
1fkb_ligand,4767,632992
1fkb_ligand,4768,685243
1fkb_ligand,4769,691562
1fkb_ligand,4770,701154
1fkb_ligand,4771,723523
1fkb_ligand,4772,844647
1fkb_ligand,4773,547137
1fkb_ligand,4774,561169
1fkb_ligand,4775,564348
1fkb_ligand,4776,593473
1fkb_ligand,4777,729803
1fkb_ligand,4778,708611
1fkb_ligand,4779,660842
1fkb_ligand,4780,662073
1fkb_ligand,4781,784734
1fkb_ligand,4782,662246
1fkb_ligand,4783,651827
1fkb_ligand,4784,610890
1fkb_ligand,4785,773820
1fkb_ligand,4786,632304
1fkb_ligand,4787,686256
1fkb_ligand,4788,765487
1fkb_ligand,4789,876738
1fkb_ligand,4790,657242
1fkb_ligand,4791,609679
1fkb_ligand,4792,647146
1fkb_ligand,4793,660514
1fkb_ligand,4794,692855
1fkb_ligand,4795,579541
1fkb_ligand,4796,636739
1fkb_ligand,4797,678150
1fkb_ligand,4798,789732
1fkb_ligand,4799,577044
1fkb_ligand,4800,584383
1fkb_ligand,4801,598194
1fkb_ligand,4802,633129
1fkb_ligand,4803,708037
1fkb_ligand,4804,737849
1fkb_ligand,4805,852985
1fkb_ligand,4806,666101
1fkb_ligand,4807,658226
1fkb_ligand,4808,818423
1fkb_ligand,4809,577888
1fkb_ligand,4810,583041
1fkb_ligand,4811,703930
1fkb_ligand,4812,696103
1fkb_ligand,4813,806467
1fkb_ligand,4814,584552
1fkb_ligand,4815,589406
1fkb_ligand,4816,681993
1fkb_ligand,4817,838797
1fkb_ligand,4818,663534
1fkb_ligand,4819,747817
1fkb_ligand,4820,660747
1fkb_ligand,4821,627229
1fkb_ligand,4822,698618
1fkb_ligand,4823,698997
1fkb_ligand,4824,625712
1fkb_ligand,4825,701474
1fkb_ligand,4826,654470
1fkb_ligand,4827,778632
1fkb_ligand,4828,621556
1fkb_ligand,4829,719280
1fkb_ligand,4830,678447
1fkb_ligand,4831,701424
1fkb_ligand,4832,648473
1fkb_ligand,4833,711563
1fkb_ligand,4834,645910
1fkb_ligand,4835,677262
1fkb_ligand,4836,673994
1fkb_ligand,4837,788082
1fkb_ligand,4838,570833
1fkb_ligand,4839,686741
1fkb_ligand,4840,690208
1fkb_ligand,4841,647368
1fkb_ligand,4842,550294
1fkb_ligand,4843,638529
1fkb_ligand,4844,685575
1fkb_ligand,4845,685278
1fkb_ligand,4846,616546
1fkb_ligand,4847,683069
1fkb_ligand,4848,581056
1fkb_ligand,4849,662797
1fkb_ligand,4850,698860
1fkb_ligand,4851,731341
1fkb_ligand,4852,620850
1fkb_ligand,4853,655550
1fkb_ligand,4854,634167
1fkb_ligand,4855,657779
1fkb_ligand,4856,576138
1fkb_ligand,4857,686664
1fkb_ligand,4858,756246
1fkb_ligand,4859,646566
1fkb_ligand,4860,619302
1fkb_ligand,4861,681209
1fkb_ligand,4862,654513
1fkb_ligand,4863,670484
1fkb_ligand,4864,662048
1fkb_ligand,4865,596124
1fkb_ligand,4866,628372
1fkb_ligand,4867,731662
1fkb_ligand,4868,636742
1fkb_ligand,4869,693708
1fkb_ligand,4870,616718
1fkb_ligand,4871,622940
1fkb_ligand,4872,696245
1fkb_ligand,4873,670651
1fkb_ligand,4874,630481
1fkb_ligand,4875,655470
1fkb_ligand,4876,693583
1fkb_ligand,4877,799288
1fkb_ligand,4878,596917
1fkb_ligand,4879,692772
1fkb_ligand,4880,846991
1fkb_ligand,4881,873388
1fkb_ligand,4882,734619
1fkb_ligand,4883,551874
1fkb_ligand,4884,679718
1fkb_ligand,4885,677948
1fkb_ligand,4886,871867
1fkb_ligand,4887,651824
1fkb_ligand,4888,951802
1fkb_ligand,4889,692201
1fkb_ligand,4890,649383
1fkb_ligand,4891,622952
1fkb_ligand,4892,770406
1fkb_ligand,4893,658096
1fkb_ligand,4894,844489
1fkb_ligand,4895,735847
1fkb_ligand,4896,765671
1fkb_ligand,4897,755500
1fkb_ligand,4898,749204
1fkb_ligand,4899,685120
1fkb_ligand,4900,806934
1fkb_ligand,4901,757124
1fkb_ligand,4902,751250
1fkb_ligand,4903,766188
1fkb_ligand,4904,811159
1fkb_ligand,4905,761528
1fkb_ligand,4906,690135
1fkb_ligand,4907,633508
1fkb_ligand,4908,810674
1fkb_ligand,4909,843146
1fkb_ligand,4910,785098
1fkb_ligand,4911,637785
1fkb_ligand,4912,720247
1fkb_ligand,4913,778210
1fkb_ligand,4914,828878
1fkb_ligand,4915,642228
1fkb_ligand,4916,748732
1fkb_ligand,4917,727148
1fkb_ligand,4918,703485
1fkb_ligand,4919,797182
1fkb_ligand,4920,1.10071e+06
1fkb_ligand,4921,731262
1fkb_ligand,4922,755058
1fkb_ligand,4923,920301
1fkb_ligand,4924,630263
1fkb_ligand,4925,681341
1fkb_ligand,4926,803426
1fkb_ligand,4927,978959
1fkb_ligand,4928,770378
1fkb_ligand,4929,755986
1fkb_ligand,4930,690918
1fkb_ligand,4931,769974
1fkb_ligand,4932,613568
1fkb_ligand,4933,622282
1fkb_ligand,4934,652510
1fkb_ligand,4935,786412
1fkb_ligand,4936,749767
1fkb_ligand,4937,665525
1fkb_ligand,4938,569128
1fkb_ligand,4939,668642
1fkb_ligand,4940,728326
1fkb_ligand,4941,837443
1fkb_ligand,4942,571365
1fkb_ligand,4943,747952
1fkb_ligand,4944,827821
1fkb_ligand,4945,680479
1fkb_ligand,4946,697397
1fkb_ligand,4947,615561
1fkb_ligand,4948,739228
1fkb_ligand,4949,659859
1fkb_ligand,4950,726666
1fkb_ligand,4951,567084
1fkb_ligand,4952,693602
1fkb_ligand,4953,596480
1fkb_ligand,4954,685220
1fkb_ligand,4955,694683
1fkb_ligand,4956,815480
1fkb_ligand,4957,675680
1fkb_ligand,4958,709726
1fkb_ligand,4959,614517
1fkb_ligand,4960,771459
1fkb_ligand,4961,690548
1fkb_ligand,4962,643259
1fkb_ligand,4963,710810
1fkb_ligand,4964,887207
1fkb_ligand,4965,657912
1fkb_ligand,4966,592276
1fkb_ligand,4967,639115
1fkb_ligand,4968,628397
1fkb_ligand,4969,733294
1fkb_ligand,4970,698011
1fkb_ligand,4971,653519
1fkb_ligand,4972,700334
1fkb_ligand,4973,611216
1fkb_ligand,4974,782723
1fkb_ligand,4975,724888
1fkb_ligand,4976,689429
1fkb_ligand,4977,692841
1fkb_ligand,4978,749600
1fkb_ligand,4979,646137
1fkb_ligand,4980,721784
1fkb_ligand,4981,693186
1fkb_ligand,4982,851284
1fkb_ligand,4983,659818
1fkb_ligand,4984,682708
1fkb_ligand,4985,512294
1fkb_ligand,4986,598551
1fkb_ligand,4987,631338
1fkb_ligand,4988,695314
1fkb_ligand,4989,632553
1fkb_ligand,4990,815616
1fkb_ligand,4991,848216
1fkb_ligand,4992,778283
1fkb_ligand,4993,617291
1fkb_ligand,4994,736780
1fkb_ligand,4995,772761
1fkb_ligand,4996,839659
1fkb_ligand,4997,666579
1fkb_ligand,4998,663996
1fkb_ligand,4999,640879
