ligand,iteration,standalone_ls_score
3udd_ligand,0,420756
3udd_ligand,1,243887
3udd_ligand,2,219458
3udd_ligand,3,201049
3udd_ligand,4,214846
3udd_ligand,5,170044
3udd_ligand,6,159767
3udd_ligand,7,126924
3udd_ligand,8,134953
3udd_ligand,9,116073
3udd_ligand,10,104924
3udd_ligand,11,93474.3
3udd_ligand,12,75597.5
3udd_ligand,13,93035.4
3udd_ligand,14,72984.4
3udd_ligand,15,95100.5
3udd_ligand,16,64122.8
3udd_ligand,17,72950.5
3udd_ligand,18,62705.8
3udd_ligand,19,79637.1
3udd_ligand,20,64006
3udd_ligand,21,76172.1
3udd_ligand,22,59910.6
3udd_ligand,23,61672.6
3udd_ligand,24,61465.3
3udd_ligand,25,72695.1
3udd_ligand,26,56371.7
3udd_ligand,27,63360.5
3udd_ligand,28,90587.7
3udd_ligand,29,101192
3udd_ligand,30,67636.7
3udd_ligand,31,52828.6
3udd_ligand,32,56808.3
3udd_ligand,33,65609.2
3udd_ligand,34,88007.5
3udd_ligand,35,131612
3udd_ligand,36,67131
3udd_ligand,37,72864.7
3udd_ligand,38,80686.5
3udd_ligand,39,67979.6
3udd_ligand,40,68973.1
3udd_ligand,41,71635.8
3udd_ligand,42,73281.3
3udd_ligand,43,59314.2
3udd_ligand,44,74302.2
3udd_ligand,45,75278
3udd_ligand,46,71557.3
3udd_ligand,47,83448.1
3udd_ligand,48,58239.4
3udd_ligand,49,69485.2
3udd_ligand,50,68030.8
3udd_ligand,51,65207.9
3udd_ligand,52,69198.3
3udd_ligand,53,77405.1
3udd_ligand,54,72613.9
3udd_ligand,55,67204.1
3udd_ligand,56,92633.6
3udd_ligand,57,87354.9
3udd_ligand,58,68200.9
3udd_ligand,59,63026.3
3udd_ligand,60,66141.3
3udd_ligand,61,67635.3
3udd_ligand,62,84419.3
3udd_ligand,63,120097
3udd_ligand,64,102784
3udd_ligand,65,122594
3udd_ligand,66,137348
3udd_ligand,67,104940
3udd_ligand,68,101394
3udd_ligand,69,108549
3udd_ligand,70,92764.7
3udd_ligand,71,107372
3udd_ligand,72,61254.2
3udd_ligand,73,63757.9
3udd_ligand,74,58846.4
3udd_ligand,75,61772.8
3udd_ligand,76,64608
3udd_ligand,77,60594.8
3udd_ligand,78,53304.4
3udd_ligand,79,50928.3
3udd_ligand,80,60806.5
3udd_ligand,81,65401.7
3udd_ligand,82,99407.4
3udd_ligand,83,86544.9
3udd_ligand,84,63680.9
3udd_ligand,85,74361.4
3udd_ligand,86,58238.2
3udd_ligand,87,57057.7
3udd_ligand,88,74152.3
3udd_ligand,89,72935.5
3udd_ligand,90,76028.2
3udd_ligand,91,98804
3udd_ligand,92,58975.7
3udd_ligand,93,61423.4
3udd_ligand,94,68493.7
3udd_ligand,95,83437.9
3udd_ligand,96,71164.6
3udd_ligand,97,83230
3udd_ligand,98,80235.7
3udd_ligand,99,98719.8
3udd_ligand,100,85261.9
3udd_ligand,101,72520.6
3udd_ligand,102,95451.8
3udd_ligand,103,76155.3
3udd_ligand,104,60711.4
3udd_ligand,105,59653.1
3udd_ligand,106,52842.4
3udd_ligand,107,62498.2
3udd_ligand,108,61473.1
3udd_ligand,109,86823.4
3udd_ligand,110,81648.6
3udd_ligand,111,62721.8
3udd_ligand,112,86665
3udd_ligand,113,92989.7
3udd_ligand,114,57056.9
3udd_ligand,115,56713.6
3udd_ligand,116,55573.1
3udd_ligand,117,65375.4
3udd_ligand,118,74102
3udd_ligand,119,61488.9
3udd_ligand,120,94812.1
3udd_ligand,121,81713.3
3udd_ligand,122,80142.7
3udd_ligand,123,75369.8
3udd_ligand,124,65535.6
3udd_ligand,125,85220
3udd_ligand,126,66672.8
3udd_ligand,127,51479.8
3udd_ligand,128,50234.2
3udd_ligand,129,79248.9
3udd_ligand,130,69690.1
3udd_ligand,131,94650.6
3udd_ligand,132,66400.4
3udd_ligand,133,61388.7
3udd_ligand,134,66894.4
3udd_ligand,135,60957.4
3udd_ligand,136,75702.5
3udd_ligand,137,67944.7
3udd_ligand,138,54297.5
3udd_ligand,139,82582.8
3udd_ligand,140,69045.2
3udd_ligand,141,94401.2
3udd_ligand,142,95084.9
3udd_ligand,143,90441.9
3udd_ligand,144,65413.6
3udd_ligand,145,58107.9
3udd_ligand,146,58779.8
3udd_ligand,147,72082.2
3udd_ligand,148,51621.4
3udd_ligand,149,51468
3udd_ligand,150,86536.3
3udd_ligand,151,61971.9
3udd_ligand,152,82541.6
3udd_ligand,153,62380.8
3udd_ligand,154,76874
3udd_ligand,155,108685
3udd_ligand,156,97725.6
3udd_ligand,157,57034.7
3udd_ligand,158,60475.7
3udd_ligand,159,136633
3udd_ligand,160,112319
3udd_ligand,161,64244.7
3udd_ligand,162,69309.6
3udd_ligand,163,57785.7
3udd_ligand,164,52560.3
3udd_ligand,165,64831.2
3udd_ligand,166,66275.5
3udd_ligand,167,80998.9
3udd_ligand,168,89644.7
3udd_ligand,169,86818.4
3udd_ligand,170,82794.2
3udd_ligand,171,75670.6
3udd_ligand,172,64197.8
3udd_ligand,173,76688.6
3udd_ligand,174,73563.5
3udd_ligand,175,58960.1
3udd_ligand,176,59103.6
3udd_ligand,177,62256
3udd_ligand,178,58786.3
3udd_ligand,179,50927.4
3udd_ligand,180,50993.5
3udd_ligand,181,73660.6
3udd_ligand,182,68880.2
3udd_ligand,183,76635.1
3udd_ligand,184,54436.2
3udd_ligand,185,53562
3udd_ligand,186,48380.4
3udd_ligand,187,75703.6
3udd_ligand,188,65426.9
3udd_ligand,189,61167
3udd_ligand,190,105631
3udd_ligand,191,73321.9
3udd_ligand,192,63662.1
3udd_ligand,193,53387.2
3udd_ligand,194,66202.6
3udd_ligand,195,55686.6
3udd_ligand,196,53858.7
3udd_ligand,197,95332.5
3udd_ligand,198,59328.6
3udd_ligand,199,54346.4
3udd_ligand,200,51074.8
3udd_ligand,201,86346.5
3udd_ligand,202,64841.2
3udd_ligand,203,62481.7
3udd_ligand,204,61719.5
3udd_ligand,205,52059.7
3udd_ligand,206,105251
3udd_ligand,207,88734.8
3udd_ligand,208,63627.9
3udd_ligand,209,62643.6
3udd_ligand,210,90128.3
3udd_ligand,211,101869
3udd_ligand,212,68085.7
3udd_ligand,213,53180.8
3udd_ligand,214,53874.4
3udd_ligand,215,88967.4
3udd_ligand,216,85190
3udd_ligand,217,65790.5
3udd_ligand,218,83293.5
3udd_ligand,219,68987.3
3udd_ligand,220,77531.7
3udd_ligand,221,85148.3
3udd_ligand,222,103875
3udd_ligand,223,82961.9
3udd_ligand,224,53586.9
3udd_ligand,225,49265.3
3udd_ligand,226,51273.4
3udd_ligand,227,85323.5
3udd_ligand,228,54196.4
3udd_ligand,229,52150.7
3udd_ligand,230,49246.6
3udd_ligand,231,64593.9
3udd_ligand,232,88897.7
3udd_ligand,233,76257.3
3udd_ligand,234,80709.2
3udd_ligand,235,117850
3udd_ligand,236,52908.8
3udd_ligand,237,49180.9
3udd_ligand,238,75874.3
3udd_ligand,239,47761.5
3udd_ligand,240,48791.1
3udd_ligand,241,52462.5
3udd_ligand,242,79215.5
3udd_ligand,243,55950.1
3udd_ligand,244,51491
3udd_ligand,245,66168
3udd_ligand,246,58275.4
3udd_ligand,247,55377.4
3udd_ligand,248,87008.9
3udd_ligand,249,75330.3
3udd_ligand,250,69986.1
3udd_ligand,251,61032.7
3udd_ligand,252,65746.9
3udd_ligand,253,60951.9
3udd_ligand,254,45616.7
3udd_ligand,255,79879.5
3udd_ligand,256,60302.3
3udd_ligand,257,49973.5
3udd_ligand,258,49604.5
3udd_ligand,259,57445.9
3udd_ligand,260,90728.6
3udd_ligand,261,98420.7
3udd_ligand,262,100620
3udd_ligand,263,60546.5
3udd_ligand,264,117489
3udd_ligand,265,80798.7
3udd_ligand,266,62118.5
3udd_ligand,267,66049.6
3udd_ligand,268,108643
3udd_ligand,269,76101.9
3udd_ligand,270,123347
3udd_ligand,271,133152
3udd_ligand,272,86759.1
3udd_ligand,273,56819.3
3udd_ligand,274,72044
3udd_ligand,275,70476.7
3udd_ligand,276,60747.1
3udd_ligand,277,50980.5
3udd_ligand,278,42213.4
3udd_ligand,279,50741.9
3udd_ligand,280,48667.8
3udd_ligand,281,64538.5
3udd_ligand,282,77867
3udd_ligand,283,61464.4
3udd_ligand,284,109040
3udd_ligand,285,82160.3
3udd_ligand,286,62377.8
3udd_ligand,287,60834.6
3udd_ligand,288,119764
3udd_ligand,289,126776
3udd_ligand,290,63318.8
3udd_ligand,291,70278.6
3udd_ligand,292,86669.4
3udd_ligand,293,53380.7
3udd_ligand,294,47784.5
3udd_ligand,295,47041.1
3udd_ligand,296,59154.6
3udd_ligand,297,69421.9
3udd_ligand,298,81507.8
3udd_ligand,299,60478.3
3udd_ligand,300,44233.4
3udd_ligand,301,55888.8
3udd_ligand,302,67415.7
3udd_ligand,303,84711.5
3udd_ligand,304,81642.5
3udd_ligand,305,86979.2
3udd_ligand,306,91825.6
3udd_ligand,307,69914.1
3udd_ligand,308,97780.8
3udd_ligand,309,95345.8
3udd_ligand,310,63985.1
3udd_ligand,311,52611.6
3udd_ligand,312,96011.4
3udd_ligand,313,64628.1
3udd_ligand,314,62145
3udd_ligand,315,52918.1
3udd_ligand,316,53328.2
3udd_ligand,317,63775.7
3udd_ligand,318,81326
3udd_ligand,319,74437.2
3udd_ligand,320,68413.8
3udd_ligand,321,58347.1
3udd_ligand,322,46039
3udd_ligand,323,54234.3
3udd_ligand,324,52582.5
3udd_ligand,325,96133.1
3udd_ligand,326,110693
3udd_ligand,327,52755.2
3udd_ligand,328,44348.8
3udd_ligand,329,62460.6
3udd_ligand,330,69744.1
3udd_ligand,331,73625.1
3udd_ligand,332,89315.8
3udd_ligand,333,91272.6
3udd_ligand,334,63674
3udd_ligand,335,69100.1
3udd_ligand,336,76339.6
3udd_ligand,337,68303.6
3udd_ligand,338,61368.9
3udd_ligand,339,83644.1
3udd_ligand,340,81803.2
3udd_ligand,341,62931.9
3udd_ligand,342,107398
3udd_ligand,343,85423
3udd_ligand,344,62853
3udd_ligand,345,76051.7
3udd_ligand,346,80974.4
3udd_ligand,347,124897
3udd_ligand,348,60698
3udd_ligand,349,59699
3udd_ligand,350,61085.9
3udd_ligand,351,106144
3udd_ligand,352,90619.2
3udd_ligand,353,110185
3udd_ligand,354,57224.3
3udd_ligand,355,63926
3udd_ligand,356,46348.9
3udd_ligand,357,54201.4
3udd_ligand,358,89264.8
3udd_ligand,359,70189.7
3udd_ligand,360,95071
3udd_ligand,361,61821.1
3udd_ligand,362,86437.6
3udd_ligand,363,85221.1
3udd_ligand,364,58766.7
3udd_ligand,365,78964.5
3udd_ligand,366,65823.2
3udd_ligand,367,106485
3udd_ligand,368,86146.1
3udd_ligand,369,64518.6
3udd_ligand,370,48481.1
3udd_ligand,371,76723.6
3udd_ligand,372,107467
3udd_ligand,373,85351
3udd_ligand,374,63834.5
3udd_ligand,375,55457.2
3udd_ligand,376,73227.3
3udd_ligand,377,114913
3udd_ligand,378,80678.8
3udd_ligand,379,56159.1
3udd_ligand,380,66674.9
3udd_ligand,381,64107.1
3udd_ligand,382,70927.2
3udd_ligand,383,101458
3udd_ligand,384,60551.1
3udd_ligand,385,50038.6
3udd_ligand,386,70301.9
3udd_ligand,387,114538
3udd_ligand,388,79291.8
3udd_ligand,389,60823.2
3udd_ligand,390,68693.2
3udd_ligand,391,55215.9
3udd_ligand,392,78841.9
3udd_ligand,393,76367.8
3udd_ligand,394,54014.4
3udd_ligand,395,69899.7
3udd_ligand,396,75231.8
3udd_ligand,397,80577.1
3udd_ligand,398,63070.8
3udd_ligand,399,55028.6
3udd_ligand,400,70058.5
3udd_ligand,401,73137.1
3udd_ligand,402,76032.9
3udd_ligand,403,110963
3udd_ligand,404,87702.4
3udd_ligand,405,66938.9
3udd_ligand,406,139595
3udd_ligand,407,95409.8
3udd_ligand,408,66887.3
3udd_ligand,409,47787.3
3udd_ligand,410,62329.1
3udd_ligand,411,55843.1
3udd_ligand,412,84125
3udd_ligand,413,59028.6
3udd_ligand,414,69382.5
3udd_ligand,415,99189.8
3udd_ligand,416,120880
3udd_ligand,417,63185.5
3udd_ligand,418,69201.9
3udd_ligand,419,89092.1
3udd_ligand,420,92735.8
3udd_ligand,421,74366.3
3udd_ligand,422,88961.7
3udd_ligand,423,108274
3udd_ligand,424,71153.3
3udd_ligand,425,79279.2
3udd_ligand,426,61843.1
3udd_ligand,427,82583.5
3udd_ligand,428,99600.2
3udd_ligand,429,90607.5
3udd_ligand,430,68351.5
3udd_ligand,431,45878.2
3udd_ligand,432,43147.5
3udd_ligand,433,49463.5
3udd_ligand,434,67223.9
3udd_ligand,435,81035
3udd_ligand,436,77726.6
3udd_ligand,437,64699
3udd_ligand,438,80981
3udd_ligand,439,80747.4
3udd_ligand,440,55836.5
3udd_ligand,441,67734.6
3udd_ligand,442,85555.5
3udd_ligand,443,112217
3udd_ligand,444,53575.2
3udd_ligand,445,44825.7
3udd_ligand,446,80483.8
3udd_ligand,447,81030.7
3udd_ligand,448,81561.4
3udd_ligand,449,68013.7
3udd_ligand,450,112506
3udd_ligand,451,70144.2
3udd_ligand,452,114616
3udd_ligand,453,71343
3udd_ligand,454,107336
3udd_ligand,455,80902.8
3udd_ligand,456,92861.8
3udd_ligand,457,127438
3udd_ligand,458,78276.7
3udd_ligand,459,79643.7
3udd_ligand,460,74592.8
3udd_ligand,461,57869.9
3udd_ligand,462,76034.3
3udd_ligand,463,84980.2
3udd_ligand,464,109523
3udd_ligand,465,71022.6
3udd_ligand,466,52884.7
3udd_ligand,467,138352
3udd_ligand,468,121154
3udd_ligand,469,89398.3
3udd_ligand,470,66277.9
3udd_ligand,471,131835
3udd_ligand,472,99401.8
3udd_ligand,473,57115.8
3udd_ligand,474,43648.5
3udd_ligand,475,62685.5
3udd_ligand,476,110607
3udd_ligand,477,50504.8
3udd_ligand,478,48779.8
3udd_ligand,479,65736.6
3udd_ligand,480,70223.1
3udd_ligand,481,65997.2
3udd_ligand,482,53440.4
3udd_ligand,483,86798.1
3udd_ligand,484,70934.6
3udd_ligand,485,109210
3udd_ligand,486,67195.4
3udd_ligand,487,46095.7
3udd_ligand,488,79406.5
3udd_ligand,489,69966.9
3udd_ligand,490,92128.5
3udd_ligand,491,75427.1
3udd_ligand,492,129940
3udd_ligand,493,88800.3
3udd_ligand,494,74428.6
3udd_ligand,495,80197.3
3udd_ligand,496,82940
3udd_ligand,497,65636
3udd_ligand,498,94791.4
3udd_ligand,499,97218.2
3udd_ligand,500,91275.2
3udd_ligand,501,85879.9
3udd_ligand,502,98674.6
3udd_ligand,503,59550.1
3udd_ligand,504,53008.3
3udd_ligand,505,62033.5
3udd_ligand,506,113458
3udd_ligand,507,48502.6
3udd_ligand,508,56268
3udd_ligand,509,76295.1
3udd_ligand,510,100191
3udd_ligand,511,75312.9
3udd_ligand,512,80783.7
3udd_ligand,513,110035
3udd_ligand,514,81708.6
3udd_ligand,515,87063.5
3udd_ligand,516,71791.6
3udd_ligand,517,80425.9
3udd_ligand,518,83650.4
3udd_ligand,519,102530
3udd_ligand,520,132413
3udd_ligand,521,54633.2
3udd_ligand,522,61111.3
3udd_ligand,523,85711.4
3udd_ligand,524,134096
3udd_ligand,525,103464
3udd_ligand,526,107145
3udd_ligand,527,74262.9
3udd_ligand,528,62968.4
3udd_ligand,529,84354.4
3udd_ligand,530,66771.5
3udd_ligand,531,86200.1
3udd_ligand,532,60023.4
3udd_ligand,533,72104.5
3udd_ligand,534,132184
3udd_ligand,535,97436.6
3udd_ligand,536,77810
3udd_ligand,537,131479
3udd_ligand,538,104792
3udd_ligand,539,67239.6
3udd_ligand,540,62529.5
3udd_ligand,541,117896
3udd_ligand,542,72607
3udd_ligand,543,82914.7
3udd_ligand,544,89062.9
3udd_ligand,545,58306.5
3udd_ligand,546,50570.2
3udd_ligand,547,64237.1
3udd_ligand,548,90783
3udd_ligand,549,67431.8
3udd_ligand,550,68212.7
3udd_ligand,551,121654
3udd_ligand,552,98529.4
3udd_ligand,553,69250
3udd_ligand,554,62691.9
3udd_ligand,555,123456
3udd_ligand,556,99049
3udd_ligand,557,65735.5
3udd_ligand,558,59070.3
3udd_ligand,559,75883.2
3udd_ligand,560,46072.6
3udd_ligand,561,79454.4
3udd_ligand,562,63622.5
3udd_ligand,563,102459
3udd_ligand,564,60217.5
3udd_ligand,565,62239.8
3udd_ligand,566,62476.3
3udd_ligand,567,52329.6
3udd_ligand,568,94804
3udd_ligand,569,103788
3udd_ligand,570,80417.4
3udd_ligand,571,101754
3udd_ligand,572,73780.6
3udd_ligand,573,121435
3udd_ligand,574,147453
3udd_ligand,575,84192.6
3udd_ligand,576,78021.2
3udd_ligand,577,86138.4
3udd_ligand,578,84629.9
3udd_ligand,579,82391.2
3udd_ligand,580,88571.9
3udd_ligand,581,84381.1
3udd_ligand,582,66049.6
3udd_ligand,583,88739.1
3udd_ligand,584,90902.5
3udd_ligand,585,51422
3udd_ligand,586,92464.7
3udd_ligand,587,86083
3udd_ligand,588,78283.4
3udd_ligand,589,90761
3udd_ligand,590,96903
3udd_ligand,591,66486.7
3udd_ligand,592,53028.4
3udd_ligand,593,128168
3udd_ligand,594,99771.2
3udd_ligand,595,62107.2
3udd_ligand,596,59745
3udd_ligand,597,112637
3udd_ligand,598,78797.1
3udd_ligand,599,83454.5
3udd_ligand,600,100878
3udd_ligand,601,96430.4
3udd_ligand,602,107788
3udd_ligand,603,122533
3udd_ligand,604,78950.4
3udd_ligand,605,95859.4
3udd_ligand,606,108369
3udd_ligand,607,63578.6
3udd_ligand,608,54653.8
3udd_ligand,609,101531
3udd_ligand,610,97063.4
3udd_ligand,611,57003.5
3udd_ligand,612,60349
3udd_ligand,613,55969.3
3udd_ligand,614,89979.6
3udd_ligand,615,65831.4
3udd_ligand,616,104034
3udd_ligand,617,76717.6
3udd_ligand,618,90384.5
3udd_ligand,619,86464.8
3udd_ligand,620,67513.7
3udd_ligand,621,107666
3udd_ligand,622,92766.3
3udd_ligand,623,64674.4
3udd_ligand,624,90297.1
3udd_ligand,625,77038.4
3udd_ligand,626,59167.1
3udd_ligand,627,88545.5
3udd_ligand,628,129099
3udd_ligand,629,79270.8
3udd_ligand,630,45903.4
3udd_ligand,631,56847
3udd_ligand,632,95277.2
3udd_ligand,633,63546.3
3udd_ligand,634,55096.9
3udd_ligand,635,54161.2
3udd_ligand,636,73636.2
3udd_ligand,637,73705.3
3udd_ligand,638,64578.1
3udd_ligand,639,89380.4
3udd_ligand,640,81571.6
3udd_ligand,641,86681
3udd_ligand,642,68315
3udd_ligand,643,65331.5
3udd_ligand,644,58230.8
3udd_ligand,645,63860.8
3udd_ligand,646,89407.1
3udd_ligand,647,85525.6
3udd_ligand,648,61343.9
3udd_ligand,649,78367.7
3udd_ligand,650,68551
3udd_ligand,651,72498.8
3udd_ligand,652,89950
3udd_ligand,653,81839.8
3udd_ligand,654,64981.1
3udd_ligand,655,105446
3udd_ligand,656,71750.1
3udd_ligand,657,95264
3udd_ligand,658,78763.4
3udd_ligand,659,90093
3udd_ligand,660,56484.8
3udd_ligand,661,145157
3udd_ligand,662,99426.5
3udd_ligand,663,57889.7
3udd_ligand,664,47582.4
3udd_ligand,665,73495.8
3udd_ligand,666,69067.3
3udd_ligand,667,60044
3udd_ligand,668,48021.8
3udd_ligand,669,72714.9
3udd_ligand,670,67063.7
3udd_ligand,671,56515.3
3udd_ligand,672,68501.6
3udd_ligand,673,97878.1
3udd_ligand,674,86387.8
3udd_ligand,675,74655.3
3udd_ligand,676,75662.8
3udd_ligand,677,104000
3udd_ligand,678,117716
3udd_ligand,679,88026.6
3udd_ligand,680,63289
3udd_ligand,681,97720.7
3udd_ligand,682,98692.9
3udd_ligand,683,57195.3
3udd_ligand,684,52688.9
3udd_ligand,685,78308.7
3udd_ligand,686,61864.8
3udd_ligand,687,60917.5
3udd_ligand,688,44098.7
3udd_ligand,689,77276.2
3udd_ligand,690,56544.5
3udd_ligand,691,53940.4
3udd_ligand,692,109652
3udd_ligand,693,97961.9
3udd_ligand,694,62414
3udd_ligand,695,49570.7
3udd_ligand,696,45616.8
3udd_ligand,697,64854
3udd_ligand,698,70761.8
3udd_ligand,699,62486
3udd_ligand,700,99816.1
3udd_ligand,701,70060.8
3udd_ligand,702,70033.3
3udd_ligand,703,65840.7
3udd_ligand,704,92609.3
3udd_ligand,705,91771.1
3udd_ligand,706,87222.8
3udd_ligand,707,71697.3
3udd_ligand,708,97185.4
3udd_ligand,709,73500.6
3udd_ligand,710,66419.8
3udd_ligand,711,69759.7
3udd_ligand,712,92540
3udd_ligand,713,95015.8
3udd_ligand,714,52309.2
3udd_ligand,715,63817.2
3udd_ligand,716,92140.8
3udd_ligand,717,59715.1
3udd_ligand,718,71099
3udd_ligand,719,44141.4
3udd_ligand,720,92139.9
3udd_ligand,721,87419.6
3udd_ligand,722,84144
3udd_ligand,723,44589.5
3udd_ligand,724,56052.1
3udd_ligand,725,84479.8
3udd_ligand,726,77145.7
3udd_ligand,727,64751
3udd_ligand,728,68446.8
3udd_ligand,729,96114.1
3udd_ligand,730,67231.2
3udd_ligand,731,94817.6
3udd_ligand,732,93446.1
3udd_ligand,733,59510.5
3udd_ligand,734,51398.4
3udd_ligand,735,81080.4
3udd_ligand,736,56361.2
3udd_ligand,737,60466.9
3udd_ligand,738,95145.8
3udd_ligand,739,129477
3udd_ligand,740,79999.9
3udd_ligand,741,50350
3udd_ligand,742,63372
3udd_ligand,743,86193.7
3udd_ligand,744,41156.7
3udd_ligand,745,51008.7
3udd_ligand,746,57063.6
3udd_ligand,747,72319
3udd_ligand,748,52472.7
3udd_ligand,749,99313.4
3udd_ligand,750,46435.7
3udd_ligand,751,75288
3udd_ligand,752,89633.4
3udd_ligand,753,66292.6
3udd_ligand,754,91252
3udd_ligand,755,86987.9
3udd_ligand,756,54535.6
3udd_ligand,757,44694.8
3udd_ligand,758,58529.6
3udd_ligand,759,51986
3udd_ligand,760,105426
3udd_ligand,761,71874.2
3udd_ligand,762,47923.1
3udd_ligand,763,50209
3udd_ligand,764,63097.2
3udd_ligand,765,56151.2
3udd_ligand,766,100338
3udd_ligand,767,94781.3
3udd_ligand,768,58518.1
3udd_ligand,769,49463.7
3udd_ligand,770,49234
3udd_ligand,771,65304.6
3udd_ligand,772,46968.8
3udd_ligand,773,54564.6
3udd_ligand,774,77926
3udd_ligand,775,63291.5
3udd_ligand,776,65078.6
3udd_ligand,777,97758.1
3udd_ligand,778,71462.5
3udd_ligand,779,95393.3
3udd_ligand,780,83561
3udd_ligand,781,53201.8
3udd_ligand,782,45483.3
3udd_ligand,783,52494.9
3udd_ligand,784,80773.4
3udd_ligand,785,61915.1
3udd_ligand,786,52956.2
3udd_ligand,787,70532.7
3udd_ligand,788,70120.4
3udd_ligand,789,80430
3udd_ligand,790,68238.7
3udd_ligand,791,54923.2
3udd_ligand,792,50650.2
3udd_ligand,793,78399.9
3udd_ligand,794,80785.2
3udd_ligand,795,77391.9
3udd_ligand,796,75895.4
3udd_ligand,797,89640
3udd_ligand,798,54804.6
3udd_ligand,799,50611.6
3udd_ligand,800,53669.6
3udd_ligand,801,49174.2
3udd_ligand,802,86455.2
3udd_ligand,803,71489.7
3udd_ligand,804,71465
3udd_ligand,805,86885.6
3udd_ligand,806,57577.8
3udd_ligand,807,45739.7
3udd_ligand,808,66273.8
3udd_ligand,809,73702.8
3udd_ligand,810,55979.3
3udd_ligand,811,79029
3udd_ligand,812,79926.1
3udd_ligand,813,71893.9
3udd_ligand,814,78969.9
3udd_ligand,815,71357.2
3udd_ligand,816,57074.9
3udd_ligand,817,74904.8
3udd_ligand,818,80588.2
3udd_ligand,819,75949
3udd_ligand,820,86022.7
3udd_ligand,821,84637.7
3udd_ligand,822,106593
3udd_ligand,823,79728.4
3udd_ligand,824,47117.4
3udd_ligand,825,45571.1
3udd_ligand,826,68165.1
3udd_ligand,827,46228.2
3udd_ligand,828,57752.9
3udd_ligand,829,90910.7
3udd_ligand,830,56973.2
3udd_ligand,831,60584.5
3udd_ligand,832,62085
3udd_ligand,833,58156.3
3udd_ligand,834,101827
3udd_ligand,835,105107
3udd_ligand,836,70319.9
3udd_ligand,837,106645
3udd_ligand,838,77766.2
3udd_ligand,839,102174
3udd_ligand,840,101538
3udd_ligand,841,54724.2
3udd_ligand,842,53218.9
3udd_ligand,843,102484
3udd_ligand,844,129034
3udd_ligand,845,108202
3udd_ligand,846,61084.3
3udd_ligand,847,81041.8
3udd_ligand,848,58308.8
3udd_ligand,849,61375
3udd_ligand,850,94116.4
3udd_ligand,851,40753.2
3udd_ligand,852,57830.7
3udd_ligand,853,67506.2
3udd_ligand,854,76803.8
3udd_ligand,855,62192.4
3udd_ligand,856,56489.5
3udd_ligand,857,96969.6
3udd_ligand,858,74608
3udd_ligand,859,100993
3udd_ligand,860,82498.3
3udd_ligand,861,89139.5
3udd_ligand,862,67657.6
3udd_ligand,863,71477.5
3udd_ligand,864,58271.2
3udd_ligand,865,50562.8
3udd_ligand,866,55694.7
3udd_ligand,867,64707.2
3udd_ligand,868,44722.5
3udd_ligand,869,47189.2
3udd_ligand,870,71096.9
3udd_ligand,871,61110.6
3udd_ligand,872,134863
3udd_ligand,873,98397.8
3udd_ligand,874,79526.6
3udd_ligand,875,85785.3
3udd_ligand,876,53814.8
3udd_ligand,877,48197.9
3udd_ligand,878,66853
3udd_ligand,879,53167.7
3udd_ligand,880,101733
3udd_ligand,881,71051.7
3udd_ligand,882,84917.9
3udd_ligand,883,80984.6
3udd_ligand,884,69508.3
3udd_ligand,885,66904.2
3udd_ligand,886,75575.7
3udd_ligand,887,94221.4
3udd_ligand,888,99189.5
3udd_ligand,889,75666.5
3udd_ligand,890,72155
3udd_ligand,891,100150
3udd_ligand,892,68785.5
3udd_ligand,893,82943.1
3udd_ligand,894,117458
3udd_ligand,895,53635.5
3udd_ligand,896,78836.3
3udd_ligand,897,79013.3
3udd_ligand,898,64085.2
3udd_ligand,899,59105.3
3udd_ligand,900,69244.4
3udd_ligand,901,55578.7
3udd_ligand,902,70912
3udd_ligand,903,98855.4
3udd_ligand,904,55291.8
3udd_ligand,905,90571.9
3udd_ligand,906,88172.1
3udd_ligand,907,65028.3
3udd_ligand,908,48896.7
3udd_ligand,909,55441.8
3udd_ligand,910,75306.4
3udd_ligand,911,41765.1
3udd_ligand,912,66124.5
3udd_ligand,913,47936.4
3udd_ligand,914,52037.7
3udd_ligand,915,94428.6
3udd_ligand,916,94650.4
3udd_ligand,917,59621.9
3udd_ligand,918,44550.4
3udd_ligand,919,60604.8
3udd_ligand,920,70230.3
3udd_ligand,921,68673.2
3udd_ligand,922,88691.6
3udd_ligand,923,77646.5
3udd_ligand,924,59787.3
3udd_ligand,925,60968.2
3udd_ligand,926,69462.6
3udd_ligand,927,84395.8
3udd_ligand,928,64389.2
3udd_ligand,929,69713.4
3udd_ligand,930,82669.6
3udd_ligand,931,67848.7
3udd_ligand,932,86253.9
3udd_ligand,933,84186.7
3udd_ligand,934,50654
3udd_ligand,935,45218.1
3udd_ligand,936,65008.3
3udd_ligand,937,78241.9
3udd_ligand,938,63763.5
3udd_ligand,939,89200.9
3udd_ligand,940,111416
3udd_ligand,941,80079.5
3udd_ligand,942,76304.9
3udd_ligand,943,65443.6
3udd_ligand,944,83474.6
3udd_ligand,945,68468.3
3udd_ligand,946,67289.8
3udd_ligand,947,115562
3udd_ligand,948,84835.5
3udd_ligand,949,60533.4
3udd_ligand,950,86336
3udd_ligand,951,49263.5
3udd_ligand,952,49836.6
3udd_ligand,953,69987.4
3udd_ligand,954,80866
3udd_ligand,955,61649.9
3udd_ligand,956,68638.2
3udd_ligand,957,101932
3udd_ligand,958,91978.1
3udd_ligand,959,55063.2
3udd_ligand,960,41273.1
3udd_ligand,961,56522.6
3udd_ligand,962,77577.2
3udd_ligand,963,62153.5
3udd_ligand,964,62926.2
3udd_ligand,965,94992.2
3udd_ligand,966,77711.5
3udd_ligand,967,86228.4
3udd_ligand,968,89554.4
3udd_ligand,969,100013
3udd_ligand,970,76278.8
3udd_ligand,971,107914
3udd_ligand,972,55713.3
3udd_ligand,973,70294.6
3udd_ligand,974,77898.6
3udd_ligand,975,65770.9
3udd_ligand,976,87919.3
3udd_ligand,977,55381
3udd_ligand,978,56252.4
3udd_ligand,979,92531.5
3udd_ligand,980,64482.8
3udd_ligand,981,57579.5
3udd_ligand,982,55585.5
3udd_ligand,983,94226.5
3udd_ligand,984,85068.2
3udd_ligand,985,104446
3udd_ligand,986,68780.9
3udd_ligand,987,92962.8
3udd_ligand,988,79214.4
3udd_ligand,989,65670.8
3udd_ligand,990,46655.7
3udd_ligand,991,68785.7
3udd_ligand,992,97462.6
3udd_ligand,993,63027.9
3udd_ligand,994,56062
3udd_ligand,995,68744.6
3udd_ligand,996,91282.8
3udd_ligand,997,82408.4
3udd_ligand,998,90471
3udd_ligand,999,80690
3udd_ligand,1000,99202.5
3udd_ligand,1001,56841.8
3udd_ligand,1002,59554.8
3udd_ligand,1003,56988.7
3udd_ligand,1004,100130
3udd_ligand,1005,59274
3udd_ligand,1006,82813.4
3udd_ligand,1007,43003.9
3udd_ligand,1008,59450.6
3udd_ligand,1009,80850.1
3udd_ligand,1010,57582.7
3udd_ligand,1011,58976.7
3udd_ligand,1012,89045.5
3udd_ligand,1013,97424.9
3udd_ligand,1014,68661.9
3udd_ligand,1015,118861
3udd_ligand,1016,56653.5
3udd_ligand,1017,65859.3
3udd_ligand,1018,94775.8
3udd_ligand,1019,62589.1
3udd_ligand,1020,105815
3udd_ligand,1021,53102.2
3udd_ligand,1022,49587
3udd_ligand,1023,55975.7
3udd_ligand,1024,59379.8
3udd_ligand,1025,72480.1
3udd_ligand,1026,84719.3
3udd_ligand,1027,67109.5
3udd_ligand,1028,70515
3udd_ligand,1029,69994.5
3udd_ligand,1030,60948.8
3udd_ligand,1031,82151.9
3udd_ligand,1032,93617.6
3udd_ligand,1033,86634.8
3udd_ligand,1034,54338.7
3udd_ligand,1035,71416.2
3udd_ligand,1036,78286.9
3udd_ligand,1037,84716.3
3udd_ligand,1038,55571.7
3udd_ligand,1039,41607.2
3udd_ligand,1040,71132.8
3udd_ligand,1041,74170.2
3udd_ligand,1042,63252.3
3udd_ligand,1043,81287
3udd_ligand,1044,84409
3udd_ligand,1045,80332.9
3udd_ligand,1046,82562.3
3udd_ligand,1047,86957.4
3udd_ligand,1048,55461.5
3udd_ligand,1049,71253
3udd_ligand,1050,94642.7
3udd_ligand,1051,102129
3udd_ligand,1052,57867.9
3udd_ligand,1053,77312.2
3udd_ligand,1054,63650
3udd_ligand,1055,64490.4
3udd_ligand,1056,125926
3udd_ligand,1057,82658.7
3udd_ligand,1058,71270.6
3udd_ligand,1059,80683.9
3udd_ligand,1060,90243.7
3udd_ligand,1061,49211
3udd_ligand,1062,52579.4
3udd_ligand,1063,66612
3udd_ligand,1064,68095.4
3udd_ligand,1065,47958.7
3udd_ligand,1066,43423.6
3udd_ligand,1067,51771.9
3udd_ligand,1068,104800
3udd_ligand,1069,53259.9
3udd_ligand,1070,98332.3
3udd_ligand,1071,86454.5
3udd_ligand,1072,75659.1
3udd_ligand,1073,55893.7
3udd_ligand,1074,59801.6
3udd_ligand,1075,72595.1
3udd_ligand,1076,118475
3udd_ligand,1077,74808.8
3udd_ligand,1078,63589.4
3udd_ligand,1079,46280.4
3udd_ligand,1080,79646.7
3udd_ligand,1081,51595.4
3udd_ligand,1082,108548
3udd_ligand,1083,77412.7
3udd_ligand,1084,71691.7
3udd_ligand,1085,65173.3
3udd_ligand,1086,75199.4
3udd_ligand,1087,116726
3udd_ligand,1088,49941.5
3udd_ligand,1089,57635.1
3udd_ligand,1090,114224
3udd_ligand,1091,64720.8
3udd_ligand,1092,102297
3udd_ligand,1093,83242
3udd_ligand,1094,50898.4
3udd_ligand,1095,79263.9
3udd_ligand,1096,111579
3udd_ligand,1097,78603.1
3udd_ligand,1098,80299.9
3udd_ligand,1099,78136.6
3udd_ligand,1100,60259.9
3udd_ligand,1101,81945.6
3udd_ligand,1102,63016.7
3udd_ligand,1103,87169
3udd_ligand,1104,111825
3udd_ligand,1105,76551.8
3udd_ligand,1106,79085.1
3udd_ligand,1107,118430
3udd_ligand,1108,56103
3udd_ligand,1109,52142.1
3udd_ligand,1110,89488.2
3udd_ligand,1111,63545.5
3udd_ligand,1112,85191
3udd_ligand,1113,62312.7
3udd_ligand,1114,53910.5
3udd_ligand,1115,63013.5
3udd_ligand,1116,67254.1
3udd_ligand,1117,62189.1
3udd_ligand,1118,86045.8
3udd_ligand,1119,95207.9
3udd_ligand,1120,96961.9
3udd_ligand,1121,79090.9
3udd_ligand,1122,64714.9
3udd_ligand,1123,78067.8
3udd_ligand,1124,96888.3
3udd_ligand,1125,54875.3
3udd_ligand,1126,47082.5
3udd_ligand,1127,79565.7
3udd_ligand,1128,130766
3udd_ligand,1129,50810.8
3udd_ligand,1130,54593.5
3udd_ligand,1131,81108.6
3udd_ligand,1132,76713.1
3udd_ligand,1133,115161
3udd_ligand,1134,106251
3udd_ligand,1135,66911
3udd_ligand,1136,61196.5
3udd_ligand,1137,95318
3udd_ligand,1138,141464
3udd_ligand,1139,64423
3udd_ligand,1140,64820.5
3udd_ligand,1141,103377
3udd_ligand,1142,107958
3udd_ligand,1143,113651
3udd_ligand,1144,95003.9
3udd_ligand,1145,72442.7
3udd_ligand,1146,77516.5
3udd_ligand,1147,71535.2
3udd_ligand,1148,116633
3udd_ligand,1149,78832.4
3udd_ligand,1150,46017.4
3udd_ligand,1151,94108.2
3udd_ligand,1152,107718
3udd_ligand,1153,85393
3udd_ligand,1154,85349.8
3udd_ligand,1155,46998
3udd_ligand,1156,79202.2
3udd_ligand,1157,79992.4
3udd_ligand,1158,57017.3
3udd_ligand,1159,85387
3udd_ligand,1160,53599.2
3udd_ligand,1161,85106.9
3udd_ligand,1162,52372.2
3udd_ligand,1163,63743.9
3udd_ligand,1164,82208.5
3udd_ligand,1165,96682.6
3udd_ligand,1166,54284.4
3udd_ligand,1167,50071.7
3udd_ligand,1168,48609
3udd_ligand,1169,57161.3
3udd_ligand,1170,95632.5
3udd_ligand,1171,123737
3udd_ligand,1172,57229.4
3udd_ligand,1173,56000.9
3udd_ligand,1174,65537.8
3udd_ligand,1175,69335.5
3udd_ligand,1176,66242
3udd_ligand,1177,85901.5
3udd_ligand,1178,57451.1
3udd_ligand,1179,82400.6
3udd_ligand,1180,102199
3udd_ligand,1181,74497.4
3udd_ligand,1182,105394
3udd_ligand,1183,112607
3udd_ligand,1184,56217.7
3udd_ligand,1185,74984.6
3udd_ligand,1186,62578.3
3udd_ligand,1187,54463.5
3udd_ligand,1188,86989.4
3udd_ligand,1189,53032.7
3udd_ligand,1190,69152.9
3udd_ligand,1191,72135.1
3udd_ligand,1192,64891.1
3udd_ligand,1193,81199.8
3udd_ligand,1194,62499.3
3udd_ligand,1195,59016.6
3udd_ligand,1196,60276.6
3udd_ligand,1197,108694
3udd_ligand,1198,53164.5
3udd_ligand,1199,92178.3
3udd_ligand,1200,51456.2
3udd_ligand,1201,49920.7
3udd_ligand,1202,92645.7
3udd_ligand,1203,78763
3udd_ligand,1204,94178.4
3udd_ligand,1205,75336
3udd_ligand,1206,68688.9
3udd_ligand,1207,89207.6
3udd_ligand,1208,52233
3udd_ligand,1209,48581.7
3udd_ligand,1210,58588.2
3udd_ligand,1211,78880.1
3udd_ligand,1212,62424.9
3udd_ligand,1213,74029.7
3udd_ligand,1214,90564.1
3udd_ligand,1215,64600.1
3udd_ligand,1216,85026.2
3udd_ligand,1217,69678.8
3udd_ligand,1218,104976
3udd_ligand,1219,92255.4
3udd_ligand,1220,104170
3udd_ligand,1221,86852.9
3udd_ligand,1222,92905.8
3udd_ligand,1223,72359.4
3udd_ligand,1224,63488.4
3udd_ligand,1225,81229.9
3udd_ligand,1226,75246.2
3udd_ligand,1227,107160
3udd_ligand,1228,97161.9
3udd_ligand,1229,80075.7
3udd_ligand,1230,92126.5
3udd_ligand,1231,82129
3udd_ligand,1232,61445.6
3udd_ligand,1233,53204.7
3udd_ligand,1234,56169.7
3udd_ligand,1235,114862
3udd_ligand,1236,59865.7
3udd_ligand,1237,56913.4
3udd_ligand,1238,46245.8
3udd_ligand,1239,88034.9
3udd_ligand,1240,86848.1
3udd_ligand,1241,98436.3
3udd_ligand,1242,61046.3
3udd_ligand,1243,108268
3udd_ligand,1244,60022
3udd_ligand,1245,84722.3
3udd_ligand,1246,85553.9
3udd_ligand,1247,76727.2
3udd_ligand,1248,97879.7
3udd_ligand,1249,81272.2
3udd_ligand,1250,50648.7
3udd_ligand,1251,56099.8
3udd_ligand,1252,91371.7
3udd_ligand,1253,66079
3udd_ligand,1254,86298.2
3udd_ligand,1255,104519
3udd_ligand,1256,58580.3
3udd_ligand,1257,50887.5
3udd_ligand,1258,55707
3udd_ligand,1259,103032
3udd_ligand,1260,149242
3udd_ligand,1261,97026.7
3udd_ligand,1262,65908
3udd_ligand,1263,78353.2
3udd_ligand,1264,49231.8
3udd_ligand,1265,67761.1
3udd_ligand,1266,104709
3udd_ligand,1267,62839.6
3udd_ligand,1268,60216.8
3udd_ligand,1269,72120.6
3udd_ligand,1270,68976.1
3udd_ligand,1271,46814.1
3udd_ligand,1272,56406.7
3udd_ligand,1273,69581.6
3udd_ligand,1274,57873.6
3udd_ligand,1275,44809.8
3udd_ligand,1276,85658.9
3udd_ligand,1277,79861
3udd_ligand,1278,120053
3udd_ligand,1279,79983.2
3udd_ligand,1280,105712
3udd_ligand,1281,105604
3udd_ligand,1282,44406.2
3udd_ligand,1283,46097.6
3udd_ligand,1284,61612.4
3udd_ligand,1285,61419.4
3udd_ligand,1286,71095.4
3udd_ligand,1287,62138.2
3udd_ligand,1288,46022.1
3udd_ligand,1289,48973.7
3udd_ligand,1290,57991.7
3udd_ligand,1291,51353.5
3udd_ligand,1292,65935
3udd_ligand,1293,53325.3
3udd_ligand,1294,90965.5
3udd_ligand,1295,91089.4
3udd_ligand,1296,63351.5
3udd_ligand,1297,87852.3
3udd_ligand,1298,84222.1
3udd_ligand,1299,55026.2
3udd_ligand,1300,47010.9
3udd_ligand,1301,54094
3udd_ligand,1302,50014.5
3udd_ligand,1303,53453
3udd_ligand,1304,79164
3udd_ligand,1305,40451.3
3udd_ligand,1306,64697.7
3udd_ligand,1307,92237.4
3udd_ligand,1308,59206.5
3udd_ligand,1309,65856.8
3udd_ligand,1310,70635.3
3udd_ligand,1311,72563.2
3udd_ligand,1312,78379.1
3udd_ligand,1313,47056.4
3udd_ligand,1314,46242.4
3udd_ligand,1315,55286.6
3udd_ligand,1316,57279.7
3udd_ligand,1317,87377.8
3udd_ligand,1318,42096.8
3udd_ligand,1319,83086
3udd_ligand,1320,70304.4
3udd_ligand,1321,65474.4
3udd_ligand,1322,59583.1
3udd_ligand,1323,82226.9
3udd_ligand,1324,66721
3udd_ligand,1325,81472.2
3udd_ligand,1326,64407.9
3udd_ligand,1327,101352
3udd_ligand,1328,56717.5
3udd_ligand,1329,91764.3
3udd_ligand,1330,61421.3
3udd_ligand,1331,51729.5
3udd_ligand,1332,68429.7
3udd_ligand,1333,63226.2
3udd_ligand,1334,72841.5
3udd_ligand,1335,76470.9
3udd_ligand,1336,85007.2
3udd_ligand,1337,68991.3
3udd_ligand,1338,88811.8
3udd_ligand,1339,49886.2
3udd_ligand,1340,59312
3udd_ligand,1341,68312.8
3udd_ligand,1342,77316.6
3udd_ligand,1343,55332.4
3udd_ligand,1344,71235.7
3udd_ligand,1345,93484.4
3udd_ligand,1346,84991.9
3udd_ligand,1347,73383
3udd_ligand,1348,93933.8
3udd_ligand,1349,101437
3udd_ligand,1350,72003.8
3udd_ligand,1351,92978
3udd_ligand,1352,77919.7
3udd_ligand,1353,55952.3
3udd_ligand,1354,53968.5
3udd_ligand,1355,64547.5
3udd_ligand,1356,70606.3
3udd_ligand,1357,48423.2
3udd_ligand,1358,50926.8
3udd_ligand,1359,55566.9
3udd_ligand,1360,50588.7
3udd_ligand,1361,77284.4
3udd_ligand,1362,45324.4
3udd_ligand,1363,91097.9
3udd_ligand,1364,55081.5
3udd_ligand,1365,78351
3udd_ligand,1366,83615.5
3udd_ligand,1367,79403.6
3udd_ligand,1368,60664.3
3udd_ligand,1369,62141
3udd_ligand,1370,66475.2
3udd_ligand,1371,86398.6
3udd_ligand,1372,82496.2
3udd_ligand,1373,88496
3udd_ligand,1374,70015.2
3udd_ligand,1375,88318.4
3udd_ligand,1376,54047.7
3udd_ligand,1377,76236.7
3udd_ligand,1378,78407.4
3udd_ligand,1379,74930.5
3udd_ligand,1380,76880.9
3udd_ligand,1381,110431
3udd_ligand,1382,53979.9
3udd_ligand,1383,60034.1
3udd_ligand,1384,124451
3udd_ligand,1385,47965.3
3udd_ligand,1386,52374
3udd_ligand,1387,54995.8
3udd_ligand,1388,57253.1
3udd_ligand,1389,54729.9
3udd_ligand,1390,56059.3
3udd_ligand,1391,91992.5
3udd_ligand,1392,74706.9
3udd_ligand,1393,54356.8
3udd_ligand,1394,59073.3
3udd_ligand,1395,92061.4
3udd_ligand,1396,108037
3udd_ligand,1397,80157.4
3udd_ligand,1398,70081.3
3udd_ligand,1399,77830.2
3udd_ligand,1400,65376.2
3udd_ligand,1401,110077
3udd_ligand,1402,47134.4
3udd_ligand,1403,56974.5
3udd_ligand,1404,50630.9
3udd_ligand,1405,48987.8
3udd_ligand,1406,58389
3udd_ligand,1407,57781.9
3udd_ligand,1408,61795.8
3udd_ligand,1409,102659
3udd_ligand,1410,100004
3udd_ligand,1411,64768.6
3udd_ligand,1412,97976.6
3udd_ligand,1413,102541
3udd_ligand,1414,50792.9
3udd_ligand,1415,60893.1
3udd_ligand,1416,78072.4
3udd_ligand,1417,51412.5
3udd_ligand,1418,56987.2
3udd_ligand,1419,70035.8
3udd_ligand,1420,93798.4
3udd_ligand,1421,51953.3
3udd_ligand,1422,64232
3udd_ligand,1423,59130.9
3udd_ligand,1424,84646.1
3udd_ligand,1425,73923.1
3udd_ligand,1426,67103.7
3udd_ligand,1427,99113.7
3udd_ligand,1428,78274.4
3udd_ligand,1429,71301.4
3udd_ligand,1430,84326.5
3udd_ligand,1431,50809
3udd_ligand,1432,47900.7
3udd_ligand,1433,82427.6
3udd_ligand,1434,48073.1
3udd_ligand,1435,45515.9
3udd_ligand,1436,78820.8
3udd_ligand,1437,85257.6
3udd_ligand,1438,57872.2
3udd_ligand,1439,74360.4
3udd_ligand,1440,58993
3udd_ligand,1441,56478.1
3udd_ligand,1442,63621.2
3udd_ligand,1443,70158.3
3udd_ligand,1444,83228.1
3udd_ligand,1445,49104.1
3udd_ligand,1446,75378.8
3udd_ligand,1447,90148.3
3udd_ligand,1448,95945.3
3udd_ligand,1449,49322
3udd_ligand,1450,48387.9
3udd_ligand,1451,71321.5
3udd_ligand,1452,44473.3
3udd_ligand,1453,56544.1
3udd_ligand,1454,78137.6
3udd_ligand,1455,79833.5
3udd_ligand,1456,66909.5
3udd_ligand,1457,106637
3udd_ligand,1458,52215.5
3udd_ligand,1459,73606.2
3udd_ligand,1460,48784.6
3udd_ligand,1461,70035.3
3udd_ligand,1462,71986.5
3udd_ligand,1463,83567.9
3udd_ligand,1464,78478
3udd_ligand,1465,60295.9
3udd_ligand,1466,100611
3udd_ligand,1467,111556
3udd_ligand,1468,102921
3udd_ligand,1469,115360
3udd_ligand,1470,80364.7
3udd_ligand,1471,73088
3udd_ligand,1472,75382.2
3udd_ligand,1473,59574.9
3udd_ligand,1474,76197.3
3udd_ligand,1475,130948
3udd_ligand,1476,97601.1
3udd_ligand,1477,75927.3
3udd_ligand,1478,93145.3
3udd_ligand,1479,86040.1
3udd_ligand,1480,82878
3udd_ligand,1481,71644.5
3udd_ligand,1482,85288.8
3udd_ligand,1483,64013.8
3udd_ligand,1484,90526.9
3udd_ligand,1485,101115
3udd_ligand,1486,48908
3udd_ligand,1487,46118.3
3udd_ligand,1488,70356
3udd_ligand,1489,91662.3
3udd_ligand,1490,51112.7
3udd_ligand,1491,58814.8
3udd_ligand,1492,103979
3udd_ligand,1493,77504.3
3udd_ligand,1494,75748.9
3udd_ligand,1495,96365.2
3udd_ligand,1496,101482
3udd_ligand,1497,52903.7
3udd_ligand,1498,89627.1
3udd_ligand,1499,64123.8
3udd_ligand,1500,102685
3udd_ligand,1501,83214.5
3udd_ligand,1502,76779.7
3udd_ligand,1503,85000.3
3udd_ligand,1504,89139.5
3udd_ligand,1505,91453.3
3udd_ligand,1506,90345.2
3udd_ligand,1507,87390.1
3udd_ligand,1508,59677.4
3udd_ligand,1509,92644.7
3udd_ligand,1510,98103
3udd_ligand,1511,79309.5
3udd_ligand,1512,80466.5
3udd_ligand,1513,78845.8
3udd_ligand,1514,84556.8
3udd_ligand,1515,92801.1
3udd_ligand,1516,93267.7
3udd_ligand,1517,62844.5
3udd_ligand,1518,100285
3udd_ligand,1519,115068
3udd_ligand,1520,53036.7
3udd_ligand,1521,64340.5
3udd_ligand,1522,73138.1
3udd_ligand,1523,85737
3udd_ligand,1524,86888
3udd_ligand,1525,65722.3
3udd_ligand,1526,72874.4
3udd_ligand,1527,95000.4
3udd_ligand,1528,81816.6
3udd_ligand,1529,76094.1
3udd_ligand,1530,68754.3
3udd_ligand,1531,102167
3udd_ligand,1532,128522
3udd_ligand,1533,48989.7
3udd_ligand,1534,73338.8
3udd_ligand,1535,86021.8
3udd_ligand,1536,90966.1
3udd_ligand,1537,60700.2
3udd_ligand,1538,77469.2
3udd_ligand,1539,60200.7
3udd_ligand,1540,74016.4
3udd_ligand,1541,66114.8
3udd_ligand,1542,52093.2
3udd_ligand,1543,82468.8
3udd_ligand,1544,132278
3udd_ligand,1545,50709.9
3udd_ligand,1546,62757.4
3udd_ligand,1547,78612.1
3udd_ligand,1548,64336.8
3udd_ligand,1549,89687.6
3udd_ligand,1550,63626.3
3udd_ligand,1551,61278.8
3udd_ligand,1552,53981.8
3udd_ligand,1553,111561
3udd_ligand,1554,60965.3
3udd_ligand,1555,105629
3udd_ligand,1556,55442
3udd_ligand,1557,51875.1
3udd_ligand,1558,60336
3udd_ligand,1559,85401.2
3udd_ligand,1560,58391.5
3udd_ligand,1561,86907.8
3udd_ligand,1562,125417
3udd_ligand,1563,55241.3
3udd_ligand,1564,55195.4
3udd_ligand,1565,76780.5
3udd_ligand,1566,118193
3udd_ligand,1567,88991
3udd_ligand,1568,130945
3udd_ligand,1569,88732.4
3udd_ligand,1570,80622
3udd_ligand,1571,69435.7
3udd_ligand,1572,70435.5
3udd_ligand,1573,60117.2
3udd_ligand,1574,47464.2
3udd_ligand,1575,97023.9
3udd_ligand,1576,65982.1
3udd_ligand,1577,74778.4
3udd_ligand,1578,70024.4
3udd_ligand,1579,64832.8
3udd_ligand,1580,101412
3udd_ligand,1581,82698.7
3udd_ligand,1582,86016.1
3udd_ligand,1583,51990.1
3udd_ligand,1584,84796.9
3udd_ligand,1585,93223.1
3udd_ligand,1586,78607.7
3udd_ligand,1587,73461.9
3udd_ligand,1588,114646
3udd_ligand,1589,79573.1
3udd_ligand,1590,78682.3
3udd_ligand,1591,109294
3udd_ligand,1592,49523.6
3udd_ligand,1593,45991.5
3udd_ligand,1594,48832.6
3udd_ligand,1595,51152.9
3udd_ligand,1596,52522.7
3udd_ligand,1597,100026
3udd_ligand,1598,125030
3udd_ligand,1599,52408.5
3udd_ligand,1600,57439.9
3udd_ligand,1601,47917.4
3udd_ligand,1602,63945.3
3udd_ligand,1603,90548.7
3udd_ligand,1604,52497.5
3udd_ligand,1605,56599.4
3udd_ligand,1606,110841
3udd_ligand,1607,77152
3udd_ligand,1608,65365.4
3udd_ligand,1609,89840.7
3udd_ligand,1610,100578
3udd_ligand,1611,47425.1
3udd_ligand,1612,43608.5
3udd_ligand,1613,60676.3
3udd_ligand,1614,74226.9
3udd_ligand,1615,144898
3udd_ligand,1616,54357.9
3udd_ligand,1617,69768.6
3udd_ligand,1618,83284
3udd_ligand,1619,93853.5
3udd_ligand,1620,73349.3
3udd_ligand,1621,100333
3udd_ligand,1622,73330.4
3udd_ligand,1623,61329.6
3udd_ligand,1624,100343
3udd_ligand,1625,93706.7
3udd_ligand,1626,83415.5
3udd_ligand,1627,83719.1
3udd_ligand,1628,93492.9
3udd_ligand,1629,60769.9
3udd_ligand,1630,103203
3udd_ligand,1631,73711.6
3udd_ligand,1632,63369.2
3udd_ligand,1633,69659.2
3udd_ligand,1634,95695.9
3udd_ligand,1635,93177.6
3udd_ligand,1636,89509.8
3udd_ligand,1637,80081.5
3udd_ligand,1638,119424
3udd_ligand,1639,55351
3udd_ligand,1640,58373
3udd_ligand,1641,51210.3
3udd_ligand,1642,63428.8
3udd_ligand,1643,83047.2
3udd_ligand,1644,58333.6
3udd_ligand,1645,48094.5
3udd_ligand,1646,69546
3udd_ligand,1647,79531.1
3udd_ligand,1648,94812.5
3udd_ligand,1649,91588.5
3udd_ligand,1650,90846.1
3udd_ligand,1651,64266.6
3udd_ligand,1652,58094.4
3udd_ligand,1653,83139.9
3udd_ligand,1654,86656.1
3udd_ligand,1655,74636.6
3udd_ligand,1656,62549.1
3udd_ligand,1657,71122.3
3udd_ligand,1658,81782.5
3udd_ligand,1659,67484.8
3udd_ligand,1660,133766
3udd_ligand,1661,66630.5
3udd_ligand,1662,52834.5
3udd_ligand,1663,52837.4
3udd_ligand,1664,81271.7
3udd_ligand,1665,52093.3
3udd_ligand,1666,77558.4
3udd_ligand,1667,72405.3
3udd_ligand,1668,49802.9
3udd_ligand,1669,61077.4
3udd_ligand,1670,50863
3udd_ligand,1671,66144.1
3udd_ligand,1672,79313.2
3udd_ligand,1673,45713.1
3udd_ligand,1674,73886.5
3udd_ligand,1675,72741.1
3udd_ligand,1676,114885
3udd_ligand,1677,52937.2
3udd_ligand,1678,55883
3udd_ligand,1679,53044.1
3udd_ligand,1680,46265.3
3udd_ligand,1681,82474.5
3udd_ligand,1682,65616.4
3udd_ligand,1683,80266.4
3udd_ligand,1684,72745.5
3udd_ligand,1685,49975.2
3udd_ligand,1686,78379.8
3udd_ligand,1687,101247
3udd_ligand,1688,47617.3
3udd_ligand,1689,55779.6
3udd_ligand,1690,97106.9
3udd_ligand,1691,81608.6
3udd_ligand,1692,56186.8
3udd_ligand,1693,68168
3udd_ligand,1694,84364.9
3udd_ligand,1695,103510
3udd_ligand,1696,69785.5
3udd_ligand,1697,130963
3udd_ligand,1698,96915
3udd_ligand,1699,87980.5
3udd_ligand,1700,62212
3udd_ligand,1701,67223.1
3udd_ligand,1702,63296
3udd_ligand,1703,85630.4
3udd_ligand,1704,57782.5
3udd_ligand,1705,65934.2
3udd_ligand,1706,92665.5
3udd_ligand,1707,94171.1
3udd_ligand,1708,49383.4
3udd_ligand,1709,85405.3
3udd_ligand,1710,73494.7
3udd_ligand,1711,73866.5
3udd_ligand,1712,90995.4
3udd_ligand,1713,90598.2
3udd_ligand,1714,48483.3
3udd_ligand,1715,55507.2
3udd_ligand,1716,81702.7
3udd_ligand,1717,49663.6
3udd_ligand,1718,90083.1
3udd_ligand,1719,53084.7
3udd_ligand,1720,76256.3
3udd_ligand,1721,91186.1
3udd_ligand,1722,49850.1
3udd_ligand,1723,98783.3
3udd_ligand,1724,61670.1
3udd_ligand,1725,53226.5
3udd_ligand,1726,49864.5
3udd_ligand,1727,64087.4
3udd_ligand,1728,166670
3udd_ligand,1729,92228
3udd_ligand,1730,82098
3udd_ligand,1731,75702.2
3udd_ligand,1732,87558.2
3udd_ligand,1733,60127
3udd_ligand,1734,79531.5
3udd_ligand,1735,70367.7
3udd_ligand,1736,117215
3udd_ligand,1737,74721.5
3udd_ligand,1738,85260.7
3udd_ligand,1739,75665
3udd_ligand,1740,94050.7
3udd_ligand,1741,90313.2
3udd_ligand,1742,75265.5
3udd_ligand,1743,49138.6
3udd_ligand,1744,53767.6
3udd_ligand,1745,51665
3udd_ligand,1746,44255.9
3udd_ligand,1747,95154.6
3udd_ligand,1748,52072.8
3udd_ligand,1749,44463.6
3udd_ligand,1750,125224
3udd_ligand,1751,94073.8
3udd_ligand,1752,79285.9
3udd_ligand,1753,109621
3udd_ligand,1754,115272
3udd_ligand,1755,51588.4
3udd_ligand,1756,84666.6
3udd_ligand,1757,92204
3udd_ligand,1758,85403.6
3udd_ligand,1759,82986.1
3udd_ligand,1760,71214.9
3udd_ligand,1761,97324
3udd_ligand,1762,53942.2
3udd_ligand,1763,86480.6
3udd_ligand,1764,79662.9
3udd_ligand,1765,77826.2
3udd_ligand,1766,86183.2
3udd_ligand,1767,84297.8
3udd_ligand,1768,69342.1
3udd_ligand,1769,91820.9
3udd_ligand,1770,51008
3udd_ligand,1771,57725.2
3udd_ligand,1772,57837.2
3udd_ligand,1773,75023.4
3udd_ligand,1774,72487.7
3udd_ligand,1775,80283.3
3udd_ligand,1776,79070.4
3udd_ligand,1777,56828.5
3udd_ligand,1778,110471
3udd_ligand,1779,63459.6
3udd_ligand,1780,79338.2
3udd_ligand,1781,84486.9
3udd_ligand,1782,63563.3
3udd_ligand,1783,62355.1
3udd_ligand,1784,99496.4
3udd_ligand,1785,107531
3udd_ligand,1786,57161.1
3udd_ligand,1787,63176
3udd_ligand,1788,79213.7
3udd_ligand,1789,60469.3
3udd_ligand,1790,67224.3
3udd_ligand,1791,69008.1
3udd_ligand,1792,92183.8
3udd_ligand,1793,42700.5
3udd_ligand,1794,68157.7
3udd_ligand,1795,74362.8
3udd_ligand,1796,141045
3udd_ligand,1797,94930
3udd_ligand,1798,68851.8
3udd_ligand,1799,67569.9
3udd_ligand,1800,80097
3udd_ligand,1801,77924.3
3udd_ligand,1802,79547.4
3udd_ligand,1803,109351
3udd_ligand,1804,106059
3udd_ligand,1805,73574.7
3udd_ligand,1806,83659.2
3udd_ligand,1807,47900.2
3udd_ligand,1808,52210.3
3udd_ligand,1809,51618.6
3udd_ligand,1810,48671.6
3udd_ligand,1811,76668
3udd_ligand,1812,72378.6
3udd_ligand,1813,56639.3
3udd_ligand,1814,60671.5
3udd_ligand,1815,77762.9
3udd_ligand,1816,47140.6
3udd_ligand,1817,52767
3udd_ligand,1818,97985.1
3udd_ligand,1819,67123.8
3udd_ligand,1820,71125
3udd_ligand,1821,115542
3udd_ligand,1822,88786.7
3udd_ligand,1823,74892.4
3udd_ligand,1824,78053.7
3udd_ligand,1825,81857
3udd_ligand,1826,65414.2
3udd_ligand,1827,76458.9
3udd_ligand,1828,78904.9
3udd_ligand,1829,45643.4
3udd_ligand,1830,62273.3
3udd_ligand,1831,74154.2
3udd_ligand,1832,52660.2
3udd_ligand,1833,52139.4
3udd_ligand,1834,76663.9
3udd_ligand,1835,74354.5
3udd_ligand,1836,71390.6
3udd_ligand,1837,49347.4
3udd_ligand,1838,53231
3udd_ligand,1839,60600.6
3udd_ligand,1840,56450.7
3udd_ligand,1841,54995.9
3udd_ligand,1842,83898.9
3udd_ligand,1843,103455
3udd_ligand,1844,53458.2
3udd_ligand,1845,94704.6
3udd_ligand,1846,56095.2
3udd_ligand,1847,96607.5
3udd_ligand,1848,56740.6
3udd_ligand,1849,60356.4
3udd_ligand,1850,53504.7
3udd_ligand,1851,89464.6
3udd_ligand,1852,59368
3udd_ligand,1853,84105.7
3udd_ligand,1854,92801.7
3udd_ligand,1855,90324.1
3udd_ligand,1856,76877.4
3udd_ligand,1857,76760.9
3udd_ligand,1858,105288
3udd_ligand,1859,110890
3udd_ligand,1860,51675.9
3udd_ligand,1861,58650.3
3udd_ligand,1862,84463.7
3udd_ligand,1863,54486.2
3udd_ligand,1864,53879.8
3udd_ligand,1865,102454
3udd_ligand,1866,76356.2
3udd_ligand,1867,68839.4
3udd_ligand,1868,96187.7
3udd_ligand,1869,92847.1
3udd_ligand,1870,68618.6
3udd_ligand,1871,100379
3udd_ligand,1872,79797.7
3udd_ligand,1873,57821.7
3udd_ligand,1874,80694.7
3udd_ligand,1875,73613.7
3udd_ligand,1876,64811.2
3udd_ligand,1877,91577.8
3udd_ligand,1878,103691
3udd_ligand,1879,69411.1
3udd_ligand,1880,52259.7
3udd_ligand,1881,120472
3udd_ligand,1882,93549.3
3udd_ligand,1883,92281.8
3udd_ligand,1884,56387.2
3udd_ligand,1885,60704
3udd_ligand,1886,70903.3
3udd_ligand,1887,48597.1
3udd_ligand,1888,93076.6
3udd_ligand,1889,123317
3udd_ligand,1890,48460.5
3udd_ligand,1891,67589.5
3udd_ligand,1892,94907.1
3udd_ligand,1893,75796.2
3udd_ligand,1894,79452.5
3udd_ligand,1895,92839.5
3udd_ligand,1896,73254
3udd_ligand,1897,72178.1
3udd_ligand,1898,98125
3udd_ligand,1899,63309.1
3udd_ligand,1900,107467
3udd_ligand,1901,49124.4
3udd_ligand,1902,71374.4
3udd_ligand,1903,89880.3
3udd_ligand,1904,93796.5
3udd_ligand,1905,77494.4
3udd_ligand,1906,115667
3udd_ligand,1907,86386.5
3udd_ligand,1908,75602
3udd_ligand,1909,90508
3udd_ligand,1910,48236.7
3udd_ligand,1911,74072.4
3udd_ligand,1912,88352.6
3udd_ligand,1913,86779.1
3udd_ligand,1914,96000.9
3udd_ligand,1915,89631.2
3udd_ligand,1916,90235.7
3udd_ligand,1917,50763.1
3udd_ligand,1918,65244.9
3udd_ligand,1919,65776.4
3udd_ligand,1920,61964.9
3udd_ligand,1921,54643.8
3udd_ligand,1922,104452
3udd_ligand,1923,124293
3udd_ligand,1924,94474.3
3udd_ligand,1925,104029
3udd_ligand,1926,93165.5
3udd_ligand,1927,83596.7
3udd_ligand,1928,94827.8
3udd_ligand,1929,75300.9
3udd_ligand,1930,82574.2
3udd_ligand,1931,63969
3udd_ligand,1932,74425.9
3udd_ligand,1933,78259.1
3udd_ligand,1934,80637.3
3udd_ligand,1935,113935
3udd_ligand,1936,108945
3udd_ligand,1937,69455.1
3udd_ligand,1938,79769.8
3udd_ligand,1939,112868
3udd_ligand,1940,47200.3
3udd_ligand,1941,71079.7
3udd_ligand,1942,107302
3udd_ligand,1943,47929.1
3udd_ligand,1944,57745.5
3udd_ligand,1945,106878
3udd_ligand,1946,102372
3udd_ligand,1947,47762.4
3udd_ligand,1948,56944.1
3udd_ligand,1949,85538.6
3udd_ligand,1950,87071.1
3udd_ligand,1951,89034.8
3udd_ligand,1952,79655.2
3udd_ligand,1953,93432.2
3udd_ligand,1954,87956.2
3udd_ligand,1955,85105.2
3udd_ligand,1956,63406.1
3udd_ligand,1957,89589.2
3udd_ligand,1958,112249
3udd_ligand,1959,47334.5
3udd_ligand,1960,62048.9
3udd_ligand,1961,55074.6
3udd_ligand,1962,53292.2
3udd_ligand,1963,79313.5
3udd_ligand,1964,102237
3udd_ligand,1965,82062.7
3udd_ligand,1966,95502.4
3udd_ligand,1967,73721.1
3udd_ligand,1968,71266.5
3udd_ligand,1969,90672.2
3udd_ligand,1970,85291.3
3udd_ligand,1971,122655
3udd_ligand,1972,48507.8
3udd_ligand,1973,50102.1
3udd_ligand,1974,63978
3udd_ligand,1975,90842.7
3udd_ligand,1976,67418.6
3udd_ligand,1977,82420.2
3udd_ligand,1978,77002.8
3udd_ligand,1979,87512.9
3udd_ligand,1980,92002.2
3udd_ligand,1981,75610.9
3udd_ligand,1982,88413.3
3udd_ligand,1983,53098.4
3udd_ligand,1984,79349.8
3udd_ligand,1985,86287.4
3udd_ligand,1986,83427
3udd_ligand,1987,61980
3udd_ligand,1988,74738
3udd_ligand,1989,63245.1
3udd_ligand,1990,81960
3udd_ligand,1991,67828.3
3udd_ligand,1992,62022.7
3udd_ligand,1993,59396.6
3udd_ligand,1994,70937.5
3udd_ligand,1995,59278
3udd_ligand,1996,68376.1
3udd_ligand,1997,90159.1
3udd_ligand,1998,57564.1
3udd_ligand,1999,41626
3udd_ligand,2000,52135.6
3udd_ligand,2001,86554.5
3udd_ligand,2002,53833.7
3udd_ligand,2003,40991.9
3udd_ligand,2004,78984.8
3udd_ligand,2005,45744.2
3udd_ligand,2006,65684.5
3udd_ligand,2007,139984
3udd_ligand,2008,58266.1
3udd_ligand,2009,52377.1
3udd_ligand,2010,48430.1
3udd_ligand,2011,59639.6
3udd_ligand,2012,79540.4
3udd_ligand,2013,61612.6
3udd_ligand,2014,78359.3
3udd_ligand,2015,89316.6
3udd_ligand,2016,47939.9
3udd_ligand,2017,68910.5
3udd_ligand,2018,75997.2
3udd_ligand,2019,106346
3udd_ligand,2020,83077.9
3udd_ligand,2021,85655.7
3udd_ligand,2022,77342.1
3udd_ligand,2023,85122.7
3udd_ligand,2024,69009.4
3udd_ligand,2025,65735.2
3udd_ligand,2026,71687
3udd_ligand,2027,89249.4
3udd_ligand,2028,76665.7
3udd_ligand,2029,59783.3
3udd_ligand,2030,55269.5
3udd_ligand,2031,94487
3udd_ligand,2032,69826.2
3udd_ligand,2033,62201.8
3udd_ligand,2034,73138.7
3udd_ligand,2035,119128
3udd_ligand,2036,40670.6
3udd_ligand,2037,52658.8
3udd_ligand,2038,57905.1
3udd_ligand,2039,89310.8
3udd_ligand,2040,85152.5
3udd_ligand,2041,70596.7
3udd_ligand,2042,87397.9
3udd_ligand,2043,77230.9
3udd_ligand,2044,67176.5
3udd_ligand,2045,110203
3udd_ligand,2046,55385.6
3udd_ligand,2047,57139.4
3udd_ligand,2048,47493.6
3udd_ligand,2049,64032.7
3udd_ligand,2050,104043
3udd_ligand,2051,119595
3udd_ligand,2052,85787.3
3udd_ligand,2053,89971.8
3udd_ligand,2054,49882.4
3udd_ligand,2055,46314.3
3udd_ligand,2056,126083
3udd_ligand,2057,94454.8
3udd_ligand,2058,46649.9
3udd_ligand,2059,48145.7
3udd_ligand,2060,111313
3udd_ligand,2061,80903.4
3udd_ligand,2062,50209.3
3udd_ligand,2063,80513.1
3udd_ligand,2064,99106.5
3udd_ligand,2065,74450.5
3udd_ligand,2066,56711.7
3udd_ligand,2067,81251.6
3udd_ligand,2068,51583.8
3udd_ligand,2069,84076
3udd_ligand,2070,46709.9
3udd_ligand,2071,54854.1
3udd_ligand,2072,88764.1
3udd_ligand,2073,96794.8
3udd_ligand,2074,54343.8
3udd_ligand,2075,48104.2
3udd_ligand,2076,65190.5
3udd_ligand,2077,70540.1
3udd_ligand,2078,44088.2
3udd_ligand,2079,64903.1
3udd_ligand,2080,124479
3udd_ligand,2081,47472.1
3udd_ligand,2082,55465
3udd_ligand,2083,50647
3udd_ligand,2084,78101.7
3udd_ligand,2085,118508
3udd_ligand,2086,64635.1
3udd_ligand,2087,57060.6
3udd_ligand,2088,56638
3udd_ligand,2089,73144.9
3udd_ligand,2090,60480.5
3udd_ligand,2091,129438
3udd_ligand,2092,42825.7
3udd_ligand,2093,62364.2
3udd_ligand,2094,87072.8
3udd_ligand,2095,70345.3
3udd_ligand,2096,65443.2
3udd_ligand,2097,82913.1
3udd_ligand,2098,101489
3udd_ligand,2099,88477.3
3udd_ligand,2100,79624.4
3udd_ligand,2101,71910.2
3udd_ligand,2102,96438.7
3udd_ligand,2103,97675
3udd_ligand,2104,55613.7
3udd_ligand,2105,72830.3
3udd_ligand,2106,84056.2
3udd_ligand,2107,69873.1
3udd_ligand,2108,72940.3
3udd_ligand,2109,93844.9
3udd_ligand,2110,126030
3udd_ligand,2111,57110.2
3udd_ligand,2112,68731.1
3udd_ligand,2113,104489
3udd_ligand,2114,53335
3udd_ligand,2115,84461.2
3udd_ligand,2116,72231
3udd_ligand,2117,126723
3udd_ligand,2118,85151.9
3udd_ligand,2119,70187
3udd_ligand,2120,102945
3udd_ligand,2121,57581.4
3udd_ligand,2122,55163.8
3udd_ligand,2123,58235
3udd_ligand,2124,122665
3udd_ligand,2125,65622.2
3udd_ligand,2126,61463.7
3udd_ligand,2127,78195.3
3udd_ligand,2128,108441
3udd_ligand,2129,88619.3
3udd_ligand,2130,106314
3udd_ligand,2131,80127.2
3udd_ligand,2132,85139.1
3udd_ligand,2133,84732.2
3udd_ligand,2134,75431.8
3udd_ligand,2135,52351.1
3udd_ligand,2136,50978.9
3udd_ligand,2137,67525.5
3udd_ligand,2138,99102.2
3udd_ligand,2139,112220
3udd_ligand,2140,83003.8
3udd_ligand,2141,71814.1
3udd_ligand,2142,106127
3udd_ligand,2143,46293.6
3udd_ligand,2144,67372.8
3udd_ligand,2145,95328.1
3udd_ligand,2146,58330.9
3udd_ligand,2147,59531.4
3udd_ligand,2148,64723.3
3udd_ligand,2149,65554.4
3udd_ligand,2150,56394.2
3udd_ligand,2151,60435.2
3udd_ligand,2152,79290.4
3udd_ligand,2153,95437.5
3udd_ligand,2154,68803.9
3udd_ligand,2155,120008
3udd_ligand,2156,106576
3udd_ligand,2157,79496.7
3udd_ligand,2158,93276.4
3udd_ligand,2159,62886.8
3udd_ligand,2160,66175.8
3udd_ligand,2161,56449.6
3udd_ligand,2162,71109.4
3udd_ligand,2163,75242.9
3udd_ligand,2164,70763.8
3udd_ligand,2165,93036.8
3udd_ligand,2166,101030
3udd_ligand,2167,75251.4
3udd_ligand,2168,84235.6
3udd_ligand,2169,80832.7
3udd_ligand,2170,75734.1
3udd_ligand,2171,96032.8
3udd_ligand,2172,78927.2
3udd_ligand,2173,72868.8
3udd_ligand,2174,77165.8
3udd_ligand,2175,90169.5
3udd_ligand,2176,82446.7
3udd_ligand,2177,69416.8
3udd_ligand,2178,76525.8
3udd_ligand,2179,59836.2
3udd_ligand,2180,61404.9
3udd_ligand,2181,47083.2
3udd_ligand,2182,51687.9
3udd_ligand,2183,86843.7
3udd_ligand,2184,65292.3
3udd_ligand,2185,66602.8
3udd_ligand,2186,74086.8
3udd_ligand,2187,61849.4
3udd_ligand,2188,48392.7
3udd_ligand,2189,63036.7
3udd_ligand,2190,71993.8
3udd_ligand,2191,52102.5
3udd_ligand,2192,89092
3udd_ligand,2193,78679.7
3udd_ligand,2194,73384.9
3udd_ligand,2195,90698.5
3udd_ligand,2196,62087.9
3udd_ligand,2197,79094.6
3udd_ligand,2198,57992.6
3udd_ligand,2199,57379
3udd_ligand,2200,84412.1
3udd_ligand,2201,80123.7
3udd_ligand,2202,84867.5
3udd_ligand,2203,70539
3udd_ligand,2204,82939.5
3udd_ligand,2205,43250.4
3udd_ligand,2206,53288.1
3udd_ligand,2207,66687.6
3udd_ligand,2208,48978.2
3udd_ligand,2209,48108.7
3udd_ligand,2210,55484.9
3udd_ligand,2211,48547.7
3udd_ligand,2212,80420.4
3udd_ligand,2213,91035.4
3udd_ligand,2214,109776
3udd_ligand,2215,54881.3
3udd_ligand,2216,82185.8
3udd_ligand,2217,74252.8
3udd_ligand,2218,87800.7
3udd_ligand,2219,66230
3udd_ligand,2220,52365.6
3udd_ligand,2221,58535.5
3udd_ligand,2222,64565.1
3udd_ligand,2223,66665.3
3udd_ligand,2224,96574.9
3udd_ligand,2225,93226.6
3udd_ligand,2226,52655.6
3udd_ligand,2227,52230.8
3udd_ligand,2228,56143.5
3udd_ligand,2229,45697.1
3udd_ligand,2230,45733.4
3udd_ligand,2231,50868.3
3udd_ligand,2232,88891.1
3udd_ligand,2233,73847.4
3udd_ligand,2234,79620.1
3udd_ligand,2235,58586.5
3udd_ligand,2236,71797.4
3udd_ligand,2237,62018.9
3udd_ligand,2238,55114.7
3udd_ligand,2239,60122.6
3udd_ligand,2240,63017.7
3udd_ligand,2241,91266.5
3udd_ligand,2242,107086
3udd_ligand,2243,53371.2
3udd_ligand,2244,97692
3udd_ligand,2245,61526.9
3udd_ligand,2246,51488.7
3udd_ligand,2247,60839.7
3udd_ligand,2248,78024.4
3udd_ligand,2249,83693.6
3udd_ligand,2250,85481.8
3udd_ligand,2251,76473.6
3udd_ligand,2252,62309.7
3udd_ligand,2253,85168.9
3udd_ligand,2254,93972.2
3udd_ligand,2255,45867.8
3udd_ligand,2256,48245.4
3udd_ligand,2257,77119.6
3udd_ligand,2258,60176.8
3udd_ligand,2259,116990
3udd_ligand,2260,114414
3udd_ligand,2261,62648
3udd_ligand,2262,91585.9
3udd_ligand,2263,83150.1
3udd_ligand,2264,95824.7
3udd_ligand,2265,77208.6
3udd_ligand,2266,49813.6
3udd_ligand,2267,96000.3
3udd_ligand,2268,97618
3udd_ligand,2269,64907.4
3udd_ligand,2270,91594.2
3udd_ligand,2271,51462.8
3udd_ligand,2272,92480.3
3udd_ligand,2273,60841.1
3udd_ligand,2274,62515
3udd_ligand,2275,76809.9
3udd_ligand,2276,82163
3udd_ligand,2277,90636.2
3udd_ligand,2278,38650.4
3udd_ligand,2279,61580.8
3udd_ligand,2280,122164
3udd_ligand,2281,51246.4
3udd_ligand,2282,62638.2
3udd_ligand,2283,99851
3udd_ligand,2284,56201.9
3udd_ligand,2285,88363.1
3udd_ligand,2286,59493.8
3udd_ligand,2287,92078.6
3udd_ligand,2288,99385.8
3udd_ligand,2289,90468.6
3udd_ligand,2290,58328.4
3udd_ligand,2291,85421.5
3udd_ligand,2292,74159.8
3udd_ligand,2293,55707.4
3udd_ligand,2294,85600.8
3udd_ligand,2295,89722.3
3udd_ligand,2296,44153.1
3udd_ligand,2297,65180.1
3udd_ligand,2298,76172.4
3udd_ligand,2299,107000
3udd_ligand,2300,103704
3udd_ligand,2301,58772.7
3udd_ligand,2302,92874.1
3udd_ligand,2303,73428.2
3udd_ligand,2304,79264.7
3udd_ligand,2305,96441.1
3udd_ligand,2306,86225.1
3udd_ligand,2307,62621.1
3udd_ligand,2308,58455.4
3udd_ligand,2309,46189.7
3udd_ligand,2310,45873.6
3udd_ligand,2311,73159.2
3udd_ligand,2312,46970.3
3udd_ligand,2313,51736.7
3udd_ligand,2314,51237.6
3udd_ligand,2315,68445.6
3udd_ligand,2316,69144.9
3udd_ligand,2317,77109.1
3udd_ligand,2318,90487.7
3udd_ligand,2319,55265.4
3udd_ligand,2320,42543.4
3udd_ligand,2321,63811.3
3udd_ligand,2322,64104.7
3udd_ligand,2323,76993.8
3udd_ligand,2324,58964.2
3udd_ligand,2325,68755.3
3udd_ligand,2326,69687.9
3udd_ligand,2327,56198.3
3udd_ligand,2328,76739
3udd_ligand,2329,89495.1
3udd_ligand,2330,73567.5
3udd_ligand,2331,57387.9
3udd_ligand,2332,62759
3udd_ligand,2333,79527
3udd_ligand,2334,67682.5
3udd_ligand,2335,47074
3udd_ligand,2336,79352.7
3udd_ligand,2337,81834.5
3udd_ligand,2338,53583.9
3udd_ligand,2339,64456
3udd_ligand,2340,68362
3udd_ligand,2341,106127
3udd_ligand,2342,43654.6
3udd_ligand,2343,73456.3
3udd_ligand,2344,59739.6
3udd_ligand,2345,103909
3udd_ligand,2346,102278
3udd_ligand,2347,60779
3udd_ligand,2348,58399.8
3udd_ligand,2349,83782.1
3udd_ligand,2350,48829.3
3udd_ligand,2351,55343.8
3udd_ligand,2352,112599
3udd_ligand,2353,81282
3udd_ligand,2354,77490
3udd_ligand,2355,80276.5
3udd_ligand,2356,67677.5
3udd_ligand,2357,103889
3udd_ligand,2358,49145.9
3udd_ligand,2359,74669.5
3udd_ligand,2360,85941.9
3udd_ligand,2361,72800.1
3udd_ligand,2362,59933.7
3udd_ligand,2363,70359.3
3udd_ligand,2364,73428.8
3udd_ligand,2365,77384.6
3udd_ligand,2366,46160.2
3udd_ligand,2367,75547.5
3udd_ligand,2368,57643.7
3udd_ligand,2369,64293.8
3udd_ligand,2370,79607.6
3udd_ligand,2371,76473.9
3udd_ligand,2372,58799.2
3udd_ligand,2373,79282.3
3udd_ligand,2374,55620.6
3udd_ligand,2375,85620.2
3udd_ligand,2376,77469.4
3udd_ligand,2377,76231.4
3udd_ligand,2378,62077.7
3udd_ligand,2379,52005.1
3udd_ligand,2380,69563.9
3udd_ligand,2381,83689.6
3udd_ligand,2382,86150.1
3udd_ligand,2383,59765.8
3udd_ligand,2384,72030.3
3udd_ligand,2385,46367.5
3udd_ligand,2386,48940.6
3udd_ligand,2387,63486
3udd_ligand,2388,63137.2
3udd_ligand,2389,98323.9
3udd_ligand,2390,92638.5
3udd_ligand,2391,62893.4
3udd_ligand,2392,88362.3
3udd_ligand,2393,72628.7
3udd_ligand,2394,90866.3
3udd_ligand,2395,61903.5
3udd_ligand,2396,86344.6
3udd_ligand,2397,78156.3
3udd_ligand,2398,118068
3udd_ligand,2399,89721.1
3udd_ligand,2400,101145
3udd_ligand,2401,87003.9
3udd_ligand,2402,98877.8
3udd_ligand,2403,84160.6
3udd_ligand,2404,91882.8
3udd_ligand,2405,52460.6
3udd_ligand,2406,102185
3udd_ligand,2407,54315
3udd_ligand,2408,46065.9
3udd_ligand,2409,53503.9
3udd_ligand,2410,56594.3
3udd_ligand,2411,88933.5
3udd_ligand,2412,44723.9
3udd_ligand,2413,86230.5
3udd_ligand,2414,73988.2
3udd_ligand,2415,108791
3udd_ligand,2416,60206.4
3udd_ligand,2417,91695.3
3udd_ligand,2418,46898.9
3udd_ligand,2419,87477.9
3udd_ligand,2420,107558
3udd_ligand,2421,80410
3udd_ligand,2422,97748.4
3udd_ligand,2423,85772.9
3udd_ligand,2424,54602.4
3udd_ligand,2425,48706.6
3udd_ligand,2426,86371.6
3udd_ligand,2427,91708
3udd_ligand,2428,69548.8
3udd_ligand,2429,68939.2
3udd_ligand,2430,57173.6
3udd_ligand,2431,66445.4
3udd_ligand,2432,126524
3udd_ligand,2433,110057
3udd_ligand,2434,49423.7
3udd_ligand,2435,57711.3
3udd_ligand,2436,79374.2
3udd_ligand,2437,48110.7
3udd_ligand,2438,61974.5
3udd_ligand,2439,122838
3udd_ligand,2440,111158
3udd_ligand,2441,55689.8
3udd_ligand,2442,61613.2
3udd_ligand,2443,88731.1
3udd_ligand,2444,50210.9
3udd_ligand,2445,49456.6
3udd_ligand,2446,67036.4
3udd_ligand,2447,54372.6
3udd_ligand,2448,115222
3udd_ligand,2449,92736.5
3udd_ligand,2450,91134.3
3udd_ligand,2451,75174.2
3udd_ligand,2452,78763.6
3udd_ligand,2453,51953.5
3udd_ligand,2454,74603.4
3udd_ligand,2455,101607
3udd_ligand,2456,126814
3udd_ligand,2457,87068
3udd_ligand,2458,83194.5
3udd_ligand,2459,102393
3udd_ligand,2460,59254.2
3udd_ligand,2461,67047.7
3udd_ligand,2462,118059
3udd_ligand,2463,62662.8
3udd_ligand,2464,59663.9
3udd_ligand,2465,50024.7
3udd_ligand,2466,41967.4
3udd_ligand,2467,67088.5
3udd_ligand,2468,112211
3udd_ligand,2469,100415
3udd_ligand,2470,48609.7
3udd_ligand,2471,48303.3
3udd_ligand,2472,81925.6
3udd_ligand,2473,44646.3
3udd_ligand,2474,81388.9
3udd_ligand,2475,133529
3udd_ligand,2476,87920
3udd_ligand,2477,89135.8
3udd_ligand,2478,84294
3udd_ligand,2479,85342.1
3udd_ligand,2480,90578.7
3udd_ligand,2481,88525.6
3udd_ligand,2482,87277
3udd_ligand,2483,110581
3udd_ligand,2484,66186
3udd_ligand,2485,82000.2
3udd_ligand,2486,54172.5
3udd_ligand,2487,53632.3
3udd_ligand,2488,72026.8
3udd_ligand,2489,50990.5
3udd_ligand,2490,48306.1
3udd_ligand,2491,50650.8
3udd_ligand,2492,105783
3udd_ligand,2493,51826.4
3udd_ligand,2494,90259.2
3udd_ligand,2495,63008.9
3udd_ligand,2496,55060.2
3udd_ligand,2497,49721.9
3udd_ligand,2498,67936.5
3udd_ligand,2499,100094
3udd_ligand,2500,76851.8
3udd_ligand,2501,83905.8
3udd_ligand,2502,77409.8
3udd_ligand,2503,41816.5
3udd_ligand,2504,79897.8
3udd_ligand,2505,43025.7
3udd_ligand,2506,80951.3
3udd_ligand,2507,71467.8
3udd_ligand,2508,76233.7
3udd_ligand,2509,81868.3
3udd_ligand,2510,107474
3udd_ligand,2511,52729.2
3udd_ligand,2512,65743.4
3udd_ligand,2513,104495
3udd_ligand,2514,56032
3udd_ligand,2515,57859.8
3udd_ligand,2516,78043.8
3udd_ligand,2517,87315.8
3udd_ligand,2518,73212
3udd_ligand,2519,94654.4
3udd_ligand,2520,79282.2
3udd_ligand,2521,114306
3udd_ligand,2522,101957
3udd_ligand,2523,85559.8
3udd_ligand,2524,94479.9
3udd_ligand,2525,75818.6
3udd_ligand,2526,91519.5
3udd_ligand,2527,55276.8
3udd_ligand,2528,50767.9
3udd_ligand,2529,52424.8
3udd_ligand,2530,59090.9
3udd_ligand,2531,84567.5
3udd_ligand,2532,72557.6
3udd_ligand,2533,51396.2
3udd_ligand,2534,65840.9
3udd_ligand,2535,122616
3udd_ligand,2536,96262.4
3udd_ligand,2537,81326.7
3udd_ligand,2538,70271.9
3udd_ligand,2539,54697.8
3udd_ligand,2540,59541.2
3udd_ligand,2541,48328.5
3udd_ligand,2542,56507.6
3udd_ligand,2543,86413
3udd_ligand,2544,55748.8
3udd_ligand,2545,84715
3udd_ligand,2546,95040.8
3udd_ligand,2547,90050.7
3udd_ligand,2548,67005.6
3udd_ligand,2549,74696.1
3udd_ligand,2550,82318.7
3udd_ligand,2551,81810.5
3udd_ligand,2552,72445.6
3udd_ligand,2553,75602.9
3udd_ligand,2554,71946.9
3udd_ligand,2555,107895
3udd_ligand,2556,73458.6
3udd_ligand,2557,83248.2
3udd_ligand,2558,91267.9
3udd_ligand,2559,103423
3udd_ligand,2560,117676
3udd_ligand,2561,68385.4
3udd_ligand,2562,79216.4
3udd_ligand,2563,47900.5
3udd_ligand,2564,49847.4
3udd_ligand,2565,66490.4
3udd_ligand,2566,54967.5
3udd_ligand,2567,54593.3
3udd_ligand,2568,107106
3udd_ligand,2569,83869.1
3udd_ligand,2570,62712.4
3udd_ligand,2571,104654
3udd_ligand,2572,52470.9
3udd_ligand,2573,54864.5
3udd_ligand,2574,77150.6
3udd_ligand,2575,75466.1
3udd_ligand,2576,83849.1
3udd_ligand,2577,78999.5
3udd_ligand,2578,104745
3udd_ligand,2579,109965
3udd_ligand,2580,67612.4
3udd_ligand,2581,82894
3udd_ligand,2582,47661.6
3udd_ligand,2583,59110.2
3udd_ligand,2584,78092.3
3udd_ligand,2585,60567.2
3udd_ligand,2586,65461.2
3udd_ligand,2587,77959.4
3udd_ligand,2588,45373.6
3udd_ligand,2589,57740.9
3udd_ligand,2590,63554.4
3udd_ligand,2591,78641.5
3udd_ligand,2592,54507.4
3udd_ligand,2593,75863.9
3udd_ligand,2594,77864.3
3udd_ligand,2595,64089.4
3udd_ligand,2596,86008.6
3udd_ligand,2597,75469.3
3udd_ligand,2598,66754
3udd_ligand,2599,114837
3udd_ligand,2600,56521.7
3udd_ligand,2601,55117.1
3udd_ligand,2602,92597.8
3udd_ligand,2603,45807.8
3udd_ligand,2604,149934
3udd_ligand,2605,90547.3
3udd_ligand,2606,85009.1
3udd_ligand,2607,98152.4
3udd_ligand,2608,84775.4
3udd_ligand,2609,84813.1
3udd_ligand,2610,61132.5
3udd_ligand,2611,72531.6
3udd_ligand,2612,70581
3udd_ligand,2613,102424
3udd_ligand,2614,49431.8
3udd_ligand,2615,45184.1
3udd_ligand,2616,65181.8
3udd_ligand,2617,64768.7
3udd_ligand,2618,85453.5
3udd_ligand,2619,61650.3
3udd_ligand,2620,55344.9
3udd_ligand,2621,53663.5
3udd_ligand,2622,92181.2
3udd_ligand,2623,52586.5
3udd_ligand,2624,101296
3udd_ligand,2625,92203.9
3udd_ligand,2626,88590.1
3udd_ligand,2627,115693
3udd_ligand,2628,94302.7
3udd_ligand,2629,85368
3udd_ligand,2630,67103.9
3udd_ligand,2631,88169.7
3udd_ligand,2632,74083.8
3udd_ligand,2633,66303.1
3udd_ligand,2634,79616
3udd_ligand,2635,82556.7
3udd_ligand,2636,56103.6
3udd_ligand,2637,71709.5
3udd_ligand,2638,66555.5
3udd_ligand,2639,99299.8
3udd_ligand,2640,54929.3
3udd_ligand,2641,45034.6
3udd_ligand,2642,73876.7
3udd_ligand,2643,79957.6
3udd_ligand,2644,49189.7
3udd_ligand,2645,52498.8
3udd_ligand,2646,49143.8
3udd_ligand,2647,47665
3udd_ligand,2648,84606.8
3udd_ligand,2649,82695.8
3udd_ligand,2650,71002.8
3udd_ligand,2651,84618.8
3udd_ligand,2652,95895.3
3udd_ligand,2653,68798.9
3udd_ligand,2654,82115.1
3udd_ligand,2655,110211
3udd_ligand,2656,50537.7
3udd_ligand,2657,44844.1
3udd_ligand,2658,59878.9
3udd_ligand,2659,76721.8
3udd_ligand,2660,94577.7
3udd_ligand,2661,68783.4
3udd_ligand,2662,76146
3udd_ligand,2663,82214.1
3udd_ligand,2664,78903.5
3udd_ligand,2665,77373
3udd_ligand,2666,68786.2
3udd_ligand,2667,80637.1
3udd_ligand,2668,62807.3
3udd_ligand,2669,64901.8
3udd_ligand,2670,119854
3udd_ligand,2671,113358
3udd_ligand,2672,107878
3udd_ligand,2673,56852.3
3udd_ligand,2674,84782.4
3udd_ligand,2675,70992.6
3udd_ligand,2676,121341
3udd_ligand,2677,62007.6
3udd_ligand,2678,51667.2
3udd_ligand,2679,50677.2
3udd_ligand,2680,53636.1
3udd_ligand,2681,80124.1
3udd_ligand,2682,43113.2
3udd_ligand,2683,62014.5
3udd_ligand,2684,77284.1
3udd_ligand,2685,61551.6
3udd_ligand,2686,85117
3udd_ligand,2687,96297.5
3udd_ligand,2688,86287.2
3udd_ligand,2689,91831.5
3udd_ligand,2690,70601.2
3udd_ligand,2691,73305
3udd_ligand,2692,76307.4
3udd_ligand,2693,53655.8
3udd_ligand,2694,50693.2
3udd_ligand,2695,80206.4
3udd_ligand,2696,86060.6
3udd_ligand,2697,111096
3udd_ligand,2698,104201
3udd_ligand,2699,82823
3udd_ligand,2700,97447.5
3udd_ligand,2701,50163.3
3udd_ligand,2702,46890.9
3udd_ligand,2703,65575
3udd_ligand,2704,60235.7
3udd_ligand,2705,82836.8
3udd_ligand,2706,59465.9
3udd_ligand,2707,87523
3udd_ligand,2708,106249
3udd_ligand,2709,84190.2
3udd_ligand,2710,94177.8
3udd_ligand,2711,52950.6
3udd_ligand,2712,64204.4
3udd_ligand,2713,70849.2
3udd_ligand,2714,53660.8
3udd_ligand,2715,126263
3udd_ligand,2716,103412
3udd_ligand,2717,66969.2
3udd_ligand,2718,41364.9
3udd_ligand,2719,58033
3udd_ligand,2720,82023.9
3udd_ligand,2721,69768.6
3udd_ligand,2722,47167.8
3udd_ligand,2723,58767.1
3udd_ligand,2724,58497.5
3udd_ligand,2725,97630.7
3udd_ligand,2726,49109.7
3udd_ligand,2727,48798.8
3udd_ligand,2728,58159.1
3udd_ligand,2729,76662
3udd_ligand,2730,56935.9
3udd_ligand,2731,71548.8
3udd_ligand,2732,84971.3
3udd_ligand,2733,90008.1
3udd_ligand,2734,92037.4
3udd_ligand,2735,58049.8
3udd_ligand,2736,92214.6
3udd_ligand,2737,51529.1
3udd_ligand,2738,51320.6
3udd_ligand,2739,69842.7
3udd_ligand,2740,129137
3udd_ligand,2741,70083.5
3udd_ligand,2742,65733.1
3udd_ligand,2743,84757.5
3udd_ligand,2744,81997.1
3udd_ligand,2745,95451
3udd_ligand,2746,88996.5
3udd_ligand,2747,92282.8
3udd_ligand,2748,107833
3udd_ligand,2749,68709.7
3udd_ligand,2750,81359.4
3udd_ligand,2751,92186.1
3udd_ligand,2752,67429.3
3udd_ligand,2753,89747.2
3udd_ligand,2754,81773.8
3udd_ligand,2755,86487.5
3udd_ligand,2756,57622.5
3udd_ligand,2757,52718.6
3udd_ligand,2758,75379.9
3udd_ligand,2759,105262
3udd_ligand,2760,56701.3
3udd_ligand,2761,75725.6
3udd_ligand,2762,90621.1
3udd_ligand,2763,73374
3udd_ligand,2764,81275.4
3udd_ligand,2765,71927.9
3udd_ligand,2766,77986.2
3udd_ligand,2767,89166.4
3udd_ligand,2768,71651.3
3udd_ligand,2769,81372
3udd_ligand,2770,69980.8
3udd_ligand,2771,125669
3udd_ligand,2772,102385
3udd_ligand,2773,89027.8
3udd_ligand,2774,82748.7
3udd_ligand,2775,90186.9
3udd_ligand,2776,71132.9
3udd_ligand,2777,78200.3
3udd_ligand,2778,72626.2
3udd_ligand,2779,67440.2
3udd_ligand,2780,83214.1
3udd_ligand,2781,100198
3udd_ligand,2782,91957.2
3udd_ligand,2783,101335
3udd_ligand,2784,101760
3udd_ligand,2785,116780
3udd_ligand,2786,85601.8
3udd_ligand,2787,90174.1
3udd_ligand,2788,58986.7
3udd_ligand,2789,77034.6
3udd_ligand,2790,78514.3
3udd_ligand,2791,74285
3udd_ligand,2792,79478.8
3udd_ligand,2793,87435.9
3udd_ligand,2794,107443
3udd_ligand,2795,84422.8
3udd_ligand,2796,120426
3udd_ligand,2797,57904.3
3udd_ligand,2798,75012.3
3udd_ligand,2799,113094
3udd_ligand,2800,84509.2
3udd_ligand,2801,78092.7
3udd_ligand,2802,98548.9
3udd_ligand,2803,100923
3udd_ligand,2804,85927.8
3udd_ligand,2805,93485.9
3udd_ligand,2806,110517
3udd_ligand,2807,58575.1
3udd_ligand,2808,53479.4
3udd_ligand,2809,58792.9
3udd_ligand,2810,113585
3udd_ligand,2811,152132
3udd_ligand,2812,92367.7
3udd_ligand,2813,80953.9
3udd_ligand,2814,83802.3
3udd_ligand,2815,48920.9
3udd_ligand,2816,47374
3udd_ligand,2817,56752.8
3udd_ligand,2818,50865.9
3udd_ligand,2819,68641.6
3udd_ligand,2820,72933.3
3udd_ligand,2821,66347.1
3udd_ligand,2822,62770.7
3udd_ligand,2823,67901.9
3udd_ligand,2824,78285.6
3udd_ligand,2825,49988.4
3udd_ligand,2826,88186
3udd_ligand,2827,59120.9
3udd_ligand,2828,68004.1
3udd_ligand,2829,68587.3
3udd_ligand,2830,81726
3udd_ligand,2831,61350.5
3udd_ligand,2832,81888.3
3udd_ligand,2833,95381.3
3udd_ligand,2834,115685
3udd_ligand,2835,96566.2
3udd_ligand,2836,81265.4
3udd_ligand,2837,91167.6
3udd_ligand,2838,48413.6
3udd_ligand,2839,61527.2
3udd_ligand,2840,73556.9
3udd_ligand,2841,55354.4
3udd_ligand,2842,55163.1
3udd_ligand,2843,75650.8
3udd_ligand,2844,82360.3
3udd_ligand,2845,67475.1
3udd_ligand,2846,46207.4
3udd_ligand,2847,48156.9
3udd_ligand,2848,60794.1
3udd_ligand,2849,56326.4
3udd_ligand,2850,91652.6
3udd_ligand,2851,110642
3udd_ligand,2852,74423.1
3udd_ligand,2853,74396.4
3udd_ligand,2854,103758
3udd_ligand,2855,64640.5
3udd_ligand,2856,46610
3udd_ligand,2857,60499.7
3udd_ligand,2858,54126.6
3udd_ligand,2859,47913
3udd_ligand,2860,54185.3
3udd_ligand,2861,58357.8
3udd_ligand,2862,81589.4
3udd_ligand,2863,62175.2
3udd_ligand,2864,75306.5
3udd_ligand,2865,71793.2
3udd_ligand,2866,67831.9
3udd_ligand,2867,118059
3udd_ligand,2868,82900.3
3udd_ligand,2869,65202.7
3udd_ligand,2870,99573.9
3udd_ligand,2871,51456.9
3udd_ligand,2872,45684.9
3udd_ligand,2873,66681.7
3udd_ligand,2874,67185.5
3udd_ligand,2875,44482.2
3udd_ligand,2876,52278.8
3udd_ligand,2877,52260.2
3udd_ligand,2878,58043.2
3udd_ligand,2879,75000.9
3udd_ligand,2880,41293.9
3udd_ligand,2881,79359.9
3udd_ligand,2882,64824.7
3udd_ligand,2883,59738.2
3udd_ligand,2884,47482
3udd_ligand,2885,100234
3udd_ligand,2886,45584.9
3udd_ligand,2887,62444.3
3udd_ligand,2888,56485.2
3udd_ligand,2889,86542.2
3udd_ligand,2890,92750.8
3udd_ligand,2891,47014.8
3udd_ligand,2892,47821.5
3udd_ligand,2893,53061.7
3udd_ligand,2894,44411.9
3udd_ligand,2895,55092.8
3udd_ligand,2896,76868.6
3udd_ligand,2897,60066.7
3udd_ligand,2898,78437.1
3udd_ligand,2899,53941.6
3udd_ligand,2900,81058
3udd_ligand,2901,66320.3
3udd_ligand,2902,65560
3udd_ligand,2903,108367
3udd_ligand,2904,86926.8
3udd_ligand,2905,109858
3udd_ligand,2906,94022.2
3udd_ligand,2907,72542.4
3udd_ligand,2908,80917.2
3udd_ligand,2909,51645.1
3udd_ligand,2910,84984.7
3udd_ligand,2911,86253.2
3udd_ligand,2912,90168.4
3udd_ligand,2913,108927
3udd_ligand,2914,90072.5
3udd_ligand,2915,73757.7
3udd_ligand,2916,83278.5
3udd_ligand,2917,55313.6
3udd_ligand,2918,69505.4
3udd_ligand,2919,84216.5
3udd_ligand,2920,85179.2
3udd_ligand,2921,73327.2
3udd_ligand,2922,65188.9
3udd_ligand,2923,75977
3udd_ligand,2924,72309.2
3udd_ligand,2925,68624.6
3udd_ligand,2926,79268
3udd_ligand,2927,98800.1
3udd_ligand,2928,78833
3udd_ligand,2929,79375
3udd_ligand,2930,57287.4
3udd_ligand,2931,59798.5
3udd_ligand,2932,81684.7
3udd_ligand,2933,77414.6
3udd_ligand,2934,82177.6
3udd_ligand,2935,68215.3
3udd_ligand,2936,89572.6
3udd_ligand,2937,100918
3udd_ligand,2938,78978.8
3udd_ligand,2939,67176.4
3udd_ligand,2940,72268.6
3udd_ligand,2941,59021.4
3udd_ligand,2942,73603.2
3udd_ligand,2943,87845.9
3udd_ligand,2944,68795.7
3udd_ligand,2945,69743
3udd_ligand,2946,77828.7
3udd_ligand,2947,78888.3
3udd_ligand,2948,55720.3
3udd_ligand,2949,61030.8
3udd_ligand,2950,76891.6
3udd_ligand,2951,84042.3
3udd_ligand,2952,82660.6
3udd_ligand,2953,72198.2
3udd_ligand,2954,101731
3udd_ligand,2955,93616.8
3udd_ligand,2956,96243.9
3udd_ligand,2957,95327.9
3udd_ligand,2958,52261.5
3udd_ligand,2959,68487.5
3udd_ligand,2960,89259.4
3udd_ligand,2961,80888
3udd_ligand,2962,65338.5
3udd_ligand,2963,93769.7
3udd_ligand,2964,49660.4
3udd_ligand,2965,47568
3udd_ligand,2966,70279.6
3udd_ligand,2967,76764.6
3udd_ligand,2968,61687.9
3udd_ligand,2969,74970.2
3udd_ligand,2970,89943.1
3udd_ligand,2971,47436.5
3udd_ligand,2972,78844.3
3udd_ligand,2973,108153
3udd_ligand,2974,43641.3
3udd_ligand,2975,61678.7
3udd_ligand,2976,94480.7
3udd_ligand,2977,78169.1
3udd_ligand,2978,66441.7
3udd_ligand,2979,67477.6
3udd_ligand,2980,68345.9
3udd_ligand,2981,99549.5
3udd_ligand,2982,92664.7
3udd_ligand,2983,71162.6
3udd_ligand,2984,85193.7
3udd_ligand,2985,83991.9
3udd_ligand,2986,84807.6
3udd_ligand,2987,79596.4
3udd_ligand,2988,104726
3udd_ligand,2989,57303
3udd_ligand,2990,63937.1
3udd_ligand,2991,86929.6
3udd_ligand,2992,86432
3udd_ligand,2993,43812.2
3udd_ligand,2994,53141.4
3udd_ligand,2995,42302.8
3udd_ligand,2996,70917.6
3udd_ligand,2997,121661
3udd_ligand,2998,48095.7
3udd_ligand,2999,58538.5
3udd_ligand,3000,83262.7
3udd_ligand,3001,51908.5
3udd_ligand,3002,62721.7
3udd_ligand,3003,64915.2
3udd_ligand,3004,75103.4
3udd_ligand,3005,63265.1
3udd_ligand,3006,108760
3udd_ligand,3007,111848
3udd_ligand,3008,54257
3udd_ligand,3009,58720.4
3udd_ligand,3010,51635.4
3udd_ligand,3011,81844
3udd_ligand,3012,72247.5
3udd_ligand,3013,73755.4
3udd_ligand,3014,78512.2
3udd_ligand,3015,54510.2
3udd_ligand,3016,88155.7
3udd_ligand,3017,101538
3udd_ligand,3018,90151.2
3udd_ligand,3019,106508
3udd_ligand,3020,89584.7
3udd_ligand,3021,91856.4
3udd_ligand,3022,103445
3udd_ligand,3023,43959.6
3udd_ligand,3024,75853.1
3udd_ligand,3025,77230.8
3udd_ligand,3026,60979.8
3udd_ligand,3027,103937
3udd_ligand,3028,117513
3udd_ligand,3029,52151.2
3udd_ligand,3030,92578
3udd_ligand,3031,67613.5
3udd_ligand,3032,99418.6
3udd_ligand,3033,81059.1
3udd_ligand,3034,68276.7
3udd_ligand,3035,86528.6
3udd_ligand,3036,85387
3udd_ligand,3037,50266.9
3udd_ligand,3038,40822.8
3udd_ligand,3039,80586.6
3udd_ligand,3040,71062.8
3udd_ligand,3041,73896.9
3udd_ligand,3042,46573.5
3udd_ligand,3043,90307.8
3udd_ligand,3044,93440.6
3udd_ligand,3045,82613.7
3udd_ligand,3046,83751.7
3udd_ligand,3047,56046.7
3udd_ligand,3048,79275.4
3udd_ligand,3049,79142.4
3udd_ligand,3050,96563.7
3udd_ligand,3051,69490.3
3udd_ligand,3052,64486.4
3udd_ligand,3053,97263.6
3udd_ligand,3054,56225.9
3udd_ligand,3055,46354.3
3udd_ligand,3056,61150
3udd_ligand,3057,98455.3
3udd_ligand,3058,60200.5
3udd_ligand,3059,50051.7
3udd_ligand,3060,57685.7
3udd_ligand,3061,75360.1
3udd_ligand,3062,46388.5
3udd_ligand,3063,67721.6
3udd_ligand,3064,63526.5
3udd_ligand,3065,93664.9
3udd_ligand,3066,108747
3udd_ligand,3067,67534.9
3udd_ligand,3068,69377.4
3udd_ligand,3069,69504.6
3udd_ligand,3070,67409.5
3udd_ligand,3071,68554.2
3udd_ligand,3072,127715
3udd_ligand,3073,58372.6
3udd_ligand,3074,47399.8
3udd_ligand,3075,59057.2
3udd_ligand,3076,86551.1
3udd_ligand,3077,39593.6
3udd_ligand,3078,75409.4
3udd_ligand,3079,121413
3udd_ligand,3080,45879.1
3udd_ligand,3081,61488.5
3udd_ligand,3082,72180.9
3udd_ligand,3083,82056.2
3udd_ligand,3084,84588.6
3udd_ligand,3085,38554.8
3udd_ligand,3086,50000.5
3udd_ligand,3087,110024
3udd_ligand,3088,60949.2
3udd_ligand,3089,92866.9
3udd_ligand,3090,56203.3
3udd_ligand,3091,83550.8
3udd_ligand,3092,96064.2
3udd_ligand,3093,68604.9
3udd_ligand,3094,90366.5
3udd_ligand,3095,86517.8
3udd_ligand,3096,60456.1
3udd_ligand,3097,65232.7
3udd_ligand,3098,75481.3
3udd_ligand,3099,71290
3udd_ligand,3100,70321.1
3udd_ligand,3101,61381.8
3udd_ligand,3102,66829.2
3udd_ligand,3103,61888
3udd_ligand,3104,92390.1
3udd_ligand,3105,106922
3udd_ligand,3106,84818.6
3udd_ligand,3107,95142.7
3udd_ligand,3108,73907.3
3udd_ligand,3109,57038.6
3udd_ligand,3110,45858.5
3udd_ligand,3111,77440.8
3udd_ligand,3112,110175
3udd_ligand,3113,76311
3udd_ligand,3114,91207.6
3udd_ligand,3115,40545.4
3udd_ligand,3116,50886
3udd_ligand,3117,66701.6
3udd_ligand,3118,49874.9
3udd_ligand,3119,49267.9
3udd_ligand,3120,81854.1
3udd_ligand,3121,103737
3udd_ligand,3122,74734.9
3udd_ligand,3123,87992
3udd_ligand,3124,98301.6
3udd_ligand,3125,55840
3udd_ligand,3126,58441.3
3udd_ligand,3127,63053
3udd_ligand,3128,65764.2
3udd_ligand,3129,68642.7
3udd_ligand,3130,95485
3udd_ligand,3131,98482.7
3udd_ligand,3132,99092
3udd_ligand,3133,75121.2
3udd_ligand,3134,77314.1
3udd_ligand,3135,54858.3
3udd_ligand,3136,84604
3udd_ligand,3137,67720.1
3udd_ligand,3138,54979.2
3udd_ligand,3139,66047.4
3udd_ligand,3140,72837.7
3udd_ligand,3141,77004.2
3udd_ligand,3142,48440.6
3udd_ligand,3143,40628.3
3udd_ligand,3144,50255.8
3udd_ligand,3145,53410.3
3udd_ligand,3146,105712
3udd_ligand,3147,63458.5
3udd_ligand,3148,48069.8
3udd_ligand,3149,68502.7
3udd_ligand,3150,78297.8
3udd_ligand,3151,62639.8
3udd_ligand,3152,104706
3udd_ligand,3153,55142.4
3udd_ligand,3154,96616.5
3udd_ligand,3155,48230.7
3udd_ligand,3156,94791.6
3udd_ligand,3157,86494.8
3udd_ligand,3158,88820.8
3udd_ligand,3159,91492.7
3udd_ligand,3160,47087.9
3udd_ligand,3161,46278.1
3udd_ligand,3162,58138.3
3udd_ligand,3163,95068.5
3udd_ligand,3164,77285.4
3udd_ligand,3165,49910.3
3udd_ligand,3166,49751.1
3udd_ligand,3167,54623.5
3udd_ligand,3168,83210
3udd_ligand,3169,83678.5
3udd_ligand,3170,86660.8
3udd_ligand,3171,85049.7
3udd_ligand,3172,45021.8
3udd_ligand,3173,56388.6
3udd_ligand,3174,75531.4
3udd_ligand,3175,50669.6
3udd_ligand,3176,107186
3udd_ligand,3177,91108.9
3udd_ligand,3178,59262.2
3udd_ligand,3179,67550.4
3udd_ligand,3180,118515
3udd_ligand,3181,121810
3udd_ligand,3182,61747.5
3udd_ligand,3183,79210.5
3udd_ligand,3184,81810.5
3udd_ligand,3185,113824
3udd_ligand,3186,71382.5
3udd_ligand,3187,79805
3udd_ligand,3188,65141.1
3udd_ligand,3189,82467.2
3udd_ligand,3190,103459
3udd_ligand,3191,41695
3udd_ligand,3192,54900.3
3udd_ligand,3193,56552.6
3udd_ligand,3194,64343.8
3udd_ligand,3195,82611
3udd_ligand,3196,50831.9
3udd_ligand,3197,77924.2
3udd_ligand,3198,81160
3udd_ligand,3199,79734.9
3udd_ligand,3200,82179.1
3udd_ligand,3201,51485.3
3udd_ligand,3202,62034.6
3udd_ligand,3203,106535
3udd_ligand,3204,79147.6
3udd_ligand,3205,79640.6
3udd_ligand,3206,64832
3udd_ligand,3207,85643.8
3udd_ligand,3208,117110
3udd_ligand,3209,61150.7
3udd_ligand,3210,99394.2
3udd_ligand,3211,89627.7
3udd_ligand,3212,77745.8
3udd_ligand,3213,65251
3udd_ligand,3214,88185
3udd_ligand,3215,67110.1
3udd_ligand,3216,79832.8
3udd_ligand,3217,54711
3udd_ligand,3218,72285.5
3udd_ligand,3219,74734.2
3udd_ligand,3220,88890.8
3udd_ligand,3221,52837.6
3udd_ligand,3222,95033.4
3udd_ligand,3223,71099.5
3udd_ligand,3224,50115.7
3udd_ligand,3225,52952.8
3udd_ligand,3226,104062
3udd_ligand,3227,59917.4
3udd_ligand,3228,127170
3udd_ligand,3229,83675.6
3udd_ligand,3230,83827.9
3udd_ligand,3231,92447.4
3udd_ligand,3232,121948
3udd_ligand,3233,122049
3udd_ligand,3234,116413
3udd_ligand,3235,79201.9
3udd_ligand,3236,69000.1
3udd_ligand,3237,45788.6
3udd_ligand,3238,60221.6
3udd_ligand,3239,56352
3udd_ligand,3240,61626.8
3udd_ligand,3241,39036
3udd_ligand,3242,58644.1
3udd_ligand,3243,90416
3udd_ligand,3244,69897.6
3udd_ligand,3245,76777
3udd_ligand,3246,51082.4
3udd_ligand,3247,67288
3udd_ligand,3248,75586.1
3udd_ligand,3249,85641.5
3udd_ligand,3250,72384.4
3udd_ligand,3251,48035.1
3udd_ligand,3252,49665.5
3udd_ligand,3253,70817.8
3udd_ligand,3254,72901.2
3udd_ligand,3255,90182.4
3udd_ligand,3256,92661.4
3udd_ligand,3257,79420
3udd_ligand,3258,63805.9
3udd_ligand,3259,57498
3udd_ligand,3260,77961.5
3udd_ligand,3261,76663.9
3udd_ligand,3262,109824
3udd_ligand,3263,75680
3udd_ligand,3264,74508.4
3udd_ligand,3265,55471
3udd_ligand,3266,63247.5
3udd_ligand,3267,81417.9
3udd_ligand,3268,82130.7
3udd_ligand,3269,107611
3udd_ligand,3270,86326.7
3udd_ligand,3271,62430.9
3udd_ligand,3272,94323.6
3udd_ligand,3273,50837.4
3udd_ligand,3274,44493.3
3udd_ligand,3275,44095
3udd_ligand,3276,45444
3udd_ligand,3277,52051.7
3udd_ligand,3278,77461.4
3udd_ligand,3279,42896.9
3udd_ligand,3280,100929
3udd_ligand,3281,61884.6
3udd_ligand,3282,101010
3udd_ligand,3283,44302.1
3udd_ligand,3284,51456.3
3udd_ligand,3285,79961.8
3udd_ligand,3286,59043.9
3udd_ligand,3287,49568.9
3udd_ligand,3288,65044.4
3udd_ligand,3289,100454
3udd_ligand,3290,78195.1
3udd_ligand,3291,96574
3udd_ligand,3292,70093.7
3udd_ligand,3293,94035.1
3udd_ligand,3294,41779.3
3udd_ligand,3295,50849.4
3udd_ligand,3296,60092.3
3udd_ligand,3297,59692.6
3udd_ligand,3298,60996.1
3udd_ligand,3299,100766
3udd_ligand,3300,65017.4
3udd_ligand,3301,69887.2
3udd_ligand,3302,119583
3udd_ligand,3303,99508.1
3udd_ligand,3304,59934.9
3udd_ligand,3305,89354.3
3udd_ligand,3306,38304.3
3udd_ligand,3307,46197.3
3udd_ligand,3308,90115.9
3udd_ligand,3309,82235.8
3udd_ligand,3310,94903.6
3udd_ligand,3311,96306.8
3udd_ligand,3312,78932.8
3udd_ligand,3313,100974
3udd_ligand,3314,100322
3udd_ligand,3315,41769.1
3udd_ligand,3316,52793.2
3udd_ligand,3317,51341.4
3udd_ligand,3318,80913.1
3udd_ligand,3319,71761.2
3udd_ligand,3320,62885.4
3udd_ligand,3321,77263.1
3udd_ligand,3322,84370.9
3udd_ligand,3323,84224.7
3udd_ligand,3324,51309.1
3udd_ligand,3325,47923.6
3udd_ligand,3326,83883.3
3udd_ligand,3327,117318
3udd_ligand,3328,56261.8
3udd_ligand,3329,50094.4
3udd_ligand,3330,108380
3udd_ligand,3331,68621.1
3udd_ligand,3332,57296.7
3udd_ligand,3333,92094.6
3udd_ligand,3334,76059.9
3udd_ligand,3335,77707.8
3udd_ligand,3336,82162.1
3udd_ligand,3337,68365.8
3udd_ligand,3338,67281.5
3udd_ligand,3339,96055.9
3udd_ligand,3340,84532.4
3udd_ligand,3341,76770.1
3udd_ligand,3342,97868
3udd_ligand,3343,63669.7
3udd_ligand,3344,51857
3udd_ligand,3345,44149.7
3udd_ligand,3346,42020.5
3udd_ligand,3347,48005.2
3udd_ligand,3348,75622.1
3udd_ligand,3349,92268.9
3udd_ligand,3350,98724.8
3udd_ligand,3351,50043
3udd_ligand,3352,75037.3
3udd_ligand,3353,51744.4
3udd_ligand,3354,45676
3udd_ligand,3355,56790.6
3udd_ligand,3356,74771
3udd_ligand,3357,59356.8
3udd_ligand,3358,52138.4
3udd_ligand,3359,61347.8
3udd_ligand,3360,54434.2
3udd_ligand,3361,67099.1
3udd_ligand,3362,80647.2
3udd_ligand,3363,92746.2
3udd_ligand,3364,66786.3
3udd_ligand,3365,56059.4
3udd_ligand,3366,90570.6
3udd_ligand,3367,85603.8
3udd_ligand,3368,107373
3udd_ligand,3369,100917
3udd_ligand,3370,51784
3udd_ligand,3371,90110.3
3udd_ligand,3372,47210.2
3udd_ligand,3373,45079.7
3udd_ligand,3374,82528.3
3udd_ligand,3375,61474.4
3udd_ligand,3376,93185.2
3udd_ligand,3377,52169.6
3udd_ligand,3378,70307.6
3udd_ligand,3379,87278.5
3udd_ligand,3380,59932.5
3udd_ligand,3381,74410.3
3udd_ligand,3382,85497.1
3udd_ligand,3383,51716.2
3udd_ligand,3384,52169.8
3udd_ligand,3385,50819.7
3udd_ligand,3386,73088.8
3udd_ligand,3387,51846.7
3udd_ligand,3388,92003.1
3udd_ligand,3389,42848.7
3udd_ligand,3390,83081.9
3udd_ligand,3391,51327.4
3udd_ligand,3392,102963
3udd_ligand,3393,47345.4
3udd_ligand,3394,96079.3
3udd_ligand,3395,42112.2
3udd_ligand,3396,73640.9
3udd_ligand,3397,108315
3udd_ligand,3398,74400
3udd_ligand,3399,62139.2
3udd_ligand,3400,86924.4
3udd_ligand,3401,75065.3
3udd_ligand,3402,59507.3
3udd_ligand,3403,125891
3udd_ligand,3404,51664.8
3udd_ligand,3405,66208.4
3udd_ligand,3406,54632.1
3udd_ligand,3407,52113.4
3udd_ligand,3408,79644.6
3udd_ligand,3409,56429.3
3udd_ligand,3410,131393
3udd_ligand,3411,53807.8
3udd_ligand,3412,56095.7
3udd_ligand,3413,47479.8
3udd_ligand,3414,63871.6
3udd_ligand,3415,51974.2
3udd_ligand,3416,106922
3udd_ligand,3417,84634.9
3udd_ligand,3418,97793.6
3udd_ligand,3419,86411
3udd_ligand,3420,45148.3
3udd_ligand,3421,64836.7
3udd_ligand,3422,82957.7
3udd_ligand,3423,73349
3udd_ligand,3424,62828.9
3udd_ligand,3425,66799.5
3udd_ligand,3426,74714.5
3udd_ligand,3427,125130
3udd_ligand,3428,48449
3udd_ligand,3429,55979.3
3udd_ligand,3430,50537.5
3udd_ligand,3431,44347.9
3udd_ligand,3432,56907.6
3udd_ligand,3433,79733.5
3udd_ligand,3434,56895.9
3udd_ligand,3435,79440.4
3udd_ligand,3436,99621.6
3udd_ligand,3437,91842
3udd_ligand,3438,99088.4
3udd_ligand,3439,67060.7
3udd_ligand,3440,102884
3udd_ligand,3441,86636.6
3udd_ligand,3442,69820.4
3udd_ligand,3443,75680.3
3udd_ligand,3444,90875.5
3udd_ligand,3445,76064.6
3udd_ligand,3446,77045.1
3udd_ligand,3447,71205.8
3udd_ligand,3448,112849
3udd_ligand,3449,61356.5
3udd_ligand,3450,49808.4
3udd_ligand,3451,57655.2
3udd_ligand,3452,57267.2
3udd_ligand,3453,69530.5
3udd_ligand,3454,91131.3
3udd_ligand,3455,67935.6
3udd_ligand,3456,72793.9
3udd_ligand,3457,70390.7
3udd_ligand,3458,87739.4
3udd_ligand,3459,77214.3
3udd_ligand,3460,57652.6
3udd_ligand,3461,46073.3
3udd_ligand,3462,52379.5
3udd_ligand,3463,102357
3udd_ligand,3464,107025
3udd_ligand,3465,89321.7
3udd_ligand,3466,71772.6
3udd_ligand,3467,93782.5
3udd_ligand,3468,91388.9
3udd_ligand,3469,86631.7
3udd_ligand,3470,65299.4
3udd_ligand,3471,91345.8
3udd_ligand,3472,91093.9
3udd_ligand,3473,77890.7
3udd_ligand,3474,55155.4
3udd_ligand,3475,72195
3udd_ligand,3476,52466.3
3udd_ligand,3477,62996.4
3udd_ligand,3478,96003.7
3udd_ligand,3479,95916.1
3udd_ligand,3480,74040.2
3udd_ligand,3481,93988.3
3udd_ligand,3482,110673
3udd_ligand,3483,61480.5
3udd_ligand,3484,57104.1
3udd_ligand,3485,78150.4
3udd_ligand,3486,92663.4
3udd_ligand,3487,72001.3
3udd_ligand,3488,49713.8
3udd_ligand,3489,74708.5
3udd_ligand,3490,64865.8
3udd_ligand,3491,62679.6
3udd_ligand,3492,70024.6
3udd_ligand,3493,68197.3
3udd_ligand,3494,71985.8
3udd_ligand,3495,69138.3
3udd_ligand,3496,82312.2
3udd_ligand,3497,62127.8
3udd_ligand,3498,66386.9
3udd_ligand,3499,84918.5
3udd_ligand,3500,82127
3udd_ligand,3501,92520.2
3udd_ligand,3502,103684
3udd_ligand,3503,77115.8
3udd_ligand,3504,73128.1
3udd_ligand,3505,98053.1
3udd_ligand,3506,57204.9
3udd_ligand,3507,46170.2
3udd_ligand,3508,90101.8
3udd_ligand,3509,50833.5
3udd_ligand,3510,83691.1
3udd_ligand,3511,93505.7
3udd_ligand,3512,72362.5
3udd_ligand,3513,57919
3udd_ligand,3514,89844.3
3udd_ligand,3515,87195.5
3udd_ligand,3516,94021.7
3udd_ligand,3517,105645
3udd_ligand,3518,59378.9
3udd_ligand,3519,50057.9
3udd_ligand,3520,48155.1
3udd_ligand,3521,48559.5
3udd_ligand,3522,51623.9
3udd_ligand,3523,71164.8
3udd_ligand,3524,109297
3udd_ligand,3525,55175.8
3udd_ligand,3526,49294.6
3udd_ligand,3527,57188.8
3udd_ligand,3528,66112.1
3udd_ligand,3529,72125.1
3udd_ligand,3530,65785.7
3udd_ligand,3531,88058.6
3udd_ligand,3532,101356
3udd_ligand,3533,52895.1
3udd_ligand,3534,59848.8
3udd_ligand,3535,55999.8
3udd_ligand,3536,71396.1
3udd_ligand,3537,71920.8
3udd_ligand,3538,83505.3
3udd_ligand,3539,45879.5
3udd_ligand,3540,74578.1
3udd_ligand,3541,53928.8
3udd_ligand,3542,111940
3udd_ligand,3543,67400.5
3udd_ligand,3544,68500.5
3udd_ligand,3545,55247.2
3udd_ligand,3546,77038.5
3udd_ligand,3547,72945.4
3udd_ligand,3548,71924
3udd_ligand,3549,87728
3udd_ligand,3550,50576.5
3udd_ligand,3551,43367.5
3udd_ligand,3552,53152.7
3udd_ligand,3553,88859.6
3udd_ligand,3554,119939
3udd_ligand,3555,80345.1
3udd_ligand,3556,82120.2
3udd_ligand,3557,100673
3udd_ligand,3558,50491.6
3udd_ligand,3559,50841.7
3udd_ligand,3560,43956.3
3udd_ligand,3561,47574.5
3udd_ligand,3562,54190.8
3udd_ligand,3563,46313.1
3udd_ligand,3564,77881.6
3udd_ligand,3565,65335.6
3udd_ligand,3566,101520
3udd_ligand,3567,57614.8
3udd_ligand,3568,73629.2
3udd_ligand,3569,56200.3
3udd_ligand,3570,110064
3udd_ligand,3571,47931.9
3udd_ligand,3572,48798.2
3udd_ligand,3573,65941.8
3udd_ligand,3574,80600.1
3udd_ligand,3575,56226
3udd_ligand,3576,76555.2
3udd_ligand,3577,96686.6
3udd_ligand,3578,77004.5
3udd_ligand,3579,80381.9
3udd_ligand,3580,92402.4
3udd_ligand,3581,61340.1
3udd_ligand,3582,55170.2
3udd_ligand,3583,73210.4
3udd_ligand,3584,120170
3udd_ligand,3585,54111.3
3udd_ligand,3586,57038.4
3udd_ligand,3587,54125
3udd_ligand,3588,112699
3udd_ligand,3589,100411
3udd_ligand,3590,50929.7
3udd_ligand,3591,45821.7
3udd_ligand,3592,70596.3
3udd_ligand,3593,70789.8
3udd_ligand,3594,41520.8
3udd_ligand,3595,55475.9
3udd_ligand,3596,77306.4
3udd_ligand,3597,53234.2
3udd_ligand,3598,83377.5
3udd_ligand,3599,92988.3
3udd_ligand,3600,82462.8
3udd_ligand,3601,90518.4
3udd_ligand,3602,76047
3udd_ligand,3603,49804.3
3udd_ligand,3604,82545.8
3udd_ligand,3605,57180.1
3udd_ligand,3606,83110.6
3udd_ligand,3607,75800.1
3udd_ligand,3608,68531
3udd_ligand,3609,82772
3udd_ligand,3610,103064
3udd_ligand,3611,44960.6
3udd_ligand,3612,54684.1
3udd_ligand,3613,60772
3udd_ligand,3614,56575.3
3udd_ligand,3615,53349.7
3udd_ligand,3616,91894.2
3udd_ligand,3617,40071.7
3udd_ligand,3618,51759.7
3udd_ligand,3619,69477.2
3udd_ligand,3620,98466.2
3udd_ligand,3621,84920.7
3udd_ligand,3622,66055.6
3udd_ligand,3623,44171.5
3udd_ligand,3624,42521.1
3udd_ligand,3625,49928.2
3udd_ligand,3626,77339.3
3udd_ligand,3627,53774.1
3udd_ligand,3628,43973.7
3udd_ligand,3629,52898.2
3udd_ligand,3630,75890.5
3udd_ligand,3631,50168.6
3udd_ligand,3632,90646.6
3udd_ligand,3633,81231.4
3udd_ligand,3634,78599
3udd_ligand,3635,56327
3udd_ligand,3636,84835.8
3udd_ligand,3637,74821.1
3udd_ligand,3638,66565.8
3udd_ligand,3639,121885
3udd_ligand,3640,51498.8
3udd_ligand,3641,56324.4
3udd_ligand,3642,52027.3
3udd_ligand,3643,63629.3
3udd_ligand,3644,77161
3udd_ligand,3645,61110.6
3udd_ligand,3646,83735.1
3udd_ligand,3647,85756.5
3udd_ligand,3648,55473.9
3udd_ligand,3649,45725.5
3udd_ligand,3650,60693.2
3udd_ligand,3651,77165.5
3udd_ligand,3652,48044.7
3udd_ligand,3653,46064.1
3udd_ligand,3654,98575.9
3udd_ligand,3655,67129.7
3udd_ligand,3656,68266.8
3udd_ligand,3657,103912
3udd_ligand,3658,63013.8
3udd_ligand,3659,74409.9
3udd_ligand,3660,123029
3udd_ligand,3661,53733.7
3udd_ligand,3662,46697.6
3udd_ligand,3663,82672.9
3udd_ligand,3664,80374.1
3udd_ligand,3665,65434.3
3udd_ligand,3666,52935.9
3udd_ligand,3667,59721.6
3udd_ligand,3668,48008.8
3udd_ligand,3669,51184.5
3udd_ligand,3670,71626.9
3udd_ligand,3671,72578.5
3udd_ligand,3672,64370.1
3udd_ligand,3673,80295.2
3udd_ligand,3674,82139.1
3udd_ligand,3675,69770.3
3udd_ligand,3676,56426
3udd_ligand,3677,105266
3udd_ligand,3678,63151.4
3udd_ligand,3679,58019.7
3udd_ligand,3680,108916
3udd_ligand,3681,72663.5
3udd_ligand,3682,53597.4
3udd_ligand,3683,75345.1
3udd_ligand,3684,63953.7
3udd_ligand,3685,113586
3udd_ligand,3686,49813.2
3udd_ligand,3687,57257.2
3udd_ligand,3688,70212.7
3udd_ligand,3689,86157.7
3udd_ligand,3690,76808.6
3udd_ligand,3691,86361
3udd_ligand,3692,66123.5
3udd_ligand,3693,90961.5
3udd_ligand,3694,56356.8
3udd_ligand,3695,106940
3udd_ligand,3696,51221.2
3udd_ligand,3697,44061.9
3udd_ligand,3698,76427.4
3udd_ligand,3699,74899.5
3udd_ligand,3700,77052
3udd_ligand,3701,76840.8
3udd_ligand,3702,83615.2
3udd_ligand,3703,47770.5
3udd_ligand,3704,44922.1
3udd_ligand,3705,80489.6
3udd_ligand,3706,52113.7
3udd_ligand,3707,44184.9
3udd_ligand,3708,48403.9
3udd_ligand,3709,81403.3
3udd_ligand,3710,93672.1
3udd_ligand,3711,74928.6
3udd_ligand,3712,84988.2
3udd_ligand,3713,85285.4
3udd_ligand,3714,56573.4
3udd_ligand,3715,95363.5
3udd_ligand,3716,45698
3udd_ligand,3717,56080.7
3udd_ligand,3718,81301
3udd_ligand,3719,67036.5
3udd_ligand,3720,62972.7
3udd_ligand,3721,64982.4
3udd_ligand,3722,67871.6
3udd_ligand,3723,75511.9
3udd_ligand,3724,48187.9
3udd_ligand,3725,41435.4
3udd_ligand,3726,78579.8
3udd_ligand,3727,65800
3udd_ligand,3728,46709.4
3udd_ligand,3729,78621.9
3udd_ligand,3730,72977.2
3udd_ligand,3731,96733.2
3udd_ligand,3732,40272.9
3udd_ligand,3733,58919.5
3udd_ligand,3734,74965.2
3udd_ligand,3735,55640.9
3udd_ligand,3736,46477.8
3udd_ligand,3737,65517.9
3udd_ligand,3738,66450.4
3udd_ligand,3739,75608
3udd_ligand,3740,62568.9
3udd_ligand,3741,105560
3udd_ligand,3742,96226
3udd_ligand,3743,59984.8
3udd_ligand,3744,58918.2
3udd_ligand,3745,61867.3
3udd_ligand,3746,70245.9
3udd_ligand,3747,60830.5
3udd_ligand,3748,104491
3udd_ligand,3749,83951.2
3udd_ligand,3750,46155.3
3udd_ligand,3751,78557.7
3udd_ligand,3752,51899.8
3udd_ligand,3753,99916.6
3udd_ligand,3754,60516.5
3udd_ligand,3755,95550.4
3udd_ligand,3756,44933.2
3udd_ligand,3757,77602.8
3udd_ligand,3758,84546.4
3udd_ligand,3759,72456.1
3udd_ligand,3760,73125
3udd_ligand,3761,97943.8
3udd_ligand,3762,51235.9
3udd_ligand,3763,64812.2
3udd_ligand,3764,66213.2
3udd_ligand,3765,64450.5
3udd_ligand,3766,66477.1
3udd_ligand,3767,54967.2
3udd_ligand,3768,93619.3
3udd_ligand,3769,63630.4
3udd_ligand,3770,62195.3
3udd_ligand,3771,80849.4
3udd_ligand,3772,83522.6
3udd_ligand,3773,108401
3udd_ligand,3774,89074.1
3udd_ligand,3775,68679.3
3udd_ligand,3776,87178.5
3udd_ligand,3777,64051
3udd_ligand,3778,68127
3udd_ligand,3779,71536.9
3udd_ligand,3780,51662.9
3udd_ligand,3781,44980.6
3udd_ligand,3782,57659.1
3udd_ligand,3783,88238.5
3udd_ligand,3784,62675.5
3udd_ligand,3785,57351.3
3udd_ligand,3786,68713.2
3udd_ligand,3787,129017
3udd_ligand,3788,54977.2
3udd_ligand,3789,59060.8
3udd_ligand,3790,99689
3udd_ligand,3791,77450.6
3udd_ligand,3792,92913.5
3udd_ligand,3793,115718
3udd_ligand,3794,91390.3
3udd_ligand,3795,65875.8
3udd_ligand,3796,55277.8
3udd_ligand,3797,86315.9
3udd_ligand,3798,49806.1
3udd_ligand,3799,93281.9
3udd_ligand,3800,60144.9
3udd_ligand,3801,84322.1
3udd_ligand,3802,42578.1
3udd_ligand,3803,56010.8
3udd_ligand,3804,63844.3
3udd_ligand,3805,116918
3udd_ligand,3806,73453.2
3udd_ligand,3807,101622
3udd_ligand,3808,77198.8
3udd_ligand,3809,70876.8
3udd_ligand,3810,82868.2
3udd_ligand,3811,78976.9
3udd_ligand,3812,105954
3udd_ligand,3813,95713.6
3udd_ligand,3814,65206.8
3udd_ligand,3815,90223.6
3udd_ligand,3816,88799.6
3udd_ligand,3817,97695.5
3udd_ligand,3818,94458.6
3udd_ligand,3819,67925.1
3udd_ligand,3820,126100
3udd_ligand,3821,48442.6
3udd_ligand,3822,49125
3udd_ligand,3823,57970.7
3udd_ligand,3824,53652.1
3udd_ligand,3825,94550.3
3udd_ligand,3826,90551.7
3udd_ligand,3827,49405.8
3udd_ligand,3828,42468.3
3udd_ligand,3829,56588.4
3udd_ligand,3830,92365.8
3udd_ligand,3831,106018
3udd_ligand,3832,78982.6
3udd_ligand,3833,75015.4
3udd_ligand,3834,96538.7
3udd_ligand,3835,101908
3udd_ligand,3836,86127.2
3udd_ligand,3837,64748.4
3udd_ligand,3838,116665
3udd_ligand,3839,77051.6
3udd_ligand,3840,61248.7
3udd_ligand,3841,79199.3
3udd_ligand,3842,67865.4
3udd_ligand,3843,112383
3udd_ligand,3844,47990.9
3udd_ligand,3845,53038.9
3udd_ligand,3846,49309.4
3udd_ligand,3847,61704.3
3udd_ligand,3848,56824.2
3udd_ligand,3849,80383.8
3udd_ligand,3850,71746.5
3udd_ligand,3851,77724.9
3udd_ligand,3852,66891.7
3udd_ligand,3853,76853.3
3udd_ligand,3854,75299.3
3udd_ligand,3855,49873.4
3udd_ligand,3856,54024.8
3udd_ligand,3857,49850.4
3udd_ligand,3858,42124.3
3udd_ligand,3859,69282.9
3udd_ligand,3860,103460
3udd_ligand,3861,71191.5
3udd_ligand,3862,80021.8
3udd_ligand,3863,67391.6
3udd_ligand,3864,122969
3udd_ligand,3865,48294.9
3udd_ligand,3866,53820.9
3udd_ligand,3867,52228.1
3udd_ligand,3868,63367.7
3udd_ligand,3869,90329.3
3udd_ligand,3870,52619.5
3udd_ligand,3871,87321.6
3udd_ligand,3872,109675
3udd_ligand,3873,77645.7
3udd_ligand,3874,76348.1
3udd_ligand,3875,84991.5
3udd_ligand,3876,64543.2
3udd_ligand,3877,55117.1
3udd_ligand,3878,62718.2
3udd_ligand,3879,69163.4
3udd_ligand,3880,70984.4
3udd_ligand,3881,64099.1
3udd_ligand,3882,73219
3udd_ligand,3883,106680
3udd_ligand,3884,59426.2
3udd_ligand,3885,46064.9
3udd_ligand,3886,82544.2
3udd_ligand,3887,100256
3udd_ligand,3888,52865.8
3udd_ligand,3889,64483.5
3udd_ligand,3890,60503
3udd_ligand,3891,69288.6
3udd_ligand,3892,65093.2
3udd_ligand,3893,77799.4
3udd_ligand,3894,87478.7
3udd_ligand,3895,80440
3udd_ligand,3896,108077
3udd_ligand,3897,69644.8
3udd_ligand,3898,61701.5
3udd_ligand,3899,73243.6
3udd_ligand,3900,81643.7
3udd_ligand,3901,87142.2
3udd_ligand,3902,76988.9
3udd_ligand,3903,77213.1
3udd_ligand,3904,60636.3
3udd_ligand,3905,56077.6
3udd_ligand,3906,76222.9
3udd_ligand,3907,53263.3
3udd_ligand,3908,56907.1
3udd_ligand,3909,88672.7
3udd_ligand,3910,75624.8
3udd_ligand,3911,81919.7
3udd_ligand,3912,84798.9
3udd_ligand,3913,97831.4
3udd_ligand,3914,87711.4
3udd_ligand,3915,89115.3
3udd_ligand,3916,80799.4
3udd_ligand,3917,58774.3
3udd_ligand,3918,71492
3udd_ligand,3919,65637.9
3udd_ligand,3920,84617.8
3udd_ligand,3921,81919.8
3udd_ligand,3922,93116.9
3udd_ligand,3923,70760.1
3udd_ligand,3924,97319.2
3udd_ligand,3925,53823.3
3udd_ligand,3926,68512
3udd_ligand,3927,82531.2
3udd_ligand,3928,78935.5
3udd_ligand,3929,78483.7
3udd_ligand,3930,82559.1
3udd_ligand,3931,52097.1
3udd_ligand,3932,71038.3
3udd_ligand,3933,91762.2
3udd_ligand,3934,120014
3udd_ligand,3935,49088
3udd_ligand,3936,46082.4
3udd_ligand,3937,68062.8
3udd_ligand,3938,84874.9
3udd_ligand,3939,64371.7
3udd_ligand,3940,79750.2
3udd_ligand,3941,91889.5
3udd_ligand,3942,68343.6
3udd_ligand,3943,68909.9
3udd_ligand,3944,113186
3udd_ligand,3945,45075.7
3udd_ligand,3946,55383.5
3udd_ligand,3947,54191.7
3udd_ligand,3948,59033.3
3udd_ligand,3949,87558.1
3udd_ligand,3950,89300
3udd_ligand,3951,81873.5
3udd_ligand,3952,91719.3
3udd_ligand,3953,51782
3udd_ligand,3954,66089.8
3udd_ligand,3955,110954
3udd_ligand,3956,49757.8
3udd_ligand,3957,43416.2
3udd_ligand,3958,47710.1
3udd_ligand,3959,81637.9
3udd_ligand,3960,56838.8
3udd_ligand,3961,51981.8
3udd_ligand,3962,82408
3udd_ligand,3963,119918
3udd_ligand,3964,43206.7
3udd_ligand,3965,55576.6
3udd_ligand,3966,77199.3
3udd_ligand,3967,54870.9
3udd_ligand,3968,90383.3
3udd_ligand,3969,48753.1
3udd_ligand,3970,77390.2
3udd_ligand,3971,63044.9
3udd_ligand,3972,85394.6
3udd_ligand,3973,86556
3udd_ligand,3974,66398.1
3udd_ligand,3975,55180.4
3udd_ligand,3976,75156
3udd_ligand,3977,96465.9
3udd_ligand,3978,92827.4
3udd_ligand,3979,74939.7
3udd_ligand,3980,88781.8
3udd_ligand,3981,94622.7
3udd_ligand,3982,79838.3
3udd_ligand,3983,86862.9
3udd_ligand,3984,130233
3udd_ligand,3985,46580.8
3udd_ligand,3986,52287.3
3udd_ligand,3987,55089.8
3udd_ligand,3988,59077
3udd_ligand,3989,92136.5
3udd_ligand,3990,83973.4
3udd_ligand,3991,75811.9
3udd_ligand,3992,87937
3udd_ligand,3993,53689.6
3udd_ligand,3994,51274
3udd_ligand,3995,82223
3udd_ligand,3996,46349.4
3udd_ligand,3997,43526.8
3udd_ligand,3998,58040.4
3udd_ligand,3999,67298.1
3udd_ligand,4000,76174.5
3udd_ligand,4001,54242.5
3udd_ligand,4002,85934.1
3udd_ligand,4003,78849.5
3udd_ligand,4004,40724.4
3udd_ligand,4005,65176.7
3udd_ligand,4006,75234.8
3udd_ligand,4007,64218.5
3udd_ligand,4008,53481.3
3udd_ligand,4009,76294.7
3udd_ligand,4010,48558.1
3udd_ligand,4011,49759.4
3udd_ligand,4012,76242
3udd_ligand,4013,69326
3udd_ligand,4014,61191.6
3udd_ligand,4015,80684.9
3udd_ligand,4016,103981
3udd_ligand,4017,84060.3
3udd_ligand,4018,63845.2
3udd_ligand,4019,74598.3
3udd_ligand,4020,47555.7
3udd_ligand,4021,71450.1
3udd_ligand,4022,86528.6
3udd_ligand,4023,90068.2
3udd_ligand,4024,70909.3
3udd_ligand,4025,48267.2
3udd_ligand,4026,49160
3udd_ligand,4027,50559.3
3udd_ligand,4028,51070.6
3udd_ligand,4029,79456.8
3udd_ligand,4030,79231.3
3udd_ligand,4031,58200.6
3udd_ligand,4032,58221.9
3udd_ligand,4033,91922.8
3udd_ligand,4034,46594.3
3udd_ligand,4035,42766.5
3udd_ligand,4036,48073.1
3udd_ligand,4037,54844.5
3udd_ligand,4038,79786.2
3udd_ligand,4039,67333.5
3udd_ligand,4040,81910.8
3udd_ligand,4041,65561.1
3udd_ligand,4042,71639.5
3udd_ligand,4043,74568.5
3udd_ligand,4044,58061.6
3udd_ligand,4045,55973.5
3udd_ligand,4046,83780.2
3udd_ligand,4047,60686.9
3udd_ligand,4048,79343.5
3udd_ligand,4049,61413.9
3udd_ligand,4050,47281.9
3udd_ligand,4051,83624.2
3udd_ligand,4052,45052.1
3udd_ligand,4053,54301.7
3udd_ligand,4054,72765.8
3udd_ligand,4055,79374.3
3udd_ligand,4056,55199.1
3udd_ligand,4057,69380.9
3udd_ligand,4058,92716.6
3udd_ligand,4059,95916.6
3udd_ligand,4060,88311
3udd_ligand,4061,58474.3
3udd_ligand,4062,62661.8
3udd_ligand,4063,55535
3udd_ligand,4064,50636.6
3udd_ligand,4065,71716.8
3udd_ligand,4066,101474
3udd_ligand,4067,76270
3udd_ligand,4068,79169.6
3udd_ligand,4069,42866.9
3udd_ligand,4070,74972.9
3udd_ligand,4071,40793.3
3udd_ligand,4072,70744.1
3udd_ligand,4073,44910.9
3udd_ligand,4074,54066.9
3udd_ligand,4075,75740.2
3udd_ligand,4076,63228.7
3udd_ligand,4077,102772
3udd_ligand,4078,85020.8
3udd_ligand,4079,68543.8
3udd_ligand,4080,86934.9
3udd_ligand,4081,84089.7
3udd_ligand,4082,50680.5
3udd_ligand,4083,47023.9
3udd_ligand,4084,73423.6
3udd_ligand,4085,50069.1
3udd_ligand,4086,98532.2
3udd_ligand,4087,53288.6
3udd_ligand,4088,45946.6
3udd_ligand,4089,67474.9
3udd_ligand,4090,68253.3
3udd_ligand,4091,52837.1
3udd_ligand,4092,59560.4
3udd_ligand,4093,82624.5
3udd_ligand,4094,46219.8
3udd_ligand,4095,56433.4
3udd_ligand,4096,87077.1
3udd_ligand,4097,94447.7
3udd_ligand,4098,48136.2
3udd_ligand,4099,43047
3udd_ligand,4100,43384.4
3udd_ligand,4101,51141.5
3udd_ligand,4102,80430.3
3udd_ligand,4103,81373.1
3udd_ligand,4104,71531.9
3udd_ligand,4105,100327
3udd_ligand,4106,74019.4
3udd_ligand,4107,64073.4
3udd_ligand,4108,76414.3
3udd_ligand,4109,71728.3
3udd_ligand,4110,64895.5
3udd_ligand,4111,74831.7
3udd_ligand,4112,97969.4
3udd_ligand,4113,67872.7
3udd_ligand,4114,133749
3udd_ligand,4115,82980.2
3udd_ligand,4116,88575.2
3udd_ligand,4117,88717.4
3udd_ligand,4118,50729.5
3udd_ligand,4119,56945.7
3udd_ligand,4120,58637.8
3udd_ligand,4121,46352.6
3udd_ligand,4122,58372.4
3udd_ligand,4123,63969.2
3udd_ligand,4124,93214
3udd_ligand,4125,95731.5
3udd_ligand,4126,68223.5
3udd_ligand,4127,86029.3
3udd_ligand,4128,88527.6
3udd_ligand,4129,55654.2
3udd_ligand,4130,78354.2
3udd_ligand,4131,77367.8
3udd_ligand,4132,72368
3udd_ligand,4133,72680.8
3udd_ligand,4134,67270.5
3udd_ligand,4135,69620.2
3udd_ligand,4136,57950.7
3udd_ligand,4137,80376.3
3udd_ligand,4138,98525.2
3udd_ligand,4139,92856.7
3udd_ligand,4140,63269.8
3udd_ligand,4141,110463
3udd_ligand,4142,52429
3udd_ligand,4143,41014.6
3udd_ligand,4144,57676.2
3udd_ligand,4145,71753
3udd_ligand,4146,81099.9
3udd_ligand,4147,84651.8
3udd_ligand,4148,55978
3udd_ligand,4149,72201.8
3udd_ligand,4150,98946.4
3udd_ligand,4151,47350.5
3udd_ligand,4152,48122.3
3udd_ligand,4153,72615
3udd_ligand,4154,43487.8
3udd_ligand,4155,64684.4
3udd_ligand,4156,81481.9
3udd_ligand,4157,120456
3udd_ligand,4158,89428.1
3udd_ligand,4159,67984.1
3udd_ligand,4160,89143
3udd_ligand,4161,97355.8
3udd_ligand,4162,76649.2
3udd_ligand,4163,73679.6
3udd_ligand,4164,121819
3udd_ligand,4165,55662.6
3udd_ligand,4166,58478.4
3udd_ligand,4167,78640
3udd_ligand,4168,62874.5
3udd_ligand,4169,63547.8
3udd_ligand,4170,74979.1
3udd_ligand,4171,72467.1
3udd_ligand,4172,69808.9
3udd_ligand,4173,100819
3udd_ligand,4174,92400
3udd_ligand,4175,79683.1
3udd_ligand,4176,84355.9
3udd_ligand,4177,50731
3udd_ligand,4178,49321.9
3udd_ligand,4179,82095.9
3udd_ligand,4180,48146.2
3udd_ligand,4181,75895
3udd_ligand,4182,65762.6
3udd_ligand,4183,86204.6
3udd_ligand,4184,84218.8
3udd_ligand,4185,107873
3udd_ligand,4186,68674
3udd_ligand,4187,91354.9
3udd_ligand,4188,81451.6
3udd_ligand,4189,57329.9
3udd_ligand,4190,52424.6
3udd_ligand,4191,49371.9
3udd_ligand,4192,52727.8
3udd_ligand,4193,66125.6
3udd_ligand,4194,84731.2
3udd_ligand,4195,60254.8
3udd_ligand,4196,74429.6
3udd_ligand,4197,79288.4
3udd_ligand,4198,87916.4
3udd_ligand,4199,87295.9
3udd_ligand,4200,86030
3udd_ligand,4201,107272
3udd_ligand,4202,64314.6
3udd_ligand,4203,53545.5
3udd_ligand,4204,65170
3udd_ligand,4205,76652
3udd_ligand,4206,85993.3
3udd_ligand,4207,71705.3
3udd_ligand,4208,57354.3
3udd_ligand,4209,51058.5
3udd_ligand,4210,85380.9
3udd_ligand,4211,58991.3
3udd_ligand,4212,73062
3udd_ligand,4213,64328.2
3udd_ligand,4214,105094
3udd_ligand,4215,116407
3udd_ligand,4216,80084
3udd_ligand,4217,90552.8
3udd_ligand,4218,84554.4
3udd_ligand,4219,64548.4
3udd_ligand,4220,66966.4
3udd_ligand,4221,107916
3udd_ligand,4222,92786.8
3udd_ligand,4223,72078.4
3udd_ligand,4224,84374.2
3udd_ligand,4225,68166.9
3udd_ligand,4226,54091.3
3udd_ligand,4227,45872.1
3udd_ligand,4228,66957.6
3udd_ligand,4229,85933.9
3udd_ligand,4230,108072
3udd_ligand,4231,96707
3udd_ligand,4232,54585.9
3udd_ligand,4233,69194.9
3udd_ligand,4234,52990.6
3udd_ligand,4235,75181.5
3udd_ligand,4236,46231.6
3udd_ligand,4237,54627.5
3udd_ligand,4238,102767
3udd_ligand,4239,95460
3udd_ligand,4240,52125.3
3udd_ligand,4241,45427.1
3udd_ligand,4242,61799
3udd_ligand,4243,68633.1
3udd_ligand,4244,75594.4
3udd_ligand,4245,53433
3udd_ligand,4246,75666.2
3udd_ligand,4247,54849.2
3udd_ligand,4248,49196.2
3udd_ligand,4249,41813.5
3udd_ligand,4250,61774.6
3udd_ligand,4251,73432.3
3udd_ligand,4252,84933.7
3udd_ligand,4253,64787.1
3udd_ligand,4254,73978.8
3udd_ligand,4255,67651.9
3udd_ligand,4256,52400
3udd_ligand,4257,76075.7
3udd_ligand,4258,62922.6
3udd_ligand,4259,73875.9
3udd_ligand,4260,97828.7
3udd_ligand,4261,86061.9
3udd_ligand,4262,78486.2
3udd_ligand,4263,107496
3udd_ligand,4264,73086.4
3udd_ligand,4265,99844.8
3udd_ligand,4266,77948.4
3udd_ligand,4267,70593.2
3udd_ligand,4268,70410.6
3udd_ligand,4269,79762.2
3udd_ligand,4270,83777.4
3udd_ligand,4271,87016
3udd_ligand,4272,82591.6
3udd_ligand,4273,82118
3udd_ligand,4274,111064
3udd_ligand,4275,106097
3udd_ligand,4276,64198.1
3udd_ligand,4277,58148
3udd_ligand,4278,50186.1
3udd_ligand,4279,85344.5
3udd_ligand,4280,89965.5
3udd_ligand,4281,66708.5
3udd_ligand,4282,61344.1
3udd_ligand,4283,50619.9
3udd_ligand,4284,63123.5
3udd_ligand,4285,79976
3udd_ligand,4286,66694.7
3udd_ligand,4287,77052.8
3udd_ligand,4288,91888.5
3udd_ligand,4289,64632
3udd_ligand,4290,71529.4
3udd_ligand,4291,110115
3udd_ligand,4292,63545.9
3udd_ligand,4293,55129
3udd_ligand,4294,45290.1
3udd_ligand,4295,53572.2
3udd_ligand,4296,60378.5
3udd_ligand,4297,50801.2
3udd_ligand,4298,55653.5
3udd_ligand,4299,51507.2
3udd_ligand,4300,79757.8
3udd_ligand,4301,70691.8
3udd_ligand,4302,63366.5
3udd_ligand,4303,59953.9
3udd_ligand,4304,65277.9
3udd_ligand,4305,72769.3
3udd_ligand,4306,73554.5
3udd_ligand,4307,74971.8
3udd_ligand,4308,56297.2
3udd_ligand,4309,77290
3udd_ligand,4310,107273
3udd_ligand,4311,88813
3udd_ligand,4312,58298
3udd_ligand,4313,96880.4
3udd_ligand,4314,85003.8
3udd_ligand,4315,69483.3
3udd_ligand,4316,75548.7
3udd_ligand,4317,90951.5
3udd_ligand,4318,54493
3udd_ligand,4319,66660
3udd_ligand,4320,94149
3udd_ligand,4321,68355.7
3udd_ligand,4322,71773
3udd_ligand,4323,72716.7
3udd_ligand,4324,78065.2
3udd_ligand,4325,54974
3udd_ligand,4326,82071.5
3udd_ligand,4327,70211.2
3udd_ligand,4328,69818.9
3udd_ligand,4329,77222.7
3udd_ligand,4330,56658.1
3udd_ligand,4331,70731.2
3udd_ligand,4332,98785.8
3udd_ligand,4333,92070
3udd_ligand,4334,89305.6
3udd_ligand,4335,118354
3udd_ligand,4336,72153.7
3udd_ligand,4337,67290
3udd_ligand,4338,70760.3
3udd_ligand,4339,41652.5
3udd_ligand,4340,97035.3
3udd_ligand,4341,81510.7
3udd_ligand,4342,54179.9
3udd_ligand,4343,79196.2
3udd_ligand,4344,87143.1
3udd_ligand,4345,79085.9
3udd_ligand,4346,105152
3udd_ligand,4347,55468.7
3udd_ligand,4348,54786.9
3udd_ligand,4349,55918.8
3udd_ligand,4350,48379
3udd_ligand,4351,60445.4
3udd_ligand,4352,73375
3udd_ligand,4353,50625.4
3udd_ligand,4354,90233.1
3udd_ligand,4355,101257
3udd_ligand,4356,91754
3udd_ligand,4357,78394.4
3udd_ligand,4358,44442.7
3udd_ligand,4359,112929
3udd_ligand,4360,93120.7
3udd_ligand,4361,53030.2
3udd_ligand,4362,53761.8
3udd_ligand,4363,83875.4
3udd_ligand,4364,71092.7
3udd_ligand,4365,85777.7
3udd_ligand,4366,48609.9
3udd_ligand,4367,51416.1
3udd_ligand,4368,63811.9
3udd_ligand,4369,105415
3udd_ligand,4370,69596.5
3udd_ligand,4371,100141
3udd_ligand,4372,107538
3udd_ligand,4373,78171
3udd_ligand,4374,65624.2
3udd_ligand,4375,81657.5
3udd_ligand,4376,52870.7
3udd_ligand,4377,43248.1
3udd_ligand,4378,47662.8
3udd_ligand,4379,45550.9
3udd_ligand,4380,88055
3udd_ligand,4381,93335.9
3udd_ligand,4382,69446.6
3udd_ligand,4383,85795.7
3udd_ligand,4384,55613.2
3udd_ligand,4385,43847.5
3udd_ligand,4386,65906.7
3udd_ligand,4387,82147.6
3udd_ligand,4388,54520.5
3udd_ligand,4389,62075.6
3udd_ligand,4390,78348.1
3udd_ligand,4391,73403.7
3udd_ligand,4392,89907.9
3udd_ligand,4393,61815.7
3udd_ligand,4394,81155.8
3udd_ligand,4395,88293.8
3udd_ligand,4396,71014.1
3udd_ligand,4397,72037
3udd_ligand,4398,109519
3udd_ligand,4399,70967.6
3udd_ligand,4400,80551.6
3udd_ligand,4401,68302.8
3udd_ligand,4402,54327.2
3udd_ligand,4403,74798.8
3udd_ligand,4404,70849.1
3udd_ligand,4405,62870.3
3udd_ligand,4406,88001.1
3udd_ligand,4407,63553.8
3udd_ligand,4408,59173.3
3udd_ligand,4409,43899.9
3udd_ligand,4410,69238.6
3udd_ligand,4411,54330.5
3udd_ligand,4412,50078.4
3udd_ligand,4413,63116.5
3udd_ligand,4414,70577.8
3udd_ligand,4415,54038.3
3udd_ligand,4416,92770.3
3udd_ligand,4417,116284
3udd_ligand,4418,105381
3udd_ligand,4419,79306.1
3udd_ligand,4420,86880.5
3udd_ligand,4421,81039.8
3udd_ligand,4422,61157.4
3udd_ligand,4423,75349.6
3udd_ligand,4424,82953.6
3udd_ligand,4425,97353.9
3udd_ligand,4426,102760
3udd_ligand,4427,84602.1
3udd_ligand,4428,89945.1
3udd_ligand,4429,49222.9
3udd_ligand,4430,46621.9
3udd_ligand,4431,52287.8
3udd_ligand,4432,52576.2
3udd_ligand,4433,81636.4
3udd_ligand,4434,80197
3udd_ligand,4435,55049.8
3udd_ligand,4436,51425.7
3udd_ligand,4437,82613.1
3udd_ligand,4438,127705
3udd_ligand,4439,99539.8
3udd_ligand,4440,74797.4
3udd_ligand,4441,66453.1
3udd_ligand,4442,76724.5
3udd_ligand,4443,99221.7
3udd_ligand,4444,49874.7
3udd_ligand,4445,48516.9
3udd_ligand,4446,125400
3udd_ligand,4447,98831.1
3udd_ligand,4448,70811.2
3udd_ligand,4449,88808.6
3udd_ligand,4450,77462.5
3udd_ligand,4451,88023.2
3udd_ligand,4452,57290.2
3udd_ligand,4453,42689.5
3udd_ligand,4454,55276.4
3udd_ligand,4455,66696.5
3udd_ligand,4456,78482.2
3udd_ligand,4457,77595.7
3udd_ligand,4458,49628.2
3udd_ligand,4459,52029.5
3udd_ligand,4460,61380
3udd_ligand,4461,63601
3udd_ligand,4462,46239.8
3udd_ligand,4463,105072
3udd_ligand,4464,70423
3udd_ligand,4465,58128
3udd_ligand,4466,41552.4
3udd_ligand,4467,60016.8
3udd_ligand,4468,87558.6
3udd_ligand,4469,92115.6
3udd_ligand,4470,53235.9
3udd_ligand,4471,70145
3udd_ligand,4472,78297.9
3udd_ligand,4473,102675
3udd_ligand,4474,52867.7
3udd_ligand,4475,47614.2
3udd_ligand,4476,69210.2
3udd_ligand,4477,77841.5
3udd_ligand,4478,47759.3
3udd_ligand,4479,51133.5
3udd_ligand,4480,48762.8
3udd_ligand,4481,58148.8
3udd_ligand,4482,101192
3udd_ligand,4483,80864.1
3udd_ligand,4484,69029.9
3udd_ligand,4485,92667
3udd_ligand,4486,117884
3udd_ligand,4487,52713.2
3udd_ligand,4488,64134.5
3udd_ligand,4489,97911.4
3udd_ligand,4490,84365
3udd_ligand,4491,81915.5
3udd_ligand,4492,96305.2
3udd_ligand,4493,100636
3udd_ligand,4494,83633.2
3udd_ligand,4495,72344.6
3udd_ligand,4496,60458
3udd_ligand,4497,104469
3udd_ligand,4498,78681.7
3udd_ligand,4499,53381.6
3udd_ligand,4500,51502.7
3udd_ligand,4501,58497.6
3udd_ligand,4502,113379
3udd_ligand,4503,160794
3udd_ligand,4504,89558.1
3udd_ligand,4505,80963.5
3udd_ligand,4506,76976.4
3udd_ligand,4507,47193.7
3udd_ligand,4508,49078.3
3udd_ligand,4509,55084.7
3udd_ligand,4510,101206
3udd_ligand,4511,144451
3udd_ligand,4512,98319.9
3udd_ligand,4513,57871.7
3udd_ligand,4514,101809
3udd_ligand,4515,56616.1
3udd_ligand,4516,87192.4
3udd_ligand,4517,81143.1
3udd_ligand,4518,76182.4
3udd_ligand,4519,58108
3udd_ligand,4520,72075.9
3udd_ligand,4521,51817.5
3udd_ligand,4522,44589
3udd_ligand,4523,62887.4
3udd_ligand,4524,54202.6
3udd_ligand,4525,72052.4
3udd_ligand,4526,53623.7
3udd_ligand,4527,48439.6
3udd_ligand,4528,50050
3udd_ligand,4529,98608.9
3udd_ligand,4530,55766.4
3udd_ligand,4531,52194
3udd_ligand,4532,47738.2
3udd_ligand,4533,91652.5
3udd_ligand,4534,97665.4
3udd_ligand,4535,96326
3udd_ligand,4536,59260.2
3udd_ligand,4537,71068.1
3udd_ligand,4538,70082.8
3udd_ligand,4539,82350.1
3udd_ligand,4540,64109.8
3udd_ligand,4541,87355.6
3udd_ligand,4542,96549.6
3udd_ligand,4543,91333.2
3udd_ligand,4544,80475.6
3udd_ligand,4545,86315.3
3udd_ligand,4546,78212.2
3udd_ligand,4547,84855.5
3udd_ligand,4548,101166
3udd_ligand,4549,90646.6
3udd_ligand,4550,76612.1
3udd_ligand,4551,79608.8
3udd_ligand,4552,49214.9
3udd_ligand,4553,46967.2
3udd_ligand,4554,61984.7
3udd_ligand,4555,59164.6
3udd_ligand,4556,79802.6
3udd_ligand,4557,56976
3udd_ligand,4558,55927.6
3udd_ligand,4559,51514
3udd_ligand,4560,55547.1
3udd_ligand,4561,74569
3udd_ligand,4562,47032.1
3udd_ligand,4563,73402.4
3udd_ligand,4564,122531
3udd_ligand,4565,56969.4
3udd_ligand,4566,52158.3
3udd_ligand,4567,46034.8
3udd_ligand,4568,57481.8
3udd_ligand,4569,64813.8
3udd_ligand,4570,75025.1
3udd_ligand,4571,65807.2
3udd_ligand,4572,45320.6
3udd_ligand,4573,89982.7
3udd_ligand,4574,54319.2
3udd_ligand,4575,54855
3udd_ligand,4576,132924
3udd_ligand,4577,86327.6
3udd_ligand,4578,59896.8
3udd_ligand,4579,75655.2
3udd_ligand,4580,100088
3udd_ligand,4581,87547
3udd_ligand,4582,68993.7
3udd_ligand,4583,84655.1
3udd_ligand,4584,95779.1
3udd_ligand,4585,77580.4
3udd_ligand,4586,74829.9
3udd_ligand,4587,93365
3udd_ligand,4588,92769.2
3udd_ligand,4589,63113.5
3udd_ligand,4590,106335
3udd_ligand,4591,87483
3udd_ligand,4592,50917.9
3udd_ligand,4593,73568.2
3udd_ligand,4594,86867.5
3udd_ligand,4595,94198.9
3udd_ligand,4596,71950.2
3udd_ligand,4597,60782.7
3udd_ligand,4598,94585.3
3udd_ligand,4599,103012
3udd_ligand,4600,89787.9
3udd_ligand,4601,78390.2
3udd_ligand,4602,89142.3
3udd_ligand,4603,49588.9
3udd_ligand,4604,67370.9
3udd_ligand,4605,60426.6
3udd_ligand,4606,82158
3udd_ligand,4607,87011.7
3udd_ligand,4608,76678.3
3udd_ligand,4609,90719.6
3udd_ligand,4610,51240.4
3udd_ligand,4611,74324.5
3udd_ligand,4612,66558.3
3udd_ligand,4613,109711
3udd_ligand,4614,100052
3udd_ligand,4615,64471.5
3udd_ligand,4616,50993.7
3udd_ligand,4617,61468.3
3udd_ligand,4618,96764.3
3udd_ligand,4619,60905.3
3udd_ligand,4620,57028.2
3udd_ligand,4621,52949.3
3udd_ligand,4622,44648.1
3udd_ligand,4623,72325.4
3udd_ligand,4624,73696.3
3udd_ligand,4625,53048.3
3udd_ligand,4626,54172.5
3udd_ligand,4627,69175.6
3udd_ligand,4628,114449
3udd_ligand,4629,84409.2
3udd_ligand,4630,79637.6
3udd_ligand,4631,49069.3
3udd_ligand,4632,45038.1
3udd_ligand,4633,87068.5
3udd_ligand,4634,63425.7
3udd_ligand,4635,90968.5
3udd_ligand,4636,58767.1
3udd_ligand,4637,57974.5
3udd_ligand,4638,56611.9
3udd_ligand,4639,91457.7
3udd_ligand,4640,78452.7
3udd_ligand,4641,74746.4
3udd_ligand,4642,105593
3udd_ligand,4643,104863
3udd_ligand,4644,88957.1
3udd_ligand,4645,103292
3udd_ligand,4646,69736.8
3udd_ligand,4647,91376.4
3udd_ligand,4648,104054
3udd_ligand,4649,71682.7
3udd_ligand,4650,76081
3udd_ligand,4651,86666.6
3udd_ligand,4652,95559.6
3udd_ligand,4653,49518.6
3udd_ligand,4654,47354.5
3udd_ligand,4655,125246
3udd_ligand,4656,74841.4
3udd_ligand,4657,68079.4
3udd_ligand,4658,91477
3udd_ligand,4659,76928.4
3udd_ligand,4660,85021.8
3udd_ligand,4661,111497
3udd_ligand,4662,79539.1
3udd_ligand,4663,87171.2
3udd_ligand,4664,46398.9
3udd_ligand,4665,77655.2
3udd_ligand,4666,111275
3udd_ligand,4667,89494.7
3udd_ligand,4668,80178.4
3udd_ligand,4669,88864.1
3udd_ligand,4670,77787.1
3udd_ligand,4671,89580.7
3udd_ligand,4672,59183.8
3udd_ligand,4673,81284.4
3udd_ligand,4674,104506
3udd_ligand,4675,88868.6
3udd_ligand,4676,114517
3udd_ligand,4677,53279.4
3udd_ligand,4678,61299.6
3udd_ligand,4679,44271.7
3udd_ligand,4680,68134.6
3udd_ligand,4681,76656.8
3udd_ligand,4682,77931.6
3udd_ligand,4683,65934.7
3udd_ligand,4684,102915
3udd_ligand,4685,49576.2
3udd_ligand,4686,47381.9
3udd_ligand,4687,102520
3udd_ligand,4688,125364
3udd_ligand,4689,52931.4
3udd_ligand,4690,54612.3
3udd_ligand,4691,58501.3
3udd_ligand,4692,94854.1
3udd_ligand,4693,47105.3
3udd_ligand,4694,51575.8
3udd_ligand,4695,110048
3udd_ligand,4696,92638.6
3udd_ligand,4697,46837.2
3udd_ligand,4698,69290.4
3udd_ligand,4699,109054
3udd_ligand,4700,91332.2
3udd_ligand,4701,92807.7
3udd_ligand,4702,110341
3udd_ligand,4703,84496.6
3udd_ligand,4704,111057
3udd_ligand,4705,83766.2
3udd_ligand,4706,84703.9
3udd_ligand,4707,85451.9
3udd_ligand,4708,63857.6
3udd_ligand,4709,51729.4
3udd_ligand,4710,52827.6
3udd_ligand,4711,91447.8
3udd_ligand,4712,42865.6
3udd_ligand,4713,67903.8
3udd_ligand,4714,73019.8
3udd_ligand,4715,74543.9
3udd_ligand,4716,69153.5
3udd_ligand,4717,89102.7
3udd_ligand,4718,109996
3udd_ligand,4719,82874
3udd_ligand,4720,89889.9
3udd_ligand,4721,108744
3udd_ligand,4722,95051.8
3udd_ligand,4723,102182
3udd_ligand,4724,51032.9
3udd_ligand,4725,60074.2
3udd_ligand,4726,55131.5
3udd_ligand,4727,103156
3udd_ligand,4728,47334.4
3udd_ligand,4729,68956.6
3udd_ligand,4730,62981.2
3udd_ligand,4731,83089
3udd_ligand,4732,66392.7
3udd_ligand,4733,81927.5
3udd_ligand,4734,49889.6
3udd_ligand,4735,88921.8
3udd_ligand,4736,115697
3udd_ligand,4737,97152.5
3udd_ligand,4738,82718.8
3udd_ligand,4739,95603.5
3udd_ligand,4740,51549
3udd_ligand,4741,82042.2
3udd_ligand,4742,74719
3udd_ligand,4743,86320.4
3udd_ligand,4744,86027.6
3udd_ligand,4745,83816.4
3udd_ligand,4746,106472
3udd_ligand,4747,48990.2
3udd_ligand,4748,53533.2
3udd_ligand,4749,57941.9
3udd_ligand,4750,91849.2
3udd_ligand,4751,101408
3udd_ligand,4752,101373
3udd_ligand,4753,107601
3udd_ligand,4754,59239.5
3udd_ligand,4755,73072
3udd_ligand,4756,91845.2
3udd_ligand,4757,119588
3udd_ligand,4758,71876.7
3udd_ligand,4759,53766.8
3udd_ligand,4760,88101
3udd_ligand,4761,73810.1
3udd_ligand,4762,99585.8
3udd_ligand,4763,104036
3udd_ligand,4764,80634.9
3udd_ligand,4765,68329
3udd_ligand,4766,135874
3udd_ligand,4767,96368
3udd_ligand,4768,64316.4
3udd_ligand,4769,80594
3udd_ligand,4770,77371.9
3udd_ligand,4771,45284.2
3udd_ligand,4772,60137.6
3udd_ligand,4773,65554.6
3udd_ligand,4774,50169.5
3udd_ligand,4775,63560.5
3udd_ligand,4776,84305.5
3udd_ligand,4777,66965.7
3udd_ligand,4778,42602.1
3udd_ligand,4779,74299.5
3udd_ligand,4780,89402
3udd_ligand,4781,48729
3udd_ligand,4782,48764.3
3udd_ligand,4783,60039.9
3udd_ligand,4784,89326.8
3udd_ligand,4785,65609.1
3udd_ligand,4786,76090.4
3udd_ligand,4787,77902
3udd_ligand,4788,76508.5
3udd_ligand,4789,72525.2
3udd_ligand,4790,68061.8
3udd_ligand,4791,97606.3
3udd_ligand,4792,108979
3udd_ligand,4793,89936
3udd_ligand,4794,96385.6
3udd_ligand,4795,98765
3udd_ligand,4796,88585.6
3udd_ligand,4797,90901.9
3udd_ligand,4798,111626
3udd_ligand,4799,81946.9
3udd_ligand,4800,73693.9
3udd_ligand,4801,59750.7
3udd_ligand,4802,44508.5
3udd_ligand,4803,67141.9
3udd_ligand,4804,120788
3udd_ligand,4805,75548.8
3udd_ligand,4806,92623.5
3udd_ligand,4807,49227.3
3udd_ligand,4808,71603.4
3udd_ligand,4809,92114.1
3udd_ligand,4810,76501.6
3udd_ligand,4811,87567.8
3udd_ligand,4812,116899
3udd_ligand,4813,54386.6
3udd_ligand,4814,83430.8
3udd_ligand,4815,76930.6
3udd_ligand,4816,100503
3udd_ligand,4817,59868.8
3udd_ligand,4818,99134.3
3udd_ligand,4819,75358.6
3udd_ligand,4820,103838
3udd_ligand,4821,73787.6
3udd_ligand,4822,83359.8
3udd_ligand,4823,75855.5
3udd_ligand,4824,84534.2
3udd_ligand,4825,91166.3
3udd_ligand,4826,94566.6
3udd_ligand,4827,85031.4
3udd_ligand,4828,100906
3udd_ligand,4829,54936.8
3udd_ligand,4830,68751.6
3udd_ligand,4831,85428.5
3udd_ligand,4832,112044
3udd_ligand,4833,92413.8
3udd_ligand,4834,108043
3udd_ligand,4835,93860.9
3udd_ligand,4836,84582.5
3udd_ligand,4837,76237.9
3udd_ligand,4838,93741.4
3udd_ligand,4839,67902.9
3udd_ligand,4840,78529.5
3udd_ligand,4841,79606.6
3udd_ligand,4842,112331
3udd_ligand,4843,56156.8
3udd_ligand,4844,48183.6
3udd_ligand,4845,69134.1
3udd_ligand,4846,68306.3
3udd_ligand,4847,87333.6
3udd_ligand,4848,102615
3udd_ligand,4849,76375
3udd_ligand,4850,50671.8
3udd_ligand,4851,92880.3
3udd_ligand,4852,48935.9
3udd_ligand,4853,90055.2
3udd_ligand,4854,56916.3
3udd_ligand,4855,98142.9
3udd_ligand,4856,112826
3udd_ligand,4857,71059.1
3udd_ligand,4858,100629
3udd_ligand,4859,118438
3udd_ligand,4860,60630.6
3udd_ligand,4861,50968.5
3udd_ligand,4862,80965.6
3udd_ligand,4863,66242.7
3udd_ligand,4864,87286.4
3udd_ligand,4865,98480.2
3udd_ligand,4866,124852
3udd_ligand,4867,76724.2
3udd_ligand,4868,75338.8
3udd_ligand,4869,75793.9
3udd_ligand,4870,65885.3
3udd_ligand,4871,65851
3udd_ligand,4872,78953.5
3udd_ligand,4873,97341.9
3udd_ligand,4874,95053.1
3udd_ligand,4875,64654.6
3udd_ligand,4876,93651.6
3udd_ligand,4877,77915.5
3udd_ligand,4878,65920.9
3udd_ligand,4879,64768.4
3udd_ligand,4880,77104
3udd_ligand,4881,81934.6
3udd_ligand,4882,81455.9
3udd_ligand,4883,107745
3udd_ligand,4884,109332
3udd_ligand,4885,73108.6
3udd_ligand,4886,89947.3
3udd_ligand,4887,48257.9
3udd_ligand,4888,57570.7
3udd_ligand,4889,81824.4
3udd_ligand,4890,74256.3
3udd_ligand,4891,61458.9
3udd_ligand,4892,61711.6
3udd_ligand,4893,49264.9
3udd_ligand,4894,100290
3udd_ligand,4895,60494.9
3udd_ligand,4896,53253.9
3udd_ligand,4897,55700.5
3udd_ligand,4898,70490.6
3udd_ligand,4899,81848.6
3udd_ligand,4900,91955.4
3udd_ligand,4901,71662
3udd_ligand,4902,110038
3udd_ligand,4903,65002.6
3udd_ligand,4904,90834.2
3udd_ligand,4905,53923
3udd_ligand,4906,46726.4
3udd_ligand,4907,56160.9
3udd_ligand,4908,47472.5
3udd_ligand,4909,64641.9
3udd_ligand,4910,98910.8
3udd_ligand,4911,68901.8
3udd_ligand,4912,90450.9
3udd_ligand,4913,74298
3udd_ligand,4914,59220.6
3udd_ligand,4915,46365.6
3udd_ligand,4916,47847.9
3udd_ligand,4917,99435.3
3udd_ligand,4918,68446.5
3udd_ligand,4919,73082.7
3udd_ligand,4920,58289.4
3udd_ligand,4921,77343.1
3udd_ligand,4922,86317
3udd_ligand,4923,51452.7
3udd_ligand,4924,48985.1
3udd_ligand,4925,115134
3udd_ligand,4926,73019.3
3udd_ligand,4927,50031.3
3udd_ligand,4928,66410
3udd_ligand,4929,77516.8
3udd_ligand,4930,62116.5
3udd_ligand,4931,49903.4
3udd_ligand,4932,72818
3udd_ligand,4933,88692.8
3udd_ligand,4934,121629
3udd_ligand,4935,99775.2
3udd_ligand,4936,77548.7
3udd_ligand,4937,67651.2
3udd_ligand,4938,81571.4
3udd_ligand,4939,89186.3
3udd_ligand,4940,65846.8
3udd_ligand,4941,63164
3udd_ligand,4942,72220.8
3udd_ligand,4943,71214.3
3udd_ligand,4944,107093
3udd_ligand,4945,99802.6
3udd_ligand,4946,92541.5
3udd_ligand,4947,77508.3
3udd_ligand,4948,49471.6
3udd_ligand,4949,49427.3
3udd_ligand,4950,85509.3
3udd_ligand,4951,43613.8
3udd_ligand,4952,74660.4
3udd_ligand,4953,54920.1
3udd_ligand,4954,67932.8
3udd_ligand,4955,99358.5
3udd_ligand,4956,58001
3udd_ligand,4957,63413.1
3udd_ligand,4958,61043.3
3udd_ligand,4959,46839
3udd_ligand,4960,62109.5
3udd_ligand,4961,87895.3
3udd_ligand,4962,61177.8
3udd_ligand,4963,101677
3udd_ligand,4964,114634
3udd_ligand,4965,58315.8
3udd_ligand,4966,43972.2
3udd_ligand,4967,58583.1
3udd_ligand,4968,66295.1
3udd_ligand,4969,72995.2
3udd_ligand,4970,58296.2
3udd_ligand,4971,94470.5
3udd_ligand,4972,45442.9
3udd_ligand,4973,63176.3
3udd_ligand,4974,60874.6
3udd_ligand,4975,72438.2
3udd_ligand,4976,65897.1
3udd_ligand,4977,113195
3udd_ligand,4978,91508.1
3udd_ligand,4979,65607.2
3udd_ligand,4980,56544.1
3udd_ligand,4981,49337.9
3udd_ligand,4982,59293.5
3udd_ligand,4983,96677.6
3udd_ligand,4984,48439.8
3udd_ligand,4985,55191.4
3udd_ligand,4986,116341
3udd_ligand,4987,69841.3
3udd_ligand,4988,63429.5
3udd_ligand,4989,71091.3
3udd_ligand,4990,83449.2
3udd_ligand,4991,45490
3udd_ligand,4992,72640
3udd_ligand,4993,112271
3udd_ligand,4994,49540.8
3udd_ligand,4995,66427.6
3udd_ligand,4996,80240.5
3udd_ligand,4997,94588.6
3udd_ligand,4998,74167.4
3udd_ligand,4999,91746
