ligand,iteration,com_distance
3udd_ligand,0,0
3udd_ligand,1,0.379139
3udd_ligand,2,0.441231
3udd_ligand,3,0.47112
3udd_ligand,4,0.354212
3udd_ligand,5,0.368854
3udd_ligand,6,0.479847
3udd_ligand,7,0.532216
3udd_ligand,8,0.336859
3udd_ligand,9,0.640155
3udd_ligand,10,0.422048
3udd_ligand,11,0.584037
3udd_ligand,12,0.458449
3udd_ligand,13,0.608659
3udd_ligand,14,0.496973
3udd_ligand,15,0.657043
3udd_ligand,16,0.55513
3udd_ligand,17,0.690312
3udd_ligand,18,0.508504
3udd_ligand,19,0.653001
3udd_ligand,20,0.565809
3udd_ligand,21,0.730686
3udd_ligand,22,0.60912
3udd_ligand,23,0.612286
3udd_ligand,24,0.5804
3udd_ligand,25,0.718394
3udd_ligand,26,0.591551
3udd_ligand,27,0.494311
3udd_ligand,28,0.753059
3udd_ligand,29,0.603959
3udd_ligand,30,0.71121
3udd_ligand,31,0.563985
3udd_ligand,32,0.578761
3udd_ligand,33,0.644642
3udd_ligand,34,0.816343
3udd_ligand,35,0.291948
3udd_ligand,36,0.77776
3udd_ligand,37,0.69259
3udd_ligand,38,0.809483
3udd_ligand,39,0.571358
3udd_ligand,40,0.720724
3udd_ligand,41,0.537709
3udd_ligand,42,0.757611
3udd_ligand,43,0.487639
3udd_ligand,44,0.660512
3udd_ligand,45,0.636991
3udd_ligand,46,0.712884
3udd_ligand,47,0.682249
3udd_ligand,48,0.69308
3udd_ligand,49,0.528202
3udd_ligand,50,0.594913
3udd_ligand,51,0.701065
3udd_ligand,52,0.73052
3udd_ligand,53,0.38195
3udd_ligand,54,0.757705
3udd_ligand,55,0.448418
3udd_ligand,56,0.625809
3udd_ligand,57,0.622414
3udd_ligand,58,0.719758
3udd_ligand,59,0.416584
3udd_ligand,60,0.7527
3udd_ligand,61,0.501436
3udd_ligand,62,0.717523
3udd_ligand,63,0.616878
3udd_ligand,64,0.849289
3udd_ligand,65,0.288307
3udd_ligand,66,1.02851
3udd_ligand,67,0.550942
3udd_ligand,68,0.765561
3udd_ligand,69,0.426459
3udd_ligand,70,0.761447
3udd_ligand,71,0.661423
3udd_ligand,72,0.712014
3udd_ligand,73,0.516806
3udd_ligand,74,0.560989
3udd_ligand,75,0.747867
3udd_ligand,76,0.587468
3udd_ligand,77,0.64581
3udd_ligand,78,0.595421
3udd_ligand,79,0.50198
3udd_ligand,80,0.743228
3udd_ligand,81,0.703285
3udd_ligand,82,0.372823
3udd_ligand,83,0.818521
3udd_ligand,84,0.447615
3udd_ligand,85,0.613152
3udd_ligand,86,0.667801
3udd_ligand,87,0.553919
3udd_ligand,88,0.728825
3udd_ligand,89,0.643321
3udd_ligand,90,0.681513
3udd_ligand,91,0.731192
3udd_ligand,92,0.747652
3udd_ligand,93,0.626675
3udd_ligand,94,0.737874
3udd_ligand,95,0.436215
3udd_ligand,96,0.629625
3udd_ligand,97,0.728829
3udd_ligand,98,0.812953
3udd_ligand,99,0.398797
3udd_ligand,100,0.80356
3udd_ligand,101,0.470066
3udd_ligand,102,0.914944
3udd_ligand,103,0.544564
3udd_ligand,104,0.672813
3udd_ligand,105,0.532276
3udd_ligand,106,0.565268
3udd_ligand,107,0.738385
3udd_ligand,108,0.724014
3udd_ligand,109,0.465827
3udd_ligand,110,0.679497
3udd_ligand,111,0.642205
3udd_ligand,112,0.602656
3udd_ligand,113,0.700207
3udd_ligand,114,0.71592
3udd_ligand,115,0.602667
3udd_ligand,116,0.657282
3udd_ligand,117,0.504003
3udd_ligand,118,0.803134
3udd_ligand,119,0.443182
3udd_ligand,120,0.424062
3udd_ligand,121,0.83672
3udd_ligand,122,0.54489
3udd_ligand,123,0.713582
3udd_ligand,124,0.703788
3udd_ligand,125,0.460846
3udd_ligand,126,0.740466
3udd_ligand,127,0.540036
3udd_ligand,128,0.594669
3udd_ligand,129,0.631743
3udd_ligand,130,0.620898
3udd_ligand,131,0.62289
3udd_ligand,132,0.757677
3udd_ligand,133,0.519247
3udd_ligand,134,0.70173
3udd_ligand,135,0.526741
3udd_ligand,136,0.759772
3udd_ligand,137,0.574577
3udd_ligand,138,0.584316
3udd_ligand,139,0.624634
3udd_ligand,140,0.740385
3udd_ligand,141,0.508794
3udd_ligand,142,0.727872
3udd_ligand,143,0.640848
3udd_ligand,144,0.76527
3udd_ligand,145,0.535177
3udd_ligand,146,0.67373
3udd_ligand,147,0.656093
3udd_ligand,148,0.610008
3udd_ligand,149,0.59424
3udd_ligand,150,0.650668
3udd_ligand,151,0.693057
3udd_ligand,152,0.679778
3udd_ligand,153,0.709401
3udd_ligand,154,0.45075
3udd_ligand,155,0.738699
3udd_ligand,156,0.710051
3udd_ligand,157,0.67541
3udd_ligand,158,0.648457
3udd_ligand,159,0.489866
3udd_ligand,160,0.700045
3udd_ligand,161,0.743235
3udd_ligand,162,0.611618
3udd_ligand,163,0.677745
3udd_ligand,164,0.46032
3udd_ligand,165,0.7753
3udd_ligand,166,0.534637
3udd_ligand,167,0.807813
3udd_ligand,168,0.464569
3udd_ligand,169,0.751634
3udd_ligand,170,0.6058
3udd_ligand,171,0.757542
3udd_ligand,172,0.484302
3udd_ligand,173,0.667774
3udd_ligand,174,0.694376
3udd_ligand,175,0.700682
3udd_ligand,176,0.46885
3udd_ligand,177,0.652009
3udd_ligand,178,0.680069
3udd_ligand,179,0.53763
3udd_ligand,180,0.545224
3udd_ligand,181,0.629074
3udd_ligand,182,0.671971
3udd_ligand,183,0.704699
3udd_ligand,184,0.700416
3udd_ligand,185,0.56878
3udd_ligand,186,0.607624
3udd_ligand,187,0.627858
3udd_ligand,188,0.733852
3udd_ligand,189,0.458575
3udd_ligand,190,0.632032
3udd_ligand,191,0.679519
3udd_ligand,192,0.608998
3udd_ligand,193,0.580986
3udd_ligand,194,0.782088
3udd_ligand,195,0.528073
3udd_ligand,196,0.549782
3udd_ligand,197,0.656091
3udd_ligand,198,0.69622
3udd_ligand,199,0.547877
3udd_ligand,200,0.610698
3udd_ligand,201,0.646807
3udd_ligand,202,0.70983
3udd_ligand,203,0.580292
3udd_ligand,204,0.722703
3udd_ligand,205,0.469205
3udd_ligand,206,0.673984
3udd_ligand,207,0.621655
3udd_ligand,208,0.668842
3udd_ligand,209,0.666825
3udd_ligand,210,0.44791
3udd_ligand,211,0.83095
3udd_ligand,212,0.596295
3udd_ligand,213,0.664303
3udd_ligand,214,0.488559
3udd_ligand,215,0.732902
3udd_ligand,216,0.644091
3udd_ligand,217,0.687298
3udd_ligand,218,0.732317
3udd_ligand,219,0.417454
3udd_ligand,220,0.794489
3udd_ligand,221,0.419142
3udd_ligand,222,0.698973
3udd_ligand,223,0.679653
3udd_ligand,224,0.671262
3udd_ligand,225,0.553759
3udd_ligand,226,0.543014
3udd_ligand,227,0.634294
3udd_ligand,228,0.645364
3udd_ligand,229,0.582224
3udd_ligand,230,0.607774
3udd_ligand,231,0.405471
3udd_ligand,232,0.852171
3udd_ligand,233,0.457629
3udd_ligand,234,0.603445
3udd_ligand,235,0.694179
3udd_ligand,236,0.663678
3udd_ligand,237,0.512105
3udd_ligand,238,0.788996
3udd_ligand,239,0.499212
3udd_ligand,240,0.598463
3udd_ligand,241,0.471775
3udd_ligand,242,0.830446
3udd_ligand,243,0.522727
3udd_ligand,244,0.540724
3udd_ligand,245,0.754227
3udd_ligand,246,0.70589
3udd_ligand,247,0.497317
3udd_ligand,248,0.594672
3udd_ligand,249,0.762976
3udd_ligand,250,0.571436
3udd_ligand,251,0.513926
3udd_ligand,252,0.791748
3udd_ligand,253,0.551638
3udd_ligand,254,0.551629
3udd_ligand,255,0.681607
3udd_ligand,256,0.719651
3udd_ligand,257,0.572367
3udd_ligand,258,0.619974
3udd_ligand,259,0.46333
3udd_ligand,260,0.682958
3udd_ligand,261,0.712213
3udd_ligand,262,0.84762
3udd_ligand,263,0.472861
3udd_ligand,264,0.827309
3udd_ligand,265,0.607386
3udd_ligand,266,0.705508
3udd_ligand,267,0.429298
3udd_ligand,268,0.860524
3udd_ligand,269,0.429592
3udd_ligand,270,0.783894
3udd_ligand,271,0.580793
3udd_ligand,272,0.800652
3udd_ligand,273,0.449845
3udd_ligand,274,0.662751
3udd_ligand,275,0.703699
3udd_ligand,276,0.721271
3udd_ligand,277,0.494598
3udd_ligand,278,0.509948
3udd_ligand,279,0.582332
3udd_ligand,280,0.614832
3udd_ligand,281,0.436788
3udd_ligand,282,0.810573
3udd_ligand,283,0.454484
3udd_ligand,284,0.732234
3udd_ligand,285,0.645641
3udd_ligand,286,0.720011
3udd_ligand,287,0.453079
3udd_ligand,288,0.809442
3udd_ligand,289,0.576027
3udd_ligand,290,0.697501
3udd_ligand,291,0.480743
3udd_ligand,292,0.690954
3udd_ligand,293,0.654096
3udd_ligand,294,0.564416
3udd_ligand,295,0.608376
3udd_ligand,296,0.552433
3udd_ligand,297,0.645539
3udd_ligand,298,0.667101
3udd_ligand,299,0.724909
3udd_ligand,300,0.523932
3udd_ligand,301,0.630649
3udd_ligand,302,0.61779
3udd_ligand,303,0.65148
3udd_ligand,304,0.822439
3udd_ligand,305,0.404387
3udd_ligand,306,0.82712
3udd_ligand,307,0.452396
3udd_ligand,308,0.760403
3udd_ligand,309,0.6455
3udd_ligand,310,0.723379
3udd_ligand,311,0.476153
3udd_ligand,312,0.829848
3udd_ligand,313,0.467009
3udd_ligand,314,0.744916
3udd_ligand,315,0.5045
3udd_ligand,316,0.503884
3udd_ligand,317,0.777654
3udd_ligand,318,0.59622
3udd_ligand,319,0.65906
3udd_ligand,320,0.676269
3udd_ligand,321,0.571356
3udd_ligand,322,0.543093
3udd_ligand,323,0.658344
3udd_ligand,324,0.573591
3udd_ligand,325,0.655097
3udd_ligand,326,0.665306
3udd_ligand,327,0.671393
3udd_ligand,328,0.523728
3udd_ligand,329,0.518895
3udd_ligand,330,0.777573
3udd_ligand,331,0.463149
3udd_ligand,332,0.566729
3udd_ligand,333,0.875474
3udd_ligand,334,0.538339
3udd_ligand,335,0.478594
3udd_ligand,336,0.790528
3udd_ligand,337,0.444617
3udd_ligand,338,0.681907
3udd_ligand,339,0.417055
3udd_ligand,340,0.837222
3udd_ligand,341,0.472452
3udd_ligand,342,0.739016
3udd_ligand,343,0.641958
3udd_ligand,344,0.728597
3udd_ligand,345,0.459559
3udd_ligand,346,0.672829
3udd_ligand,347,0.685403
3udd_ligand,348,0.594103
3udd_ligand,349,0.630081
3udd_ligand,350,0.525112
3udd_ligand,351,0.839982
3udd_ligand,352,0.355666
3udd_ligand,353,0.898867
3udd_ligand,354,0.4426
3udd_ligand,355,0.67257
3udd_ligand,356,0.593789
3udd_ligand,357,0.441695
3udd_ligand,358,0.85998
3udd_ligand,359,0.41718
3udd_ligand,360,0.824125
3udd_ligand,361,0.455405
3udd_ligand,362,0.611529
3udd_ligand,363,0.738443
3udd_ligand,364,0.561896
3udd_ligand,365,0.710662
3udd_ligand,366,0.563713
3udd_ligand,367,0.698803
3udd_ligand,368,0.837819
3udd_ligand,369,0.547926
3udd_ligand,370,0.579743
3udd_ligand,371,0.459675
3udd_ligand,372,0.774835
3udd_ligand,373,0.657704
3udd_ligand,374,0.730352
3udd_ligand,375,0.453942
3udd_ligand,376,0.716881
3udd_ligand,377,0.376726
3udd_ligand,378,0.779535
3udd_ligand,379,0.482389
3udd_ligand,380,0.699864
3udd_ligand,381,0.611511
3udd_ligand,382,0.656857
3udd_ligand,383,0.61642
3udd_ligand,384,0.69355
3udd_ligand,385,0.439497
3udd_ligand,386,0.72514
3udd_ligand,387,0.353772
3udd_ligand,388,0.783497
3udd_ligand,389,0.487683
3udd_ligand,390,0.700966
3udd_ligand,391,0.499458
3udd_ligand,392,0.63414
3udd_ligand,393,0.651974
3udd_ligand,394,0.645624
3udd_ligand,395,0.482243
3udd_ligand,396,0.622686
3udd_ligand,397,0.655512
3udd_ligand,398,0.694923
3udd_ligand,399,0.522651
3udd_ligand,400,0.658131
3udd_ligand,401,0.617384
3udd_ligand,402,0.655371
3udd_ligand,403,0.640341
3udd_ligand,404,0.804978
3udd_ligand,405,0.44521
3udd_ligand,406,0.816929
3udd_ligand,407,0.642395
3udd_ligand,408,0.708871
3udd_ligand,409,0.447906
3udd_ligand,410,0.730229
3udd_ligand,411,0.555361
3udd_ligand,412,0.652047
3udd_ligand,413,0.698844
3udd_ligand,414,0.685759
3udd_ligand,415,0.356946
3udd_ligand,416,0.888095
3udd_ligand,417,0.437524
3udd_ligand,418,0.713305
3udd_ligand,419,0.431069
3udd_ligand,420,0.832209
3udd_ligand,421,0.446033
3udd_ligand,422,0.605273
3udd_ligand,423,0.887206
3udd_ligand,424,0.422698
3udd_ligand,425,0.850399
3udd_ligand,426,0.495297
3udd_ligand,427,0.420079
3udd_ligand,428,0.90197
3udd_ligand,429,0.499558
3udd_ligand,430,0.609665
3udd_ligand,431,0.5788
3udd_ligand,432,0.474035
3udd_ligand,433,0.589234
3udd_ligand,434,0.587665
3udd_ligand,435,0.681019
3udd_ligand,436,0.751413
3udd_ligand,437,0.440216
3udd_ligand,438,0.622993
3udd_ligand,439,0.721712
3udd_ligand,440,0.486544
3udd_ligand,441,0.693852
3udd_ligand,442,0.669923
3udd_ligand,443,0.60798
3udd_ligand,444,0.634338
3udd_ligand,445,0.482645
3udd_ligand,446,0.642326
3udd_ligand,447,0.692772
3udd_ligand,448,0.764585
3udd_ligand,449,0.422002
3udd_ligand,450,0.850781
3udd_ligand,451,0.412739
3udd_ligand,452,0.866407
3udd_ligand,453,0.406057
3udd_ligand,454,0.841546
3udd_ligand,455,0.366833
3udd_ligand,456,0.811241
3udd_ligand,457,0.300086
3udd_ligand,458,0.812238
3udd_ligand,459,0.454676
3udd_ligand,460,0.62956
3udd_ligand,461,0.6398
3udd_ligand,462,0.461622
3udd_ligand,463,0.667534
3udd_ligand,464,0.610571
3udd_ligand,465,0.728364
3udd_ligand,466,0.420952
3udd_ligand,467,0.894361
3udd_ligand,468,0.370912
3udd_ligand,469,0.718955
3udd_ligand,470,0.563437
3udd_ligand,471,0.819322
3udd_ligand,472,0.644214
3udd_ligand,473,0.661882
3udd_ligand,474,0.473723
3udd_ligand,475,0.478864
3udd_ligand,476,0.665542
3udd_ligand,477,0.635077
3udd_ligand,478,0.470361
3udd_ligand,479,0.650966
3udd_ligand,480,0.569099
3udd_ligand,481,0.709054
3udd_ligand,482,0.423843
3udd_ligand,483,0.628278
3udd_ligand,484,0.617269
3udd_ligand,485,0.621728
3udd_ligand,486,0.723728
3udd_ligand,487,0.442891
3udd_ligand,488,0.789459
3udd_ligand,489,0.430262
3udd_ligand,490,0.759076
3udd_ligand,491,0.582967
3udd_ligand,492,0.684195
3udd_ligand,493,0.814428
3udd_ligand,494,0.519146
3udd_ligand,495,0.720352
3udd_ligand,496,0.515979
3udd_ligand,497,0.674292
3udd_ligand,498,0.386135
3udd_ligand,499,0.828267
3udd_ligand,500,0.430737
3udd_ligand,501,0.623362
3udd_ligand,502,0.702196
3udd_ligand,503,0.584576
3udd_ligand,504,0.605016
3udd_ligand,505,0.569998
3udd_ligand,506,0.799878
3udd_ligand,507,0.522291
3udd_ligand,508,0.557366
3udd_ligand,509,0.578305
3udd_ligand,510,0.615452
3udd_ligand,511,0.735763
3udd_ligand,512,0.365046
3udd_ligand,513,0.845907
3udd_ligand,514,0.366361
3udd_ligand,515,0.756417
3udd_ligand,516,0.462022
3udd_ligand,517,0.780967
3udd_ligand,518,0.702446
3udd_ligand,519,0.563161
3udd_ligand,520,0.692298
3udd_ligand,521,0.65069
3udd_ligand,522,0.655803
3udd_ligand,523,0.35088
3udd_ligand,524,0.922954
3udd_ligand,525,0.390469
3udd_ligand,526,0.822224
3udd_ligand,527,0.554122
3udd_ligand,528,0.636406
3udd_ligand,529,0.479368
3udd_ligand,530,0.624382
3udd_ligand,531,0.651976
3udd_ligand,532,0.643135
3udd_ligand,533,0.661528
3udd_ligand,534,0.279547
3udd_ligand,535,0.836469
3udd_ligand,536,0.38949
3udd_ligand,537,0.771395
3udd_ligand,538,0.627884
3udd_ligand,539,0.745822
3udd_ligand,540,0.370577
3udd_ligand,541,0.864084
3udd_ligand,542,0.439239
3udd_ligand,543,0.609933
3udd_ligand,544,0.681212
3udd_ligand,545,0.551423
3udd_ligand,546,0.557803
3udd_ligand,547,0.616935
3udd_ligand,548,0.635897
3udd_ligand,549,0.69039
3udd_ligand,550,0.420674
3udd_ligand,551,0.778864
3udd_ligand,552,0.610172
3udd_ligand,553,0.735799
3udd_ligand,554,0.421926
3udd_ligand,555,0.789791
3udd_ligand,556,0.605523
3udd_ligand,557,0.733874
3udd_ligand,558,0.385198
3udd_ligand,559,0.664201
3udd_ligand,560,0.424329
3udd_ligand,561,0.765082
3udd_ligand,562,0.387679
3udd_ligand,563,0.796318
3udd_ligand,564,0.530722
3udd_ligand,565,0.629184
3udd_ligand,566,0.646202
3udd_ligand,567,0.500875
3udd_ligand,568,0.578117
3udd_ligand,569,0.78347
3udd_ligand,570,0.523161
3udd_ligand,571,0.760353
3udd_ligand,572,0.491026
3udd_ligand,573,0.757673
3udd_ligand,574,0.578192
3udd_ligand,575,0.717043
3udd_ligand,576,0.331468
3udd_ligand,577,0.863768
3udd_ligand,578,0.514239
3udd_ligand,579,0.693317
3udd_ligand,580,0.482244
3udd_ligand,581,0.758961
3udd_ligand,582,0.394076
3udd_ligand,583,0.566944
3udd_ligand,584,0.714426
3udd_ligand,585,0.516983
3udd_ligand,586,0.396944
3udd_ligand,587,0.697108
3udd_ligand,588,0.500702
3udd_ligand,589,0.724003
3udd_ligand,590,0.60701
3udd_ligand,591,0.728261
3udd_ligand,592,0.445081
3udd_ligand,593,0.745624
3udd_ligand,594,0.614918
3udd_ligand,595,0.722392
3udd_ligand,596,0.378681
3udd_ligand,597,0.810809
3udd_ligand,598,0.410552
3udd_ligand,599,0.702899
3udd_ligand,600,0.46598
3udd_ligand,601,0.728484
3udd_ligand,602,0.314388
3udd_ligand,603,0.874085
3udd_ligand,604,0.400016
3udd_ligand,605,0.685082
3udd_ligand,606,0.630261
3udd_ligand,607,0.719783
3udd_ligand,608,0.391791
3udd_ligand,609,0.604053
3udd_ligand,610,0.645336
3udd_ligand,611,0.561646
3udd_ligand,612,0.550564
3udd_ligand,613,0.531962
3udd_ligand,614,0.648548
3udd_ligand,615,0.678837
3udd_ligand,616,0.433513
3udd_ligand,617,0.672362
3udd_ligand,618,0.330221
3udd_ligand,619,0.81135
3udd_ligand,620,0.414183
3udd_ligand,621,0.710658
3udd_ligand,622,0.623496
3udd_ligand,623,0.723922
3udd_ligand,624,0.45564
3udd_ligand,625,0.611289
3udd_ligand,626,0.409301
3udd_ligand,627,0.828223
3udd_ligand,628,0.66286
3udd_ligand,629,0.58689
3udd_ligand,630,0.531958
3udd_ligand,631,0.386054
3udd_ligand,632,0.722932
3udd_ligand,633,0.357695
3udd_ligand,634,0.645692
3udd_ligand,635,0.468441
3udd_ligand,636,0.423733
3udd_ligand,637,0.742679
3udd_ligand,638,0.731639
3udd_ligand,639,0.454696
3udd_ligand,640,0.510553
3udd_ligand,641,0.806649
3udd_ligand,642,0.525019
3udd_ligand,643,0.477759
3udd_ligand,644,0.65319
3udd_ligand,645,0.640631
3udd_ligand,646,0.365743
3udd_ligand,647,0.771578
3udd_ligand,648,0.485889
3udd_ligand,649,0.577194
3udd_ligand,650,0.57004
3udd_ligand,651,0.567773
3udd_ligand,652,0.599397
3udd_ligand,653,0.736901
3udd_ligand,654,0.385647
3udd_ligand,655,0.797756
3udd_ligand,656,0.368923
3udd_ligand,657,0.765301
3udd_ligand,658,0.34407
3udd_ligand,659,0.75165
3udd_ligand,660,0.405954
3udd_ligand,661,0.75571
3udd_ligand,662,0.533401
3udd_ligand,663,0.648537
3udd_ligand,664,0.439263
3udd_ligand,665,0.414285
3udd_ligand,666,0.745719
3udd_ligand,667,0.705843
3udd_ligand,668,0.426807
3udd_ligand,669,0.400395
3udd_ligand,670,0.757329
3udd_ligand,671,0.63695
3udd_ligand,672,0.413249
3udd_ligand,673,0.762115
3udd_ligand,674,0.460347
3udd_ligand,675,0.719244
3udd_ligand,676,0.392133
3udd_ligand,677,0.725152
3udd_ligand,678,0.439903
3udd_ligand,679,0.7884
3udd_ligand,680,0.437662
3udd_ligand,681,0.712212
3udd_ligand,682,0.579316
3udd_ligand,683,0.63398
3udd_ligand,684,0.429048
3udd_ligand,685,0.585668
3udd_ligand,686,0.679055
3udd_ligand,687,0.614997
3udd_ligand,688,0.4311
3udd_ligand,689,0.593998
3udd_ligand,690,0.616795
3udd_ligand,691,0.599256
3udd_ligand,692,0.436514
3udd_ligand,693,0.610557
3udd_ligand,694,0.728522
3udd_ligand,695,0.545065
3udd_ligand,696,0.553346
3udd_ligand,697,0.381478
3udd_ligand,698,0.764452
3udd_ligand,699,0.421303
3udd_ligand,700,0.751467
3udd_ligand,701,0.484786
3udd_ligand,702,0.656853
3udd_ligand,703,0.384406
3udd_ligand,704,0.736618
3udd_ligand,705,0.485027
3udd_ligand,706,0.713914
3udd_ligand,707,0.354218
3udd_ligand,708,0.6529
3udd_ligand,709,0.576284
3udd_ligand,710,0.664598
3udd_ligand,711,0.369045
3udd_ligand,712,0.717481
3udd_ligand,713,0.533888
3udd_ligand,714,0.630573
3udd_ligand,715,0.406145
3udd_ligand,716,0.615436
3udd_ligand,717,0.702836
3udd_ligand,718,0.645484
3udd_ligand,719,0.446553
3udd_ligand,720,0.570171
3udd_ligand,721,0.582163
3udd_ligand,722,0.671927
3udd_ligand,723,0.498649
3udd_ligand,724,0.424653
3udd_ligand,725,0.643172
3udd_ligand,726,0.614979
3udd_ligand,727,0.657774
3udd_ligand,728,0.366644
3udd_ligand,729,0.786687
3udd_ligand,730,0.368907
3udd_ligand,731,0.677972
3udd_ligand,732,0.56308
3udd_ligand,733,0.68784
3udd_ligand,734,0.434126
3udd_ligand,735,0.606922
3udd_ligand,736,0.633238
3udd_ligand,737,0.612455
3udd_ligand,738,0.478406
3udd_ligand,739,0.831719
3udd_ligand,740,0.45732
3udd_ligand,741,0.642182
3udd_ligand,742,0.440011
3udd_ligand,743,0.641236
3udd_ligand,744,0.416304
3udd_ligand,745,0.613073
3udd_ligand,746,0.430098
3udd_ligand,747,0.599018
3udd_ligand,748,0.409405
3udd_ligand,749,0.712422
3udd_ligand,750,0.534718
3udd_ligand,751,0.345106
3udd_ligand,752,0.748636
3udd_ligand,753,0.41359
3udd_ligand,754,0.697898
3udd_ligand,755,0.542226
3udd_ligand,756,0.613422
3udd_ligand,757,0.415876
3udd_ligand,758,0.681023
3udd_ligand,759,0.422803
3udd_ligand,760,0.552881
3udd_ligand,761,0.618808
3udd_ligand,762,0.523059
3udd_ligand,763,0.476696
3udd_ligand,764,0.712455
3udd_ligand,765,0.410843
3udd_ligand,766,0.662829
3udd_ligand,767,0.578223
3udd_ligand,768,0.680287
3udd_ligand,769,0.496539
3udd_ligand,770,0.445661
3udd_ligand,771,0.731325
3udd_ligand,772,0.531766
3udd_ligand,773,0.528485
3udd_ligand,774,0.590305
3udd_ligand,775,0.673523
3udd_ligand,776,0.419293
3udd_ligand,777,0.711765
3udd_ligand,778,0.358801
3udd_ligand,779,0.724174
3udd_ligand,780,0.58445
3udd_ligand,781,0.636951
3udd_ligand,782,0.499077
3udd_ligand,783,0.431729
3udd_ligand,784,0.83487
3udd_ligand,785,0.554967
3udd_ligand,786,0.426953
3udd_ligand,787,0.669596
3udd_ligand,788,0.602854
3udd_ligand,789,0.674313
3udd_ligand,790,0.456753
3udd_ligand,791,0.635992
3udd_ligand,792,0.501382
3udd_ligand,793,0.711222
3udd_ligand,794,0.602833
3udd_ligand,795,0.667921
3udd_ligand,796,0.407207
3udd_ligand,797,0.625697
3udd_ligand,798,0.602546
3udd_ligand,799,0.488346
3udd_ligand,800,0.614763
3udd_ligand,801,0.454845
3udd_ligand,802,0.698686
3udd_ligand,803,0.48689
3udd_ligand,804,0.676432
3udd_ligand,805,0.570956
3udd_ligand,806,0.679902
3udd_ligand,807,0.440841
3udd_ligand,808,0.564605
3udd_ligand,809,0.637536
3udd_ligand,810,0.633632
3udd_ligand,811,0.425816
3udd_ligand,812,0.667897
3udd_ligand,813,0.377987
3udd_ligand,814,0.694885
3udd_ligand,815,0.498359
3udd_ligand,816,0.584642
3udd_ligand,817,0.382283
3udd_ligand,818,0.708841
3udd_ligand,819,0.518736
3udd_ligand,820,0.659668
3udd_ligand,821,0.343252
3udd_ligand,822,0.672877
3udd_ligand,823,0.601424
3udd_ligand,824,0.555487
3udd_ligand,825,0.495879
3udd_ligand,826,0.740205
3udd_ligand,827,0.530379
3udd_ligand,828,0.528532
3udd_ligand,829,0.685296
3udd_ligand,830,0.587155
3udd_ligand,831,0.553062
3udd_ligand,832,0.594038
3udd_ligand,833,0.5872
3udd_ligand,834,0.343168
3udd_ligand,835,0.79457
3udd_ligand,836,0.331083
3udd_ligand,837,0.865739
3udd_ligand,838,0.402276
3udd_ligand,839,0.668316
3udd_ligand,840,0.612727
3udd_ligand,841,0.620146
3udd_ligand,842,0.485314
3udd_ligand,843,0.688984
3udd_ligand,844,0.663088
3udd_ligand,845,0.686433
3udd_ligand,846,0.517714
3udd_ligand,847,0.698548
3udd_ligand,848,0.661726
3udd_ligand,849,0.480542
3udd_ligand,850,0.652065
3udd_ligand,851,0.47033
3udd_ligand,852,0.411229
3udd_ligand,853,0.570029
3udd_ligand,854,0.654515
3udd_ligand,855,0.664896
3udd_ligand,856,0.435097
3udd_ligand,857,0.739832
3udd_ligand,858,0.378601
3udd_ligand,859,0.770704
3udd_ligand,860,0.291185
3udd_ligand,861,0.811406
3udd_ligand,862,0.51159
3udd_ligand,863,0.431512
3udd_ligand,864,0.620334
3udd_ligand,865,0.589381
3udd_ligand,866,0.425142
3udd_ligand,867,0.716397
3udd_ligand,868,0.499783
3udd_ligand,869,0.45051
3udd_ligand,870,0.746763
3udd_ligand,871,0.63528
3udd_ligand,872,0.204283
3udd_ligand,873,0.839051
3udd_ligand,874,0.457495
3udd_ligand,875,0.604201
3udd_ligand,876,0.614284
3udd_ligand,877,0.433575
3udd_ligand,878,0.702208
3udd_ligand,879,0.385567
3udd_ligand,880,0.785386
3udd_ligand,881,0.369907
3udd_ligand,882,0.608056
3udd_ligand,883,0.587434
3udd_ligand,884,0.726633
3udd_ligand,885,0.43082
3udd_ligand,886,0.650731
3udd_ligand,887,0.314596
3udd_ligand,888,0.817279
3udd_ligand,889,0.408752
3udd_ligand,890,0.595581
3udd_ligand,891,0.389435
3udd_ligand,892,0.673191
3udd_ligand,893,0.34618
3udd_ligand,894,0.788737
3udd_ligand,895,0.398882
3udd_ligand,896,0.547362
3udd_ligand,897,0.670203
3udd_ligand,898,0.536317
3udd_ligand,899,0.475633
3udd_ligand,900,0.672343
3udd_ligand,901,0.63756
3udd_ligand,902,0.3832
3udd_ligand,903,0.618364
3udd_ligand,904,0.651561
3udd_ligand,905,0.420543
3udd_ligand,906,0.522434
3udd_ligand,907,0.678683
3udd_ligand,908,0.583057
3udd_ligand,909,0.406413
3udd_ligand,910,0.603353
3udd_ligand,911,0.430191
3udd_ligand,912,0.667402
3udd_ligand,913,0.561288
3udd_ligand,914,0.409745
3udd_ligand,915,0.658784
3udd_ligand,916,0.599289
3udd_ligand,917,0.668353
3udd_ligand,918,0.445712
3udd_ligand,919,0.429839
3udd_ligand,920,0.724251
3udd_ligand,921,0.52466
3udd_ligand,922,0.560783
3udd_ligand,923,0.657774
3udd_ligand,924,0.483915
3udd_ligand,925,0.461147
3udd_ligand,926,0.596461
3udd_ligand,927,0.584113
3udd_ligand,928,0.681054
3udd_ligand,929,0.410233
3udd_ligand,930,0.64334
3udd_ligand,931,0.355227
3udd_ligand,932,0.671798
3udd_ligand,933,0.613558
3udd_ligand,934,0.592229
3udd_ligand,935,0.44063
3udd_ligand,936,0.622997
3udd_ligand,937,0.651905
3udd_ligand,938,0.631247
3udd_ligand,939,0.289635
3udd_ligand,940,0.896534
3udd_ligand,941,0.475833
3udd_ligand,942,0.661404
3udd_ligand,943,0.440021
3udd_ligand,944,0.676465
3udd_ligand,945,0.458707
3udd_ligand,946,0.5666
3udd_ligand,947,0.576922
3udd_ligand,948,0.737419
3udd_ligand,949,0.411959
3udd_ligand,950,0.617468
3udd_ligand,951,0.547953
3udd_ligand,952,0.530848
3udd_ligand,953,0.556364
3udd_ligand,954,0.605266
3udd_ligand,955,0.628652
3udd_ligand,956,0.376224
3udd_ligand,957,0.718776
3udd_ligand,958,0.536995
3udd_ligand,959,0.627867
3udd_ligand,960,0.455064
3udd_ligand,961,0.542956
3udd_ligand,962,0.63384
3udd_ligand,963,0.649026
3udd_ligand,964,0.417836
3udd_ligand,965,0.737944
3udd_ligand,966,0.384905
3udd_ligand,967,0.666749
3udd_ligand,968,0.338196
3udd_ligand,969,0.756931
3udd_ligand,970,0.291884
3udd_ligand,971,0.808694
3udd_ligand,972,0.436411
3udd_ligand,973,0.368599
3udd_ligand,974,0.771064
3udd_ligand,975,0.46511
3udd_ligand,976,0.547087
3udd_ligand,977,0.441786
3udd_ligand,978,0.540235
3udd_ligand,979,0.697553
3udd_ligand,980,0.51564
3udd_ligand,981,0.442334
3udd_ligand,982,0.543035
3udd_ligand,983,0.684341
3udd_ligand,984,0.309132
3udd_ligand,985,0.803838
3udd_ligand,986,0.496004
3udd_ligand,987,0.543365
3udd_ligand,988,0.563722
3udd_ligand,989,0.558155
3udd_ligand,990,0.496535
3udd_ligand,991,0.582837
3udd_ligand,992,0.743834
3udd_ligand,993,0.574299
3udd_ligand,994,0.523951
3udd_ligand,995,0.647844
3udd_ligand,996,0.705182
3udd_ligand,997,0.348141
3udd_ligand,998,0.756807
3udd_ligand,999,0.347435
3udd_ligand,1000,0.691944
3udd_ligand,1001,0.467893
3udd_ligand,1002,0.484021
3udd_ligand,1003,0.558398
3udd_ligand,1004,0.715446
3udd_ligand,1005,0.436276
3udd_ligand,1006,0.620772
3udd_ligand,1007,0.494602
3udd_ligand,1008,0.337001
3udd_ligand,1009,0.803047
3udd_ligand,1010,0.568722
3udd_ligand,1011,0.440053
3udd_ligand,1012,0.772343
3udd_ligand,1013,0.679633
3udd_ligand,1014,0.483224
3udd_ligand,1015,0.645217
3udd_ligand,1016,0.627571
3udd_ligand,1017,0.40224
3udd_ligand,1018,0.685221
3udd_ligand,1019,0.46155
3udd_ligand,1020,0.657001
3udd_ligand,1021,0.61866
3udd_ligand,1022,0.565947
3udd_ligand,1023,0.383033
3udd_ligand,1024,0.67697
3udd_ligand,1025,0.368839
3udd_ligand,1026,0.684638
3udd_ligand,1027,0.360413
3udd_ligand,1028,0.623658
3udd_ligand,1029,0.497379
3udd_ligand,1030,0.581148
3udd_ligand,1031,0.373594
3udd_ligand,1032,0.716146
3udd_ligand,1033,0.489072
3udd_ligand,1034,0.57308
3udd_ligand,1035,0.381748
3udd_ligand,1036,0.616589
3udd_ligand,1037,0.601855
3udd_ligand,1038,0.654885
3udd_ligand,1039,0.44924
3udd_ligand,1040,0.542277
3udd_ligand,1041,0.656839
3udd_ligand,1042,0.64192
3udd_ligand,1043,0.367659
3udd_ligand,1044,0.673056
3udd_ligand,1045,0.352372
3udd_ligand,1046,0.705711
3udd_ligand,1047,0.552966
3udd_ligand,1048,0.642323
3udd_ligand,1049,0.391618
3udd_ligand,1050,0.656704
3udd_ligand,1051,0.483466
3udd_ligand,1052,0.61559
3udd_ligand,1053,0.612853
3udd_ligand,1054,0.636098
3udd_ligand,1055,0.581428
3udd_ligand,1056,0.514078
3udd_ligand,1057,0.716478
3udd_ligand,1058,0.719747
3udd_ligand,1059,0.450571
3udd_ligand,1060,0.590112
3udd_ligand,1061,0.515197
3udd_ligand,1062,0.495471
3udd_ligand,1063,0.569295
3udd_ligand,1064,0.634587
3udd_ligand,1065,0.536527
3udd_ligand,1066,0.478835
3udd_ligand,1067,0.527154
3udd_ligand,1068,0.719439
3udd_ligand,1069,0.429583
3udd_ligand,1070,0.661547
3udd_ligand,1071,0.443196
3udd_ligand,1072,0.657118
3udd_ligand,1073,0.593201
3udd_ligand,1074,0.594503
3udd_ligand,1075,0.537565
3udd_ligand,1076,0.766295
3udd_ligand,1077,0.382526
3udd_ligand,1078,0.686915
3udd_ligand,1079,0.447649
3udd_ligand,1080,0.619228
3udd_ligand,1081,0.389101
3udd_ligand,1082,0.788905
3udd_ligand,1083,0.330277
3udd_ligand,1084,0.689211
3udd_ligand,1085,0.400036
3udd_ligand,1086,0.569669
3udd_ligand,1087,0.536844
3udd_ligand,1088,0.562328
3udd_ligand,1089,0.348861
3udd_ligand,1090,0.827446
3udd_ligand,1091,0.422785
3udd_ligand,1092,0.712887
3udd_ligand,1093,0.474886
3udd_ligand,1094,0.560068
3udd_ligand,1095,0.311902
3udd_ligand,1096,0.808046
3udd_ligand,1097,0.375171
3udd_ligand,1098,0.717064
3udd_ligand,1099,0.476846
3udd_ligand,1100,0.587696
3udd_ligand,1101,0.516315
3udd_ligand,1102,0.683103
3udd_ligand,1103,0.421982
3udd_ligand,1104,0.799223
3udd_ligand,1105,0.376266
3udd_ligand,1106,0.580461
3udd_ligand,1107,0.55861
3udd_ligand,1108,0.623431
3udd_ligand,1109,0.539362
3udd_ligand,1110,0.572636
3udd_ligand,1111,0.592778
3udd_ligand,1112,0.660997
3udd_ligand,1113,0.599231
3udd_ligand,1114,0.550152
3udd_ligand,1115,0.61736
3udd_ligand,1116,0.563425
3udd_ligand,1117,0.605712
3udd_ligand,1118,0.36334
3udd_ligand,1119,0.736696
3udd_ligand,1120,0.580922
3udd_ligand,1121,0.737487
3udd_ligand,1122,0.410884
3udd_ligand,1123,0.641638
3udd_ligand,1124,0.569031
3udd_ligand,1125,0.635007
3udd_ligand,1126,0.491536
3udd_ligand,1127,0.617737
3udd_ligand,1128,0.818553
3udd_ligand,1129,0.547546
3udd_ligand,1130,0.433316
3udd_ligand,1131,0.822031
3udd_ligand,1132,0.62799
3udd_ligand,1133,0.569504
3udd_ligand,1134,0.746127
3udd_ligand,1135,0.586703
3udd_ligand,1136,0.537519
3udd_ligand,1137,0.543876
3udd_ligand,1138,0.831019
3udd_ligand,1139,0.399977
3udd_ligand,1140,0.72485
3udd_ligand,1141,0.314043
3udd_ligand,1142,0.928688
3udd_ligand,1143,0.501887
3udd_ligand,1144,0.812009
3udd_ligand,1145,0.436602
3udd_ligand,1146,0.740783
3udd_ligand,1147,0.353581
3udd_ligand,1148,0.784252
3udd_ligand,1149,0.509473
3udd_ligand,1150,0.518367
3udd_ligand,1151,0.28108
3udd_ligand,1152,0.870986
3udd_ligand,1153,0.486984
3udd_ligand,1154,0.630685
3udd_ligand,1155,0.433204
3udd_ligand,1156,0.603114
3udd_ligand,1157,0.622504
3udd_ligand,1158,0.49644
3udd_ligand,1159,0.602986
3udd_ligand,1160,0.541464
3udd_ligand,1161,0.611681
3udd_ligand,1162,0.592442
3udd_ligand,1163,0.374525
3udd_ligand,1164,0.631641
3udd_ligand,1165,0.577561
3udd_ligand,1166,0.64537
3udd_ligand,1167,0.576858
3udd_ligand,1168,0.388243
3udd_ligand,1169,0.688423
3udd_ligand,1170,0.340377
3udd_ligand,1171,0.705435
3udd_ligand,1172,0.547929
3udd_ligand,1173,0.499787
3udd_ligand,1174,0.590483
3udd_ligand,1175,0.576819
3udd_ligand,1176,0.444864
3udd_ligand,1177,0.564381
3udd_ligand,1178,0.528863
3udd_ligand,1179,0.674168
3udd_ligand,1180,0.548921
3udd_ligand,1181,0.600514
3udd_ligand,1182,0.354499
3udd_ligand,1183,0.709763
3udd_ligand,1184,0.585735
3udd_ligand,1185,0.372666
3udd_ligand,1186,0.699101
3udd_ligand,1187,0.362577
3udd_ligand,1188,0.748886
3udd_ligand,1189,0.406785
3udd_ligand,1190,0.60834
3udd_ligand,1191,0.601887
3udd_ligand,1192,0.576061
3udd_ligand,1193,0.653603
3udd_ligand,1194,0.596752
3udd_ligand,1195,0.580061
3udd_ligand,1196,0.500396
3udd_ligand,1197,0.763761
3udd_ligand,1198,0.490494
3udd_ligand,1199,0.588067
3udd_ligand,1200,0.634226
3udd_ligand,1201,0.395627
3udd_ligand,1202,0.656638
3udd_ligand,1203,0.488063
3udd_ligand,1204,0.705697
3udd_ligand,1205,0.355985
3udd_ligand,1206,0.606852
3udd_ligand,1207,0.586435
3udd_ligand,1208,0.586423
3udd_ligand,1209,0.526518
3udd_ligand,1210,0.506629
3udd_ligand,1211,0.642269
3udd_ligand,1212,0.535605
3udd_ligand,1213,0.593374
3udd_ligand,1214,0.708388
3udd_ligand,1215,0.629334
3udd_ligand,1216,0.563664
3udd_ligand,1217,0.541212
3udd_ligand,1218,0.691676
3udd_ligand,1219,0.279413
3udd_ligand,1220,0.871763
3udd_ligand,1221,0.464076
3udd_ligand,1222,0.763632
3udd_ligand,1223,0.418014
3udd_ligand,1224,0.615412
3udd_ligand,1225,0.354207
3udd_ligand,1226,0.61152
3udd_ligand,1227,0.314162
3udd_ligand,1228,0.776162
3udd_ligand,1229,0.472619
3udd_ligand,1230,0.550378
3udd_ligand,1231,0.68222
3udd_ligand,1232,0.605128
3udd_ligand,1233,0.554106
3udd_ligand,1234,0.42229
3udd_ligand,1235,0.751001
3udd_ligand,1236,0.333634
3udd_ligand,1237,0.615101
3udd_ligand,1238,0.379878
3udd_ligand,1239,0.678927
3udd_ligand,1240,0.345464
3udd_ligand,1241,0.750623
3udd_ligand,1242,0.333043
3udd_ligand,1243,0.778552
3udd_ligand,1244,0.44501
3udd_ligand,1245,0.356351
3udd_ligand,1246,0.759351
3udd_ligand,1247,0.746291
3udd_ligand,1248,0.539606
3udd_ligand,1249,0.544362
3udd_ligand,1250,0.44312
3udd_ligand,1251,0.541749
3udd_ligand,1252,0.69425
3udd_ligand,1253,0.52607
3udd_ligand,1254,0.605866
3udd_ligand,1255,0.62819
3udd_ligand,1256,0.558046
3udd_ligand,1257,0.511659
3udd_ligand,1258,0.532517
3udd_ligand,1259,0.709022
3udd_ligand,1260,0.260156
3udd_ligand,1261,0.766993
3udd_ligand,1262,0.440219
3udd_ligand,1263,0.564931
3udd_ligand,1264,0.546175
3udd_ligand,1265,0.310164
3udd_ligand,1266,0.784821
3udd_ligand,1267,0.345238
3udd_ligand,1268,0.666293
3udd_ligand,1269,0.444413
3udd_ligand,1270,0.593
3udd_ligand,1271,0.515399
3udd_ligand,1272,0.341137
3udd_ligand,1273,0.700228
3udd_ligand,1274,0.613039
3udd_ligand,1275,0.415916
3udd_ligand,1276,0.615227
3udd_ligand,1277,0.603864
3udd_ligand,1278,0.604999
3udd_ligand,1279,0.601742
3udd_ligand,1280,0.486803
3udd_ligand,1281,0.614928
3udd_ligand,1282,0.528941
3udd_ligand,1283,0.515189
3udd_ligand,1284,0.355868
3udd_ligand,1285,0.667059
3udd_ligand,1286,0.493406
3udd_ligand,1287,0.525951
3udd_ligand,1288,0.524071
3udd_ligand,1289,0.382588
3udd_ligand,1290,0.650544
3udd_ligand,1291,0.402938
3udd_ligand,1292,0.55679
3udd_ligand,1293,0.467233
3udd_ligand,1294,0.590062
3udd_ligand,1295,0.549573
3udd_ligand,1296,0.596769
3udd_ligand,1297,0.429229
3udd_ligand,1298,0.563506
3udd_ligand,1299,0.654412
3udd_ligand,1300,0.495028
3udd_ligand,1301,0.458219
3udd_ligand,1302,0.622889
3udd_ligand,1303,0.446708
3udd_ligand,1304,0.592076
3udd_ligand,1305,0.474588
3udd_ligand,1306,0.3344
3udd_ligand,1307,0.788754
3udd_ligand,1308,0.410244
3udd_ligand,1309,0.588242
3udd_ligand,1310,0.371723
3udd_ligand,1311,0.668027
3udd_ligand,1312,0.557887
3udd_ligand,1313,0.555827
3udd_ligand,1314,0.401298
3udd_ligand,1315,0.683123
3udd_ligand,1316,0.421965
3udd_ligand,1317,0.592085
3udd_ligand,1318,0.477007
3udd_ligand,1319,0.341041
3udd_ligand,1320,0.727325
3udd_ligand,1321,0.463251
3udd_ligand,1322,0.577753
3udd_ligand,1323,0.335351
3udd_ligand,1324,0.660122
3udd_ligand,1325,0.37499
3udd_ligand,1326,0.57625
3udd_ligand,1327,0.429686
3udd_ligand,1328,0.539216
3udd_ligand,1329,0.59798
3udd_ligand,1330,0.563202
3udd_ligand,1331,0.457436
3udd_ligand,1332,0.711588
3udd_ligand,1333,0.513
3udd_ligand,1334,0.352179
3udd_ligand,1335,0.740518
3udd_ligand,1336,0.755768
3udd_ligand,1337,0.405734
3udd_ligand,1338,0.546017
3udd_ligand,1339,0.455666
3udd_ligand,1340,0.517867
3udd_ligand,1341,0.49264
3udd_ligand,1342,0.590421
3udd_ligand,1343,0.591248
3udd_ligand,1344,0.335325
3udd_ligand,1345,0.764797
3udd_ligand,1346,0.372456
3udd_ligand,1347,0.627256
3udd_ligand,1348,0.304076
3udd_ligand,1349,0.786062
3udd_ligand,1350,0.457922
3udd_ligand,1351,0.528716
3udd_ligand,1352,0.707203
3udd_ligand,1353,0.651002
3udd_ligand,1354,0.481229
3udd_ligand,1355,0.394985
3udd_ligand,1356,0.732903
3udd_ligand,1357,0.552375
3udd_ligand,1358,0.384059
3udd_ligand,1359,0.630302
3udd_ligand,1360,0.40282
3udd_ligand,1361,0.589306
3udd_ligand,1362,0.474422
3udd_ligand,1363,0.591688
3udd_ligand,1364,0.629567
3udd_ligand,1365,0.418105
3udd_ligand,1366,0.537461
3udd_ligand,1367,0.705306
3udd_ligand,1368,0.65745
3udd_ligand,1369,0.618878
3udd_ligand,1370,0.345135
3udd_ligand,1371,0.747553
3udd_ligand,1372,0.289449
3udd_ligand,1373,0.795472
3udd_ligand,1374,0.507549
3udd_ligand,1375,0.578239
3udd_ligand,1376,0.602681
3udd_ligand,1377,0.343677
3udd_ligand,1378,0.672577
3udd_ligand,1379,0.358261
3udd_ligand,1380,0.589388
3udd_ligand,1381,0.545575
3udd_ligand,1382,0.616998
3udd_ligand,1383,0.400058
3udd_ligand,1384,0.769612
3udd_ligand,1385,0.537992
3udd_ligand,1386,0.406001
3udd_ligand,1387,0.621395
3udd_ligand,1388,0.435372
3udd_ligand,1389,0.586653
3udd_ligand,1390,0.400665
3udd_ligand,1391,0.514202
3udd_ligand,1392,0.693492
3udd_ligand,1393,0.6353
3udd_ligand,1394,0.592655
3udd_ligand,1395,0.29346
3udd_ligand,1396,0.809795
3udd_ligand,1397,0.329216
3udd_ligand,1398,0.660938
3udd_ligand,1399,0.400987
3udd_ligand,1400,0.556463
3udd_ligand,1401,0.52138
3udd_ligand,1402,0.542289
3udd_ligand,1403,0.371265
3udd_ligand,1404,0.606764
3udd_ligand,1405,0.522183
3udd_ligand,1406,0.38497
3udd_ligand,1407,0.643768
3udd_ligand,1408,0.398649
3udd_ligand,1409,0.587841
3udd_ligand,1410,0.547758
3udd_ligand,1411,0.592529
3udd_ligand,1412,0.398771
3udd_ligand,1413,0.5845
3udd_ligand,1414,0.620958
3udd_ligand,1415,0.460798
3udd_ligand,1416,0.564456
3udd_ligand,1417,0.534057
3udd_ligand,1418,0.556875
3udd_ligand,1419,0.465198
3udd_ligand,1420,0.688502
3udd_ligand,1421,0.37239
3udd_ligand,1422,0.656883
3udd_ligand,1423,0.396082
3udd_ligand,1424,0.692248
3udd_ligand,1425,0.342365
3udd_ligand,1426,0.627514
3udd_ligand,1427,0.252215
3udd_ligand,1428,0.748006
3udd_ligand,1429,0.502651
3udd_ligand,1430,0.536856
3udd_ligand,1431,0.602625
3udd_ligand,1432,0.40835
3udd_ligand,1433,0.605324
3udd_ligand,1434,0.532897
3udd_ligand,1435,0.405232
3udd_ligand,1436,0.584959
3udd_ligand,1437,0.654538
3udd_ligand,1438,0.499885
3udd_ligand,1439,0.596999
3udd_ligand,1440,0.405258
3udd_ligand,1441,0.630463
3udd_ligand,1442,0.388316
3udd_ligand,1443,0.611805
3udd_ligand,1444,0.434463
3udd_ligand,1445,0.536461
3udd_ligand,1446,0.324773
3udd_ligand,1447,0.671146
3udd_ligand,1448,0.506471
3udd_ligand,1449,0.562693
3udd_ligand,1450,0.390746
3udd_ligand,1451,0.722344
3udd_ligand,1452,0.503424
3udd_ligand,1453,0.383343
3udd_ligand,1454,0.76656
3udd_ligand,1455,0.627984
3udd_ligand,1456,0.46918
3udd_ligand,1457,0.736174
3udd_ligand,1458,0.373305
3udd_ligand,1459,0.70988
3udd_ligand,1460,0.417552
3udd_ligand,1461,0.639886
3udd_ligand,1462,0.536484
3udd_ligand,1463,0.690991
3udd_ligand,1464,0.392447
3udd_ligand,1465,0.585161
3udd_ligand,1466,0.297967
3udd_ligand,1467,0.802782
3udd_ligand,1468,0.266773
3udd_ligand,1469,0.876235
3udd_ligand,1470,0.431691
3udd_ligand,1471,0.596068
3udd_ligand,1472,0.437586
3udd_ligand,1473,0.615767
3udd_ligand,1474,0.629884
3udd_ligand,1475,0.227749
3udd_ligand,1476,0.738102
3udd_ligand,1477,0.34827
3udd_ligand,1478,0.719347
3udd_ligand,1479,0.325218
3udd_ligand,1480,0.703928
3udd_ligand,1481,0.337675
3udd_ligand,1482,0.720931
3udd_ligand,1483,0.366828
3udd_ligand,1484,0.648606
3udd_ligand,1485,0.538203
3udd_ligand,1486,0.550779
3udd_ligand,1487,0.46487
3udd_ligand,1488,0.596878
3udd_ligand,1489,0.649006
3udd_ligand,1490,0.558289
3udd_ligand,1491,0.581128
3udd_ligand,1492,0.518978
3udd_ligand,1493,0.632427
3udd_ligand,1494,0.638004
3udd_ligand,1495,0.53934
3udd_ligand,1496,0.718933
3udd_ligand,1497,0.46571
3udd_ligand,1498,0.583265
3udd_ligand,1499,0.536512
3udd_ligand,1500,0.504916
3udd_ligand,1501,0.737003
3udd_ligand,1502,0.377322
3udd_ligand,1503,0.690286
3udd_ligand,1504,0.334873
3udd_ligand,1505,0.729131
3udd_ligand,1506,0.263949
3udd_ligand,1507,0.769147
3udd_ligand,1508,0.450788
3udd_ligand,1509,0.371884
3udd_ligand,1510,0.829487
3udd_ligand,1511,0.439782
3udd_ligand,1512,0.617859
3udd_ligand,1513,0.425945
3udd_ligand,1514,0.74414
3udd_ligand,1515,0.341606
3udd_ligand,1516,0.726626
3udd_ligand,1517,0.355213
3udd_ligand,1518,0.627342
3udd_ligand,1519,0.523207
3udd_ligand,1520,0.580317
3udd_ligand,1521,0.358753
3udd_ligand,1522,0.753722
3udd_ligand,1523,0.393716
3udd_ligand,1524,0.747895
3udd_ligand,1525,0.39883
3udd_ligand,1526,0.598613
3udd_ligand,1527,0.314418
3udd_ligand,1528,0.712958
3udd_ligand,1529,0.361418
3udd_ligand,1530,0.569869
3udd_ligand,1531,0.421309
3udd_ligand,1532,0.729802
3udd_ligand,1533,0.485211
3udd_ligand,1534,0.3639
3udd_ligand,1535,0.77741
3udd_ligand,1536,0.55998
3udd_ligand,1537,0.586723
3udd_ligand,1538,0.636128
3udd_ligand,1539,0.528943
3udd_ligand,1540,0.60074
3udd_ligand,1541,0.561042
3udd_ligand,1542,0.528444
3udd_ligand,1543,0.485063
3udd_ligand,1544,0.796497
3udd_ligand,1545,0.452218
3udd_ligand,1546,0.569587
3udd_ligand,1547,0.637112
3udd_ligand,1548,0.518102
3udd_ligand,1549,0.708372
3udd_ligand,1550,0.548008
3udd_ligand,1551,0.50446
3udd_ligand,1552,0.520322
3udd_ligand,1553,0.762246
3udd_ligand,1554,0.461916
3udd_ligand,1555,0.65866
3udd_ligand,1556,0.557959
3udd_ligand,1557,0.530744
3udd_ligand,1558,0.582114
3udd_ligand,1559,0.639392
3udd_ligand,1560,0.574074
3udd_ligand,1561,0.42832
3udd_ligand,1562,0.771085
3udd_ligand,1563,0.572031
3udd_ligand,1564,0.520099
3udd_ligand,1565,0.557768
3udd_ligand,1566,0.737613
3udd_ligand,1567,0.290674
3udd_ligand,1568,0.93721
3udd_ligand,1569,0.507194
3udd_ligand,1570,0.640297
3udd_ligand,1571,0.435358
3udd_ligand,1572,0.613806
3udd_ligand,1573,0.581338
3udd_ligand,1574,0.398921
3udd_ligand,1575,0.706243
3udd_ligand,1576,0.37987
3udd_ligand,1577,0.64748
3udd_ligand,1578,0.495134
3udd_ligand,1579,0.566391
3udd_ligand,1580,0.404685
3udd_ligand,1581,0.671655
3udd_ligand,1582,0.524376
3udd_ligand,1583,0.556652
3udd_ligand,1584,0.383956
3udd_ligand,1585,0.69327
3udd_ligand,1586,0.34638
3udd_ligand,1587,0.532224
3udd_ligand,1588,0.597469
3udd_ligand,1589,0.375695
3udd_ligand,1590,0.613236
3udd_ligand,1591,0.529358
3udd_ligand,1592,0.563733
3udd_ligand,1593,0.395359
3udd_ligand,1594,0.549349
3udd_ligand,1595,0.368793
3udd_ligand,1596,0.617826
3udd_ligand,1597,0.338471
3udd_ligand,1598,0.697418
3udd_ligand,1599,0.46423
3udd_ligand,1600,0.580618
3udd_ligand,1601,0.520002
3udd_ligand,1602,0.430505
3udd_ligand,1603,0.573742
3udd_ligand,1604,0.638384
3udd_ligand,1605,0.451244
3udd_ligand,1606,0.549057
3udd_ligand,1607,0.708603
3udd_ligand,1608,0.66934
3udd_ligand,1609,0.386315
3udd_ligand,1610,0.554474
3udd_ligand,1611,0.552773
3udd_ligand,1612,0.497514
3udd_ligand,1613,0.395351
3udd_ligand,1614,0.539302
3udd_ligand,1615,0.84542
3udd_ligand,1616,0.458481
3udd_ligand,1617,0.588068
3udd_ligand,1618,0.357401
3udd_ligand,1619,0.691006
3udd_ligand,1620,0.371068
3udd_ligand,1621,0.719793
3udd_ligand,1622,0.345502
3udd_ligand,1623,0.519505
3udd_ligand,1624,0.550763
3udd_ligand,1625,0.555538
3udd_ligand,1626,0.633984
3udd_ligand,1627,0.305599
3udd_ligand,1628,0.802208
3udd_ligand,1629,0.441473
3udd_ligand,1630,0.708305
3udd_ligand,1631,0.436013
3udd_ligand,1632,0.633562
3udd_ligand,1633,0.360363
3udd_ligand,1634,0.66653
3udd_ligand,1635,0.328683
3udd_ligand,1636,0.726894
3udd_ligand,1637,0.335335
3udd_ligand,1638,0.700424
3udd_ligand,1639,0.472844
3udd_ligand,1640,0.558518
3udd_ligand,1641,0.52528
3udd_ligand,1642,0.54154
3udd_ligand,1643,0.614081
3udd_ligand,1644,0.590368
3udd_ligand,1645,0.453004
3udd_ligand,1646,0.452579
3udd_ligand,1647,0.740328
3udd_ligand,1648,0.52528
3udd_ligand,1649,0.560633
3udd_ligand,1650,0.622789
3udd_ligand,1651,0.539477
3udd_ligand,1652,0.382669
3udd_ligand,1653,0.771767
3udd_ligand,1654,0.786096
3udd_ligand,1655,0.420134
3udd_ligand,1656,0.537839
3udd_ligand,1657,0.458842
3udd_ligand,1658,0.55495
3udd_ligand,1659,0.467213
3udd_ligand,1660,0.80651
3udd_ligand,1661,0.425254
3udd_ligand,1662,0.56835
3udd_ligand,1663,0.431615
3udd_ligand,1664,0.582418
3udd_ligand,1665,0.379749
3udd_ligand,1666,0.722744
3udd_ligand,1667,0.698139
3udd_ligand,1668,0.427913
3udd_ligand,1669,0.431714
3udd_ligand,1670,0.612981
3udd_ligand,1671,0.432885
3udd_ligand,1672,0.569947
3udd_ligand,1673,0.488964
3udd_ligand,1674,0.58806
3udd_ligand,1675,0.392907
3udd_ligand,1676,0.724375
3udd_ligand,1677,0.503284
3udd_ligand,1678,0.462116
3udd_ligand,1679,0.610049
3udd_ligand,1680,0.447603
3udd_ligand,1681,0.559376
3udd_ligand,1682,0.656916
3udd_ligand,1683,0.451585
3udd_ligand,1684,0.554614
3udd_ligand,1685,0.460389
3udd_ligand,1686,0.555984
3udd_ligand,1687,0.666896
3udd_ligand,1688,0.516339
3udd_ligand,1689,0.423648
3udd_ligand,1690,0.702812
3udd_ligand,1691,0.411168
3udd_ligand,1692,0.592092
3udd_ligand,1693,0.34917
3udd_ligand,1694,0.689671
3udd_ligand,1695,0.530189
3udd_ligand,1696,0.621951
3udd_ligand,1697,0.219485
3udd_ligand,1698,0.822445
3udd_ligand,1699,0.427736
3udd_ligand,1700,0.560199
3udd_ligand,1701,0.375601
3udd_ligand,1702,0.578415
3udd_ligand,1703,0.612843
3udd_ligand,1704,0.599358
3udd_ligand,1705,0.363822
3udd_ligand,1706,0.67642
3udd_ligand,1707,0.534156
3udd_ligand,1708,0.566749
3udd_ligand,1709,0.322436
3udd_ligand,1710,0.737017
3udd_ligand,1711,0.723947
3udd_ligand,1712,0.413067
3udd_ligand,1713,0.579814
3udd_ligand,1714,0.577326
3udd_ligand,1715,0.402885
3udd_ligand,1716,0.590398
3udd_ligand,1717,0.46611
3udd_ligand,1718,0.581572
3udd_ligand,1719,0.620792
3udd_ligand,1720,0.404518
3udd_ligand,1721,0.580624
3udd_ligand,1722,0.466804
3udd_ligand,1723,0.623184
3udd_ligand,1724,0.562407
3udd_ligand,1725,0.45526
3udd_ligand,1726,0.569424
3udd_ligand,1727,0.610471
3udd_ligand,1728,0.217893
3udd_ligand,1729,0.76138
3udd_ligand,1730,0.362364
3udd_ligand,1731,0.63335
3udd_ligand,1732,0.405814
3udd_ligand,1733,0.617748
3udd_ligand,1734,0.331949
3udd_ligand,1735,0.656372
3udd_ligand,1736,0.246629
3udd_ligand,1737,0.683189
3udd_ligand,1738,0.29523
3udd_ligand,1739,0.71589
3udd_ligand,1740,0.404575
3udd_ligand,1741,0.517962
3udd_ligand,1742,0.633036
3udd_ligand,1743,0.496733
3udd_ligand,1744,0.40069
3udd_ligand,1745,0.586484
3udd_ligand,1746,0.48007
3udd_ligand,1747,0.551688
3udd_ligand,1748,0.585941
3udd_ligand,1749,0.430864
3udd_ligand,1750,0.78455
3udd_ligand,1751,0.673267
3udd_ligand,1752,0.657503
3udd_ligand,1753,0.356632
3udd_ligand,1754,0.726421
3udd_ligand,1755,0.476969
3udd_ligand,1756,0.332242
3udd_ligand,1757,0.843745
3udd_ligand,1758,0.536521
3udd_ligand,1759,0.541852
3udd_ligand,1760,0.517985
3udd_ligand,1761,0.631539
3udd_ligand,1762,0.384443
3udd_ligand,1763,0.536931
3udd_ligand,1764,0.650172
3udd_ligand,1765,0.681
3udd_ligand,1766,0.282597
3udd_ligand,1767,0.743059
3udd_ligand,1768,0.392789
3udd_ligand,1769,0.580527
3udd_ligand,1770,0.507042
3udd_ligand,1771,0.486214
3udd_ligand,1772,0.553397
3udd_ligand,1773,0.552798
3udd_ligand,1774,0.670973
3udd_ligand,1775,0.38022
3udd_ligand,1776,0.601835
3udd_ligand,1777,0.328858
3udd_ligand,1778,0.787221
3udd_ligand,1779,0.413581
3udd_ligand,1780,0.538246
3udd_ligand,1781,0.531059
3udd_ligand,1782,0.593138
3udd_ligand,1783,0.364569
3udd_ligand,1784,0.697842
3udd_ligand,1785,0.584287
3udd_ligand,1786,0.560395
3udd_ligand,1787,0.367613
3udd_ligand,1788,0.6936
3udd_ligand,1789,0.614449
3udd_ligand,1790,0.624975
3udd_ligand,1791,0.436501
3udd_ligand,1792,0.664202
3udd_ligand,1793,0.43612
3udd_ligand,1794,0.397825
3udd_ligand,1795,0.496818
3udd_ligand,1796,0.81846
3udd_ligand,1797,0.361493
3udd_ligand,1798,0.652464
3udd_ligand,1799,0.403845
3udd_ligand,1800,0.658887
3udd_ligand,1801,0.358624
3udd_ligand,1802,0.624984
3udd_ligand,1803,0.300625
3udd_ligand,1804,0.781997
3udd_ligand,1805,0.492691
3udd_ligand,1806,0.59127
3udd_ligand,1807,0.53657
3udd_ligand,1808,0.375504
3udd_ligand,1809,0.568387
3udd_ligand,1810,0.530115
3udd_ligand,1811,0.343441
3udd_ligand,1812,0.70854
3udd_ligand,1813,0.63961
3udd_ligand,1814,0.433589
3udd_ligand,1815,0.551782
3udd_ligand,1816,0.520652
3udd_ligand,1817,0.345304
3udd_ligand,1818,0.729684
3udd_ligand,1819,0.34213
3udd_ligand,1820,0.630868
3udd_ligand,1821,0.227255
3udd_ligand,1822,0.781616
3udd_ligand,1823,0.384254
3udd_ligand,1824,0.602604
3udd_ligand,1825,0.404114
3udd_ligand,1826,0.660528
3udd_ligand,1827,0.423166
3udd_ligand,1828,0.539784
3udd_ligand,1829,0.489161
3udd_ligand,1830,0.411073
3udd_ligand,1831,0.694698
3udd_ligand,1832,0.60935
3udd_ligand,1833,0.469956
3udd_ligand,1834,0.50508
3udd_ligand,1835,0.492763
3udd_ligand,1836,0.60205
3udd_ligand,1837,0.410893
3udd_ligand,1838,0.595555
3udd_ligand,1839,0.607503
3udd_ligand,1840,0.363229
3udd_ligand,1841,0.639644
3udd_ligand,1842,0.380597
3udd_ligand,1843,0.66921
3udd_ligand,1844,0.447418
3udd_ligand,1845,0.576102
3udd_ligand,1846,0.506813
3udd_ligand,1847,0.654074
3udd_ligand,1848,0.509644
3udd_ligand,1849,0.534803
3udd_ligand,1850,0.497092
3udd_ligand,1851,0.590309
3udd_ligand,1852,0.651325
3udd_ligand,1853,0.385564
3udd_ligand,1854,0.538463
3udd_ligand,1855,0.724282
3udd_ligand,1856,0.670048
3udd_ligand,1857,0.591005
3udd_ligand,1858,0.504612
3udd_ligand,1859,0.619225
3udd_ligand,1860,0.605314
3udd_ligand,1861,0.419633
3udd_ligand,1862,0.577558
3udd_ligand,1863,0.601404
3udd_ligand,1864,0.40966
3udd_ligand,1865,0.730398
3udd_ligand,1866,0.33402
3udd_ligand,1867,0.659497
3udd_ligand,1868,0.276102
3udd_ligand,1869,0.770813
3udd_ligand,1870,0.39591
3udd_ligand,1871,0.673211
3udd_ligand,1872,0.442159
3udd_ligand,1873,0.556343
3udd_ligand,1874,0.391108
3udd_ligand,1875,0.69589
3udd_ligand,1876,0.394516
3udd_ligand,1877,0.726774
3udd_ligand,1878,0.486908
3udd_ligand,1879,0.57854
3udd_ligand,1880,0.346533
3udd_ligand,1881,0.837878
3udd_ligand,1882,0.489473
3udd_ligand,1883,0.486572
3udd_ligand,1884,0.517582
3udd_ligand,1885,0.409758
3udd_ligand,1886,0.677709
3udd_ligand,1887,0.484598
3udd_ligand,1888,0.489737
3udd_ligand,1889,0.770651
3udd_ligand,1890,0.412357
3udd_ligand,1891,0.548255
3udd_ligand,1892,0.652235
3udd_ligand,1893,0.619769
3udd_ligand,1894,0.48701
3udd_ligand,1895,0.671135
3udd_ligand,1896,0.669455
3udd_ligand,1897,0.336104
3udd_ligand,1898,0.765982
3udd_ligand,1899,0.40363
3udd_ligand,1900,0.593936
3udd_ligand,1901,0.500804
3udd_ligand,1902,0.392306
3udd_ligand,1903,0.706705
3udd_ligand,1904,0.330664
3udd_ligand,1905,0.628685
3udd_ligand,1906,0.229525
3udd_ligand,1907,0.721751
3udd_ligand,1908,0.426558
3udd_ligand,1909,0.566387
3udd_ligand,1910,0.527175
3udd_ligand,1911,0.33152
3udd_ligand,1912,0.725292
3udd_ligand,1913,0.255535
3udd_ligand,1914,0.79827
3udd_ligand,1915,0.508659
3udd_ligand,1916,0.568476
3udd_ligand,1917,0.493467
3udd_ligand,1918,0.412087
3udd_ligand,1919,0.608714
3udd_ligand,1920,0.538829
3udd_ligand,1921,0.47649
3udd_ligand,1922,0.525545
3udd_ligand,1923,0.762422
3udd_ligand,1924,0.273368
3udd_ligand,1925,0.827593
3udd_ligand,1926,0.372878
3udd_ligand,1927,0.625809
3udd_ligand,1928,0.398376
3udd_ligand,1929,0.649478
3udd_ligand,1930,0.328227
3udd_ligand,1931,0.607465
3udd_ligand,1932,0.318472
3udd_ligand,1933,0.740062
3udd_ligand,1934,0.566963
3udd_ligand,1935,0.619357
3udd_ligand,1936,0.559368
3udd_ligand,1937,0.39303
3udd_ligand,1938,0.59436
3udd_ligand,1939,0.531759
3udd_ligand,1940,0.515422
3udd_ligand,1941,0.571262
3udd_ligand,1942,0.671752
3udd_ligand,1943,0.471989
3udd_ligand,1944,0.386161
3udd_ligand,1945,0.658173
3udd_ligand,1946,0.595624
3udd_ligand,1947,0.557236
3udd_ligand,1948,0.378309
3udd_ligand,1949,0.655721
3udd_ligand,1950,0.33273
3udd_ligand,1951,0.748401
3udd_ligand,1952,0.358991
3udd_ligand,1953,0.617104
3udd_ligand,1954,0.347503
3udd_ligand,1955,0.767247
3udd_ligand,1956,0.534615
3udd_ligand,1957,0.553906
3udd_ligand,1958,0.72933
3udd_ligand,1959,0.46592
3udd_ligand,1960,0.384065
3udd_ligand,1961,0.614559
3udd_ligand,1962,0.56903
3udd_ligand,1963,0.305477
3udd_ligand,1964,0.778493
3udd_ligand,1965,0.433529
3udd_ligand,1966,0.580813
3udd_ligand,1967,0.644274
3udd_ligand,1968,0.398097
3udd_ligand,1969,0.641469
3udd_ligand,1970,0.414392
3udd_ligand,1971,0.658683
3udd_ligand,1972,0.528103
3udd_ligand,1973,0.504748
3udd_ligand,1974,0.546471
3udd_ligand,1975,0.609657
3udd_ligand,1976,0.702028
3udd_ligand,1977,0.385477
3udd_ligand,1978,0.639657
3udd_ligand,1979,0.34112
3udd_ligand,1980,0.752856
3udd_ligand,1981,0.369374
3udd_ligand,1982,0.541098
3udd_ligand,1983,0.530011
3udd_ligand,1984,0.344536
3udd_ligand,1985,0.753175
3udd_ligand,1986,0.5363
3udd_ligand,1987,0.510794
3udd_ligand,1988,0.52865
3udd_ligand,1989,0.543274
3udd_ligand,1990,0.637402
3udd_ligand,1991,0.329257
3udd_ligand,1992,0.670351
3udd_ligand,1993,0.33632
3udd_ligand,1994,0.644394
3udd_ligand,1995,0.393499
3udd_ligand,1996,0.535332
3udd_ligand,1997,0.482964
3udd_ligand,1998,0.587053
3udd_ligand,1999,0.427652
3udd_ligand,2000,0.474108
3udd_ligand,2001,0.595016
3udd_ligand,2002,0.610608
3udd_ligand,2003,0.452865
3udd_ligand,2004,0.582292
3udd_ligand,2005,0.446118
3udd_ligand,2006,0.555135
3udd_ligand,2007,0.817508
3udd_ligand,2008,0.41668
3udd_ligand,2009,0.538505
3udd_ligand,2010,0.523538
3udd_ligand,2011,0.453114
3udd_ligand,2012,0.603929
3udd_ligand,2013,0.676169
3udd_ligand,2014,0.41822
3udd_ligand,2015,0.563659
3udd_ligand,2016,0.500089
3udd_ligand,2017,0.577806
3udd_ligand,2018,0.536772
3udd_ligand,2019,0.741252
3udd_ligand,2020,0.31711
3udd_ligand,2021,0.74603
3udd_ligand,2022,0.386803
3udd_ligand,2023,0.661611
3udd_ligand,2024,0.361229
3udd_ligand,2025,0.581063
3udd_ligand,2026,0.355807
3udd_ligand,2027,0.650906
3udd_ligand,2028,0.559311
3udd_ligand,2029,0.507051
3udd_ligand,2030,0.48882
3udd_ligand,2031,0.687293
3udd_ligand,2032,0.59698
3udd_ligand,2033,0.561713
3udd_ligand,2034,0.430175
3udd_ligand,2035,0.740523
3udd_ligand,2036,0.447617
3udd_ligand,2037,0.530151
3udd_ligand,2038,0.375125
3udd_ligand,2039,0.664433
3udd_ligand,2040,0.424222
3udd_ligand,2041,0.597002
3udd_ligand,2042,0.346598
3udd_ligand,2043,0.681614
3udd_ligand,2044,0.387922
3udd_ligand,2045,0.640106
3udd_ligand,2046,0.535242
3udd_ligand,2047,0.459602
3udd_ligand,2048,0.546078
3udd_ligand,2049,0.60977
3udd_ligand,2050,0.288313
3udd_ligand,2051,0.841435
3udd_ligand,2052,0.4775
3udd_ligand,2053,0.546309
3udd_ligand,2054,0.558056
3udd_ligand,2055,0.404076
3udd_ligand,2056,0.733367
3udd_ligand,2057,0.548309
3udd_ligand,2058,0.536116
3udd_ligand,2059,0.402545
3udd_ligand,2060,0.713068
3udd_ligand,2061,0.497632
3udd_ligand,2062,0.549633
3udd_ligand,2063,0.330872
3udd_ligand,2064,0.70562
3udd_ligand,2065,0.34568
3udd_ligand,2066,0.522045
3udd_ligand,2067,0.623099
3udd_ligand,2068,0.473057
3udd_ligand,2069,0.59374
3udd_ligand,2070,0.53192
3udd_ligand,2071,0.37546
3udd_ligand,2072,0.651949
3udd_ligand,2073,0.524335
3udd_ligand,2074,0.612587
3udd_ligand,2075,0.537872
3udd_ligand,2076,0.359253
3udd_ligand,2077,0.720542
3udd_ligand,2078,0.47872
3udd_ligand,2079,0.461314
3udd_ligand,2080,0.767721
3udd_ligand,2081,0.500651
3udd_ligand,2082,0.429429
3udd_ligand,2083,0.624966
3udd_ligand,2084,0.389373
3udd_ligand,2085,0.711806
3udd_ligand,2086,0.594311
3udd_ligand,2087,0.483785
3udd_ligand,2088,0.556444
3udd_ligand,2089,0.589812
3udd_ligand,2090,0.378499
3udd_ligand,2091,0.76093
3udd_ligand,2092,0.486029
3udd_ligand,2093,0.3294
3udd_ligand,2094,0.714615
3udd_ligand,2095,0.382948
3udd_ligand,2096,0.586009
3udd_ligand,2097,0.311819
3udd_ligand,2098,0.721038
3udd_ligand,2099,0.399161
3udd_ligand,2100,0.637331
3udd_ligand,2101,0.445511
3udd_ligand,2102,0.583104
3udd_ligand,2103,0.574851
3udd_ligand,2104,0.599766
3udd_ligand,2105,0.329099
3udd_ligand,2106,0.679433
3udd_ligand,2107,0.613861
3udd_ligand,2108,0.606148
3udd_ligand,2109,0.352154
3udd_ligand,2110,0.750072
3udd_ligand,2111,0.44177
3udd_ligand,2112,0.580695
3udd_ligand,2113,0.712088
3udd_ligand,2114,0.338373
3udd_ligand,2115,0.735335
3udd_ligand,2116,0.28062
3udd_ligand,2117,0.863281
3udd_ligand,2118,0.31664
3udd_ligand,2119,0.544311
3udd_ligand,2120,0.512533
3udd_ligand,2121,0.658329
3udd_ligand,2122,0.563614
3udd_ligand,2123,0.397896
3udd_ligand,2124,0.755706
3udd_ligand,2125,0.371398
3udd_ligand,2126,0.660018
3udd_ligand,2127,0.290397
3udd_ligand,2128,0.784975
3udd_ligand,2129,0.243564
3udd_ligand,2130,0.829844
3udd_ligand,2131,0.54066
3udd_ligand,2132,0.360794
3udd_ligand,2133,0.708454
3udd_ligand,2134,0.66332
3udd_ligand,2135,0.354863
3udd_ligand,2136,0.566415
3udd_ligand,2137,0.392086
3udd_ligand,2138,0.626872
3udd_ligand,2139,0.538544
3udd_ligand,2140,0.631693
3udd_ligand,2141,0.350161
3udd_ligand,2142,0.621235
3udd_ligand,2143,0.513317
3udd_ligand,2144,0.540743
3udd_ligand,2145,0.668377
3udd_ligand,2146,0.404103
3udd_ligand,2147,0.510269
3udd_ligand,2148,0.554251
3udd_ligand,2149,0.608086
3udd_ligand,2150,0.547462
3udd_ligand,2151,0.552583
3udd_ligand,2152,0.617367
3udd_ligand,2153,0.583969
3udd_ligand,2154,0.629451
3udd_ligand,2155,0.224772
3udd_ligand,2156,0.844719
3udd_ligand,2157,0.377237
3udd_ligand,2158,0.714625
3udd_ligand,2159,0.405404
3udd_ligand,2160,0.622828
3udd_ligand,2161,0.382881
3udd_ligand,2162,0.622103
3udd_ligand,2163,0.376452
3udd_ligand,2164,0.604087
3udd_ligand,2165,0.290219
3udd_ligand,2166,0.791644
3udd_ligand,2167,0.562761
3udd_ligand,2168,0.650947
3udd_ligand,2169,0.293706
3udd_ligand,2170,0.701708
3udd_ligand,2171,0.54968
3udd_ligand,2172,0.628595
3udd_ligand,2173,0.323378
3udd_ligand,2174,0.719055
3udd_ligand,2175,0.579307
3udd_ligand,2176,0.652907
3udd_ligand,2177,0.405848
3udd_ligand,2178,0.697124
3udd_ligand,2179,0.491209
3udd_ligand,2180,0.483494
3udd_ligand,2181,0.521524
3udd_ligand,2182,0.377192
3udd_ligand,2183,0.661956
3udd_ligand,2184,0.347118
3udd_ligand,2185,0.580683
3udd_ligand,2186,0.468959
3udd_ligand,2187,0.606156
3udd_ligand,2188,0.417531
3udd_ligand,2189,0.574291
3udd_ligand,2190,0.580846
3udd_ligand,2191,0.557184
3udd_ligand,2192,0.311166
3udd_ligand,2193,0.709996
3udd_ligand,2194,0.307417
3udd_ligand,2195,0.733444
3udd_ligand,2196,0.460608
3udd_ligand,2197,0.398319
3udd_ligand,2198,0.654497
3udd_ligand,2199,0.394279
3udd_ligand,2200,0.499852
3udd_ligand,2201,0.505194
3udd_ligand,2202,0.677784
3udd_ligand,2203,0.50842
3udd_ligand,2204,0.560511
3udd_ligand,2205,0.483092
3udd_ligand,2206,0.393147
3udd_ligand,2207,0.692331
3udd_ligand,2208,0.570415
3udd_ligand,2209,0.478002
3udd_ligand,2210,0.416055
3udd_ligand,2211,0.585521
3udd_ligand,2212,0.359978
3udd_ligand,2213,0.596303
3udd_ligand,2214,0.555531
3udd_ligand,2215,0.557404
3udd_ligand,2216,0.541857
3udd_ligand,2217,0.63939
3udd_ligand,2218,0.530428
3udd_ligand,2219,0.551481
3udd_ligand,2220,0.517879
3udd_ligand,2221,0.547727
3udd_ligand,2222,0.524076
3udd_ligand,2223,0.583221
3udd_ligand,2224,0.357176
3udd_ligand,2225,0.598116
3udd_ligand,2226,0.565583
3udd_ligand,2227,0.424791
3udd_ligand,2228,0.625254
3udd_ligand,2229,0.466521
3udd_ligand,2230,0.518258
3udd_ligand,2231,0.507258
3udd_ligand,2232,0.562625
3udd_ligand,2233,0.583935
3udd_ligand,2234,0.599639
3udd_ligand,2235,0.482845
3udd_ligand,2236,0.540224
3udd_ligand,2237,0.579737
3udd_ligand,2238,0.417524
3udd_ligand,2239,0.602838
3udd_ligand,2240,0.573182
3udd_ligand,2241,0.431379
3udd_ligand,2242,0.757501
3udd_ligand,2243,0.448419
3udd_ligand,2244,0.617411
3udd_ligand,2245,0.609
3udd_ligand,2246,0.395073
3udd_ligand,2247,0.68083
3udd_ligand,2248,0.331743
3udd_ligand,2249,0.710049
3udd_ligand,2250,0.342437
3udd_ligand,2251,0.665514
3udd_ligand,2252,0.337298
3udd_ligand,2253,0.680412
3udd_ligand,2254,0.496181
3udd_ligand,2255,0.50145
3udd_ligand,2256,0.37883
3udd_ligand,2257,0.724098
3udd_ligand,2258,0.558962
3udd_ligand,2259,0.429552
3udd_ligand,2260,0.75051
3udd_ligand,2261,0.41629
3udd_ligand,2262,0.747191
3udd_ligand,2263,0.401329
3udd_ligand,2264,0.74923
3udd_ligand,2265,0.356091
3udd_ligand,2266,0.518301
3udd_ligand,2267,0.275739
3udd_ligand,2268,0.808338
3udd_ligand,2269,0.434775
3udd_ligand,2270,0.537761
3udd_ligand,2271,0.499713
3udd_ligand,2272,0.661061
3udd_ligand,2273,0.528955
3udd_ligand,2274,0.430837
3udd_ligand,2275,0.732491
3udd_ligand,2276,0.636616
3udd_ligand,2277,0.623005
3udd_ligand,2278,0.437369
3udd_ligand,2279,0.462327
3udd_ligand,2280,0.739757
3udd_ligand,2281,0.358678
3udd_ligand,2282,0.58167
3udd_ligand,2283,0.713063
3udd_ligand,2284,0.463689
3udd_ligand,2285,0.618103
3udd_ligand,2286,0.334079
3udd_ligand,2287,0.730837
3udd_ligand,2288,0.243257
3udd_ligand,2289,0.718257
3udd_ligand,2290,0.420947
3udd_ligand,2291,0.355026
3udd_ligand,2292,0.706139
3udd_ligand,2293,0.638572
3udd_ligand,2294,0.435225
3udd_ligand,2295,0.598841
3udd_ligand,2296,0.47114
3udd_ligand,2297,0.304898
3udd_ligand,2298,0.730097
3udd_ligand,2299,0.623288
3udd_ligand,2300,0.66732
3udd_ligand,2301,0.445101
3udd_ligand,2302,0.586918
3udd_ligand,2303,0.50765
3udd_ligand,2304,0.637652
3udd_ligand,2305,0.234169
3udd_ligand,2306,0.74255
3udd_ligand,2307,0.48777
3udd_ligand,2308,0.418417
3udd_ligand,2309,0.516388
3udd_ligand,2310,0.412343
3udd_ligand,2311,0.563952
3udd_ligand,2312,0.482056
3udd_ligand,2313,0.363613
3udd_ligand,2314,0.574295
3udd_ligand,2315,0.372546
3udd_ligand,2316,0.524633
3udd_ligand,2317,0.519497
3udd_ligand,2318,0.520502
3udd_ligand,2319,0.607922
3udd_ligand,2320,0.395867
3udd_ligand,2321,0.427629
3udd_ligand,2322,0.524904
3udd_ligand,2323,0.572923
3udd_ligand,2324,0.567945
3udd_ligand,2325,0.397285
3udd_ligand,2326,0.539151
3udd_ligand,2327,0.452561
3udd_ligand,2328,0.59221
3udd_ligand,2329,0.471589
3udd_ligand,2330,0.558951
3udd_ligand,2331,0.358469
3udd_ligand,2332,0.648071
3udd_ligand,2333,0.479137
3udd_ligand,2334,0.523911
3udd_ligand,2335,0.391574
3udd_ligand,2336,0.504325
3udd_ligand,2337,0.613272
3udd_ligand,2338,0.421317
3udd_ligand,2339,0.567339
3udd_ligand,2340,0.49559
3udd_ligand,2341,0.538519
3udd_ligand,2342,0.486273
3udd_ligand,2343,0.609335
3udd_ligand,2344,0.549015
3udd_ligand,2345,0.496281
3udd_ligand,2346,0.557378
3udd_ligand,2347,0.651123
3udd_ligand,2348,0.400545
3udd_ligand,2349,0.547897
3udd_ligand,2350,0.551131
3udd_ligand,2351,0.390003
3udd_ligand,2352,0.73802
3udd_ligand,2353,0.281789
3udd_ligand,2354,0.657472
3udd_ligand,2355,0.31388
3udd_ligand,2356,0.580956
3udd_ligand,2357,0.486009
3udd_ligand,2358,0.508636
3udd_ligand,2359,0.291264
3udd_ligand,2360,0.76479
3udd_ligand,2361,0.536953
3udd_ligand,2362,0.514413
3udd_ligand,2363,0.524041
3udd_ligand,2364,0.574754
3udd_ligand,2365,0.579462
3udd_ligand,2366,0.372187
3udd_ligand,2367,0.582121
3udd_ligand,2368,0.328804
3udd_ligand,2369,0.647258
3udd_ligand,2370,0.50797
3udd_ligand,2371,0.577518
3udd_ligand,2372,0.319754
3udd_ligand,2373,0.718062
3udd_ligand,2374,0.4137
3udd_ligand,2375,0.494385
3udd_ligand,2376,0.658457
3udd_ligand,2377,0.541751
3udd_ligand,2378,0.398074
3udd_ligand,2379,0.591034
3udd_ligand,2380,0.411388
3udd_ligand,2381,0.455414
3udd_ligand,2382,0.622275
3udd_ligand,2383,0.369725
3udd_ligand,2384,0.4972
3udd_ligand,2385,0.518506
3udd_ligand,2386,0.477758
3udd_ligand,2387,0.308386
3udd_ligand,2388,0.630193
3udd_ligand,2389,0.264056
3udd_ligand,2390,0.62188
3udd_ligand,2391,0.50783
3udd_ligand,2392,0.362251
3udd_ligand,2393,0.592918
3udd_ligand,2394,0.391772
3udd_ligand,2395,0.552684
3udd_ligand,2396,0.279657
3udd_ligand,2397,0.643907
3udd_ligand,2398,0.178554
3udd_ligand,2399,0.74977
3udd_ligand,2400,0.321635
3udd_ligand,2401,0.606198
3udd_ligand,2402,0.301987
3udd_ligand,2403,0.625578
3udd_ligand,2404,0.395408
3udd_ligand,2405,0.493167
3udd_ligand,2406,0.44208
3udd_ligand,2407,0.558046
3udd_ligand,2408,0.355849
3udd_ligand,2409,0.5959
3udd_ligand,2410,0.34147
3udd_ligand,2411,0.581285
3udd_ligand,2412,0.440967
3udd_ligand,2413,0.539865
3udd_ligand,2414,0.467278
3udd_ligand,2415,0.694542
3udd_ligand,2416,0.391756
3udd_ligand,2417,0.539332
3udd_ligand,2418,0.487993
3udd_ligand,2419,0.222867
3udd_ligand,2420,0.755954
3udd_ligand,2421,0.355408
3udd_ligand,2422,0.490621
3udd_ligand,2423,0.640666
3udd_ligand,2424,0.534073
3udd_ligand,2425,0.40286
3udd_ligand,2426,0.520939
3udd_ligand,2427,0.579868
3udd_ligand,2428,0.574886
3udd_ligand,2429,0.547956
3udd_ligand,2430,0.53911
3udd_ligand,2431,0.409657
3udd_ligand,2432,0.662698
3udd_ligand,2433,0.516743
3udd_ligand,2434,0.539842
3udd_ligand,2435,0.360234
3udd_ligand,2436,0.568901
3udd_ligand,2437,0.460171
3udd_ligand,2438,0.391778
3udd_ligand,2439,0.640539
3udd_ligand,2440,0.530582
3udd_ligand,2441,0.568866
3udd_ligand,2442,0.34993
3udd_ligand,2443,0.564814
3udd_ligand,2444,0.530986
3udd_ligand,2445,0.353491
3udd_ligand,2446,0.667647
3udd_ligand,2447,0.303244
3udd_ligand,2448,0.752504
3udd_ligand,2449,0.27977
3udd_ligand,2450,0.716621
3udd_ligand,2451,0.322299
3udd_ligand,2452,0.518279
3udd_ligand,2453,0.431995
3udd_ligand,2454,0.481025
3udd_ligand,2455,0.524155
3udd_ligand,2456,0.711599
3udd_ligand,2457,0.318317
3udd_ligand,2458,0.626435
3udd_ligand,2459,0.56836
3udd_ligand,2460,0.540323
3udd_ligand,2461,0.344702
3udd_ligand,2462,0.685807
3udd_ligand,2463,0.500249
3udd_ligand,2464,0.436546
3udd_ligand,2465,0.507788
3udd_ligand,2466,0.430631
3udd_ligand,2467,0.330138
3udd_ligand,2468,0.664526
3udd_ligand,2469,0.51825
3udd_ligand,2470,0.529538
3udd_ligand,2471,0.379271
3udd_ligand,2472,0.511911
3udd_ligand,2473,0.393241
3udd_ligand,2474,0.542517
3udd_ligand,2475,0.744497
3udd_ligand,2476,0.318774
3udd_ligand,2477,0.651869
3udd_ligand,2478,0.322132
3udd_ligand,2479,0.601602
3udd_ligand,2480,0.277859
3udd_ligand,2481,0.671164
3udd_ligand,2482,0.318627
3udd_ligand,2483,0.646918
3udd_ligand,2484,0.529139
3udd_ligand,2485,0.356221
3udd_ligand,2486,0.514905
3udd_ligand,2487,0.398512
3udd_ligand,2488,0.523101
3udd_ligand,2489,0.347268
3udd_ligand,2490,0.532717
3udd_ligand,2491,0.362698
3udd_ligand,2492,0.671557
3udd_ligand,2493,0.353277
3udd_ligand,2494,0.762373
3udd_ligand,2495,0.397295
3udd_ligand,2496,0.476959
3udd_ligand,2497,0.428128
3udd_ligand,2498,0.500999
3udd_ligand,2499,0.636392
3udd_ligand,2500,0.644518
3udd_ligand,2501,0.453356
3udd_ligand,2502,0.510359
3udd_ligand,2503,0.339109
3udd_ligand,2504,0.566023
3udd_ligand,2505,0.394003
3udd_ligand,2506,0.453209
3udd_ligand,2507,0.584366
3udd_ligand,2508,0.375019
3udd_ligand,2509,0.565755
3udd_ligand,2510,0.527629
3udd_ligand,2511,0.54113
3udd_ligand,2512,0.326086
3udd_ligand,2513,0.622075
3udd_ligand,2514,0.424986
3udd_ligand,2515,0.414142
3udd_ligand,2516,0.570558
3udd_ligand,2517,0.550387
3udd_ligand,2518,0.663175
3udd_ligand,2519,0.321753
3udd_ligand,2520,0.57319
3udd_ligand,2521,0.276359
3udd_ligand,2522,0.710028
3udd_ligand,2523,0.210483
3udd_ligand,2524,0.721119
3udd_ligand,2525,0.44259
3udd_ligand,2526,0.489882
3udd_ligand,2527,0.483038
3udd_ligand,2528,0.307813
3udd_ligand,2529,0.568569
3udd_ligand,2530,0.379994
3udd_ligand,2531,0.534046
3udd_ligand,2532,0.553054
3udd_ligand,2533,0.426889
3udd_ligand,2534,0.472928
3udd_ligand,2535,0.426444
3udd_ligand,2536,0.614415
3udd_ligand,2537,0.484172
3udd_ligand,2538,0.569975
3udd_ligand,2539,0.324005
3udd_ligand,2540,0.573976
3udd_ligand,2541,0.3761
3udd_ligand,2542,0.545135
3udd_ligand,2543,0.523843
3udd_ligand,2544,0.532268
3udd_ligand,2545,0.217328
3udd_ligand,2546,0.756675
3udd_ligand,2547,0.347348
3udd_ligand,2548,0.555075
3udd_ligand,2549,0.31889
3udd_ligand,2550,0.589898
3udd_ligand,2551,0.36998
3udd_ligand,2552,0.620754
3udd_ligand,2553,0.318147
3udd_ligand,2554,0.536772
3udd_ligand,2555,0.29222
3udd_ligand,2556,0.631164
3udd_ligand,2557,0.304576
3udd_ligand,2558,0.598292
3udd_ligand,2559,0.258625
3udd_ligand,2560,0.756531
3udd_ligand,2561,0.406329
3udd_ligand,2562,0.530587
3udd_ligand,2563,0.451838
3udd_ligand,2564,0.381442
3udd_ligand,2565,0.621991
3udd_ligand,2566,0.547388
3udd_ligand,2567,0.326833
3udd_ligand,2568,0.703119
3udd_ligand,2569,0.281252
3udd_ligand,2570,0.490166
3udd_ligand,2571,0.488616
3udd_ligand,2572,0.562038
3udd_ligand,2573,0.529167
3udd_ligand,2574,0.265377
3udd_ligand,2575,0.627485
3udd_ligand,2576,0.300074
3udd_ligand,2577,0.57903
3udd_ligand,2578,0.251266
3udd_ligand,2579,0.71921
3udd_ligand,2580,0.358414
3udd_ligand,2581,0.509742
3udd_ligand,2582,0.438464
3udd_ligand,2583,0.337679
3udd_ligand,2584,0.649153
3udd_ligand,2585,0.61429
3udd_ligand,2586,0.388162
3udd_ligand,2587,0.555817
3udd_ligand,2588,0.401228
3udd_ligand,2589,0.421256
3udd_ligand,2590,0.452565
3udd_ligand,2591,0.535726
3udd_ligand,2592,0.517734
3udd_ligand,2593,0.257533
3udd_ligand,2594,0.624612
3udd_ligand,2595,0.292569
3udd_ligand,2596,0.640966
3udd_ligand,2597,0.307228
3udd_ligand,2598,0.515447
3udd_ligand,2599,0.397985
3udd_ligand,2600,0.586429
3udd_ligand,2601,0.370217
3udd_ligand,2602,0.611058
3udd_ligand,2603,0.307937
3udd_ligand,2604,0.829241
3udd_ligand,2605,0.31787
3udd_ligand,2606,0.570145
3udd_ligand,2607,0.352517
3udd_ligand,2608,0.592483
3udd_ligand,2609,0.511194
3udd_ligand,2610,0.556086
3udd_ligand,2611,0.308618
3udd_ligand,2612,0.518105
3udd_ligand,2613,0.532901
3udd_ligand,2614,0.501652
3udd_ligand,2615,0.341471
3udd_ligand,2616,0.418708
3udd_ligand,2617,0.482182
3udd_ligand,2618,0.598855
3udd_ligand,2619,0.48457
3udd_ligand,2620,0.426964
3udd_ligand,2621,0.446027
3udd_ligand,2622,0.577317
3udd_ligand,2623,0.344953
3udd_ligand,2624,0.630763
3udd_ligand,2625,0.473012
3udd_ligand,2626,0.629214
3udd_ligand,2627,0.137371
3udd_ligand,2628,0.750082
3udd_ligand,2629,0.36412
3udd_ligand,2630,0.519363
3udd_ligand,2631,0.294276
3udd_ligand,2632,0.599757
3udd_ligand,2633,0.309794
3udd_ligand,2634,0.532454
3udd_ligand,2635,0.456794
3udd_ligand,2636,0.514212
3udd_ligand,2637,0.285668
3udd_ligand,2638,0.512742
3udd_ligand,2639,0.414515
3udd_ligand,2640,0.521722
3udd_ligand,2641,0.362114
3udd_ligand,2642,0.486844
3udd_ligand,2643,0.558836
3udd_ligand,2644,0.43068
3udd_ligand,2645,0.428236
3udd_ligand,2646,0.49607
3udd_ligand,2647,0.339185
3udd_ligand,2648,0.560439
3udd_ligand,2649,0.293972
3udd_ligand,2650,0.5732
3udd_ligand,2651,0.452668
3udd_ligand,2652,0.664045
3udd_ligand,2653,0.307922
3udd_ligand,2654,0.508718
3udd_ligand,2655,0.488422
3udd_ligand,2656,0.498873
3udd_ligand,2657,0.443024
3udd_ligand,2658,0.338267
3udd_ligand,2659,0.43516
3udd_ligand,2660,0.655194
3udd_ligand,2661,0.299309
3udd_ligand,2662,0.57652
3udd_ligand,2663,0.261043
3udd_ligand,2664,0.636773
3udd_ligand,2665,0.344379
3udd_ligand,2666,0.507952
3udd_ligand,2667,0.506322
3udd_ligand,2668,0.52564
3udd_ligand,2669,0.310034
3udd_ligand,2670,0.706196
3udd_ligand,2671,0.25005
3udd_ligand,2672,0.707554
3udd_ligand,2673,0.321816
3udd_ligand,2674,0.464515
3udd_ligand,2675,0.369106
3udd_ligand,2676,0.644278
3udd_ligand,2677,0.486867
3udd_ligand,2678,0.470039
3udd_ligand,2679,0.471483
3udd_ligand,2680,0.379094
3udd_ligand,2681,0.509701
3udd_ligand,2682,0.373587
3udd_ligand,2683,0.498422
3udd_ligand,2684,0.551783
3udd_ligand,2685,0.547289
3udd_ligand,2686,0.262661
3udd_ligand,2687,0.67176
3udd_ligand,2688,0.209949
3udd_ligand,2689,0.703214
3udd_ligand,2690,0.437951
3udd_ligand,2691,0.376755
3udd_ligand,2692,0.583113
3udd_ligand,2693,0.464732
3udd_ligand,2694,0.393787
3udd_ligand,2695,0.613244
3udd_ligand,2696,0.636901
3udd_ligand,2697,0.153558
3udd_ligand,2698,0.755641
3udd_ligand,2699,0.440052
3udd_ligand,2700,0.514416
3udd_ligand,2701,0.516683
3udd_ligand,2702,0.360024
3udd_ligand,2703,0.391676
3udd_ligand,2704,0.471967
3udd_ligand,2705,0.571169
3udd_ligand,2706,0.537448
3udd_ligand,2707,0.19129
3udd_ligand,2708,0.806014
3udd_ligand,2709,0.458037
3udd_ligand,2710,0.635439
3udd_ligand,2711,0.421807
3udd_ligand,2712,0.481223
3udd_ligand,2713,0.548881
3udd_ligand,2714,0.300049
3udd_ligand,2715,0.722656
3udd_ligand,2716,0.259204
3udd_ligand,2717,0.536518
3udd_ligand,2718,0.41047
3udd_ligand,2719,0.344933
3udd_ligand,2720,0.449076
3udd_ligand,2721,0.527105
3udd_ligand,2722,0.38003
3udd_ligand,2723,0.41939
3udd_ligand,2724,0.400659
3udd_ligand,2725,0.615831
3udd_ligand,2726,0.464487
3udd_ligand,2727,0.44411
3udd_ligand,2728,0.49391
3udd_ligand,2729,0.491387
3udd_ligand,2730,0.524468
3udd_ligand,2731,0.270294
3udd_ligand,2732,0.676714
3udd_ligand,2733,0.266036
3udd_ligand,2734,0.668823
3udd_ligand,2735,0.317897
3udd_ligand,2736,0.531905
3udd_ligand,2737,0.476929
3udd_ligand,2738,0.446583
3udd_ligand,2739,0.443694
3udd_ligand,2740,0.740447
3udd_ligand,2741,0.363988
3udd_ligand,2742,0.538043
3udd_ligand,2743,0.340153
3udd_ligand,2744,0.582191
3udd_ligand,2745,0.258615
3udd_ligand,2746,0.656989
3udd_ligand,2747,0.287492
3udd_ligand,2748,0.628112
3udd_ligand,2749,0.557466
3udd_ligand,2750,0.279341
3udd_ligand,2751,0.701179
3udd_ligand,2752,0.297834
3udd_ligand,2753,0.599962
3udd_ligand,2754,0.301433
3udd_ligand,2755,0.640798
3udd_ligand,2756,0.582078
3udd_ligand,2757,0.357256
3udd_ligand,2758,0.548349
3udd_ligand,2759,0.49636
3udd_ligand,2760,0.531916
3udd_ligand,2761,0.262127
3udd_ligand,2762,0.742907
3udd_ligand,2763,0.389813
3udd_ligand,2764,0.613165
3udd_ligand,2765,0.304685
3udd_ligand,2766,0.558767
3udd_ligand,2767,0.327219
3udd_ligand,2768,0.596864
3udd_ligand,2769,0.278145
3udd_ligand,2770,0.55534
3udd_ligand,2771,0.172885
3udd_ligand,2772,0.755648
3udd_ligand,2773,0.352818
3udd_ligand,2774,0.561114
3udd_ligand,2775,0.36244
3udd_ligand,2776,0.613446
3udd_ligand,2777,0.313558
3udd_ligand,2778,0.5323
3udd_ligand,2779,0.327994
3udd_ligand,2780,0.59685
3udd_ligand,2781,0.237366
3udd_ligand,2782,0.657282
3udd_ligand,2783,0.234798
3udd_ligand,2784,0.688012
3udd_ligand,2785,0.184394
3udd_ligand,2786,0.635712
3udd_ligand,2787,0.408202
3udd_ligand,2788,0.479844
3udd_ligand,2789,0.363373
3udd_ligand,2790,0.594097
3udd_ligand,2791,0.262737
3udd_ligand,2792,0.600333
3udd_ligand,2793,0.245947
3udd_ligand,2794,0.708853
3udd_ligand,2795,0.236582
3udd_ligand,2796,0.673966
3udd_ligand,2797,0.334891
3udd_ligand,2798,0.430054
3udd_ligand,2799,0.631758
3udd_ligand,2800,0.549764
3udd_ligand,2801,0.436667
3udd_ligand,2802,0.559064
3udd_ligand,2803,0.463986
3udd_ligand,2804,0.549833
3udd_ligand,2805,0.33104
3udd_ligand,2806,0.604839
3udd_ligand,2807,0.48542
3udd_ligand,2808,0.425791
3udd_ligand,2809,0.481452
3udd_ligand,2810,0.680876
3udd_ligand,2811,0.230622
3udd_ligand,2812,0.705109
3udd_ligand,2813,0.398876
3udd_ligand,2814,0.509042
3udd_ligand,2815,0.489816
3udd_ligand,2816,0.346295
3udd_ligand,2817,0.562435
3udd_ligand,2818,0.394408
3udd_ligand,2819,0.362805
3udd_ligand,2820,0.650366
3udd_ligand,2821,0.45953
3udd_ligand,2822,0.472048
3udd_ligand,2823,0.319308
3udd_ligand,2824,0.513743
3udd_ligand,2825,0.373138
3udd_ligand,2826,0.498689
3udd_ligand,2827,0.547918
3udd_ligand,2828,0.309305
3udd_ligand,2829,0.511125
3udd_ligand,2830,0.449619
3udd_ligand,2831,0.544039
3udd_ligand,2832,0.274462
3udd_ligand,2833,0.653388
3udd_ligand,2834,0.129653
3udd_ligand,2835,0.737985
3udd_ligand,2836,0.370717
3udd_ligand,2837,0.469957
3udd_ligand,2838,0.432353
3udd_ligand,2839,0.251826
3udd_ligand,2840,0.647358
3udd_ligand,2841,0.560225
3udd_ligand,2842,0.399924
3udd_ligand,2843,0.363917
3udd_ligand,2844,0.672484
3udd_ligand,2845,0.608472
3udd_ligand,2846,0.457736
3udd_ligand,2847,0.405599
3udd_ligand,2848,0.502405
3udd_ligand,2849,0.339092
3udd_ligand,2850,0.515774
3udd_ligand,2851,0.449142
3udd_ligand,2852,0.554522
3udd_ligand,2853,0.27636
3udd_ligand,2854,0.640967
3udd_ligand,2855,0.496414
3udd_ligand,2856,0.468336
3udd_ligand,2857,0.3546
3udd_ligand,2858,0.567373
3udd_ligand,2859,0.467605
3udd_ligand,2860,0.515187
3udd_ligand,2861,0.347525
3udd_ligand,2862,0.623644
3udd_ligand,2863,0.27877
3udd_ligand,2864,0.623089
3udd_ligand,2865,0.276907
3udd_ligand,2866,0.584128
3udd_ligand,2867,0.165744
3udd_ligand,2868,0.678556
3udd_ligand,2869,0.373403
3udd_ligand,2870,0.499362
3udd_ligand,2871,0.514759
3udd_ligand,2872,0.467568
3udd_ligand,2873,0.325529
3udd_ligand,2874,0.640554
3udd_ligand,2875,0.449839
3udd_ligand,2876,0.302407
3udd_ligand,2877,0.558578
3udd_ligand,2878,0.347983
3udd_ligand,2879,0.506482
3udd_ligand,2880,0.331073
3udd_ligand,2881,0.620995
3udd_ligand,2882,0.560869
3udd_ligand,2883,0.528928
3udd_ligand,2884,0.37931
3udd_ligand,2885,0.626727
3udd_ligand,2886,0.315387
3udd_ligand,2887,0.60344
3udd_ligand,2888,0.337787
3udd_ligand,2889,0.590729
3udd_ligand,2890,0.47757
3udd_ligand,2891,0.465252
3udd_ligand,2892,0.352594
3udd_ligand,2893,0.548436
3udd_ligand,2894,0.435666
3udd_ligand,2895,0.414917
3udd_ligand,2896,0.574896
3udd_ligand,2897,0.46607
3udd_ligand,2898,0.513653
3udd_ligand,2899,0.388211
3udd_ligand,2900,0.516616
3udd_ligand,2901,0.518426
3udd_ligand,2902,0.532616
3udd_ligand,2903,0.30529
3udd_ligand,2904,0.635289
3udd_ligand,2905,0.242622
3udd_ligand,2906,0.667665
3udd_ligand,2907,0.386419
3udd_ligand,2908,0.532619
3udd_ligand,2909,0.446246
3udd_ligand,2910,0.563335
3udd_ligand,2911,0.55576
3udd_ligand,2912,0.613586
3udd_ligand,2913,0.161003
3udd_ligand,2914,0.717617
3udd_ligand,2915,0.468924
3udd_ligand,2916,0.555763
3udd_ligand,2917,0.409417
3udd_ligand,2918,0.479631
3udd_ligand,2919,0.486347
3udd_ligand,2920,0.49492
3udd_ligand,2921,0.561135
3udd_ligand,2922,0.291852
3udd_ligand,2923,0.67347
3udd_ligand,2924,0.271326
3udd_ligand,2925,0.591875
3udd_ligand,2926,0.235521
3udd_ligand,2927,0.715068
3udd_ligand,2928,0.49069
3udd_ligand,2929,0.526185
3udd_ligand,2930,0.391003
3udd_ligand,2931,0.497573
3udd_ligand,2932,0.514626
3udd_ligand,2933,0.520446
3udd_ligand,2934,0.593072
3udd_ligand,2935,0.262873
3udd_ligand,2936,0.678371
3udd_ligand,2937,0.199191
3udd_ligand,2938,0.651893
3udd_ligand,2939,0.435828
3udd_ligand,2940,0.515092
3udd_ligand,2941,0.382594
3udd_ligand,2942,0.510866
3udd_ligand,2943,0.518311
3udd_ligand,2944,0.616762
3udd_ligand,2945,0.348473
3udd_ligand,2946,0.455037
3udd_ligand,2947,0.633848
3udd_ligand,2948,0.589708
3udd_ligand,2949,0.552646
3udd_ligand,2950,0.265115
3udd_ligand,2951,0.642988
3udd_ligand,2952,0.262581
3udd_ligand,2953,0.61105
3udd_ligand,2954,0.183253
3udd_ligand,2955,0.726656
3udd_ligand,2956,0.409035
3udd_ligand,2957,0.548257
3udd_ligand,2958,0.492782
3udd_ligand,2959,0.258403
3udd_ligand,2960,0.675303
3udd_ligand,2961,0.289268
3udd_ligand,2962,0.516337
3udd_ligand,2963,0.481398
3udd_ligand,2964,0.485748
3udd_ligand,2965,0.409138
3udd_ligand,2966,0.506686
3udd_ligand,2967,0.534415
3udd_ligand,2968,0.53019
3udd_ligand,2969,0.366877
3udd_ligand,2970,0.513925
3udd_ligand,2971,0.465722
3udd_ligand,2972,0.297782
3udd_ligand,2973,0.525574
3udd_ligand,2974,0.44702
3udd_ligand,2975,0.295121
3udd_ligand,2976,0.691049
3udd_ligand,2977,0.312235
3udd_ligand,2978,0.563914
3udd_ligand,2979,0.296255
3udd_ligand,2980,0.54172
3udd_ligand,2981,0.269773
3udd_ligand,2982,0.680569
3udd_ligand,2983,0.254231
3udd_ligand,2984,0.684875
3udd_ligand,2985,0.20129
3udd_ligand,2986,0.684817
3udd_ligand,2987,0.40016
3udd_ligand,2988,0.490976
3udd_ligand,2989,0.475082
3udd_ligand,2990,0.27814
3udd_ligand,2991,0.579276
3udd_ligand,2992,0.581326
3udd_ligand,2993,0.324904
3udd_ligand,2994,0.545379
3udd_ligand,2995,0.400215
3udd_ligand,2996,0.370905
3udd_ligand,2997,0.701303
3udd_ligand,2998,0.364163
3udd_ligand,2999,0.516349
3udd_ligand,3000,0.5782
3udd_ligand,3001,0.406761
3udd_ligand,3002,0.39216
3udd_ligand,3003,0.522526
3udd_ligand,3004,0.56573
3udd_ligand,3005,0.527116
3udd_ligand,3006,0.342709
3udd_ligand,3007,0.651188
3udd_ligand,3008,0.449755
3udd_ligand,3009,0.3754
3udd_ligand,3010,0.498073
3udd_ligand,3011,0.561701
3udd_ligand,3012,0.384088
3udd_ligand,3013,0.580303
3udd_ligand,3014,0.417222
3udd_ligand,3015,0.532236
3udd_ligand,3016,0.316652
3udd_ligand,3017,0.684893
3udd_ligand,3018,0.281715
3udd_ligand,3019,0.718762
3udd_ligand,3020,0.252669
3udd_ligand,3021,0.659957
3udd_ligand,3022,0.47216
3udd_ligand,3023,0.412225
3udd_ligand,3024,0.281613
3udd_ligand,3025,0.677971
3udd_ligand,3026,0.459403
3udd_ligand,3027,0.53648
3udd_ligand,3028,0.686254
3udd_ligand,3029,0.432938
3udd_ligand,3030,0.505437
3udd_ligand,3031,0.591174
3udd_ligand,3032,0.34969
3udd_ligand,3033,0.683366
3udd_ligand,3034,0.293504
3udd_ligand,3035,0.676923
3udd_ligand,3036,0.503593
3udd_ligand,3037,0.535167
3udd_ligand,3038,0.340057
3udd_ligand,3039,0.374761
3udd_ligand,3040,0.568335
3udd_ligand,3041,0.591082
3udd_ligand,3042,0.44103
3udd_ligand,3043,0.249069
3udd_ligand,3044,0.809328
3udd_ligand,3045,0.472543
3udd_ligand,3046,0.650173
3udd_ligand,3047,0.396325
3udd_ligand,3048,0.584277
3udd_ligand,3049,0.364302
3udd_ligand,3050,0.694808
3udd_ligand,3051,0.305061
3udd_ligand,3052,0.489844
3udd_ligand,3053,0.455265
3udd_ligand,3054,0.580399
3udd_ligand,3055,0.445705
3udd_ligand,3056,0.378922
3udd_ligand,3057,0.553767
3udd_ligand,3058,0.526852
3udd_ligand,3059,0.465911
3udd_ligand,3060,0.549504
3udd_ligand,3061,0.58052
3udd_ligand,3062,0.304166
3udd_ligand,3063,0.651407
3udd_ligand,3064,0.628202
3udd_ligand,3065,0.297077
3udd_ligand,3066,0.575786
3udd_ligand,3067,0.473416
3udd_ligand,3068,0.521747
3udd_ligand,3069,0.508008
3udd_ligand,3070,0.541961
3udd_ligand,3071,0.397308
3udd_ligand,3072,0.686386
3udd_ligand,3073,0.533511
3udd_ligand,3074,0.413822
3udd_ligand,3075,0.432554
3udd_ligand,3076,0.534789
3udd_ligand,3077,0.371932
3udd_ligand,3078,0.377478
3udd_ligand,3079,0.709176
3udd_ligand,3080,0.405952
3udd_ligand,3081,0.343467
3udd_ligand,3082,0.642489
3udd_ligand,3083,0.527205
3udd_ligand,3084,0.552734
3udd_ligand,3085,0.392369
3udd_ligand,3086,0.295174
3udd_ligand,3087,0.773044
3udd_ligand,3088,0.366312
3udd_ligand,3089,0.629602
3udd_ligand,3090,0.329688
3udd_ligand,3091,0.628831
3udd_ligand,3092,0.526281
3udd_ligand,3093,0.54565
3udd_ligand,3094,0.273693
3udd_ligand,3095,0.583731
3udd_ligand,3096,0.402483
3udd_ligand,3097,0.560785
3udd_ligand,3098,0.28398
3udd_ligand,3099,0.574437
3udd_ligand,3100,0.421592
3udd_ligand,3101,0.549633
3udd_ligand,3102,0.306447
3udd_ligand,3103,0.531864
3udd_ligand,3104,0.241823
3udd_ligand,3105,0.739753
3udd_ligand,3106,0.408044
3udd_ligand,3107,0.475572
3udd_ligand,3108,0.586053
3udd_ligand,3109,0.487905
3udd_ligand,3110,0.401716
3udd_ligand,3111,0.486404
3udd_ligand,3112,0.742523
3udd_ligand,3113,0.570081
3udd_ligand,3114,0.579409
3udd_ligand,3115,0.41535
3udd_ligand,3116,0.309593
3udd_ligand,3117,0.623635
3udd_ligand,3118,0.48178
3udd_ligand,3119,0.40858
3udd_ligand,3120,0.545607
3udd_ligand,3121,0.501416
3udd_ligand,3122,0.549385
3udd_ligand,3123,0.357584
3udd_ligand,3124,0.651329
3udd_ligand,3125,0.442137
3udd_ligand,3126,0.437286
3udd_ligand,3127,0.50254
3udd_ligand,3128,0.494778
3udd_ligand,3129,0.55295
3udd_ligand,3130,0.618384
3udd_ligand,3131,0.193485
3udd_ligand,3132,0.773158
3udd_ligand,3133,0.360716
3udd_ligand,3134,0.592474
3udd_ligand,3135,0.344797
3udd_ligand,3136,0.64004
3udd_ligand,3137,0.321959
3udd_ligand,3138,0.517057
3udd_ligand,3139,0.270625
3udd_ligand,3140,0.595169
3udd_ligand,3141,0.48051
3udd_ligand,3142,0.524685
3udd_ligand,3143,0.41802
3udd_ligand,3144,0.46261
3udd_ligand,3145,0.409497
3udd_ligand,3146,0.486268
3udd_ligand,3147,0.642886
3udd_ligand,3148,0.422784
3udd_ligand,3149,0.55305
3udd_ligand,3150,0.637729
3udd_ligand,3151,0.422059
3udd_ligand,3152,0.62799
3udd_ligand,3153,0.449239
3udd_ligand,3154,0.590855
3udd_ligand,3155,0.35045
3udd_ligand,3156,0.678861
3udd_ligand,3157,0.314758
3udd_ligand,3158,0.597529
3udd_ligand,3159,0.46
3udd_ligand,3160,0.459439
3udd_ligand,3161,0.35145
3udd_ligand,3162,0.582192
3udd_ligand,3163,0.505587
3udd_ligand,3164,0.537379
3udd_ligand,3165,0.479396
3udd_ligand,3166,0.464681
3udd_ligand,3167,0.360425
3udd_ligand,3168,0.629573
3udd_ligand,3169,0.336895
3udd_ligand,3170,0.627576
3udd_ligand,3171,0.430508
3udd_ligand,3172,0.436789
3udd_ligand,3173,0.35265
3udd_ligand,3174,0.683691
3udd_ligand,3175,0.393138
3udd_ligand,3176,0.602777
3udd_ligand,3177,0.571927
3udd_ligand,3178,0.555275
3udd_ligand,3179,0.508434
3udd_ligand,3180,0.474386
3udd_ligand,3181,0.81642
3udd_ligand,3182,0.542882
3udd_ligand,3183,0.488612
3udd_ligand,3184,0.551002
3udd_ligand,3185,0.655998
3udd_ligand,3186,0.248543
3udd_ligand,3187,0.747014
3udd_ligand,3188,0.539177
3udd_ligand,3189,0.539612
3udd_ligand,3190,0.661126
3udd_ligand,3191,0.427756
3udd_ligand,3192,0.382257
3udd_ligand,3193,0.532666
3udd_ligand,3194,0.489359
3udd_ligand,3195,0.586252
3udd_ligand,3196,0.363069
3udd_ligand,3197,0.637307
3udd_ligand,3198,0.341562
3udd_ligand,3199,0.61058
3udd_ligand,3200,0.431969
3udd_ligand,3201,0.538312
3udd_ligand,3202,0.508984
3udd_ligand,3203,0.21696
3udd_ligand,3204,0.670151
3udd_ligand,3205,0.518406
3udd_ligand,3206,0.515974
3udd_ligand,3207,0.580901
3udd_ligand,3208,0.593341
3udd_ligand,3209,0.518784
3udd_ligand,3210,0.515931
3udd_ligand,3211,0.568162
3udd_ligand,3212,0.596571
3udd_ligand,3213,0.25715
3udd_ligand,3214,0.728699
3udd_ligand,3215,0.326726
3udd_ligand,3216,0.578733
3udd_ligand,3217,0.346655
3udd_ligand,3218,0.59797
3udd_ligand,3219,0.323151
3udd_ligand,3220,0.688169
3udd_ligand,3221,0.289474
3udd_ligand,3222,0.676859
3udd_ligand,3223,0.484436
3udd_ligand,3224,0.503366
3udd_ligand,3225,0.282277
3udd_ligand,3226,0.772749
3udd_ligand,3227,0.306961
3udd_ligand,3228,0.792561
3udd_ligand,3229,0.407421
3udd_ligand,3230,0.683446
3udd_ligand,3231,0.478973
3udd_ligand,3232,0.625653
3udd_ligand,3233,0.586789
3udd_ligand,3234,0.516928
3udd_ligand,3235,0.717238
3udd_ligand,3236,0.538408
3udd_ligand,3237,0.414404
3udd_ligand,3238,0.401722
3udd_ligand,3239,0.579451
3udd_ligand,3240,0.555683
3udd_ligand,3241,0.411408
3udd_ligand,3242,0.300129
3udd_ligand,3243,0.741571
3udd_ligand,3244,0.347427
3udd_ligand,3245,0.546131
3udd_ligand,3246,0.349823
3udd_ligand,3247,0.565143
3udd_ligand,3248,0.334147
3udd_ligand,3249,0.615809
3udd_ligand,3250,0.444122
3udd_ligand,3251,0.472846
3udd_ligand,3252,0.396873
3udd_ligand,3253,0.510709
3udd_ligand,3254,0.618698
3udd_ligand,3255,0.574679
3udd_ligand,3256,0.517489
3udd_ligand,3257,0.658807
3udd_ligand,3258,0.601087
3udd_ligand,3259,0.443096
3udd_ligand,3260,0.486921
3udd_ligand,3261,0.535259
3udd_ligand,3262,0.588359
3udd_ligand,3263,0.464947
3udd_ligand,3264,0.655213
3udd_ligand,3265,0.572097
3udd_ligand,3266,0.529099
3udd_ligand,3267,0.481305
3udd_ligand,3268,0.588375
3udd_ligand,3269,0.253029
3udd_ligand,3270,0.657207
3udd_ligand,3271,0.412765
3udd_ligand,3272,0.52886
3udd_ligand,3273,0.499202
3udd_ligand,3274,0.414932
3udd_ligand,3275,0.443866
3udd_ligand,3276,0.380837
3udd_ligand,3277,0.508425
3udd_ligand,3278,0.58732
3udd_ligand,3279,0.316423
3udd_ligand,3280,0.738096
3udd_ligand,3281,0.503995
3udd_ligand,3282,0.551049
3udd_ligand,3283,0.456699
3udd_ligand,3284,0.374419
3udd_ligand,3285,0.64565
3udd_ligand,3286,0.569276
3udd_ligand,3287,0.481249
3udd_ligand,3288,0.478267
3udd_ligand,3289,0.613247
3udd_ligand,3290,0.276851
3udd_ligand,3291,0.70941
3udd_ligand,3292,0.520161
3udd_ligand,3293,0.594614
3udd_ligand,3294,0.436761
3udd_ligand,3295,0.410769
3udd_ligand,3296,0.513549
3udd_ligand,3297,0.531533
3udd_ligand,3298,0.294571
3udd_ligand,3299,0.681831
3udd_ligand,3300,0.502913
3udd_ligand,3301,0.360442
3udd_ligand,3302,0.687295
3udd_ligand,3303,0.623849
3udd_ligand,3304,0.414967
3udd_ligand,3305,0.562474
3udd_ligand,3306,0.383259
3udd_ligand,3307,0.442833
3udd_ligand,3308,0.609222
3udd_ligand,3309,0.409648
3udd_ligand,3310,0.589703
3udd_ligand,3311,0.203215
3udd_ligand,3312,0.707436
3udd_ligand,3313,0.553189
3udd_ligand,3314,0.624931
3udd_ligand,3315,0.351709
3udd_ligand,3316,0.533599
3udd_ligand,3317,0.371131
3udd_ligand,3318,0.574528
3udd_ligand,3319,0.316816
3udd_ligand,3320,0.591527
3udd_ligand,3321,0.324541
3udd_ligand,3322,0.571621
3udd_ligand,3323,0.41427
3udd_ligand,3324,0.51673
3udd_ligand,3325,0.373089
3udd_ligand,3326,0.519177
3udd_ligand,3327,0.509459
3udd_ligand,3328,0.566828
3udd_ligand,3329,0.480063
3udd_ligand,3330,0.353546
3udd_ligand,3331,0.545367
3udd_ligand,3332,0.555987
3udd_ligand,3333,0.277469
3udd_ligand,3334,0.557584
3udd_ligand,3335,0.310304
3udd_ligand,3336,0.614389
3udd_ligand,3337,0.278799
3udd_ligand,3338,0.572772
3udd_ligand,3339,0.189785
3udd_ligand,3340,0.695621
3udd_ligand,3341,0.408685
3udd_ligand,3342,0.50538
3udd_ligand,3343,0.584392
3udd_ligand,3344,0.517791
3udd_ligand,3345,0.3684
3udd_ligand,3346,0.422473
3udd_ligand,3347,0.299849
3udd_ligand,3348,0.619401
3udd_ligand,3349,0.22352
3udd_ligand,3350,0.648992
3udd_ligand,3351,0.365414
3udd_ligand,3352,0.341464
3udd_ligand,3353,0.527496
3udd_ligand,3354,0.468566
3udd_ligand,3355,0.30743
3udd_ligand,3356,0.643335
3udd_ligand,3357,0.598285
3udd_ligand,3358,0.394499
3udd_ligand,3359,0.361264
3udd_ligand,3360,0.470457
3udd_ligand,3361,0.544213
3udd_ligand,3362,0.390788
3udd_ligand,3363,0.480533
3udd_ligand,3364,0.54432
3udd_ligand,3365,0.492652
3udd_ligand,3366,0.40995
3udd_ligand,3367,0.54592
3udd_ligand,3368,0.330664
3udd_ligand,3369,0.664313
3udd_ligand,3370,0.399079
3udd_ligand,3371,0.545096
3udd_ligand,3372,0.486781
3udd_ligand,3373,0.367555
3udd_ligand,3374,0.589768
3udd_ligand,3375,0.315354
3udd_ligand,3376,0.625684
3udd_ligand,3377,0.33288
3udd_ligand,3378,0.490308
3udd_ligand,3379,0.507603
3udd_ligand,3380,0.461279
3udd_ligand,3381,0.465234
3udd_ligand,3382,0.587106
3udd_ligand,3383,0.467852
3udd_ligand,3384,0.403182
3udd_ligand,3385,0.498289
3udd_ligand,3386,0.572787
3udd_ligand,3387,0.460078
3udd_ligand,3388,0.544527
3udd_ligand,3389,0.404831
3udd_ligand,3390,0.538952
3udd_ligand,3391,0.400055
3udd_ligand,3392,0.618058
3udd_ligand,3393,0.393455
3udd_ligand,3394,0.558975
3udd_ligand,3395,0.415166
3udd_ligand,3396,0.251693
3udd_ligand,3397,0.77803
3udd_ligand,3398,0.39172
3udd_ligand,3399,0.52971
3udd_ligand,3400,0.27963
3udd_ligand,3401,0.506909
3udd_ligand,3402,0.332457
3udd_ligand,3403,0.676573
3udd_ligand,3404,0.415036
3udd_ligand,3405,0.576589
3udd_ligand,3406,0.363747
3udd_ligand,3407,0.485922
3udd_ligand,3408,0.53556
3udd_ligand,3409,0.352455
3udd_ligand,3410,0.697191
3udd_ligand,3411,0.501346
3udd_ligand,3412,0.467291
3udd_ligand,3413,0.481476
3udd_ligand,3414,0.550695
3udd_ligand,3415,0.293913
3udd_ligand,3416,0.766399
3udd_ligand,3417,0.283008
3udd_ligand,3418,0.673804
3udd_ligand,3419,0.414964
3udd_ligand,3420,0.432684
3udd_ligand,3421,0.270955
3udd_ligand,3422,0.68221
3udd_ligand,3423,0.659848
3udd_ligand,3424,0.455707
3udd_ligand,3425,0.462571
3udd_ligand,3426,0.347989
3udd_ligand,3427,0.688731
3udd_ligand,3428,0.471481
3udd_ligand,3429,0.442071
3udd_ligand,3430,0.505791
3udd_ligand,3431,0.412535
3udd_ligand,3432,0.472716
3udd_ligand,3433,0.522022
3udd_ligand,3434,0.521363
3udd_ligand,3435,0.230808
3udd_ligand,3436,0.708571
3udd_ligand,3437,0.186102
3udd_ligand,3438,0.712807
3udd_ligand,3439,0.403204
3udd_ligand,3440,0.50637
3udd_ligand,3441,0.653964
3udd_ligand,3442,0.586776
3udd_ligand,3443,0.587975
3udd_ligand,3444,0.233769
3udd_ligand,3445,0.676414
3udd_ligand,3446,0.554609
3udd_ligand,3447,0.400516
3udd_ligand,3448,0.586881
3udd_ligand,3449,0.557958
3udd_ligand,3450,0.493392
3udd_ligand,3451,0.315179
3udd_ligand,3452,0.606494
3udd_ligand,3453,0.31249
3udd_ligand,3454,0.627954
3udd_ligand,3455,0.313336
3udd_ligand,3456,0.632447
3udd_ligand,3457,0.319324
3udd_ligand,3458,0.584203
3udd_ligand,3459,0.396013
3udd_ligand,3460,0.557311
3udd_ligand,3461,0.377634
3udd_ligand,3462,0.355711
3udd_ligand,3463,0.535335
3udd_ligand,3464,0.551932
3udd_ligand,3465,0.56307
3udd_ligand,3466,0.30813
3udd_ligand,3467,0.531886
3udd_ligand,3468,0.497352
3udd_ligand,3469,0.590996
3udd_ligand,3470,0.33
3udd_ligand,3471,0.520043
3udd_ligand,3472,0.556644
3udd_ligand,3473,0.581746
3udd_ligand,3474,0.374159
3udd_ligand,3475,0.488591
3udd_ligand,3476,0.522804
3udd_ligand,3477,0.309643
3udd_ligand,3478,0.519612
3udd_ligand,3479,0.498323
3udd_ligand,3480,0.580058
3udd_ligand,3481,0.286028
3udd_ligand,3482,0.64147
3udd_ligand,3483,0.51798
3udd_ligand,3484,0.465606
3udd_ligand,3485,0.489659
3udd_ligand,3486,0.480374
3udd_ligand,3487,0.553144
3udd_ligand,3488,0.318388
3udd_ligand,3489,0.659544
3udd_ligand,3490,0.322645
3udd_ligand,3491,0.563813
3udd_ligand,3492,0.503623
3udd_ligand,3493,0.539263
3udd_ligand,3494,0.540884
3udd_ligand,3495,0.494478
3udd_ligand,3496,0.613325
3udd_ligand,3497,0.524394
3udd_ligand,3498,0.427002
3udd_ligand,3499,0.613122
3udd_ligand,3500,0.606577
3udd_ligand,3501,0.193408
3udd_ligand,3502,0.804661
3udd_ligand,3503,0.414399
3udd_ligand,3504,0.620116
3udd_ligand,3505,0.39498
3udd_ligand,3506,0.494317
3udd_ligand,3507,0.33926
3udd_ligand,3508,0.547879
3udd_ligand,3509,0.452349
3udd_ligand,3510,0.492486
3udd_ligand,3511,0.461608
3udd_ligand,3512,0.489272
3udd_ligand,3513,0.303415
3udd_ligand,3514,0.732427
3udd_ligand,3515,0.442832
3udd_ligand,3516,0.510975
3udd_ligand,3517,0.677847
3udd_ligand,3518,0.302749
3udd_ligand,3519,0.537282
3udd_ligand,3520,0.47971
3udd_ligand,3521,0.3236
3udd_ligand,3522,0.549636
3udd_ligand,3523,0.431097
3udd_ligand,3524,0.581321
3udd_ligand,3525,0.560809
3udd_ligand,3526,0.414527
3udd_ligand,3527,0.352914
3udd_ligand,3528,0.462519
3udd_ligand,3529,0.571112
3udd_ligand,3530,0.531042
3udd_ligand,3531,0.359314
3udd_ligand,3532,0.617438
3udd_ligand,3533,0.413179
3udd_ligand,3534,0.406669
3udd_ligand,3535,0.505663
3udd_ligand,3536,0.56046
3udd_ligand,3537,0.417568
3udd_ligand,3538,0.498874
3udd_ligand,3539,0.406231
3udd_ligand,3540,0.54796
3udd_ligand,3541,0.319301
3udd_ligand,3542,0.756867
3udd_ligand,3543,0.475774
3udd_ligand,3544,0.478669
3udd_ligand,3545,0.420797
3udd_ligand,3546,0.529457
3udd_ligand,3547,0.287939
3udd_ligand,3548,0.554667
3udd_ligand,3549,0.495093
3udd_ligand,3550,0.538865
3udd_ligand,3551,0.341478
3udd_ligand,3552,0.406398
3udd_ligand,3553,0.562255
3udd_ligand,3554,0.541454
3udd_ligand,3555,0.554054
3udd_ligand,3556,0.299041
3udd_ligand,3557,0.58007
3udd_ligand,3558,0.54114
3udd_ligand,3559,0.40122
3udd_ligand,3560,0.459951
3udd_ligand,3561,0.350694
3udd_ligand,3562,0.567703
3udd_ligand,3563,0.40011
3udd_ligand,3564,0.466915
3udd_ligand,3565,0.390594
3udd_ligand,3566,0.647643
3udd_ligand,3567,0.440221
3udd_ligand,3568,0.514398
3udd_ligand,3569,0.321601
3udd_ligand,3570,0.6492
3udd_ligand,3571,0.482855
3udd_ligand,3572,0.461373
3udd_ligand,3573,0.549119
3udd_ligand,3574,0.523588
3udd_ligand,3575,0.558439
3udd_ligand,3576,0.313153
3udd_ligand,3577,0.645786
3udd_ligand,3578,0.304081
3udd_ligand,3579,0.651127
3udd_ligand,3580,0.298018
3udd_ligand,3581,0.50402
3udd_ligand,3582,0.437091
3udd_ligand,3583,0.356706
3udd_ligand,3584,0.704783
3udd_ligand,3585,0.38689
3udd_ligand,3586,0.577851
3udd_ligand,3587,0.303232
3udd_ligand,3588,0.648484
3udd_ligand,3589,0.48529
3udd_ligand,3590,0.505698
3udd_ligand,3591,0.446612
3udd_ligand,3592,0.286594
3udd_ligand,3593,0.666258
3udd_ligand,3594,0.405665
3udd_ligand,3595,0.480539
3udd_ligand,3596,0.536622
3udd_ligand,3597,0.520975
3udd_ligand,3598,0.255662
3udd_ligand,3599,0.717043
3udd_ligand,3600,0.305038
3udd_ligand,3601,0.676557
3udd_ligand,3602,0.283252
3udd_ligand,3603,0.439595
3udd_ligand,3604,0.561953
3udd_ligand,3605,0.526835
3udd_ligand,3606,0.198676
3udd_ligand,3607,0.688435
3udd_ligand,3608,0.56701
3udd_ligand,3609,0.434737
3udd_ligand,3610,0.64085
3udd_ligand,3611,0.440784
3udd_ligand,3612,0.441023
3udd_ligand,3613,0.495243
3udd_ligand,3614,0.470073
3udd_ligand,3615,0.410946
3udd_ligand,3616,0.591627
3udd_ligand,3617,0.37229
3udd_ligand,3618,0.461121
3udd_ligand,3619,0.515934
3udd_ligand,3620,0.540743
3udd_ligand,3621,0.493299
3udd_ligand,3622,0.579148
3udd_ligand,3623,0.477455
3udd_ligand,3624,0.388173
3udd_ligand,3625,0.44537
3udd_ligand,3626,0.556494
3udd_ligand,3627,0.609722
3udd_ligand,3628,0.449374
3udd_ligand,3629,0.476022
3udd_ligand,3630,0.571885
3udd_ligand,3631,0.380469
3udd_ligand,3632,0.587628
3udd_ligand,3633,0.43616
3udd_ligand,3634,0.548103
3udd_ligand,3635,0.347155
3udd_ligand,3636,0.539021
3udd_ligand,3637,0.624697
3udd_ligand,3638,0.369875
3udd_ligand,3639,0.702614
3udd_ligand,3640,0.500637
3udd_ligand,3641,0.455882
3udd_ligand,3642,0.521728
3udd_ligand,3643,0.340564
3udd_ligand,3644,0.620892
3udd_ligand,3645,0.299207
3udd_ligand,3646,0.646767
3udd_ligand,3647,0.461848
3udd_ligand,3648,0.592123
3udd_ligand,3649,0.433276
3udd_ligand,3650,0.412754
3udd_ligand,3651,0.562047
3udd_ligand,3652,0.52009
3udd_ligand,3653,0.352276
3udd_ligand,3654,0.582623
3udd_ligand,3655,0.440945
3udd_ligand,3656,0.621661
3udd_ligand,3657,0.405892
3udd_ligand,3658,0.460407
3udd_ligand,3659,0.397227
3udd_ligand,3660,0.6943
3udd_ligand,3661,0.551136
3udd_ligand,3662,0.354717
3udd_ligand,3663,0.342878
3udd_ligand,3664,0.73249
3udd_ligand,3665,0.521366
3udd_ligand,3666,0.496939
3udd_ligand,3667,0.494494
3udd_ligand,3668,0.478021
3udd_ligand,3669,0.364656
3udd_ligand,3670,0.5384
3udd_ligand,3671,0.309333
3udd_ligand,3672,0.601069
3udd_ligand,3673,0.415529
3udd_ligand,3674,0.639302
3udd_ligand,3675,0.31248
3udd_ligand,3676,0.475818
3udd_ligand,3677,0.515057
3udd_ligand,3678,0.584714
3udd_ligand,3679,0.484296
3udd_ligand,3680,0.454317
3udd_ligand,3681,0.594382
3udd_ligand,3682,0.522956
3udd_ligand,3683,0.541363
3udd_ligand,3684,0.467384
3udd_ligand,3685,0.6792
3udd_ligand,3686,0.333193
3udd_ligand,3687,0.617632
3udd_ligand,3688,0.415079
3udd_ligand,3689,0.598514
3udd_ligand,3690,0.29822
3udd_ligand,3691,0.701522
3udd_ligand,3692,0.270337
3udd_ligand,3693,0.694586
3udd_ligand,3694,0.363544
3udd_ligand,3695,0.512121
3udd_ligand,3696,0.521337
3udd_ligand,3697,0.373802
3udd_ligand,3698,0.307615
3udd_ligand,3699,0.666324
3udd_ligand,3700,0.669382
3udd_ligand,3701,0.400779
3udd_ligand,3702,0.503545
3udd_ligand,3703,0.509173
3udd_ligand,3704,0.428329
3udd_ligand,3705,0.477919
3udd_ligand,3706,0.532413
3udd_ligand,3707,0.381362
3udd_ligand,3708,0.397771
3udd_ligand,3709,0.555522
3udd_ligand,3710,0.516915
3udd_ligand,3711,0.561027
3udd_ligand,3712,0.268336
3udd_ligand,3713,0.685277
3udd_ligand,3714,0.364645
3udd_ligand,3715,0.530499
3udd_ligand,3716,0.443954
3udd_ligand,3717,0.35346
3udd_ligand,3718,0.620515
3udd_ligand,3719,0.311953
3udd_ligand,3720,0.556165
3udd_ligand,3721,0.306533
3udd_ligand,3722,0.587698
3udd_ligand,3723,0.459528
3udd_ligand,3724,0.51061
3udd_ligand,3725,0.321771
3udd_ligand,3726,0.681721
3udd_ligand,3727,0.668104
3udd_ligand,3728,0.362068
3udd_ligand,3729,0.483419
3udd_ligand,3730,0.429537
3udd_ligand,3731,0.549576
3udd_ligand,3732,0.405432
3udd_ligand,3733,0.267887
3udd_ligand,3734,0.687139
3udd_ligand,3735,0.453534
3udd_ligand,3736,0.373253
3udd_ligand,3737,0.358921
3udd_ligand,3738,0.492427
3udd_ligand,3739,0.567599
3udd_ligand,3740,0.521724
3udd_ligand,3741,0.352018
3udd_ligand,3742,0.592041
3udd_ligand,3743,0.435216
3udd_ligand,3744,0.387274
3udd_ligand,3745,0.521211
3udd_ligand,3746,0.556942
3udd_ligand,3747,0.483962
3udd_ligand,3748,0.545432
3udd_ligand,3749,0.562948
3udd_ligand,3750,0.424794
3udd_ligand,3751,0.552228
3udd_ligand,3752,0.325625
3udd_ligand,3753,0.670261
3udd_ligand,3754,0.378644
3udd_ligand,3755,0.582975
3udd_ligand,3756,0.398374
3udd_ligand,3757,0.488235
3udd_ligand,3758,0.588564
3udd_ligand,3759,0.578984
3udd_ligand,3760,0.270102
3udd_ligand,3761,0.698644
3udd_ligand,3762,0.338392
3udd_ligand,3763,0.508339
3udd_ligand,3764,0.48663
3udd_ligand,3765,0.520632
3udd_ligand,3766,0.539521
3udd_ligand,3767,0.406213
3udd_ligand,3768,0.569572
3udd_ligand,3769,0.59129
3udd_ligand,3770,0.499203
3udd_ligand,3771,0.505754
3udd_ligand,3772,0.588009
3udd_ligand,3773,0.169134
3udd_ligand,3774,0.731036
3udd_ligand,3775,0.331005
3udd_ligand,3776,0.63059
3udd_ligand,3777,0.308818
3udd_ligand,3778,0.58087
3udd_ligand,3779,0.432499
3udd_ligand,3780,0.534644
3udd_ligand,3781,0.383944
3udd_ligand,3782,0.510661
3udd_ligand,3783,0.594843
3udd_ligand,3784,0.524158
3udd_ligand,3785,0.443
3udd_ligand,3786,0.499284
3udd_ligand,3787,0.731842
3udd_ligand,3788,0.362953
3udd_ligand,3789,0.591526
3udd_ligand,3790,0.659839
3udd_ligand,3791,0.374007
3udd_ligand,3792,0.55661
3udd_ligand,3793,0.498041
3udd_ligand,3794,0.609607
3udd_ligand,3795,0.577897
3udd_ligand,3796,0.440635
3udd_ligand,3797,0.50107
3udd_ligand,3798,0.426231
3udd_ligand,3799,0.607361
3udd_ligand,3800,0.431702
3udd_ligand,3801,0.520182
3udd_ligand,3802,0.401006
3udd_ligand,3803,0.365219
3udd_ligand,3804,0.538911
3udd_ligand,3805,0.690544
3udd_ligand,3806,0.28587
3udd_ligand,3807,0.676616
3udd_ligand,3808,0.291462
3udd_ligand,3809,0.626287
3udd_ligand,3810,0.389879
3udd_ligand,3811,0.565568
3udd_ligand,3812,0.278043
3udd_ligand,3813,0.712508
3udd_ligand,3814,0.274447
3udd_ligand,3815,0.474189
3udd_ligand,3816,0.519314
3udd_ligand,3817,0.506042
3udd_ligand,3818,0.615887
3udd_ligand,3819,0.2874
3udd_ligand,3820,0.556711
3udd_ligand,3821,0.47506
3udd_ligand,3822,0.43285
3udd_ligand,3823,0.552683
3udd_ligand,3824,0.340297
3udd_ligand,3825,0.652592
3udd_ligand,3826,0.432984
3udd_ligand,3827,0.497691
3udd_ligand,3828,0.329751
3udd_ligand,3829,0.382738
3udd_ligand,3830,0.537055
3udd_ligand,3831,0.523239
3udd_ligand,3832,0.551881
3udd_ligand,3833,0.314157
3udd_ligand,3834,0.485323
3udd_ligand,3835,0.562441
3udd_ligand,3836,0.600544
3udd_ligand,3837,0.264597
3udd_ligand,3838,0.806224
3udd_ligand,3839,0.389199
3udd_ligand,3840,0.564595
3udd_ligand,3841,0.587741
3udd_ligand,3842,0.281406
3udd_ligand,3843,0.734319
3udd_ligand,3844,0.398359
3udd_ligand,3845,0.507231
3udd_ligand,3846,0.368623
3udd_ligand,3847,0.562445
3udd_ligand,3848,0.334984
3udd_ligand,3849,0.627126
3udd_ligand,3850,0.307011
3udd_ligand,3851,0.588251
3udd_ligand,3852,0.279452
3udd_ligand,3853,0.547363
3udd_ligand,3854,0.491687
3udd_ligand,3855,0.499829
3udd_ligand,3856,0.328139
3udd_ligand,3857,0.543022
3udd_ligand,3858,0.420981
3udd_ligand,3859,0.261832
3udd_ligand,3860,0.754358
3udd_ligand,3861,0.474965
3udd_ligand,3862,0.546268
3udd_ligand,3863,0.355277
3udd_ligand,3864,0.703036
3udd_ligand,3865,0.482361
3udd_ligand,3866,0.318991
3udd_ligand,3867,0.576167
3udd_ligand,3868,0.334794
3udd_ligand,3869,0.535016
3udd_ligand,3870,0.455334
3udd_ligand,3871,0.505072
3udd_ligand,3872,0.512555
3udd_ligand,3873,0.56
3udd_ligand,3874,0.400619
3udd_ligand,3875,0.476914
3udd_ligand,3876,0.606646
3udd_ligand,3877,0.370019
3udd_ligand,3878,0.565761
3udd_ligand,3879,0.323583
3udd_ligand,3880,0.636337
3udd_ligand,3881,0.332961
3udd_ligand,3882,0.543111
3udd_ligand,3883,0.412946
3udd_ligand,3884,0.547054
3udd_ligand,3885,0.347194
3udd_ligand,3886,0.511655
3udd_ligand,3887,0.680324
3udd_ligand,3888,0.428726
3udd_ligand,3889,0.377455
3udd_ligand,3890,0.533215
3udd_ligand,3891,0.489069
3udd_ligand,3892,0.461939
3udd_ligand,3893,0.45963
3udd_ligand,3894,0.589344
3udd_ligand,3895,0.232614
3udd_ligand,3896,0.78297
3udd_ligand,3897,0.357906
3udd_ligand,3898,0.557962
3udd_ligand,3899,0.298904
3udd_ligand,3900,0.573953
3udd_ligand,3901,0.282787
3udd_ligand,3902,0.611728
3udd_ligand,3903,0.463537
3udd_ligand,3904,0.43749
3udd_ligand,3905,0.437126
3udd_ligand,3906,0.538237
3udd_ligand,3907,0.520238
3udd_ligand,3908,0.309886
3udd_ligand,3909,0.651057
3udd_ligand,3910,0.389421
3udd_ligand,3911,0.594861
3udd_ligand,3912,0.241949
3udd_ligand,3913,0.723349
3udd_ligand,3914,0.426839
3udd_ligand,3915,0.485023
3udd_ligand,3916,0.643974
3udd_ligand,3917,0.608465
3udd_ligand,3918,0.594517
3udd_ligand,3919,0.279782
3udd_ligand,3920,0.669737
3udd_ligand,3921,0.216592
3udd_ligand,3922,0.720074
3udd_ligand,3923,0.433012
3udd_ligand,3924,0.539808
3udd_ligand,3925,0.528743
3udd_ligand,3926,0.289812
3udd_ligand,3927,0.617543
3udd_ligand,3928,0.26249
3udd_ligand,3929,0.544911
3udd_ligand,3930,0.458766
3udd_ligand,3931,0.513843
3udd_ligand,3932,0.267936
3udd_ligand,3933,0.57028
3udd_ligand,3934,0.487686
3udd_ligand,3935,0.487067
3udd_ligand,3936,0.344409
3udd_ligand,3937,0.486168
3udd_ligand,3938,0.600353
3udd_ligand,3939,0.449045
3udd_ligand,3940,0.411864
3udd_ligand,3941,0.588806
3udd_ligand,3942,0.562043
3udd_ligand,3943,0.31439
3udd_ligand,3944,0.564648
3udd_ligand,3945,0.47245
3udd_ligand,3946,0.305934
3udd_ligand,3947,0.600146
3udd_ligand,3948,0.333848
3udd_ligand,3949,0.54711
3udd_ligand,3950,0.375727
3udd_ligand,3951,0.54907
3udd_ligand,3952,0.524936
3udd_ligand,3953,0.529983
3udd_ligand,3954,0.307577
3udd_ligand,3955,0.549154
3udd_ligand,3956,0.524631
3udd_ligand,3957,0.44223
3udd_ligand,3958,0.419271
3udd_ligand,3959,0.560021
3udd_ligand,3960,0.478961
3udd_ligand,3961,0.431181
3udd_ligand,3962,0.476841
3udd_ligand,3963,0.704414
3udd_ligand,3964,0.419108
3udd_ligand,3965,0.307432
3udd_ligand,3966,0.724981
3udd_ligand,3967,0.397785
3udd_ligand,3968,0.537814
3udd_ligand,3969,0.407565
3udd_ligand,3970,0.461413
3udd_ligand,3971,0.465474
3udd_ligand,3972,0.470114
3udd_ligand,3973,0.629357
3udd_ligand,3974,0.584587
3udd_ligand,3975,0.325966
3udd_ligand,3976,0.656323
3udd_ligand,3977,0.534813
3udd_ligand,3978,0.589487
3udd_ligand,3979,0.318993
3udd_ligand,3980,0.544375
3udd_ligand,3981,0.476493
3udd_ligand,3982,0.588342
3udd_ligand,3983,0.329356
3udd_ligand,3984,0.721359
3udd_ligand,3985,0.467403
3udd_ligand,3986,0.317688
3udd_ligand,3987,0.58923
3udd_ligand,3988,0.416456
3udd_ligand,3989,0.585149
3udd_ligand,3990,0.391892
3udd_ligand,3991,0.56422
3udd_ligand,3992,0.550195
3udd_ligand,3993,0.572555
3udd_ligand,3994,0.395922
3udd_ligand,3995,0.494823
3udd_ligand,3996,0.48925
3udd_ligand,3997,0.372819
3udd_ligand,3998,0.394147
3udd_ligand,3999,0.44985
3udd_ligand,4000,0.547922
3udd_ligand,4001,0.491903
3udd_ligand,4002,0.385317
3udd_ligand,4003,0.531206
3udd_ligand,4004,0.381506
3udd_ligand,4005,0.277945
3udd_ligand,4006,0.63544
3udd_ligand,4007,0.591174
3udd_ligand,4008,0.355043
3udd_ligand,4009,0.485731
3udd_ligand,4010,0.497758
3udd_ligand,4011,0.479419
3udd_ligand,4012,0.302634
3udd_ligand,4013,0.65943
3udd_ligand,4014,0.576614
3udd_ligand,4015,0.585897
3udd_ligand,4016,0.26595
3udd_ligand,4017,0.677391
3udd_ligand,4018,0.331225
3udd_ligand,4019,0.48197
3udd_ligand,4020,0.470363
3udd_ligand,4021,0.379974
3udd_ligand,4022,0.498178
3udd_ligand,4023,0.450392
3udd_ligand,4024,0.526023
3udd_ligand,4025,0.373449
3udd_ligand,4026,0.523762
3udd_ligand,4027,0.421868
3udd_ligand,4028,0.365453
3udd_ligand,4029,0.4363
3udd_ligand,4030,0.533728
3udd_ligand,4031,0.537758
3udd_ligand,4032,0.35275
3udd_ligand,4033,0.527989
3udd_ligand,4034,0.483292
3udd_ligand,4035,0.373239
3udd_ligand,4036,0.476487
3udd_ligand,4037,0.345443
3udd_ligand,4038,0.632915
3udd_ligand,4039,0.336986
3udd_ligand,4040,0.60487
3udd_ligand,4041,0.283771
3udd_ligand,4042,0.577005
3udd_ligand,4043,0.480744
3udd_ligand,4044,0.433718
3udd_ligand,4045,0.454331
3udd_ligand,4046,0.582135
3udd_ligand,4047,0.454237
3udd_ligand,4048,0.482931
3udd_ligand,4049,0.518528
3udd_ligand,4050,0.372808
3udd_ligand,4051,0.573747
3udd_ligand,4052,0.426374
3udd_ligand,4053,0.441542
3udd_ligand,4054,0.487106
3udd_ligand,4055,0.535621
3udd_ligand,4056,0.524026
3udd_ligand,4057,0.278487
3udd_ligand,4058,0.694453
3udd_ligand,4059,0.203282
3udd_ligand,4060,0.682869
3udd_ligand,4061,0.42672
3udd_ligand,4062,0.35383
3udd_ligand,4063,0.591135
3udd_ligand,4064,0.504832
3udd_ligand,4065,0.260702
3udd_ligand,4066,0.736083
3udd_ligand,4067,0.43525
3udd_ligand,4068,0.539869
3udd_ligand,4069,0.346112
3udd_ligand,4070,0.533716
3udd_ligand,4071,0.335334
3udd_ligand,4072,0.66386
3udd_ligand,4073,0.451606
3udd_ligand,4074,0.284747
3udd_ligand,4075,0.690019
3udd_ligand,4076,0.357808
3udd_ligand,4077,0.44079
3udd_ligand,4078,0.666484
3udd_ligand,4079,0.62445
3udd_ligand,4080,0.35512
3udd_ligand,4081,0.50767
3udd_ligand,4082,0.523152
3udd_ligand,4083,0.332891
3udd_ligand,4084,0.529666
3udd_ligand,4085,0.38043
3udd_ligand,4086,0.530184
3udd_ligand,4087,0.557331
3udd_ligand,4088,0.359693
3udd_ligand,4089,0.32913
3udd_ligand,4090,0.651803
3udd_ligand,4091,0.567788
3udd_ligand,4092,0.352091
3udd_ligand,4093,0.516632
3udd_ligand,4094,0.453614
3udd_ligand,4095,0.350334
3udd_ligand,4096,0.540027
3udd_ligand,4097,0.484045
3udd_ligand,4098,0.484173
3udd_ligand,4099,0.415958
3udd_ligand,4100,0.459195
3udd_ligand,4101,0.346757
3udd_ligand,4102,0.628947
3udd_ligand,4103,0.651087
3udd_ligand,4104,0.262875
3udd_ligand,4105,0.681137
3udd_ligand,4106,0.310335
3udd_ligand,4107,0.543383
3udd_ligand,4108,0.275057
3udd_ligand,4109,0.605281
3udd_ligand,4110,0.292915
3udd_ligand,4111,0.55541
3udd_ligand,4112,0.470301
3udd_ligand,4113,0.556197
3udd_ligand,4114,0.136556
3udd_ligand,4115,0.705467
3udd_ligand,4116,0.379415
3udd_ligand,4117,0.459788
3udd_ligand,4118,0.421227
3udd_ligand,4119,0.326484
3udd_ligand,4120,0.54541
3udd_ligand,4121,0.417321
3udd_ligand,4122,0.490492
3udd_ligand,4123,0.36036
3udd_ligand,4124,0.513737
3udd_ligand,4125,0.461986
3udd_ligand,4126,0.521223
3udd_ligand,4127,0.359135
3udd_ligand,4128,0.49091
3udd_ligand,4129,0.57597
3udd_ligand,4130,0.371425
3udd_ligand,4131,0.602952
3udd_ligand,4132,0.301984
3udd_ligand,4133,0.589424
3udd_ligand,4134,0.431885
3udd_ligand,4135,0.58283
3udd_ligand,4136,0.306585
3udd_ligand,4137,0.640462
3udd_ligand,4138,0.196893
3udd_ligand,4139,0.70544
3udd_ligand,4140,0.35659
3udd_ligand,4141,0.493258
3udd_ligand,4142,0.521567
3udd_ligand,4143,0.374658
3udd_ligand,4144,0.599034
3udd_ligand,4145,0.353794
3udd_ligand,4146,0.565576
3udd_ligand,4147,0.51242
3udd_ligand,4148,0.576714
3udd_ligand,4149,0.324996
3udd_ligand,4150,0.542988
3udd_ligand,4151,0.47665
3udd_ligand,4152,0.299869
3udd_ligand,4153,0.650119
3udd_ligand,4154,0.410595
3udd_ligand,4155,0.273258
3udd_ligand,4156,0.71253
3udd_ligand,4157,0.641674
3udd_ligand,4158,0.565568
3udd_ligand,4159,0.325697
3udd_ligand,4160,0.537429
3udd_ligand,4161,0.444128
3udd_ligand,4162,0.57097
3udd_ligand,4163,0.280354
3udd_ligand,4164,0.688242
3udd_ligand,4165,0.392669
3udd_ligand,4166,0.444132
3udd_ligand,4167,0.483979
3udd_ligand,4168,0.577324
3udd_ligand,4169,0.330923
3udd_ligand,4170,0.59353
3udd_ligand,4171,0.290944
3udd_ligand,4172,0.595597
3udd_ligand,4173,0.177826
3udd_ligand,4174,0.720266
3udd_ligand,4175,0.405707
3udd_ligand,4176,0.500765
3udd_ligand,4177,0.529376
3udd_ligand,4178,0.35296
3udd_ligand,4179,0.563157
3udd_ligand,4180,0.437191
3udd_ligand,4181,0.467401
3udd_ligand,4182,0.462132
3udd_ligand,4183,0.596662
3udd_ligand,4184,0.261355
3udd_ligand,4185,0.73554
3udd_ligand,4186,0.389162
3udd_ligand,4187,0.475035
3udd_ligand,4188,0.62708
3udd_ligand,4189,0.531107
3udd_ligand,4190,0.489333
3udd_ligand,4191,0.433227
3udd_ligand,4192,0.373674
3udd_ligand,4193,0.500362
3udd_ligand,4194,0.505054
3udd_ligand,4195,0.586106
3udd_ligand,4196,0.299909
3udd_ligand,4197,0.585039
3udd_ligand,4198,0.262431
3udd_ligand,4199,0.658782
3udd_ligand,4200,0.286002
3udd_ligand,4201,0.627608
3udd_ligand,4202,0.524174
3udd_ligand,4203,0.363907
3udd_ligand,4204,0.351328
3udd_ligand,4205,0.439725
3udd_ligand,4206,0.581391
3udd_ligand,4207,0.508835
3udd_ligand,4208,0.472826
3udd_ligand,4209,0.402758
3udd_ligand,4210,0.486185
3udd_ligand,4211,0.562683
3udd_ligand,4212,0.341851
3udd_ligand,4213,0.528995
3udd_ligand,4214,0.230634
3udd_ligand,4215,0.743735
3udd_ligand,4216,0.380597
3udd_ligand,4217,0.46959
3udd_ligand,4218,0.630581
3udd_ligand,4219,0.569301
3udd_ligand,4220,0.559529
3udd_ligand,4221,0.159018
3udd_ligand,4222,0.714241
3udd_ligand,4223,0.44013
3udd_ligand,4224,0.551275
3udd_ligand,4225,0.388791
3udd_ligand,4226,0.547032
3udd_ligand,4227,0.362999
3udd_ligand,4228,0.370455
3udd_ligand,4229,0.723234
3udd_ligand,4230,0.550122
3udd_ligand,4231,0.637981
3udd_ligand,4232,0.281997
3udd_ligand,4233,0.656211
3udd_ligand,4234,0.355196
3udd_ligand,4235,0.537649
3udd_ligand,4236,0.417506
3udd_ligand,4237,0.338726
3udd_ligand,4238,0.638273
3udd_ligand,4239,0.506915
3udd_ligand,4240,0.528527
3udd_ligand,4241,0.351819
3udd_ligand,4242,0.419807
3udd_ligand,4243,0.506148
3udd_ligand,4244,0.548342
3udd_ligand,4245,0.42122
3udd_ligand,4246,0.568072
3udd_ligand,4247,0.31264
3udd_ligand,4248,0.504045
3udd_ligand,4249,0.407799
3udd_ligand,4250,0.278826
3udd_ligand,4251,0.683204
3udd_ligand,4252,0.344848
3udd_ligand,4253,0.606996
3udd_ligand,4254,0.399064
3udd_ligand,4255,0.496533
3udd_ligand,4256,0.32423
3udd_ligand,4257,0.562376
3udd_ligand,4258,0.300931
3udd_ligand,4259,0.644078
3udd_ligand,4260,0.534344
3udd_ligand,4261,0.607163
3udd_ligand,4262,0.220969
3udd_ligand,4263,0.752324
3udd_ligand,4264,0.336392
3udd_ligand,4265,0.624368
3udd_ligand,4266,0.368866
3udd_ligand,4267,0.592655
3udd_ligand,4268,0.307005
3udd_ligand,4269,0.584256
3udd_ligand,4270,0.279135
3udd_ligand,4271,0.602191
3udd_ligand,4272,0.25021
3udd_ligand,4273,0.651911
3udd_ligand,4274,0.277832
3udd_ligand,4275,0.648497
3udd_ligand,4276,0.324647
3udd_ligand,4277,0.589928
3udd_ligand,4278,0.341072
3udd_ligand,4279,0.490242
3udd_ligand,4280,0.628762
3udd_ligand,4281,0.487912
3udd_ligand,4282,0.496593
3udd_ligand,4283,0.443393
3udd_ligand,4284,0.477842
3udd_ligand,4285,0.459671
3udd_ligand,4286,0.476448
3udd_ligand,4287,0.5887
3udd_ligand,4288,0.290547
3udd_ligand,4289,0.587778
3udd_ligand,4290,0.273261
3udd_ligand,4291,0.654889
3udd_ligand,4292,0.522395
3udd_ligand,4293,0.453532
3udd_ligand,4294,0.456784
3udd_ligand,4295,0.298373
3udd_ligand,4296,0.566872
3udd_ligand,4297,0.301375
3udd_ligand,4298,0.556139
3udd_ligand,4299,0.370459
3udd_ligand,4300,0.477282
3udd_ligand,4301,0.59871
3udd_ligand,4302,0.440365
3udd_ligand,4303,0.415067
3udd_ligand,4304,0.540039
3udd_ligand,4305,0.488348
3udd_ligand,4306,0.522104
3udd_ligand,4307,0.543543
3udd_ligand,4308,0.331311
3udd_ligand,4309,0.669953
3udd_ligand,4310,0.586241
3udd_ligand,4311,0.578732
3udd_ligand,4312,0.347566
3udd_ligand,4313,0.518713
3udd_ligand,4314,0.457253
3udd_ligand,4315,0.548716
3udd_ligand,4316,0.341544
3udd_ligand,4317,0.502518
3udd_ligand,4318,0.562833
3udd_ligand,4319,0.363105
3udd_ligand,4320,0.677258
3udd_ligand,4321,0.316475
3udd_ligand,4322,0.642759
3udd_ligand,4323,0.26572
3udd_ligand,4324,0.668192
3udd_ligand,4325,0.327003
3udd_ligand,4326,0.613957
3udd_ligand,4327,0.342354
3udd_ligand,4328,0.594031
3udd_ligand,4329,0.314874
3udd_ligand,4330,0.535731
3udd_ligand,4331,0.264796
3udd_ligand,4332,0.740888
3udd_ligand,4333,0.437404
3udd_ligand,4334,0.588181
3udd_ligand,4335,0.439297
3udd_ligand,4336,0.553361
3udd_ligand,4337,0.457621
3udd_ligand,4338,0.553319
3udd_ligand,4339,0.349912
3udd_ligand,4340,0.700727
3udd_ligand,4341,0.285761
3udd_ligand,4342,0.504874
3udd_ligand,4343,0.273636
3udd_ligand,4344,0.67475
3udd_ligand,4345,0.283832
3udd_ligand,4346,0.61288
3udd_ligand,4347,0.475926
3udd_ligand,4348,0.463748
3udd_ligand,4349,0.516626
3udd_ligand,4350,0.3791
3udd_ligand,4351,0.553139
3udd_ligand,4352,0.444199
3udd_ligand,4353,0.472867
3udd_ligand,4354,0.231145
3udd_ligand,4355,0.753856
3udd_ligand,4356,0.370345
3udd_ligand,4357,0.541283
3udd_ligand,4358,0.31543
3udd_ligand,4359,0.637803
3udd_ligand,4360,0.507003
3udd_ligand,4361,0.535898
3udd_ligand,4362,0.425551
3udd_ligand,4363,0.477072
3udd_ligand,4364,0.464361
3udd_ligand,4365,0.560874
3udd_ligand,4366,0.335367
3udd_ligand,4367,0.534203
3udd_ligand,4368,0.531827
3udd_ligand,4369,0.231286
3udd_ligand,4370,0.620393
3udd_ligand,4371,0.68365
3udd_ligand,4372,0.19741
3udd_ligand,4373,0.690076
3udd_ligand,4374,0.426278
3udd_ligand,4375,0.54064
3udd_ligand,4376,0.550376
3udd_ligand,4377,0.354248
3udd_ligand,4378,0.491296
3udd_ligand,4379,0.353823
3udd_ligand,4380,0.582535
3udd_ligand,4381,0.404129
3udd_ligand,4382,0.560048
3udd_ligand,4383,0.489789
3udd_ligand,4384,0.555589
3udd_ligand,4385,0.378854
3udd_ligand,4386,0.53886
3udd_ligand,4387,0.54671
3udd_ligand,4388,0.529706
3udd_ligand,4389,0.296608
3udd_ligand,4390,0.630091
3udd_ligand,4391,0.341387
3udd_ligand,4392,0.597447
3udd_ligand,4393,0.30783
3udd_ligand,4394,0.636664
3udd_ligand,4395,0.31126
3udd_ligand,4396,0.541945
3udd_ligand,4397,0.233596
3udd_ligand,4398,0.73309
3udd_ligand,4399,0.387316
3udd_ligand,4400,0.500014
3udd_ligand,4401,0.460692
3udd_ligand,4402,0.365305
3udd_ligand,4403,0.643811
3udd_ligand,4404,0.481971
3udd_ligand,4405,0.415602
3udd_ligand,4406,0.642832
3udd_ligand,4407,0.558663
3udd_ligand,4408,0.484282
3udd_ligand,4409,0.432256
3udd_ligand,4410,0.324262
3udd_ligand,4411,0.555781
3udd_ligand,4412,0.38666
3udd_ligand,4413,0.396003
3udd_ligand,4414,0.645065
3udd_ligand,4415,0.56942
3udd_ligand,4416,0.613428
3udd_ligand,4417,0.16585
3udd_ligand,4418,0.76291
3udd_ligand,4419,0.329476
3udd_ligand,4420,0.56985
3udd_ligand,4421,0.374318
3udd_ligand,4422,0.510058
3udd_ligand,4423,0.250868
3udd_ligand,4424,0.646099
3udd_ligand,4425,0.203192
3udd_ligand,4426,0.742456
3udd_ligand,4427,0.42906
3udd_ligand,4428,0.514294
3udd_ligand,4429,0.469096
3udd_ligand,4430,0.408074
3udd_ligand,4431,0.520017
3udd_ligand,4432,0.365461
3udd_ligand,4433,0.528657
3udd_ligand,4434,0.586627
3udd_ligand,4435,0.493004
3udd_ligand,4436,0.468955
3udd_ligand,4437,0.424662
3udd_ligand,4438,0.73012
3udd_ligand,4439,0.300393
3udd_ligand,4440,0.595303
3udd_ligand,4441,0.405733
3udd_ligand,4442,0.548957
3udd_ligand,4443,0.475595
3udd_ligand,4444,0.492375
3udd_ligand,4445,0.328962
3udd_ligand,4446,0.734162
3udd_ligand,4447,0.31458
3udd_ligand,4448,0.535733
3udd_ligand,4449,0.288309
3udd_ligand,4450,0.55739
3udd_ligand,4451,0.514072
3udd_ligand,4452,0.578547
3udd_ligand,4453,0.392537
3udd_ligand,4454,0.34028
3udd_ligand,4455,0.610705
3udd_ligand,4456,0.460618
3udd_ligand,4457,0.53858
3udd_ligand,4458,0.314479
3udd_ligand,4459,0.534478
3udd_ligand,4460,0.387203
3udd_ligand,4461,0.490836
3udd_ligand,4462,0.332452
3udd_ligand,4463,0.597939
3udd_ligand,4464,0.49392
3udd_ligand,4465,0.496934
3udd_ligand,4466,0.411516
3udd_ligand,4467,0.323571
3udd_ligand,4468,0.601784
3udd_ligand,4469,0.456229
3udd_ligand,4470,0.525396
3udd_ligand,4471,0.293373
3udd_ligand,4472,0.557389
3udd_ligand,4473,0.406326
3udd_ligand,4474,0.528869
3udd_ligand,4475,0.347409
3udd_ligand,4476,0.539122
3udd_ligand,4477,0.55138
3udd_ligand,4478,0.422661
3udd_ligand,4479,0.403597
3udd_ligand,4480,0.530344
3udd_ligand,4481,0.393208
3udd_ligand,4482,0.439658
3udd_ligand,4483,0.563913
3udd_ligand,4484,0.543742
3udd_ligand,4485,0.308647
3udd_ligand,4486,0.657357
3udd_ligand,4487,0.454064
3udd_ligand,4488,0.351527
3udd_ligand,4489,0.66355
3udd_ligand,4490,0.260601
3udd_ligand,4491,0.610031
3udd_ligand,4492,0.274505
3udd_ligand,4493,0.713516
3udd_ligand,4494,0.205343
3udd_ligand,4495,0.593556
3udd_ligand,4496,0.324845
3udd_ligand,4497,0.474351
3udd_ligand,4498,0.576518
3udd_ligand,4499,0.469765
3udd_ligand,4500,0.392563
3udd_ligand,4501,0.479777
3udd_ligand,4502,0.659802
3udd_ligand,4503,0.181356
3udd_ligand,4504,0.69351
3udd_ligand,4505,0.400263
3udd_ligand,4506,0.50144
3udd_ligand,4507,0.470959
3udd_ligand,4508,0.45832
3udd_ligand,4509,0.434284
3udd_ligand,4510,0.637306
3udd_ligand,4511,0.311452
3udd_ligand,4512,0.648532
3udd_ligand,4513,0.260352
3udd_ligand,4514,0.7276
3udd_ligand,4515,0.343013
3udd_ligand,4516,0.250965
3udd_ligand,4517,0.667182
3udd_ligand,4518,0.464823
3udd_ligand,4519,0.360042
3udd_ligand,4520,0.573283
3udd_ligand,4521,0.506073
3udd_ligand,4522,0.332721
3udd_ligand,4523,0.601851
3udd_ligand,4524,0.408976
3udd_ligand,4525,0.529311
3udd_ligand,4526,0.316935
3udd_ligand,4527,0.493639
3udd_ligand,4528,0.354742
3udd_ligand,4529,0.562308
3udd_ligand,4530,0.455861
3udd_ligand,4531,0.444274
3udd_ligand,4532,0.456246
3udd_ligand,4533,0.611782
3udd_ligand,4534,0.247529
3udd_ligand,4535,0.682062
3udd_ligand,4536,0.335535
3udd_ligand,4537,0.517931
3udd_ligand,4538,0.525601
3udd_ligand,4539,0.365287
3udd_ligand,4540,0.440051
3udd_ligand,4541,0.534229
3udd_ligand,4542,0.497735
3udd_ligand,4543,0.609117
3udd_ligand,4544,0.238711
3udd_ligand,4545,0.694455
3udd_ligand,4546,0.53846
3udd_ligand,4547,0.62542
3udd_ligand,4548,0.175728
3udd_ligand,4549,0.742444
3udd_ligand,4550,0.420619
3udd_ligand,4551,0.472221
3udd_ligand,4552,0.511019
3udd_ligand,4553,0.375251
3udd_ligand,4554,0.384689
3udd_ligand,4555,0.477918
3udd_ligand,4556,0.540798
3udd_ligand,4557,0.529561
3udd_ligand,4558,0.318235
3udd_ligand,4559,0.548737
3udd_ligand,4560,0.381296
3udd_ligand,4561,0.501709
3udd_ligand,4562,0.367366
3udd_ligand,4563,0.460296
3udd_ligand,4564,0.720678
3udd_ligand,4565,0.320173
3udd_ligand,4566,0.554411
3udd_ligand,4567,0.37345
3udd_ligand,4568,0.335961
3udd_ligand,4569,0.607279
3udd_ligand,4570,0.452319
3udd_ligand,4571,0.493296
3udd_ligand,4572,0.322386
3udd_ligand,4573,0.513918
3udd_ligand,4574,0.463546
3udd_ligand,4575,0.474406
3udd_ligand,4576,0.449321
3udd_ligand,4577,0.555685
3udd_ligand,4578,0.570879
3udd_ligand,4579,0.239287
3udd_ligand,4580,0.739876
3udd_ligand,4581,0.360068
3udd_ligand,4582,0.59192
3udd_ligand,4583,0.32492
3udd_ligand,4584,0.651783
3udd_ligand,4585,0.287537
3udd_ligand,4586,0.638304
3udd_ligand,4587,0.246882
3udd_ligand,4588,0.673342
3udd_ligand,4589,0.281538
3udd_ligand,4590,0.702682
3udd_ligand,4591,0.435112
3udd_ligand,4592,0.487751
3udd_ligand,4593,0.273567
3udd_ligand,4594,0.642753
3udd_ligand,4595,0.299785
3udd_ligand,4596,0.539975
3udd_ligand,4597,0.266536
3udd_ligand,4598,0.651313
3udd_ligand,4599,0.167745
3udd_ligand,4600,0.68479
3udd_ligand,4601,0.4148
3udd_ligand,4602,0.519481
3udd_ligand,4603,0.429989
3udd_ligand,4604,0.257471
3udd_ligand,4605,0.613267
3udd_ligand,4606,0.208302
3udd_ligand,4607,0.677332
3udd_ligand,4608,0.407552
3udd_ligand,4609,0.500744
3udd_ligand,4610,0.404264
3udd_ligand,4611,0.269708
3udd_ligand,4612,0.621363
3udd_ligand,4613,0.277934
3udd_ligand,4614,0.616994
3udd_ligand,4615,0.472149
3udd_ligand,4616,0.361677
3udd_ligand,4617,0.431339
3udd_ligand,4618,0.561003
3udd_ligand,4619,0.47362
3udd_ligand,4620,0.411516
3udd_ligand,4621,0.502024
3udd_ligand,4622,0.445888
3udd_ligand,4623,0.312835
3udd_ligand,4624,0.63379
3udd_ligand,4625,0.561491
3udd_ligand,4626,0.507056
3udd_ligand,4627,0.248543
3udd_ligand,4628,0.783462
3udd_ligand,4629,0.45431
3udd_ligand,4630,0.511892
3udd_ligand,4631,0.493025
3udd_ligand,4632,0.435426
3udd_ligand,4633,0.473148
3udd_ligand,4634,0.443462
3udd_ligand,4635,0.5688
3udd_ligand,4636,0.460217
3udd_ligand,4637,0.454112
3udd_ligand,4638,0.43067
3udd_ligand,4639,0.612999
3udd_ligand,4640,0.59549
3udd_ligand,4641,0.608948
3udd_ligand,4642,0.309192
3udd_ligand,4643,0.729065
3udd_ligand,4644,0.209586
3udd_ligand,4645,0.75842
3udd_ligand,4646,0.347906
3udd_ligand,4647,0.561698
3udd_ligand,4648,0.411221
3udd_ligand,4649,0.577598
3udd_ligand,4650,0.408383
3udd_ligand,4651,0.586263
3udd_ligand,4652,0.520505
3udd_ligand,4653,0.50239
3udd_ligand,4654,0.339076
3udd_ligand,4655,0.757639
3udd_ligand,4656,0.318756
3udd_ligand,4657,0.541459
3udd_ligand,4658,0.327791
3udd_ligand,4659,0.5584
3udd_ligand,4660,0.208498
3udd_ligand,4661,0.756847
3udd_ligand,4662,0.408598
3udd_ligand,4663,0.527375
3udd_ligand,4664,0.45798
3udd_ligand,4665,0.21642
3udd_ligand,4666,0.757727
3udd_ligand,4667,0.2946
3udd_ligand,4668,0.589087
3udd_ligand,4669,0.372988
3udd_ligand,4670,0.558158
3udd_ligand,4671,0.429224
3udd_ligand,4672,0.502842
3udd_ligand,4673,0.260943
3udd_ligand,4674,0.709308
3udd_ligand,4675,0.260672
3udd_ligand,4676,0.677721
3udd_ligand,4677,0.363242
3udd_ligand,4678,0.57361
3udd_ligand,4679,0.436634
3udd_ligand,4680,0.250694
3udd_ligand,4681,0.687053
3udd_ligand,4682,0.295076
3udd_ligand,4683,0.490126
3udd_ligand,4684,0.504049
3udd_ligand,4685,0.481782
3udd_ligand,4686,0.456427
3udd_ligand,4687,0.416999
3udd_ligand,4688,0.734132
3udd_ligand,4689,0.326188
3udd_ligand,4690,0.58543
3udd_ligand,4691,0.365694
3udd_ligand,4692,0.574173
3udd_ligand,4693,0.467017
3udd_ligand,4694,0.366457
3udd_ligand,4695,0.650608
3udd_ligand,4696,0.495436
3udd_ligand,4697,0.46212
3udd_ligand,4698,0.245218
3udd_ligand,4699,0.780116
3udd_ligand,4700,0.348419
3udd_ligand,4701,0.559478
3udd_ligand,4702,0.404981
3udd_ligand,4703,0.558585
3udd_ligand,4704,0.570933
3udd_ligand,4705,0.634226
3udd_ligand,4706,0.214534
3udd_ligand,4707,0.698931
3udd_ligand,4708,0.630433
3udd_ligand,4709,0.488955
3udd_ligand,4710,0.403813
3udd_ligand,4711,0.605052
3udd_ligand,4712,0.375584
3udd_ligand,4713,0.576927
3udd_ligand,4714,0.45576
3udd_ligand,4715,0.578955
3udd_ligand,4716,0.394153
3udd_ligand,4717,0.56913
3udd_ligand,4718,0.546188
3udd_ligand,4719,0.62932
3udd_ligand,4720,0.188787
3udd_ligand,4721,0.78786
3udd_ligand,4722,0.477141
3udd_ligand,4723,0.540835
3udd_ligand,4724,0.448443
3udd_ligand,4725,0.438641
3udd_ligand,4726,0.457983
3udd_ligand,4727,0.658437
3udd_ligand,4728,0.382138
3udd_ligand,4729,0.419676
3udd_ligand,4730,0.53408
3udd_ligand,4731,0.596838
3udd_ligand,4732,0.45717
3udd_ligand,4733,0.546839
3udd_ligand,4734,0.36378
3udd_ligand,4735,0.597424
3udd_ligand,4736,0.166826
3udd_ligand,4737,0.735044
3udd_ligand,4738,0.405229
3udd_ligand,4739,0.520096
3udd_ligand,4740,0.506161
3udd_ligand,4741,0.27863
3udd_ligand,4742,0.592421
3udd_ligand,4743,0.256808
3udd_ligand,4744,0.680929
3udd_ligand,4745,0.266728
3udd_ligand,4746,0.639425
3udd_ligand,4747,0.333878
3udd_ligand,4748,0.555792
3udd_ligand,4749,0.509827
3udd_ligand,4750,0.25473
3udd_ligand,4751,0.697092
3udd_ligand,4752,0.251167
3udd_ligand,4753,0.663544
3udd_ligand,4754,0.336803
3udd_ligand,4755,0.631714
3udd_ligand,4756,0.306623
3udd_ligand,4757,0.694225
3udd_ligand,4758,0.557413
3udd_ligand,4759,0.351132
3udd_ligand,4760,0.614961
3udd_ligand,4761,0.246433
3udd_ligand,4762,0.673751
3udd_ligand,4763,0.235543
3udd_ligand,4764,0.611178
3udd_ligand,4765,0.27683
3udd_ligand,4766,0.61105
3udd_ligand,4767,0.481242
3udd_ligand,4768,0.56878
3udd_ligand,4769,0.281617
3udd_ligand,4770,0.521786
3udd_ligand,4771,0.43799
3udd_ligand,4772,0.277514
3udd_ligand,4773,0.608707
3udd_ligand,4774,0.330964
3udd_ligand,4775,0.495919
3udd_ligand,4776,0.490382
3udd_ligand,4777,0.524259
3udd_ligand,4778,0.385405
3udd_ligand,4779,0.519079
3udd_ligand,4780,0.549925
3udd_ligand,4781,0.45365
3udd_ligand,4782,0.43065
3udd_ligand,4783,0.48709
3udd_ligand,4784,0.505476
3udd_ligand,4785,0.511704
3udd_ligand,4786,0.409394
3udd_ligand,4787,0.537356
3udd_ligand,4788,0.546521
3udd_ligand,4789,0.506205
3udd_ligand,4790,0.431003
3udd_ligand,4791,0.61384
3udd_ligand,4792,0.3644
3udd_ligand,4793,0.615168
3udd_ligand,4794,0.2066
3udd_ligand,4795,0.749692
3udd_ligand,4796,0.267006
3udd_ligand,4797,0.625119
3udd_ligand,4798,0.297217
3udd_ligand,4799,0.664902
3udd_ligand,4800,0.456949
3udd_ligand,4801,0.46968
3udd_ligand,4802,0.42951
3udd_ligand,4803,0.242642
3udd_ligand,4804,0.786506
3udd_ligand,4805,0.398767
3udd_ligand,4806,0.513126
3udd_ligand,4807,0.470488
3udd_ligand,4808,0.228084
3udd_ligand,4809,0.658763
3udd_ligand,4810,0.271218
3udd_ligand,4811,0.512575
3udd_ligand,4812,0.49526
3udd_ligand,4813,0.550342
3udd_ligand,4814,0.314049
3udd_ligand,4815,0.54852
3udd_ligand,4816,0.467237
3udd_ligand,4817,0.402297
3udd_ligand,4818,0.63951
3udd_ligand,4819,0.249881
3udd_ligand,4820,0.708529
3udd_ligand,4821,0.259754
3udd_ligand,4822,0.632271
3udd_ligand,4823,0.252655
3udd_ligand,4824,0.655213
3udd_ligand,4825,0.214054
3udd_ligand,4826,0.727156
3udd_ligand,4827,0.427782
3udd_ligand,4828,0.527251
3udd_ligand,4829,0.453978
3udd_ligand,4830,0.300349
3udd_ligand,4831,0.529513
3udd_ligand,4832,0.511998
3udd_ligand,4833,0.614107
3udd_ligand,4834,0.157011
3udd_ligand,4835,0.746311
3udd_ligand,4836,0.335285
3udd_ligand,4837,0.518511
3udd_ligand,4838,0.329999
3udd_ligand,4839,0.587118
3udd_ligand,4840,0.314052
3udd_ligand,4841,0.546071
3udd_ligand,4842,0.457938
3udd_ligand,4843,0.561842
3udd_ligand,4844,0.341977
3udd_ligand,4845,0.422688
3udd_ligand,4846,0.459747
3udd_ligand,4847,0.532154
3udd_ligand,4848,0.468418
3udd_ligand,4849,0.544095
3udd_ligand,4850,0.410516
3udd_ligand,4851,0.595673
3udd_ligand,4852,0.360671
3udd_ligand,4853,0.560745
3udd_ligand,4854,0.453972
3udd_ligand,4855,0.605854
3udd_ligand,4856,0.546976
3udd_ligand,4857,0.57129
3udd_ligand,4858,0.260737
3udd_ligand,4859,0.649856
3udd_ligand,4860,0.512092
3udd_ligand,4861,0.411733
3udd_ligand,4862,0.491194
3udd_ligand,4863,0.484895
3udd_ligand,4864,0.612084
3udd_ligand,4865,0.202285
3udd_ligand,4866,0.813846
3udd_ligand,4867,0.345731
3udd_ligand,4868,0.571977
3udd_ligand,4869,0.375241
3udd_ligand,4870,0.587483
3udd_ligand,4871,0.307627
3udd_ligand,4872,0.627645
3udd_ligand,4873,0.200193
3udd_ligand,4874,0.716374
3udd_ligand,4875,0.326637
3udd_ligand,4876,0.67266
3udd_ligand,4877,0.460384
3udd_ligand,4878,0.575979
3udd_ligand,4879,0.322626
3udd_ligand,4880,0.586582
3udd_ligand,4881,0.316015
3udd_ligand,4882,0.580307
3udd_ligand,4883,0.249559
3udd_ligand,4884,0.72176
3udd_ligand,4885,0.353931
3udd_ligand,4886,0.495464
3udd_ligand,4887,0.436723
3udd_ligand,4888,0.318423
3udd_ligand,4889,0.65345
3udd_ligand,4890,0.658128
3udd_ligand,4891,0.418554
3udd_ligand,4892,0.466442
3udd_ligand,4893,0.391376
3udd_ligand,4894,0.573088
3udd_ligand,4895,0.495799
3udd_ligand,4896,0.453701
3udd_ligand,4897,0.490197
3udd_ligand,4898,0.498609
3udd_ligand,4899,0.503554
3udd_ligand,4900,0.586375
3udd_ligand,4901,0.272989
3udd_ligand,4902,0.730207
3udd_ligand,4903,0.441052
3udd_ligand,4904,0.51363
3udd_ligand,4905,0.551744
3udd_ligand,4906,0.401087
3udd_ligand,4907,0.337519
3udd_ligand,4908,0.520924
3udd_ligand,4909,0.340082
3udd_ligand,4910,0.569893
3udd_ligand,4911,0.396189
3udd_ligand,4912,0.587256
3udd_ligand,4913,0.535936
3udd_ligand,4914,0.4807
3udd_ligand,4915,0.428792
3udd_ligand,4916,0.344813
3udd_ligand,4917,0.6686
3udd_ligand,4918,0.306806
3udd_ligand,4919,0.607482
3udd_ligand,4920,0.314497
3udd_ligand,4921,0.572231
3udd_ligand,4922,0.430071
3udd_ligand,4923,0.53773
3udd_ligand,4924,0.411814
3udd_ligand,4925,0.214348
3udd_ligand,4926,0.687512
3udd_ligand,4927,0.462042
3udd_ligand,4928,0.436382
3udd_ligand,4929,0.549956
3udd_ligand,4930,0.521351
3udd_ligand,4931,0.468753
3udd_ligand,4932,0.512088
3udd_ligand,4933,0.603023
3udd_ligand,4934,0.15944
3udd_ligand,4935,0.777165
3udd_ligand,4936,0.34436
3udd_ligand,4937,0.645355
3udd_ligand,4938,0.343486
3udd_ligand,4939,0.692481
3udd_ligand,4940,0.319231
3udd_ligand,4941,0.551699
3udd_ligand,4942,0.283868
3udd_ligand,4943,0.551151
3udd_ligand,4944,0.237322
3udd_ligand,4945,0.728724
3udd_ligand,4946,0.451137
3udd_ligand,4947,0.494292
3udd_ligand,4948,0.496799
3udd_ligand,4949,0.340626
3udd_ligand,4950,0.556866
3udd_ligand,4951,0.380763
3udd_ligand,4952,0.624836
3udd_ligand,4953,0.456572
3udd_ligand,4954,0.422811
3udd_ligand,4955,0.632381
3udd_ligand,4956,0.415724
3udd_ligand,4957,0.425643
3udd_ligand,4958,0.592066
3udd_ligand,4959,0.361967
3udd_ligand,4960,0.523219
3udd_ligand,4961,0.52161
3udd_ligand,4962,0.483818
3udd_ligand,4963,0.37559
3udd_ligand,4964,0.703065
3udd_ligand,4965,0.427227
3udd_ligand,4966,0.420887
3udd_ligand,4967,0.352985
3udd_ligand,4968,0.458231
3udd_ligand,4969,0.581981
3udd_ligand,4970,0.440909
3udd_ligand,4971,0.531191
3udd_ligand,4972,0.391892
3udd_ligand,4973,0.409869
3udd_ligand,4974,0.529843
3udd_ligand,4975,0.53961
3udd_ligand,4976,0.539173
3udd_ligand,4977,0.337148
3udd_ligand,4978,0.607477
3udd_ligand,4979,0.438213
3udd_ligand,4980,0.377484
3udd_ligand,4981,0.569073
3udd_ligand,4982,0.376048
3udd_ligand,4983,0.55853
3udd_ligand,4984,0.508021
3udd_ligand,4985,0.375373
3udd_ligand,4986,0.433178
3udd_ligand,4987,0.515425
3udd_ligand,4988,0.522351
3udd_ligand,4989,0.335806
3udd_ligand,4990,0.495399
3udd_ligand,4991,0.486902
3udd_ligand,4992,0.306286
3udd_ligand,4993,0.656202
3udd_ligand,4994,0.414765
3udd_ligand,4995,0.351209
3udd_ligand,4996,0.733633
3udd_ligand,4997,0.384099
3udd_ligand,4998,0.645558
3udd_ligand,4999,0.307355
