ligand,iteration,com_distance
4few_ligand,0,0
4few_ligand,1,0.38734
4few_ligand,2,0.595453
4few_ligand,3,0.689471
4few_ligand,4,0.807117
4few_ligand,5,0.78978
4few_ligand,6,0.857823
4few_ligand,7,0.969106
4few_ligand,8,0.966489
4few_ligand,9,0.975228
4few_ligand,10,1.00924
4few_ligand,11,1.0488
4few_ligand,12,1.20193
4few_ligand,13,1.50791
4few_ligand,14,1.53892
4few_ligand,15,1.53127
4few_ligand,16,1.75144
4few_ligand,17,1.75705
4few_ligand,18,1.93067
4few_ligand,19,2.31675
4few_ligand,20,2.34592
4few_ligand,21,2.20541
4few_ligand,22,2.48481
4few_ligand,23,2.22345
4few_ligand,24,2.44186
4few_ligand,25,2.33677
4few_ligand,26,2.21042
4few_ligand,27,2.36422
4few_ligand,28,2.21632
4few_ligand,29,2.43714
4few_ligand,30,2.29286
4few_ligand,31,2.49678
4few_ligand,32,2.34995
4few_ligand,33,2.2338
4few_ligand,34,2.42923
4few_ligand,35,2.22974
4few_ligand,36,2.44933
4few_ligand,37,2.2206
4few_ligand,38,2.46426
4few_ligand,39,2.2395
4few_ligand,40,2.47332
4few_ligand,41,2.24328
4few_ligand,42,2.50963
4few_ligand,43,2.21095
4few_ligand,44,2.4614
4few_ligand,45,2.23193
4few_ligand,46,2.46777
4few_ligand,47,2.22461
4few_ligand,48,2.47656
4few_ligand,49,2.24828
4few_ligand,50,2.40962
4few_ligand,51,2.24727
4few_ligand,52,2.50196
4few_ligand,53,2.26824
4few_ligand,54,2.51053
4few_ligand,55,2.21377
4few_ligand,56,2.40496
4few_ligand,57,2.31206
4few_ligand,58,2.32263
4few_ligand,59,2.67739
4few_ligand,60,2.38683
4few_ligand,61,2.27653
4few_ligand,62,2.53826
4few_ligand,63,2.32274
4few_ligand,64,2.57102
4few_ligand,65,2.32783
4few_ligand,66,2.18528
4few_ligand,67,2.57959
4few_ligand,68,2.39732
4few_ligand,69,2.29946
4few_ligand,70,2.39536
4few_ligand,71,2.17847
4few_ligand,72,2.55281
4few_ligand,73,2.2615
4few_ligand,74,2.65933
4few_ligand,75,2.56621
4few_ligand,76,2.22993
4few_ligand,77,2.51601
4few_ligand,78,2.24166
4few_ligand,79,2.58399
4few_ligand,80,2.27701
4few_ligand,81,2.59832
4few_ligand,82,2.31658
4few_ligand,83,2.22675
4few_ligand,84,2.67812
4few_ligand,85,2.50384
4few_ligand,86,2.3688
4few_ligand,87,2.5123
4few_ligand,88,2.39279
4few_ligand,89,2.38483
4few_ligand,90,2.28982
4few_ligand,91,2.20012
4few_ligand,92,2.64534
4few_ligand,93,2.20171
4few_ligand,94,2.65027
4few_ligand,95,2.27861
4few_ligand,96,2.20187
4few_ligand,97,2.61964
4few_ligand,98,2.39132
4few_ligand,99,2.28704
4few_ligand,100,2.49315
4few_ligand,101,2.29372
4few_ligand,102,2.4764
4few_ligand,103,2.30641
4few_ligand,104,2.71562
4few_ligand,105,2.08876
4few_ligand,106,2.77041
4few_ligand,107,2.28387
4few_ligand,108,2.23704
4few_ligand,109,2.52267
4few_ligand,110,2.29187
4few_ligand,111,2.54108
4few_ligand,112,2.3174
4few_ligand,113,2.57102
4few_ligand,114,2.2474
4few_ligand,115,2.46637
4few_ligand,116,2.32391
4few_ligand,117,2.41458
4few_ligand,118,2.35339
4few_ligand,119,2.46782
4few_ligand,120,2.24668
4few_ligand,121,2.58199
4few_ligand,122,2.34768
4few_ligand,123,2.5355
4few_ligand,124,2.34443
4few_ligand,125,2.23089
4few_ligand,126,2.53704
4few_ligand,127,2.29128
4few_ligand,128,2.49025
4few_ligand,129,2.28601
4few_ligand,130,2.64279
4few_ligand,131,2.21709
4few_ligand,132,2.51947
4few_ligand,133,2.13037
4few_ligand,134,2.40564
4few_ligand,135,2.23258
4few_ligand,136,2.43579
4few_ligand,137,2.25899
4few_ligand,138,2.554
4few_ligand,139,2.30079
4few_ligand,140,2.42527
4few_ligand,141,2.27985
4few_ligand,142,2.63481
4few_ligand,143,2.33266
4few_ligand,144,2.45554
4few_ligand,145,2.37278
4few_ligand,146,2.52289
4few_ligand,147,2.2631
4few_ligand,148,2.6846
4few_ligand,149,2.37813
4few_ligand,150,2.57598
4few_ligand,151,2.4023
4few_ligand,152,2.30356
4few_ligand,153,2.57988
4few_ligand,154,2.3215
4few_ligand,155,2.66136
4few_ligand,156,2.20216
4few_ligand,157,2.5739
4few_ligand,158,2.19545
4few_ligand,159,2.42428
4few_ligand,160,2.23888
4few_ligand,161,2.64159
4few_ligand,162,2.38761
4few_ligand,163,2.78745
4few_ligand,164,2.35152
4few_ligand,165,2.82285
4few_ligand,166,2.1804
4few_ligand,167,2.77114
4few_ligand,168,2.00794
4few_ligand,169,2.82701
4few_ligand,170,2.74611
4few_ligand,171,2.36359
4few_ligand,172,2.17144
4few_ligand,173,2.78891
4few_ligand,174,2.33054
4few_ligand,175,2.50884
4few_ligand,176,2.1788
4few_ligand,177,2.78126
4few_ligand,178,2.85352
4few_ligand,179,2.40884
4few_ligand,180,2.33944
4few_ligand,181,2.76402
4few_ligand,182,2.31462
4few_ligand,183,2.43545
4few_ligand,184,2.31632
4few_ligand,185,2.42338
4few_ligand,186,2.37527
4few_ligand,187,2.48502
4few_ligand,188,2.35456
4few_ligand,189,2.45787
4few_ligand,190,2.34242
4few_ligand,191,2.59353
4few_ligand,192,2.44709
4few_ligand,193,2.22153
4few_ligand,194,2.55544
4few_ligand,195,2.28252
4few_ligand,196,2.45723
4few_ligand,197,2.38498
4few_ligand,198,2.54845
4few_ligand,199,2.20461
4few_ligand,200,2.66309
4few_ligand,201,2.23079
4few_ligand,202,2.60199
4few_ligand,203,2.17342
4few_ligand,204,2.48896
4few_ligand,205,2.30178
4few_ligand,206,2.70579
4few_ligand,207,2.25564
4few_ligand,208,2.67735
4few_ligand,209,2.3602
4few_ligand,210,2.56201
4few_ligand,211,2.31903
4few_ligand,212,2.73895
4few_ligand,213,2.1358
4few_ligand,214,2.28047
4few_ligand,215,2.69827
4few_ligand,216,2.39551
4few_ligand,217,2.75963
4few_ligand,218,2.31167
4few_ligand,219,2.79138
4few_ligand,220,2.32232
4few_ligand,221,2.80681
4few_ligand,222,2.36663
4few_ligand,223,2.44159
4few_ligand,224,2.22801
4few_ligand,225,2.77928
4few_ligand,226,2.35049
4few_ligand,227,2.79225
4few_ligand,228,2.32189
4few_ligand,229,2.81198
4few_ligand,230,2.36453
4few_ligand,231,2.79314
4few_ligand,232,2.35972
4few_ligand,233,2.8363
4few_ligand,234,2.20442
4few_ligand,235,2.95838
4few_ligand,236,2.67341
4few_ligand,237,2.40047
4few_ligand,238,2.36888
4few_ligand,239,2.47907
4few_ligand,240,2.30769
4few_ligand,241,2.70119
4few_ligand,242,2.48631
4few_ligand,243,2.21073
4few_ligand,244,2.71982
4few_ligand,245,2.4857
4few_ligand,246,2.34126
4few_ligand,247,2.49184
4few_ligand,248,2.40348
4few_ligand,249,2.54318
4few_ligand,250,2.33839
4few_ligand,251,2.77546
4few_ligand,252,2.35599
4few_ligand,253,2.48967
4few_ligand,254,2.21422
4few_ligand,255,2.8322
4few_ligand,256,2.64255
4few_ligand,257,2.31156
4few_ligand,258,2.70393
4few_ligand,259,2.47503
4few_ligand,260,2.3936
4few_ligand,261,2.58813
4few_ligand,262,2.32551
4few_ligand,263,2.573
4few_ligand,264,2.36292
4few_ligand,265,2.6399
4few_ligand,266,2.47901
4few_ligand,267,2.38036
4few_ligand,268,2.75982
4few_ligand,269,2.34981
4few_ligand,270,2.60002
4few_ligand,271,2.17911
4few_ligand,272,2.7502
4few_ligand,273,2.25975
4few_ligand,274,2.50494
4few_ligand,275,2.30095
4few_ligand,276,2.792
4few_ligand,277,2.38842
4few_ligand,278,2.60495
4few_ligand,279,2.18854
4few_ligand,280,2.74397
4few_ligand,281,2.28401
4few_ligand,282,2.667
4few_ligand,283,2.1135
4few_ligand,284,2.62612
4few_ligand,285,2.40572
4few_ligand,286,2.3685
4few_ligand,287,2.47537
4few_ligand,288,2.42392
4few_ligand,289,2.29541
4few_ligand,290,2.63933
4few_ligand,291,2.38709
4few_ligand,292,2.38386
4few_ligand,293,2.40386
4few_ligand,294,2.37192
4few_ligand,295,2.60149
4few_ligand,296,2.51472
4few_ligand,297,2.16513
4few_ligand,298,2.53084
4few_ligand,299,2.30166
4few_ligand,300,2.75785
4few_ligand,301,2.39601
4few_ligand,302,2.54186
4few_ligand,303,2.28845
4few_ligand,304,2.70945
4few_ligand,305,2.2976
4few_ligand,306,2.52068
4few_ligand,307,2.3304
4few_ligand,308,2.71889
4few_ligand,309,2.31192
4few_ligand,310,2.6275
4few_ligand,311,2.20171
4few_ligand,312,2.72793
4few_ligand,313,2.19487
4few_ligand,314,2.81154
4few_ligand,315,2.47954
4few_ligand,316,2.48666
4few_ligand,317,2.38494
4few_ligand,318,2.45228
4few_ligand,319,2.32498
4few_ligand,320,2.69932
4few_ligand,321,2.4846
4few_ligand,322,2.42866
4few_ligand,323,2.46176
4few_ligand,324,2.49076
4few_ligand,325,2.21508
4few_ligand,326,2.65168
4few_ligand,327,2.45493
4few_ligand,328,2.43822
4few_ligand,329,2.37033
4few_ligand,330,2.47581
4few_ligand,331,2.41516
4few_ligand,332,2.51756
4few_ligand,333,2.27194
4few_ligand,334,2.77012
4few_ligand,335,2.37202
4few_ligand,336,2.48174
4few_ligand,337,2.40229
4few_ligand,338,2.50357
4few_ligand,339,2.14579
4few_ligand,340,2.70648
4few_ligand,341,2.2087
4few_ligand,342,2.80596
4few_ligand,343,2.42651
4few_ligand,344,2.55336
4few_ligand,345,2.24901
4few_ligand,346,2.69748
4few_ligand,347,2.4649
4few_ligand,348,2.49961
4few_ligand,349,2.41175
4few_ligand,350,2.5637
4few_ligand,351,2.2895
4few_ligand,352,2.70778
4few_ligand,353,2.29651
4few_ligand,354,2.53526
4few_ligand,355,2.31044
4few_ligand,356,2.77826
4few_ligand,357,2.37421
4few_ligand,358,2.60758
4few_ligand,359,2.30269
4few_ligand,360,2.6967
4few_ligand,361,2.23896
4few_ligand,362,2.56391
4few_ligand,363,2.33371
4few_ligand,364,2.69448
4few_ligand,365,2.21676
4few_ligand,366,2.57034
4few_ligand,367,2.18737
4few_ligand,368,2.71681
4few_ligand,369,2.22478
4few_ligand,370,2.54462
4few_ligand,371,2.38011
4few_ligand,372,2.76449
4few_ligand,373,2.36383
4few_ligand,374,2.68714
4few_ligand,375,2.1517
4few_ligand,376,2.73426
4few_ligand,377,2.26105
4few_ligand,378,2.68328
4few_ligand,379,2.19724
4few_ligand,380,2.652
4few_ligand,381,2.45443
4few_ligand,382,2.55179
4few_ligand,383,2.53523
4few_ligand,384,2.58934
4few_ligand,385,2.28553
4few_ligand,386,2.70973
4few_ligand,387,2.3057
4few_ligand,388,2.44651
4few_ligand,389,2.55757
4few_ligand,390,2.53255
4few_ligand,391,2.20914
4few_ligand,392,2.62584
4few_ligand,393,2.40876
4few_ligand,394,2.53759
4few_ligand,395,2.50426
4few_ligand,396,2.52224
4few_ligand,397,2.22229
4few_ligand,398,2.73484
4few_ligand,399,2.55071
4few_ligand,400,2.46116
4few_ligand,401,2.42083
4few_ligand,402,2.63851
4few_ligand,403,2.34208
4few_ligand,404,2.76394
4few_ligand,405,2.2146
4few_ligand,406,2.61703
4few_ligand,407,2.17379
4few_ligand,408,2.77294
4few_ligand,409,2.2392
4few_ligand,410,2.7141
4few_ligand,411,2.11746
4few_ligand,412,2.64042
4few_ligand,413,2.57772
4few_ligand,414,2.64935
4few_ligand,415,2.34897
4few_ligand,416,2.72124
4few_ligand,417,2.12681
4few_ligand,418,2.72745
4few_ligand,419,2.20616
4few_ligand,420,2.79249
4few_ligand,421,2.354
4few_ligand,422,2.54099
4few_ligand,423,2.31583
4few_ligand,424,2.71829
4few_ligand,425,2.48076
4few_ligand,426,2.48639
4few_ligand,427,2.5033
4few_ligand,428,2.56232
4few_ligand,429,2.31757
4few_ligand,430,2.7429
4few_ligand,431,2.30157
4few_ligand,432,2.48473
4few_ligand,433,2.31449
4few_ligand,434,2.79476
4few_ligand,435,2.42799
4few_ligand,436,2.63792
4few_ligand,437,2.32655
4few_ligand,438,2.7419
4few_ligand,439,2.30689
4few_ligand,440,2.47597
4few_ligand,441,2.58433
4few_ligand,442,2.56542
4few_ligand,443,2.29216
4few_ligand,444,2.73344
4few_ligand,445,2.31377
4few_ligand,446,2.59219
4few_ligand,447,2.36247
4few_ligand,448,2.76292
4few_ligand,449,2.26179
4few_ligand,450,2.58603
4few_ligand,451,2.34634
4few_ligand,452,2.755
4few_ligand,453,2.27208
4few_ligand,454,2.58551
4few_ligand,455,2.36833
4few_ligand,456,2.85305
4few_ligand,457,2.47896
4few_ligand,458,2.65486
4few_ligand,459,2.24687
4few_ligand,460,2.71525
4few_ligand,461,2.46844
4few_ligand,462,2.51816
4few_ligand,463,2.4276
4few_ligand,464,2.49751
4few_ligand,465,2.16108
4few_ligand,466,2.66842
4few_ligand,467,2.2791
4few_ligand,468,2.73309
4few_ligand,469,2.29346
4few_ligand,470,2.42821
4few_ligand,471,2.53111
4few_ligand,472,2.63617
4few_ligand,473,2.1917
4few_ligand,474,2.80684
4few_ligand,475,2.32575
4few_ligand,476,2.71535
4few_ligand,477,2.13591
4few_ligand,478,2.697
4few_ligand,479,2.47909
4few_ligand,480,2.57783
4few_ligand,481,2.52722
4few_ligand,482,2.60855
4few_ligand,483,2.29884
4few_ligand,484,2.73838
4few_ligand,485,2.31276
4few_ligand,486,2.50206
4few_ligand,487,2.56135
4few_ligand,488,2.57498
4few_ligand,489,2.27221
4few_ligand,490,2.71027
4few_ligand,491,2.28425
4few_ligand,492,2.58408
4few_ligand,493,2.22126
4few_ligand,494,2.81483
4few_ligand,495,2.30704
4few_ligand,496,2.59314
4few_ligand,497,2.19689
4few_ligand,498,2.78173
4few_ligand,499,2.27588
4few_ligand,500,2.74047
4few_ligand,501,2.14001
4few_ligand,502,2.77301
4few_ligand,503,2.57173
4few_ligand,504,2.68513
4few_ligand,505,2.23342
4few_ligand,506,2.70945
4few_ligand,507,2.50415
4few_ligand,508,2.59123
4few_ligand,509,2.43372
4few_ligand,510,2.52343
4few_ligand,511,2.25401
4few_ligand,512,2.6615
4few_ligand,513,2.42579
4few_ligand,514,2.40304
4few_ligand,515,2.40584
4few_ligand,516,2.52743
4few_ligand,517,2.42946
4few_ligand,518,2.48506
4few_ligand,519,2.21786
4few_ligand,520,2.62445
4few_ligand,521,2.43767
4few_ligand,522,2.50909
4few_ligand,523,2.466
4few_ligand,524,2.50779
4few_ligand,525,2.51347
4few_ligand,526,2.52712
4few_ligand,527,2.53558
4few_ligand,528,2.5119
4few_ligand,529,2.54709
4few_ligand,530,2.50754
4few_ligand,531,2.40728
4few_ligand,532,2.63034
4few_ligand,533,2.38354
4few_ligand,534,2.77526
4few_ligand,535,2.3269
4few_ligand,536,2.77133
4few_ligand,537,2.18261
4few_ligand,538,2.81966
4few_ligand,539,2.2352
4few_ligand,540,2.84885
4few_ligand,541,2.82472
4few_ligand,542,2.67257
4few_ligand,543,2.21756
4few_ligand,544,2.83481
4few_ligand,545,2.36915
4few_ligand,546,2.77307
4few_ligand,547,2.26823
4few_ligand,548,2.58001
4few_ligand,549,2.26364
4few_ligand,550,2.69958
4few_ligand,551,2.47221
4few_ligand,552,2.44822
4few_ligand,553,2.42808
4few_ligand,554,2.46741
4few_ligand,555,2.46823
4few_ligand,556,2.46145
4few_ligand,557,2.4518
4few_ligand,558,2.5405
4few_ligand,559,2.5761
4few_ligand,560,2.60199
4few_ligand,561,2.18328
4few_ligand,562,2.8245
4few_ligand,563,2.39416
4few_ligand,564,2.67254
4few_ligand,565,2.35097
4few_ligand,566,2.86947
4few_ligand,567,2.59142
4few_ligand,568,2.58501
4few_ligand,569,2.55778
4few_ligand,570,2.32031
4few_ligand,571,2.72822
4few_ligand,572,2.50539
4few_ligand,573,2.60763
4few_ligand,574,2.5537
4few_ligand,575,2.59459
4few_ligand,576,2.36849
4few_ligand,577,2.79023
4few_ligand,578,2.3597
4few_ligand,579,2.51645
4few_ligand,580,2.52696
4few_ligand,581,2.5802
4few_ligand,582,2.4052
4few_ligand,583,2.61084
4few_ligand,584,2.35176
4few_ligand,585,2.80392
4few_ligand,586,2.32604
4few_ligand,587,2.57492
4few_ligand,588,2.2442
4few_ligand,589,2.72711
4few_ligand,590,2.53098
4few_ligand,591,2.57798
4few_ligand,592,2.38839
4few_ligand,593,2.54629
4few_ligand,594,2.31637
4few_ligand,595,2.76644
4few_ligand,596,2.34061
4few_ligand,597,2.53187
4few_ligand,598,2.36829
4few_ligand,599,2.77417
4few_ligand,600,2.35372
4few_ligand,601,2.61837
4few_ligand,602,2.19253
4few_ligand,603,2.81994
4few_ligand,604,2.31574
4few_ligand,605,2.56745
4few_ligand,606,2.25372
4few_ligand,607,2.68533
4few_ligand,608,2.44102
4few_ligand,609,2.54763
4few_ligand,610,2.32677
4few_ligand,611,2.64765
4few_ligand,612,2.20774
4few_ligand,613,2.75914
4few_ligand,614,2.25848
4few_ligand,615,2.76793
4few_ligand,616,2.4387
4few_ligand,617,2.70261
4few_ligand,618,2.22824
4few_ligand,619,2.67566
4few_ligand,620,2.41047
4few_ligand,621,2.6145
4few_ligand,622,2.36437
4few_ligand,623,2.78916
4few_ligand,624,2.36982
4few_ligand,625,2.57649
4few_ligand,626,2.35478
4few_ligand,627,2.78056
4few_ligand,628,2.33784
4few_ligand,629,2.59301
4few_ligand,630,2.40426
4few_ligand,631,2.80334
4few_ligand,632,2.33444
4few_ligand,633,2.43002
4few_ligand,634,2.44707
4few_ligand,635,2.56068
4few_ligand,636,2.45734
4few_ligand,637,2.54531
4few_ligand,638,2.51942
4few_ligand,639,2.54457
4few_ligand,640,2.53952
4few_ligand,641,2.54082
4few_ligand,642,2.38781
4few_ligand,643,2.66692
4few_ligand,644,2.40143
4few_ligand,645,2.79036
4few_ligand,646,2.31081
4few_ligand,647,2.68673
4few_ligand,648,2.16298
4few_ligand,649,2.89502
4few_ligand,650,2.3937
4few_ligand,651,2.56003
4few_ligand,652,2.30307
4few_ligand,653,2.78436
4few_ligand,654,2.33677
4few_ligand,655,2.64749
4few_ligand,656,2.39937
4few_ligand,657,2.76868
4few_ligand,658,2.28979
4few_ligand,659,2.45204
4few_ligand,660,2.40819
4few_ligand,661,2.57463
4few_ligand,662,2.37842
4few_ligand,663,2.53473
4few_ligand,664,2.25561
4few_ligand,665,2.81513
4few_ligand,666,2.4444
4few_ligand,667,2.63832
4few_ligand,668,2.38807
4few_ligand,669,2.81708
4few_ligand,670,2.25185
4few_ligand,671,2.82186
4few_ligand,672,2.30766
4few_ligand,673,2.71602
4few_ligand,674,2.16397
4few_ligand,675,2.8484
4few_ligand,676,2.257
4few_ligand,677,2.64068
4few_ligand,678,2.38622
4few_ligand,679,2.79029
4few_ligand,680,2.35223
4few_ligand,681,2.4504
4few_ligand,682,2.42424
4few_ligand,683,2.54321
4few_ligand,684,2.40494
4few_ligand,685,2.54831
4few_ligand,686,2.25449
4few_ligand,687,2.63825
4few_ligand,688,2.39408
4few_ligand,689,2.49794
4few_ligand,690,2.41012
4few_ligand,691,2.57975
4few_ligand,692,2.40038
4few_ligand,693,2.53719
4few_ligand,694,2.25147
4few_ligand,695,2.72421
4few_ligand,696,2.35186
4few_ligand,697,2.60699
4few_ligand,698,2.39643
4few_ligand,699,2.74536
4few_ligand,700,2.26338
4few_ligand,701,2.73057
4few_ligand,702,2.26609
4few_ligand,703,2.74124
4few_ligand,704,2.47033
4few_ligand,705,2.67911
4few_ligand,706,2.3255
4few_ligand,707,2.67411
4few_ligand,708,2.22004
4few_ligand,709,2.80635
4few_ligand,710,2.31913
4few_ligand,711,2.57672
4few_ligand,712,2.41156
4few_ligand,713,2.82483
4few_ligand,714,2.67574
4few_ligand,715,2.65829
4few_ligand,716,2.24876
4few_ligand,717,2.67429
4few_ligand,718,2.44838
4few_ligand,719,2.59176
4few_ligand,720,2.45232
4few_ligand,721,2.5247
4few_ligand,722,2.34201
4few_ligand,723,2.73924
4few_ligand,724,2.32767
4few_ligand,725,2.72469
4few_ligand,726,2.25395
4few_ligand,727,2.67655
4few_ligand,728,2.44098
4few_ligand,729,2.44883
4few_ligand,730,2.37508
4few_ligand,731,2.52345
4few_ligand,732,2.53772
4few_ligand,733,2.58652
4few_ligand,734,2.59456
4few_ligand,735,2.60094
4few_ligand,736,2.18033
4few_ligand,737,2.78438
4few_ligand,738,2.34808
4few_ligand,739,2.45701
4few_ligand,740,2.53375
4few_ligand,741,2.55844
4few_ligand,742,2.25868
4few_ligand,743,2.73734
4few_ligand,744,2.33959
4few_ligand,745,2.63535
4few_ligand,746,2.42269
4few_ligand,747,2.58338
4few_ligand,748,2.21974
4few_ligand,749,2.66069
4few_ligand,750,2.40675
4few_ligand,751,2.64966
4few_ligand,752,2.40151
4few_ligand,753,2.57916
4few_ligand,754,2.32643
4few_ligand,755,2.7428
4few_ligand,756,2.29634
4few_ligand,757,2.54952
4few_ligand,758,2.42263
4few_ligand,759,2.61567
4few_ligand,760,2.20119
4few_ligand,761,2.6564
4few_ligand,762,2.42185
4few_ligand,763,2.84545
4few_ligand,764,2.44945
4few_ligand,765,2.58975
4few_ligand,766,2.33383
4few_ligand,767,2.73135
4few_ligand,768,2.283
4few_ligand,769,2.64375
4few_ligand,770,2.22023
4few_ligand,771,2.7153
4few_ligand,772,2.23975
4few_ligand,773,2.72604
4few_ligand,774,2.22545
4few_ligand,775,2.64837
4few_ligand,776,2.38735
4few_ligand,777,2.62067
4few_ligand,778,2.19945
4few_ligand,779,2.87211
4few_ligand,780,2.44192
4few_ligand,781,2.46311
4few_ligand,782,2.4251
4few_ligand,783,2.53546
4few_ligand,784,2.41834
4few_ligand,785,2.51103
4few_ligand,786,2.23026
4few_ligand,787,2.66031
4few_ligand,788,2.47057
4few_ligand,789,2.62593
4few_ligand,790,2.45143
4few_ligand,791,2.51815
4few_ligand,792,2.38514
4few_ligand,793,2.50989
4few_ligand,794,2.26568
4few_ligand,795,2.7173
4few_ligand,796,2.3273
4few_ligand,797,2.66755
4few_ligand,798,2.44721
4few_ligand,799,2.55884
4few_ligand,800,2.39277
4few_ligand,801,2.5355
4few_ligand,802,2.50835
4few_ligand,803,2.55174
4few_ligand,804,2.38726
4few_ligand,805,2.62195
4few_ligand,806,2.37501
4few_ligand,807,2.72473
4few_ligand,808,2.29999
4few_ligand,809,2.84762
4few_ligand,810,2.40733
4few_ligand,811,2.57172
4few_ligand,812,2.32192
4few_ligand,813,2.74777
4few_ligand,814,2.32509
4few_ligand,815,2.53905
4few_ligand,816,2.46232
4few_ligand,817,2.53919
4few_ligand,818,2.3664
4few_ligand,819,2.67822
4few_ligand,820,2.19556
4few_ligand,821,2.81331
4few_ligand,822,2.35973
4few_ligand,823,2.56581
4few_ligand,824,2.49252
4few_ligand,825,2.56817
4few_ligand,826,2.3791
4few_ligand,827,2.60391
4few_ligand,828,2.34359
4few_ligand,829,2.76937
4few_ligand,830,2.32966
4few_ligand,831,2.66067
4few_ligand,832,2.51962
4few_ligand,833,2.52094
4few_ligand,834,2.43442
4few_ligand,835,2.59074
4few_ligand,836,2.33861
4few_ligand,837,2.7556
4few_ligand,838,2.29811
4few_ligand,839,2.52805
4few_ligand,840,2.49672
4few_ligand,841,2.55785
4few_ligand,842,2.36269
4few_ligand,843,2.63712
4few_ligand,844,2.1472
4few_ligand,845,2.80954
4few_ligand,846,2.35928
4few_ligand,847,2.61106
4few_ligand,848,2.31898
4few_ligand,849,2.68016
4few_ligand,850,2.21737
4few_ligand,851,2.661
4few_ligand,852,2.44401
4few_ligand,853,2.61371
4few_ligand,854,2.30886
4few_ligand,855,2.78647
4few_ligand,856,2.26715
4few_ligand,857,2.72624
4few_ligand,858,2.3387
4few_ligand,859,2.55595
4few_ligand,860,2.35117
4few_ligand,861,2.78463
4few_ligand,862,2.36819
4few_ligand,863,2.55614
4few_ligand,864,2.3341
4few_ligand,865,2.76724
4few_ligand,866,2.35388
4few_ligand,867,2.56119
4few_ligand,868,2.34496
4few_ligand,869,2.76951
4few_ligand,870,2.3465
4few_ligand,871,2.5664
4few_ligand,872,2.34566
4few_ligand,873,2.814
4few_ligand,874,2.4407
4few_ligand,875,2.59603
4few_ligand,876,2.31172
4few_ligand,877,2.73537
4few_ligand,878,2.32173
4few_ligand,879,2.6347
4few_ligand,880,2.20142
4few_ligand,881,2.7913
4few_ligand,882,2.26252
4few_ligand,883,2.74855
4few_ligand,884,2.55773
4few_ligand,885,2.68181
4few_ligand,886,2.32096
4few_ligand,887,2.61897
4few_ligand,888,2.20676
4few_ligand,889,2.70752
4few_ligand,890,2.45171
4few_ligand,891,2.70129
4few_ligand,892,2.2259
4few_ligand,893,2.7006
4few_ligand,894,2.44204
4few_ligand,895,2.61525
4few_ligand,896,2.21383
4few_ligand,897,2.72576
4few_ligand,898,2.2571
4few_ligand,899,2.80687
4few_ligand,900,2.2733
4few_ligand,901,2.74813
4few_ligand,902,2.5211
4few_ligand,903,2.64701
4few_ligand,904,2.39897
4few_ligand,905,2.58378
4few_ligand,906,2.30909
4few_ligand,907,2.78662
4few_ligand,908,2.396
4few_ligand,909,2.56732
4few_ligand,910,2.33726
4few_ligand,911,2.76239
4few_ligand,912,2.38091
4few_ligand,913,2.63367
4few_ligand,914,2.37939
4few_ligand,915,2.67979
4few_ligand,916,2.32888
4few_ligand,917,2.64836
4few_ligand,918,2.22266
4few_ligand,919,2.7237
4few_ligand,920,2.32003
4few_ligand,921,2.54249
4few_ligand,922,2.54431
4few_ligand,923,2.59323
4few_ligand,924,2.57917
4few_ligand,925,2.59098
4few_ligand,926,2.20534
4few_ligand,927,2.76332
4few_ligand,928,2.33777
4few_ligand,929,2.42323
4few_ligand,930,2.42349
4few_ligand,931,2.41693
4few_ligand,932,2.42699
4few_ligand,933,2.706
4few_ligand,934,2.21531
4few_ligand,935,2.81257
4few_ligand,936,2.32662
4few_ligand,937,2.46462
4few_ligand,938,2.44736
4few_ligand,939,2.39583
4few_ligand,940,2.48551
4few_ligand,941,2.51605
4few_ligand,942,2.50389
4few_ligand,943,2.47542
4few_ligand,944,2.4524
4few_ligand,945,2.4016
4few_ligand,946,2.47149
4few_ligand,947,2.51529
4few_ligand,948,2.40821
4few_ligand,949,2.51949
4few_ligand,950,2.58163
4few_ligand,951,2.65028
4few_ligand,952,2.41871
4few_ligand,953,2.6901
4few_ligand,954,2.39202
4few_ligand,955,2.86575
4few_ligand,956,2.57834
4few_ligand,957,2.75017
4few_ligand,958,2.58121
4few_ligand,959,2.36069
4few_ligand,960,2.8445
4few_ligand,961,2.45541
4few_ligand,962,2.72254
4few_ligand,963,2.22469
4few_ligand,964,2.75001
4few_ligand,965,2.30938
4few_ligand,966,2.71048
4few_ligand,967,2.20097
4few_ligand,968,2.9154
4few_ligand,969,2.4746
4few_ligand,970,2.54026
4few_ligand,971,2.29248
4few_ligand,972,2.7437
4few_ligand,973,2.36978
4few_ligand,974,2.65008
4few_ligand,975,2.41792
4few_ligand,976,2.59277
4few_ligand,977,2.23179
4few_ligand,978,2.70879
4few_ligand,979,2.51995
4few_ligand,980,2.57731
4few_ligand,981,2.39934
4few_ligand,982,2.54285
4few_ligand,983,2.40324
4few_ligand,984,2.59027
4few_ligand,985,2.41632
4few_ligand,986,2.75753
4few_ligand,987,2.36292
4few_ligand,988,2.8281
4few_ligand,989,2.38634
4few_ligand,990,2.51619
4few_ligand,991,2.28161
4few_ligand,992,2.76131
4few_ligand,993,2.29505
4few_ligand,994,2.65789
4few_ligand,995,2.23343
4few_ligand,996,2.69459
4few_ligand,997,2.46675
4few_ligand,998,2.60772
4few_ligand,999,2.21451
4few_ligand,1000,2.75516
4few_ligand,1001,2.27132
4few_ligand,1002,2.79319
4few_ligand,1003,2.49846
4few_ligand,1004,2.72207
4few_ligand,1005,2.2609
4few_ligand,1006,2.76481
4few_ligand,1007,2.30891
4few_ligand,1008,2.59193
4few_ligand,1009,2.49178
4few_ligand,1010,2.52144
4few_ligand,1011,2.24122
4few_ligand,1012,2.57964
4few_ligand,1013,2.45656
4few_ligand,1014,2.59864
4few_ligand,1015,2.46261
4few_ligand,1016,2.46339
4few_ligand,1017,2.39891
4few_ligand,1018,2.72599
4few_ligand,1019,2.54593
4few_ligand,1020,2.57997
4few_ligand,1021,2.41469
4few_ligand,1022,2.54557
4few_ligand,1023,2.35764
4few_ligand,1024,2.74808
4few_ligand,1025,2.31018
4few_ligand,1026,2.49301
4few_ligand,1027,2.41747
4few_ligand,1028,2.58107
4few_ligand,1029,2.41964
4few_ligand,1030,2.52087
4few_ligand,1031,2.35234
4few_ligand,1032,2.74403
4few_ligand,1033,2.32824
4few_ligand,1034,2.70281
4few_ligand,1035,2.2732
4few_ligand,1036,2.67552
4few_ligand,1037,2.43397
4few_ligand,1038,2.81801
4few_ligand,1039,2.38294
4few_ligand,1040,2.49629
4few_ligand,1041,2.41445
4few_ligand,1042,2.48062
4few_ligand,1043,2.45632
4few_ligand,1044,2.55088
4few_ligand,1045,2.28017
4few_ligand,1046,2.72191
4few_ligand,1047,2.5361
4few_ligand,1048,2.57272
4few_ligand,1049,2.4693
4few_ligand,1050,2.57122
4few_ligand,1051,2.3622
4few_ligand,1052,2.74315
4few_ligand,1053,2.32326
4few_ligand,1054,2.37816
4few_ligand,1055,2.51632
4few_ligand,1056,2.52037
4few_ligand,1057,2.43165
4few_ligand,1058,2.73914
4few_ligand,1059,2.35536
4few_ligand,1060,2.5772
4few_ligand,1061,2.48015
4few_ligand,1062,2.62057
4few_ligand,1063,2.2593
4few_ligand,1064,2.70441
4few_ligand,1065,2.52358
4few_ligand,1066,2.55354
4few_ligand,1067,2.44828
4few_ligand,1068,2.56922
4few_ligand,1069,2.37683
4few_ligand,1070,2.7555
4few_ligand,1071,2.3295
4few_ligand,1072,2.59457
4few_ligand,1073,2.3219
4few_ligand,1074,2.72715
4few_ligand,1075,2.55705
4few_ligand,1076,2.55719
4few_ligand,1077,2.5928
4few_ligand,1078,2.59815
4few_ligand,1079,2.21006
4few_ligand,1080,2.77553
4few_ligand,1081,2.29556
4few_ligand,1082,2.66998
4few_ligand,1083,2.42099
4few_ligand,1084,2.82625
4few_ligand,1085,2.38072
4few_ligand,1086,2.69135
4few_ligand,1087,2.28645
4few_ligand,1088,2.67637
4few_ligand,1089,2.58086
4few_ligand,1090,2.67293
4few_ligand,1091,2.25162
4few_ligand,1092,2.71314
4few_ligand,1093,2.51563
4few_ligand,1094,2.55669
4few_ligand,1095,2.22186
4few_ligand,1096,2.77185
4few_ligand,1097,2.34343
4few_ligand,1098,2.37215
4few_ligand,1099,2.62377
4few_ligand,1100,2.42822
4few_ligand,1101,2.62905
4few_ligand,1102,2.37494
4few_ligand,1103,2.68835
4few_ligand,1104,2.51151
4few_ligand,1105,2.58471
4few_ligand,1106,2.58371
4few_ligand,1107,2.59432
4few_ligand,1108,2.38033
4few_ligand,1109,2.76753
4few_ligand,1110,2.33283
4few_ligand,1111,2.51822
4few_ligand,1112,2.36486
4few_ligand,1113,2.73886
4few_ligand,1114,2.55953
4few_ligand,1115,2.53834
4few_ligand,1116,2.44738
4few_ligand,1117,2.61268
4few_ligand,1118,2.40247
4few_ligand,1119,2.74522
4few_ligand,1120,2.33041
4few_ligand,1121,2.78465
4few_ligand,1122,2.32039
4few_ligand,1123,2.38153
4few_ligand,1124,2.48918
4few_ligand,1125,2.48524
4few_ligand,1126,2.40454
4few_ligand,1127,2.74209
4few_ligand,1128,2.57854
4few_ligand,1129,2.53368
4few_ligand,1130,2.4462
4few_ligand,1131,2.54663
4few_ligand,1132,2.32014
4few_ligand,1133,2.73528
4few_ligand,1134,2.32575
4few_ligand,1135,2.57709
4few_ligand,1136,2.24751
4few_ligand,1137,2.69508
4few_ligand,1138,2.53595
4few_ligand,1139,2.51599
4few_ligand,1140,2.39604
4few_ligand,1141,2.50501
4few_ligand,1142,2.35235
4few_ligand,1143,2.73952
4few_ligand,1144,2.33011
4few_ligand,1145,2.74054
4few_ligand,1146,2.29205
4few_ligand,1147,2.68421
4few_ligand,1148,2.58755
4few_ligand,1149,2.58759
4few_ligand,1150,2.27603
4few_ligand,1151,2.70386
4few_ligand,1152,2.50338
4few_ligand,1153,2.53782
4few_ligand,1154,2.43642
4few_ligand,1155,2.54306
4few_ligand,1156,2.35948
4few_ligand,1157,2.74393
4few_ligand,1158,2.36267
4few_ligand,1159,2.56772
4few_ligand,1160,2.43665
4few_ligand,1161,2.73854
4few_ligand,1162,2.345
4few_ligand,1163,2.53124
4few_ligand,1164,2.41802
4few_ligand,1165,2.76975
4few_ligand,1166,2.35915
4few_ligand,1167,2.54458
4few_ligand,1168,2.46884
4few_ligand,1169,2.74868
4few_ligand,1170,2.3457
4few_ligand,1171,2.56698
4few_ligand,1172,2.42826
4few_ligand,1173,2.7928
4few_ligand,1174,2.35596
4few_ligand,1175,2.53188
4few_ligand,1176,2.38605
4few_ligand,1177,2.76046
4few_ligand,1178,2.35941
4few_ligand,1179,2.70899
4few_ligand,1180,2.2792
4few_ligand,1181,2.73314
4few_ligand,1182,2.56025
4few_ligand,1183,2.5663
4few_ligand,1184,2.42617
4few_ligand,1185,2.49871
4few_ligand,1186,2.30246
4few_ligand,1187,2.65413
4few_ligand,1188,2.38716
4few_ligand,1189,2.59412
4few_ligand,1190,2.39725
4few_ligand,1191,2.76152
4few_ligand,1192,2.34528
4few_ligand,1193,2.53499
4few_ligand,1194,2.36019
4few_ligand,1195,2.74182
4few_ligand,1196,2.31259
4few_ligand,1197,2.46376
4few_ligand,1198,2.50937
4few_ligand,1199,2.55023
4few_ligand,1200,2.30389
4few_ligand,1201,2.71471
4few_ligand,1202,2.25625
4few_ligand,1203,2.7619
4few_ligand,1204,2.31787
4few_ligand,1205,2.43301
4few_ligand,1206,2.42964
4few_ligand,1207,2.41528
4few_ligand,1208,2.4038
4few_ligand,1209,2.5148
4few_ligand,1210,2.40561
4few_ligand,1211,2.52532
4few_ligand,1212,2.2823
4few_ligand,1213,2.74139
4few_ligand,1214,2.35659
4few_ligand,1215,2.77214
4few_ligand,1216,2.29703
4few_ligand,1217,2.69211
4few_ligand,1218,2.49218
4few_ligand,1219,2.55928
4few_ligand,1220,2.40721
4few_ligand,1221,2.50971
4few_ligand,1222,2.27321
4few_ligand,1223,2.67041
4few_ligand,1224,2.51008
4few_ligand,1225,2.63877
4few_ligand,1226,2.37131
4few_ligand,1227,2.64357
4few_ligand,1228,2.21787
4few_ligand,1229,2.77361
4few_ligand,1230,2.37148
4few_ligand,1231,2.46436
4few_ligand,1232,2.50929
4few_ligand,1233,2.54294
4few_ligand,1234,2.30381
4few_ligand,1235,2.73764
4few_ligand,1236,2.36033
4few_ligand,1237,2.74809
4few_ligand,1238,2.29111
4few_ligand,1239,2.72715
4few_ligand,1240,2.46783
4few_ligand,1241,2.63074
4few_ligand,1242,2.33356
4few_ligand,1243,2.5797
4few_ligand,1244,2.22455
4few_ligand,1245,2.79289
4few_ligand,1246,2.51806
4few_ligand,1247,2.70859
4few_ligand,1248,2.24427
4few_ligand,1249,2.73962
4few_ligand,1250,2.33663
4few_ligand,1251,2.74465
4few_ligand,1252,2.27681
4few_ligand,1253,2.62442
4few_ligand,1254,2.49195
4few_ligand,1255,2.69197
4few_ligand,1256,2.39509
4few_ligand,1257,2.52749
4few_ligand,1258,2.2968
4few_ligand,1259,2.72441
4few_ligand,1260,2.53169
4few_ligand,1261,2.55178
4few_ligand,1262,2.40517
4few_ligand,1263,2.54811
4few_ligand,1264,2.3468
4few_ligand,1265,2.74536
4few_ligand,1266,2.32031
4few_ligand,1267,2.55849
4few_ligand,1268,2.45383
4few_ligand,1269,2.55826
4few_ligand,1270,2.32663
4few_ligand,1271,2.71125
4few_ligand,1272,2.25491
4few_ligand,1273,2.58596
4few_ligand,1274,2.22999
4few_ligand,1275,2.66291
4few_ligand,1276,2.44716
4few_ligand,1277,2.5816
4few_ligand,1278,2.34881
4few_ligand,1279,2.59786
4few_ligand,1280,2.46122
4few_ligand,1281,2.79859
4few_ligand,1282,2.39925
4few_ligand,1283,2.60568
4few_ligand,1284,2.37439
4few_ligand,1285,2.7754
4few_ligand,1286,2.33481
4few_ligand,1287,2.58509
4few_ligand,1288,2.19601
4few_ligand,1289,2.80362
4few_ligand,1290,2.33505
4few_ligand,1291,2.52179
4few_ligand,1292,2.43423
4few_ligand,1293,2.46675
4few_ligand,1294,2.43957
4few_ligand,1295,2.40114
4few_ligand,1296,2.48967
4few_ligand,1297,2.55241
4few_ligand,1298,2.29731
4few_ligand,1299,2.71632
4few_ligand,1300,2.25698
4few_ligand,1301,2.61332
4few_ligand,1302,2.26981
4few_ligand,1303,2.71381
4few_ligand,1304,2.46578
4few_ligand,1305,2.59025
4few_ligand,1306,2.34291
4few_ligand,1307,2.65153
4few_ligand,1308,2.4354
4few_ligand,1309,2.76981
4few_ligand,1310,2.3491
4few_ligand,1311,2.68031
4few_ligand,1312,2.21849
4few_ligand,1313,2.86409
4few_ligand,1314,2.42042
4few_ligand,1315,2.49776
4few_ligand,1316,2.49406
4few_ligand,1317,2.55788
4few_ligand,1318,2.40147
4few_ligand,1319,2.55278
4few_ligand,1320,2.28335
4few_ligand,1321,2.74911
4few_ligand,1322,2.37153
4few_ligand,1323,2.60893
4few_ligand,1324,2.35843
4few_ligand,1325,2.76234
4few_ligand,1326,2.35159
4few_ligand,1327,2.51684
4few_ligand,1328,2.25275
4few_ligand,1329,2.60624
4few_ligand,1330,2.43312
4few_ligand,1331,2.62385
4few_ligand,1332,2.43368
4few_ligand,1333,2.60285
4few_ligand,1334,2.20994
4few_ligand,1335,2.67492
4few_ligand,1336,2.49495
4few_ligand,1337,2.64402
4few_ligand,1338,2.31919
4few_ligand,1339,2.67222
4few_ligand,1340,2.21297
4few_ligand,1341,2.8232
4few_ligand,1342,2.36284
4few_ligand,1343,2.54013
4few_ligand,1344,2.38008
4few_ligand,1345,2.56633
4few_ligand,1346,2.36974
4few_ligand,1347,2.77793
4few_ligand,1348,2.3648
4few_ligand,1349,2.56809
4few_ligand,1350,2.34396
4few_ligand,1351,2.73729
4few_ligand,1352,2.31319
4few_ligand,1353,2.71475
4few_ligand,1354,2.21831
4few_ligand,1355,2.81389
4few_ligand,1356,2.36447
4few_ligand,1357,2.52703
4few_ligand,1358,2.50881
4few_ligand,1359,2.57971
4few_ligand,1360,2.38488
4few_ligand,1361,2.64165
4few_ligand,1362,2.20208
4few_ligand,1363,2.88959
4few_ligand,1364,2.2986
4few_ligand,1365,2.75143
4few_ligand,1366,2.55279
4few_ligand,1367,2.64427
4few_ligand,1368,2.38996
4few_ligand,1369,2.76694
4few_ligand,1370,2.26714
4few_ligand,1371,2.70493
4few_ligand,1372,2.48868
4few_ligand,1373,2.65062
4few_ligand,1374,2.33409
4few_ligand,1375,2.74076
4few_ligand,1376,2.25868
4few_ligand,1377,2.64115
4few_ligand,1378,2.47221
4few_ligand,1379,2.50921
4few_ligand,1380,2.40512
4few_ligand,1381,2.55542
4few_ligand,1382,2.41903
4few_ligand,1383,2.52253
4few_ligand,1384,2.31842
4few_ligand,1385,2.72923
4few_ligand,1386,2.55947
4few_ligand,1387,2.57729
4few_ligand,1388,2.4028
4few_ligand,1389,2.55195
4few_ligand,1390,2.34143
4few_ligand,1391,2.73587
4few_ligand,1392,2.32023
4few_ligand,1393,2.59421
4few_ligand,1394,2.22948
4few_ligand,1395,2.70709
4few_ligand,1396,2.31908
4few_ligand,1397,2.60604
4few_ligand,1398,2.44466
4few_ligand,1399,2.44911
4few_ligand,1400,2.40744
4few_ligand,1401,2.40304
4few_ligand,1402,2.44866
4few_ligand,1403,2.51788
4few_ligand,1404,2.50747
4few_ligand,1405,2.52914
4few_ligand,1406,2.55119
4few_ligand,1407,2.57018
4few_ligand,1408,2.40146
4few_ligand,1409,2.57493
4few_ligand,1410,2.14318
4few_ligand,1411,2.79056
4few_ligand,1412,2.54994
4few_ligand,1413,2.92756
4few_ligand,1414,2.75691
4few_ligand,1415,3.07361
4few_ligand,1416,2.66874
4few_ligand,1417,2.91662
4few_ligand,1418,2.78815
4few_ligand,1419,3.06886
4few_ligand,1420,2.64919
4few_ligand,1421,2.66863
4few_ligand,1422,3.18188
4few_ligand,1423,2.86309
4few_ligand,1424,2.96262
4few_ligand,1425,2.91995
4few_ligand,1426,2.76883
4few_ligand,1427,2.91504
4few_ligand,1428,2.79064
4few_ligand,1429,2.81282
4few_ligand,1430,2.87453
4few_ligand,1431,2.71799
4few_ligand,1432,2.80428
4few_ligand,1433,2.80569
4few_ligand,1434,2.7667
4few_ligand,1435,2.93359
4few_ligand,1436,2.73797
4few_ligand,1437,2.91379
4few_ligand,1438,2.57256
4few_ligand,1439,2.57294
4few_ligand,1440,2.75418
4few_ligand,1441,2.7763
4few_ligand,1442,2.83218
4few_ligand,1443,2.87722
4few_ligand,1444,2.58278
4few_ligand,1445,3.07908
4few_ligand,1446,2.7085
4few_ligand,1447,2.72291
4few_ligand,1448,2.87637
4few_ligand,1449,2.55255
4few_ligand,1450,2.80745
4few_ligand,1451,2.53049
4few_ligand,1452,2.69767
4few_ligand,1453,2.6539
4few_ligand,1454,2.649
4few_ligand,1455,2.82065
4few_ligand,1456,2.55894
4few_ligand,1457,2.73947
4few_ligand,1458,2.51348
4few_ligand,1459,2.57929
4few_ligand,1460,2.84314
4few_ligand,1461,2.71879
4few_ligand,1462,2.76925
4few_ligand,1463,2.79763
4few_ligand,1464,2.72821
4few_ligand,1465,3.09271
4few_ligand,1466,2.54663
4few_ligand,1467,2.72524
4few_ligand,1468,2.5355
4few_ligand,1469,2.5149
4few_ligand,1470,2.77002
4few_ligand,1471,2.86267
4few_ligand,1472,2.49855
4few_ligand,1473,2.8381
4few_ligand,1474,2.49974
4few_ligand,1475,2.73556
4few_ligand,1476,2.53649
4few_ligand,1477,2.69214
4few_ligand,1478,2.55342
4few_ligand,1479,2.56043
4few_ligand,1480,2.77775
4few_ligand,1481,2.58675
4few_ligand,1482,2.70139
4few_ligand,1483,2.55235
4few_ligand,1484,2.73834
4few_ligand,1485,2.53008
4few_ligand,1486,2.78103
4few_ligand,1487,2.40553
4few_ligand,1488,2.88941
4few_ligand,1489,2.58404
4few_ligand,1490,2.86799
4few_ligand,1491,2.45647
4few_ligand,1492,2.86335
4few_ligand,1493,2.54988
4few_ligand,1494,2.6211
4few_ligand,1495,2.59854
4few_ligand,1496,2.93898
4few_ligand,1497,2.68674
4few_ligand,1498,2.9042
4few_ligand,1499,2.50201
4few_ligand,1500,3.03349
4few_ligand,1501,2.84694
4few_ligand,1502,2.6033
4few_ligand,1503,2.64444
4few_ligand,1504,2.88429
4few_ligand,1505,2.84296
4few_ligand,1506,2.61495
4few_ligand,1507,2.8017
4few_ligand,1508,2.50437
4few_ligand,1509,2.80103
4few_ligand,1510,2.48293
4few_ligand,1511,2.81744
4few_ligand,1512,2.49329
4few_ligand,1513,2.88429
4few_ligand,1514,2.56028
4few_ligand,1515,2.68094
4few_ligand,1516,2.69508
4few_ligand,1517,2.70225
4few_ligand,1518,2.71839
4few_ligand,1519,2.55692
4few_ligand,1520,2.55576
4few_ligand,1521,2.89744
4few_ligand,1522,2.67947
4few_ligand,1523,2.48574
4few_ligand,1524,2.76804
4few_ligand,1525,2.37145
4few_ligand,1526,2.95899
4few_ligand,1527,2.76462
4few_ligand,1528,2.48913
4few_ligand,1529,2.78651
4few_ligand,1530,2.45875
4few_ligand,1531,2.8332
4few_ligand,1532,2.51047
4few_ligand,1533,2.90069
4few_ligand,1534,2.58098
4few_ligand,1535,2.91712
4few_ligand,1536,2.62223
4few_ligand,1537,2.5044
4few_ligand,1538,2.87731
4few_ligand,1539,2.56763
4few_ligand,1540,2.59317
4few_ligand,1541,2.69207
4few_ligand,1542,2.69173
4few_ligand,1543,2.74997
4few_ligand,1544,2.55396
4few_ligand,1545,2.71293
4few_ligand,1546,2.7109
4few_ligand,1547,2.78775
4few_ligand,1548,2.51468
4few_ligand,1549,2.86442
4few_ligand,1550,2.58729
4few_ligand,1551,2.5025
4few_ligand,1552,2.6302
4few_ligand,1553,2.54492
4few_ligand,1554,2.90417
4few_ligand,1555,2.60159
4few_ligand,1556,2.83879
4few_ligand,1557,2.50724
4few_ligand,1558,2.80879
4few_ligand,1559,2.60778
4few_ligand,1560,2.65103
4few_ligand,1561,2.74008
4few_ligand,1562,2.55369
4few_ligand,1563,2.62319
4few_ligand,1564,2.82996
4few_ligand,1565,2.59489
4few_ligand,1566,2.60374
4few_ligand,1567,2.73199
4few_ligand,1568,2.44977
4few_ligand,1569,2.80687
4few_ligand,1570,2.47823
4few_ligand,1571,2.909
4few_ligand,1572,2.6207
4few_ligand,1573,2.5581
4few_ligand,1574,2.6718
4few_ligand,1575,2.60739
4few_ligand,1576,2.48375
4few_ligand,1577,2.81026
4few_ligand,1578,2.47174
4few_ligand,1579,2.86498
4few_ligand,1580,2.54629
4few_ligand,1581,2.89105
4few_ligand,1582,2.63577
4few_ligand,1583,2.49094
4few_ligand,1584,2.77766
4few_ligand,1585,2.61437
4few_ligand,1586,2.47507
4few_ligand,1587,2.97301
4few_ligand,1588,2.8103
4few_ligand,1589,2.53632
4few_ligand,1590,2.57109
4few_ligand,1591,2.87693
4few_ligand,1592,2.59371
4few_ligand,1593,2.53769
4few_ligand,1594,2.74044
4few_ligand,1595,2.55367
4few_ligand,1596,2.7158
4few_ligand,1597,2.86857
4few_ligand,1598,2.58596
4few_ligand,1599,2.82627
4few_ligand,1600,2.53729
4few_ligand,1601,2.87226
4few_ligand,1602,2.53122
4few_ligand,1603,2.82513
4few_ligand,1604,2.47648
4few_ligand,1605,2.96945
4few_ligand,1606,2.77079
4few_ligand,1607,2.49735
4few_ligand,1608,2.8451
4few_ligand,1609,2.57961
4few_ligand,1610,2.62319
4few_ligand,1611,2.66499
4few_ligand,1612,2.76644
4few_ligand,1613,2.56486
4few_ligand,1614,2.78485
4few_ligand,1615,2.83939
4few_ligand,1616,2.59022
4few_ligand,1617,2.69507
4few_ligand,1618,2.66011
4few_ligand,1619,2.54787
4few_ligand,1620,2.8463
4few_ligand,1621,2.56139
4few_ligand,1622,2.73095
4few_ligand,1623,2.62553
4few_ligand,1624,2.76525
4few_ligand,1625,2.49494
4few_ligand,1626,2.8175
4few_ligand,1627,2.55369
4few_ligand,1628,2.87609
4few_ligand,1629,2.66103
4few_ligand,1630,2.49462
4few_ligand,1631,2.79721
4few_ligand,1632,2.59119
4few_ligand,1633,2.68958
4few_ligand,1634,2.54274
4few_ligand,1635,2.69097
4few_ligand,1636,2.62564
4few_ligand,1637,2.73282
4few_ligand,1638,2.42763
4few_ligand,1639,2.9408
4few_ligand,1640,2.68512
4few_ligand,1641,2.46345
4few_ligand,1642,2.84268
4few_ligand,1643,2.54661
4few_ligand,1644,2.73133
4few_ligand,1645,2.54161
4few_ligand,1646,2.55113
4few_ligand,1647,2.93886
4few_ligand,1648,2.55236
4few_ligand,1649,2.74737
4few_ligand,1650,2.62068
4few_ligand,1651,2.77136
4few_ligand,1652,2.69019
4few_ligand,1653,2.7621
4few_ligand,1654,2.69707
4few_ligand,1655,2.73321
4few_ligand,1656,2.74874
4few_ligand,1657,2.75115
4few_ligand,1658,2.67056
4few_ligand,1659,2.73349
4few_ligand,1660,2.76147
4few_ligand,1661,2.52133
4few_ligand,1662,2.6258
4few_ligand,1663,2.50972
4few_ligand,1664,2.53672
4few_ligand,1665,2.8445
4few_ligand,1666,2.8218
4few_ligand,1667,2.60935
4few_ligand,1668,2.64351
4few_ligand,1669,2.87269
4few_ligand,1670,2.46552
4few_ligand,1671,2.81081
4few_ligand,1672,2.46751
4few_ligand,1673,2.82056
4few_ligand,1674,2.47023
4few_ligand,1675,2.83224
4few_ligand,1676,2.48338
4few_ligand,1677,2.84833
4few_ligand,1678,2.48734
4few_ligand,1679,2.81635
4few_ligand,1680,2.44166
4few_ligand,1681,2.95662
4few_ligand,1682,2.70685
4few_ligand,1683,2.45114
4few_ligand,1684,2.82823
4few_ligand,1685,2.45899
4few_ligand,1686,2.9
4few_ligand,1687,2.57036
4few_ligand,1688,2.97862
4few_ligand,1689,2.81624
4few_ligand,1690,2.55304
4few_ligand,1691,2.58521
4few_ligand,1692,2.79671
4few_ligand,1693,2.53506
4few_ligand,1694,2.61172
4few_ligand,1695,2.72799
4few_ligand,1696,2.6664
4few_ligand,1697,2.85792
4few_ligand,1698,2.53401
4few_ligand,1699,2.78687
4few_ligand,1700,2.49916
4few_ligand,1701,2.85108
4few_ligand,1702,2.518
4few_ligand,1703,2.88132
4few_ligand,1704,2.59873
4few_ligand,1705,2.58565
4few_ligand,1706,2.75645
4few_ligand,1707,2.5644
4few_ligand,1708,2.60371
4few_ligand,1709,2.8474
4few_ligand,1710,2.60493
4few_ligand,1711,2.58381
4few_ligand,1712,2.74011
4few_ligand,1713,2.5408
4few_ligand,1714,2.56786
4few_ligand,1715,2.76806
4few_ligand,1716,2.62002
4few_ligand,1717,2.55921
4few_ligand,1718,2.54722
4few_ligand,1719,2.69274
4few_ligand,1720,2.55019
4few_ligand,1721,2.80056
4few_ligand,1722,2.47142
4few_ligand,1723,2.83236
4few_ligand,1724,2.48758
4few_ligand,1725,2.81043
4few_ligand,1726,2.51106
4few_ligand,1727,2.83931
4few_ligand,1728,2.55874
4few_ligand,1729,2.88406
4few_ligand,1730,2.46724
4few_ligand,1731,2.89554
4few_ligand,1732,2.58846
4few_ligand,1733,2.6264
4few_ligand,1734,2.56305
4few_ligand,1735,2.6403
4few_ligand,1736,2.70474
4few_ligand,1737,2.54856
4few_ligand,1738,2.6407
4few_ligand,1739,2.6021
4few_ligand,1740,2.69461
4few_ligand,1741,2.54608
4few_ligand,1742,2.63229
4few_ligand,1743,2.88391
4few_ligand,1744,2.50616
4few_ligand,1745,2.69051
4few_ligand,1746,2.4626
4few_ligand,1747,2.84125
4few_ligand,1748,2.61627
4few_ligand,1749,2.55333
4few_ligand,1750,2.66305
4few_ligand,1751,2.62201
4few_ligand,1752,2.46516
4few_ligand,1753,2.80408
4few_ligand,1754,2.60518
4few_ligand,1755,2.71767
4few_ligand,1756,2.58021
4few_ligand,1757,2.79233
4few_ligand,1758,2.47967
4few_ligand,1759,2.82305
4few_ligand,1760,2.50277
4few_ligand,1761,2.81283
4few_ligand,1762,2.44359
4few_ligand,1763,2.97404
4few_ligand,1764,2.77302
4few_ligand,1765,2.52784
4few_ligand,1766,2.81621
4few_ligand,1767,2.5692
4few_ligand,1768,2.57882
4few_ligand,1769,2.71203
4few_ligand,1770,2.54885
4few_ligand,1771,2.57594
4few_ligand,1772,2.8492
4few_ligand,1773,2.6584
4few_ligand,1774,2.48353
4few_ligand,1775,2.6577
4few_ligand,1776,2.68971
4few_ligand,1777,2.57123
4few_ligand,1778,2.71678
4few_ligand,1779,2.47329
4few_ligand,1780,2.82717
4few_ligand,1781,2.63425
4few_ligand,1782,2.67471
4few_ligand,1783,2.65905
4few_ligand,1784,2.51877
4few_ligand,1785,2.65006
4few_ligand,1786,2.48141
4few_ligand,1787,2.78359
4few_ligand,1788,2.65853
4few_ligand,1789,2.72367
4few_ligand,1790,2.54563
4few_ligand,1791,2.67791
4few_ligand,1792,2.4586
4few_ligand,1793,2.83198
4few_ligand,1794,2.51113
4few_ligand,1795,2.82678
4few_ligand,1796,2.56005
4few_ligand,1797,2.73913
4few_ligand,1798,2.49212
4few_ligand,1799,2.8113
4few_ligand,1800,2.45201
4few_ligand,1801,2.77629
4few_ligand,1802,2.59939
4few_ligand,1803,2.58596
4few_ligand,1804,2.70858
4few_ligand,1805,2.57378
4few_ligand,1806,2.77298
4few_ligand,1807,2.49631
4few_ligand,1808,2.8909
4few_ligand,1809,2.58312
4few_ligand,1810,2.56809
4few_ligand,1811,2.54811
4few_ligand,1812,2.80101
4few_ligand,1813,2.46612
4few_ligand,1814,2.8143
4few_ligand,1815,2.51597
4few_ligand,1816,2.79447
4few_ligand,1817,2.50978
4few_ligand,1818,2.84932
4few_ligand,1819,2.55042
4few_ligand,1820,2.52172
4few_ligand,1821,2.68913
4few_ligand,1822,2.65146
4few_ligand,1823,2.54223
4few_ligand,1824,2.63585
4few_ligand,1825,2.65667
4few_ligand,1826,2.72104
4few_ligand,1827,2.43402
4few_ligand,1828,2.78697
4few_ligand,1829,2.48962
4few_ligand,1830,2.79095
4few_ligand,1831,2.53747
4few_ligand,1832,2.85695
4few_ligand,1833,2.53615
4few_ligand,1834,2.79712
4few_ligand,1835,2.46951
4few_ligand,1836,2.95816
4few_ligand,1837,2.7291
4few_ligand,1838,2.55499
4few_ligand,1839,2.8631
4few_ligand,1840,2.62492
4few_ligand,1841,2.48298
4few_ligand,1842,2.70469
4few_ligand,1843,2.62105
4few_ligand,1844,2.66096
4few_ligand,1845,2.50372
4few_ligand,1846,2.81885
4few_ligand,1847,2.52868
4few_ligand,1848,2.72097
4few_ligand,1849,2.53331
4few_ligand,1850,2.70965
4few_ligand,1851,2.55473
4few_ligand,1852,2.48356
4few_ligand,1853,2.90452
4few_ligand,1854,2.47023
4few_ligand,1855,2.85565
4few_ligand,1856,2.47569
4few_ligand,1857,2.85435
4few_ligand,1858,2.51831
4few_ligand,1859,2.53442
4few_ligand,1860,2.69497
4few_ligand,1861,2.65002
4few_ligand,1862,2.5198
4few_ligand,1863,2.59308
4few_ligand,1864,2.5698
4few_ligand,1865,2.84871
4few_ligand,1866,2.53593
4few_ligand,1867,2.78592
4few_ligand,1868,2.63047
4few_ligand,1869,2.63162
4few_ligand,1870,2.8374
4few_ligand,1871,2.51892
4few_ligand,1872,2.66658
4few_ligand,1873,2.61993
4few_ligand,1874,2.47266
4few_ligand,1875,2.71877
4few_ligand,1876,2.42027
4few_ligand,1877,2.76453
4few_ligand,1878,2.39913
4few_ligand,1879,2.92774
4few_ligand,1880,2.66971
4few_ligand,1881,2.54919
4few_ligand,1882,2.80518
4few_ligand,1883,2.5063
4few_ligand,1884,2.8267
4few_ligand,1885,2.52461
4few_ligand,1886,2.80729
4few_ligand,1887,2.50006
4few_ligand,1888,2.8574
4few_ligand,1889,2.56558
4few_ligand,1890,2.54656
4few_ligand,1891,2.55658
4few_ligand,1892,2.78151
4few_ligand,1893,2.4734
4few_ligand,1894,2.85546
4few_ligand,1895,2.51195
4few_ligand,1896,2.74748
4few_ligand,1897,2.64503
4few_ligand,1898,2.56292
4few_ligand,1899,2.73263
4few_ligand,1900,2.53281
4few_ligand,1901,2.5977
4few_ligand,1902,2.63532
4few_ligand,1903,2.62255
4few_ligand,1904,2.65324
4few_ligand,1905,2.65076
4few_ligand,1906,2.49068
4few_ligand,1907,2.77183
4few_ligand,1908,2.52792
4few_ligand,1909,2.86914
4few_ligand,1910,2.57215
4few_ligand,1911,2.62277
4few_ligand,1912,2.52413
4few_ligand,1913,2.79289
4few_ligand,1914,2.55412
4few_ligand,1915,2.8375
4few_ligand,1916,2.55774
4few_ligand,1917,2.78387
4few_ligand,1918,2.55507
4few_ligand,1919,2.76682
4few_ligand,1920,2.50543
4few_ligand,1921,2.75176
4few_ligand,1922,2.50637
4few_ligand,1923,2.75559
4few_ligand,1924,2.50296
4few_ligand,1925,2.7529
4few_ligand,1926,2.50409
4few_ligand,1927,2.79706
4few_ligand,1928,2.45919
4few_ligand,1929,2.82219
4few_ligand,1930,2.5583
4few_ligand,1931,2.58618
4few_ligand,1932,2.67163
4few_ligand,1933,2.80892
4few_ligand,1934,2.66173
4few_ligand,1935,2.67512
4few_ligand,1936,2.59216
4few_ligand,1937,2.65044
4few_ligand,1938,2.69125
4few_ligand,1939,2.69829
4few_ligand,1940,2.40641
4few_ligand,1941,2.7668
4few_ligand,1942,2.46819
4few_ligand,1943,2.83533
4few_ligand,1944,2.54724
4few_ligand,1945,2.88333
4few_ligand,1946,2.6954
4few_ligand,1947,2.4706
4few_ligand,1948,2.70981
4few_ligand,1949,2.63369
4few_ligand,1950,2.57544
4few_ligand,1951,2.76716
4few_ligand,1952,2.43403
4few_ligand,1953,2.88329
4few_ligand,1954,2.52734
4few_ligand,1955,2.57586
4few_ligand,1956,2.64556
4few_ligand,1957,2.61949
4few_ligand,1958,2.49706
4few_ligand,1959,2.82529
4few_ligand,1960,2.62905
4few_ligand,1961,2.5694
4few_ligand,1962,2.84716
4few_ligand,1963,2.57448
4few_ligand,1964,2.59528
4few_ligand,1965,2.58211
4few_ligand,1966,2.60863
4few_ligand,1967,2.70164
4few_ligand,1968,2.7301
4few_ligand,1969,2.33964
4few_ligand,1970,2.88459
4few_ligand,1971,2.60399
4few_ligand,1972,2.56748
4few_ligand,1973,2.54757
4few_ligand,1974,2.67531
4few_ligand,1975,2.68209
4few_ligand,1976,2.53954
4few_ligand,1977,2.75504
4few_ligand,1978,2.52204
4few_ligand,1979,2.56819
4few_ligand,1980,2.65743
4few_ligand,1981,2.54784
4few_ligand,1982,2.76159
4few_ligand,1983,2.4626
4few_ligand,1984,2.86681
4few_ligand,1985,2.50911
4few_ligand,1986,2.79365
4few_ligand,1987,2.69995
4few_ligand,1988,2.62636
4few_ligand,1989,2.79283
4few_ligand,1990,2.53251
4few_ligand,1991,2.99786
4few_ligand,1992,2.62282
4few_ligand,1993,2.52217
4few_ligand,1994,2.74909
4few_ligand,1995,2.70697
4few_ligand,1996,2.81813
4few_ligand,1997,2.62795
4few_ligand,1998,2.59536
4few_ligand,1999,2.86959
4few_ligand,2000,2.44599
4few_ligand,2001,2.96126
4few_ligand,2002,2.55896
4few_ligand,2003,2.6514
4few_ligand,2004,2.8766
4few_ligand,2005,2.57158
4few_ligand,2006,2.68603
4few_ligand,2007,2.47349
4few_ligand,2008,2.88517
4few_ligand,2009,2.59553
4few_ligand,2010,2.74453
4few_ligand,2011,2.84855
4few_ligand,2012,2.63227
4few_ligand,2013,2.67115
4few_ligand,2014,2.67878
4few_ligand,2015,2.53021
4few_ligand,2016,2.78233
4few_ligand,2017,2.59207
4few_ligand,2018,2.61631
4few_ligand,2019,2.81662
4few_ligand,2020,2.59685
4few_ligand,2021,2.70738
4few_ligand,2022,2.51789
4few_ligand,2023,2.57542
4few_ligand,2024,2.62894
4few_ligand,2025,2.81761
4few_ligand,2026,2.57065
4few_ligand,2027,2.78216
4few_ligand,2028,2.52476
4few_ligand,2029,2.77516
4few_ligand,2030,2.47631
4few_ligand,2031,2.75867
4few_ligand,2032,2.47945
4few_ligand,2033,2.77763
4few_ligand,2034,2.43071
4few_ligand,2035,2.80136
4few_ligand,2036,2.53119
4few_ligand,2037,2.64285
4few_ligand,2038,2.49035
4few_ligand,2039,2.79024
4few_ligand,2040,2.58136
4few_ligand,2041,2.72765
4few_ligand,2042,2.77619
4few_ligand,2043,2.61423
4few_ligand,2044,2.56531
4few_ligand,2045,2.66686
4few_ligand,2046,2.64064
4few_ligand,2047,2.48396
4few_ligand,2048,2.95638
4few_ligand,2049,2.70702
4few_ligand,2050,2.55482
4few_ligand,2051,2.66959
4few_ligand,2052,2.66046
4few_ligand,2053,2.48173
4few_ligand,2054,2.96806
4few_ligand,2055,2.72507
4few_ligand,2056,2.48426
4few_ligand,2057,2.86017
4few_ligand,2058,2.56116
4few_ligand,2059,2.85465
4few_ligand,2060,2.55794
4few_ligand,2061,2.80566
4few_ligand,2062,2.50949
4few_ligand,2063,2.76266
4few_ligand,2064,2.63236
4few_ligand,2065,2.78032
4few_ligand,2066,2.46874
4few_ligand,2067,2.92829
4few_ligand,2068,2.74923
4few_ligand,2069,2.53224
4few_ligand,2070,2.72378
4few_ligand,2071,2.61936
4few_ligand,2072,2.61027
4few_ligand,2073,2.7693
4few_ligand,2074,2.81426
4few_ligand,2075,2.6821
4few_ligand,2076,2.54175
4few_ligand,2077,2.71822
4few_ligand,2078,2.44536
4few_ligand,2079,2.86588
4few_ligand,2080,2.64422
4few_ligand,2081,2.52504
4few_ligand,2082,2.54518
4few_ligand,2083,2.88225
4few_ligand,2084,2.62191
4few_ligand,2085,2.6741
4few_ligand,2086,2.51718
4few_ligand,2087,2.68368
4few_ligand,2088,2.52063
4few_ligand,2089,2.61871
4few_ligand,2090,2.73644
4few_ligand,2091,2.46155
4few_ligand,2092,2.81519
4few_ligand,2093,2.74039
4few_ligand,2094,2.53064
4few_ligand,2095,2.72934
4few_ligand,2096,2.48371
4few_ligand,2097,2.65844
4few_ligand,2098,2.62367
4few_ligand,2099,2.45757
4few_ligand,2100,2.93693
4few_ligand,2101,2.63567
4few_ligand,2102,2.56847
4few_ligand,2103,2.67318
4few_ligand,2104,2.77769
4few_ligand,2105,2.58396
4few_ligand,2106,2.76097
4few_ligand,2107,2.41389
4few_ligand,2108,2.81046
4few_ligand,2109,2.42639
4few_ligand,2110,2.86332
4few_ligand,2111,2.55539
4few_ligand,2112,2.59364
4few_ligand,2113,2.72615
4few_ligand,2114,2.64812
4few_ligand,2115,2.55653
4few_ligand,2116,2.77542
4few_ligand,2117,2.42225
4few_ligand,2118,2.91015
4few_ligand,2119,2.61992
4few_ligand,2120,2.59926
4few_ligand,2121,2.71642
4few_ligand,2122,2.66632
4few_ligand,2123,2.85563
4few_ligand,2124,2.56156
4few_ligand,2125,2.94301
4few_ligand,2126,2.78223
4few_ligand,2127,2.53457
4few_ligand,2128,2.7603
4few_ligand,2129,2.40284
4few_ligand,2130,2.84918
4few_ligand,2131,2.63662
4few_ligand,2132,2.63007
4few_ligand,2133,2.68075
4few_ligand,2134,2.63467
4few_ligand,2135,2.63835
4few_ligand,2136,2.75889
4few_ligand,2137,2.70802
4few_ligand,2138,2.73007
4few_ligand,2139,2.79346
4few_ligand,2140,2.59304
4few_ligand,2141,2.66117
4few_ligand,2142,2.70348
4few_ligand,2143,2.52758
4few_ligand,2144,2.68056
4few_ligand,2145,2.59755
4few_ligand,2146,2.51173
4few_ligand,2147,2.81768
4few_ligand,2148,2.48983
4few_ligand,2149,2.86592
4few_ligand,2150,2.59161
4few_ligand,2151,2.85368
4few_ligand,2152,2.51092
4few_ligand,2153,2.89179
4few_ligand,2154,2.58264
4few_ligand,2155,2.57185
4few_ligand,2156,2.72314
4few_ligand,2157,2.50001
4few_ligand,2158,2.77123
4few_ligand,2159,2.57242
4few_ligand,2160,2.73584
4few_ligand,2161,2.37031
4few_ligand,2162,2.86751
4few_ligand,2163,2.59428
4few_ligand,2164,2.54249
4few_ligand,2165,2.78559
4few_ligand,2166,2.62511
4few_ligand,2167,2.64891
4few_ligand,2168,2.68365
4few_ligand,2169,2.7194
4few_ligand,2170,2.62398
4few_ligand,2171,2.65314
4few_ligand,2172,2.76404
4few_ligand,2173,2.74376
4few_ligand,2174,2.77558
4few_ligand,2175,2.59462
4few_ligand,2176,2.48459
4few_ligand,2177,2.8426
4few_ligand,2178,2.51781
4few_ligand,2179,2.83979
4few_ligand,2180,2.43699
4few_ligand,2181,2.92359
4few_ligand,2182,2.64523
4few_ligand,2183,2.56386
4few_ligand,2184,2.68313
4few_ligand,2185,2.6617
4few_ligand,2186,2.48795
4few_ligand,2187,2.99844
4few_ligand,2188,2.82434
4few_ligand,2189,2.51096
4few_ligand,2190,2.75926
4few_ligand,2191,2.37659
4few_ligand,2192,2.91964
4few_ligand,2193,2.63626
4few_ligand,2194,2.57035
4few_ligand,2195,2.69943
4few_ligand,2196,2.69351
4few_ligand,2197,2.50259
4few_ligand,2198,2.79894
4few_ligand,2199,2.56696
4few_ligand,2200,2.8345
4few_ligand,2201,2.54685
4few_ligand,2202,2.80024
4few_ligand,2203,2.62728
4few_ligand,2204,2.82386
4few_ligand,2205,2.5264
4few_ligand,2206,2.86321
4few_ligand,2207,2.48604
4few_ligand,2208,2.89129
4few_ligand,2209,2.55819
4few_ligand,2210,2.86406
4few_ligand,2211,2.57107
4few_ligand,2212,2.84845
4few_ligand,2213,2.5538
4few_ligand,2214,2.84253
4few_ligand,2215,2.5371
4few_ligand,2216,2.83479
4few_ligand,2217,2.53378
4few_ligand,2218,2.75926
4few_ligand,2219,2.6004
4few_ligand,2220,2.62332
4few_ligand,2221,2.74712
4few_ligand,2222,2.82281
4few_ligand,2223,2.61365
4few_ligand,2224,2.49691
4few_ligand,2225,2.67462
4few_ligand,2226,2.64354
4few_ligand,2227,2.48566
4few_ligand,2228,2.9218
4few_ligand,2229,2.58711
4few_ligand,2230,2.70848
4few_ligand,2231,2.75016
4few_ligand,2232,2.55665
4few_ligand,2233,2.62531
4few_ligand,2234,2.8391
4few_ligand,2235,2.53718
4few_ligand,2236,2.86599
4few_ligand,2237,2.59383
4few_ligand,2238,2.82057
4few_ligand,2239,2.5024
4few_ligand,2240,2.83623
4few_ligand,2241,2.47832
4few_ligand,2242,2.85329
4few_ligand,2243,2.55993
4few_ligand,2244,2.87587
4few_ligand,2245,2.50058
4few_ligand,2246,2.79228
4few_ligand,2247,2.47113
4few_ligand,2248,2.91555
4few_ligand,2249,2.60876
4few_ligand,2250,2.65085
4few_ligand,2251,2.71804
4few_ligand,2252,2.67958
4few_ligand,2253,2.74727
4few_ligand,2254,2.55627
4few_ligand,2255,2.6367
4few_ligand,2256,2.66536
4few_ligand,2257,2.74983
4few_ligand,2258,2.55254
4few_ligand,2259,2.65073
4few_ligand,2260,2.54029
4few_ligand,2261,2.57579
4few_ligand,2262,2.70921
4few_ligand,2263,2.52463
4few_ligand,2264,2.66934
4few_ligand,2265,2.61096
4few_ligand,2266,2.64666
4few_ligand,2267,2.86491
4few_ligand,2268,2.5648
4few_ligand,2269,2.81769
4few_ligand,2270,2.48565
4few_ligand,2271,2.79365
4few_ligand,2272,2.42873
4few_ligand,2273,2.82432
4few_ligand,2274,2.47967
4few_ligand,2275,2.8647
4few_ligand,2276,2.48045
4few_ligand,2277,2.94189
4few_ligand,2278,2.67866
4few_ligand,2279,2.59111
4few_ligand,2280,2.73045
4few_ligand,2281,2.54999
4few_ligand,2282,2.57334
4few_ligand,2283,2.82783
4few_ligand,2284,2.56422
4few_ligand,2285,2.57911
4few_ligand,2286,2.70869
4few_ligand,2287,2.45544
4few_ligand,2288,2.77683
4few_ligand,2289,2.41711
4few_ligand,2290,2.82075
4few_ligand,2291,2.38752
4few_ligand,2292,2.92508
4few_ligand,2293,2.69389
4few_ligand,2294,2.56454
4few_ligand,2295,2.72955
4few_ligand,2296,2.52808
4few_ligand,2297,2.66257
4few_ligand,2298,2.84572
4few_ligand,2299,2.78125
4few_ligand,2300,2.44744
4few_ligand,2301,2.90343
4few_ligand,2302,2.57717
4few_ligand,2303,2.91731
4few_ligand,2304,2.58653
4few_ligand,2305,2.51719
4few_ligand,2306,2.7462
4few_ligand,2307,2.41074
4few_ligand,2308,2.87029
4few_ligand,2309,2.51023
4few_ligand,2310,2.86424
4few_ligand,2311,2.61116
4few_ligand,2312,2.64932
4few_ligand,2313,2.93191
4few_ligand,2314,2.5776
4few_ligand,2315,2.92361
4few_ligand,2316,2.69749
4few_ligand,2317,2.43728
4few_ligand,2318,2.71181
4few_ligand,2319,2.72399
4few_ligand,2320,2.49438
4few_ligand,2321,2.87838
4few_ligand,2322,2.67507
4few_ligand,2323,2.47769
4few_ligand,2324,2.77602
4few_ligand,2325,2.45687
4few_ligand,2326,2.79514
4few_ligand,2327,2.47401
4few_ligand,2328,2.97046
4few_ligand,2329,2.75308
4few_ligand,2330,2.51216
4few_ligand,2331,2.70631
4few_ligand,2332,2.70363
4few_ligand,2333,2.46166
4few_ligand,2334,2.81473
4few_ligand,2335,2.68705
4few_ligand,2336,2.64072
4few_ligand,2337,2.52508
4few_ligand,2338,2.8068
4few_ligand,2339,2.46107
4few_ligand,2340,2.80263
4few_ligand,2341,2.59752
4few_ligand,2342,2.7742
4few_ligand,2343,2.48108
4few_ligand,2344,2.75847
4few_ligand,2345,2.47452
4few_ligand,2346,2.75122
4few_ligand,2347,2.49382
4few_ligand,2348,2.80623
4few_ligand,2349,2.54331
4few_ligand,2350,2.87901
4few_ligand,2351,2.60368
4few_ligand,2352,2.55351
4few_ligand,2353,2.65344
4few_ligand,2354,2.74511
4few_ligand,2355,2.59667
4few_ligand,2356,2.73856
4few_ligand,2357,2.54089
4few_ligand,2358,2.74953
4few_ligand,2359,2.50183
4few_ligand,2360,2.66319
4few_ligand,2361,2.63588
4few_ligand,2362,2.49433
4few_ligand,2363,2.89989
4few_ligand,2364,2.59522
4few_ligand,2365,2.52666
4few_ligand,2366,2.87407
4few_ligand,2367,2.61422
4few_ligand,2368,2.63837
4few_ligand,2369,2.67966
4few_ligand,2370,2.70716
4few_ligand,2371,2.53255
4few_ligand,2372,2.61502
4few_ligand,2373,2.79612
4few_ligand,2374,2.5396
4few_ligand,2375,2.88151
4few_ligand,2376,2.57991
4few_ligand,2377,2.85402
4few_ligand,2378,2.5015
4few_ligand,2379,2.86422
4few_ligand,2380,2.57681
4few_ligand,2381,2.88548
4few_ligand,2382,2.54888
4few_ligand,2383,2.62889
4few_ligand,2384,2.74057
4few_ligand,2385,2.53683
4few_ligand,2386,2.53635
4few_ligand,2387,2.83232
4few_ligand,2388,2.50533
4few_ligand,2389,2.92921
4few_ligand,2390,2.70596
4few_ligand,2391,2.55257
4few_ligand,2392,2.5877
4few_ligand,2393,2.79978
4few_ligand,2394,2.57135
4few_ligand,2395,2.64219
4few_ligand,2396,2.41438
4few_ligand,2397,2.98015
4few_ligand,2398,2.73977
4few_ligand,2399,2.59034
4few_ligand,2400,2.64795
4few_ligand,2401,2.65447
4few_ligand,2402,2.55822
4few_ligand,2403,2.60378
4few_ligand,2404,2.49406
4few_ligand,2405,2.79212
4few_ligand,2406,2.51866
4few_ligand,2407,2.79867
4few_ligand,2408,2.47959
4few_ligand,2409,2.77244
4few_ligand,2410,2.49193
4few_ligand,2411,2.79091
4few_ligand,2412,2.45917
4few_ligand,2413,2.84126
4few_ligand,2414,2.56612
4few_ligand,2415,2.59863
4few_ligand,2416,2.57243
4few_ligand,2417,2.70928
4few_ligand,2418,2.53057
4few_ligand,2419,2.69845
4few_ligand,2420,2.73042
4few_ligand,2421,2.61248
4few_ligand,2422,2.6344
4few_ligand,2423,2.82867
4few_ligand,2424,2.6609
4few_ligand,2425,2.56168
4few_ligand,2426,2.81186
4few_ligand,2427,2.5019
4few_ligand,2428,2.7819
4few_ligand,2429,2.48914
4few_ligand,2430,2.79653
4few_ligand,2431,2.47269
4few_ligand,2432,2.84793
4few_ligand,2433,2.56149
4few_ligand,2434,2.59384
4few_ligand,2435,2.56567
4few_ligand,2436,2.69137
4few_ligand,2437,2.46592
4few_ligand,2438,2.8639
4few_ligand,2439,2.80661
4few_ligand,2440,2.54279
4few_ligand,2441,2.80708
4few_ligand,2442,2.52849
4few_ligand,2443,2.78946
4few_ligand,2444,2.46597
4few_ligand,2445,2.85912
4few_ligand,2446,2.53852
4few_ligand,2447,2.88215
4few_ligand,2448,2.67194
4few_ligand,2449,2.51857
4few_ligand,2450,2.8137
4few_ligand,2451,2.60507
4few_ligand,2452,2.62308
4few_ligand,2453,2.67901
4few_ligand,2454,2.71772
4few_ligand,2455,2.55613
4few_ligand,2456,2.65277
4few_ligand,2457,2.82113
4few_ligand,2458,2.49925
4few_ligand,2459,2.82204
4few_ligand,2460,2.57026
4few_ligand,2461,2.53527
4few_ligand,2462,2.64197
4few_ligand,2463,2.59999
4few_ligand,2464,2.44289
4few_ligand,2465,2.78003
4few_ligand,2466,2.59232
4few_ligand,2467,2.71373
4few_ligand,2468,2.41594
4few_ligand,2469,2.79554
4few_ligand,2470,2.40972
4few_ligand,2471,2.80157
4few_ligand,2472,2.49801
4few_ligand,2473,2.77403
4few_ligand,2474,2.81809
4few_ligand,2475,2.5656
4few_ligand,2476,2.67673
4few_ligand,2477,2.58043
4few_ligand,2478,2.52922
4few_ligand,2479,2.67982
4few_ligand,2480,2.57958
4few_ligand,2481,2.63364
4few_ligand,2482,2.86344
4few_ligand,2483,2.48627
4few_ligand,2484,2.96657
4few_ligand,2485,2.71967
4few_ligand,2486,2.50032
4few_ligand,2487,2.64835
4few_ligand,2488,2.59813
4few_ligand,2489,2.62718
4few_ligand,2490,2.87629
4few_ligand,2491,2.60547
4few_ligand,2492,2.84492
4few_ligand,2493,2.52636
4few_ligand,2494,2.79889
4few_ligand,2495,2.50266
4few_ligand,2496,2.77898
4few_ligand,2497,2.4634
4few_ligand,2498,2.89198
4few_ligand,2499,2.52159
4few_ligand,2500,2.82615
4few_ligand,2501,2.50275
4few_ligand,2502,2.96127
4few_ligand,2503,2.70684
4few_ligand,2504,2.72112
4few_ligand,2505,2.7297
4few_ligand,2506,2.54715
4few_ligand,2507,2.57331
4few_ligand,2508,2.83372
4few_ligand,2509,2.49176
4few_ligand,2510,2.9507
4few_ligand,2511,2.56001
4few_ligand,2512,2.68137
4few_ligand,2513,2.46017
4few_ligand,2514,2.88791
4few_ligand,2515,2.64904
4few_ligand,2516,2.82058
4few_ligand,2517,2.57245
4few_ligand,2518,2.8164
4few_ligand,2519,2.51093
4few_ligand,2520,2.82177
4few_ligand,2521,2.54056
4few_ligand,2522,2.80338
4few_ligand,2523,2.48096
4few_ligand,2524,2.87967
4few_ligand,2525,2.56753
4few_ligand,2526,2.54224
4few_ligand,2527,2.67806
4few_ligand,2528,2.70999
4few_ligand,2529,2.60849
4few_ligand,2530,2.67208
4few_ligand,2531,2.77254
4few_ligand,2532,2.55878
4few_ligand,2533,2.824
4few_ligand,2534,2.54476
4few_ligand,2535,2.86577
4few_ligand,2536,2.59235
4few_ligand,2537,2.55794
4few_ligand,2538,2.59265
4few_ligand,2539,2.76541
4few_ligand,2540,2.57519
4few_ligand,2541,2.66809
4few_ligand,2542,2.61773
4few_ligand,2543,2.66363
4few_ligand,2544,2.73246
4few_ligand,2545,2.65275
4few_ligand,2546,2.40422
4few_ligand,2547,2.77772
4few_ligand,2548,2.45591
4few_ligand,2549,2.83745
4few_ligand,2550,2.5466
4few_ligand,2551,2.59963
4few_ligand,2552,2.52429
4few_ligand,2553,2.66054
4few_ligand,2554,2.63426
4few_ligand,2555,2.57226
4few_ligand,2556,2.78315
4few_ligand,2557,2.4721
4few_ligand,2558,2.79888
4few_ligand,2559,2.49666
4few_ligand,2560,2.83365
4few_ligand,2561,2.53106
4few_ligand,2562,2.88768
4few_ligand,2563,2.70211
4few_ligand,2564,2.53358
4few_ligand,2565,2.81748
4few_ligand,2566,2.52939
4few_ligand,2567,2.5953
4few_ligand,2568,2.61513
4few_ligand,2569,2.50723
4few_ligand,2570,2.76595
4few_ligand,2571,2.62134
4few_ligand,2572,2.60536
4few_ligand,2573,2.63898
4few_ligand,2574,2.6059
4few_ligand,2575,2.67802
4few_ligand,2576,2.68243
4few_ligand,2577,2.82789
4few_ligand,2578,2.54793
4few_ligand,2579,2.80405
4few_ligand,2580,2.55449
4few_ligand,2581,2.87408
4few_ligand,2582,2.61753
4few_ligand,2583,2.57615
4few_ligand,2584,2.66968
4few_ligand,2585,2.68173
4few_ligand,2586,2.46378
4few_ligand,2587,2.81971
4few_ligand,2588,2.72501
4few_ligand,2589,2.6096
4few_ligand,2590,2.50609
4few_ligand,2591,2.69592
4few_ligand,2592,2.68543
4few_ligand,2593,2.56749
4few_ligand,2594,2.59365
4few_ligand,2595,2.61836
4few_ligand,2596,2.56736
4few_ligand,2597,2.73745
4few_ligand,2598,2.56294
4few_ligand,2599,2.70702
4few_ligand,2600,2.41233
4few_ligand,2601,2.82075
4few_ligand,2602,2.5003
4few_ligand,2603,2.74898
4few_ligand,2604,2.48415
4few_ligand,2605,2.69283
4few_ligand,2606,2.58649
4few_ligand,2607,2.75613
4few_ligand,2608,2.74295
4few_ligand,2609,2.61471
4few_ligand,2610,2.6095
4few_ligand,2611,2.87452
4few_ligand,2612,2.48541
4few_ligand,2613,2.93452
4few_ligand,2614,2.68472
4few_ligand,2615,2.55472
4few_ligand,2616,2.67012
4few_ligand,2617,2.63632
4few_ligand,2618,2.50875
4few_ligand,2619,2.79445
4few_ligand,2620,2.64874
4few_ligand,2621,2.78757
4few_ligand,2622,2.5223
4few_ligand,2623,2.85959
4few_ligand,2624,2.51684
4few_ligand,2625,2.59662
4few_ligand,2626,2.7314
4few_ligand,2627,2.43251
4few_ligand,2628,2.87231
4few_ligand,2629,2.60863
4few_ligand,2630,2.51718
4few_ligand,2631,2.74446
4few_ligand,2632,2.64618
4few_ligand,2633,2.57809
4few_ligand,2634,2.66211
4few_ligand,2635,2.49294
4few_ligand,2636,2.81145
4few_ligand,2637,2.60419
4few_ligand,2638,2.62713
4few_ligand,2639,2.5276
4few_ligand,2640,2.84369
4few_ligand,2641,2.56094
4few_ligand,2642,2.85599
4few_ligand,2643,2.52898
4few_ligand,2644,2.60389
4few_ligand,2645,2.60118
4few_ligand,2646,2.85569
4few_ligand,2647,2.71439
4few_ligand,2648,2.566
4few_ligand,2649,2.60419
4few_ligand,2650,2.60952
4few_ligand,2651,2.83692
4few_ligand,2652,2.66602
4few_ligand,2653,2.5472
4few_ligand,2654,2.7755
4few_ligand,2655,2.48352
4few_ligand,2656,2.73206
4few_ligand,2657,2.45315
4few_ligand,2658,2.73389
4few_ligand,2659,2.42148
4few_ligand,2660,2.76177
4few_ligand,2661,2.4475
4few_ligand,2662,2.78692
4few_ligand,2663,2.46646
4few_ligand,2664,2.88766
4few_ligand,2665,2.60719
4few_ligand,2666,2.61996
4few_ligand,2667,2.52505
4few_ligand,2668,2.69264
4few_ligand,2669,2.60833
4few_ligand,2670,2.59418
4few_ligand,2671,2.86864
4few_ligand,2672,2.60683
4few_ligand,2673,2.63511
4few_ligand,2674,2.65614
4few_ligand,2675,2.81218
4few_ligand,2676,2.52873
4few_ligand,2677,2.62251
4few_ligand,2678,2.68975
4few_ligand,2679,2.67338
4few_ligand,2680,2.52782
4few_ligand,2681,2.67448
4few_ligand,2682,2.52979
4few_ligand,2683,2.73806
4few_ligand,2684,2.69837
4few_ligand,2685,2.60577
4few_ligand,2686,2.68633
4few_ligand,2687,2.61666
4few_ligand,2688,2.63116
4few_ligand,2689,2.60796
4few_ligand,2690,2.78028
4few_ligand,2691,2.61409
4few_ligand,2692,2.61353
4few_ligand,2693,2.80485
4few_ligand,2694,2.57271
4few_ligand,2695,2.89643
4few_ligand,2696,2.65781
4few_ligand,2697,2.63474
4few_ligand,2698,2.64488
4few_ligand,2699,2.73622
4few_ligand,2700,2.39432
4few_ligand,2701,2.8265
4few_ligand,2702,2.47838
4few_ligand,2703,2.89013
4few_ligand,2704,2.65525
4few_ligand,2705,2.55802
4few_ligand,2706,2.68468
4few_ligand,2707,2.51791
4few_ligand,2708,2.70119
4few_ligand,2709,2.49249
4few_ligand,2710,2.74617
4few_ligand,2711,2.41054
4few_ligand,2712,2.82108
4few_ligand,2713,2.50261
4few_ligand,2714,2.60953
4few_ligand,2715,2.56527
4few_ligand,2716,2.76492
4few_ligand,2717,2.5312
4few_ligand,2718,2.87979
4few_ligand,2719,2.55862
4few_ligand,2720,2.57811
4few_ligand,2721,2.75989
4few_ligand,2722,2.57078
4few_ligand,2723,2.75415
4few_ligand,2724,2.71635
4few_ligand,2725,2.62843
4few_ligand,2726,2.63354
4few_ligand,2727,2.80648
4few_ligand,2728,2.59721
4few_ligand,2729,2.59561
4few_ligand,2730,2.83619
4few_ligand,2731,2.46319
4few_ligand,2732,2.8145
4few_ligand,2733,2.54696
4few_ligand,2734,2.78312
4few_ligand,2735,2.50242
4few_ligand,2736,2.75063
4few_ligand,2737,2.47565
4few_ligand,2738,2.75204
4few_ligand,2739,2.44544
4few_ligand,2740,2.83016
4few_ligand,2741,2.4832
4few_ligand,2742,2.89387
4few_ligand,2743,2.60977
4few_ligand,2744,2.6412
4few_ligand,2745,2.51127
4few_ligand,2746,2.65492
4few_ligand,2747,2.66819
4few_ligand,2748,2.62199
4few_ligand,2749,2.84691
4few_ligand,2750,2.57406
4few_ligand,2751,2.8887
4few_ligand,2752,2.59601
4few_ligand,2753,2.61424
4few_ligand,2754,2.53953
4few_ligand,2755,2.84197
4few_ligand,2756,2.58149
4few_ligand,2757,2.59692
4few_ligand,2758,2.53381
4few_ligand,2759,2.67616
4few_ligand,2760,2.62045
4few_ligand,2761,2.67917
4few_ligand,2762,2.52945
4few_ligand,2763,2.92747
4few_ligand,2764,2.61097
4few_ligand,2765,2.60085
4few_ligand,2766,2.66334
4few_ligand,2767,2.8583
4few_ligand,2768,2.6861
4few_ligand,2769,2.64727
4few_ligand,2770,2.52638
4few_ligand,2771,2.65123
4few_ligand,2772,2.47741
4few_ligand,2773,2.83441
4few_ligand,2774,2.50354
4few_ligand,2775,2.89233
4few_ligand,2776,2.57039
4few_ligand,2777,2.84537
4few_ligand,2778,2.53803
4few_ligand,2779,2.79157
4few_ligand,2780,2.50013
4few_ligand,2781,2.75145
4few_ligand,2782,2.57747
4few_ligand,2783,2.76546
4few_ligand,2784,2.41442
4few_ligand,2785,2.96679
4few_ligand,2786,2.77091
4few_ligand,2787,2.50562
4few_ligand,2788,2.78642
4few_ligand,2789,2.50591
4few_ligand,2790,2.84294
4few_ligand,2791,2.52265
4few_ligand,2792,2.66937
4few_ligand,2793,2.71254
4few_ligand,2794,2.799
4few_ligand,2795,2.53496
4few_ligand,2796,2.58446
4few_ligand,2797,2.58744
4few_ligand,2798,2.69169
4few_ligand,2799,2.65126
4few_ligand,2800,2.61213
4few_ligand,2801,2.89108
4few_ligand,2802,2.58428
4few_ligand,2803,2.61385
4few_ligand,2804,2.71573
4few_ligand,2805,2.66268
4few_ligand,2806,2.69864
4few_ligand,2807,2.72401
4few_ligand,2808,2.76564
4few_ligand,2809,2.60731
4few_ligand,2810,2.62369
4few_ligand,2811,2.90793
4few_ligand,2812,2.5597
4few_ligand,2813,2.70974
4few_ligand,2814,2.52172
4few_ligand,2815,2.69043
4few_ligand,2816,2.41001
4few_ligand,2817,2.73509
4few_ligand,2818,2.38861
4few_ligand,2819,2.89108
4few_ligand,2820,2.60043
4few_ligand,2821,2.63685
4few_ligand,2822,2.6599
4few_ligand,2823,2.69861
4few_ligand,2824,2.75275
4few_ligand,2825,2.48696
4few_ligand,2826,2.72568
4few_ligand,2827,2.60153
4few_ligand,2828,2.53212
4few_ligand,2829,2.72655
4few_ligand,2830,2.4952
4few_ligand,2831,2.74432
4few_ligand,2832,2.47317
4few_ligand,2833,2.79545
4few_ligand,2834,2.36722
4few_ligand,2835,2.86427
4few_ligand,2836,2.58531
4few_ligand,2837,2.57162
4few_ligand,2838,2.75097
4few_ligand,2839,2.52518
4few_ligand,2840,2.76583
4few_ligand,2841,2.43543
4few_ligand,2842,2.87504
4few_ligand,2843,2.54038
4few_ligand,2844,2.63462
4few_ligand,2845,2.57372
4few_ligand,2846,2.63592
4few_ligand,2847,2.64834
4few_ligand,2848,2.82696
4few_ligand,2849,2.47855
4few_ligand,2850,2.82466
4few_ligand,2851,2.49165
4few_ligand,2852,2.80264
4few_ligand,2853,2.48012
4few_ligand,2854,2.85119
4few_ligand,2855,2.54306
4few_ligand,2856,2.52904
4few_ligand,2857,2.61191
4few_ligand,2858,2.72092
4few_ligand,2859,2.46013
4few_ligand,2860,2.82991
4few_ligand,2861,2.65918
4few_ligand,2862,2.63711
4few_ligand,2863,2.52757
4few_ligand,2864,2.58554
4few_ligand,2865,2.66227
4few_ligand,2866,2.57899
4few_ligand,2867,2.56834
4few_ligand,2868,2.79163
4few_ligand,2869,2.61073
4few_ligand,2870,2.52797
4few_ligand,2871,2.86623
4few_ligand,2872,2.59528
4few_ligand,2873,2.86444
4few_ligand,2874,2.51493
4few_ligand,2875,2.7894
4few_ligand,2876,2.54329
4few_ligand,2877,2.79152
4few_ligand,2878,2.52022
4few_ligand,2879,2.84012
4few_ligand,2880,2.52759
4few_ligand,2881,2.92995
4few_ligand,2882,2.60338
4few_ligand,2883,2.61572
4few_ligand,2884,2.54641
4few_ligand,2885,2.71411
4few_ligand,2886,2.62842
4few_ligand,2887,2.64983
4few_ligand,2888,2.81067
4few_ligand,2889,2.53479
4few_ligand,2890,2.87851
4few_ligand,2891,2.61084
4few_ligand,2892,2.49041
4few_ligand,2893,2.71665
4few_ligand,2894,2.63981
4few_ligand,2895,2.61194
4few_ligand,2896,2.50991
4few_ligand,2897,2.74633
4few_ligand,2898,2.64202
4few_ligand,2899,2.60935
4few_ligand,2900,2.6194
4few_ligand,2901,2.67564
4few_ligand,2902,2.56812
4few_ligand,2903,2.54103
4few_ligand,2904,2.75436
4few_ligand,2905,2.78547
4few_ligand,2906,2.61384
4few_ligand,2907,2.63111
4few_ligand,2908,2.79237
4few_ligand,2909,2.59826
4few_ligand,2910,2.75264
4few_ligand,2911,2.46067
4few_ligand,2912,2.72789
4few_ligand,2913,2.41309
4few_ligand,2914,2.81087
4few_ligand,2915,2.5309
4few_ligand,2916,2.84788
4few_ligand,2917,2.61581
4few_ligand,2918,2.56218
4few_ligand,2919,2.70061
4few_ligand,2920,2.69014
4few_ligand,2921,2.52403
4few_ligand,2922,2.77764
4few_ligand,2923,2.55864
4few_ligand,2924,2.89625
4few_ligand,2925,2.58567
4few_ligand,2926,2.62325
4few_ligand,2927,2.69075
4few_ligand,2928,2.64191
4few_ligand,2929,2.84222
4few_ligand,2930,2.52079
4few_ligand,2931,2.92021
4few_ligand,2932,2.67312
4few_ligand,2933,2.46432
4few_ligand,2934,2.82676
4few_ligand,2935,2.46538
4few_ligand,2936,2.97817
4few_ligand,2937,2.77609
4few_ligand,2938,2.54804
4few_ligand,2939,2.85467
4few_ligand,2940,2.5609
4few_ligand,2941,2.58599
4few_ligand,2942,2.69478
4few_ligand,2943,2.4902
4few_ligand,2944,2.85779
4few_ligand,2945,2.54513
4few_ligand,2946,2.60116
4few_ligand,2947,2.61549
4few_ligand,2948,2.85354
4few_ligand,2949,2.68871
4few_ligand,2950,2.61692
4few_ligand,2951,2.7438
4few_ligand,2952,2.57957
4few_ligand,2953,2.66446
4few_ligand,2954,2.72747
4few_ligand,2955,2.49944
4few_ligand,2956,2.667
4few_ligand,2957,2.59082
4few_ligand,2958,2.65972
4few_ligand,2959,2.69446
4few_ligand,2960,2.69724
4few_ligand,2961,2.40627
4few_ligand,2962,2.76631
4few_ligand,2963,2.42738
4few_ligand,2964,2.75275
4few_ligand,2965,2.56037
4few_ligand,2966,2.76669
4few_ligand,2967,2.43281
4few_ligand,2968,2.76371
4few_ligand,2969,2.43003
4few_ligand,2970,2.83674
4few_ligand,2971,2.56101
4few_ligand,2972,2.59817
4few_ligand,2973,2.55785
4few_ligand,2974,2.67318
4few_ligand,2975,2.52211
4few_ligand,2976,2.80433
4few_ligand,2977,2.58682
4few_ligand,2978,2.65577
4few_ligand,2979,2.44127
4few_ligand,2980,2.98995
4few_ligand,2981,2.7975
4few_ligand,2982,2.58344
4few_ligand,2983,2.60026
4few_ligand,2984,2.85321
4few_ligand,2985,2.77581
4few_ligand,2986,2.62429
4few_ligand,2987,2.56805
4few_ligand,2988,2.69529
4few_ligand,2989,2.6049
4few_ligand,2990,2.54126
4few_ligand,2991,2.68669
4few_ligand,2992,2.59748
4few_ligand,2993,2.53498
4few_ligand,2994,2.7721
4few_ligand,2995,2.58977
4few_ligand,2996,2.58264
4few_ligand,2997,2.58458
4few_ligand,2998,2.79175
4few_ligand,2999,2.52222
4few_ligand,3000,2.94345
4few_ligand,3001,2.77439
4few_ligand,3002,2.57943
4few_ligand,3003,2.71746
4few_ligand,3004,2.56628
4few_ligand,3005,2.73762
4few_ligand,3006,2.38304
4few_ligand,3007,2.83452
4few_ligand,3008,2.53046
4few_ligand,3009,2.83344
4few_ligand,3010,2.48387
4few_ligand,3011,2.87133
4few_ligand,3012,2.56377
4few_ligand,3013,2.59666
4few_ligand,3014,2.68446
4few_ligand,3015,2.75701
4few_ligand,3016,2.50934
4few_ligand,3017,2.86504
4few_ligand,3018,2.65392
4few_ligand,3019,2.72703
4few_ligand,3020,2.51073
4few_ligand,3021,2.8512
4few_ligand,3022,2.54447
4few_ligand,3023,2.79628
4few_ligand,3024,2.4632
4few_ligand,3025,2.74596
4few_ligand,3026,2.49372
4few_ligand,3027,2.7576
4few_ligand,3028,2.43711
4few_ligand,3029,2.87545
4few_ligand,3030,2.55306
4few_ligand,3031,2.68935
4few_ligand,3032,2.49697
4few_ligand,3033,2.89561
4few_ligand,3034,2.62203
4few_ligand,3035,2.61936
4few_ligand,3036,2.5542
4few_ligand,3037,2.70767
4few_ligand,3038,2.43063
4few_ligand,3039,2.84852
4few_ligand,3040,2.52818
4few_ligand,3041,2.84251
4few_ligand,3042,2.58512
4few_ligand,3043,2.81991
4few_ligand,3044,2.53952
4few_ligand,3045,2.83101
4few_ligand,3046,2.65784
4few_ligand,3047,2.69847
4few_ligand,3048,2.62977
4few_ligand,3049,2.62668
4few_ligand,3050,2.91672
4few_ligand,3051,2.55562
4few_ligand,3052,2.82478
4few_ligand,3053,2.55389
4few_ligand,3054,2.77725
4few_ligand,3055,2.47136
4few_ligand,3056,2.77261
4few_ligand,3057,2.47171
4few_ligand,3058,2.75377
4few_ligand,3059,2.47241
4few_ligand,3060,2.79459
4few_ligand,3061,2.52333
4few_ligand,3062,2.87561
4few_ligand,3063,2.55542
4few_ligand,3064,2.7768
4few_ligand,3065,2.51044
4few_ligand,3066,2.69258
4few_ligand,3067,2.70595
4few_ligand,3068,2.46988
4few_ligand,3069,2.86082
4few_ligand,3070,2.65732
4few_ligand,3071,2.53447
4few_ligand,3072,2.65722
4few_ligand,3073,2.65462
4few_ligand,3074,2.53947
4few_ligand,3075,2.60758
4few_ligand,3076,2.63485
4few_ligand,3077,2.627
4few_ligand,3078,2.66819
4few_ligand,3079,2.81299
4few_ligand,3080,2.66766
4few_ligand,3081,2.60503
4few_ligand,3082,2.6154
4few_ligand,3083,2.61991
4few_ligand,3084,2.63649
4few_ligand,3085,2.82703
4few_ligand,3086,2.51163
4few_ligand,3087,2.7955
4few_ligand,3088,2.44726
4few_ligand,3089,2.79151
4few_ligand,3090,2.47481
4few_ligand,3091,2.80168
4few_ligand,3092,2.47417
4few_ligand,3093,2.86338
4few_ligand,3094,2.55748
4few_ligand,3095,2.62248
4few_ligand,3096,2.59301
4few_ligand,3097,2.64258
4few_ligand,3098,2.65683
4few_ligand,3099,2.55941
4few_ligand,3100,2.72654
4few_ligand,3101,2.51914
4few_ligand,3102,2.77011
4few_ligand,3103,2.43955
4few_ligand,3104,2.92436
4few_ligand,3105,2.66403
4few_ligand,3106,2.49111
4few_ligand,3107,2.77407
4few_ligand,3108,2.43258
4few_ligand,3109,2.8769
4few_ligand,3110,2.54099
4few_ligand,3111,2.65893
4few_ligand,3112,2.64014
4few_ligand,3113,2.68004
4few_ligand,3114,2.75095
4few_ligand,3115,2.5872
4few_ligand,3116,2.61153
4few_ligand,3117,2.88882
4few_ligand,3118,2.73628
4few_ligand,3119,2.50299
4few_ligand,3120,2.83983
4few_ligand,3121,2.52923
4few_ligand,3122,2.80232
4few_ligand,3123,2.51325
4few_ligand,3124,2.86548
4few_ligand,3125,2.57393
4few_ligand,3126,2.54929
4few_ligand,3127,2.58447
4few_ligand,3128,2.77407
4few_ligand,3129,2.60224
4few_ligand,3130,2.67072
4few_ligand,3131,2.62947
4few_ligand,3132,2.612
4few_ligand,3133,2.75459
4few_ligand,3134,2.56412
4few_ligand,3135,2.61396
4few_ligand,3136,2.73083
4few_ligand,3137,2.49246
4few_ligand,3138,2.69288
4few_ligand,3139,2.61782
4few_ligand,3140,2.57995
4few_ligand,3141,2.78465
4few_ligand,3142,2.46624
4few_ligand,3143,2.84092
4few_ligand,3144,2.45912
4few_ligand,3145,2.8967
4few_ligand,3146,2.58664
4few_ligand,3147,2.62895
4few_ligand,3148,2.68325
4few_ligand,3149,2.63962
4few_ligand,3150,2.67265
4few_ligand,3151,2.71342
4few_ligand,3152,2.782
4few_ligand,3153,2.49871
4few_ligand,3154,2.66221
4few_ligand,3155,2.58836
4few_ligand,3156,2.5256
4few_ligand,3157,2.75705
4few_ligand,3158,2.44644
4few_ligand,3159,2.745
4few_ligand,3160,2.43357
4few_ligand,3161,2.80478
4few_ligand,3162,2.51574
4few_ligand,3163,2.84893
4few_ligand,3164,2.59372
4few_ligand,3165,2.64058
4few_ligand,3166,2.64846
4few_ligand,3167,2.68673
4few_ligand,3168,2.74123
4few_ligand,3169,2.54549
4few_ligand,3170,2.57106
4few_ligand,3171,2.79426
4few_ligand,3172,2.57693
4few_ligand,3173,2.8622
4few_ligand,3174,2.50533
4few_ligand,3175,2.78589
4few_ligand,3176,2.4448
4few_ligand,3177,2.75993
4few_ligand,3178,2.40745
4few_ligand,3179,2.8043
4few_ligand,3180,2.45444
4few_ligand,3181,2.82927
4few_ligand,3182,2.4734
4few_ligand,3183,2.90415
4few_ligand,3184,2.62801
4few_ligand,3185,2.58716
4few_ligand,3186,2.73039
4few_ligand,3187,2.54676
4few_ligand,3188,2.69635
4few_ligand,3189,2.67517
4few_ligand,3190,2.51405
4few_ligand,3191,2.76316
4few_ligand,3192,2.51962
4few_ligand,3193,3.04169
4few_ligand,3194,2.94336
4few_ligand,3195,2.69327
4few_ligand,3196,2.54629
4few_ligand,3197,2.63853
4few_ligand,3198,2.6256
4few_ligand,3199,2.63043
4few_ligand,3200,2.60385
4few_ligand,3201,2.62105
4few_ligand,3202,2.79026
4few_ligand,3203,2.58159
4few_ligand,3204,2.62357
4few_ligand,3205,2.6677
4few_ligand,3206,2.72277
4few_ligand,3207,2.54352
4few_ligand,3208,2.68514
4few_ligand,3209,2.48307
4few_ligand,3210,2.73118
4few_ligand,3211,2.35847
4few_ligand,3212,2.77156
4few_ligand,3213,2.613
4few_ligand,3214,2.69505
4few_ligand,3215,2.70848
4few_ligand,3216,2.83986
4few_ligand,3217,2.58063
4few_ligand,3218,2.79605
4few_ligand,3219,2.50192
4few_ligand,3220,2.85363
4few_ligand,3221,2.47546
4few_ligand,3222,2.87844
4few_ligand,3223,2.57479
4few_ligand,3224,2.87124
4few_ligand,3225,2.6413
4few_ligand,3226,2.48527
4few_ligand,3227,2.75175
4few_ligand,3228,2.61147
4few_ligand,3229,2.55401
4few_ligand,3230,2.58654
4few_ligand,3231,2.65491
4few_ligand,3232,2.56842
4few_ligand,3233,2.53245
4few_ligand,3234,2.81287
4few_ligand,3235,2.62199
4few_ligand,3236,2.58513
4few_ligand,3237,2.70375
4few_ligand,3238,2.5953
4few_ligand,3239,2.53159
4few_ligand,3240,2.78136
4few_ligand,3241,2.47124
4few_ligand,3242,2.79058
4few_ligand,3243,2.45331
4few_ligand,3244,2.86467
4few_ligand,3245,2.55884
4few_ligand,3246,2.57187
4few_ligand,3247,2.74318
4few_ligand,3248,2.52986
4few_ligand,3249,2.7592
4few_ligand,3250,2.57523
4few_ligand,3251,2.74885
4few_ligand,3252,2.39926
4few_ligand,3253,2.91679
4few_ligand,3254,2.67413
4few_ligand,3255,2.51605
4few_ligand,3256,2.6039
4few_ligand,3257,2.78104
4few_ligand,3258,2.48046
4few_ligand,3259,2.6047
4few_ligand,3260,2.70649
4few_ligand,3261,2.37229
4few_ligand,3262,2.83454
4few_ligand,3263,2.50125
4few_ligand,3264,2.77163
4few_ligand,3265,2.44453
4few_ligand,3266,2.80679
4few_ligand,3267,2.77157
4few_ligand,3268,2.47604
4few_ligand,3269,2.82903
4few_ligand,3270,2.47168
4few_ligand,3271,2.99621
4few_ligand,3272,2.59547
4few_ligand,3273,2.691
4few_ligand,3274,2.65434
4few_ligand,3275,2.59047
4few_ligand,3276,2.57943
4few_ligand,3277,2.88964
4few_ligand,3278,2.5223
4few_ligand,3279,2.67545
4few_ligand,3280,2.57237
4few_ligand,3281,2.7397
4few_ligand,3282,2.46163
4few_ligand,3283,2.74111
4few_ligand,3284,2.4178
4few_ligand,3285,2.91198
4few_ligand,3286,2.6568
4few_ligand,3287,2.50085
4few_ligand,3288,2.94762
4few_ligand,3289,2.53856
4few_ligand,3290,2.64881
4few_ligand,3291,2.74692
4few_ligand,3292,2.56654
4few_ligand,3293,2.57508
4few_ligand,3294,2.7955
4few_ligand,3295,2.53061
4few_ligand,3296,2.90946
4few_ligand,3297,2.62483
4few_ligand,3298,2.52797
4few_ligand,3299,2.68191
4few_ligand,3300,2.56009
4few_ligand,3301,2.53772
4few_ligand,3302,2.71978
4few_ligand,3303,2.59741
4few_ligand,3304,2.50567
4few_ligand,3305,2.83094
4few_ligand,3306,2.51857
4few_ligand,3307,2.70491
4few_ligand,3308,2.43205
4few_ligand,3309,2.64046
4few_ligand,3310,2.69697
4few_ligand,3311,2.50207
4few_ligand,3312,2.55956
4few_ligand,3313,2.7164
4few_ligand,3314,2.41094
4few_ligand,3315,2.80274
4few_ligand,3316,2.49326
4few_ligand,3317,2.82344
4few_ligand,3318,2.48471
4few_ligand,3319,2.89396
4few_ligand,3320,2.59857
4few_ligand,3321,2.56483
4few_ligand,3322,2.68284
4few_ligand,3323,2.62608
4few_ligand,3324,2.45425
4few_ligand,3325,2.95344
4few_ligand,3326,2.68565
4few_ligand,3327,2.56003
4few_ligand,3328,2.72658
4few_ligand,3329,2.62538
4few_ligand,3330,2.52172
4few_ligand,3331,2.7411
4few_ligand,3332,2.53101
4few_ligand,3333,2.68744
4few_ligand,3334,2.512
4few_ligand,3335,2.48825
4few_ligand,3336,2.73299
4few_ligand,3337,2.77069
4few_ligand,3338,2.51405
4few_ligand,3339,2.82354
4few_ligand,3340,2.48206
4few_ligand,3341,2.83666
4few_ligand,3342,2.49818
4few_ligand,3343,2.8202
4few_ligand,3344,2.4934
4few_ligand,3345,2.85432
4few_ligand,3346,2.57271
4few_ligand,3347,2.85708
4few_ligand,3348,2.59177
4few_ligand,3349,2.54689
4few_ligand,3350,2.63346
4few_ligand,3351,2.73926
4few_ligand,3352,2.49844
4few_ligand,3353,2.95222
4few_ligand,3354,2.88838
4few_ligand,3355,2.60526
4few_ligand,3356,2.65793
4few_ligand,3357,2.70537
4few_ligand,3358,2.45993
4few_ligand,3359,2.84526
4few_ligand,3360,2.52606
4few_ligand,3361,2.83127
4few_ligand,3362,2.51363
4few_ligand,3363,2.80661
4few_ligand,3364,2.49653
4few_ligand,3365,2.86273
4few_ligand,3366,2.5556
4few_ligand,3367,2.53605
4few_ligand,3368,2.60943
4few_ligand,3369,2.74209
4few_ligand,3370,2.53611
4few_ligand,3371,2.64244
4few_ligand,3372,2.56928
4few_ligand,3373,2.5617
4few_ligand,3374,2.60142
4few_ligand,3375,2.73907
4few_ligand,3376,2.53324
4few_ligand,3377,2.62082
4few_ligand,3378,2.51307
4few_ligand,3379,2.77528
4few_ligand,3380,2.44975
4few_ligand,3381,2.86747
4few_ligand,3382,2.53051
4few_ligand,3383,2.86546
4few_ligand,3384,2.63428
4few_ligand,3385,2.56787
4few_ligand,3386,2.65709
4few_ligand,3387,2.77077
4few_ligand,3388,2.54151
4few_ligand,3389,2.72148
4few_ligand,3390,2.5565
4few_ligand,3391,2.58412
4few_ligand,3392,2.62185
4few_ligand,3393,2.78875
4few_ligand,3394,2.48618
4few_ligand,3395,2.77771
4few_ligand,3396,2.47167
4few_ligand,3397,2.81783
4few_ligand,3398,2.4753
4few_ligand,3399,2.87646
4few_ligand,3400,2.635
4few_ligand,3401,2.63085
4few_ligand,3402,2.52262
4few_ligand,3403,2.67654
4few_ligand,3404,2.45911
4few_ligand,3405,2.79729
4few_ligand,3406,2.65561
4few_ligand,3407,2.62759
4few_ligand,3408,2.69864
4few_ligand,3409,2.66939
4few_ligand,3410,2.85361
4few_ligand,3411,2.59377
4few_ligand,3412,2.83599
4few_ligand,3413,2.57547
4few_ligand,3414,2.83492
4few_ligand,3415,2.57038
4few_ligand,3416,2.88439
4few_ligand,3417,2.58025
4few_ligand,3418,2.59849
4few_ligand,3419,2.71928
4few_ligand,3420,2.70259
4few_ligand,3421,2.7562
4few_ligand,3422,2.56228
4few_ligand,3423,2.66716
4few_ligand,3424,2.67398
4few_ligand,3425,2.56102
4few_ligand,3426,2.60814
4few_ligand,3427,2.56998
4few_ligand,3428,2.61996
4few_ligand,3429,2.5788
4few_ligand,3430,2.61368
4few_ligand,3431,2.63144
4few_ligand,3432,2.62224
4few_ligand,3433,2.59764
4few_ligand,3434,2.85932
4few_ligand,3435,2.56307
4few_ligand,3436,2.80346
4few_ligand,3437,2.57195
4few_ligand,3438,2.78013
4few_ligand,3439,2.48932
4few_ligand,3440,2.75948
4few_ligand,3441,2.45721
4few_ligand,3442,2.74103
4few_ligand,3443,2.45975
4few_ligand,3444,2.75016
4few_ligand,3445,2.48173
4few_ligand,3446,2.75352
4few_ligand,3447,2.62998
4few_ligand,3448,2.49997
4few_ligand,3449,2.77082
4few_ligand,3450,2.53796
4few_ligand,3451,2.71514
4few_ligand,3452,2.39435
4few_ligand,3453,2.87285
4few_ligand,3454,2.55651
4few_ligand,3455,2.86992
4few_ligand,3456,2.60275
4few_ligand,3457,2.77595
4few_ligand,3458,2.51824
4few_ligand,3459,2.76196
4few_ligand,3460,2.46815
4few_ligand,3461,2.85313
4few_ligand,3462,2.55924
4few_ligand,3463,2.60848
4few_ligand,3464,2.5932
4few_ligand,3465,2.68029
4few_ligand,3466,2.70434
4few_ligand,3467,2.67005
4few_ligand,3468,2.6843
4few_ligand,3469,2.5464
4few_ligand,3470,2.63147
4few_ligand,3471,2.64608
4few_ligand,3472,2.50239
4few_ligand,3473,2.80203
4few_ligand,3474,2.59681
4few_ligand,3475,2.87824
4few_ligand,3476,2.54504
4few_ligand,3477,2.87143
4few_ligand,3478,2.58437
4few_ligand,3479,2.57746
4few_ligand,3480,2.6342
4few_ligand,3481,2.80738
4few_ligand,3482,2.63334
4few_ligand,3483,2.66397
4few_ligand,3484,2.53447
4few_ligand,3485,2.72961
4few_ligand,3486,2.68671
4few_ligand,3487,2.70679
4few_ligand,3488,2.3996
4few_ligand,3489,2.76837
4few_ligand,3490,2.3557
4few_ligand,3491,2.88374
4few_ligand,3492,2.59978
4few_ligand,3493,2.54966
4few_ligand,3494,2.75812
4few_ligand,3495,2.4258
4few_ligand,3496,2.82703
4few_ligand,3497,2.50023
4few_ligand,3498,2.88601
4few_ligand,3499,2.50268
4few_ligand,3500,2.91599
4few_ligand,3501,2.62264
4few_ligand,3502,2.64423
4few_ligand,3503,2.67355
4few_ligand,3504,2.7413
4few_ligand,3505,2.78527
4few_ligand,3506,2.63917
4few_ligand,3507,2.69072
4few_ligand,3508,2.67577
4few_ligand,3509,2.57482
4few_ligand,3510,2.71694
4few_ligand,3511,2.45133
4few_ligand,3512,2.74862
4few_ligand,3513,2.45066
4few_ligand,3514,2.89781
4few_ligand,3515,2.6232
4few_ligand,3516,2.6011
4few_ligand,3517,2.68457
4few_ligand,3518,2.68201
4few_ligand,3519,2.56081
4few_ligand,3520,2.64294
4few_ligand,3521,2.52272
4few_ligand,3522,2.81076
4few_ligand,3523,2.64254
4few_ligand,3524,2.77186
4few_ligand,3525,2.4861
4few_ligand,3526,2.74714
4few_ligand,3527,2.48892
4few_ligand,3528,2.7496
4few_ligand,3529,2.4333
4few_ligand,3530,2.88221
4few_ligand,3531,2.59327
4few_ligand,3532,2.65973
4few_ligand,3533,2.60151
4few_ligand,3534,2.72551
4few_ligand,3535,2.76519
4few_ligand,3536,2.52437
4few_ligand,3537,2.65676
4few_ligand,3538,2.74425
4few_ligand,3539,2.43439
4few_ligand,3540,2.86719
4few_ligand,3541,2.55185
4few_ligand,3542,2.89071
4few_ligand,3543,2.6438
4few_ligand,3544,2.58982
4few_ligand,3545,2.61407
4few_ligand,3546,2.85501
4few_ligand,3547,2.63412
4few_ligand,3548,2.61801
4few_ligand,3549,2.5297
4few_ligand,3550,2.82387
4few_ligand,3551,2.58094
4few_ligand,3552,2.76866
4few_ligand,3553,2.50035
4few_ligand,3554,2.76175
4few_ligand,3555,2.49413
4few_ligand,3556,2.76115
4few_ligand,3557,2.50422
4few_ligand,3558,2.77699
4few_ligand,3559,2.53789
4few_ligand,3560,2.83098
4few_ligand,3561,2.56762
4few_ligand,3562,2.57821
4few_ligand,3563,2.58433
4few_ligand,3564,2.84399
4few_ligand,3565,2.60449
4few_ligand,3566,2.65374
4few_ligand,3567,2.64395
4few_ligand,3568,2.65066
4few_ligand,3569,2.77372
4few_ligand,3570,2.58112
4few_ligand,3571,2.62182
4few_ligand,3572,2.79406
4few_ligand,3573,2.63423
4few_ligand,3574,2.54921
4few_ligand,3575,2.60118
4few_ligand,3576,2.6288
4few_ligand,3577,2.75582
4few_ligand,3578,2.51395
4few_ligand,3579,2.68083
4few_ligand,3580,2.58889
4few_ligand,3581,2.6416
4few_ligand,3582,2.81022
4few_ligand,3583,2.52512
4few_ligand,3584,2.78029
4few_ligand,3585,2.45741
4few_ligand,3586,2.86928
4few_ligand,3587,2.53839
4few_ligand,3588,2.85961
4few_ligand,3589,2.63145
4few_ligand,3590,2.57282
4few_ligand,3591,2.66352
4few_ligand,3592,2.80956
4few_ligand,3593,2.61666
4few_ligand,3594,2.69057
4few_ligand,3595,2.49803
4few_ligand,3596,2.82895
4few_ligand,3597,2.54499
4few_ligand,3598,2.85146
4few_ligand,3599,2.51451
4few_ligand,3600,2.78168
4few_ligand,3601,2.52331
4few_ligand,3602,2.83406
4few_ligand,3603,2.53385
4few_ligand,3604,2.86309
4few_ligand,3605,2.58902
4few_ligand,3606,2.62225
4few_ligand,3607,2.66246
4few_ligand,3608,2.66803
4few_ligand,3609,2.72767
4few_ligand,3610,2.56063
4few_ligand,3611,2.59788
4few_ligand,3612,2.79678
4few_ligand,3613,2.61727
4few_ligand,3614,2.59923
4few_ligand,3615,2.72757
4few_ligand,3616,2.72157
4few_ligand,3617,2.39044
4few_ligand,3618,2.85773
4few_ligand,3619,2.55556
4few_ligand,3620,2.82141
4few_ligand,3621,2.56028
4few_ligand,3622,2.89532
4few_ligand,3623,2.64952
4few_ligand,3624,2.53928
4few_ligand,3625,2.82127
4few_ligand,3626,2.54865
4few_ligand,3627,2.59882
4few_ligand,3628,2.5445
4few_ligand,3629,2.70697
4few_ligand,3630,2.63236
4few_ligand,3631,2.59469
4few_ligand,3632,2.90465
4few_ligand,3633,2.67635
4few_ligand,3634,2.48134
4few_ligand,3635,2.8131
4few_ligand,3636,2.52613
4few_ligand,3637,2.82296
4few_ligand,3638,2.55095
4few_ligand,3639,2.8843
4few_ligand,3640,2.68662
4few_ligand,3641,2.44482
4few_ligand,3642,2.72896
4few_ligand,3643,2.49049
4few_ligand,3644,2.71497
4few_ligand,3645,2.59363
4few_ligand,3646,2.72816
4few_ligand,3647,2.50951
4few_ligand,3648,2.77311
4few_ligand,3649,2.61165
4few_ligand,3650,2.60365
4few_ligand,3651,2.66613
4few_ligand,3652,2.61249
4few_ligand,3653,2.7651
4few_ligand,3654,2.6869
4few_ligand,3655,2.72736
4few_ligand,3656,2.63817
4few_ligand,3657,2.72107
4few_ligand,3658,2.63373
4few_ligand,3659,2.76937
4few_ligand,3660,2.55023
4few_ligand,3661,2.90416
4few_ligand,3662,2.70583
4few_ligand,3663,2.5273
4few_ligand,3664,2.75592
4few_ligand,3665,2.41928
4few_ligand,3666,2.79228
4few_ligand,3667,2.45284
4few_ligand,3668,2.88524
4few_ligand,3669,2.62284
4few_ligand,3670,2.59681
4few_ligand,3671,2.49851
4few_ligand,3672,2.83457
4few_ligand,3673,2.65763
4few_ligand,3674,2.51778
4few_ligand,3675,2.76463
4few_ligand,3676,2.56255
4few_ligand,3677,2.62621
4few_ligand,3678,2.62728
4few_ligand,3679,2.84601
4few_ligand,3680,2.61709
4few_ligand,3681,2.65759
4few_ligand,3682,2.42437
4few_ligand,3683,2.79297
4few_ligand,3684,2.51466
4few_ligand,3685,2.7574
4few_ligand,3686,2.48659
4few_ligand,3687,2.73558
4few_ligand,3688,2.47234
4few_ligand,3689,2.7678
4few_ligand,3690,2.42343
4few_ligand,3691,2.9275
4few_ligand,3692,2.67424
4few_ligand,3693,2.49327
4few_ligand,3694,2.7483
4few_ligand,3695,2.63373
4few_ligand,3696,2.60228
4few_ligand,3697,2.65508
4few_ligand,3698,2.63271
4few_ligand,3699,2.92766
4few_ligand,3700,2.51537
4few_ligand,3701,2.89714
4few_ligand,3702,2.54422
4few_ligand,3703,2.58818
4few_ligand,3704,2.7522
4few_ligand,3705,2.58453
4few_ligand,3706,2.74114
4few_ligand,3707,2.87039
4few_ligand,3708,2.66677
4few_ligand,3709,2.70406
4few_ligand,3710,2.54424
4few_ligand,3711,2.64477
4few_ligand,3712,2.59366
4few_ligand,3713,2.6023
4few_ligand,3714,2.878
4few_ligand,3715,2.62082
4few_ligand,3716,2.824
4few_ligand,3717,2.57435
4few_ligand,3718,2.80716
4few_ligand,3719,2.51295
4few_ligand,3720,2.86412
4few_ligand,3721,2.55525
4few_ligand,3722,2.54016
4few_ligand,3723,2.59427
4few_ligand,3724,2.76187
4few_ligand,3725,2.6042
4few_ligand,3726,2.61266
4few_ligand,3727,2.55161
4few_ligand,3728,2.58379
4few_ligand,3729,2.53329
4few_ligand,3730,2.88198
4few_ligand,3731,2.63595
4few_ligand,3732,2.58583
4few_ligand,3733,2.58217
4few_ligand,3734,2.74184
4few_ligand,3735,2.53326
4few_ligand,3736,2.76042
4few_ligand,3737,2.46749
4few_ligand,3738,2.77476
4few_ligand,3739,2.48564
4few_ligand,3740,2.79366
4few_ligand,3741,2.43734
4few_ligand,3742,2.81337
4few_ligand,3743,2.51754
4few_ligand,3744,2.80167
4few_ligand,3745,2.50803
4few_ligand,3746,2.77165
4few_ligand,3747,2.5194
4few_ligand,3748,2.76779
4few_ligand,3749,2.51439
4few_ligand,3750,2.76339
4few_ligand,3751,2.54237
4few_ligand,3752,2.76091
4few_ligand,3753,2.58601
4few_ligand,3754,2.52184
4few_ligand,3755,2.6467
4few_ligand,3756,2.71091
4few_ligand,3757,2.74976
4few_ligand,3758,2.64559
4few_ligand,3759,2.68097
4few_ligand,3760,2.62781
4few_ligand,3761,2.62151
4few_ligand,3762,2.86781
4few_ligand,3763,2.47818
4few_ligand,3764,2.82902
4few_ligand,3765,2.63881
4few_ligand,3766,2.73695
4few_ligand,3767,2.55275
4few_ligand,3768,2.80926
4few_ligand,3769,2.454
4few_ligand,3770,2.99025
4few_ligand,3771,2.76245
4few_ligand,3772,2.61879
4few_ligand,3773,2.63479
4few_ligand,3774,2.91307
4few_ligand,3775,2.72805
4few_ligand,3776,2.68952
4few_ligand,3777,2.93426
4few_ligand,3778,2.71756
4few_ligand,3779,2.50062
4few_ligand,3780,2.85825
4few_ligand,3781,2.56918
4few_ligand,3782,2.71104
4few_ligand,3783,2.57364
4few_ligand,3784,2.61923
4few_ligand,3785,2.62761
4few_ligand,3786,2.83476
4few_ligand,3787,2.67776
4few_ligand,3788,2.57772
4few_ligand,3789,2.75803
4few_ligand,3790,2.49555
4few_ligand,3791,2.74453
4few_ligand,3792,2.47457
4few_ligand,3793,2.75897
4few_ligand,3794,2.46938
4few_ligand,3795,2.80131
4few_ligand,3796,2.4722
4few_ligand,3797,2.87086
4few_ligand,3798,2.60548
4few_ligand,3799,2.63242
4few_ligand,3800,2.53738
4few_ligand,3801,2.66022
4few_ligand,3802,2.65207
4few_ligand,3803,2.60507
4few_ligand,3804,2.87248
4few_ligand,3805,2.55874
4few_ligand,3806,2.60242
4few_ligand,3807,2.69702
4few_ligand,3808,2.63749
4few_ligand,3809,2.65858
4few_ligand,3810,2.74588
4few_ligand,3811,2.80018
4few_ligand,3812,2.64752
4few_ligand,3813,2.45926
4few_ligand,3814,2.78451
4few_ligand,3815,2.56904
4few_ligand,3816,2.89644
4few_ligand,3817,2.6637
4few_ligand,3818,2.55954
4few_ligand,3819,2.6919
4few_ligand,3820,2.44348
4few_ligand,3821,2.78629
4few_ligand,3822,2.4137
4few_ligand,3823,2.87369
4few_ligand,3824,2.61082
4few_ligand,3825,2.53873
4few_ligand,3826,2.66272
4few_ligand,3827,2.67722
4few_ligand,3828,2.55269
4few_ligand,3829,2.80415
4few_ligand,3830,2.58191
4few_ligand,3831,2.78284
4few_ligand,3832,2.45658
4few_ligand,3833,2.87428
4few_ligand,3834,2.57385
4few_ligand,3835,2.8239
4few_ligand,3836,2.63434
4few_ligand,3837,2.68305
4few_ligand,3838,2.73577
4few_ligand,3839,2.4288
4few_ligand,3840,2.72797
4few_ligand,3841,2.4628
4few_ligand,3842,2.75579
4few_ligand,3843,2.43494
4few_ligand,3844,2.81113
4few_ligand,3845,2.52859
4few_ligand,3846,2.56298
4few_ligand,3847,2.74941
4few_ligand,3848,2.54445
4few_ligand,3849,2.74834
4few_ligand,3850,2.58496
4few_ligand,3851,2.71693
4few_ligand,3852,2.4269
4few_ligand,3853,2.9223
4few_ligand,3854,2.67756
4few_ligand,3855,2.53077
4few_ligand,3856,2.78368
4few_ligand,3857,2.51298
4few_ligand,3858,2.71397
4few_ligand,3859,2.70909
4few_ligand,3860,2.45079
4few_ligand,3861,2.86442
4few_ligand,3862,2.54082
4few_ligand,3863,2.91396
4few_ligand,3864,2.70497
4few_ligand,3865,2.60679
4few_ligand,3866,2.6444
4few_ligand,3867,2.72779
4few_ligand,3868,2.78085
4few_ligand,3869,2.60123
4few_ligand,3870,2.63572
4few_ligand,3871,2.76011
4few_ligand,3872,2.5693
4few_ligand,3873,2.53993
4few_ligand,3874,2.7844
4few_ligand,3875,2.47931
4few_ligand,3876,2.757
4few_ligand,3877,2.45106
4few_ligand,3878,2.75981
4few_ligand,3879,2.41711
4few_ligand,3880,2.79141
4few_ligand,3881,2.37501
4few_ligand,3882,2.92567
4few_ligand,3883,2.67014
4few_ligand,3884,2.52272
4few_ligand,3885,2.66952
4few_ligand,3886,2.67057
4few_ligand,3887,2.52971
4few_ligand,3888,2.80492
4few_ligand,3889,2.60133
4few_ligand,3890,2.63109
4few_ligand,3891,2.50569
4few_ligand,3892,2.69458
4few_ligand,3893,2.41703
4few_ligand,3894,2.82472
4few_ligand,3895,2.50633
4few_ligand,3896,2.88682
4few_ligand,3897,2.68326
4few_ligand,3898,2.53466
4few_ligand,3899,2.81775
4few_ligand,3900,2.49189
4few_ligand,3901,2.82351
4few_ligand,3902,2.49475
4few_ligand,3903,2.78865
4few_ligand,3904,2.65421
4few_ligand,3905,2.55942
4few_ligand,3906,2.72997
4few_ligand,3907,2.78878
4few_ligand,3908,2.53577
4few_ligand,3909,2.67115
4few_ligand,3910,2.73086
4few_ligand,3911,2.64412
4few_ligand,3912,2.60195
4few_ligand,3913,2.8207
4few_ligand,3914,2.53892
4few_ligand,3915,2.792
4few_ligand,3916,2.4856
4few_ligand,3917,2.77321
4few_ligand,3918,2.47775
4few_ligand,3919,2.79757
4few_ligand,3920,2.47335
4few_ligand,3921,2.84088
4few_ligand,3922,2.51696
4few_ligand,3923,2.89868
4few_ligand,3924,2.56802
4few_ligand,3925,2.63371
4few_ligand,3926,2.62487
4few_ligand,3927,2.64815
4few_ligand,3928,2.68426
4few_ligand,3929,2.73655
4few_ligand,3930,2.75041
4few_ligand,3931,2.58259
4few_ligand,3932,2.63783
4few_ligand,3933,2.7482
4few_ligand,3934,2.71659
4few_ligand,3935,2.74719
4few_ligand,3936,2.863
4few_ligand,3937,2.64248
4few_ligand,3938,2.52096
4few_ligand,3939,2.8101
4few_ligand,3940,2.51489
4few_ligand,3941,2.83699
4few_ligand,3942,2.44449
4few_ligand,3943,2.9322
4few_ligand,3944,2.67519
4few_ligand,3945,2.52539
4few_ligand,3946,2.63861
4few_ligand,3947,2.60292
4few_ligand,3948,2.5512
4few_ligand,3949,2.61221
4few_ligand,3950,2.55257
4few_ligand,3951,2.87698
4few_ligand,3952,2.64751
4few_ligand,3953,2.49882
4few_ligand,3954,2.76497
4few_ligand,3955,2.58838
4few_ligand,3956,2.69895
4few_ligand,3957,2.85272
4few_ligand,3958,2.57204
4few_ligand,3959,2.87035
4few_ligand,3960,2.56429
4few_ligand,3961,2.8473
4few_ligand,3962,2.51679
4few_ligand,3963,2.7954
4few_ligand,3964,2.48286
4few_ligand,3965,2.81374
4few_ligand,3966,2.43525
4few_ligand,3967,2.96114
4few_ligand,3968,2.72958
4few_ligand,3969,2.43277
4few_ligand,3970,2.88982
4few_ligand,3971,2.54768
4few_ligand,3972,2.59982
4few_ligand,3973,2.58468
4few_ligand,3974,2.67841
4few_ligand,3975,2.70216
4few_ligand,3976,2.66862
4few_ligand,3977,2.7042
4few_ligand,3978,2.57321
4few_ligand,3979,2.63145
4few_ligand,3980,2.83292
4few_ligand,3981,2.55416
4few_ligand,3982,2.87098
4few_ligand,3983,2.49138
4few_ligand,3984,2.95579
4few_ligand,3985,2.6962
4few_ligand,3986,2.60542
4few_ligand,3987,2.65505
4few_ligand,3988,2.75472
4few_ligand,3989,2.53416
4few_ligand,3990,2.70948
4few_ligand,3991,2.41282
4few_ligand,3992,2.88205
4few_ligand,3993,2.54899
4few_ligand,3994,2.92832
4few_ligand,3995,2.74314
4few_ligand,3996,2.55861
4few_ligand,3997,2.75923
4few_ligand,3998,2.56659
4few_ligand,3999,2.76213
4few_ligand,4000,2.39266
4few_ligand,4001,2.89303
4few_ligand,4002,2.62355
4few_ligand,4003,2.62746
4few_ligand,4004,2.59602
4few_ligand,4005,2.64707
4few_ligand,4006,2.67152
4few_ligand,4007,2.6477
4few_ligand,4008,2.63396
4few_ligand,4009,2.74506
4few_ligand,4010,2.67921
4few_ligand,4011,2.69723
4few_ligand,4012,2.74094
4few_ligand,4013,2.56545
4few_ligand,4014,2.65262
4few_ligand,4015,2.88691
4few_ligand,4016,2.47717
4few_ligand,4017,2.85858
4few_ligand,4018,2.56047
4few_ligand,4019,2.78212
4few_ligand,4020,2.45694
4few_ligand,4021,2.73367
4few_ligand,4022,2.39267
4few_ligand,4023,2.91252
4few_ligand,4024,2.63901
4few_ligand,4025,2.5943
4few_ligand,4026,2.67804
4few_ligand,4027,2.65732
4few_ligand,4028,2.51046
4few_ligand,4029,2.92172
4few_ligand,4030,2.60724
4few_ligand,4031,2.7249
4few_ligand,4032,2.74757
4few_ligand,4033,2.58088
4few_ligand,4034,2.58386
4few_ligand,4035,2.83552
4few_ligand,4036,2.51278
4few_ligand,4037,2.79982
4few_ligand,4038,2.47316
4few_ligand,4039,2.75388
4few_ligand,4040,2.40634
4few_ligand,4041,2.82943
4few_ligand,4042,2.52199
4few_ligand,4043,2.86339
4few_ligand,4044,2.5155
4few_ligand,4045,2.81956
4few_ligand,4046,2.49004
4few_ligand,4047,2.82272
4few_ligand,4048,2.45524
4few_ligand,4049,2.74999
4few_ligand,4050,2.60109
4few_ligand,4051,2.73384
4few_ligand,4052,2.64453
4few_ligand,4053,2.52591
4few_ligand,4054,2.78921
4few_ligand,4055,2.42731
4few_ligand,4056,2.88715
4few_ligand,4057,2.47872
4few_ligand,4058,2.68479
4few_ligand,4059,2.71096
4few_ligand,4060,2.57609
4few_ligand,4061,2.58565
4few_ligand,4062,2.89618
4few_ligand,4063,2.73335
4few_ligand,4064,2.49835
4few_ligand,4065,2.7811
4few_ligand,4066,2.48104
4few_ligand,4067,2.81187
4few_ligand,4068,2.44758
4few_ligand,4069,2.83829
4few_ligand,4070,2.5236
4few_ligand,4071,2.87507
4few_ligand,4072,2.53141
4few_ligand,4073,2.83248
4few_ligand,4074,2.52795
4few_ligand,4075,2.87474
4few_ligand,4076,2.51747
4few_ligand,4077,2.84295
4few_ligand,4078,2.56537
4few_ligand,4079,2.65804
4few_ligand,4080,2.63388
4few_ligand,4081,2.54519
4few_ligand,4082,2.88341
4few_ligand,4083,2.57504
4few_ligand,4084,2.5884
4few_ligand,4085,2.74806
4few_ligand,4086,2.63149
4few_ligand,4087,2.67897
4few_ligand,4088,2.57554
4few_ligand,4089,2.60868
4few_ligand,4090,2.90339
4few_ligand,4091,2.6277
4few_ligand,4092,2.73991
4few_ligand,4093,2.8027
4few_ligand,4094,2.63543
4few_ligand,4095,2.70716
4few_ligand,4096,2.6096
4few_ligand,4097,2.66212
4few_ligand,4098,2.70454
4few_ligand,4099,2.77144
4few_ligand,4100,2.57754
4few_ligand,4101,2.6307
4few_ligand,4102,2.78917
4few_ligand,4103,2.51943
4few_ligand,4104,2.81471
4few_ligand,4105,2.49841
4few_ligand,4106,2.77214
4few_ligand,4107,2.4419
4few_ligand,4108,2.80659
4few_ligand,4109,2.42965
4few_ligand,4110,2.88969
4few_ligand,4111,2.59169
4few_ligand,4112,2.57812
4few_ligand,4113,2.73329
4few_ligand,4114,2.71869
4few_ligand,4115,2.32739
4few_ligand,4116,2.90453
4few_ligand,4117,2.61562
4few_ligand,4118,2.53844
4few_ligand,4119,2.78762
4few_ligand,4120,2.42745
4few_ligand,4121,2.84855
4few_ligand,4122,2.45322
4few_ligand,4123,2.97901
4few_ligand,4124,2.65183
4few_ligand,4125,2.50973
4few_ligand,4126,2.69339
4few_ligand,4127,2.69246
4few_ligand,4128,2.54131
4few_ligand,4129,2.70616
4few_ligand,4130,2.49805
4few_ligand,4131,2.73474
4few_ligand,4132,2.50706
4few_ligand,4133,2.85732
4few_ligand,4134,2.59049
4few_ligand,4135,2.56413
4few_ligand,4136,2.63625
4few_ligand,4137,2.68284
4few_ligand,4138,2.6055
4few_ligand,4139,2.61996
4few_ligand,4140,2.63713
4few_ligand,4141,2.66796
4few_ligand,4142,2.60385
4few_ligand,4143,2.58182
4few_ligand,4144,2.80717
4few_ligand,4145,2.50591
4few_ligand,4146,2.84149
4few_ligand,4147,2.48404
4few_ligand,4148,2.86711
4few_ligand,4149,2.58833
4few_ligand,4150,2.90223
4few_ligand,4151,2.64449
4few_ligand,4152,2.59139
4few_ligand,4153,2.62043
4few_ligand,4154,2.78629
4few_ligand,4155,2.64763
4few_ligand,4156,2.55089
4few_ligand,4157,2.80527
4few_ligand,4158,2.51476
4few_ligand,4159,2.77567
4few_ligand,4160,2.51201
4few_ligand,4161,2.75771
4few_ligand,4162,2.51707
4few_ligand,4163,2.79503
4few_ligand,4164,2.52372
4few_ligand,4165,2.81242
4few_ligand,4166,2.4928
4few_ligand,4167,2.81508
4few_ligand,4168,2.6526
4few_ligand,4169,2.55538
4few_ligand,4170,2.79421
4few_ligand,4171,2.65617
4few_ligand,4172,2.8098
4few_ligand,4173,2.79097
4few_ligand,4174,2.53388
4few_ligand,4175,2.72652
4few_ligand,4176,2.49255
4few_ligand,4177,2.77119
4few_ligand,4178,2.46141
4few_ligand,4179,2.78345
4few_ligand,4180,2.49586
4few_ligand,4181,2.81079
4few_ligand,4182,2.55993
4few_ligand,4183,2.80887
4few_ligand,4184,2.55128
4few_ligand,4185,2.87493
4few_ligand,4186,2.51874
4few_ligand,4187,2.67463
4few_ligand,4188,2.75403
4few_ligand,4189,2.60529
4few_ligand,4190,2.64742
4few_ligand,4191,2.68488
4few_ligand,4192,2.74048
4few_ligand,4193,2.57619
4few_ligand,4194,2.61204
4few_ligand,4195,2.81599
4few_ligand,4196,2.50707
4few_ligand,4197,2.84565
4few_ligand,4198,2.60304
4few_ligand,4199,2.55002
4few_ligand,4200,2.664
4few_ligand,4201,2.64439
4few_ligand,4202,2.50857
4few_ligand,4203,2.86312
4few_ligand,4204,2.75206
4few_ligand,4205,2.48691
4few_ligand,4206,2.80492
4few_ligand,4207,2.50341
4few_ligand,4208,2.82494
4few_ligand,4209,2.47861
4few_ligand,4210,2.80402
4few_ligand,4211,2.62704
4few_ligand,4212,2.66704
4few_ligand,4213,2.70195
4few_ligand,4214,2.76312
4few_ligand,4215,2.56285
4few_ligand,4216,2.62528
4few_ligand,4217,2.68823
4few_ligand,4218,2.76502
4few_ligand,4219,2.50112
4few_ligand,4220,2.81867
4few_ligand,4221,2.47569
4few_ligand,4222,2.77221
4few_ligand,4223,2.38502
4few_ligand,4224,2.92066
4few_ligand,4225,2.68583
4few_ligand,4226,2.59225
4few_ligand,4227,2.73067
4few_ligand,4228,2.52561
4few_ligand,4229,2.67923
4few_ligand,4230,2.72987
4few_ligand,4231,2.37342
4few_ligand,4232,2.93225
4few_ligand,4233,2.67702
4few_ligand,4234,2.49344
4few_ligand,4235,2.8578
4few_ligand,4236,2.52702
4few_ligand,4237,2.88578
4few_ligand,4238,2.74743
4few_ligand,4239,2.46209
4few_ligand,4240,2.90894
4few_ligand,4241,2.67673
4few_ligand,4242,2.52328
4few_ligand,4243,2.75633
4few_ligand,4244,2.61842
4few_ligand,4245,2.69217
4few_ligand,4246,2.53721
4few_ligand,4247,2.6421
4few_ligand,4248,2.88576
4few_ligand,4249,2.75209
4few_ligand,4250,2.57189
4few_ligand,4251,2.75653
4few_ligand,4252,2.79224
4few_ligand,4253,2.53053
4few_ligand,4254,2.79827
4few_ligand,4255,2.47877
4few_ligand,4256,2.76633
4few_ligand,4257,2.44082
4few_ligand,4258,2.85032
4few_ligand,4259,2.53682
4few_ligand,4260,2.87172
4few_ligand,4261,2.55086
4few_ligand,4262,2.84875
4few_ligand,4263,2.45993
4few_ligand,4264,2.99201
4few_ligand,4265,2.79268
4few_ligand,4266,2.53932
4few_ligand,4267,2.79156
4few_ligand,4268,2.53135
4few_ligand,4269,2.97606
4few_ligand,4270,2.87349
4few_ligand,4271,2.61303
4few_ligand,4272,2.65374
4few_ligand,4273,2.66284
4few_ligand,4274,2.71425
4few_ligand,4275,2.57113
4few_ligand,4276,2.60799
4few_ligand,4277,2.92805
4few_ligand,4278,2.66166
4few_ligand,4279,2.58743
4few_ligand,4280,2.78351
4few_ligand,4281,2.51032
4few_ligand,4282,2.79371
4few_ligand,4283,2.51725
4few_ligand,4284,2.85167
4few_ligand,4285,2.53946
4few_ligand,4286,2.78134
4few_ligand,4287,2.52269
4few_ligand,4288,2.71807
4few_ligand,4289,2.5976
4few_ligand,4290,2.68264
4few_ligand,4291,2.53209
4few_ligand,4292,2.63116
4few_ligand,4293,2.78843
4few_ligand,4294,2.53451
4few_ligand,4295,2.91585
4few_ligand,4296,2.64477
4few_ligand,4297,2.58063
4few_ligand,4298,2.62045
4few_ligand,4299,2.7911
4few_ligand,4300,2.56558
4few_ligand,4301,2.6917
4few_ligand,4302,2.49055
4few_ligand,4303,2.83044
4few_ligand,4304,2.53769
4few_ligand,4305,2.84235
4few_ligand,4306,2.54983
4few_ligand,4307,2.82244
4few_ligand,4308,2.56155
4few_ligand,4309,2.83081
4few_ligand,4310,2.51254
4few_ligand,4311,2.88455
4few_ligand,4312,2.53574
4few_ligand,4313,2.84342
4few_ligand,4314,2.56696
4few_ligand,4315,2.61275
4few_ligand,4316,2.76161
4few_ligand,4317,2.5333
4few_ligand,4318,2.62744
4few_ligand,4319,2.6226
4few_ligand,4320,2.60139
4few_ligand,4321,2.80912
4few_ligand,4322,2.52809
4few_ligand,4323,2.85564
4few_ligand,4324,2.57113
4few_ligand,4325,2.8015
4few_ligand,4326,2.58704
4few_ligand,4327,2.64451
4few_ligand,4328,2.77797
4few_ligand,4329,2.58565
4few_ligand,4330,2.47275
4few_ligand,4331,2.82481
4few_ligand,4332,2.55956
4few_ligand,4333,2.72412
4few_ligand,4334,2.67135
4few_ligand,4335,2.39807
4few_ligand,4336,2.99676
4few_ligand,4337,2.76049
4few_ligand,4338,2.50237
4few_ligand,4339,2.73885
4few_ligand,4340,2.44459
4few_ligand,4341,2.8605
4few_ligand,4342,2.57371
4few_ligand,4343,2.58788
4few_ligand,4344,2.74312
4few_ligand,4345,2.55701
4few_ligand,4346,2.65496
4few_ligand,4347,2.79242
4few_ligand,4348,2.55373
4few_ligand,4349,3.00204
4few_ligand,4350,2.7998
4few_ligand,4351,2.56044
4few_ligand,4352,2.67959
4few_ligand,4353,2.62498
4few_ligand,4354,2.46956
4few_ligand,4355,2.8296
4few_ligand,4356,2.51376
4few_ligand,4357,2.81985
4few_ligand,4358,2.44736
4few_ligand,4359,2.88689
4few_ligand,4360,2.53224
4few_ligand,4361,2.85955
4few_ligand,4362,2.61008
4few_ligand,4363,2.57349
4few_ligand,4364,2.59486
4few_ligand,4365,2.7864
4few_ligand,4366,2.45558
4few_ligand,4367,2.84197
4few_ligand,4368,2.5937
4few_ligand,4369,2.57572
4few_ligand,4370,2.67924
4few_ligand,4371,2.62654
4few_ligand,4372,2.87272
4few_ligand,4373,2.52485
4few_ligand,4374,2.91373
4few_ligand,4375,2.69265
4few_ligand,4376,2.55934
4few_ligand,4377,2.68321
4few_ligand,4378,2.64602
4few_ligand,4379,2.49294
4few_ligand,4380,2.86899
4few_ligand,4381,2.72656
4few_ligand,4382,2.5432
4few_ligand,4383,2.59398
4few_ligand,4384,2.82082
4few_ligand,4385,2.55261
4few_ligand,4386,2.57984
4few_ligand,4387,2.73245
4few_ligand,4388,2.70068
4few_ligand,4389,2.46768
4few_ligand,4390,2.98753
4few_ligand,4391,2.70245
4few_ligand,4392,2.53497
4few_ligand,4393,2.71887
4few_ligand,4394,2.44425
4few_ligand,4395,2.82123
4few_ligand,4396,2.44187
4few_ligand,4397,2.82939
4few_ligand,4398,2.51208
4few_ligand,4399,2.82124
4few_ligand,4400,2.44213
4few_ligand,4401,2.9058
4few_ligand,4402,2.61768
4few_ligand,4403,2.49954
4few_ligand,4404,2.84291
4few_ligand,4405,2.56381
4few_ligand,4406,2.6214
4few_ligand,4407,2.56416
4few_ligand,4408,2.63363
4few_ligand,4409,2.71009
4few_ligand,4410,2.52892
4few_ligand,4411,2.58934
4few_ligand,4412,2.86154
4few_ligand,4413,2.6615
4few_ligand,4414,2.52438
4few_ligand,4415,2.69456
4few_ligand,4416,2.63326
4few_ligand,4417,2.58517
4few_ligand,4418,2.59173
4few_ligand,4419,2.54519
4few_ligand,4420,2.88804
4few_ligand,4421,2.62839
4few_ligand,4422,2.531
4few_ligand,4423,2.85557
4few_ligand,4424,2.56969
4few_ligand,4425,2.87378
4few_ligand,4426,2.53957
4few_ligand,4427,2.85737
4few_ligand,4428,2.59537
4few_ligand,4429,2.74003
4few_ligand,4430,2.60271
4few_ligand,4431,2.76858
4few_ligand,4432,2.53802
4few_ligand,4433,2.87801
4few_ligand,4434,2.69483
4few_ligand,4435,2.45042
4few_ligand,4436,2.71816
4few_ligand,4437,2.75548
4few_ligand,4438,2.54269
4few_ligand,4439,2.76161
4few_ligand,4440,2.76334
4few_ligand,4441,2.66692
4few_ligand,4442,2.67796
4few_ligand,4443,2.76348
4few_ligand,4444,2.69808
4few_ligand,4445,2.73544
4few_ligand,4446,2.65149
4few_ligand,4447,2.67529
4few_ligand,4448,2.74192
4few_ligand,4449,2.63207
4few_ligand,4450,2.66359
4few_ligand,4451,2.69717
4few_ligand,4452,2.52486
4few_ligand,4453,2.83328
4few_ligand,4454,2.54358
4few_ligand,4455,2.79767
4few_ligand,4456,2.47473
4few_ligand,4457,2.74483
4few_ligand,4458,2.4277
4few_ligand,4459,2.83342
4few_ligand,4460,2.51033
4few_ligand,4461,2.82212
4few_ligand,4462,2.46501
4few_ligand,4463,2.83087
4few_ligand,4464,2.53196
4few_ligand,4465,2.78043
4few_ligand,4466,2.44207
4few_ligand,4467,2.88898
4few_ligand,4468,2.66176
4few_ligand,4469,2.54962
4few_ligand,4470,2.71793
4few_ligand,4471,2.76046
4few_ligand,4472,2.38782
4few_ligand,4473,2.92727
4few_ligand,4474,2.65059
4few_ligand,4475,2.5165
4few_ligand,4476,2.80945
4few_ligand,4477,2.40073
4few_ligand,4478,2.94602
4few_ligand,4479,2.71241
4few_ligand,4480,2.45249
4few_ligand,4481,2.8296
4few_ligand,4482,2.52241
4few_ligand,4483,2.95383
4few_ligand,4484,2.6239
4few_ligand,4485,2.63603
4few_ligand,4486,2.68346
4few_ligand,4487,2.67061
4few_ligand,4488,2.73017
4few_ligand,4489,2.6113
4few_ligand,4490,2.68465
4few_ligand,4491,2.68424
4few_ligand,4492,2.76247
4few_ligand,4493,2.54225
4few_ligand,4494,2.57375
4few_ligand,4495,2.84799
4few_ligand,4496,2.45
4few_ligand,4497,2.93943
4few_ligand,4498,2.67712
4few_ligand,4499,2.52293
4few_ligand,4500,2.68096
4few_ligand,4501,2.65768
4few_ligand,4502,2.48917
4few_ligand,4503,2.84951
4few_ligand,4504,2.59536
4few_ligand,4505,2.58515
4few_ligand,4506,2.61351
4few_ligand,4507,2.78068
4few_ligand,4508,2.52759
4few_ligand,4509,2.91678
4few_ligand,4510,2.63139
4few_ligand,4511,2.865
4few_ligand,4512,2.55638
4few_ligand,4513,2.83939
4few_ligand,4514,2.54501
4few_ligand,4515,2.88883
4few_ligand,4516,2.52423
4few_ligand,4517,2.85681
4few_ligand,4518,2.4736
4few_ligand,4519,2.97911
4few_ligand,4520,2.77635
4few_ligand,4521,2.50876
4few_ligand,4522,2.8745
4few_ligand,4523,2.57628
4few_ligand,4524,2.55686
4few_ligand,4525,2.57827
4few_ligand,4526,2.83741
4few_ligand,4527,2.64031
4few_ligand,4528,2.51887
4few_ligand,4529,2.70122
4few_ligand,4530,2.69271
4few_ligand,4531,2.63117
4few_ligand,4532,2.59784
4few_ligand,4533,2.67269
4few_ligand,4534,2.63988
4few_ligand,4535,2.51777
4few_ligand,4536,2.64611
4few_ligand,4537,2.51447
4few_ligand,4538,2.8302
4few_ligand,4539,2.56889
4few_ligand,4540,2.72506
4few_ligand,4541,2.58139
4few_ligand,4542,2.69578
4few_ligand,4543,2.4592
4few_ligand,4544,2.85513
4few_ligand,4545,2.54712
4few_ligand,4546,2.63443
4few_ligand,4547,2.67653
4few_ligand,4548,2.72938
4few_ligand,4549,2.75798
4few_ligand,4550,2.58599
4few_ligand,4551,2.58147
4few_ligand,4552,2.82045
4few_ligand,4553,2.53847
4few_ligand,4554,2.68855
4few_ligand,4555,2.54529
4few_ligand,4556,2.64276
4few_ligand,4557,2.66966
4few_ligand,4558,2.58095
4few_ligand,4559,2.60929
4few_ligand,4560,2.78902
4few_ligand,4561,2.48194
4few_ligand,4562,2.82912
4few_ligand,4563,2.4393
4few_ligand,4564,2.87327
4few_ligand,4565,2.53344
4few_ligand,4566,2.90752
4few_ligand,4567,2.66079
4few_ligand,4568,2.51329
4few_ligand,4569,2.86646
4few_ligand,4570,2.54001
4few_ligand,4571,2.58268
4few_ligand,4572,2.7236
4few_ligand,4573,2.57238
4few_ligand,4574,2.63306
4few_ligand,4575,2.80176
4few_ligand,4576,2.61885
4few_ligand,4577,2.67386
4few_ligand,4578,2.59728
4few_ligand,4579,2.54523
4few_ligand,4580,2.85972
4few_ligand,4581,2.49744
4few_ligand,4582,2.83913
4few_ligand,4583,2.52753
4few_ligand,4584,2.87191
4few_ligand,4585,2.58325
4few_ligand,4586,2.54767
4few_ligand,4587,2.6169
4few_ligand,4588,2.73003
4few_ligand,4589,2.47602
4few_ligand,4590,2.82198
4few_ligand,4591,2.69076
4few_ligand,4592,2.60282
4few_ligand,4593,2.53285
4few_ligand,4594,2.65167
4few_ligand,4595,2.60421
4few_ligand,4596,2.63922
4few_ligand,4597,2.6292
4few_ligand,4598,2.6484
4few_ligand,4599,2.8318
4few_ligand,4600,2.60437
4few_ligand,4601,2.61943
4few_ligand,4602,2.69061
4few_ligand,4603,2.76144
4few_ligand,4604,2.55426
4few_ligand,4605,2.74954
4few_ligand,4606,2.42265
4few_ligand,4607,2.76502
4few_ligand,4608,2.41547
4few_ligand,4609,2.86232
4few_ligand,4610,2.55483
4few_ligand,4611,2.89966
4few_ligand,4612,2.64309
4few_ligand,4613,2.59438
4few_ligand,4614,2.65286
4few_ligand,4615,2.80798
4few_ligand,4616,2.64944
4few_ligand,4617,2.63222
4few_ligand,4618,2.49799
4few_ligand,4619,2.8733
4few_ligand,4620,2.62757
4few_ligand,4621,2.5106
4few_ligand,4622,2.75433
4few_ligand,4623,2.61948
4few_ligand,4624,2.68429
4few_ligand,4625,2.82423
4few_ligand,4626,2.59106
4few_ligand,4627,2.64594
4few_ligand,4628,2.48137
4few_ligand,4629,2.9642
4few_ligand,4630,2.74484
4few_ligand,4631,2.52064
4few_ligand,4632,2.76336
4few_ligand,4633,2.42826
4few_ligand,4634,2.87139
4few_ligand,4635,2.55559
4few_ligand,4636,2.90052
4few_ligand,4637,2.62459
4few_ligand,4638,2.63256
4few_ligand,4639,2.56921
4few_ligand,4640,2.68254
4few_ligand,4641,2.52705
4few_ligand,4642,2.81642
4few_ligand,4643,2.64636
4few_ligand,4644,2.67789
4few_ligand,4645,2.56452
4few_ligand,4646,2.7314
4few_ligand,4647,2.79164
4few_ligand,4648,2.49722
4few_ligand,4649,2.74731
4few_ligand,4650,2.43723
4few_ligand,4651,2.84304
4few_ligand,4652,2.53213
4few_ligand,4653,2.91067
4few_ligand,4654,2.51733
4few_ligand,4655,2.89315
4few_ligand,4656,2.6294
4few_ligand,4657,2.64231
4few_ligand,4658,2.65728
4few_ligand,4659,2.73038
4few_ligand,4660,2.76905
4few_ligand,4661,2.62512
4few_ligand,4662,2.68065
4few_ligand,4663,2.7207
4few_ligand,4664,2.81037
4few_ligand,4665,2.57382
4few_ligand,4666,2.71544
4few_ligand,4667,2.6355
4few_ligand,4668,2.58347
4few_ligand,4669,2.66888
4few_ligand,4670,2.58754
4few_ligand,4671,2.54244
4few_ligand,4672,2.68658
4few_ligand,4673,2.61201
4few_ligand,4674,2.53084
4few_ligand,4675,2.88963
4few_ligand,4676,2.53522
4few_ligand,4677,2.90053
4few_ligand,4678,2.50794
4few_ligand,4679,2.92469
4few_ligand,4680,2.60166
4few_ligand,4681,2.88319
4few_ligand,4682,2.55344
4few_ligand,4683,2.83827
4few_ligand,4684,2.50569
4few_ligand,4685,2.84667
4few_ligand,4686,2.62705
4few_ligand,4687,2.65959
4few_ligand,4688,2.71293
4few_ligand,4689,2.7855
4few_ligand,4690,2.60888
4few_ligand,4691,2.68353
4few_ligand,4692,2.69972
4few_ligand,4693,2.80114
4few_ligand,4694,2.53526
4few_ligand,4695,2.68684
4few_ligand,4696,2.59581
4few_ligand,4697,2.52423
4few_ligand,4698,2.75399
4few_ligand,4699,2.40138
4few_ligand,4700,2.79368
4few_ligand,4701,2.37133
4few_ligand,4702,2.76711
4few_ligand,4703,2.67524
4few_ligand,4704,2.53553
4few_ligand,4705,2.82567
4few_ligand,4706,2.47565
4few_ligand,4707,2.81837
4few_ligand,4708,2.54409
4few_ligand,4709,2.68495
4few_ligand,4710,2.67784
4few_ligand,4711,2.50349
4few_ligand,4712,2.76832
4few_ligand,4713,2.53195
4few_ligand,4714,2.92533
4few_ligand,4715,2.66003
4few_ligand,4716,2.54985
4few_ligand,4717,2.60371
4few_ligand,4718,2.61684
4few_ligand,4719,2.84641
4few_ligand,4720,2.6904
4few_ligand,4721,2.56838
4few_ligand,4722,2.53437
4few_ligand,4723,2.62583
4few_ligand,4724,2.57521
4few_ligand,4725,2.51969
4few_ligand,4726,2.82532
4few_ligand,4727,2.58837
4few_ligand,4728,2.54195
4few_ligand,4729,2.67187
4few_ligand,4730,2.62301
4few_ligand,4731,2.61063
4few_ligand,4732,2.8607
4few_ligand,4733,2.5401
4few_ligand,4734,2.84191
4few_ligand,4735,2.50237
4few_ligand,4736,2.91868
4few_ligand,4737,2.6237
4few_ligand,4738,2.5828
4few_ligand,4739,2.68175
4few_ligand,4740,2.76899
4few_ligand,4741,2.57477
4few_ligand,4742,2.73065
4few_ligand,4743,2.40534
4few_ligand,4744,2.78889
4few_ligand,4745,2.44583
4few_ligand,4746,2.86372
4few_ligand,4747,2.60267
4few_ligand,4748,2.62105
4few_ligand,4749,2.55318
4few_ligand,4750,2.62628
4few_ligand,4751,2.5669
4few_ligand,4752,2.78214
4few_ligand,4753,2.51657
4few_ligand,4754,2.71548
4few_ligand,4755,2.4303
4few_ligand,4756,2.71061
4few_ligand,4757,2.59974
4few_ligand,4758,2.71884
4few_ligand,4759,2.62585
4few_ligand,4760,2.75716
4few_ligand,4761,2.43112
4few_ligand,4762,2.77572
4few_ligand,4763,2.43911
4few_ligand,4764,2.85969
4few_ligand,4765,2.57342
4few_ligand,4766,2.60923
4few_ligand,4767,2.56857
4few_ligand,4768,2.66512
4few_ligand,4769,2.45182
4few_ligand,4770,2.85701
4few_ligand,4771,2.53404
4few_ligand,4772,2.82524
4few_ligand,4773,2.56641
4few_ligand,4774,2.80184
4few_ligand,4775,2.52967
4few_ligand,4776,2.85468
4few_ligand,4777,2.57534
4few_ligand,4778,2.56577
4few_ligand,4779,2.56349
4few_ligand,4780,2.81077
4few_ligand,4781,2.69418
4few_ligand,4782,2.57854
4few_ligand,4783,2.79917
4few_ligand,4784,2.52726
4few_ligand,4785,2.84126
4few_ligand,4786,2.57675
4few_ligand,4787,2.49143
4few_ligand,4788,2.66699
4few_ligand,4789,2.67139
4few_ligand,4790,2.56843
4few_ligand,4791,2.65085
4few_ligand,4792,2.56858
4few_ligand,4793,2.77882
4few_ligand,4794,2.57197
4few_ligand,4795,2.79359
4few_ligand,4796,2.58333
4few_ligand,4797,2.84861
4few_ligand,4798,2.51056
4few_ligand,4799,2.68513
4few_ligand,4800,2.67937
4few_ligand,4801,2.73851
4few_ligand,4802,2.68276
4few_ligand,4803,2.76251
4few_ligand,4804,2.70359
4few_ligand,4805,2.76576
4few_ligand,4806,2.61554
4few_ligand,4807,2.68193
4few_ligand,4808,2.63842
4few_ligand,4809,2.50006
4few_ligand,4810,2.75869
4few_ligand,4811,2.49195
4few_ligand,4812,2.74764
4few_ligand,4813,2.48622
4few_ligand,4814,2.77388
4few_ligand,4815,2.51523
4few_ligand,4816,2.75201
4few_ligand,4817,2.50326
4few_ligand,4818,2.80433
4few_ligand,4819,2.52448
4few_ligand,4820,2.84824
4few_ligand,4821,2.57255
4few_ligand,4822,2.58353
4few_ligand,4823,2.6014
4few_ligand,4824,2.81296
4few_ligand,4825,2.53195
4few_ligand,4826,2.64304
4few_ligand,4827,2.60985
4few_ligand,4828,2.68767
4few_ligand,4829,2.76832
4few_ligand,4830,2.52794
4few_ligand,4831,2.70702
4few_ligand,4832,2.68397
4few_ligand,4833,2.54466
4few_ligand,4834,2.60236
4few_ligand,4835,2.55469
4few_ligand,4836,2.87082
4few_ligand,4837,2.60416
4few_ligand,4838,2.50499
4few_ligand,4839,2.69709
4few_ligand,4840,2.60985
4few_ligand,4841,2.6398
4few_ligand,4842,2.5919
4few_ligand,4843,2.67462
4few_ligand,4844,2.70453
4few_ligand,4845,2.40528
4few_ligand,4846,2.93558
4few_ligand,4847,2.6358
4few_ligand,4848,2.89166
4few_ligand,4849,2.55527
4few_ligand,4850,2.85633
4few_ligand,4851,2.58035
4few_ligand,4852,2.84678
4few_ligand,4853,2.55407
4few_ligand,4854,2.89524
4few_ligand,4855,2.60948
4few_ligand,4856,2.5678
4few_ligand,4857,2.64918
4few_ligand,4858,2.78791
4few_ligand,4859,2.58251
4few_ligand,4860,2.74361
4few_ligand,4861,2.41103
4few_ligand,4862,2.92261
4few_ligand,4863,2.6509
4few_ligand,4864,2.54136
4few_ligand,4865,2.79577
4few_ligand,4866,2.46833
4few_ligand,4867,2.79056
4few_ligand,4868,2.48534
4few_ligand,4869,2.78856
4few_ligand,4870,2.49641
4few_ligand,4871,2.79838
4few_ligand,4872,2.4993
4few_ligand,4873,2.88399
4few_ligand,4874,2.57178
4few_ligand,4875,2.62865
4few_ligand,4876,2.66968
4few_ligand,4877,2.74505
4few_ligand,4878,2.52965
4few_ligand,4879,2.79894
4few_ligand,4880,2.74176
4few_ligand,4881,2.78283
4few_ligand,4882,2.83272
4few_ligand,4883,2.6882
4few_ligand,4884,2.50992
4few_ligand,4885,2.89086
4few_ligand,4886,2.62789
4few_ligand,4887,2.84971
4few_ligand,4888,2.62462
4few_ligand,4889,2.65298
4few_ligand,4890,2.76641
4few_ligand,4891,2.55242
4few_ligand,4892,2.57666
4few_ligand,4893,2.79479
4few_ligand,4894,2.62063
4few_ligand,4895,2.56199
4few_ligand,4896,2.77325
4few_ligand,4897,2.59418
4few_ligand,4898,2.72003
4few_ligand,4899,2.73198
4few_ligand,4900,2.58385
4few_ligand,4901,2.66501
4few_ligand,4902,2.8066
4few_ligand,4903,2.56614
4few_ligand,4904,2.75264
4few_ligand,4905,2.43172
4few_ligand,4906,2.75119
4few_ligand,4907,2.39512
4few_ligand,4908,2.86704
4few_ligand,4909,2.55161
4few_ligand,4910,2.87908
4few_ligand,4911,2.60805
4few_ligand,4912,2.55589
4few_ligand,4913,2.75791
4few_ligand,4914,2.5313
4few_ligand,4915,2.77225
4few_ligand,4916,2.59384
4few_ligand,4917,2.76965
4few_ligand,4918,2.41757
4few_ligand,4919,2.91311
4few_ligand,4920,2.61905
4few_ligand,4921,2.54076
4few_ligand,4922,2.78584
4few_ligand,4923,2.43291
4few_ligand,4924,2.95335
4few_ligand,4925,2.70161
4few_ligand,4926,2.56188
4few_ligand,4927,2.63908
4few_ligand,4928,2.82875
4few_ligand,4929,2.59685
4few_ligand,4930,2.70339
4few_ligand,4931,2.48308
4few_ligand,4932,2.8645
4few_ligand,4933,2.57994
4few_ligand,4934,2.86064
4few_ligand,4935,2.52388
4few_ligand,4936,2.81578
4few_ligand,4937,2.62281
4few_ligand,4938,2.67387
4few_ligand,4939,2.59037
4few_ligand,4940,2.60793
4few_ligand,4941,2.72636
4few_ligand,4942,2.45798
4few_ligand,4943,2.9366
4few_ligand,4944,2.69965
4few_ligand,4945,2.41524
4few_ligand,4946,2.73798
4few_ligand,4947,2.46178
4few_ligand,4948,2.7172
4few_ligand,4949,2.55331
4few_ligand,4950,2.63506
4few_ligand,4951,2.63541
4few_ligand,4952,2.9001
4few_ligand,4953,2.51926
4few_ligand,4954,2.8505
4few_ligand,4955,2.48341
4few_ligand,4956,2.93129
4few_ligand,4957,2.67069
4few_ligand,4958,2.53036
4few_ligand,4959,2.76679
4few_ligand,4960,2.43196
4few_ligand,4961,2.78382
4few_ligand,4962,2.39758
4few_ligand,4963,2.90507
4few_ligand,4964,2.61183
4few_ligand,4965,2.51776
4few_ligand,4966,2.85139
4few_ligand,4967,2.56292
4few_ligand,4968,2.88004
4few_ligand,4969,2.55295
4few_ligand,4970,2.58392
4few_ligand,4971,2.70083
4few_ligand,4972,2.64365
4few_ligand,4973,2.65652
4few_ligand,4974,2.75039
4few_ligand,4975,2.80348
4few_ligand,4976,2.61557
4few_ligand,4977,2.66223
4few_ligand,4978,2.69162
4few_ligand,4979,2.52134
4few_ligand,4980,2.77763
4few_ligand,4981,2.45143
4few_ligand,4982,2.74868
4few_ligand,4983,2.56269
4few_ligand,4984,2.72649
4few_ligand,4985,2.43432
4few_ligand,4986,2.92789
4few_ligand,4987,2.63855
4few_ligand,4988,2.59005
4few_ligand,4989,2.61494
4few_ligand,4990,2.85734
4few_ligand,4991,2.71461
4few_ligand,4992,2.57662
4few_ligand,4993,2.53575
4few_ligand,4994,2.63836
4few_ligand,4995,2.59205
4few_ligand,4996,2.45404
4few_ligand,4997,2.79892
4few_ligand,4998,2.49482
4few_ligand,4999,2.7851
